iter,key,part_number,bytes,download_ms,vip,conn_id
0,bench/30gib-0.bin,1,33554432,1010.88,,
0,bench/30gib-0.bin,2,33554432,1155.07,,
0,bench/30gib-0.bin,3,33554432,917.67,,
0,bench/30gib-0.bin,4,33554432,1731.22,,
0,bench/30gib-0.bin,5,33554432,1331.43,,
0,bench/30gib-0.bin,6,33554432,1975.63,,
0,bench/30gib-0.bin,7,33554432,1846.39,,
0,bench/30gib-0.bin,8,33554432,846.29,,
0,bench/30gib-0.bin,9,33554432,1284.62,,
0,bench/30gib-0.bin,10,33554432,1688.97,,
0,bench/30gib-0.bin,11,33554432,966.51,,
0,bench/30gib-0.bin,12,33554432,1167.64,,
0,bench/30gib-0.bin,13,33554432,1066.39,,
0,bench/30gib-0.bin,14,33554432,1039.88,,
0,bench/30gib-0.bin,15,33554432,1513.30,,
0,bench/30gib-0.bin,16,33554432,1458.51,,
0,bench/30gib-0.bin,17,33554432,1368.18,,
0,bench/30gib-0.bin,18,33554432,1730.81,,
0,bench/30gib-0.bin,19,33554432,797.33,,
0,bench/30gib-0.bin,20,33554432,1491.40,,
0,bench/30gib-0.bin,21,33554432,967.06,,
0,bench/30gib-0.bin,22,33554432,1072.20,,
0,bench/30gib-0.bin,23,33554432,2075.71,,
0,bench/30gib-0.bin,24,33554432,1603.24,,
0,bench/30gib-0.bin,25,33554432,1363.49,,
0,bench/30gib-0.bin,26,33554432,1627.57,,
0,bench/30gib-0.bin,27,33554432,1326.42,,
0,bench/30gib-0.bin,28,33554432,1330.08,,
0,bench/30gib-0.bin,29,33554432,1535.67,,
0,bench/30gib-0.bin,30,33554432,1404.96,,
0,bench/30gib-0.bin,31,33554432,1352.32,,
0,bench/30gib-0.bin,32,33554432,855.84,,
0,bench/30gib-0.bin,33,33554432,613.36,,
0,bench/30gib-0.bin,34,33554432,713.14,,
0,bench/30gib-0.bin,35,33554432,689.09,,
0,bench/30gib-0.bin,36,33554432,665.41,,
0,bench/30gib-0.bin,37,33554432,625.58,,
0,bench/30gib-0.bin,38,33554432,686.17,,
0,bench/30gib-0.bin,39,33554432,946.06,,
0,bench/30gib-0.bin,40,33554432,643.35,,
0,bench/30gib-0.bin,41,33554432,826.16,,
0,bench/30gib-0.bin,42,33554432,694.73,,
0,bench/30gib-0.bin,43,33554432,740.59,,
0,bench/30gib-0.bin,44,33554432,924.26,,
0,bench/30gib-0.bin,45,33554432,681.50,,
0,bench/30gib-0.bin,46,33554432,695.85,,
0,bench/30gib-0.bin,47,33554432,603.54,,
0,bench/30gib-0.bin,48,33554432,729.83,,
0,bench/30gib-0.bin,49,33554432,591.71,,
0,bench/30gib-0.bin,50,33554432,616.50,,
0,bench/30gib-0.bin,51,33554432,824.00,,
0,bench/30gib-0.bin,52,33554432,469.25,,
0,bench/30gib-0.bin,53,33554432,533.56,,
0,bench/30gib-0.bin,54,33554432,837.99,,
0,bench/30gib-0.bin,55,33554432,529.96,,
0,bench/30gib-0.bin,56,33554432,533.71,,
0,bench/30gib-0.bin,57,33554432,526.22,,
0,bench/30gib-0.bin,58,33554432,547.01,,
0,bench/30gib-0.bin,59,33554432,509.92,,
0,bench/30gib-0.bin,60,33554432,825.10,,
0,bench/30gib-0.bin,61,33554432,428.35,,
0,bench/30gib-0.bin,62,33554432,629.10,,
0,bench/30gib-0.bin,63,33554432,835.29,,
0,bench/30gib-0.bin,64,33554432,715.55,,
0,bench/30gib-0.bin,65,33554432,433.84,,
0,bench/30gib-0.bin,66,33554432,516.51,,
0,bench/30gib-0.bin,67,33554432,421.24,,
0,bench/30gib-0.bin,68,33554432,510.72,,
0,bench/30gib-0.bin,69,33554432,724.85,,
0,bench/30gib-0.bin,70,33554432,358.64,,
0,bench/30gib-0.bin,71,33554432,429.15,,
0,bench/30gib-0.bin,72,33554432,393.86,,
0,bench/30gib-0.bin,73,33554432,516.61,,
0,bench/30gib-0.bin,74,33554432,360.37,,
0,bench/30gib-0.bin,75,33554432,350.33,,
0,bench/30gib-0.bin,76,33554432,421.54,,
0,bench/30gib-0.bin,77,33554432,502.69,,
0,bench/30gib-0.bin,78,33554432,427.09,,
0,bench/30gib-0.bin,79,33554432,384.90,,
0,bench/30gib-0.bin,80,33554432,487.29,,
0,bench/30gib-0.bin,81,33554432,353.80,,
0,bench/30gib-0.bin,82,33554432,389.74,,
0,bench/30gib-0.bin,83,33554432,364.91,,
0,bench/30gib-0.bin,84,33554432,449.99,,
0,bench/30gib-0.bin,85,33554432,434.15,,
0,bench/30gib-0.bin,86,33554432,759.44,,
0,bench/30gib-0.bin,87,33554432,487.81,,
0,bench/30gib-0.bin,88,33554432,507.05,,
0,bench/30gib-0.bin,89,33554432,378.69,,
0,bench/30gib-0.bin,90,33554432,623.53,,
0,bench/30gib-0.bin,91,33554432,415.18,,
0,bench/30gib-0.bin,92,33554432,404.66,,
0,bench/30gib-0.bin,93,33554432,422.36,,
0,bench/30gib-0.bin,94,33554432,351.63,,
0,bench/30gib-0.bin,95,33554432,418.22,,
0,bench/30gib-0.bin,96,33554432,497.96,,
0,bench/30gib-0.bin,97,33554432,417.61,,
0,bench/30gib-0.bin,98,33554432,958.56,,
0,bench/30gib-0.bin,99,33554432,609.12,,
0,bench/30gib-0.bin,100,33554432,458.84,,
0,bench/30gib-0.bin,101,33554432,494.71,,
0,bench/30gib-0.bin,102,33554432,349.95,,
0,bench/30gib-0.bin,103,33554432,426.30,,
0,bench/30gib-0.bin,104,33554432,346.28,,
0,bench/30gib-0.bin,105,33554432,405.92,,
0,bench/30gib-0.bin,106,33554432,539.77,,
0,bench/30gib-0.bin,107,33554432,457.24,,
0,bench/30gib-0.bin,108,33554432,765.67,,
0,bench/30gib-0.bin,109,33554432,493.76,,
0,bench/30gib-0.bin,110,33554432,401.66,,
0,bench/30gib-0.bin,111,33554432,595.52,,
0,bench/30gib-0.bin,112,33554432,573.87,,
0,bench/30gib-0.bin,113,33554432,828.98,,
0,bench/30gib-0.bin,114,33554432,613.86,,
0,bench/30gib-0.bin,115,33554432,372.91,,
0,bench/30gib-0.bin,116,33554432,414.42,,
0,bench/30gib-0.bin,117,33554432,597.08,,
0,bench/30gib-0.bin,118,33554432,352.06,,
0,bench/30gib-0.bin,119,33554432,392.48,,
0,bench/30gib-0.bin,120,33554432,390.55,,
0,bench/30gib-0.bin,121,33554432,452.95,,
0,bench/30gib-0.bin,122,33554432,439.15,,
0,bench/30gib-0.bin,123,33554432,530.55,,
0,bench/30gib-0.bin,124,33554432,547.44,,
0,bench/30gib-0.bin,125,33554432,343.29,,
0,bench/30gib-0.bin,126,33554432,438.38,,
0,bench/30gib-0.bin,127,33554432,522.11,,
0,bench/30gib-0.bin,128,33554432,370.47,,
0,bench/30gib-0.bin,129,33554432,418.28,,
0,bench/30gib-0.bin,130,33554432,387.17,,
0,bench/30gib-0.bin,131,33554432,397.12,,
0,bench/30gib-0.bin,132,33554432,748.51,,
0,bench/30gib-0.bin,133,33554432,424.71,,
0,bench/30gib-0.bin,134,33554432,569.14,,
0,bench/30gib-0.bin,135,33554432,457.11,,
0,bench/30gib-0.bin,136,33554432,374.20,,
0,bench/30gib-0.bin,137,33554432,577.47,,
0,bench/30gib-0.bin,138,33554432,369.60,,
0,bench/30gib-0.bin,139,33554432,475.12,,
0,bench/30gib-0.bin,140,33554432,493.78,,
0,bench/30gib-0.bin,141,33554432,793.57,,
0,bench/30gib-0.bin,142,33554432,521.92,,
0,bench/30gib-0.bin,143,33554432,399.90,,
0,bench/30gib-0.bin,144,33554432,545.14,,
0,bench/30gib-0.bin,145,33554432,501.98,,
0,bench/30gib-0.bin,146,33554432,533.12,,
0,bench/30gib-0.bin,147,33554432,464.10,,
0,bench/30gib-0.bin,148,33554432,384.49,,
0,bench/30gib-0.bin,149,33554432,422.11,,
0,bench/30gib-0.bin,150,33554432,348.03,,
0,bench/30gib-0.bin,151,33554432,488.08,,
0,bench/30gib-0.bin,152,33554432,556.85,,
0,bench/30gib-0.bin,153,33554432,379.57,,
0,bench/30gib-0.bin,154,33554432,568.55,,
0,bench/30gib-0.bin,155,33554432,408.59,,
0,bench/30gib-0.bin,156,33554432,423.00,,
0,bench/30gib-0.bin,157,33554432,440.17,,
0,bench/30gib-0.bin,158,33554432,484.24,,
0,bench/30gib-0.bin,159,33554432,362.67,,
0,bench/30gib-0.bin,160,33554432,507.97,,
0,bench/30gib-0.bin,161,33554432,349.67,,
0,bench/30gib-0.bin,162,33554432,424.68,,
0,bench/30gib-0.bin,163,33554432,542.84,,
0,bench/30gib-0.bin,164,33554432,416.74,,
0,bench/30gib-0.bin,165,33554432,533.26,,
0,bench/30gib-0.bin,166,33554432,440.23,,
0,bench/30gib-0.bin,167,33554432,440.99,,
0,bench/30gib-0.bin,168,33554432,386.12,,
0,bench/30gib-0.bin,169,33554432,436.32,,
0,bench/30gib-0.bin,170,33554432,626.55,,
0,bench/30gib-0.bin,171,33554432,344.89,,
0,bench/30gib-0.bin,172,33554432,403.24,,
0,bench/30gib-0.bin,173,33554432,378.38,,
0,bench/30gib-0.bin,174,33554432,456.85,,
0,bench/30gib-0.bin,175,33554432,536.27,,
0,bench/30gib-0.bin,176,33554432,364.85,,
0,bench/30gib-0.bin,177,33554432,485.71,,
0,bench/30gib-0.bin,178,33554432,357.10,,
0,bench/30gib-0.bin,179,33554432,516.08,,
0,bench/30gib-0.bin,180,33554432,412.93,,
0,bench/30gib-0.bin,181,33554432,485.69,,
0,bench/30gib-0.bin,182,33554432,489.80,,
0,bench/30gib-0.bin,183,33554432,408.64,,
0,bench/30gib-0.bin,184,33554432,401.04,,
0,bench/30gib-0.bin,185,33554432,483.28,,
0,bench/30gib-0.bin,186,33554432,409.45,,
0,bench/30gib-0.bin,187,33554432,458.23,,
0,bench/30gib-0.bin,188,33554432,618.84,,
0,bench/30gib-0.bin,189,33554432,608.94,,
0,bench/30gib-0.bin,190,33554432,416.18,,
0,bench/30gib-0.bin,191,33554432,830.89,,
0,bench/30gib-0.bin,192,33554432,533.64,,
0,bench/30gib-0.bin,193,33554432,382.65,,
0,bench/30gib-0.bin,194,33554432,353.00,,
0,bench/30gib-0.bin,195,33554432,503.04,,
0,bench/30gib-0.bin,196,33554432,568.99,,
0,bench/30gib-0.bin,197,33554432,347.14,,
0,bench/30gib-0.bin,198,33554432,346.79,,
0,bench/30gib-0.bin,199,33554432,455.34,,
0,bench/30gib-0.bin,200,33554432,558.24,,
0,bench/30gib-0.bin,201,33554432,489.31,,
0,bench/30gib-0.bin,202,33554432,348.51,,
0,bench/30gib-0.bin,203,33554432,514.26,,
0,bench/30gib-0.bin,204,33554432,828.02,,
0,bench/30gib-0.bin,205,33554432,394.04,,
0,bench/30gib-0.bin,206,33554432,425.31,,
0,bench/30gib-0.bin,207,33554432,473.52,,
0,bench/30gib-0.bin,208,33554432,585.30,,
0,bench/30gib-0.bin,209,33554432,377.50,,
0,bench/30gib-0.bin,210,33554432,350.74,,
0,bench/30gib-0.bin,211,33554432,488.60,,
0,bench/30gib-0.bin,212,33554432,379.15,,
0,bench/30gib-0.bin,213,33554432,472.41,,
0,bench/30gib-0.bin,214,33554432,341.49,,
0,bench/30gib-0.bin,215,33554432,490.21,,
0,bench/30gib-0.bin,216,33554432,401.37,,
0,bench/30gib-0.bin,217,33554432,448.74,,
0,bench/30gib-0.bin,218,33554432,342.60,,
0,bench/30gib-0.bin,219,33554432,580.27,,
0,bench/30gib-0.bin,220,33554432,362.07,,
0,bench/30gib-0.bin,221,33554432,432.79,,
0,bench/30gib-0.bin,222,33554432,347.80,,
0,bench/30gib-0.bin,223,33554432,397.16,,
0,bench/30gib-0.bin,224,33554432,419.57,,
0,bench/30gib-0.bin,225,33554432,706.75,,
0,bench/30gib-0.bin,226,33554432,412.27,,
0,bench/30gib-0.bin,227,33554432,425.36,,
0,bench/30gib-0.bin,228,33554432,348.99,,
0,bench/30gib-0.bin,229,33554432,435.54,,
0,bench/30gib-0.bin,230,33554432,495.12,,
0,bench/30gib-0.bin,231,33554432,347.21,,
0,bench/30gib-0.bin,232,33554432,535.32,,
0,bench/30gib-0.bin,233,33554432,342.29,,
0,bench/30gib-0.bin,234,33554432,345.48,,
0,bench/30gib-0.bin,235,33554432,342.01,,
0,bench/30gib-0.bin,236,33554432,347.99,,
0,bench/30gib-0.bin,237,33554432,651.41,,
0,bench/30gib-0.bin,238,33554432,384.05,,
0,bench/30gib-0.bin,239,33554432,567.99,,
0,bench/30gib-0.bin,240,33554432,457.30,,
0,bench/30gib-0.bin,241,33554432,532.35,,
0,bench/30gib-0.bin,242,33554432,387.48,,
0,bench/30gib-0.bin,243,33554432,500.76,,
0,bench/30gib-0.bin,244,33554432,525.13,,
0,bench/30gib-0.bin,245,33554432,510.27,,
0,bench/30gib-0.bin,246,33554432,640.33,,
0,bench/30gib-0.bin,247,33554432,478.20,,
0,bench/30gib-0.bin,248,33554432,393.95,,
0,bench/30gib-0.bin,249,33554432,501.25,,
0,bench/30gib-0.bin,250,33554432,345.51,,
0,bench/30gib-0.bin,251,33554432,375.57,,
0,bench/30gib-0.bin,252,33554432,547.58,,
0,bench/30gib-0.bin,253,33554432,454.36,,
0,bench/30gib-0.bin,254,33554432,344.07,,
0,bench/30gib-0.bin,255,33554432,551.74,,
0,bench/30gib-0.bin,256,33554432,362.96,,
0,bench/30gib-0.bin,257,33554432,456.01,,
0,bench/30gib-0.bin,258,33554432,389.64,,
0,bench/30gib-0.bin,259,33554432,494.15,,
0,bench/30gib-0.bin,260,33554432,465.27,,
0,bench/30gib-0.bin,261,33554432,489.46,,
0,bench/30gib-0.bin,262,33554432,349.02,,
0,bench/30gib-0.bin,263,33554432,484.56,,
0,bench/30gib-0.bin,264,33554432,423.82,,
0,bench/30gib-0.bin,265,33554432,411.72,,
0,bench/30gib-0.bin,266,33554432,467.55,,
0,bench/30gib-0.bin,267,33554432,413.94,,
0,bench/30gib-0.bin,268,33554432,467.25,,
0,bench/30gib-0.bin,269,33554432,379.32,,
0,bench/30gib-0.bin,270,33554432,404.65,,
0,bench/30gib-0.bin,271,33554432,416.44,,
0,bench/30gib-0.bin,272,33554432,382.16,,
0,bench/30gib-0.bin,273,33554432,408.19,,
0,bench/30gib-0.bin,274,33554432,545.84,,
0,bench/30gib-0.bin,275,33554432,444.08,,
0,bench/30gib-0.bin,276,33554432,485.55,,
0,bench/30gib-0.bin,277,33554432,343.08,,
0,bench/30gib-0.bin,278,33554432,704.58,,
0,bench/30gib-0.bin,279,33554432,383.62,,
0,bench/30gib-0.bin,280,33554432,515.26,,
0,bench/30gib-0.bin,281,33554432,381.09,,
0,bench/30gib-0.bin,282,33554432,735.73,,
0,bench/30gib-0.bin,283,33554432,783.01,,
0,bench/30gib-0.bin,284,33554432,859.71,,
0,bench/30gib-0.bin,285,33554432,466.01,,
0,bench/30gib-0.bin,286,33554432,496.06,,
0,bench/30gib-0.bin,287,33554432,441.59,,
0,bench/30gib-0.bin,288,33554432,547.89,,
0,bench/30gib-0.bin,289,33554432,348.92,,
0,bench/30gib-0.bin,290,33554432,520.77,,
0,bench/30gib-0.bin,291,33554432,408.60,,
0,bench/30gib-0.bin,292,33554432,588.56,,
0,bench/30gib-0.bin,293,33554432,359.65,,
0,bench/30gib-0.bin,294,33554432,364.17,,
0,bench/30gib-0.bin,295,33554432,694.10,,
0,bench/30gib-0.bin,296,33554432,351.05,,
0,bench/30gib-0.bin,297,33554432,471.09,,
0,bench/30gib-0.bin,298,33554432,390.69,,
0,bench/30gib-0.bin,299,33554432,546.03,,
0,bench/30gib-0.bin,300,33554432,578.73,,
0,bench/30gib-0.bin,301,33554432,535.43,,
0,bench/30gib-0.bin,302,33554432,506.47,,
0,bench/30gib-0.bin,303,33554432,546.93,,
0,bench/30gib-0.bin,304,33554432,420.82,,
0,bench/30gib-0.bin,305,33554432,408.95,,
0,bench/30gib-0.bin,306,33554432,464.22,,
0,bench/30gib-0.bin,307,33554432,416.23,,
0,bench/30gib-0.bin,308,33554432,668.79,,
0,bench/30gib-0.bin,309,33554432,351.88,,
0,bench/30gib-0.bin,310,33554432,448.11,,
0,bench/30gib-0.bin,311,33554432,491.66,,
0,bench/30gib-0.bin,312,33554432,347.57,,
0,bench/30gib-0.bin,313,33554432,383.57,,
0,bench/30gib-0.bin,314,33554432,400.80,,
0,bench/30gib-0.bin,315,33554432,484.94,,
0,bench/30gib-0.bin,316,33554432,424.13,,
0,bench/30gib-0.bin,317,33554432,485.59,,
0,bench/30gib-0.bin,318,33554432,538.14,,
0,bench/30gib-0.bin,319,33554432,804.02,,
0,bench/30gib-0.bin,320,33554432,445.98,,
0,bench/30gib-0.bin,321,33554432,525.41,,
0,bench/30gib-0.bin,322,33554432,557.84,,
0,bench/30gib-0.bin,323,33554432,557.38,,
0,bench/30gib-0.bin,324,33554432,418.80,,
0,bench/30gib-0.bin,325,33554432,504.37,,
0,bench/30gib-0.bin,326,33554432,531.21,,
0,bench/30gib-0.bin,327,33554432,585.77,,
0,bench/30gib-0.bin,328,33554432,340.28,,
0,bench/30gib-0.bin,329,33554432,440.81,,
0,bench/30gib-0.bin,330,33554432,385.41,,
0,bench/30gib-0.bin,331,33554432,407.20,,
0,bench/30gib-0.bin,332,33554432,400.65,,
0,bench/30gib-0.bin,333,33554432,348.91,,
0,bench/30gib-0.bin,334,33554432,595.36,,
0,bench/30gib-0.bin,335,33554432,447.87,,
0,bench/30gib-0.bin,336,33554432,472.40,,
0,bench/30gib-0.bin,337,33554432,408.55,,
0,bench/30gib-0.bin,338,33554432,491.34,,
0,bench/30gib-0.bin,339,33554432,364.35,,
0,bench/30gib-0.bin,340,33554432,486.18,,
0,bench/30gib-0.bin,341,33554432,638.18,,
0,bench/30gib-0.bin,342,33554432,475.32,,
0,bench/30gib-0.bin,343,33554432,473.43,,
0,bench/30gib-0.bin,344,33554432,492.55,,
0,bench/30gib-0.bin,345,33554432,454.23,,
0,bench/30gib-0.bin,346,33554432,422.80,,
0,bench/30gib-0.bin,347,33554432,347.90,,
0,bench/30gib-0.bin,348,33554432,344.00,,
0,bench/30gib-0.bin,349,33554432,476.31,,
0,bench/30gib-0.bin,350,33554432,373.68,,
0,bench/30gib-0.bin,351,33554432,430.98,,
0,bench/30gib-0.bin,352,33554432,698.08,,
0,bench/30gib-0.bin,353,33554432,495.81,,
0,bench/30gib-0.bin,354,33554432,405.78,,
0,bench/30gib-0.bin,355,33554432,624.81,,
0,bench/30gib-0.bin,356,33554432,526.84,,
0,bench/30gib-0.bin,357,33554432,472.56,,
0,bench/30gib-0.bin,358,33554432,347.47,,
0,bench/30gib-0.bin,359,33554432,405.06,,
0,bench/30gib-0.bin,360,33554432,481.56,,
0,bench/30gib-0.bin,361,33554432,596.95,,
0,bench/30gib-0.bin,362,33554432,366.88,,
0,bench/30gib-0.bin,363,33554432,362.28,,
0,bench/30gib-0.bin,364,33554432,341.69,,
0,bench/30gib-0.bin,365,33554432,443.72,,
0,bench/30gib-0.bin,366,33554432,655.21,,
0,bench/30gib-0.bin,367,33554432,357.28,,
0,bench/30gib-0.bin,368,33554432,504.56,,
0,bench/30gib-0.bin,369,33554432,394.92,,
0,bench/30gib-0.bin,370,33554432,388.03,,
0,bench/30gib-0.bin,371,33554432,472.47,,
0,bench/30gib-0.bin,372,33554432,571.00,,
0,bench/30gib-0.bin,373,33554432,425.11,,
0,bench/30gib-0.bin,374,33554432,340.20,,
0,bench/30gib-0.bin,375,33554432,383.03,,
0,bench/30gib-0.bin,376,33554432,410.40,,
0,bench/30gib-0.bin,377,33554432,407.06,,
0,bench/30gib-0.bin,378,33554432,341.14,,
0,bench/30gib-0.bin,379,33554432,341.94,,
0,bench/30gib-0.bin,380,33554432,483.72,,
0,bench/30gib-0.bin,381,33554432,345.99,,
0,bench/30gib-0.bin,382,33554432,471.10,,
0,bench/30gib-0.bin,383,33554432,579.75,,
0,bench/30gib-0.bin,384,33554432,486.08,,
0,bench/30gib-0.bin,385,33554432,388.92,,
0,bench/30gib-0.bin,386,33554432,946.14,,
0,bench/30gib-0.bin,387,33554432,522.16,,
0,bench/30gib-0.bin,388,33554432,449.34,,
0,bench/30gib-0.bin,389,33554432,426.85,,
0,bench/30gib-0.bin,390,33554432,346.97,,
0,bench/30gib-0.bin,391,33554432,454.55,,
0,bench/30gib-0.bin,392,33554432,417.07,,
0,bench/30gib-0.bin,393,33554432,455.41,,
0,bench/30gib-0.bin,394,33554432,455.26,,
0,bench/30gib-0.bin,395,33554432,514.54,,
0,bench/30gib-0.bin,396,33554432,536.11,,
0,bench/30gib-0.bin,397,33554432,357.03,,
0,bench/30gib-0.bin,398,33554432,421.73,,
0,bench/30gib-0.bin,399,33554432,359.01,,
0,bench/30gib-0.bin,400,33554432,478.92,,
0,bench/30gib-0.bin,401,33554432,457.91,,
0,bench/30gib-0.bin,402,33554432,356.73,,
0,bench/30gib-0.bin,403,33554432,548.12,,
0,bench/30gib-0.bin,404,33554432,439.90,,
0,bench/30gib-0.bin,405,33554432,345.35,,
0,bench/30gib-0.bin,406,33554432,541.59,,
0,bench/30gib-0.bin,407,33554432,562.97,,
0,bench/30gib-0.bin,408,33554432,498.77,,
0,bench/30gib-0.bin,409,33554432,341.95,,
0,bench/30gib-0.bin,410,33554432,459.76,,
0,bench/30gib-0.bin,411,33554432,436.20,,
0,bench/30gib-0.bin,412,33554432,522.33,,
0,bench/30gib-0.bin,413,33554432,342.51,,
0,bench/30gib-0.bin,414,33554432,449.17,,
0,bench/30gib-0.bin,415,33554432,377.58,,
0,bench/30gib-0.bin,416,33554432,378.37,,
0,bench/30gib-0.bin,417,33554432,512.62,,
0,bench/30gib-0.bin,418,33554432,574.51,,
0,bench/30gib-0.bin,419,33554432,468.50,,
0,bench/30gib-0.bin,420,33554432,525.24,,
0,bench/30gib-0.bin,421,33554432,624.30,,
0,bench/30gib-0.bin,422,33554432,565.19,,
0,bench/30gib-0.bin,423,33554432,349.29,,
0,bench/30gib-0.bin,424,33554432,600.31,,
0,bench/30gib-0.bin,425,33554432,355.34,,
0,bench/30gib-0.bin,426,33554432,598.48,,
0,bench/30gib-0.bin,427,33554432,424.48,,
0,bench/30gib-0.bin,428,33554432,488.21,,
0,bench/30gib-0.bin,429,33554432,473.87,,
0,bench/30gib-0.bin,430,33554432,422.27,,
0,bench/30gib-0.bin,431,33554432,436.86,,
0,bench/30gib-0.bin,432,33554432,420.94,,
0,bench/30gib-0.bin,433,33554432,431.80,,
0,bench/30gib-0.bin,434,33554432,354.46,,
0,bench/30gib-0.bin,435,33554432,383.54,,
0,bench/30gib-0.bin,436,33554432,347.19,,
0,bench/30gib-0.bin,437,33554432,394.31,,
0,bench/30gib-0.bin,438,33554432,351.81,,
0,bench/30gib-0.bin,439,33554432,413.14,,
0,bench/30gib-0.bin,440,33554432,400.83,,
0,bench/30gib-0.bin,441,33554432,471.42,,
0,bench/30gib-0.bin,442,33554432,443.27,,
0,bench/30gib-0.bin,443,33554432,416.44,,
0,bench/30gib-0.bin,444,33554432,357.21,,
0,bench/30gib-0.bin,445,33554432,455.77,,
0,bench/30gib-0.bin,446,33554432,463.46,,
0,bench/30gib-0.bin,447,33554432,408.87,,
0,bench/30gib-0.bin,448,33554432,483.30,,
0,bench/30gib-0.bin,449,33554432,349.15,,
0,bench/30gib-0.bin,450,33554432,578.79,,
0,bench/30gib-0.bin,451,33554432,403.74,,
0,bench/30gib-0.bin,452,33554432,354.23,,
0,bench/30gib-0.bin,453,33554432,350.03,,
0,bench/30gib-0.bin,454,33554432,390.00,,
0,bench/30gib-0.bin,455,33554432,534.81,,
0,bench/30gib-0.bin,456,33554432,619.68,,
0,bench/30gib-0.bin,457,33554432,767.32,,
0,bench/30gib-0.bin,458,33554432,509.37,,
0,bench/30gib-0.bin,459,33554432,387.90,,
0,bench/30gib-0.bin,460,33554432,377.84,,
0,bench/30gib-0.bin,461,33554432,479.06,,
0,bench/30gib-0.bin,462,33554432,364.64,,
0,bench/30gib-0.bin,463,33554432,378.92,,
0,bench/30gib-0.bin,464,33554432,512.65,,
0,bench/30gib-0.bin,465,33554432,442.52,,
0,bench/30gib-0.bin,466,33554432,568.92,,
0,bench/30gib-0.bin,467,33554432,366.86,,
0,bench/30gib-0.bin,468,33554432,497.40,,
0,bench/30gib-0.bin,469,33554432,406.67,,
0,bench/30gib-0.bin,470,33554432,516.28,,
0,bench/30gib-0.bin,471,33554432,440.83,,
0,bench/30gib-0.bin,472,33554432,358.58,,
0,bench/30gib-0.bin,473,33554432,362.02,,
0,bench/30gib-0.bin,474,33554432,502.40,,
0,bench/30gib-0.bin,475,33554432,543.43,,
0,bench/30gib-0.bin,476,33554432,357.33,,
0,bench/30gib-0.bin,477,33554432,577.35,,
0,bench/30gib-0.bin,478,33554432,344.59,,
0,bench/30gib-0.bin,479,33554432,450.09,,
0,bench/30gib-0.bin,480,33554432,460.36,,
0,bench/30gib-0.bin,481,33554432,408.91,,
0,bench/30gib-0.bin,482,33554432,452.64,,
0,bench/30gib-0.bin,483,33554432,341.98,,
0,bench/30gib-0.bin,484,33554432,419.46,,
0,bench/30gib-0.bin,485,33554432,525.66,,
0,bench/30gib-0.bin,486,33554432,370.95,,
0,bench/30gib-0.bin,487,33554432,602.95,,
0,bench/30gib-0.bin,488,33554432,587.73,,
0,bench/30gib-0.bin,489,33554432,349.95,,
0,bench/30gib-0.bin,490,33554432,433.60,,
0,bench/30gib-0.bin,491,33554432,401.08,,
0,bench/30gib-0.bin,492,33554432,573.97,,
0,bench/30gib-0.bin,493,33554432,632.61,,
0,bench/30gib-0.bin,494,33554432,537.93,,
0,bench/30gib-0.bin,495,33554432,402.34,,
0,bench/30gib-0.bin,496,33554432,344.75,,
0,bench/30gib-0.bin,497,33554432,482.19,,
0,bench/30gib-0.bin,498,33554432,396.54,,
0,bench/30gib-0.bin,499,33554432,569.96,,
0,bench/30gib-0.bin,500,33554432,657.52,,
0,bench/30gib-0.bin,501,33554432,429.99,,
0,bench/30gib-0.bin,502,33554432,461.47,,
0,bench/30gib-0.bin,503,33554432,460.17,,
0,bench/30gib-0.bin,504,33554432,374.76,,
0,bench/30gib-0.bin,505,33554432,703.21,,
0,bench/30gib-0.bin,506,33554432,652.15,,
0,bench/30gib-0.bin,507,33554432,342.05,,
0,bench/30gib-0.bin,508,33554432,395.52,,
0,bench/30gib-0.bin,509,33554432,363.58,,
0,bench/30gib-0.bin,510,33554432,375.14,,
0,bench/30gib-0.bin,511,33554432,752.55,,
0,bench/30gib-0.bin,512,33554432,583.25,,
0,bench/30gib-0.bin,513,33554432,569.85,,
0,bench/30gib-0.bin,514,33554432,387.47,,
0,bench/30gib-0.bin,515,33554432,369.89,,
0,bench/30gib-0.bin,516,33554432,417.41,,
0,bench/30gib-0.bin,517,33554432,410.38,,
0,bench/30gib-0.bin,518,33554432,478.80,,
0,bench/30gib-0.bin,519,33554432,611.76,,
0,bench/30gib-0.bin,520,33554432,374.03,,
0,bench/30gib-0.bin,521,33554432,415.36,,
0,bench/30gib-0.bin,522,33554432,393.44,,
0,bench/30gib-0.bin,523,33554432,661.63,,
0,bench/30gib-0.bin,524,33554432,559.99,,
0,bench/30gib-0.bin,525,33554432,431.55,,
0,bench/30gib-0.bin,526,33554432,406.32,,
0,bench/30gib-0.bin,527,33554432,405.99,,
0,bench/30gib-0.bin,528,33554432,340.87,,
0,bench/30gib-0.bin,529,33554432,492.88,,
0,bench/30gib-0.bin,530,33554432,439.67,,
0,bench/30gib-0.bin,531,33554432,719.96,,
0,bench/30gib-0.bin,532,33554432,566.68,,
0,bench/30gib-0.bin,533,33554432,435.97,,
0,bench/30gib-0.bin,534,33554432,439.67,,
0,bench/30gib-0.bin,535,33554432,501.81,,
0,bench/30gib-0.bin,536,33554432,544.20,,
0,bench/30gib-0.bin,537,33554432,494.15,,
0,bench/30gib-0.bin,538,33554432,383.04,,
0,bench/30gib-0.bin,539,33554432,479.73,,
0,bench/30gib-0.bin,540,33554432,445.89,,
0,bench/30gib-0.bin,541,33554432,368.36,,
0,bench/30gib-0.bin,542,33554432,428.62,,
0,bench/30gib-0.bin,543,33554432,634.74,,
0,bench/30gib-0.bin,544,33554432,522.85,,
0,bench/30gib-0.bin,545,33554432,438.05,,
0,bench/30gib-0.bin,546,33554432,398.24,,
0,bench/30gib-0.bin,547,33554432,449.05,,
0,bench/30gib-0.bin,548,33554432,380.81,,
0,bench/30gib-0.bin,549,33554432,388.68,,
0,bench/30gib-0.bin,550,33554432,458.31,,
0,bench/30gib-0.bin,551,33554432,775.65,,
0,bench/30gib-0.bin,552,33554432,595.76,,
0,bench/30gib-0.bin,553,33554432,519.99,,
0,bench/30gib-0.bin,554,33554432,489.13,,
0,bench/30gib-0.bin,555,33554432,343.85,,
0,bench/30gib-0.bin,556,33554432,488.09,,
0,bench/30gib-0.bin,557,33554432,651.15,,
0,bench/30gib-0.bin,558,33554432,423.90,,
0,bench/30gib-0.bin,559,33554432,459.82,,
0,bench/30gib-0.bin,560,33554432,440.69,,
0,bench/30gib-0.bin,561,33554432,540.69,,
0,bench/30gib-0.bin,562,33554432,453.06,,
0,bench/30gib-0.bin,563,33554432,508.57,,
0,bench/30gib-0.bin,564,33554432,519.28,,
0,bench/30gib-0.bin,565,33554432,1087.89,,
0,bench/30gib-0.bin,566,33554432,534.46,,
0,bench/30gib-0.bin,567,33554432,460.98,,
0,bench/30gib-0.bin,568,33554432,467.55,,
0,bench/30gib-0.bin,569,33554432,422.56,,
0,bench/30gib-0.bin,570,33554432,403.22,,
0,bench/30gib-0.bin,571,33554432,506.61,,
0,bench/30gib-0.bin,572,33554432,555.71,,
0,bench/30gib-0.bin,573,33554432,343.19,,
0,bench/30gib-0.bin,574,33554432,416.11,,
0,bench/30gib-0.bin,575,33554432,440.67,,
0,bench/30gib-0.bin,576,33554432,418.34,,
0,bench/30gib-0.bin,577,33554432,435.57,,
0,bench/30gib-0.bin,578,33554432,423.01,,
0,bench/30gib-0.bin,579,33554432,341.35,,
0,bench/30gib-0.bin,580,33554432,782.12,,
0,bench/30gib-0.bin,581,33554432,353.95,,
0,bench/30gib-0.bin,582,33554432,348.46,,
0,bench/30gib-0.bin,583,33554432,504.31,,
0,bench/30gib-0.bin,584,33554432,368.50,,
0,bench/30gib-0.bin,585,33554432,435.61,,
0,bench/30gib-0.bin,586,33554432,361.68,,
0,bench/30gib-0.bin,587,33554432,476.96,,
0,bench/30gib-0.bin,588,33554432,454.72,,
0,bench/30gib-0.bin,589,33554432,457.10,,
0,bench/30gib-0.bin,590,33554432,491.72,,
0,bench/30gib-0.bin,591,33554432,539.27,,
0,bench/30gib-0.bin,592,33554432,517.62,,
0,bench/30gib-0.bin,593,33554432,509.19,,
0,bench/30gib-0.bin,594,33554432,348.31,,
0,bench/30gib-0.bin,595,33554432,490.03,,
0,bench/30gib-0.bin,596,33554432,529.47,,
0,bench/30gib-0.bin,597,33554432,501.85,,
0,bench/30gib-0.bin,598,33554432,517.21,,
0,bench/30gib-0.bin,599,33554432,341.47,,
0,bench/30gib-0.bin,600,33554432,344.78,,
0,bench/30gib-0.bin,601,33554432,425.91,,
0,bench/30gib-0.bin,602,33554432,487.86,,
0,bench/30gib-0.bin,603,33554432,363.42,,
0,bench/30gib-0.bin,604,33554432,415.17,,
0,bench/30gib-0.bin,605,33554432,476.93,,
0,bench/30gib-0.bin,606,33554432,679.81,,
0,bench/30gib-0.bin,607,33554432,619.69,,
0,bench/30gib-0.bin,608,33554432,346.34,,
0,bench/30gib-0.bin,609,33554432,363.03,,
0,bench/30gib-0.bin,610,33554432,389.15,,
0,bench/30gib-0.bin,611,33554432,545.16,,
0,bench/30gib-0.bin,612,33554432,340.41,,
0,bench/30gib-0.bin,613,33554432,452.72,,
0,bench/30gib-0.bin,614,33554432,453.92,,
0,bench/30gib-0.bin,615,33554432,358.14,,
0,bench/30gib-0.bin,616,33554432,426.77,,
0,bench/30gib-0.bin,617,33554432,436.73,,
0,bench/30gib-0.bin,618,33554432,479.93,,
0,bench/30gib-0.bin,619,33554432,587.70,,
0,bench/30gib-0.bin,620,33554432,356.06,,
0,bench/30gib-0.bin,621,33554432,558.32,,
0,bench/30gib-0.bin,622,33554432,616.70,,
0,bench/30gib-0.bin,623,33554432,437.73,,
0,bench/30gib-0.bin,624,33554432,475.53,,
0,bench/30gib-0.bin,625,33554432,591.93,,
0,bench/30gib-0.bin,626,33554432,343.54,,
0,bench/30gib-0.bin,627,33554432,419.27,,
0,bench/30gib-0.bin,628,33554432,478.86,,
0,bench/30gib-0.bin,629,33554432,891.09,,
0,bench/30gib-0.bin,630,33554432,450.99,,
0,bench/30gib-0.bin,631,33554432,640.46,,
0,bench/30gib-0.bin,632,33554432,530.72,,
0,bench/30gib-0.bin,633,33554432,520.42,,
0,bench/30gib-0.bin,634,33554432,844.45,,
0,bench/30gib-0.bin,635,33554432,531.19,,
0,bench/30gib-0.bin,636,33554432,579.34,,
0,bench/30gib-0.bin,637,33554432,587.94,,
0,bench/30gib-0.bin,638,33554432,578.25,,
0,bench/30gib-0.bin,639,33554432,461.40,,
0,bench/30gib-0.bin,640,33554432,512.46,,
0,bench/30gib-0.bin,641,33554432,389.68,,
0,bench/30gib-0.bin,642,33554432,490.42,,
0,bench/30gib-0.bin,643,33554432,402.09,,
0,bench/30gib-0.bin,644,33554432,504.36,,
0,bench/30gib-0.bin,645,33554432,348.09,,
0,bench/30gib-0.bin,646,33554432,465.83,,
0,bench/30gib-0.bin,647,33554432,587.29,,
0,bench/30gib-0.bin,648,33554432,381.66,,
0,bench/30gib-0.bin,649,33554432,344.30,,
0,bench/30gib-0.bin,650,33554432,425.05,,
0,bench/30gib-0.bin,651,33554432,696.02,,
0,bench/30gib-0.bin,652,33554432,479.63,,
0,bench/30gib-0.bin,653,33554432,459.63,,
0,bench/30gib-0.bin,654,33554432,414.46,,
0,bench/30gib-0.bin,655,33554432,476.54,,
0,bench/30gib-0.bin,656,33554432,482.00,,
0,bench/30gib-0.bin,657,33554432,415.32,,
0,bench/30gib-0.bin,658,33554432,343.88,,
0,bench/30gib-0.bin,659,33554432,423.79,,
0,bench/30gib-0.bin,660,33554432,417.89,,
0,bench/30gib-0.bin,661,33554432,390.80,,
0,bench/30gib-0.bin,662,33554432,430.63,,
0,bench/30gib-0.bin,663,33554432,481.11,,
0,bench/30gib-0.bin,664,33554432,351.75,,
0,bench/30gib-0.bin,665,33554432,594.51,,
0,bench/30gib-0.bin,666,33554432,652.68,,
0,bench/30gib-0.bin,667,33554432,581.14,,
0,bench/30gib-0.bin,668,33554432,372.37,,
0,bench/30gib-0.bin,669,33554432,566.05,,
0,bench/30gib-0.bin,670,33554432,528.50,,
0,bench/30gib-0.bin,671,33554432,456.93,,
0,bench/30gib-0.bin,672,33554432,452.36,,
0,bench/30gib-0.bin,673,33554432,341.73,,
0,bench/30gib-0.bin,674,33554432,587.73,,
0,bench/30gib-0.bin,675,33554432,590.03,,
0,bench/30gib-0.bin,676,33554432,717.96,,
0,bench/30gib-0.bin,677,33554432,463.92,,
0,bench/30gib-0.bin,678,33554432,481.12,,
0,bench/30gib-0.bin,679,33554432,392.12,,
0,bench/30gib-0.bin,680,33554432,465.73,,
0,bench/30gib-0.bin,681,33554432,402.61,,
0,bench/30gib-0.bin,682,33554432,361.47,,
0,bench/30gib-0.bin,683,33554432,343.42,,
0,bench/30gib-0.bin,684,33554432,474.84,,
0,bench/30gib-0.bin,685,33554432,511.88,,
0,bench/30gib-0.bin,686,33554432,379.25,,
0,bench/30gib-0.bin,687,33554432,367.42,,
0,bench/30gib-0.bin,688,33554432,505.57,,
0,bench/30gib-0.bin,689,33554432,450.42,,
0,bench/30gib-0.bin,690,33554432,435.10,,
0,bench/30gib-0.bin,691,33554432,377.49,,
0,bench/30gib-0.bin,692,33554432,444.40,,
0,bench/30gib-0.bin,693,33554432,360.46,,
0,bench/30gib-0.bin,694,33554432,558.74,,
0,bench/30gib-0.bin,695,33554432,389.01,,
0,bench/30gib-0.bin,696,33554432,341.65,,
0,bench/30gib-0.bin,697,33554432,420.03,,
0,bench/30gib-0.bin,698,33554432,425.25,,
0,bench/30gib-0.bin,699,33554432,456.86,,
0,bench/30gib-0.bin,700,33554432,576.75,,
0,bench/30gib-0.bin,701,33554432,602.38,,
0,bench/30gib-0.bin,702,33554432,360.70,,
0,bench/30gib-0.bin,703,33554432,359.46,,
0,bench/30gib-0.bin,704,33554432,414.29,,
0,bench/30gib-0.bin,705,33554432,346.40,,
0,bench/30gib-0.bin,706,33554432,560.34,,
0,bench/30gib-0.bin,707,33554432,490.34,,
0,bench/30gib-0.bin,708,33554432,572.45,,
0,bench/30gib-0.bin,709,33554432,546.92,,
0,bench/30gib-0.bin,710,33554432,369.20,,
0,bench/30gib-0.bin,711,33554432,442.39,,
0,bench/30gib-0.bin,712,33554432,509.05,,
0,bench/30gib-0.bin,713,33554432,408.03,,
0,bench/30gib-0.bin,714,33554432,471.02,,
0,bench/30gib-0.bin,715,33554432,432.84,,
0,bench/30gib-0.bin,716,33554432,366.21,,
0,bench/30gib-0.bin,717,33554432,580.68,,
0,bench/30gib-0.bin,718,33554432,606.91,,
0,bench/30gib-0.bin,719,33554432,374.29,,
0,bench/30gib-0.bin,720,33554432,526.55,,
0,bench/30gib-0.bin,721,33554432,416.71,,
0,bench/30gib-0.bin,722,33554432,377.31,,
0,bench/30gib-0.bin,723,33554432,376.40,,
0,bench/30gib-0.bin,724,33554432,357.20,,
0,bench/30gib-0.bin,725,33554432,546.90,,
0,bench/30gib-0.bin,726,33554432,435.66,,
0,bench/30gib-0.bin,727,33554432,492.29,,
0,bench/30gib-0.bin,728,33554432,414.88,,
0,bench/30gib-0.bin,729,33554432,399.08,,
0,bench/30gib-0.bin,730,33554432,570.67,,
0,bench/30gib-0.bin,731,33554432,408.32,,
0,bench/30gib-0.bin,732,33554432,487.51,,
0,bench/30gib-0.bin,733,33554432,447.64,,
0,bench/30gib-0.bin,734,33554432,415.60,,
0,bench/30gib-0.bin,735,33554432,524.98,,
0,bench/30gib-0.bin,736,33554432,435.23,,
0,bench/30gib-0.bin,737,33554432,436.74,,
0,bench/30gib-0.bin,738,33554432,419.76,,
0,bench/30gib-0.bin,739,33554432,449.48,,
0,bench/30gib-0.bin,740,33554432,378.95,,
0,bench/30gib-0.bin,741,33554432,340.67,,
0,bench/30gib-0.bin,742,33554432,367.24,,
0,bench/30gib-0.bin,743,33554432,383.99,,
0,bench/30gib-0.bin,744,33554432,507.21,,
0,bench/30gib-0.bin,745,33554432,500.64,,
0,bench/30gib-0.bin,746,33554432,344.00,,
0,bench/30gib-0.bin,747,33554432,587.54,,
0,bench/30gib-0.bin,748,33554432,431.22,,
0,bench/30gib-0.bin,749,33554432,576.21,,
0,bench/30gib-0.bin,750,33554432,419.85,,
0,bench/30gib-0.bin,751,33554432,487.45,,
0,bench/30gib-0.bin,752,33554432,340.62,,
0,bench/30gib-0.bin,753,33554432,510.70,,
0,bench/30gib-0.bin,754,33554432,453.97,,
0,bench/30gib-0.bin,755,33554432,397.64,,
0,bench/30gib-0.bin,756,33554432,424.34,,
0,bench/30gib-0.bin,757,33554432,402.74,,
0,bench/30gib-0.bin,758,33554432,564.55,,
0,bench/30gib-0.bin,759,33554432,462.89,,
0,bench/30gib-0.bin,760,33554432,388.11,,
0,bench/30gib-0.bin,761,33554432,349.50,,
0,bench/30gib-0.bin,762,33554432,443.98,,
0,bench/30gib-0.bin,763,33554432,463.72,,
0,bench/30gib-0.bin,764,33554432,509.81,,
0,bench/30gib-0.bin,765,33554432,441.75,,
0,bench/30gib-0.bin,766,33554432,632.03,,
0,bench/30gib-0.bin,767,33554432,372.34,,
0,bench/30gib-0.bin,768,33554432,500.74,,
0,bench/30gib-0.bin,769,33554432,444.12,,
0,bench/30gib-0.bin,770,33554432,550.57,,
0,bench/30gib-0.bin,771,33554432,601.16,,
0,bench/30gib-0.bin,772,33554432,847.97,,
0,bench/30gib-0.bin,773,33554432,440.80,,
0,bench/30gib-0.bin,774,33554432,511.31,,
0,bench/30gib-0.bin,775,33554432,461.89,,
0,bench/30gib-0.bin,776,33554432,341.83,,
0,bench/30gib-0.bin,777,33554432,452.94,,
0,bench/30gib-0.bin,778,33554432,530.96,,
0,bench/30gib-0.bin,779,33554432,426.78,,
0,bench/30gib-0.bin,780,33554432,463.82,,
0,bench/30gib-0.bin,781,33554432,427.07,,
0,bench/30gib-0.bin,782,33554432,1269.32,,
0,bench/30gib-0.bin,783,33554432,471.49,,
0,bench/30gib-0.bin,784,33554432,474.17,,
0,bench/30gib-0.bin,785,33554432,390.47,,
0,bench/30gib-0.bin,786,33554432,405.86,,
0,bench/30gib-0.bin,787,33554432,1140.59,,
0,bench/30gib-0.bin,788,33554432,604.87,,
0,bench/30gib-0.bin,789,33554432,425.29,,
0,bench/30gib-0.bin,790,33554432,465.90,,
0,bench/30gib-0.bin,791,33554432,432.20,,
0,bench/30gib-0.bin,792,33554432,365.17,,
0,bench/30gib-0.bin,793,33554432,386.28,,
0,bench/30gib-0.bin,794,33554432,481.41,,
0,bench/30gib-0.bin,795,33554432,503.57,,
0,bench/30gib-0.bin,796,33554432,401.73,,
0,bench/30gib-0.bin,797,33554432,731.25,,
0,bench/30gib-0.bin,798,33554432,669.41,,
0,bench/30gib-0.bin,799,33554432,344.08,,
0,bench/30gib-0.bin,800,33554432,417.32,,
0,bench/30gib-0.bin,801,33554432,426.89,,
0,bench/30gib-0.bin,802,33554432,346.49,,
0,bench/30gib-0.bin,803,33554432,570.88,,
0,bench/30gib-0.bin,804,33554432,582.67,,
0,bench/30gib-0.bin,805,33554432,410.67,,
0,bench/30gib-0.bin,806,33554432,429.64,,
0,bench/30gib-0.bin,807,33554432,540.58,,
0,bench/30gib-0.bin,808,33554432,341.42,,
0,bench/30gib-0.bin,809,33554432,552.94,,
0,bench/30gib-0.bin,810,33554432,388.90,,
0,bench/30gib-0.bin,811,33554432,407.47,,
0,bench/30gib-0.bin,812,33554432,1109.75,,
0,bench/30gib-0.bin,813,33554432,461.51,,
0,bench/30gib-0.bin,814,33554432,341.37,,
0,bench/30gib-0.bin,815,33554432,393.84,,
0,bench/30gib-0.bin,816,33554432,528.73,,
0,bench/30gib-0.bin,817,33554432,518.42,,
0,bench/30gib-0.bin,818,33554432,465.80,,
0,bench/30gib-0.bin,819,33554432,350.44,,
0,bench/30gib-0.bin,820,33554432,489.66,,
0,bench/30gib-0.bin,821,33554432,462.16,,
0,bench/30gib-0.bin,822,33554432,507.40,,
0,bench/30gib-0.bin,823,33554432,354.02,,
0,bench/30gib-0.bin,824,33554432,349.62,,
0,bench/30gib-0.bin,825,33554432,474.57,,
0,bench/30gib-0.bin,826,33554432,343.60,,
0,bench/30gib-0.bin,827,33554432,353.88,,
0,bench/30gib-0.bin,828,33554432,542.35,,
0,bench/30gib-0.bin,829,33554432,343.52,,
0,bench/30gib-0.bin,830,33554432,423.84,,
0,bench/30gib-0.bin,831,33554432,404.76,,
0,bench/30gib-0.bin,832,33554432,340.79,,
0,bench/30gib-0.bin,833,33554432,479.75,,
0,bench/30gib-0.bin,834,33554432,509.41,,
0,bench/30gib-0.bin,835,33554432,690.66,,
0,bench/30gib-0.bin,836,33554432,605.06,,
0,bench/30gib-0.bin,837,33554432,425.63,,
0,bench/30gib-0.bin,838,33554432,391.87,,
0,bench/30gib-0.bin,839,33554432,436.46,,
0,bench/30gib-0.bin,840,33554432,350.17,,
0,bench/30gib-0.bin,841,33554432,455.11,,
0,bench/30gib-0.bin,842,33554432,489.73,,
0,bench/30gib-0.bin,843,33554432,424.17,,
0,bench/30gib-0.bin,844,33554432,571.10,,
0,bench/30gib-0.bin,845,33554432,505.46,,
0,bench/30gib-0.bin,846,33554432,446.88,,
0,bench/30gib-0.bin,847,33554432,341.76,,
0,bench/30gib-0.bin,848,33554432,359.88,,
0,bench/30gib-0.bin,849,33554432,397.24,,
0,bench/30gib-0.bin,850,33554432,453.98,,
0,bench/30gib-0.bin,851,33554432,479.18,,
0,bench/30gib-0.bin,852,33554432,460.69,,
0,bench/30gib-0.bin,853,33554432,365.33,,
0,bench/30gib-0.bin,854,33554432,539.44,,
0,bench/30gib-0.bin,855,33554432,447.29,,
0,bench/30gib-0.bin,856,33554432,343.31,,
0,bench/30gib-0.bin,857,33554432,631.59,,
0,bench/30gib-0.bin,858,33554432,524.64,,
0,bench/30gib-0.bin,859,33554432,487.90,,
0,bench/30gib-0.bin,860,33554432,436.33,,
0,bench/30gib-0.bin,861,33554432,382.13,,
0,bench/30gib-0.bin,862,33554432,604.26,,
0,bench/30gib-0.bin,863,33554432,389.34,,
0,bench/30gib-0.bin,864,33554432,485.73,,
0,bench/30gib-0.bin,865,33554432,744.27,,
0,bench/30gib-0.bin,866,33554432,376.23,,
0,bench/30gib-0.bin,867,33554432,509.63,,
0,bench/30gib-0.bin,868,33554432,376.16,,
0,bench/30gib-0.bin,869,33554432,355.89,,
0,bench/30gib-0.bin,870,33554432,382.39,,
0,bench/30gib-0.bin,871,33554432,406.29,,
0,bench/30gib-0.bin,872,33554432,428.60,,
0,bench/30gib-0.bin,873,33554432,436.64,,
0,bench/30gib-0.bin,874,33554432,415.58,,
0,bench/30gib-0.bin,875,33554432,405.28,,
0,bench/30gib-0.bin,876,33554432,415.65,,
0,bench/30gib-0.bin,877,33554432,416.28,,
0,bench/30gib-0.bin,878,33554432,488.94,,
0,bench/30gib-0.bin,879,33554432,402.53,,
0,bench/30gib-0.bin,880,33554432,594.36,,
0,bench/30gib-0.bin,881,33554432,363.97,,
0,bench/30gib-0.bin,882,33554432,606.94,,
0,bench/30gib-0.bin,883,33554432,403.02,,
0,bench/30gib-0.bin,884,33554432,469.69,,
0,bench/30gib-0.bin,885,33554432,416.94,,
0,bench/30gib-0.bin,886,33554432,514.91,,
0,bench/30gib-0.bin,887,33554432,350.32,,
0,bench/30gib-0.bin,888,33554432,533.36,,
0,bench/30gib-0.bin,889,33554432,396.92,,
0,bench/30gib-0.bin,890,33554432,386.71,,
0,bench/30gib-0.bin,891,33554432,441.50,,
0,bench/30gib-0.bin,892,33554432,989.01,,
0,bench/30gib-0.bin,893,33554432,574.71,,
0,bench/30gib-0.bin,894,33554432,362.93,,
0,bench/30gib-0.bin,895,33554432,621.67,,
0,bench/30gib-0.bin,896,33554432,494.96,,
0,bench/30gib-0.bin,897,33554432,480.35,,
0,bench/30gib-0.bin,898,33554432,512.64,,
0,bench/30gib-0.bin,899,33554432,442.66,,
0,bench/30gib-0.bin,900,33554432,401.43,,
0,bench/30gib-0.bin,901,33554432,427.17,,
0,bench/30gib-0.bin,902,33554432,387.02,,
0,bench/30gib-0.bin,903,33554432,481.81,,
0,bench/30gib-0.bin,904,33554432,649.75,,
0,bench/30gib-0.bin,905,33554432,484.73,,
0,bench/30gib-0.bin,906,33554432,480.93,,
0,bench/30gib-0.bin,907,33554432,419.80,,
0,bench/30gib-0.bin,908,33554432,373.20,,
0,bench/30gib-0.bin,909,33554432,520.88,,
0,bench/30gib-0.bin,910,33554432,425.90,,
0,bench/30gib-0.bin,911,33554432,440.28,,
0,bench/30gib-0.bin,912,33554432,513.71,,
0,bench/30gib-0.bin,913,33554432,491.22,,
0,bench/30gib-0.bin,914,33554432,435.54,,
0,bench/30gib-0.bin,915,33554432,365.69,,
0,bench/30gib-0.bin,916,33554432,348.15,,
0,bench/30gib-0.bin,917,33554432,354.35,,
0,bench/30gib-0.bin,918,33554432,470.51,,
0,bench/30gib-0.bin,919,33554432,344.88,,
0,bench/30gib-0.bin,920,33554432,507.43,,
0,bench/30gib-0.bin,921,33554432,552.97,,
0,bench/30gib-0.bin,922,33554432,360.37,,
0,bench/30gib-0.bin,923,33554432,440.80,,
0,bench/30gib-0.bin,924,33554432,778.71,,
0,bench/30gib-0.bin,925,33554432,423.70,,
0,bench/30gib-0.bin,926,33554432,417.85,,
0,bench/30gib-0.bin,927,33554432,373.03,,
0,bench/30gib-0.bin,928,33554432,580.60,,
0,bench/30gib-0.bin,929,33554432,364.06,,
0,bench/30gib-0.bin,930,33554432,361.64,,
0,bench/30gib-0.bin,931,33554432,351.31,,
0,bench/30gib-0.bin,932,33554432,608.60,,
0,bench/30gib-0.bin,933,33554432,343.64,,
0,bench/30gib-0.bin,934,33554432,684.43,,
0,bench/30gib-0.bin,935,33554432,361.60,,
0,bench/30gib-0.bin,936,33554432,578.34,,
0,bench/30gib-0.bin,937,33554432,472.32,,
0,bench/30gib-0.bin,938,33554432,345.96,,
0,bench/30gib-0.bin,939,33554432,442.46,,
0,bench/30gib-0.bin,940,33554432,397.89,,
0,bench/30gib-0.bin,941,33554432,381.48,,
0,bench/30gib-0.bin,942,33554432,340.82,,
0,bench/30gib-0.bin,943,33554432,537.21,,
0,bench/30gib-0.bin,944,33554432,535.53,,
0,bench/30gib-0.bin,945,33554432,444.50,,
0,bench/30gib-0.bin,946,33554432,431.37,,
0,bench/30gib-0.bin,947,33554432,351.22,,
0,bench/30gib-0.bin,948,33554432,400.93,,
0,bench/30gib-0.bin,949,33554432,450.12,,
0,bench/30gib-0.bin,950,33554432,451.01,,
0,bench/30gib-0.bin,951,33554432,340.53,,
0,bench/30gib-0.bin,952,33554432,452.65,,
0,bench/30gib-0.bin,953,33554432,345.28,,
0,bench/30gib-0.bin,954,33554432,469.07,,
0,bench/30gib-0.bin,955,33554432,346.26,,
0,bench/30gib-0.bin,956,33554432,341.11,,
0,bench/30gib-0.bin,957,33554432,407.52,,
0,bench/30gib-0.bin,958,33554432,407.65,,
0,bench/30gib-0.bin,959,33554432,424.98,,
0,bench/30gib-0.bin,960,33554432,489.39,,
0,bench/30gib-1.bin,1,33554432,908.69,,
0,bench/30gib-1.bin,2,33554432,1145.61,,
0,bench/30gib-1.bin,3,33554432,1518.66,,
0,bench/30gib-1.bin,4,33554432,1883.14,,
0,bench/30gib-1.bin,5,33554432,1347.87,,
0,bench/30gib-1.bin,6,33554432,1471.36,,
0,bench/30gib-1.bin,7,33554432,1784.54,,
0,bench/30gib-1.bin,8,33554432,962.90,,
0,bench/30gib-1.bin,9,33554432,1326.97,,
0,bench/30gib-1.bin,10,33554432,1357.44,,
0,bench/30gib-1.bin,11,33554432,1107.14,,
0,bench/30gib-1.bin,12,33554432,741.56,,
0,bench/30gib-1.bin,13,33554432,1551.54,,
0,bench/30gib-1.bin,14,33554432,1089.54,,
0,bench/30gib-1.bin,15,33554432,1116.64,,
0,bench/30gib-1.bin,16,33554432,2194.23,,
0,bench/30gib-1.bin,17,33554432,1158.42,,
0,bench/30gib-1.bin,18,33554432,1669.31,,
0,bench/30gib-1.bin,19,33554432,1192.42,,
0,bench/30gib-1.bin,20,33554432,1977.00,,
0,bench/30gib-1.bin,21,33554432,1007.62,,
0,bench/30gib-1.bin,22,33554432,1413.86,,
0,bench/30gib-1.bin,23,33554432,1973.52,,
0,bench/30gib-1.bin,24,33554432,1338.68,,
0,bench/30gib-1.bin,25,33554432,1326.86,,
0,bench/30gib-1.bin,26,33554432,1127.52,,
0,bench/30gib-1.bin,27,33554432,1841.49,,
0,bench/30gib-1.bin,28,33554432,1853.34,,
0,bench/30gib-1.bin,29,33554432,1693.04,,
0,bench/30gib-1.bin,30,33554432,1706.95,,
0,bench/30gib-1.bin,31,33554432,752.70,,
0,bench/30gib-1.bin,32,33554432,757.02,,
0,bench/30gib-1.bin,33,33554432,640.98,,
0,bench/30gib-1.bin,34,33554432,782.34,,
0,bench/30gib-1.bin,35,33554432,628.02,,
0,bench/30gib-1.bin,36,33554432,1369.78,,
0,bench/30gib-1.bin,37,33554432,848.26,,
0,bench/30gib-1.bin,38,33554432,904.55,,
0,bench/30gib-1.bin,39,33554432,811.50,,
0,bench/30gib-1.bin,40,33554432,724.29,,
0,bench/30gib-1.bin,41,33554432,884.10,,
0,bench/30gib-1.bin,42,33554432,727.80,,
0,bench/30gib-1.bin,43,33554432,742.09,,
0,bench/30gib-1.bin,44,33554432,990.28,,
0,bench/30gib-1.bin,45,33554432,737.25,,
0,bench/30gib-1.bin,46,33554432,596.51,,
0,bench/30gib-1.bin,47,33554432,941.76,,
0,bench/30gib-1.bin,48,33554432,580.42,,
0,bench/30gib-1.bin,49,33554432,773.97,,
0,bench/30gib-1.bin,50,33554432,778.40,,
0,bench/30gib-1.bin,51,33554432,993.87,,
0,bench/30gib-1.bin,52,33554432,471.04,,
0,bench/30gib-1.bin,53,33554432,432.63,,
0,bench/30gib-1.bin,54,33554432,576.43,,
0,bench/30gib-1.bin,55,33554432,500.83,,
0,bench/30gib-1.bin,56,33554432,442.37,,
0,bench/30gib-1.bin,57,33554432,432.76,,
0,bench/30gib-1.bin,58,33554432,508.29,,
0,bench/30gib-1.bin,59,33554432,463.91,,
0,bench/30gib-1.bin,60,33554432,573.53,,
0,bench/30gib-1.bin,61,33554432,365.64,,
0,bench/30gib-1.bin,62,33554432,435.67,,
0,bench/30gib-1.bin,63,33554432,489.64,,
0,bench/30gib-1.bin,64,33554432,754.56,,
0,bench/30gib-1.bin,65,33554432,770.71,,
0,bench/30gib-1.bin,66,33554432,351.11,,
0,bench/30gib-1.bin,67,33554432,410.02,,
0,bench/30gib-1.bin,68,33554432,347.64,,
0,bench/30gib-1.bin,69,33554432,418.66,,
0,bench/30gib-1.bin,70,33554432,498.90,,
0,bench/30gib-1.bin,71,33554432,491.84,,
0,bench/30gib-1.bin,72,33554432,429.68,,
0,bench/30gib-1.bin,73,33554432,559.67,,
0,bench/30gib-1.bin,74,33554432,570.68,,
0,bench/30gib-1.bin,75,33554432,536.97,,
0,bench/30gib-1.bin,76,33554432,374.55,,
0,bench/30gib-1.bin,77,33554432,516.70,,
0,bench/30gib-1.bin,78,33554432,498.83,,
0,bench/30gib-1.bin,79,33554432,399.44,,
0,bench/30gib-1.bin,80,33554432,362.28,,
0,bench/30gib-1.bin,81,33554432,561.18,,
0,bench/30gib-1.bin,82,33554432,354.95,,
0,bench/30gib-1.bin,83,33554432,456.58,,
0,bench/30gib-1.bin,84,33554432,403.10,,
0,bench/30gib-1.bin,85,33554432,507.04,,
0,bench/30gib-1.bin,86,33554432,520.66,,
0,bench/30gib-1.bin,87,33554432,540.78,,
0,bench/30gib-1.bin,88,33554432,488.57,,
0,bench/30gib-1.bin,89,33554432,716.57,,
0,bench/30gib-1.bin,90,33554432,377.90,,
0,bench/30gib-1.bin,91,33554432,346.12,,
0,bench/30gib-1.bin,92,33554432,447.32,,
0,bench/30gib-1.bin,93,33554432,401.33,,
0,bench/30gib-1.bin,94,33554432,376.58,,
0,bench/30gib-1.bin,95,33554432,463.39,,
0,bench/30gib-1.bin,96,33554432,557.31,,
0,bench/30gib-1.bin,97,33554432,467.40,,
0,bench/30gib-1.bin,98,33554432,390.02,,
0,bench/30gib-1.bin,99,33554432,386.44,,
0,bench/30gib-1.bin,100,33554432,469.68,,
0,bench/30gib-1.bin,101,33554432,374.27,,
0,bench/30gib-1.bin,102,33554432,382.25,,
0,bench/30gib-1.bin,103,33554432,468.76,,
0,bench/30gib-1.bin,104,33554432,520.43,,
0,bench/30gib-1.bin,105,33554432,387.82,,
0,bench/30gib-1.bin,106,33554432,542.71,,
0,bench/30gib-1.bin,107,33554432,518.98,,
0,bench/30gib-1.bin,108,33554432,435.39,,
0,bench/30gib-1.bin,109,33554432,477.73,,
0,bench/30gib-1.bin,110,33554432,513.95,,
0,bench/30gib-1.bin,111,33554432,443.36,,
0,bench/30gib-1.bin,112,33554432,347.08,,
0,bench/30gib-1.bin,113,33554432,524.70,,
0,bench/30gib-1.bin,114,33554432,487.72,,
0,bench/30gib-1.bin,115,33554432,466.24,,
0,bench/30gib-1.bin,116,33554432,443.36,,
0,bench/30gib-1.bin,117,33554432,410.00,,
0,bench/30gib-1.bin,118,33554432,418.09,,
0,bench/30gib-1.bin,119,33554432,411.72,,
0,bench/30gib-1.bin,120,33554432,621.75,,
0,bench/30gib-1.bin,121,33554432,662.90,,
0,bench/30gib-1.bin,122,33554432,400.33,,
0,bench/30gib-1.bin,123,33554432,411.13,,
0,bench/30gib-1.bin,124,33554432,344.71,,
0,bench/30gib-1.bin,125,33554432,381.23,,
0,bench/30gib-1.bin,126,33554432,437.21,,
0,bench/30gib-1.bin,127,33554432,636.49,,
0,bench/30gib-1.bin,128,33554432,407.31,,
0,bench/30gib-1.bin,129,33554432,426.70,,
0,bench/30gib-1.bin,130,33554432,484.04,,
0,bench/30gib-1.bin,131,33554432,434.04,,
0,bench/30gib-1.bin,132,33554432,431.32,,
0,bench/30gib-1.bin,133,33554432,498.89,,
0,bench/30gib-1.bin,134,33554432,376.83,,
0,bench/30gib-1.bin,135,33554432,411.88,,
0,bench/30gib-1.bin,136,33554432,622.07,,
0,bench/30gib-1.bin,137,33554432,465.05,,
0,bench/30gib-1.bin,138,33554432,434.33,,
0,bench/30gib-1.bin,139,33554432,661.76,,
0,bench/30gib-1.bin,140,33554432,363.04,,
0,bench/30gib-1.bin,141,33554432,573.91,,
0,bench/30gib-1.bin,142,33554432,484.63,,
0,bench/30gib-1.bin,143,33554432,362.16,,
0,bench/30gib-1.bin,144,33554432,397.02,,
0,bench/30gib-1.bin,145,33554432,498.56,,
0,bench/30gib-1.bin,146,33554432,459.04,,
0,bench/30gib-1.bin,147,33554432,430.28,,
0,bench/30gib-1.bin,148,33554432,515.93,,
0,bench/30gib-1.bin,149,33554432,344.99,,
0,bench/30gib-1.bin,150,33554432,425.08,,
0,bench/30gib-1.bin,151,33554432,340.89,,
0,bench/30gib-1.bin,152,33554432,410.83,,
0,bench/30gib-1.bin,153,33554432,596.09,,
0,bench/30gib-1.bin,154,33554432,687.05,,
0,bench/30gib-1.bin,155,33554432,505.10,,
0,bench/30gib-1.bin,156,33554432,437.43,,
0,bench/30gib-1.bin,157,33554432,391.21,,
0,bench/30gib-1.bin,158,33554432,513.05,,
0,bench/30gib-1.bin,159,33554432,801.51,,
0,bench/30gib-1.bin,160,33554432,456.63,,
0,bench/30gib-1.bin,161,33554432,447.66,,
0,bench/30gib-1.bin,162,33554432,399.14,,
0,bench/30gib-1.bin,163,33554432,511.21,,
0,bench/30gib-1.bin,164,33554432,377.68,,
0,bench/30gib-1.bin,165,33554432,566.51,,
0,bench/30gib-1.bin,166,33554432,578.99,,
0,bench/30gib-1.bin,167,33554432,423.17,,
0,bench/30gib-1.bin,168,33554432,369.63,,
0,bench/30gib-1.bin,169,33554432,352.57,,
0,bench/30gib-1.bin,170,33554432,600.71,,
0,bench/30gib-1.bin,171,33554432,632.36,,
0,bench/30gib-1.bin,172,33554432,348.97,,
0,bench/30gib-1.bin,173,33554432,418.37,,
0,bench/30gib-1.bin,174,33554432,384.23,,
0,bench/30gib-1.bin,175,33554432,451.87,,
0,bench/30gib-1.bin,176,33554432,628.68,,
0,bench/30gib-1.bin,177,33554432,566.25,,
0,bench/30gib-1.bin,178,33554432,553.89,,
0,bench/30gib-1.bin,179,33554432,341.86,,
0,bench/30gib-1.bin,180,33554432,395.61,,
0,bench/30gib-1.bin,181,33554432,478.80,,
0,bench/30gib-1.bin,182,33554432,462.41,,
0,bench/30gib-1.bin,183,33554432,666.53,,
0,bench/30gib-1.bin,184,33554432,724.67,,
0,bench/30gib-1.bin,185,33554432,510.71,,
0,bench/30gib-1.bin,186,33554432,344.89,,
0,bench/30gib-1.bin,187,33554432,495.63,,
0,bench/30gib-1.bin,188,33554432,470.09,,
0,bench/30gib-1.bin,189,33554432,526.96,,
0,bench/30gib-1.bin,190,33554432,476.22,,
0,bench/30gib-1.bin,191,33554432,350.99,,
0,bench/30gib-1.bin,192,33554432,398.64,,
0,bench/30gib-1.bin,193,33554432,372.26,,
0,bench/30gib-1.bin,194,33554432,366.73,,
0,bench/30gib-1.bin,195,33554432,457.34,,
0,bench/30gib-1.bin,196,33554432,465.00,,
0,bench/30gib-1.bin,197,33554432,446.54,,
0,bench/30gib-1.bin,198,33554432,352.87,,
0,bench/30gib-1.bin,199,33554432,371.45,,
0,bench/30gib-1.bin,200,33554432,394.65,,
0,bench/30gib-1.bin,201,33554432,434.66,,
0,bench/30gib-1.bin,202,33554432,461.82,,
0,bench/30gib-1.bin,203,33554432,464.60,,
0,bench/30gib-1.bin,204,33554432,529.43,,
0,bench/30gib-1.bin,205,33554432,498.53,,
0,bench/30gib-1.bin,206,33554432,452.38,,
0,bench/30gib-1.bin,207,33554432,358.70,,
0,bench/30gib-1.bin,208,33554432,487.21,,
0,bench/30gib-1.bin,209,33554432,510.86,,
0,bench/30gib-1.bin,210,33554432,515.16,,
0,bench/30gib-1.bin,211,33554432,451.54,,
0,bench/30gib-1.bin,212,33554432,429.49,,
0,bench/30gib-1.bin,213,33554432,451.46,,
0,bench/30gib-1.bin,214,33554432,458.44,,
0,bench/30gib-1.bin,215,33554432,471.35,,
0,bench/30gib-1.bin,216,33554432,442.73,,
0,bench/30gib-1.bin,217,33554432,515.38,,
0,bench/30gib-1.bin,218,33554432,705.29,,
0,bench/30gib-1.bin,219,33554432,437.63,,
0,bench/30gib-1.bin,220,33554432,499.55,,
0,bench/30gib-1.bin,221,33554432,569.54,,
0,bench/30gib-1.bin,222,33554432,556.15,,
0,bench/30gib-1.bin,223,33554432,416.68,,
0,bench/30gib-1.bin,224,33554432,401.18,,
0,bench/30gib-1.bin,225,33554432,392.76,,
0,bench/30gib-1.bin,226,33554432,751.70,,
0,bench/30gib-1.bin,227,33554432,346.21,,
0,bench/30gib-1.bin,228,33554432,408.78,,
0,bench/30gib-1.bin,229,33554432,387.26,,
0,bench/30gib-1.bin,230,33554432,406.18,,
0,bench/30gib-1.bin,231,33554432,485.53,,
0,bench/30gib-1.bin,232,33554432,502.31,,
0,bench/30gib-1.bin,233,33554432,351.39,,
0,bench/30gib-1.bin,234,33554432,526.92,,
0,bench/30gib-1.bin,235,33554432,413.98,,
0,bench/30gib-1.bin,236,33554432,515.96,,
0,bench/30gib-1.bin,237,33554432,364.44,,
0,bench/30gib-1.bin,238,33554432,450.92,,
0,bench/30gib-1.bin,239,33554432,448.68,,
0,bench/30gib-1.bin,240,33554432,363.16,,
0,bench/30gib-1.bin,241,33554432,350.79,,
0,bench/30gib-1.bin,242,33554432,551.14,,
0,bench/30gib-1.bin,243,33554432,384.88,,
0,bench/30gib-1.bin,244,33554432,453.16,,
0,bench/30gib-1.bin,245,33554432,399.26,,
0,bench/30gib-1.bin,246,33554432,467.92,,
0,bench/30gib-1.bin,247,33554432,395.62,,
0,bench/30gib-1.bin,248,33554432,341.00,,
0,bench/30gib-1.bin,249,33554432,346.25,,
0,bench/30gib-1.bin,250,33554432,380.65,,
0,bench/30gib-1.bin,251,33554432,474.19,,
0,bench/30gib-1.bin,252,33554432,343.32,,
0,bench/30gib-1.bin,253,33554432,470.74,,
0,bench/30gib-1.bin,254,33554432,375.96,,
0,bench/30gib-1.bin,255,33554432,407.51,,
0,bench/30gib-1.bin,256,33554432,535.16,,
0,bench/30gib-1.bin,257,33554432,418.61,,
0,bench/30gib-1.bin,258,33554432,711.75,,
0,bench/30gib-1.bin,259,33554432,576.95,,
0,bench/30gib-1.bin,260,33554432,593.67,,
0,bench/30gib-1.bin,261,33554432,406.88,,
0,bench/30gib-1.bin,262,33554432,472.97,,
0,bench/30gib-1.bin,263,33554432,361.72,,
0,bench/30gib-1.bin,264,33554432,399.51,,
0,bench/30gib-1.bin,265,33554432,350.10,,
0,bench/30gib-1.bin,266,33554432,540.84,,
0,bench/30gib-1.bin,267,33554432,1127.51,,
0,bench/30gib-1.bin,268,33554432,613.56,,
0,bench/30gib-1.bin,269,33554432,373.53,,
0,bench/30gib-1.bin,270,33554432,432.00,,
0,bench/30gib-1.bin,271,33554432,636.47,,
0,bench/30gib-1.bin,272,33554432,393.47,,
0,bench/30gib-1.bin,273,33554432,416.58,,
0,bench/30gib-1.bin,274,33554432,374.06,,
0,bench/30gib-1.bin,275,33554432,546.06,,
0,bench/30gib-1.bin,276,33554432,538.14,,
0,bench/30gib-1.bin,277,33554432,435.61,,
0,bench/30gib-1.bin,278,33554432,440.97,,
0,bench/30gib-1.bin,279,33554432,379.00,,
0,bench/30gib-1.bin,280,33554432,501.98,,
0,bench/30gib-1.bin,281,33554432,347.29,,
0,bench/30gib-1.bin,282,33554432,445.05,,
0,bench/30gib-1.bin,283,33554432,399.88,,
0,bench/30gib-1.bin,284,33554432,429.27,,
0,bench/30gib-1.bin,285,33554432,386.41,,
0,bench/30gib-1.bin,286,33554432,397.98,,
0,bench/30gib-1.bin,287,33554432,353.14,,
0,bench/30gib-1.bin,288,33554432,852.91,,
0,bench/30gib-1.bin,289,33554432,409.16,,
0,bench/30gib-1.bin,290,33554432,377.76,,
0,bench/30gib-1.bin,291,33554432,411.57,,
0,bench/30gib-1.bin,292,33554432,1200.42,,
0,bench/30gib-1.bin,293,33554432,553.60,,
0,bench/30gib-1.bin,294,33554432,436.39,,
0,bench/30gib-1.bin,295,33554432,464.39,,
0,bench/30gib-1.bin,296,33554432,450.08,,
0,bench/30gib-1.bin,297,33554432,358.96,,
0,bench/30gib-1.bin,298,33554432,378.69,,
0,bench/30gib-1.bin,299,33554432,389.92,,
0,bench/30gib-1.bin,300,33554432,528.77,,
0,bench/30gib-1.bin,301,33554432,647.30,,
0,bench/30gib-1.bin,302,33554432,415.56,,
0,bench/30gib-1.bin,303,33554432,465.69,,
0,bench/30gib-1.bin,304,33554432,458.22,,
0,bench/30gib-1.bin,305,33554432,376.19,,
0,bench/30gib-1.bin,306,33554432,479.38,,
0,bench/30gib-1.bin,307,33554432,402.88,,
0,bench/30gib-1.bin,308,33554432,578.68,,
0,bench/30gib-1.bin,309,33554432,469.62,,
0,bench/30gib-1.bin,310,33554432,360.67,,
0,bench/30gib-1.bin,311,33554432,546.00,,
0,bench/30gib-1.bin,312,33554432,474.52,,
0,bench/30gib-1.bin,313,33554432,402.94,,
0,bench/30gib-1.bin,314,33554432,408.76,,
0,bench/30gib-1.bin,315,33554432,418.54,,
0,bench/30gib-1.bin,316,33554432,449.85,,
0,bench/30gib-1.bin,317,33554432,384.56,,
0,bench/30gib-1.bin,318,33554432,594.22,,
0,bench/30gib-1.bin,319,33554432,454.10,,
0,bench/30gib-1.bin,320,33554432,474.11,,
0,bench/30gib-1.bin,321,33554432,343.90,,
0,bench/30gib-1.bin,322,33554432,496.92,,
0,bench/30gib-1.bin,323,33554432,360.18,,
0,bench/30gib-1.bin,324,33554432,433.73,,
0,bench/30gib-1.bin,325,33554432,418.43,,
0,bench/30gib-1.bin,326,33554432,620.01,,
0,bench/30gib-1.bin,327,33554432,572.89,,
0,bench/30gib-1.bin,328,33554432,536.79,,
0,bench/30gib-1.bin,329,33554432,662.22,,
0,bench/30gib-1.bin,330,33554432,431.09,,
0,bench/30gib-1.bin,331,33554432,514.95,,
0,bench/30gib-1.bin,332,33554432,426.41,,
0,bench/30gib-1.bin,333,33554432,369.72,,
0,bench/30gib-1.bin,334,33554432,347.13,,
0,bench/30gib-1.bin,335,33554432,349.90,,
0,bench/30gib-1.bin,336,33554432,516.77,,
0,bench/30gib-1.bin,337,33554432,660.90,,
0,bench/30gib-1.bin,338,33554432,480.23,,
0,bench/30gib-1.bin,339,33554432,465.28,,
0,bench/30gib-1.bin,340,33554432,344.51,,
0,bench/30gib-1.bin,341,33554432,441.17,,
0,bench/30gib-1.bin,342,33554432,432.04,,
0,bench/30gib-1.bin,343,33554432,374.03,,
0,bench/30gib-1.bin,344,33554432,551.60,,
0,bench/30gib-1.bin,345,33554432,344.13,,
0,bench/30gib-1.bin,346,33554432,347.12,,
0,bench/30gib-1.bin,347,33554432,426.91,,
0,bench/30gib-1.bin,348,33554432,478.27,,
0,bench/30gib-1.bin,349,33554432,429.75,,
0,bench/30gib-1.bin,350,33554432,368.23,,
0,bench/30gib-1.bin,351,33554432,504.78,,
0,bench/30gib-1.bin,352,33554432,508.25,,
0,bench/30gib-1.bin,353,33554432,481.56,,
0,bench/30gib-1.bin,354,33554432,418.69,,
0,bench/30gib-1.bin,355,33554432,536.54,,
0,bench/30gib-1.bin,356,33554432,483.05,,
0,bench/30gib-1.bin,357,33554432,469.18,,
0,bench/30gib-1.bin,358,33554432,498.31,,
0,bench/30gib-1.bin,359,33554432,410.66,,
0,bench/30gib-1.bin,360,33554432,481.12,,
0,bench/30gib-1.bin,361,33554432,413.18,,
0,bench/30gib-1.bin,362,33554432,520.58,,
0,bench/30gib-1.bin,363,33554432,366.37,,
0,bench/30gib-1.bin,364,33554432,497.31,,
0,bench/30gib-1.bin,365,33554432,352.44,,
0,bench/30gib-1.bin,366,33554432,493.25,,
0,bench/30gib-1.bin,367,33554432,654.31,,
0,bench/30gib-1.bin,368,33554432,431.91,,
0,bench/30gib-1.bin,369,33554432,446.92,,
0,bench/30gib-1.bin,370,33554432,471.08,,
0,bench/30gib-1.bin,371,33554432,348.52,,
0,bench/30gib-1.bin,372,33554432,421.48,,
0,bench/30gib-1.bin,373,33554432,424.05,,
0,bench/30gib-1.bin,374,33554432,399.71,,
0,bench/30gib-1.bin,375,33554432,477.60,,
0,bench/30gib-1.bin,376,33554432,585.83,,
0,bench/30gib-1.bin,377,33554432,645.28,,
0,bench/30gib-1.bin,378,33554432,602.86,,
0,bench/30gib-1.bin,379,33554432,549.31,,
0,bench/30gib-1.bin,380,33554432,344.07,,
0,bench/30gib-1.bin,381,33554432,409.80,,
0,bench/30gib-1.bin,382,33554432,341.95,,
0,bench/30gib-1.bin,383,33554432,448.10,,
0,bench/30gib-1.bin,384,33554432,489.74,,
0,bench/30gib-1.bin,385,33554432,361.52,,
0,bench/30gib-1.bin,386,33554432,460.20,,
0,bench/30gib-1.bin,387,33554432,1135.61,,
0,bench/30gib-1.bin,388,33554432,413.19,,
0,bench/30gib-1.bin,389,33554432,417.43,,
0,bench/30gib-1.bin,390,33554432,425.88,,
0,bench/30gib-1.bin,391,33554432,454.42,,
0,bench/30gib-1.bin,392,33554432,442.18,,
0,bench/30gib-1.bin,393,33554432,542.99,,
0,bench/30gib-1.bin,394,33554432,437.86,,
0,bench/30gib-1.bin,395,33554432,462.93,,
0,bench/30gib-1.bin,396,33554432,414.47,,
0,bench/30gib-1.bin,397,33554432,420.24,,
0,bench/30gib-1.bin,398,33554432,374.03,,
0,bench/30gib-1.bin,399,33554432,454.86,,
0,bench/30gib-1.bin,400,33554432,399.96,,
0,bench/30gib-1.bin,401,33554432,475.23,,
0,bench/30gib-1.bin,402,33554432,543.58,,
0,bench/30gib-1.bin,403,33554432,425.32,,
0,bench/30gib-1.bin,404,33554432,342.28,,
0,bench/30gib-1.bin,405,33554432,351.53,,
0,bench/30gib-1.bin,406,33554432,412.43,,
0,bench/30gib-1.bin,407,33554432,515.31,,
0,bench/30gib-1.bin,408,33554432,428.83,,
0,bench/30gib-1.bin,409,33554432,594.42,,
0,bench/30gib-1.bin,410,33554432,468.35,,
0,bench/30gib-1.bin,411,33554432,376.54,,
0,bench/30gib-1.bin,412,33554432,375.76,,
0,bench/30gib-1.bin,413,33554432,351.08,,
0,bench/30gib-1.bin,414,33554432,446.36,,
0,bench/30gib-1.bin,415,33554432,405.31,,
0,bench/30gib-1.bin,416,33554432,705.18,,
0,bench/30gib-1.bin,417,33554432,406.05,,
0,bench/30gib-1.bin,418,33554432,443.32,,
0,bench/30gib-1.bin,419,33554432,618.55,,
0,bench/30gib-1.bin,420,33554432,470.88,,
0,bench/30gib-1.bin,421,33554432,473.53,,
0,bench/30gib-1.bin,422,33554432,513.20,,
0,bench/30gib-1.bin,423,33554432,501.77,,
0,bench/30gib-1.bin,424,33554432,797.01,,
0,bench/30gib-1.bin,425,33554432,602.85,,
0,bench/30gib-1.bin,426,33554432,345.64,,
0,bench/30gib-1.bin,427,33554432,533.84,,
0,bench/30gib-1.bin,428,33554432,464.29,,
0,bench/30gib-1.bin,429,33554432,355.95,,
0,bench/30gib-1.bin,430,33554432,473.68,,
0,bench/30gib-1.bin,431,33554432,346.37,,
0,bench/30gib-1.bin,432,33554432,362.48,,
0,bench/30gib-1.bin,433,33554432,496.90,,
0,bench/30gib-1.bin,434,33554432,479.26,,
0,bench/30gib-1.bin,435,33554432,419.82,,
0,bench/30gib-1.bin,436,33554432,467.59,,
0,bench/30gib-1.bin,437,33554432,494.55,,
0,bench/30gib-1.bin,438,33554432,623.55,,
0,bench/30gib-1.bin,439,33554432,459.79,,
0,bench/30gib-1.bin,440,33554432,345.77,,
0,bench/30gib-1.bin,441,33554432,728.59,,
0,bench/30gib-1.bin,442,33554432,350.12,,
0,bench/30gib-1.bin,443,33554432,431.66,,
0,bench/30gib-1.bin,444,33554432,475.20,,
0,bench/30gib-1.bin,445,33554432,992.13,,
0,bench/30gib-1.bin,446,33554432,469.21,,
0,bench/30gib-1.bin,447,33554432,417.71,,
0,bench/30gib-1.bin,448,33554432,346.61,,
0,bench/30gib-1.bin,449,33554432,473.49,,
0,bench/30gib-1.bin,450,33554432,382.46,,
0,bench/30gib-1.bin,451,33554432,400.71,,
0,bench/30gib-1.bin,452,33554432,399.77,,
0,bench/30gib-1.bin,453,33554432,341.56,,
0,bench/30gib-1.bin,454,33554432,405.10,,
0,bench/30gib-1.bin,455,33554432,429.37,,
0,bench/30gib-1.bin,456,33554432,340.96,,
0,bench/30gib-1.bin,457,33554432,422.56,,
0,bench/30gib-1.bin,458,33554432,381.76,,
0,bench/30gib-1.bin,459,33554432,563.10,,
0,bench/30gib-1.bin,460,33554432,375.71,,
0,bench/30gib-1.bin,461,33554432,727.08,,
0,bench/30gib-1.bin,462,33554432,377.10,,
0,bench/30gib-1.bin,463,33554432,516.41,,
0,bench/30gib-1.bin,464,33554432,528.63,,
0,bench/30gib-1.bin,465,33554432,459.29,,
0,bench/30gib-1.bin,466,33554432,508.48,,
0,bench/30gib-1.bin,467,33554432,451.98,,
0,bench/30gib-1.bin,468,33554432,390.41,,
0,bench/30gib-1.bin,469,33554432,480.51,,
0,bench/30gib-1.bin,470,33554432,446.71,,
0,bench/30gib-1.bin,471,33554432,492.54,,
0,bench/30gib-1.bin,472,33554432,379.71,,
0,bench/30gib-1.bin,473,33554432,407.13,,
0,bench/30gib-1.bin,474,33554432,422.34,,
0,bench/30gib-1.bin,475,33554432,577.61,,
0,bench/30gib-1.bin,476,33554432,343.74,,
0,bench/30gib-1.bin,477,33554432,645.82,,
0,bench/30gib-1.bin,478,33554432,348.84,,
0,bench/30gib-1.bin,479,33554432,580.43,,
0,bench/30gib-1.bin,480,33554432,378.40,,
0,bench/30gib-1.bin,481,33554432,366.24,,
0,bench/30gib-1.bin,482,33554432,425.43,,
0,bench/30gib-1.bin,483,33554432,404.75,,
0,bench/30gib-1.bin,484,33554432,458.03,,
0,bench/30gib-1.bin,485,33554432,346.59,,
0,bench/30gib-1.bin,486,33554432,472.47,,
0,bench/30gib-1.bin,487,33554432,528.70,,
0,bench/30gib-1.bin,488,33554432,538.54,,
0,bench/30gib-1.bin,489,33554432,359.43,,
0,bench/30gib-1.bin,490,33554432,429.19,,
0,bench/30gib-1.bin,491,33554432,417.44,,
0,bench/30gib-1.bin,492,33554432,375.62,,
0,bench/30gib-1.bin,493,33554432,438.32,,
0,bench/30gib-1.bin,494,33554432,536.83,,
0,bench/30gib-1.bin,495,33554432,353.93,,
0,bench/30gib-1.bin,496,33554432,440.54,,
0,bench/30gib-1.bin,497,33554432,530.25,,
0,bench/30gib-1.bin,498,33554432,465.46,,
0,bench/30gib-1.bin,499,33554432,523.25,,
0,bench/30gib-1.bin,500,33554432,629.59,,
0,bench/30gib-1.bin,501,33554432,455.54,,
0,bench/30gib-1.bin,502,33554432,465.59,,
0,bench/30gib-1.bin,503,33554432,452.81,,
0,bench/30gib-1.bin,504,33554432,404.78,,
0,bench/30gib-1.bin,505,33554432,482.01,,
0,bench/30gib-1.bin,506,33554432,661.45,,
0,bench/30gib-1.bin,507,33554432,511.21,,
0,bench/30gib-1.bin,508,33554432,374.98,,
0,bench/30gib-1.bin,509,33554432,506.57,,
0,bench/30gib-1.bin,510,33554432,483.22,,
0,bench/30gib-1.bin,511,33554432,343.70,,
0,bench/30gib-1.bin,512,33554432,954.66,,
0,bench/30gib-1.bin,513,33554432,501.30,,
0,bench/30gib-1.bin,514,33554432,508.23,,
0,bench/30gib-1.bin,515,33554432,408.08,,
0,bench/30gib-1.bin,516,33554432,382.17,,
0,bench/30gib-1.bin,517,33554432,531.42,,
0,bench/30gib-1.bin,518,33554432,481.22,,
0,bench/30gib-1.bin,519,33554432,419.28,,
0,bench/30gib-1.bin,520,33554432,404.69,,
0,bench/30gib-1.bin,521,33554432,399.97,,
0,bench/30gib-1.bin,522,33554432,359.99,,
0,bench/30gib-1.bin,523,33554432,399.11,,
0,bench/30gib-1.bin,524,33554432,395.23,,
0,bench/30gib-1.bin,525,33554432,515.91,,
0,bench/30gib-1.bin,526,33554432,595.32,,
0,bench/30gib-1.bin,527,33554432,348.05,,
0,bench/30gib-1.bin,528,33554432,483.69,,
0,bench/30gib-1.bin,529,33554432,468.59,,
0,bench/30gib-1.bin,530,33554432,390.29,,
0,bench/30gib-1.bin,531,33554432,516.12,,
0,bench/30gib-1.bin,532,33554432,487.08,,
0,bench/30gib-1.bin,533,33554432,536.41,,
0,bench/30gib-1.bin,534,33554432,452.65,,
0,bench/30gib-1.bin,535,33554432,408.38,,
0,bench/30gib-1.bin,536,33554432,430.49,,
0,bench/30gib-1.bin,537,33554432,440.97,,
0,bench/30gib-1.bin,538,33554432,460.88,,
0,bench/30gib-1.bin,539,33554432,346.40,,
0,bench/30gib-1.bin,540,33554432,658.89,,
0,bench/30gib-1.bin,541,33554432,456.24,,
0,bench/30gib-1.bin,542,33554432,438.64,,
0,bench/30gib-1.bin,543,33554432,487.15,,
0,bench/30gib-1.bin,544,33554432,430.67,,
0,bench/30gib-1.bin,545,33554432,356.47,,
0,bench/30gib-1.bin,546,33554432,423.12,,
0,bench/30gib-1.bin,547,33554432,453.89,,
0,bench/30gib-1.bin,548,33554432,392.21,,
0,bench/30gib-1.bin,549,33554432,463.55,,
0,bench/30gib-1.bin,550,33554432,370.94,,
0,bench/30gib-1.bin,551,33554432,402.11,,
0,bench/30gib-1.bin,552,33554432,627.47,,
0,bench/30gib-1.bin,553,33554432,423.33,,
0,bench/30gib-1.bin,554,33554432,578.46,,
0,bench/30gib-1.bin,555,33554432,489.26,,
0,bench/30gib-1.bin,556,33554432,455.58,,
0,bench/30gib-1.bin,557,33554432,575.50,,
0,bench/30gib-1.bin,558,33554432,740.40,,
0,bench/30gib-1.bin,559,33554432,429.41,,
0,bench/30gib-1.bin,560,33554432,416.52,,
0,bench/30gib-1.bin,561,33554432,486.90,,
0,bench/30gib-1.bin,562,33554432,691.58,,
0,bench/30gib-1.bin,563,33554432,607.12,,
0,bench/30gib-1.bin,564,33554432,533.53,,
0,bench/30gib-1.bin,565,33554432,554.05,,
0,bench/30gib-1.bin,566,33554432,437.78,,
0,bench/30gib-1.bin,567,33554432,549.80,,
0,bench/30gib-1.bin,568,33554432,395.89,,
0,bench/30gib-1.bin,569,33554432,347.57,,
0,bench/30gib-1.bin,570,33554432,520.22,,
0,bench/30gib-1.bin,571,33554432,448.88,,
0,bench/30gib-1.bin,572,33554432,492.43,,
0,bench/30gib-1.bin,573,33554432,478.55,,
0,bench/30gib-1.bin,574,33554432,500.38,,
0,bench/30gib-1.bin,575,33554432,387.46,,
0,bench/30gib-1.bin,576,33554432,347.40,,
0,bench/30gib-1.bin,577,33554432,399.17,,
0,bench/30gib-1.bin,578,33554432,558.20,,
0,bench/30gib-1.bin,579,33554432,647.91,,
0,bench/30gib-1.bin,580,33554432,476.24,,
0,bench/30gib-1.bin,581,33554432,341.34,,
0,bench/30gib-1.bin,582,33554432,441.09,,
0,bench/30gib-1.bin,583,33554432,371.43,,
0,bench/30gib-1.bin,584,33554432,626.63,,
0,bench/30gib-1.bin,585,33554432,544.91,,
0,bench/30gib-1.bin,586,33554432,419.83,,
0,bench/30gib-1.bin,587,33554432,453.98,,
0,bench/30gib-1.bin,588,33554432,391.74,,
0,bench/30gib-1.bin,589,33554432,609.02,,
0,bench/30gib-1.bin,590,33554432,557.91,,
0,bench/30gib-1.bin,591,33554432,470.26,,
0,bench/30gib-1.bin,592,33554432,600.42,,
0,bench/30gib-1.bin,593,33554432,465.32,,
0,bench/30gib-1.bin,594,33554432,476.89,,
0,bench/30gib-1.bin,595,33554432,514.68,,
0,bench/30gib-1.bin,596,33554432,451.63,,
0,bench/30gib-1.bin,597,33554432,374.52,,
0,bench/30gib-1.bin,598,33554432,804.58,,
0,bench/30gib-1.bin,599,33554432,543.07,,
0,bench/30gib-1.bin,600,33554432,368.07,,
0,bench/30gib-1.bin,601,33554432,462.90,,
0,bench/30gib-1.bin,602,33554432,446.16,,
0,bench/30gib-1.bin,603,33554432,386.03,,
0,bench/30gib-1.bin,604,33554432,459.74,,
0,bench/30gib-1.bin,605,33554432,438.11,,
0,bench/30gib-1.bin,606,33554432,363.28,,
0,bench/30gib-1.bin,607,33554432,371.91,,
0,bench/30gib-1.bin,608,33554432,375.09,,
0,bench/30gib-1.bin,609,33554432,435.15,,
0,bench/30gib-1.bin,610,33554432,437.78,,
0,bench/30gib-1.bin,611,33554432,593.01,,
0,bench/30gib-1.bin,612,33554432,350.11,,
0,bench/30gib-1.bin,613,33554432,455.10,,
0,bench/30gib-1.bin,614,33554432,549.12,,
0,bench/30gib-1.bin,615,33554432,389.98,,
0,bench/30gib-1.bin,616,33554432,558.46,,
0,bench/30gib-1.bin,617,33554432,455.56,,
0,bench/30gib-1.bin,618,33554432,365.34,,
0,bench/30gib-1.bin,619,33554432,347.76,,
0,bench/30gib-1.bin,620,33554432,495.33,,
0,bench/30gib-1.bin,621,33554432,354.41,,
0,bench/30gib-1.bin,622,33554432,464.09,,
0,bench/30gib-1.bin,623,33554432,342.10,,
0,bench/30gib-1.bin,624,33554432,398.99,,
0,bench/30gib-1.bin,625,33554432,563.59,,
0,bench/30gib-1.bin,626,33554432,455.06,,
0,bench/30gib-1.bin,627,33554432,444.89,,
0,bench/30gib-1.bin,628,33554432,539.88,,
0,bench/30gib-1.bin,629,33554432,368.56,,
0,bench/30gib-1.bin,630,33554432,665.49,,
0,bench/30gib-1.bin,631,33554432,517.01,,
0,bench/30gib-1.bin,632,33554432,422.81,,
0,bench/30gib-1.bin,633,33554432,544.91,,
0,bench/30gib-1.bin,634,33554432,448.66,,
0,bench/30gib-1.bin,635,33554432,483.63,,
0,bench/30gib-1.bin,636,33554432,560.69,,
0,bench/30gib-1.bin,637,33554432,640.39,,
0,bench/30gib-1.bin,638,33554432,341.27,,
0,bench/30gib-1.bin,639,33554432,382.57,,
0,bench/30gib-1.bin,640,33554432,375.54,,
0,bench/30gib-1.bin,641,33554432,448.77,,
0,bench/30gib-1.bin,642,33554432,441.29,,
0,bench/30gib-1.bin,643,33554432,451.41,,
0,bench/30gib-1.bin,644,33554432,475.82,,
0,bench/30gib-1.bin,645,33554432,367.70,,
0,bench/30gib-1.bin,646,33554432,344.71,,
0,bench/30gib-1.bin,647,33554432,462.05,,
0,bench/30gib-1.bin,648,33554432,459.37,,
0,bench/30gib-1.bin,649,33554432,475.98,,
0,bench/30gib-1.bin,650,33554432,558.21,,
0,bench/30gib-1.bin,651,33554432,348.86,,
0,bench/30gib-1.bin,652,33554432,345.90,,
0,bench/30gib-1.bin,653,33554432,520.35,,
0,bench/30gib-1.bin,654,33554432,570.68,,
0,bench/30gib-1.bin,655,33554432,544.93,,
0,bench/30gib-1.bin,656,33554432,358.85,,
0,bench/30gib-1.bin,657,33554432,437.38,,
0,bench/30gib-1.bin,658,33554432,342.32,,
0,bench/30gib-1.bin,659,33554432,469.71,,
0,bench/30gib-1.bin,660,33554432,406.76,,
0,bench/30gib-1.bin,661,33554432,345.74,,
0,bench/30gib-1.bin,662,33554432,507.75,,
0,bench/30gib-1.bin,663,33554432,445.55,,
0,bench/30gib-1.bin,664,33554432,888.30,,
0,bench/30gib-1.bin,665,33554432,506.59,,
0,bench/30gib-1.bin,666,33554432,578.74,,
0,bench/30gib-1.bin,667,33554432,469.26,,
0,bench/30gib-1.bin,668,33554432,563.72,,
0,bench/30gib-1.bin,669,33554432,575.81,,
0,bench/30gib-1.bin,670,33554432,405.02,,
0,bench/30gib-1.bin,671,33554432,500.87,,
0,bench/30gib-1.bin,672,33554432,394.61,,
0,bench/30gib-1.bin,673,33554432,363.01,,
0,bench/30gib-1.bin,674,33554432,455.40,,
0,bench/30gib-1.bin,675,33554432,482.77,,
0,bench/30gib-1.bin,676,33554432,377.99,,
0,bench/30gib-1.bin,677,33554432,342.23,,
0,bench/30gib-1.bin,678,33554432,651.83,,
0,bench/30gib-1.bin,679,33554432,352.85,,
0,bench/30gib-1.bin,680,33554432,482.12,,
0,bench/30gib-1.bin,681,33554432,555.39,,
0,bench/30gib-1.bin,682,33554432,614.68,,
0,bench/30gib-1.bin,683,33554432,435.06,,
0,bench/30gib-1.bin,684,33554432,471.21,,
0,bench/30gib-1.bin,685,33554432,348.05,,
0,bench/30gib-1.bin,686,33554432,387.54,,
0,bench/30gib-1.bin,687,33554432,543.52,,
0,bench/30gib-1.bin,688,33554432,420.27,,
0,bench/30gib-1.bin,689,33554432,371.61,,
0,bench/30gib-1.bin,690,33554432,391.06,,
0,bench/30gib-1.bin,691,33554432,475.82,,
0,bench/30gib-1.bin,692,33554432,520.22,,
0,bench/30gib-1.bin,693,33554432,554.26,,
0,bench/30gib-1.bin,694,33554432,342.53,,
0,bench/30gib-1.bin,695,33554432,562.90,,
0,bench/30gib-1.bin,696,33554432,342.54,,
0,bench/30gib-1.bin,697,33554432,376.22,,
0,bench/30gib-1.bin,698,33554432,484.35,,
0,bench/30gib-1.bin,699,33554432,418.33,,
0,bench/30gib-1.bin,700,33554432,429.13,,
0,bench/30gib-1.bin,701,33554432,369.88,,
0,bench/30gib-1.bin,702,33554432,552.69,,
0,bench/30gib-1.bin,703,33554432,341.34,,
0,bench/30gib-1.bin,704,33554432,530.64,,
0,bench/30gib-1.bin,705,33554432,504.53,,
0,bench/30gib-1.bin,706,33554432,563.38,,
0,bench/30gib-1.bin,707,33554432,531.51,,
0,bench/30gib-1.bin,708,33554432,395.91,,
0,bench/30gib-1.bin,709,33554432,458.52,,
0,bench/30gib-1.bin,710,33554432,410.27,,
0,bench/30gib-1.bin,711,33554432,475.45,,
0,bench/30gib-1.bin,712,33554432,431.25,,
0,bench/30gib-1.bin,713,33554432,466.07,,
0,bench/30gib-1.bin,714,33554432,467.97,,
0,bench/30gib-1.bin,715,33554432,494.03,,
0,bench/30gib-1.bin,716,33554432,368.21,,
0,bench/30gib-1.bin,717,33554432,417.32,,
0,bench/30gib-1.bin,718,33554432,496.23,,
0,bench/30gib-1.bin,719,33554432,345.58,,
0,bench/30gib-1.bin,720,33554432,527.95,,
0,bench/30gib-1.bin,721,33554432,554.99,,
0,bench/30gib-1.bin,722,33554432,392.93,,
0,bench/30gib-1.bin,723,33554432,403.87,,
0,bench/30gib-1.bin,724,33554432,514.73,,
0,bench/30gib-1.bin,725,33554432,345.27,,
0,bench/30gib-1.bin,726,33554432,340.57,,
0,bench/30gib-1.bin,727,33554432,341.57,,
0,bench/30gib-1.bin,728,33554432,420.92,,
0,bench/30gib-1.bin,729,33554432,469.27,,
0,bench/30gib-1.bin,730,33554432,348.63,,
0,bench/30gib-1.bin,731,33554432,424.68,,
0,bench/30gib-1.bin,732,33554432,511.69,,
0,bench/30gib-1.bin,733,33554432,518.22,,
0,bench/30gib-1.bin,734,33554432,488.41,,
0,bench/30gib-1.bin,735,33554432,346.49,,
0,bench/30gib-1.bin,736,33554432,437.44,,
0,bench/30gib-1.bin,737,33554432,405.46,,
0,bench/30gib-1.bin,738,33554432,465.52,,
0,bench/30gib-1.bin,739,33554432,527.74,,
0,bench/30gib-1.bin,740,33554432,428.87,,
0,bench/30gib-1.bin,741,33554432,347.95,,
0,bench/30gib-1.bin,742,33554432,450.94,,
0,bench/30gib-1.bin,743,33554432,341.83,,
0,bench/30gib-1.bin,744,33554432,389.87,,
0,bench/30gib-1.bin,745,33554432,340.46,,
0,bench/30gib-1.bin,746,33554432,723.25,,
0,bench/30gib-1.bin,747,33554432,440.51,,
0,bench/30gib-1.bin,748,33554432,346.59,,
0,bench/30gib-1.bin,749,33554432,447.92,,
0,bench/30gib-1.bin,750,33554432,375.08,,
0,bench/30gib-1.bin,751,33554432,518.38,,
0,bench/30gib-1.bin,752,33554432,518.18,,
0,bench/30gib-1.bin,753,33554432,368.65,,
0,bench/30gib-1.bin,754,33554432,496.55,,
0,bench/30gib-1.bin,755,33554432,541.55,,
0,bench/30gib-1.bin,756,33554432,523.43,,
0,bench/30gib-1.bin,757,33554432,392.24,,
0,bench/30gib-1.bin,758,33554432,479.04,,
0,bench/30gib-1.bin,759,33554432,562.86,,
0,bench/30gib-1.bin,760,33554432,641.69,,
0,bench/30gib-1.bin,761,33554432,375.46,,
0,bench/30gib-1.bin,762,33554432,383.58,,
0,bench/30gib-1.bin,763,33554432,573.04,,
0,bench/30gib-1.bin,764,33554432,392.00,,
0,bench/30gib-1.bin,765,33554432,347.57,,
0,bench/30gib-1.bin,766,33554432,370.81,,
0,bench/30gib-1.bin,767,33554432,380.21,,
0,bench/30gib-1.bin,768,33554432,355.17,,
0,bench/30gib-1.bin,769,33554432,471.86,,
0,bench/30gib-1.bin,770,33554432,356.35,,
0,bench/30gib-1.bin,771,33554432,498.70,,
0,bench/30gib-1.bin,772,33554432,343.93,,
0,bench/30gib-1.bin,773,33554432,362.87,,
0,bench/30gib-1.bin,774,33554432,399.83,,
0,bench/30gib-1.bin,775,33554432,588.42,,
0,bench/30gib-1.bin,776,33554432,366.04,,
0,bench/30gib-1.bin,777,33554432,361.56,,
0,bench/30gib-1.bin,778,33554432,913.11,,
0,bench/30gib-1.bin,779,33554432,602.72,,
0,bench/30gib-1.bin,780,33554432,359.06,,
0,bench/30gib-1.bin,781,33554432,369.40,,
0,bench/30gib-1.bin,782,33554432,393.74,,
0,bench/30gib-1.bin,783,33554432,407.40,,
0,bench/30gib-1.bin,784,33554432,390.87,,
0,bench/30gib-1.bin,785,33554432,411.76,,
0,bench/30gib-1.bin,786,33554432,419.62,,
0,bench/30gib-1.bin,787,33554432,416.38,,
0,bench/30gib-1.bin,788,33554432,425.32,,
0,bench/30gib-1.bin,789,33554432,1002.96,,
0,bench/30gib-1.bin,790,33554432,380.56,,
0,bench/30gib-1.bin,791,33554432,343.11,,
0,bench/30gib-1.bin,792,33554432,460.22,,
0,bench/30gib-1.bin,793,33554432,524.02,,
0,bench/30gib-1.bin,794,33554432,357.62,,
0,bench/30gib-1.bin,795,33554432,521.49,,
0,bench/30gib-1.bin,796,33554432,416.78,,
0,bench/30gib-1.bin,797,33554432,445.98,,
0,bench/30gib-1.bin,798,33554432,435.27,,
0,bench/30gib-1.bin,799,33554432,533.69,,
0,bench/30gib-1.bin,800,33554432,865.79,,
0,bench/30gib-1.bin,801,33554432,406.28,,
0,bench/30gib-1.bin,802,33554432,510.49,,
0,bench/30gib-1.bin,803,33554432,419.92,,
0,bench/30gib-1.bin,804,33554432,457.93,,
0,bench/30gib-1.bin,805,33554432,511.57,,
0,bench/30gib-1.bin,806,33554432,352.39,,
0,bench/30gib-1.bin,807,33554432,347.67,,
0,bench/30gib-1.bin,808,33554432,497.95,,
0,bench/30gib-1.bin,809,33554432,668.39,,
0,bench/30gib-1.bin,810,33554432,354.68,,
0,bench/30gib-1.bin,811,33554432,1180.55,,
0,bench/30gib-1.bin,812,33554432,515.84,,
0,bench/30gib-1.bin,813,33554432,640.95,,
0,bench/30gib-1.bin,814,33554432,402.82,,
0,bench/30gib-1.bin,815,33554432,987.39,,
0,bench/30gib-1.bin,816,33554432,511.56,,
0,bench/30gib-1.bin,817,33554432,492.36,,
0,bench/30gib-1.bin,818,33554432,899.40,,
0,bench/30gib-1.bin,819,33554432,780.78,,
0,bench/30gib-1.bin,820,33554432,442.71,,
0,bench/30gib-1.bin,821,33554432,437.25,,
0,bench/30gib-1.bin,822,33554432,454.99,,
0,bench/30gib-1.bin,823,33554432,536.53,,
0,bench/30gib-1.bin,824,33554432,614.07,,
0,bench/30gib-1.bin,825,33554432,345.97,,
0,bench/30gib-1.bin,826,33554432,501.27,,
0,bench/30gib-1.bin,827,33554432,414.44,,
0,bench/30gib-1.bin,828,33554432,500.55,,
0,bench/30gib-1.bin,829,33554432,406.87,,
0,bench/30gib-1.bin,830,33554432,699.62,,
0,bench/30gib-1.bin,831,33554432,347.68,,
0,bench/30gib-1.bin,832,33554432,341.93,,
0,bench/30gib-1.bin,833,33554432,343.92,,
0,bench/30gib-1.bin,834,33554432,464.98,,
0,bench/30gib-1.bin,835,33554432,344.13,,
0,bench/30gib-1.bin,836,33554432,342.90,,
0,bench/30gib-1.bin,837,33554432,555.80,,
0,bench/30gib-1.bin,838,33554432,414.52,,
0,bench/30gib-1.bin,839,33554432,436.70,,
0,bench/30gib-1.bin,840,33554432,343.63,,
0,bench/30gib-1.bin,841,33554432,505.69,,
0,bench/30gib-1.bin,842,33554432,341.12,,
0,bench/30gib-1.bin,843,33554432,426.11,,
0,bench/30gib-1.bin,844,33554432,533.42,,
0,bench/30gib-1.bin,845,33554432,484.32,,
0,bench/30gib-1.bin,846,33554432,442.50,,
0,bench/30gib-1.bin,847,33554432,426.68,,
0,bench/30gib-1.bin,848,33554432,395.09,,
0,bench/30gib-1.bin,849,33554432,458.08,,
0,bench/30gib-1.bin,850,33554432,415.25,,
0,bench/30gib-1.bin,851,33554432,488.48,,
0,bench/30gib-1.bin,852,33554432,388.81,,
0,bench/30gib-1.bin,853,33554432,341.63,,
0,bench/30gib-1.bin,854,33554432,340.99,,
0,bench/30gib-1.bin,855,33554432,416.11,,
0,bench/30gib-1.bin,856,33554432,388.67,,
0,bench/30gib-1.bin,857,33554432,616.40,,
0,bench/30gib-1.bin,858,33554432,1045.65,,
0,bench/30gib-1.bin,859,33554432,445.81,,
0,bench/30gib-1.bin,860,33554432,347.61,,
0,bench/30gib-1.bin,861,33554432,379.62,,
0,bench/30gib-1.bin,862,33554432,345.06,,
0,bench/30gib-1.bin,863,33554432,354.45,,
0,bench/30gib-1.bin,864,33554432,419.18,,
0,bench/30gib-1.bin,865,33554432,622.68,,
0,bench/30gib-1.bin,866,33554432,720.68,,
0,bench/30gib-1.bin,867,33554432,509.93,,
0,bench/30gib-1.bin,868,33554432,350.28,,
0,bench/30gib-1.bin,869,33554432,350.25,,
0,bench/30gib-1.bin,870,33554432,353.75,,
0,bench/30gib-1.bin,871,33554432,404.34,,
0,bench/30gib-1.bin,872,33554432,507.38,,
0,bench/30gib-1.bin,873,33554432,791.04,,
0,bench/30gib-1.bin,874,33554432,579.14,,
0,bench/30gib-1.bin,875,33554432,726.73,,
0,bench/30gib-1.bin,876,33554432,343.27,,
0,bench/30gib-1.bin,877,33554432,462.59,,
0,bench/30gib-1.bin,878,33554432,473.01,,
0,bench/30gib-1.bin,879,33554432,421.34,,
0,bench/30gib-1.bin,880,33554432,469.01,,
0,bench/30gib-1.bin,881,33554432,653.19,,
0,bench/30gib-1.bin,882,33554432,443.76,,
0,bench/30gib-1.bin,883,33554432,472.28,,
0,bench/30gib-1.bin,884,33554432,444.84,,
0,bench/30gib-1.bin,885,33554432,362.25,,
0,bench/30gib-1.bin,886,33554432,396.50,,
0,bench/30gib-1.bin,887,33554432,375.47,,
0,bench/30gib-1.bin,888,33554432,346.30,,
0,bench/30gib-1.bin,889,33554432,428.50,,
0,bench/30gib-1.bin,890,33554432,366.30,,
0,bench/30gib-1.bin,891,33554432,422.73,,
0,bench/30gib-1.bin,892,33554432,495.44,,
0,bench/30gib-1.bin,893,33554432,541.90,,
0,bench/30gib-1.bin,894,33554432,352.24,,
0,bench/30gib-1.bin,895,33554432,353.35,,
0,bench/30gib-1.bin,896,33554432,473.74,,
0,bench/30gib-1.bin,897,33554432,346.07,,
0,bench/30gib-1.bin,898,33554432,625.45,,
0,bench/30gib-1.bin,899,33554432,478.33,,
0,bench/30gib-1.bin,900,33554432,674.13,,
0,bench/30gib-1.bin,901,33554432,502.07,,
0,bench/30gib-1.bin,902,33554432,406.17,,
0,bench/30gib-1.bin,903,33554432,351.18,,
0,bench/30gib-1.bin,904,33554432,456.10,,
0,bench/30gib-1.bin,905,33554432,360.57,,
0,bench/30gib-1.bin,906,33554432,521.40,,
0,bench/30gib-1.bin,907,33554432,571.93,,
0,bench/30gib-1.bin,908,33554432,445.87,,
0,bench/30gib-1.bin,909,33554432,478.21,,
0,bench/30gib-1.bin,910,33554432,395.30,,
0,bench/30gib-1.bin,911,33554432,621.74,,
0,bench/30gib-1.bin,912,33554432,347.01,,
0,bench/30gib-1.bin,913,33554432,399.73,,
0,bench/30gib-1.bin,914,33554432,360.99,,
0,bench/30gib-1.bin,915,33554432,516.04,,
0,bench/30gib-1.bin,916,33554432,361.12,,
0,bench/30gib-1.bin,917,33554432,486.33,,
0,bench/30gib-1.bin,918,33554432,393.53,,
0,bench/30gib-1.bin,919,33554432,449.00,,
0,bench/30gib-1.bin,920,33554432,456.93,,
0,bench/30gib-1.bin,921,33554432,453.55,,
0,bench/30gib-1.bin,922,33554432,467.52,,
0,bench/30gib-1.bin,923,33554432,359.04,,
0,bench/30gib-1.bin,924,33554432,454.04,,
0,bench/30gib-1.bin,925,33554432,443.48,,
0,bench/30gib-1.bin,926,33554432,423.71,,
0,bench/30gib-1.bin,927,33554432,400.47,,
0,bench/30gib-1.bin,928,33554432,534.19,,
0,bench/30gib-1.bin,929,33554432,527.70,,
0,bench/30gib-1.bin,930,33554432,423.43,,
0,bench/30gib-1.bin,931,33554432,408.66,,
0,bench/30gib-1.bin,932,33554432,407.52,,
0,bench/30gib-1.bin,933,33554432,381.63,,
0,bench/30gib-1.bin,934,33554432,698.73,,
0,bench/30gib-1.bin,935,33554432,421.00,,
0,bench/30gib-1.bin,936,33554432,449.97,,
0,bench/30gib-1.bin,937,33554432,593.76,,
0,bench/30gib-1.bin,938,33554432,599.49,,
0,bench/30gib-1.bin,939,33554432,407.74,,
0,bench/30gib-1.bin,940,33554432,442.98,,
0,bench/30gib-1.bin,941,33554432,344.61,,
0,bench/30gib-1.bin,942,33554432,565.52,,
0,bench/30gib-1.bin,943,33554432,542.95,,
0,bench/30gib-1.bin,944,33554432,605.74,,
0,bench/30gib-1.bin,945,33554432,359.72,,
0,bench/30gib-1.bin,946,33554432,512.05,,
0,bench/30gib-1.bin,947,33554432,472.26,,
0,bench/30gib-1.bin,948,33554432,357.13,,
0,bench/30gib-1.bin,949,33554432,368.47,,
0,bench/30gib-1.bin,950,33554432,440.33,,
0,bench/30gib-1.bin,951,33554432,341.89,,
0,bench/30gib-1.bin,952,33554432,375.35,,
0,bench/30gib-1.bin,953,33554432,419.54,,
0,bench/30gib-1.bin,954,33554432,688.43,,
0,bench/30gib-1.bin,955,33554432,342.24,,
0,bench/30gib-1.bin,956,33554432,471.36,,
0,bench/30gib-1.bin,957,33554432,536.38,,
0,bench/30gib-1.bin,958,33554432,591.81,,
0,bench/30gib-1.bin,959,33554432,420.17,,
0,bench/30gib-1.bin,960,33554432,389.96,,
0,bench/30gib-2.bin,1,33554432,946.62,,
0,bench/30gib-2.bin,2,33554432,886.31,,
0,bench/30gib-2.bin,3,33554432,1441.96,,
0,bench/30gib-2.bin,4,33554432,1613.01,,
0,bench/30gib-2.bin,5,33554432,1123.07,,
0,bench/30gib-2.bin,6,33554432,1215.94,,
0,bench/30gib-2.bin,7,33554432,1713.00,,
0,bench/30gib-2.bin,8,33554432,1124.16,,
0,bench/30gib-2.bin,9,33554432,1496.34,,
0,bench/30gib-2.bin,10,33554432,1278.14,,
0,bench/30gib-2.bin,11,33554432,1010.44,,
0,bench/30gib-2.bin,12,33554432,1205.19,,
0,bench/30gib-2.bin,13,33554432,1290.47,,
0,bench/30gib-2.bin,14,33554432,1195.43,,
0,bench/30gib-2.bin,15,33554432,1255.66,,
0,bench/30gib-2.bin,16,33554432,1606.18,,
0,bench/30gib-2.bin,17,33554432,1513.65,,
0,bench/30gib-2.bin,18,33554432,1480.13,,
0,bench/30gib-2.bin,19,33554432,1148.35,,
0,bench/30gib-2.bin,20,33554432,1347.90,,
0,bench/30gib-2.bin,21,33554432,960.79,,
0,bench/30gib-2.bin,22,33554432,1272.30,,
0,bench/30gib-2.bin,23,33554432,2074.94,,
0,bench/30gib-2.bin,24,33554432,1540.65,,
0,bench/30gib-2.bin,25,33554432,1415.58,,
0,bench/30gib-2.bin,26,33554432,1234.52,,
0,bench/30gib-2.bin,27,33554432,1845.19,,
0,bench/30gib-2.bin,28,33554432,1580.48,,
0,bench/30gib-2.bin,29,33554432,1843.70,,
0,bench/30gib-2.bin,30,33554432,1143.96,,
0,bench/30gib-2.bin,31,33554432,643.75,,
0,bench/30gib-2.bin,32,33554432,701.34,,
0,bench/30gib-2.bin,33,33554432,539.09,,
0,bench/30gib-2.bin,34,33554432,658.07,,
0,bench/30gib-2.bin,35,33554432,724.71,,
0,bench/30gib-2.bin,36,33554432,985.62,,
0,bench/30gib-2.bin,37,33554432,951.86,,
0,bench/30gib-2.bin,38,33554432,742.23,,
0,bench/30gib-2.bin,39,33554432,766.17,,
0,bench/30gib-2.bin,40,33554432,904.51,,
0,bench/30gib-2.bin,41,33554432,563.69,,
0,bench/30gib-2.bin,42,33554432,676.29,,
0,bench/30gib-2.bin,43,33554432,659.69,,
0,bench/30gib-2.bin,44,33554432,933.73,,
0,bench/30gib-2.bin,45,33554432,560.69,,
0,bench/30gib-2.bin,46,33554432,667.56,,
0,bench/30gib-2.bin,47,33554432,676.66,,
0,bench/30gib-2.bin,48,33554432,641.22,,
0,bench/30gib-2.bin,49,33554432,821.11,,
0,bench/30gib-2.bin,50,33554432,519.50,,
0,bench/30gib-2.bin,51,33554432,738.47,,
0,bench/30gib-2.bin,52,33554432,561.26,,
0,bench/30gib-2.bin,53,33554432,717.48,,
0,bench/30gib-2.bin,54,33554432,517.20,,
0,bench/30gib-2.bin,55,33554432,725.96,,
0,bench/30gib-2.bin,56,33554432,597.52,,
0,bench/30gib-2.bin,57,33554432,506.75,,
0,bench/30gib-2.bin,58,33554432,483.81,,
0,bench/30gib-2.bin,59,33554432,570.96,,
0,bench/30gib-2.bin,60,33554432,685.04,,
0,bench/30gib-2.bin,61,33554432,670.45,,
0,bench/30gib-2.bin,62,33554432,577.02,,
0,bench/30gib-2.bin,63,33554432,640.65,,
0,bench/30gib-2.bin,64,33554432,370.32,,
0,bench/30gib-2.bin,65,33554432,470.14,,
0,bench/30gib-2.bin,66,33554432,484.37,,
0,bench/30gib-2.bin,67,33554432,511.70,,
0,bench/30gib-2.bin,68,33554432,753.65,,
0,bench/30gib-2.bin,69,33554432,480.81,,
0,bench/30gib-2.bin,70,33554432,450.20,,
0,bench/30gib-2.bin,71,33554432,402.00,,
0,bench/30gib-2.bin,72,33554432,379.20,,
0,bench/30gib-2.bin,73,33554432,596.42,,
0,bench/30gib-2.bin,74,33554432,393.23,,
0,bench/30gib-2.bin,75,33554432,464.36,,
0,bench/30gib-2.bin,76,33554432,393.09,,
0,bench/30gib-2.bin,77,33554432,529.06,,
0,bench/30gib-2.bin,78,33554432,668.84,,
0,bench/30gib-2.bin,79,33554432,472.11,,
0,bench/30gib-2.bin,80,33554432,395.37,,
0,bench/30gib-2.bin,81,33554432,425.41,,
0,bench/30gib-2.bin,82,33554432,382.29,,
0,bench/30gib-2.bin,83,33554432,497.20,,
0,bench/30gib-2.bin,84,33554432,388.90,,
0,bench/30gib-2.bin,85,33554432,446.84,,
0,bench/30gib-2.bin,86,33554432,455.77,,
0,bench/30gib-2.bin,87,33554432,502.80,,
0,bench/30gib-2.bin,88,33554432,393.94,,
0,bench/30gib-2.bin,89,33554432,399.65,,
0,bench/30gib-2.bin,90,33554432,498.84,,
0,bench/30gib-2.bin,91,33554432,356.06,,
0,bench/30gib-2.bin,92,33554432,508.51,,
0,bench/30gib-2.bin,93,33554432,373.97,,
0,bench/30gib-2.bin,94,33554432,384.75,,
0,bench/30gib-2.bin,95,33554432,507.99,,
0,bench/30gib-2.bin,96,33554432,559.92,,
0,bench/30gib-2.bin,97,33554432,487.87,,
0,bench/30gib-2.bin,98,33554432,428.59,,
0,bench/30gib-2.bin,99,33554432,342.46,,
0,bench/30gib-2.bin,100,33554432,536.39,,
0,bench/30gib-2.bin,101,33554432,761.54,,
0,bench/30gib-2.bin,102,33554432,422.58,,
0,bench/30gib-2.bin,103,33554432,472.64,,
0,bench/30gib-2.bin,104,33554432,955.88,,
0,bench/30gib-2.bin,105,33554432,353.76,,
0,bench/30gib-2.bin,106,33554432,527.08,,
0,bench/30gib-2.bin,107,33554432,414.73,,
0,bench/30gib-2.bin,108,33554432,536.84,,
0,bench/30gib-2.bin,109,33554432,490.31,,
0,bench/30gib-2.bin,110,33554432,647.13,,
0,bench/30gib-2.bin,111,33554432,391.85,,
0,bench/30gib-2.bin,112,33554432,406.33,,
0,bench/30gib-2.bin,113,33554432,391.96,,
0,bench/30gib-2.bin,114,33554432,344.18,,
0,bench/30gib-2.bin,115,33554432,524.95,,
0,bench/30gib-2.bin,116,33554432,505.13,,
0,bench/30gib-2.bin,117,33554432,715.69,,
0,bench/30gib-2.bin,118,33554432,567.31,,
0,bench/30gib-2.bin,119,33554432,386.94,,
0,bench/30gib-2.bin,120,33554432,528.47,,
0,bench/30gib-2.bin,121,33554432,421.96,,
0,bench/30gib-2.bin,122,33554432,358.99,,
0,bench/30gib-2.bin,123,33554432,438.20,,
0,bench/30gib-2.bin,124,33554432,377.96,,
0,bench/30gib-2.bin,125,33554432,394.36,,
0,bench/30gib-2.bin,126,33554432,425.79,,
0,bench/30gib-2.bin,127,33554432,341.48,,
0,bench/30gib-2.bin,128,33554432,472.81,,
0,bench/30gib-2.bin,129,33554432,830.66,,
0,bench/30gib-2.bin,130,33554432,522.76,,
0,bench/30gib-2.bin,131,33554432,343.25,,
0,bench/30gib-2.bin,132,33554432,512.62,,
0,bench/30gib-2.bin,133,33554432,360.10,,
0,bench/30gib-2.bin,134,33554432,516.54,,
0,bench/30gib-2.bin,135,33554432,472.95,,
0,bench/30gib-2.bin,136,33554432,341.04,,
0,bench/30gib-2.bin,137,33554432,446.69,,
0,bench/30gib-2.bin,138,33554432,542.68,,
0,bench/30gib-2.bin,139,33554432,472.16,,
0,bench/30gib-2.bin,140,33554432,510.58,,
0,bench/30gib-2.bin,141,33554432,415.30,,
0,bench/30gib-2.bin,142,33554432,393.82,,
0,bench/30gib-2.bin,143,33554432,405.68,,
0,bench/30gib-2.bin,144,33554432,344.14,,
0,bench/30gib-2.bin,145,33554432,423.05,,
0,bench/30gib-2.bin,146,33554432,437.15,,
0,bench/30gib-2.bin,147,33554432,537.23,,
0,bench/30gib-2.bin,148,33554432,448.69,,
0,bench/30gib-2.bin,149,33554432,493.18,,
0,bench/30gib-2.bin,150,33554432,417.05,,
0,bench/30gib-2.bin,151,33554432,452.55,,
0,bench/30gib-2.bin,152,33554432,470.77,,
0,bench/30gib-2.bin,153,33554432,450.02,,
0,bench/30gib-2.bin,154,33554432,487.87,,
0,bench/30gib-2.bin,155,33554432,421.39,,
0,bench/30gib-2.bin,156,33554432,774.33,,
0,bench/30gib-2.bin,157,33554432,591.10,,
0,bench/30gib-2.bin,158,33554432,538.51,,
0,bench/30gib-2.bin,159,33554432,529.09,,
0,bench/30gib-2.bin,160,33554432,515.77,,
0,bench/30gib-2.bin,161,33554432,501.87,,
0,bench/30gib-2.bin,162,33554432,354.47,,
0,bench/30gib-2.bin,163,33554432,345.85,,
0,bench/30gib-2.bin,164,33554432,359.57,,
0,bench/30gib-2.bin,165,33554432,354.35,,
0,bench/30gib-2.bin,166,33554432,460.95,,
0,bench/30gib-2.bin,167,33554432,343.05,,
0,bench/30gib-2.bin,168,33554432,377.83,,
0,bench/30gib-2.bin,169,33554432,403.60,,
0,bench/30gib-2.bin,170,33554432,339.63,,
0,bench/30gib-2.bin,171,33554432,394.84,,
0,bench/30gib-2.bin,172,33554432,635.65,,
0,bench/30gib-2.bin,173,33554432,616.97,,
0,bench/30gib-2.bin,174,33554432,494.04,,
0,bench/30gib-2.bin,175,33554432,523.04,,
0,bench/30gib-2.bin,176,33554432,425.59,,
0,bench/30gib-2.bin,177,33554432,449.11,,
0,bench/30gib-2.bin,178,33554432,447.56,,
0,bench/30gib-2.bin,179,33554432,532.27,,
0,bench/30gib-2.bin,180,33554432,378.96,,
0,bench/30gib-2.bin,181,33554432,565.43,,
0,bench/30gib-2.bin,182,33554432,478.30,,
0,bench/30gib-2.bin,183,33554432,430.47,,
0,bench/30gib-2.bin,184,33554432,436.68,,
0,bench/30gib-2.bin,185,33554432,577.77,,
0,bench/30gib-2.bin,186,33554432,343.90,,
0,bench/30gib-2.bin,187,33554432,540.52,,
0,bench/30gib-2.bin,188,33554432,474.39,,
0,bench/30gib-2.bin,189,33554432,546.10,,
0,bench/30gib-2.bin,190,33554432,464.75,,
0,bench/30gib-2.bin,191,33554432,428.28,,
0,bench/30gib-2.bin,192,33554432,352.30,,
0,bench/30gib-2.bin,193,33554432,586.14,,
0,bench/30gib-2.bin,194,33554432,412.76,,
0,bench/30gib-2.bin,195,33554432,477.97,,
0,bench/30gib-2.bin,196,33554432,492.37,,
0,bench/30gib-2.bin,197,33554432,437.03,,
0,bench/30gib-2.bin,198,33554432,378.54,,
0,bench/30gib-2.bin,199,33554432,373.52,,
0,bench/30gib-2.bin,200,33554432,376.46,,
0,bench/30gib-2.bin,201,33554432,501.62,,
0,bench/30gib-2.bin,202,33554432,345.44,,
0,bench/30gib-2.bin,203,33554432,446.03,,
0,bench/30gib-2.bin,204,33554432,502.66,,
0,bench/30gib-2.bin,205,33554432,513.32,,
0,bench/30gib-2.bin,206,33554432,389.09,,
0,bench/30gib-2.bin,207,33554432,470.00,,
0,bench/30gib-2.bin,208,33554432,355.17,,
0,bench/30gib-2.bin,209,33554432,573.87,,
0,bench/30gib-2.bin,210,33554432,661.59,,
0,bench/30gib-2.bin,211,33554432,660.80,,
0,bench/30gib-2.bin,212,33554432,349.48,,
0,bench/30gib-2.bin,213,33554432,375.92,,
0,bench/30gib-2.bin,214,33554432,514.20,,
0,bench/30gib-2.bin,215,33554432,392.41,,
0,bench/30gib-2.bin,216,33554432,345.86,,
0,bench/30gib-2.bin,217,33554432,434.74,,
0,bench/30gib-2.bin,218,33554432,345.15,,
0,bench/30gib-2.bin,219,33554432,371.65,,
0,bench/30gib-2.bin,220,33554432,341.46,,
0,bench/30gib-2.bin,221,33554432,404.15,,
0,bench/30gib-2.bin,222,33554432,672.92,,
0,bench/30gib-2.bin,223,33554432,408.78,,
0,bench/30gib-2.bin,224,33554432,434.45,,
0,bench/30gib-2.bin,225,33554432,433.10,,
0,bench/30gib-2.bin,226,33554432,886.75,,
0,bench/30gib-2.bin,227,33554432,418.00,,
0,bench/30gib-2.bin,228,33554432,625.42,,
0,bench/30gib-2.bin,229,33554432,425.21,,
0,bench/30gib-2.bin,230,33554432,342.51,,
0,bench/30gib-2.bin,231,33554432,539.07,,
0,bench/30gib-2.bin,232,33554432,430.67,,
0,bench/30gib-2.bin,233,33554432,398.72,,
0,bench/30gib-2.bin,234,33554432,891.44,,
0,bench/30gib-2.bin,235,33554432,350.51,,
0,bench/30gib-2.bin,236,33554432,499.46,,
0,bench/30gib-2.bin,237,33554432,342.08,,
0,bench/30gib-2.bin,238,33554432,439.85,,
0,bench/30gib-2.bin,239,33554432,423.05,,
0,bench/30gib-2.bin,240,33554432,351.13,,
0,bench/30gib-2.bin,241,33554432,523.74,,
0,bench/30gib-2.bin,242,33554432,472.78,,
0,bench/30gib-2.bin,243,33554432,456.56,,
0,bench/30gib-2.bin,244,33554432,487.31,,
0,bench/30gib-2.bin,245,33554432,406.36,,
0,bench/30gib-2.bin,246,33554432,508.24,,
0,bench/30gib-2.bin,247,33554432,345.25,,
0,bench/30gib-2.bin,248,33554432,347.06,,
0,bench/30gib-2.bin,249,33554432,489.27,,
0,bench/30gib-2.bin,250,33554432,582.43,,
0,bench/30gib-2.bin,251,33554432,477.51,,
0,bench/30gib-2.bin,252,33554432,433.67,,
0,bench/30gib-2.bin,253,33554432,354.11,,
0,bench/30gib-2.bin,254,33554432,493.16,,
0,bench/30gib-2.bin,255,33554432,479.83,,
0,bench/30gib-2.bin,256,33554432,461.04,,
0,bench/30gib-2.bin,257,33554432,434.04,,
0,bench/30gib-2.bin,258,33554432,499.11,,
0,bench/30gib-2.bin,259,33554432,370.75,,
0,bench/30gib-2.bin,260,33554432,739.03,,
0,bench/30gib-2.bin,261,33554432,352.18,,
0,bench/30gib-2.bin,262,33554432,787.95,,
0,bench/30gib-2.bin,263,33554432,347.96,,
0,bench/30gib-2.bin,264,33554432,506.71,,
0,bench/30gib-2.bin,265,33554432,341.48,,
0,bench/30gib-2.bin,266,33554432,646.08,,
0,bench/30gib-2.bin,267,33554432,587.26,,
0,bench/30gib-2.bin,268,33554432,341.66,,
0,bench/30gib-2.bin,269,33554432,367.43,,
0,bench/30gib-2.bin,270,33554432,473.62,,
0,bench/30gib-2.bin,271,33554432,508.74,,
0,bench/30gib-2.bin,272,33554432,436.13,,
0,bench/30gib-2.bin,273,33554432,388.71,,
0,bench/30gib-2.bin,274,33554432,542.26,,
0,bench/30gib-2.bin,275,33554432,554.21,,
0,bench/30gib-2.bin,276,33554432,407.79,,
0,bench/30gib-2.bin,277,33554432,538.84,,
0,bench/30gib-2.bin,278,33554432,406.18,,
0,bench/30gib-2.bin,279,33554432,406.18,,
0,bench/30gib-2.bin,280,33554432,400.83,,
0,bench/30gib-2.bin,281,33554432,370.75,,
0,bench/30gib-2.bin,282,33554432,559.92,,
0,bench/30gib-2.bin,283,33554432,441.12,,
0,bench/30gib-2.bin,284,33554432,374.45,,
0,bench/30gib-2.bin,285,33554432,379.20,,
0,bench/30gib-2.bin,286,33554432,466.31,,
0,bench/30gib-2.bin,287,33554432,453.92,,
0,bench/30gib-2.bin,288,33554432,565.66,,
0,bench/30gib-2.bin,289,33554432,469.58,,
0,bench/30gib-2.bin,290,33554432,430.33,,
0,bench/30gib-2.bin,291,33554432,484.10,,
0,bench/30gib-2.bin,292,33554432,360.42,,
0,bench/30gib-2.bin,293,33554432,464.08,,
0,bench/30gib-2.bin,294,33554432,342.30,,
0,bench/30gib-2.bin,295,33554432,410.11,,
0,bench/30gib-2.bin,296,33554432,581.55,,
0,bench/30gib-2.bin,297,33554432,459.76,,
0,bench/30gib-2.bin,298,33554432,365.32,,
0,bench/30gib-2.bin,299,33554432,519.02,,
0,bench/30gib-2.bin,300,33554432,542.30,,
0,bench/30gib-2.bin,301,33554432,366.01,,
0,bench/30gib-2.bin,302,33554432,446.63,,
0,bench/30gib-2.bin,303,33554432,510.93,,
0,bench/30gib-2.bin,304,33554432,504.58,,
0,bench/30gib-2.bin,305,33554432,341.19,,
0,bench/30gib-2.bin,306,33554432,415.98,,
0,bench/30gib-2.bin,307,33554432,436.51,,
0,bench/30gib-2.bin,308,33554432,341.08,,
0,bench/30gib-2.bin,309,33554432,549.41,,
0,bench/30gib-2.bin,310,33554432,533.54,,
0,bench/30gib-2.bin,311,33554432,470.58,,
0,bench/30gib-2.bin,312,33554432,518.84,,
0,bench/30gib-2.bin,313,33554432,465.65,,
0,bench/30gib-2.bin,314,33554432,707.57,,
0,bench/30gib-2.bin,315,33554432,369.01,,
0,bench/30gib-2.bin,316,33554432,416.82,,
0,bench/30gib-2.bin,317,33554432,354.40,,
0,bench/30gib-2.bin,318,33554432,340.74,,
0,bench/30gib-2.bin,319,33554432,377.04,,
0,bench/30gib-2.bin,320,33554432,453.43,,
0,bench/30gib-2.bin,321,33554432,482.87,,
0,bench/30gib-2.bin,322,33554432,424.00,,
0,bench/30gib-2.bin,323,33554432,461.68,,
0,bench/30gib-2.bin,324,33554432,440.95,,
0,bench/30gib-2.bin,325,33554432,356.54,,
0,bench/30gib-2.bin,326,33554432,598.83,,
0,bench/30gib-2.bin,327,33554432,463.31,,
0,bench/30gib-2.bin,328,33554432,384.56,,
0,bench/30gib-2.bin,329,33554432,1561.69,,
0,bench/30gib-2.bin,330,33554432,364.27,,
0,bench/30gib-2.bin,331,33554432,486.98,,
0,bench/30gib-2.bin,332,33554432,418.38,,
0,bench/30gib-2.bin,333,33554432,361.62,,
0,bench/30gib-2.bin,334,33554432,493.97,,
0,bench/30gib-2.bin,335,33554432,380.66,,
0,bench/30gib-2.bin,336,33554432,475.97,,
0,bench/30gib-2.bin,337,33554432,350.45,,
0,bench/30gib-2.bin,338,33554432,1002.03,,
0,bench/30gib-2.bin,339,33554432,555.32,,
0,bench/30gib-2.bin,340,33554432,403.86,,
0,bench/30gib-2.bin,341,33554432,507.73,,
0,bench/30gib-2.bin,342,33554432,387.83,,
0,bench/30gib-2.bin,343,33554432,344.43,,
0,bench/30gib-2.bin,344,33554432,456.41,,
0,bench/30gib-2.bin,345,33554432,429.76,,
0,bench/30gib-2.bin,346,33554432,380.41,,
0,bench/30gib-2.bin,347,33554432,347.29,,
0,bench/30gib-2.bin,348,33554432,525.39,,
0,bench/30gib-2.bin,349,33554432,420.73,,
0,bench/30gib-2.bin,350,33554432,379.78,,
0,bench/30gib-2.bin,351,33554432,385.02,,
0,bench/30gib-2.bin,352,33554432,720.35,,
0,bench/30gib-2.bin,353,33554432,489.58,,
0,bench/30gib-2.bin,354,33554432,444.02,,
0,bench/30gib-2.bin,355,33554432,366.57,,
0,bench/30gib-2.bin,356,33554432,343.35,,
0,bench/30gib-2.bin,357,33554432,456.25,,
0,bench/30gib-2.bin,358,33554432,411.95,,
0,bench/30gib-2.bin,359,33554432,606.42,,
0,bench/30gib-2.bin,360,33554432,517.52,,
0,bench/30gib-2.bin,361,33554432,545.65,,
0,bench/30gib-2.bin,362,33554432,427.32,,
0,bench/30gib-2.bin,363,33554432,497.00,,
0,bench/30gib-2.bin,364,33554432,354.78,,
0,bench/30gib-2.bin,365,33554432,598.24,,
0,bench/30gib-2.bin,366,33554432,505.06,,
0,bench/30gib-2.bin,367,33554432,389.39,,
0,bench/30gib-2.bin,368,33554432,388.87,,
0,bench/30gib-2.bin,369,33554432,438.21,,
0,bench/30gib-2.bin,370,33554432,388.85,,
0,bench/30gib-2.bin,371,33554432,782.55,,
0,bench/30gib-2.bin,372,33554432,529.52,,
0,bench/30gib-2.bin,373,33554432,409.71,,
0,bench/30gib-2.bin,374,33554432,612.62,,
0,bench/30gib-2.bin,375,33554432,484.73,,
0,bench/30gib-2.bin,376,33554432,363.45,,
0,bench/30gib-2.bin,377,33554432,357.13,,
0,bench/30gib-2.bin,378,33554432,471.56,,
0,bench/30gib-2.bin,379,33554432,349.61,,
0,bench/30gib-2.bin,380,33554432,487.40,,
0,bench/30gib-2.bin,381,33554432,385.91,,
0,bench/30gib-2.bin,382,33554432,417.80,,
0,bench/30gib-2.bin,383,33554432,353.32,,
0,bench/30gib-2.bin,384,33554432,394.11,,
0,bench/30gib-2.bin,385,33554432,445.06,,
0,bench/30gib-2.bin,386,33554432,476.97,,
0,bench/30gib-2.bin,387,33554432,534.32,,
0,bench/30gib-2.bin,388,33554432,382.86,,
0,bench/30gib-2.bin,389,33554432,498.58,,
0,bench/30gib-2.bin,390,33554432,355.74,,
0,bench/30gib-2.bin,391,33554432,343.72,,
0,bench/30gib-2.bin,392,33554432,345.63,,
0,bench/30gib-2.bin,393,33554432,359.32,,
0,bench/30gib-2.bin,394,33554432,916.91,,
0,bench/30gib-2.bin,395,33554432,396.12,,
0,bench/30gib-2.bin,396,33554432,504.06,,
0,bench/30gib-2.bin,397,33554432,478.94,,
0,bench/30gib-2.bin,398,33554432,483.04,,
0,bench/30gib-2.bin,399,33554432,379.15,,
0,bench/30gib-2.bin,400,33554432,431.72,,
0,bench/30gib-2.bin,401,33554432,431.90,,
0,bench/30gib-2.bin,402,33554432,436.96,,
0,bench/30gib-2.bin,403,33554432,379.99,,
0,bench/30gib-2.bin,404,33554432,451.71,,
0,bench/30gib-2.bin,405,33554432,499.33,,
0,bench/30gib-2.bin,406,33554432,357.69,,
0,bench/30gib-2.bin,407,33554432,353.80,,
0,bench/30gib-2.bin,408,33554432,878.05,,
0,bench/30gib-2.bin,409,33554432,432.28,,
0,bench/30gib-2.bin,410,33554432,397.70,,
0,bench/30gib-2.bin,411,33554432,340.91,,
0,bench/30gib-2.bin,412,33554432,663.00,,
0,bench/30gib-2.bin,413,33554432,341.49,,
0,bench/30gib-2.bin,414,33554432,344.67,,
0,bench/30gib-2.bin,415,33554432,347.68,,
0,bench/30gib-2.bin,416,33554432,379.42,,
0,bench/30gib-2.bin,417,33554432,507.36,,
0,bench/30gib-2.bin,418,33554432,355.04,,
0,bench/30gib-2.bin,419,33554432,399.90,,
0,bench/30gib-2.bin,420,33554432,431.82,,
0,bench/30gib-2.bin,421,33554432,448.88,,
0,bench/30gib-2.bin,422,33554432,411.03,,
0,bench/30gib-2.bin,423,33554432,418.34,,
0,bench/30gib-2.bin,424,33554432,445.36,,
0,bench/30gib-2.bin,425,33554432,396.37,,
0,bench/30gib-2.bin,426,33554432,349.55,,
0,bench/30gib-2.bin,427,33554432,412.42,,
0,bench/30gib-2.bin,428,33554432,627.39,,
0,bench/30gib-2.bin,429,33554432,469.52,,
0,bench/30gib-2.bin,430,33554432,798.04,,
0,bench/30gib-2.bin,431,33554432,377.81,,
0,bench/30gib-2.bin,432,33554432,423.00,,
0,bench/30gib-2.bin,433,33554432,454.28,,
0,bench/30gib-2.bin,434,33554432,353.32,,
0,bench/30gib-2.bin,435,33554432,340.46,,
0,bench/30gib-2.bin,436,33554432,398.13,,
0,bench/30gib-2.bin,437,33554432,486.13,,
0,bench/30gib-2.bin,438,33554432,384.98,,
0,bench/30gib-2.bin,439,33554432,1065.32,,
0,bench/30gib-2.bin,440,33554432,576.02,,
0,bench/30gib-2.bin,441,33554432,429.03,,
0,bench/30gib-2.bin,442,33554432,412.37,,
0,bench/30gib-2.bin,443,33554432,480.92,,
0,bench/30gib-2.bin,444,33554432,358.27,,
0,bench/30gib-2.bin,445,33554432,463.63,,
0,bench/30gib-2.bin,446,33554432,398.23,,
0,bench/30gib-2.bin,447,33554432,521.67,,
0,bench/30gib-2.bin,448,33554432,435.64,,
0,bench/30gib-2.bin,449,33554432,414.82,,
0,bench/30gib-2.bin,450,33554432,363.94,,
0,bench/30gib-2.bin,451,33554432,497.73,,
0,bench/30gib-2.bin,452,33554432,459.44,,
0,bench/30gib-2.bin,453,33554432,513.13,,
0,bench/30gib-2.bin,454,33554432,364.45,,
0,bench/30gib-2.bin,455,33554432,390.64,,
0,bench/30gib-2.bin,456,33554432,433.67,,
0,bench/30gib-2.bin,457,33554432,559.12,,
0,bench/30gib-2.bin,458,33554432,386.19,,
0,bench/30gib-2.bin,459,33554432,363.23,,
0,bench/30gib-2.bin,460,33554432,362.30,,
0,bench/30gib-2.bin,461,33554432,465.21,,
0,bench/30gib-2.bin,462,33554432,374.83,,
0,bench/30gib-2.bin,463,33554432,581.56,,
0,bench/30gib-2.bin,464,33554432,643.60,,
0,bench/30gib-2.bin,465,33554432,396.79,,
0,bench/30gib-2.bin,466,33554432,450.93,,
0,bench/30gib-2.bin,467,33554432,349.12,,
0,bench/30gib-2.bin,468,33554432,687.91,,
0,bench/30gib-2.bin,469,33554432,692.21,,
0,bench/30gib-2.bin,470,33554432,345.92,,
0,bench/30gib-2.bin,471,33554432,418.28,,
0,bench/30gib-2.bin,472,33554432,352.29,,
0,bench/30gib-2.bin,473,33554432,347.22,,
0,bench/30gib-2.bin,474,33554432,483.89,,
0,bench/30gib-2.bin,475,33554432,475.16,,
0,bench/30gib-2.bin,476,33554432,782.44,,
0,bench/30gib-2.bin,477,33554432,346.08,,
0,bench/30gib-2.bin,478,33554432,393.06,,
0,bench/30gib-2.bin,479,33554432,484.69,,
0,bench/30gib-2.bin,480,33554432,468.30,,
0,bench/30gib-2.bin,481,33554432,569.83,,
0,bench/30gib-2.bin,482,33554432,543.34,,
0,bench/30gib-2.bin,483,33554432,506.61,,
0,bench/30gib-2.bin,484,33554432,430.74,,
0,bench/30gib-2.bin,485,33554432,688.40,,
0,bench/30gib-2.bin,486,33554432,426.20,,
0,bench/30gib-2.bin,487,33554432,344.01,,
0,bench/30gib-2.bin,488,33554432,575.30,,
0,bench/30gib-2.bin,489,33554432,728.69,,
0,bench/30gib-2.bin,490,33554432,435.74,,
0,bench/30gib-2.bin,491,33554432,426.05,,
0,bench/30gib-2.bin,492,33554432,462.24,,
0,bench/30gib-2.bin,493,33554432,340.73,,
0,bench/30gib-2.bin,494,33554432,381.30,,
0,bench/30gib-2.bin,495,33554432,440.09,,
0,bench/30gib-2.bin,496,33554432,621.01,,
0,bench/30gib-2.bin,497,33554432,599.93,,
0,bench/30gib-2.bin,498,33554432,428.02,,
0,bench/30gib-2.bin,499,33554432,411.72,,
0,bench/30gib-2.bin,500,33554432,502.75,,
0,bench/30gib-2.bin,501,33554432,517.82,,
0,bench/30gib-2.bin,502,33554432,458.72,,
0,bench/30gib-2.bin,503,33554432,529.36,,
0,bench/30gib-2.bin,504,33554432,383.40,,
0,bench/30gib-2.bin,505,33554432,360.92,,
0,bench/30gib-2.bin,506,33554432,407.96,,
0,bench/30gib-2.bin,507,33554432,462.50,,
0,bench/30gib-2.bin,508,33554432,396.35,,
0,bench/30gib-2.bin,509,33554432,578.76,,
0,bench/30gib-2.bin,510,33554432,436.32,,
0,bench/30gib-2.bin,511,33554432,500.23,,
0,bench/30gib-2.bin,512,33554432,424.97,,
0,bench/30gib-2.bin,513,33554432,401.71,,
0,bench/30gib-2.bin,514,33554432,888.52,,
0,bench/30gib-2.bin,515,33554432,498.83,,
0,bench/30gib-2.bin,516,33554432,384.43,,
0,bench/30gib-2.bin,517,33554432,690.20,,
0,bench/30gib-2.bin,518,33554432,455.84,,
0,bench/30gib-2.bin,519,33554432,488.58,,
0,bench/30gib-2.bin,520,33554432,402.34,,
0,bench/30gib-2.bin,521,33554432,452.92,,
0,bench/30gib-2.bin,522,33554432,363.99,,
0,bench/30gib-2.bin,523,33554432,374.03,,
0,bench/30gib-2.bin,524,33554432,499.60,,
0,bench/30gib-2.bin,525,33554432,710.08,,
0,bench/30gib-2.bin,526,33554432,623.02,,
0,bench/30gib-2.bin,527,33554432,391.22,,
0,bench/30gib-2.bin,528,33554432,343.53,,
0,bench/30gib-2.bin,529,33554432,523.27,,
0,bench/30gib-2.bin,530,33554432,417.21,,
0,bench/30gib-2.bin,531,33554432,580.38,,
0,bench/30gib-2.bin,532,33554432,575.57,,
0,bench/30gib-2.bin,533,33554432,558.23,,
0,bench/30gib-2.bin,534,33554432,589.30,,
0,bench/30gib-2.bin,535,33554432,483.14,,
0,bench/30gib-2.bin,536,33554432,517.89,,
0,bench/30gib-2.bin,537,33554432,393.29,,
0,bench/30gib-2.bin,538,33554432,473.71,,
0,bench/30gib-2.bin,539,33554432,510.63,,
0,bench/30gib-2.bin,540,33554432,383.38,,
0,bench/30gib-2.bin,541,33554432,407.27,,
0,bench/30gib-2.bin,542,33554432,348.33,,
0,bench/30gib-2.bin,543,33554432,515.12,,
0,bench/30gib-2.bin,544,33554432,385.68,,
0,bench/30gib-2.bin,545,33554432,431.36,,
0,bench/30gib-2.bin,546,33554432,344.08,,
0,bench/30gib-2.bin,547,33554432,437.30,,
0,bench/30gib-2.bin,548,33554432,419.75,,
0,bench/30gib-2.bin,549,33554432,385.85,,
0,bench/30gib-2.bin,550,33554432,353.64,,
0,bench/30gib-2.bin,551,33554432,356.20,,
0,bench/30gib-2.bin,552,33554432,444.56,,
0,bench/30gib-2.bin,553,33554432,423.67,,
0,bench/30gib-2.bin,554,33554432,349.83,,
0,bench/30gib-2.bin,555,33554432,475.11,,
0,bench/30gib-2.bin,556,33554432,543.73,,
0,bench/30gib-2.bin,557,33554432,359.38,,
0,bench/30gib-2.bin,558,33554432,397.86,,
0,bench/30gib-2.bin,559,33554432,396.98,,
0,bench/30gib-2.bin,560,33554432,388.38,,
0,bench/30gib-2.bin,561,33554432,350.42,,
0,bench/30gib-2.bin,562,33554432,344.82,,
0,bench/30gib-2.bin,563,33554432,742.12,,
0,bench/30gib-2.bin,564,33554432,349.24,,
0,bench/30gib-2.bin,565,33554432,539.20,,
0,bench/30gib-2.bin,566,33554432,489.86,,
0,bench/30gib-2.bin,567,33554432,420.97,,
0,bench/30gib-2.bin,568,33554432,484.53,,
0,bench/30gib-2.bin,569,33554432,421.03,,
0,bench/30gib-2.bin,570,33554432,483.96,,
0,bench/30gib-2.bin,571,33554432,521.66,,
0,bench/30gib-2.bin,572,33554432,348.35,,
0,bench/30gib-2.bin,573,33554432,516.09,,
0,bench/30gib-2.bin,574,33554432,435.07,,
0,bench/30gib-2.bin,575,33554432,893.20,,
0,bench/30gib-2.bin,576,33554432,535.57,,
0,bench/30gib-2.bin,577,33554432,768.46,,
0,bench/30gib-2.bin,578,33554432,431.09,,
0,bench/30gib-2.bin,579,33554432,469.47,,
0,bench/30gib-2.bin,580,33554432,586.97,,
0,bench/30gib-2.bin,581,33554432,503.92,,
0,bench/30gib-2.bin,582,33554432,565.76,,
0,bench/30gib-2.bin,583,33554432,374.68,,
0,bench/30gib-2.bin,584,33554432,434.86,,
0,bench/30gib-2.bin,585,33554432,435.16,,
0,bench/30gib-2.bin,586,33554432,527.06,,
0,bench/30gib-2.bin,587,33554432,412.58,,
0,bench/30gib-2.bin,588,33554432,428.59,,
0,bench/30gib-2.bin,589,33554432,464.58,,
0,bench/30gib-2.bin,590,33554432,484.35,,
0,bench/30gib-2.bin,591,33554432,521.27,,
0,bench/30gib-2.bin,592,33554432,550.97,,
0,bench/30gib-2.bin,593,33554432,430.14,,
0,bench/30gib-2.bin,594,33554432,457.87,,
0,bench/30gib-2.bin,595,33554432,415.47,,
0,bench/30gib-2.bin,596,33554432,805.39,,
0,bench/30gib-2.bin,597,33554432,390.20,,
0,bench/30gib-2.bin,598,33554432,535.79,,
0,bench/30gib-2.bin,599,33554432,691.03,,
0,bench/30gib-2.bin,600,33554432,571.87,,
0,bench/30gib-2.bin,601,33554432,443.44,,
0,bench/30gib-2.bin,602,33554432,419.17,,
0,bench/30gib-2.bin,603,33554432,401.07,,
0,bench/30gib-2.bin,604,33554432,699.55,,
0,bench/30gib-2.bin,605,33554432,523.04,,
0,bench/30gib-2.bin,606,33554432,370.72,,
0,bench/30gib-2.bin,607,33554432,352.24,,
0,bench/30gib-2.bin,608,33554432,469.61,,
0,bench/30gib-2.bin,609,33554432,467.29,,
0,bench/30gib-2.bin,610,33554432,400.09,,
0,bench/30gib-2.bin,611,33554432,350.22,,
0,bench/30gib-2.bin,612,33554432,427.71,,
0,bench/30gib-2.bin,613,33554432,532.58,,
0,bench/30gib-2.bin,614,33554432,537.99,,
0,bench/30gib-2.bin,615,33554432,453.00,,
0,bench/30gib-2.bin,616,33554432,570.91,,
0,bench/30gib-2.bin,617,33554432,529.38,,
0,bench/30gib-2.bin,618,33554432,391.98,,
0,bench/30gib-2.bin,619,33554432,464.81,,
0,bench/30gib-2.bin,620,33554432,432.31,,
0,bench/30gib-2.bin,621,33554432,551.81,,
0,bench/30gib-2.bin,622,33554432,436.27,,
0,bench/30gib-2.bin,623,33554432,379.42,,
0,bench/30gib-2.bin,624,33554432,720.32,,
0,bench/30gib-2.bin,625,33554432,341.24,,
0,bench/30gib-2.bin,626,33554432,456.02,,
0,bench/30gib-2.bin,627,33554432,558.36,,
0,bench/30gib-2.bin,628,33554432,405.59,,
0,bench/30gib-2.bin,629,33554432,590.86,,
0,bench/30gib-2.bin,630,33554432,543.67,,
0,bench/30gib-2.bin,631,33554432,385.38,,
0,bench/30gib-2.bin,632,33554432,522.21,,
0,bench/30gib-2.bin,633,33554432,547.05,,
0,bench/30gib-2.bin,634,33554432,472.12,,
0,bench/30gib-2.bin,635,33554432,664.37,,
0,bench/30gib-2.bin,636,33554432,571.70,,
0,bench/30gib-2.bin,637,33554432,349.85,,
0,bench/30gib-2.bin,638,33554432,590.15,,
0,bench/30gib-2.bin,639,33554432,473.64,,
0,bench/30gib-2.bin,640,33554432,463.97,,
0,bench/30gib-2.bin,641,33554432,576.36,,
0,bench/30gib-2.bin,642,33554432,569.99,,
0,bench/30gib-2.bin,643,33554432,387.94,,
0,bench/30gib-2.bin,644,33554432,360.64,,
0,bench/30gib-2.bin,645,33554432,403.24,,
0,bench/30gib-2.bin,646,33554432,426.30,,
0,bench/30gib-2.bin,647,33554432,946.62,,
0,bench/30gib-2.bin,648,33554432,489.67,,
0,bench/30gib-2.bin,649,33554432,355.53,,
0,bench/30gib-2.bin,650,33554432,538.83,,
0,bench/30gib-2.bin,651,33554432,425.41,,
0,bench/30gib-2.bin,652,33554432,477.13,,
0,bench/30gib-2.bin,653,33554432,468.24,,
0,bench/30gib-2.bin,654,33554432,436.98,,
0,bench/30gib-2.bin,655,33554432,584.06,,
0,bench/30gib-2.bin,656,33554432,341.25,,
0,bench/30gib-2.bin,657,33554432,397.53,,
0,bench/30gib-2.bin,658,33554432,348.49,,
0,bench/30gib-2.bin,659,33554432,406.85,,
0,bench/30gib-2.bin,660,33554432,347.26,,
0,bench/30gib-2.bin,661,33554432,340.07,,
0,bench/30gib-2.bin,662,33554432,411.33,,
0,bench/30gib-2.bin,663,33554432,524.65,,
0,bench/30gib-2.bin,664,33554432,542.31,,
0,bench/30gib-2.bin,665,33554432,476.10,,
0,bench/30gib-2.bin,666,33554432,540.83,,
0,bench/30gib-2.bin,667,33554432,457.24,,
0,bench/30gib-2.bin,668,33554432,567.42,,
0,bench/30gib-2.bin,669,33554432,368.07,,
0,bench/30gib-2.bin,670,33554432,537.68,,
0,bench/30gib-2.bin,671,33554432,417.98,,
0,bench/30gib-2.bin,672,33554432,363.26,,
0,bench/30gib-2.bin,673,33554432,488.35,,
0,bench/30gib-2.bin,674,33554432,442.63,,
0,bench/30gib-2.bin,675,33554432,428.62,,
0,bench/30gib-2.bin,676,33554432,350.29,,
0,bench/30gib-2.bin,677,33554432,348.89,,
0,bench/30gib-2.bin,678,33554432,422.75,,
0,bench/30gib-2.bin,679,33554432,414.71,,
0,bench/30gib-2.bin,680,33554432,367.89,,
0,bench/30gib-2.bin,681,33554432,347.68,,
0,bench/30gib-2.bin,682,33554432,466.87,,
0,bench/30gib-2.bin,683,33554432,363.66,,
0,bench/30gib-2.bin,684,33554432,541.00,,
0,bench/30gib-2.bin,685,33554432,389.30,,
0,bench/30gib-2.bin,686,33554432,352.70,,
0,bench/30gib-2.bin,687,33554432,378.57,,
0,bench/30gib-2.bin,688,33554432,410.41,,
0,bench/30gib-2.bin,689,33554432,385.03,,
0,bench/30gib-2.bin,690,33554432,800.10,,
0,bench/30gib-2.bin,691,33554432,505.46,,
0,bench/30gib-2.bin,692,33554432,352.33,,
0,bench/30gib-2.bin,693,33554432,690.55,,
0,bench/30gib-2.bin,694,33554432,563.45,,
0,bench/30gib-2.bin,695,33554432,383.20,,
0,bench/30gib-2.bin,696,33554432,343.74,,
0,bench/30gib-2.bin,697,33554432,464.85,,
0,bench/30gib-2.bin,698,33554432,341.93,,
0,bench/30gib-2.bin,699,33554432,424.18,,
0,bench/30gib-2.bin,700,33554432,623.10,,
0,bench/30gib-2.bin,701,33554432,342.19,,
0,bench/30gib-2.bin,702,33554432,626.93,,
0,bench/30gib-2.bin,703,33554432,524.56,,
0,bench/30gib-2.bin,704,33554432,456.55,,
0,bench/30gib-2.bin,705,33554432,536.56,,
0,bench/30gib-2.bin,706,33554432,467.38,,
0,bench/30gib-2.bin,707,33554432,700.06,,
0,bench/30gib-2.bin,708,33554432,507.11,,
0,bench/30gib-2.bin,709,33554432,470.46,,
0,bench/30gib-2.bin,710,33554432,521.52,,
0,bench/30gib-2.bin,711,33554432,343.01,,
0,bench/30gib-2.bin,712,33554432,439.77,,
0,bench/30gib-2.bin,713,33554432,565.79,,
0,bench/30gib-2.bin,714,33554432,344.71,,
0,bench/30gib-2.bin,715,33554432,402.23,,
0,bench/30gib-2.bin,716,33554432,592.38,,
0,bench/30gib-2.bin,717,33554432,422.02,,
0,bench/30gib-2.bin,718,33554432,483.95,,
0,bench/30gib-2.bin,719,33554432,551.81,,
0,bench/30gib-2.bin,720,33554432,449.06,,
0,bench/30gib-2.bin,721,33554432,412.79,,
0,bench/30gib-2.bin,722,33554432,392.28,,
0,bench/30gib-2.bin,723,33554432,519.68,,
0,bench/30gib-2.bin,724,33554432,347.06,,
0,bench/30gib-2.bin,725,33554432,365.65,,
0,bench/30gib-2.bin,726,33554432,413.92,,
0,bench/30gib-2.bin,727,33554432,393.29,,
0,bench/30gib-2.bin,728,33554432,441.54,,
0,bench/30gib-2.bin,729,33554432,511.95,,
0,bench/30gib-2.bin,730,33554432,473.70,,
0,bench/30gib-2.bin,731,33554432,402.80,,
0,bench/30gib-2.bin,732,33554432,386.27,,
0,bench/30gib-2.bin,733,33554432,397.48,,
0,bench/30gib-2.bin,734,33554432,346.50,,
0,bench/30gib-2.bin,735,33554432,528.57,,
0,bench/30gib-2.bin,736,33554432,605.15,,
0,bench/30gib-2.bin,737,33554432,410.31,,
0,bench/30gib-2.bin,738,33554432,612.19,,
0,bench/30gib-2.bin,739,33554432,432.25,,
0,bench/30gib-2.bin,740,33554432,399.60,,
0,bench/30gib-2.bin,741,33554432,603.73,,
0,bench/30gib-2.bin,742,33554432,344.99,,
0,bench/30gib-2.bin,743,33554432,551.43,,
0,bench/30gib-2.bin,744,33554432,511.13,,
0,bench/30gib-2.bin,745,33554432,433.22,,
0,bench/30gib-2.bin,746,33554432,545.87,,
0,bench/30gib-2.bin,747,33554432,388.78,,
0,bench/30gib-2.bin,748,33554432,596.30,,
0,bench/30gib-2.bin,749,33554432,453.64,,
0,bench/30gib-2.bin,750,33554432,826.22,,
0,bench/30gib-2.bin,751,33554432,585.69,,
0,bench/30gib-2.bin,752,33554432,522.29,,
0,bench/30gib-2.bin,753,33554432,345.56,,
0,bench/30gib-2.bin,754,33554432,408.90,,
0,bench/30gib-2.bin,755,33554432,533.13,,
0,bench/30gib-2.bin,756,33554432,450.36,,
0,bench/30gib-2.bin,757,33554432,343.99,,
0,bench/30gib-2.bin,758,33554432,591.43,,
0,bench/30gib-2.bin,759,33554432,418.66,,
0,bench/30gib-2.bin,760,33554432,422.33,,
0,bench/30gib-2.bin,761,33554432,560.87,,
0,bench/30gib-2.bin,762,33554432,428.35,,
0,bench/30gib-2.bin,763,33554432,410.72,,
0,bench/30gib-2.bin,764,33554432,459.98,,
0,bench/30gib-2.bin,765,33554432,382.60,,
0,bench/30gib-2.bin,766,33554432,506.50,,
0,bench/30gib-2.bin,767,33554432,386.97,,
0,bench/30gib-2.bin,768,33554432,456.91,,
0,bench/30gib-2.bin,769,33554432,704.49,,
0,bench/30gib-2.bin,770,33554432,341.37,,
0,bench/30gib-2.bin,771,33554432,535.00,,
0,bench/30gib-2.bin,772,33554432,555.51,,
0,bench/30gib-2.bin,773,33554432,586.80,,
0,bench/30gib-2.bin,774,33554432,347.80,,
0,bench/30gib-2.bin,775,33554432,510.22,,
0,bench/30gib-2.bin,776,33554432,339.92,,
0,bench/30gib-2.bin,777,33554432,523.97,,
0,bench/30gib-2.bin,778,33554432,343.72,,
0,bench/30gib-2.bin,779,33554432,646.74,,
0,bench/30gib-2.bin,780,33554432,518.98,,
0,bench/30gib-2.bin,781,33554432,483.78,,
0,bench/30gib-2.bin,782,33554432,440.48,,
0,bench/30gib-2.bin,783,33554432,533.55,,
0,bench/30gib-2.bin,784,33554432,443.67,,
0,bench/30gib-2.bin,785,33554432,438.37,,
0,bench/30gib-2.bin,786,33554432,401.70,,
0,bench/30gib-2.bin,787,33554432,511.40,,
0,bench/30gib-2.bin,788,33554432,353.06,,
0,bench/30gib-2.bin,789,33554432,810.75,,
0,bench/30gib-2.bin,790,33554432,475.80,,
0,bench/30gib-2.bin,791,33554432,458.18,,
0,bench/30gib-2.bin,792,33554432,534.10,,
0,bench/30gib-2.bin,793,33554432,610.83,,
0,bench/30gib-2.bin,794,33554432,532.54,,
0,bench/30gib-2.bin,795,33554432,392.23,,
0,bench/30gib-2.bin,796,33554432,342.02,,
0,bench/30gib-2.bin,797,33554432,341.80,,
0,bench/30gib-2.bin,798,33554432,469.68,,
0,bench/30gib-2.bin,799,33554432,344.94,,
0,bench/30gib-2.bin,800,33554432,398.33,,
0,bench/30gib-2.bin,801,33554432,364.26,,
0,bench/30gib-2.bin,802,33554432,547.81,,
0,bench/30gib-2.bin,803,33554432,570.17,,
0,bench/30gib-2.bin,804,33554432,365.28,,
0,bench/30gib-2.bin,805,33554432,387.03,,
0,bench/30gib-2.bin,806,33554432,371.79,,
0,bench/30gib-2.bin,807,33554432,472.66,,
0,bench/30gib-2.bin,808,33554432,482.79,,
0,bench/30gib-2.bin,809,33554432,452.83,,
0,bench/30gib-2.bin,810,33554432,549.91,,
0,bench/30gib-2.bin,811,33554432,429.64,,
0,bench/30gib-2.bin,812,33554432,497.07,,
0,bench/30gib-2.bin,813,33554432,350.58,,
0,bench/30gib-2.bin,814,33554432,637.18,,
0,bench/30gib-2.bin,815,33554432,345.68,,
0,bench/30gib-2.bin,816,33554432,691.82,,
0,bench/30gib-2.bin,817,33554432,437.97,,
0,bench/30gib-2.bin,818,33554432,781.92,,
0,bench/30gib-2.bin,819,33554432,417.39,,
0,bench/30gib-2.bin,820,33554432,490.99,,
0,bench/30gib-2.bin,821,33554432,363.22,,
0,bench/30gib-2.bin,822,33554432,616.82,,
0,bench/30gib-2.bin,823,33554432,476.39,,
0,bench/30gib-2.bin,824,33554432,461.49,,
0,bench/30gib-2.bin,825,33554432,521.09,,
0,bench/30gib-2.bin,826,33554432,464.40,,
0,bench/30gib-2.bin,827,33554432,472.16,,
0,bench/30gib-2.bin,828,33554432,644.70,,
0,bench/30gib-2.bin,829,33554432,351.83,,
0,bench/30gib-2.bin,830,33554432,360.65,,
0,bench/30gib-2.bin,831,33554432,340.79,,
0,bench/30gib-2.bin,832,33554432,519.68,,
0,bench/30gib-2.bin,833,33554432,516.63,,
0,bench/30gib-2.bin,834,33554432,549.61,,
0,bench/30gib-2.bin,835,33554432,645.29,,
0,bench/30gib-2.bin,836,33554432,438.91,,
0,bench/30gib-2.bin,837,33554432,347.13,,
0,bench/30gib-2.bin,838,33554432,631.72,,
0,bench/30gib-2.bin,839,33554432,552.05,,
0,bench/30gib-2.bin,840,33554432,397.71,,
0,bench/30gib-2.bin,841,33554432,662.00,,
0,bench/30gib-2.bin,842,33554432,502.10,,
0,bench/30gib-2.bin,843,33554432,914.20,,
0,bench/30gib-2.bin,844,33554432,473.63,,
0,bench/30gib-2.bin,845,33554432,465.48,,
0,bench/30gib-2.bin,846,33554432,539.97,,
0,bench/30gib-2.bin,847,33554432,635.93,,
0,bench/30gib-2.bin,848,33554432,582.99,,
0,bench/30gib-2.bin,849,33554432,346.87,,
0,bench/30gib-2.bin,850,33554432,519.58,,
0,bench/30gib-2.bin,851,33554432,371.27,,
0,bench/30gib-2.bin,852,33554432,497.57,,
0,bench/30gib-2.bin,853,33554432,361.37,,
0,bench/30gib-2.bin,854,33554432,712.98,,
0,bench/30gib-2.bin,855,33554432,416.39,,
0,bench/30gib-2.bin,856,33554432,378.15,,
0,bench/30gib-2.bin,857,33554432,771.79,,
0,bench/30gib-2.bin,858,33554432,397.13,,
0,bench/30gib-2.bin,859,33554432,360.14,,
0,bench/30gib-2.bin,860,33554432,377.86,,
0,bench/30gib-2.bin,861,33554432,587.40,,
0,bench/30gib-2.bin,862,33554432,474.28,,
0,bench/30gib-2.bin,863,33554432,413.84,,
0,bench/30gib-2.bin,864,33554432,510.17,,
0,bench/30gib-2.bin,865,33554432,451.23,,
0,bench/30gib-2.bin,866,33554432,1068.76,,
0,bench/30gib-2.bin,867,33554432,475.10,,
0,bench/30gib-2.bin,868,33554432,506.32,,
0,bench/30gib-2.bin,869,33554432,418.17,,
0,bench/30gib-2.bin,870,33554432,495.62,,
0,bench/30gib-2.bin,871,33554432,504.35,,
0,bench/30gib-2.bin,872,33554432,437.35,,
0,bench/30gib-2.bin,873,33554432,345.65,,
0,bench/30gib-2.bin,874,33554432,433.08,,
0,bench/30gib-2.bin,875,33554432,539.97,,
0,bench/30gib-2.bin,876,33554432,433.71,,
0,bench/30gib-2.bin,877,33554432,524.05,,
0,bench/30gib-2.bin,878,33554432,378.23,,
0,bench/30gib-2.bin,879,33554432,429.23,,
0,bench/30gib-2.bin,880,33554432,356.43,,
0,bench/30gib-2.bin,881,33554432,537.91,,
0,bench/30gib-2.bin,882,33554432,341.94,,
0,bench/30gib-2.bin,883,33554432,609.07,,
0,bench/30gib-2.bin,884,33554432,389.56,,
0,bench/30gib-2.bin,885,33554432,352.35,,
0,bench/30gib-2.bin,886,33554432,404.47,,
0,bench/30gib-2.bin,887,33554432,410.61,,
0,bench/30gib-2.bin,888,33554432,382.09,,
0,bench/30gib-2.bin,889,33554432,383.89,,
0,bench/30gib-2.bin,890,33554432,418.58,,
0,bench/30gib-2.bin,891,33554432,622.67,,
0,bench/30gib-2.bin,892,33554432,342.58,,
0,bench/30gib-2.bin,893,33554432,362.44,,
0,bench/30gib-2.bin,894,33554432,387.20,,
0,bench/30gib-2.bin,895,33554432,341.60,,
0,bench/30gib-2.bin,896,33554432,377.24,,
0,bench/30gib-2.bin,897,33554432,471.47,,
0,bench/30gib-2.bin,898,33554432,504.04,,
0,bench/30gib-2.bin,899,33554432,438.13,,
0,bench/30gib-2.bin,900,33554432,401.55,,
0,bench/30gib-2.bin,901,33554432,437.09,,
0,bench/30gib-2.bin,902,33554432,395.22,,
0,bench/30gib-2.bin,903,33554432,388.80,,
0,bench/30gib-2.bin,904,33554432,683.60,,
0,bench/30gib-2.bin,905,33554432,535.57,,
0,bench/30gib-2.bin,906,33554432,391.25,,
0,bench/30gib-2.bin,907,33554432,428.06,,
0,bench/30gib-2.bin,908,33554432,594.95,,
0,bench/30gib-2.bin,909,33554432,389.77,,
0,bench/30gib-2.bin,910,33554432,557.63,,
0,bench/30gib-2.bin,911,33554432,490.62,,
0,bench/30gib-2.bin,912,33554432,390.98,,
0,bench/30gib-2.bin,913,33554432,554.58,,
0,bench/30gib-2.bin,914,33554432,388.09,,
0,bench/30gib-2.bin,915,33554432,434.36,,
0,bench/30gib-2.bin,916,33554432,382.24,,
0,bench/30gib-2.bin,917,33554432,418.17,,
0,bench/30gib-2.bin,918,33554432,354.94,,
0,bench/30gib-2.bin,919,33554432,462.30,,
0,bench/30gib-2.bin,920,33554432,650.06,,
0,bench/30gib-2.bin,921,33554432,511.57,,
0,bench/30gib-2.bin,922,33554432,530.83,,
0,bench/30gib-2.bin,923,33554432,946.85,,
0,bench/30gib-2.bin,924,33554432,407.58,,
0,bench/30gib-2.bin,925,33554432,385.49,,
0,bench/30gib-2.bin,926,33554432,403.76,,
0,bench/30gib-2.bin,927,33554432,520.36,,
0,bench/30gib-2.bin,928,33554432,545.76,,
0,bench/30gib-2.bin,929,33554432,476.43,,
0,bench/30gib-2.bin,930,33554432,527.72,,
0,bench/30gib-2.bin,931,33554432,493.31,,
0,bench/30gib-2.bin,932,33554432,389.34,,
0,bench/30gib-2.bin,933,33554432,558.39,,
0,bench/30gib-2.bin,934,33554432,438.58,,
0,bench/30gib-2.bin,935,33554432,517.34,,
0,bench/30gib-2.bin,936,33554432,634.56,,
0,bench/30gib-2.bin,937,33554432,415.26,,
0,bench/30gib-2.bin,938,33554432,340.89,,
0,bench/30gib-2.bin,939,33554432,486.57,,
0,bench/30gib-2.bin,940,33554432,567.84,,
0,bench/30gib-2.bin,941,33554432,871.77,,
0,bench/30gib-2.bin,942,33554432,443.20,,
0,bench/30gib-2.bin,943,33554432,342.87,,
0,bench/30gib-2.bin,944,33554432,412.70,,
0,bench/30gib-2.bin,945,33554432,476.59,,
0,bench/30gib-2.bin,946,33554432,522.70,,
0,bench/30gib-2.bin,947,33554432,376.77,,
0,bench/30gib-2.bin,948,33554432,375.21,,
0,bench/30gib-2.bin,949,33554432,479.84,,
0,bench/30gib-2.bin,950,33554432,343.29,,
0,bench/30gib-2.bin,951,33554432,343.10,,
0,bench/30gib-2.bin,952,33554432,446.70,,
0,bench/30gib-2.bin,953,33554432,435.97,,
0,bench/30gib-2.bin,954,33554432,343.38,,
0,bench/30gib-2.bin,955,33554432,410.88,,
0,bench/30gib-2.bin,956,33554432,343.57,,
0,bench/30gib-2.bin,957,33554432,378.46,,
0,bench/30gib-2.bin,958,33554432,343.76,,
0,bench/30gib-2.bin,959,33554432,482.37,,
0,bench/30gib-2.bin,960,33554432,419.01,,
0,bench/30gib-3.bin,1,33554432,1016.69,,
0,bench/30gib-3.bin,2,33554432,1148.02,,
0,bench/30gib-3.bin,3,33554432,1210.95,,
0,bench/30gib-3.bin,4,33554432,1764.95,,
0,bench/30gib-3.bin,5,33554432,1160.53,,
0,bench/30gib-3.bin,6,33554432,1088.04,,
0,bench/30gib-3.bin,7,33554432,1901.44,,
0,bench/30gib-3.bin,8,33554432,1553.34,,
0,bench/30gib-3.bin,9,33554432,1478.13,,
0,bench/30gib-3.bin,10,33554432,1182.26,,
0,bench/30gib-3.bin,11,33554432,1511.08,,
0,bench/30gib-3.bin,12,33554432,1061.81,,
0,bench/30gib-3.bin,13,33554432,1460.00,,
0,bench/30gib-3.bin,14,33554432,890.34,,
0,bench/30gib-3.bin,15,33554432,1292.91,,
0,bench/30gib-3.bin,16,33554432,1426.91,,
0,bench/30gib-3.bin,17,33554432,1258.92,,
0,bench/30gib-3.bin,18,33554432,1443.89,,
0,bench/30gib-3.bin,19,33554432,1538.73,,
0,bench/30gib-3.bin,20,33554432,1712.91,,
0,bench/30gib-3.bin,21,33554432,942.44,,
0,bench/30gib-3.bin,22,33554432,1422.24,,
0,bench/30gib-3.bin,23,33554432,1956.86,,
0,bench/30gib-3.bin,24,33554432,1306.79,,
0,bench/30gib-3.bin,25,33554432,1040.60,,
0,bench/30gib-3.bin,26,33554432,1281.84,,
0,bench/30gib-3.bin,27,33554432,1208.25,,
0,bench/30gib-3.bin,28,33554432,1580.37,,
0,bench/30gib-3.bin,29,33554432,1771.19,,
0,bench/30gib-3.bin,30,33554432,1177.48,,
0,bench/30gib-3.bin,31,33554432,850.10,,
0,bench/30gib-3.bin,32,33554432,782.39,,
0,bench/30gib-3.bin,33,33554432,930.06,,
0,bench/30gib-3.bin,34,33554432,625.29,,
0,bench/30gib-3.bin,35,33554432,598.20,,
0,bench/30gib-3.bin,36,33554432,811.05,,
0,bench/30gib-3.bin,37,33554432,856.62,,
0,bench/30gib-3.bin,38,33554432,854.57,,
0,bench/30gib-3.bin,39,33554432,798.65,,
0,bench/30gib-3.bin,40,33554432,831.51,,
0,bench/30gib-3.bin,41,33554432,841.32,,
0,bench/30gib-3.bin,42,33554432,1077.69,,
0,bench/30gib-3.bin,43,33554432,827.13,,
0,bench/30gib-3.bin,44,33554432,791.97,,
0,bench/30gib-3.bin,45,33554432,537.02,,
0,bench/30gib-3.bin,46,33554432,500.15,,
0,bench/30gib-3.bin,47,33554432,797.85,,
0,bench/30gib-3.bin,48,33554432,662.78,,
0,bench/30gib-3.bin,49,33554432,812.94,,
0,bench/30gib-3.bin,50,33554432,650.21,,
0,bench/30gib-3.bin,51,33554432,599.63,,
0,bench/30gib-3.bin,52,33554432,673.17,,
0,bench/30gib-3.bin,53,33554432,619.42,,
0,bench/30gib-3.bin,54,33554432,499.11,,
0,bench/30gib-3.bin,55,33554432,674.07,,
0,bench/30gib-3.bin,56,33554432,734.10,,
0,bench/30gib-3.bin,57,33554432,624.64,,
0,bench/30gib-3.bin,58,33554432,523.15,,
0,bench/30gib-3.bin,59,33554432,842.30,,
0,bench/30gib-3.bin,60,33554432,451.13,,
0,bench/30gib-3.bin,61,33554432,635.23,,
0,bench/30gib-3.bin,62,33554432,704.79,,
0,bench/30gib-3.bin,63,33554432,482.86,,
0,bench/30gib-3.bin,64,33554432,457.42,,
0,bench/30gib-3.bin,65,33554432,507.07,,
0,bench/30gib-3.bin,66,33554432,504.81,,
0,bench/30gib-3.bin,67,33554432,510.04,,
0,bench/30gib-3.bin,68,33554432,540.45,,
0,bench/30gib-3.bin,69,33554432,522.41,,
0,bench/30gib-3.bin,70,33554432,502.29,,
0,bench/30gib-3.bin,71,33554432,435.53,,
0,bench/30gib-3.bin,72,33554432,918.40,,
0,bench/30gib-3.bin,73,33554432,522.83,,
0,bench/30gib-3.bin,74,33554432,538.98,,
0,bench/30gib-3.bin,75,33554432,418.20,,
0,bench/30gib-3.bin,76,33554432,401.11,,
0,bench/30gib-3.bin,77,33554432,629.59,,
0,bench/30gib-3.bin,78,33554432,444.91,,
0,bench/30gib-3.bin,79,33554432,483.61,,
0,bench/30gib-3.bin,80,33554432,437.79,,
0,bench/30gib-3.bin,81,33554432,499.13,,
0,bench/30gib-3.bin,82,33554432,422.40,,
0,bench/30gib-3.bin,83,33554432,1380.42,,
0,bench/30gib-3.bin,84,33554432,446.03,,
0,bench/30gib-3.bin,85,33554432,445.88,,
0,bench/30gib-3.bin,86,33554432,446.28,,
0,bench/30gib-3.bin,87,33554432,498.57,,
0,bench/30gib-3.bin,88,33554432,577.23,,
0,bench/30gib-3.bin,89,33554432,422.37,,
0,bench/30gib-3.bin,90,33554432,504.14,,
0,bench/30gib-3.bin,91,33554432,423.32,,
0,bench/30gib-3.bin,92,33554432,359.28,,
0,bench/30gib-3.bin,93,33554432,483.64,,
0,bench/30gib-3.bin,94,33554432,384.25,,
0,bench/30gib-3.bin,95,33554432,482.06,,
0,bench/30gib-3.bin,96,33554432,501.03,,
0,bench/30gib-3.bin,97,33554432,366.10,,
0,bench/30gib-3.bin,98,33554432,567.08,,
0,bench/30gib-3.bin,99,33554432,477.68,,
0,bench/30gib-3.bin,100,33554432,769.17,,
0,bench/30gib-3.bin,101,33554432,520.02,,
0,bench/30gib-3.bin,102,33554432,410.26,,
0,bench/30gib-3.bin,103,33554432,388.71,,
0,bench/30gib-3.bin,104,33554432,445.61,,
0,bench/30gib-3.bin,105,33554432,403.34,,
0,bench/30gib-3.bin,106,33554432,496.42,,
0,bench/30gib-3.bin,107,33554432,537.22,,
0,bench/30gib-3.bin,108,33554432,611.75,,
0,bench/30gib-3.bin,109,33554432,408.63,,
0,bench/30gib-3.bin,110,33554432,475.61,,
0,bench/30gib-3.bin,111,33554432,341.43,,
0,bench/30gib-3.bin,112,33554432,612.80,,
0,bench/30gib-3.bin,113,33554432,502.58,,
0,bench/30gib-3.bin,114,33554432,414.17,,
0,bench/30gib-3.bin,115,33554432,483.17,,
0,bench/30gib-3.bin,116,33554432,508.97,,
0,bench/30gib-3.bin,117,33554432,543.06,,
0,bench/30gib-3.bin,118,33554432,465.64,,
0,bench/30gib-3.bin,119,33554432,434.75,,
0,bench/30gib-3.bin,120,33554432,434.59,,
0,bench/30gib-3.bin,121,33554432,445.28,,
0,bench/30gib-3.bin,122,33554432,397.33,,
0,bench/30gib-3.bin,123,33554432,404.43,,
0,bench/30gib-3.bin,124,33554432,487.68,,
0,bench/30gib-3.bin,125,33554432,350.18,,
0,bench/30gib-3.bin,126,33554432,476.66,,
0,bench/30gib-3.bin,127,33554432,381.72,,
0,bench/30gib-3.bin,128,33554432,420.77,,
0,bench/30gib-3.bin,129,33554432,938.46,,
0,bench/30gib-3.bin,130,33554432,574.29,,
0,bench/30gib-3.bin,131,33554432,520.26,,
0,bench/30gib-3.bin,132,33554432,473.26,,
0,bench/30gib-3.bin,133,33554432,426.29,,
0,bench/30gib-3.bin,134,33554432,437.77,,
0,bench/30gib-3.bin,135,33554432,544.12,,
0,bench/30gib-3.bin,136,33554432,589.97,,
0,bench/30gib-3.bin,137,33554432,461.24,,
0,bench/30gib-3.bin,138,33554432,398.70,,
0,bench/30gib-3.bin,139,33554432,423.12,,
0,bench/30gib-3.bin,140,33554432,393.91,,
0,bench/30gib-3.bin,141,33554432,494.21,,
0,bench/30gib-3.bin,142,33554432,455.88,,
0,bench/30gib-3.bin,143,33554432,384.06,,
0,bench/30gib-3.bin,144,33554432,409.47,,
0,bench/30gib-3.bin,145,33554432,405.36,,
0,bench/30gib-3.bin,146,33554432,486.37,,
0,bench/30gib-3.bin,147,33554432,386.53,,
0,bench/30gib-3.bin,148,33554432,374.42,,
0,bench/30gib-3.bin,149,33554432,401.88,,
0,bench/30gib-3.bin,150,33554432,477.73,,
0,bench/30gib-3.bin,151,33554432,360.28,,
0,bench/30gib-3.bin,152,33554432,1163.58,,
0,bench/30gib-3.bin,153,33554432,681.09,,
0,bench/30gib-3.bin,154,33554432,461.44,,
0,bench/30gib-3.bin,155,33554432,481.02,,
0,bench/30gib-3.bin,156,33554432,535.56,,
0,bench/30gib-3.bin,157,33554432,455.17,,
0,bench/30gib-3.bin,158,33554432,547.51,,
0,bench/30gib-3.bin,159,33554432,403.22,,
0,bench/30gib-3.bin,160,33554432,478.27,,
0,bench/30gib-3.bin,161,33554432,352.00,,
0,bench/30gib-3.bin,162,33554432,395.27,,
0,bench/30gib-3.bin,163,33554432,440.52,,
0,bench/30gib-3.bin,164,33554432,441.30,,
0,bench/30gib-3.bin,165,33554432,405.22,,
0,bench/30gib-3.bin,166,33554432,568.94,,
0,bench/30gib-3.bin,167,33554432,376.55,,
0,bench/30gib-3.bin,168,33554432,363.45,,
0,bench/30gib-3.bin,169,33554432,382.77,,
0,bench/30gib-3.bin,170,33554432,450.46,,
0,bench/30gib-3.bin,171,33554432,451.04,,
0,bench/30gib-3.bin,172,33554432,380.12,,
0,bench/30gib-3.bin,173,33554432,347.48,,
0,bench/30gib-3.bin,174,33554432,560.89,,
0,bench/30gib-3.bin,175,33554432,444.00,,
0,bench/30gib-3.bin,176,33554432,464.87,,
0,bench/30gib-3.bin,177,33554432,361.92,,
0,bench/30gib-3.bin,178,33554432,384.95,,
0,bench/30gib-3.bin,179,33554432,586.80,,
0,bench/30gib-3.bin,180,33554432,710.93,,
0,bench/30gib-3.bin,181,33554432,553.88,,
0,bench/30gib-3.bin,182,33554432,421.93,,
0,bench/30gib-3.bin,183,33554432,416.66,,
0,bench/30gib-3.bin,184,33554432,465.19,,
0,bench/30gib-3.bin,185,33554432,437.29,,
0,bench/30gib-3.bin,186,33554432,419.57,,
0,bench/30gib-3.bin,187,33554432,452.37,,
0,bench/30gib-3.bin,188,33554432,438.86,,
0,bench/30gib-3.bin,189,33554432,724.60,,
0,bench/30gib-3.bin,190,33554432,479.66,,
0,bench/30gib-3.bin,191,33554432,340.53,,
0,bench/30gib-3.bin,192,33554432,440.75,,
0,bench/30gib-3.bin,193,33554432,376.57,,
0,bench/30gib-3.bin,194,33554432,504.78,,
0,bench/30gib-3.bin,195,33554432,343.06,,
0,bench/30gib-3.bin,196,33554432,595.33,,
0,bench/30gib-3.bin,197,33554432,494.33,,
0,bench/30gib-3.bin,198,33554432,350.32,,
0,bench/30gib-3.bin,199,33554432,494.39,,
0,bench/30gib-3.bin,200,33554432,369.42,,
0,bench/30gib-3.bin,201,33554432,538.26,,
0,bench/30gib-3.bin,202,33554432,523.43,,
0,bench/30gib-3.bin,203,33554432,542.59,,
0,bench/30gib-3.bin,204,33554432,396.85,,
0,bench/30gib-3.bin,205,33554432,506.66,,
0,bench/30gib-3.bin,206,33554432,572.69,,
0,bench/30gib-3.bin,207,33554432,529.72,,
0,bench/30gib-3.bin,208,33554432,344.38,,
0,bench/30gib-3.bin,209,33554432,401.77,,
0,bench/30gib-3.bin,210,33554432,491.21,,
0,bench/30gib-3.bin,211,33554432,405.90,,
0,bench/30gib-3.bin,212,33554432,456.87,,
0,bench/30gib-3.bin,213,33554432,471.32,,
0,bench/30gib-3.bin,214,33554432,364.39,,
0,bench/30gib-3.bin,215,33554432,614.38,,
0,bench/30gib-3.bin,216,33554432,466.96,,
0,bench/30gib-3.bin,217,33554432,369.43,,
0,bench/30gib-3.bin,218,33554432,603.87,,
0,bench/30gib-3.bin,219,33554432,581.54,,
0,bench/30gib-3.bin,220,33554432,352.28,,
0,bench/30gib-3.bin,221,33554432,637.57,,
0,bench/30gib-3.bin,222,33554432,397.33,,
0,bench/30gib-3.bin,223,33554432,493.64,,
0,bench/30gib-3.bin,224,33554432,566.55,,
0,bench/30gib-3.bin,225,33554432,458.77,,
0,bench/30gib-3.bin,226,33554432,428.05,,
0,bench/30gib-3.bin,227,33554432,368.54,,
0,bench/30gib-3.bin,228,33554432,363.12,,
0,bench/30gib-3.bin,229,33554432,406.05,,
0,bench/30gib-3.bin,230,33554432,418.89,,
0,bench/30gib-3.bin,231,33554432,342.83,,
0,bench/30gib-3.bin,232,33554432,418.38,,
0,bench/30gib-3.bin,233,33554432,391.05,,
0,bench/30gib-3.bin,234,33554432,358.57,,
0,bench/30gib-3.bin,235,33554432,474.49,,
0,bench/30gib-3.bin,236,33554432,455.78,,
0,bench/30gib-3.bin,237,33554432,454.17,,
0,bench/30gib-3.bin,238,33554432,475.02,,
0,bench/30gib-3.bin,239,33554432,572.59,,
0,bench/30gib-3.bin,240,33554432,682.64,,
0,bench/30gib-3.bin,241,33554432,446.98,,
0,bench/30gib-3.bin,242,33554432,363.34,,
0,bench/30gib-3.bin,243,33554432,438.06,,
0,bench/30gib-3.bin,244,33554432,464.27,,
0,bench/30gib-3.bin,245,33554432,361.05,,
0,bench/30gib-3.bin,246,33554432,616.89,,
0,bench/30gib-3.bin,247,33554432,489.81,,
0,bench/30gib-3.bin,248,33554432,347.43,,
0,bench/30gib-3.bin,249,33554432,424.24,,
0,bench/30gib-3.bin,250,33554432,434.11,,
0,bench/30gib-3.bin,251,33554432,374.09,,
0,bench/30gib-3.bin,252,33554432,390.94,,
0,bench/30gib-3.bin,253,33554432,580.78,,
0,bench/30gib-3.bin,254,33554432,341.53,,
0,bench/30gib-3.bin,255,33554432,550.83,,
0,bench/30gib-3.bin,256,33554432,347.74,,
0,bench/30gib-3.bin,257,33554432,492.38,,
0,bench/30gib-3.bin,258,33554432,451.85,,
0,bench/30gib-3.bin,259,33554432,478.22,,
0,bench/30gib-3.bin,260,33554432,347.81,,
0,bench/30gib-3.bin,261,33554432,357.60,,
0,bench/30gib-3.bin,262,33554432,1288.69,,
0,bench/30gib-3.bin,263,33554432,631.14,,
0,bench/30gib-3.bin,264,33554432,520.49,,
0,bench/30gib-3.bin,265,33554432,506.98,,
0,bench/30gib-3.bin,266,33554432,368.96,,
0,bench/30gib-3.bin,267,33554432,341.84,,
0,bench/30gib-3.bin,268,33554432,470.15,,
0,bench/30gib-3.bin,269,33554432,525.24,,
0,bench/30gib-3.bin,270,33554432,350.78,,
0,bench/30gib-3.bin,271,33554432,445.16,,
0,bench/30gib-3.bin,272,33554432,501.71,,
0,bench/30gib-3.bin,273,33554432,416.28,,
0,bench/30gib-3.bin,274,33554432,551.10,,
0,bench/30gib-3.bin,275,33554432,418.51,,
0,bench/30gib-3.bin,276,33554432,395.69,,
0,bench/30gib-3.bin,277,33554432,454.40,,
0,bench/30gib-3.bin,278,33554432,446.15,,
0,bench/30gib-3.bin,279,33554432,405.77,,
0,bench/30gib-3.bin,280,33554432,534.60,,
0,bench/30gib-3.bin,281,33554432,540.14,,
0,bench/30gib-3.bin,282,33554432,443.55,,
0,bench/30gib-3.bin,283,33554432,353.55,,
0,bench/30gib-3.bin,284,33554432,380.61,,
0,bench/30gib-3.bin,285,33554432,505.89,,
0,bench/30gib-3.bin,286,33554432,341.39,,
0,bench/30gib-3.bin,287,33554432,480.92,,
0,bench/30gib-3.bin,288,33554432,401.89,,
0,bench/30gib-3.bin,289,33554432,604.93,,
0,bench/30gib-3.bin,290,33554432,411.10,,
0,bench/30gib-3.bin,291,33554432,521.44,,
0,bench/30gib-3.bin,292,33554432,546.18,,
0,bench/30gib-3.bin,293,33554432,658.46,,
0,bench/30gib-3.bin,294,33554432,435.80,,
0,bench/30gib-3.bin,295,33554432,449.48,,
0,bench/30gib-3.bin,296,33554432,531.10,,
0,bench/30gib-3.bin,297,33554432,342.10,,
0,bench/30gib-3.bin,298,33554432,488.02,,
0,bench/30gib-3.bin,299,33554432,471.32,,
0,bench/30gib-3.bin,300,33554432,374.49,,
0,bench/30gib-3.bin,301,33554432,375.99,,
0,bench/30gib-3.bin,302,33554432,366.59,,
0,bench/30gib-3.bin,303,33554432,433.00,,
0,bench/30gib-3.bin,304,33554432,343.22,,
0,bench/30gib-3.bin,305,33554432,450.32,,
0,bench/30gib-3.bin,306,33554432,381.03,,
0,bench/30gib-3.bin,307,33554432,362.63,,
0,bench/30gib-3.bin,308,33554432,577.21,,
0,bench/30gib-3.bin,309,33554432,586.90,,
0,bench/30gib-3.bin,310,33554432,496.47,,
0,bench/30gib-3.bin,311,33554432,497.81,,
0,bench/30gib-3.bin,312,33554432,378.58,,
0,bench/30gib-3.bin,313,33554432,349.66,,
0,bench/30gib-3.bin,314,33554432,430.79,,
0,bench/30gib-3.bin,315,33554432,536.47,,
0,bench/30gib-3.bin,316,33554432,340.58,,
0,bench/30gib-3.bin,317,33554432,451.15,,
0,bench/30gib-3.bin,318,33554432,503.34,,
0,bench/30gib-3.bin,319,33554432,559.19,,
0,bench/30gib-3.bin,320,33554432,409.45,,
0,bench/30gib-3.bin,321,33554432,451.43,,
0,bench/30gib-3.bin,322,33554432,395.58,,
0,bench/30gib-3.bin,323,33554432,343.84,,
0,bench/30gib-3.bin,324,33554432,480.20,,
0,bench/30gib-3.bin,325,33554432,584.51,,
0,bench/30gib-3.bin,326,33554432,492.61,,
0,bench/30gib-3.bin,327,33554432,493.32,,
0,bench/30gib-3.bin,328,33554432,492.19,,
0,bench/30gib-3.bin,329,33554432,414.39,,
0,bench/30gib-3.bin,330,33554432,423.82,,
0,bench/30gib-3.bin,331,33554432,362.05,,
0,bench/30gib-3.bin,332,33554432,377.40,,
0,bench/30gib-3.bin,333,33554432,457.36,,
0,bench/30gib-3.bin,334,33554432,660.93,,
0,bench/30gib-3.bin,335,33554432,468.63,,
0,bench/30gib-3.bin,336,33554432,398.05,,
0,bench/30gib-3.bin,337,33554432,502.12,,
0,bench/30gib-3.bin,338,33554432,378.58,,
0,bench/30gib-3.bin,339,33554432,731.27,,
0,bench/30gib-3.bin,340,33554432,430.39,,
0,bench/30gib-3.bin,341,33554432,429.36,,
0,bench/30gib-3.bin,342,33554432,520.24,,
0,bench/30gib-3.bin,343,33554432,429.36,,
0,bench/30gib-3.bin,344,33554432,456.04,,
0,bench/30gib-3.bin,345,33554432,468.01,,
0,bench/30gib-3.bin,346,33554432,553.01,,
0,bench/30gib-3.bin,347,33554432,426.02,,
0,bench/30gib-3.bin,348,33554432,355.10,,
0,bench/30gib-3.bin,349,33554432,557.24,,
0,bench/30gib-3.bin,350,33554432,483.54,,
0,bench/30gib-3.bin,351,33554432,389.77,,
0,bench/30gib-3.bin,352,33554432,578.85,,
0,bench/30gib-3.bin,353,33554432,425.75,,
0,bench/30gib-3.bin,354,33554432,710.56,,
0,bench/30gib-3.bin,355,33554432,344.06,,
0,bench/30gib-3.bin,356,33554432,359.35,,
0,bench/30gib-3.bin,357,33554432,425.81,,
0,bench/30gib-3.bin,358,33554432,486.00,,
0,bench/30gib-3.bin,359,33554432,470.68,,
0,bench/30gib-3.bin,360,33554432,510.06,,
0,bench/30gib-3.bin,361,33554432,448.70,,
0,bench/30gib-3.bin,362,33554432,379.64,,
0,bench/30gib-3.bin,363,33554432,358.98,,
0,bench/30gib-3.bin,364,33554432,343.55,,
0,bench/30gib-3.bin,365,33554432,472.98,,
0,bench/30gib-3.bin,366,33554432,517.20,,
0,bench/30gib-3.bin,367,33554432,567.59,,
0,bench/30gib-3.bin,368,33554432,451.46,,
0,bench/30gib-3.bin,369,33554432,524.06,,
0,bench/30gib-3.bin,370,33554432,431.65,,
0,bench/30gib-3.bin,371,33554432,530.16,,
0,bench/30gib-3.bin,372,33554432,418.87,,
0,bench/30gib-3.bin,373,33554432,593.38,,
0,bench/30gib-3.bin,374,33554432,471.59,,
0,bench/30gib-3.bin,375,33554432,341.67,,
0,bench/30gib-3.bin,376,33554432,493.16,,
0,bench/30gib-3.bin,377,33554432,373.79,,
0,bench/30gib-3.bin,378,33554432,515.88,,
0,bench/30gib-3.bin,379,33554432,539.21,,
0,bench/30gib-3.bin,380,33554432,512.01,,
0,bench/30gib-3.bin,381,33554432,566.05,,
0,bench/30gib-3.bin,382,33554432,724.80,,
0,bench/30gib-3.bin,383,33554432,528.65,,
0,bench/30gib-3.bin,384,33554432,404.89,,
0,bench/30gib-3.bin,385,33554432,344.46,,
0,bench/30gib-3.bin,386,33554432,372.50,,
0,bench/30gib-3.bin,387,33554432,344.74,,
0,bench/30gib-3.bin,388,33554432,383.03,,
0,bench/30gib-3.bin,389,33554432,382.50,,
0,bench/30gib-3.bin,390,33554432,371.78,,
0,bench/30gib-3.bin,391,33554432,359.42,,
0,bench/30gib-3.bin,392,33554432,522.56,,
0,bench/30gib-3.bin,393,33554432,610.91,,
0,bench/30gib-3.bin,394,33554432,342.05,,
0,bench/30gib-3.bin,395,33554432,406.46,,
0,bench/30gib-3.bin,396,33554432,477.44,,
0,bench/30gib-3.bin,397,33554432,395.77,,
0,bench/30gib-3.bin,398,33554432,456.04,,
0,bench/30gib-3.bin,399,33554432,420.27,,
0,bench/30gib-3.bin,400,33554432,485.96,,
0,bench/30gib-3.bin,401,33554432,516.06,,
0,bench/30gib-3.bin,402,33554432,515.41,,
0,bench/30gib-3.bin,403,33554432,382.70,,
0,bench/30gib-3.bin,404,33554432,818.12,,
0,bench/30gib-3.bin,405,33554432,427.18,,
0,bench/30gib-3.bin,406,33554432,430.46,,
0,bench/30gib-3.bin,407,33554432,528.70,,
0,bench/30gib-3.bin,408,33554432,347.08,,
0,bench/30gib-3.bin,409,33554432,465.02,,
0,bench/30gib-3.bin,410,33554432,615.72,,
0,bench/30gib-3.bin,411,33554432,347.72,,
0,bench/30gib-3.bin,412,33554432,427.19,,
0,bench/30gib-3.bin,413,33554432,345.47,,
0,bench/30gib-3.bin,414,33554432,476.30,,
0,bench/30gib-3.bin,415,33554432,442.23,,
0,bench/30gib-3.bin,416,33554432,534.88,,
0,bench/30gib-3.bin,417,33554432,679.99,,
0,bench/30gib-3.bin,418,33554432,553.08,,
0,bench/30gib-3.bin,419,33554432,407.20,,
0,bench/30gib-3.bin,420,33554432,408.84,,
0,bench/30gib-3.bin,421,33554432,354.57,,
0,bench/30gib-3.bin,422,33554432,388.18,,
0,bench/30gib-3.bin,423,33554432,343.71,,
0,bench/30gib-3.bin,424,33554432,496.84,,
0,bench/30gib-3.bin,425,33554432,365.81,,
0,bench/30gib-3.bin,426,33554432,356.34,,
0,bench/30gib-3.bin,427,33554432,442.50,,
0,bench/30gib-3.bin,428,33554432,676.65,,
0,bench/30gib-3.bin,429,33554432,479.17,,
0,bench/30gib-3.bin,430,33554432,751.44,,
0,bench/30gib-3.bin,431,33554432,454.21,,
0,bench/30gib-3.bin,432,33554432,371.08,,
0,bench/30gib-3.bin,433,33554432,553.89,,
0,bench/30gib-3.bin,434,33554432,431.73,,
0,bench/30gib-3.bin,435,33554432,722.23,,
0,bench/30gib-3.bin,436,33554432,553.91,,
0,bench/30gib-3.bin,437,33554432,526.81,,
0,bench/30gib-3.bin,438,33554432,341.87,,
0,bench/30gib-3.bin,439,33554432,444.64,,
0,bench/30gib-3.bin,440,33554432,704.73,,
0,bench/30gib-3.bin,441,33554432,413.19,,
0,bench/30gib-3.bin,442,33554432,519.15,,
0,bench/30gib-3.bin,443,33554432,571.25,,
0,bench/30gib-3.bin,444,33554432,380.56,,
0,bench/30gib-3.bin,445,33554432,362.79,,
0,bench/30gib-3.bin,446,33554432,405.15,,
0,bench/30gib-3.bin,447,33554432,573.88,,
0,bench/30gib-3.bin,448,33554432,462.49,,
0,bench/30gib-3.bin,449,33554432,345.03,,
0,bench/30gib-3.bin,450,33554432,440.02,,
0,bench/30gib-3.bin,451,33554432,405.44,,
0,bench/30gib-3.bin,452,33554432,384.04,,
0,bench/30gib-3.bin,453,33554432,341.27,,
0,bench/30gib-3.bin,454,33554432,490.82,,
0,bench/30gib-3.bin,455,33554432,352.93,,
0,bench/30gib-3.bin,456,33554432,605.25,,
0,bench/30gib-3.bin,457,33554432,348.71,,
0,bench/30gib-3.bin,458,33554432,355.89,,
0,bench/30gib-3.bin,459,33554432,957.49,,
0,bench/30gib-3.bin,460,33554432,371.95,,
0,bench/30gib-3.bin,461,33554432,405.06,,
0,bench/30gib-3.bin,462,33554432,489.78,,
0,bench/30gib-3.bin,463,33554432,665.33,,
0,bench/30gib-3.bin,464,33554432,457.04,,
0,bench/30gib-3.bin,465,33554432,442.31,,
0,bench/30gib-3.bin,466,33554432,452.65,,
0,bench/30gib-3.bin,467,33554432,340.91,,
0,bench/30gib-3.bin,468,33554432,374.09,,
0,bench/30gib-3.bin,469,33554432,471.26,,
0,bench/30gib-3.bin,470,33554432,421.94,,
0,bench/30gib-3.bin,471,33554432,466.33,,
0,bench/30gib-3.bin,472,33554432,451.40,,
0,bench/30gib-3.bin,473,33554432,410.91,,
0,bench/30gib-3.bin,474,33554432,390.16,,
0,bench/30gib-3.bin,475,33554432,350.73,,
0,bench/30gib-3.bin,476,33554432,415.91,,
0,bench/30gib-3.bin,477,33554432,514.44,,
0,bench/30gib-3.bin,478,33554432,448.37,,
0,bench/30gib-3.bin,479,33554432,426.59,,
0,bench/30gib-3.bin,480,33554432,418.04,,
0,bench/30gib-3.bin,481,33554432,457.88,,
0,bench/30gib-3.bin,482,33554432,402.39,,
0,bench/30gib-3.bin,483,33554432,418.12,,
0,bench/30gib-3.bin,484,33554432,585.48,,
0,bench/30gib-3.bin,485,33554432,361.19,,
0,bench/30gib-3.bin,486,33554432,542.40,,
0,bench/30gib-3.bin,487,33554432,432.59,,
0,bench/30gib-3.bin,488,33554432,524.93,,
0,bench/30gib-3.bin,489,33554432,516.40,,
0,bench/30gib-3.bin,490,33554432,388.77,,
0,bench/30gib-3.bin,491,33554432,408.18,,
0,bench/30gib-3.bin,492,33554432,347.05,,
0,bench/30gib-3.bin,493,33554432,410.47,,
0,bench/30gib-3.bin,494,33554432,479.94,,
0,bench/30gib-3.bin,495,33554432,420.97,,
0,bench/30gib-3.bin,496,33554432,361.90,,
0,bench/30gib-3.bin,497,33554432,354.87,,
0,bench/30gib-3.bin,498,33554432,346.41,,
0,bench/30gib-3.bin,499,33554432,504.35,,
0,bench/30gib-3.bin,500,33554432,422.77,,
0,bench/30gib-3.bin,501,33554432,393.57,,
0,bench/30gib-3.bin,502,33554432,370.65,,
0,bench/30gib-3.bin,503,33554432,358.86,,
0,bench/30gib-3.bin,504,33554432,435.75,,
0,bench/30gib-3.bin,505,33554432,411.16,,
0,bench/30gib-3.bin,506,33554432,487.02,,
0,bench/30gib-3.bin,507,33554432,494.14,,
0,bench/30gib-3.bin,508,33554432,454.93,,
0,bench/30gib-3.bin,509,33554432,424.12,,
0,bench/30gib-3.bin,510,33554432,399.97,,
0,bench/30gib-3.bin,511,33554432,550.44,,
0,bench/30gib-3.bin,512,33554432,484.64,,
0,bench/30gib-3.bin,513,33554432,390.96,,
0,bench/30gib-3.bin,514,33554432,360.10,,
0,bench/30gib-3.bin,515,33554432,345.21,,
0,bench/30gib-3.bin,516,33554432,345.17,,
0,bench/30gib-3.bin,517,33554432,385.75,,
0,bench/30gib-3.bin,518,33554432,502.17,,
0,bench/30gib-3.bin,519,33554432,460.72,,
0,bench/30gib-3.bin,520,33554432,387.93,,
0,bench/30gib-3.bin,521,33554432,374.94,,
0,bench/30gib-3.bin,522,33554432,555.65,,
0,bench/30gib-3.bin,523,33554432,590.18,,
0,bench/30gib-3.bin,524,33554432,516.69,,
0,bench/30gib-3.bin,525,33554432,418.98,,
0,bench/30gib-3.bin,526,33554432,465.50,,
0,bench/30gib-3.bin,527,33554432,486.39,,
0,bench/30gib-3.bin,528,33554432,345.51,,
0,bench/30gib-3.bin,529,33554432,576.00,,
0,bench/30gib-3.bin,530,33554432,566.83,,
0,bench/30gib-3.bin,531,33554432,428.54,,
0,bench/30gib-3.bin,532,33554432,407.59,,
0,bench/30gib-3.bin,533,33554432,421.74,,
0,bench/30gib-3.bin,534,33554432,373.54,,
0,bench/30gib-3.bin,535,33554432,573.13,,
0,bench/30gib-3.bin,536,33554432,648.58,,
0,bench/30gib-3.bin,537,33554432,538.63,,
0,bench/30gib-3.bin,538,33554432,1024.59,,
0,bench/30gib-3.bin,539,33554432,508.40,,
0,bench/30gib-3.bin,540,33554432,541.14,,
0,bench/30gib-3.bin,541,33554432,597.28,,
0,bench/30gib-3.bin,542,33554432,354.45,,
0,bench/30gib-3.bin,543,33554432,530.13,,
0,bench/30gib-3.bin,544,33554432,366.77,,
0,bench/30gib-3.bin,545,33554432,411.86,,
0,bench/30gib-3.bin,546,33554432,345.73,,
0,bench/30gib-3.bin,547,33554432,520.21,,
0,bench/30gib-3.bin,548,33554432,448.48,,
0,bench/30gib-3.bin,549,33554432,396.70,,
0,bench/30gib-3.bin,550,33554432,738.63,,
0,bench/30gib-3.bin,551,33554432,365.07,,
0,bench/30gib-3.bin,552,33554432,417.40,,
0,bench/30gib-3.bin,553,33554432,361.53,,
0,bench/30gib-3.bin,554,33554432,466.86,,
0,bench/30gib-3.bin,555,33554432,607.23,,
0,bench/30gib-3.bin,556,33554432,603.94,,
0,bench/30gib-3.bin,557,33554432,519.60,,
0,bench/30gib-3.bin,558,33554432,495.89,,
0,bench/30gib-3.bin,559,33554432,467.67,,
0,bench/30gib-3.bin,560,33554432,374.37,,
0,bench/30gib-3.bin,561,33554432,521.58,,
0,bench/30gib-3.bin,562,33554432,345.80,,
0,bench/30gib-3.bin,563,33554432,471.70,,
0,bench/30gib-3.bin,564,33554432,341.50,,
0,bench/30gib-3.bin,565,33554432,348.53,,
0,bench/30gib-3.bin,566,33554432,469.83,,
0,bench/30gib-3.bin,567,33554432,476.80,,
0,bench/30gib-3.bin,568,33554432,450.78,,
0,bench/30gib-3.bin,569,33554432,441.79,,
0,bench/30gib-3.bin,570,33554432,346.08,,
0,bench/30gib-3.bin,571,33554432,361.25,,
0,bench/30gib-3.bin,572,33554432,454.31,,
0,bench/30gib-3.bin,573,33554432,477.53,,
0,bench/30gib-3.bin,574,33554432,383.30,,
0,bench/30gib-3.bin,575,33554432,472.87,,
0,bench/30gib-3.bin,576,33554432,395.37,,
0,bench/30gib-3.bin,577,33554432,476.46,,
0,bench/30gib-3.bin,578,33554432,343.42,,
0,bench/30gib-3.bin,579,33554432,386.28,,
0,bench/30gib-3.bin,580,33554432,447.33,,
0,bench/30gib-3.bin,581,33554432,580.76,,
0,bench/30gib-3.bin,582,33554432,348.14,,
0,bench/30gib-3.bin,583,33554432,502.82,,
0,bench/30gib-3.bin,584,33554432,440.22,,
0,bench/30gib-3.bin,585,33554432,599.09,,
0,bench/30gib-3.bin,586,33554432,557.37,,
0,bench/30gib-3.bin,587,33554432,390.47,,
0,bench/30gib-3.bin,588,33554432,418.45,,
0,bench/30gib-3.bin,589,33554432,341.96,,
0,bench/30gib-3.bin,590,33554432,395.58,,
0,bench/30gib-3.bin,591,33554432,395.77,,
0,bench/30gib-3.bin,592,33554432,384.71,,
0,bench/30gib-3.bin,593,33554432,351.87,,
0,bench/30gib-3.bin,594,33554432,437.32,,
0,bench/30gib-3.bin,595,33554432,427.58,,
0,bench/30gib-3.bin,596,33554432,582.18,,
0,bench/30gib-3.bin,597,33554432,443.19,,
0,bench/30gib-3.bin,598,33554432,605.04,,
0,bench/30gib-3.bin,599,33554432,343.13,,
0,bench/30gib-3.bin,600,33554432,742.93,,
0,bench/30gib-3.bin,601,33554432,574.75,,
0,bench/30gib-3.bin,602,33554432,452.71,,
0,bench/30gib-3.bin,603,33554432,420.54,,
0,bench/30gib-3.bin,604,33554432,610.37,,
0,bench/30gib-3.bin,605,33554432,411.47,,
0,bench/30gib-3.bin,606,33554432,447.79,,
0,bench/30gib-3.bin,607,33554432,359.47,,
0,bench/30gib-3.bin,608,33554432,346.88,,
0,bench/30gib-3.bin,609,33554432,376.13,,
0,bench/30gib-3.bin,610,33554432,347.33,,
0,bench/30gib-3.bin,611,33554432,353.69,,
0,bench/30gib-3.bin,612,33554432,570.33,,
0,bench/30gib-3.bin,613,33554432,493.64,,
0,bench/30gib-3.bin,614,33554432,520.44,,
0,bench/30gib-3.bin,615,33554432,359.35,,
0,bench/30gib-3.bin,616,33554432,487.77,,
0,bench/30gib-3.bin,617,33554432,438.43,,
0,bench/30gib-3.bin,618,33554432,375.09,,
0,bench/30gib-3.bin,619,33554432,435.51,,
0,bench/30gib-3.bin,620,33554432,476.84,,
0,bench/30gib-3.bin,621,33554432,371.88,,
0,bench/30gib-3.bin,622,33554432,610.99,,
0,bench/30gib-3.bin,623,33554432,341.40,,
0,bench/30gib-3.bin,624,33554432,365.20,,
0,bench/30gib-3.bin,625,33554432,344.03,,
0,bench/30gib-3.bin,626,33554432,638.21,,
0,bench/30gib-3.bin,627,33554432,530.87,,
0,bench/30gib-3.bin,628,33554432,715.47,,
0,bench/30gib-3.bin,629,33554432,524.51,,
0,bench/30gib-3.bin,630,33554432,1001.79,,
0,bench/30gib-3.bin,631,33554432,468.67,,
0,bench/30gib-3.bin,632,33554432,341.49,,
0,bench/30gib-3.bin,633,33554432,587.85,,
0,bench/30gib-3.bin,634,33554432,510.91,,
0,bench/30gib-3.bin,635,33554432,575.24,,
0,bench/30gib-3.bin,636,33554432,468.20,,
0,bench/30gib-3.bin,637,33554432,400.22,,
0,bench/30gib-3.bin,638,33554432,684.65,,
0,bench/30gib-3.bin,639,33554432,552.62,,
0,bench/30gib-3.bin,640,33554432,389.97,,
0,bench/30gib-3.bin,641,33554432,376.41,,
0,bench/30gib-3.bin,642,33554432,417.77,,
0,bench/30gib-3.bin,643,33554432,417.19,,
0,bench/30gib-3.bin,644,33554432,413.88,,
0,bench/30gib-3.bin,645,33554432,348.52,,
0,bench/30gib-3.bin,646,33554432,374.21,,
0,bench/30gib-3.bin,647,33554432,545.27,,
0,bench/30gib-3.bin,648,33554432,453.56,,
0,bench/30gib-3.bin,649,33554432,487.77,,
0,bench/30gib-3.bin,650,33554432,483.27,,
0,bench/30gib-3.bin,651,33554432,399.95,,
0,bench/30gib-3.bin,652,33554432,440.71,,
0,bench/30gib-3.bin,653,33554432,456.27,,
0,bench/30gib-3.bin,654,33554432,413.43,,
0,bench/30gib-3.bin,655,33554432,538.60,,
0,bench/30gib-3.bin,656,33554432,488.44,,
0,bench/30gib-3.bin,657,33554432,362.09,,
0,bench/30gib-3.bin,658,33554432,406.55,,
0,bench/30gib-3.bin,659,33554432,369.77,,
0,bench/30gib-3.bin,660,33554432,510.76,,
0,bench/30gib-3.bin,661,33554432,423.23,,
0,bench/30gib-3.bin,662,33554432,364.05,,
0,bench/30gib-3.bin,663,33554432,441.03,,
0,bench/30gib-3.bin,664,33554432,543.61,,
0,bench/30gib-3.bin,665,33554432,485.52,,
0,bench/30gib-3.bin,666,33554432,520.47,,
0,bench/30gib-3.bin,667,33554432,358.32,,
0,bench/30gib-3.bin,668,33554432,347.03,,
0,bench/30gib-3.bin,669,33554432,447.80,,
0,bench/30gib-3.bin,670,33554432,540.90,,
0,bench/30gib-3.bin,671,33554432,445.97,,
0,bench/30gib-3.bin,672,33554432,460.20,,
0,bench/30gib-3.bin,673,33554432,522.69,,
0,bench/30gib-3.bin,674,33554432,420.58,,
0,bench/30gib-3.bin,675,33554432,603.59,,
0,bench/30gib-3.bin,676,33554432,370.61,,
0,bench/30gib-3.bin,677,33554432,455.53,,
0,bench/30gib-3.bin,678,33554432,513.47,,
0,bench/30gib-3.bin,679,33554432,439.27,,
0,bench/30gib-3.bin,680,33554432,463.12,,
0,bench/30gib-3.bin,681,33554432,503.69,,
0,bench/30gib-3.bin,682,33554432,610.82,,
0,bench/30gib-3.bin,683,33554432,460.00,,
0,bench/30gib-3.bin,684,33554432,375.78,,
0,bench/30gib-3.bin,685,33554432,413.79,,
0,bench/30gib-3.bin,686,33554432,495.89,,
0,bench/30gib-3.bin,687,33554432,365.31,,
0,bench/30gib-3.bin,688,33554432,473.85,,
0,bench/30gib-3.bin,689,33554432,463.96,,
0,bench/30gib-3.bin,690,33554432,1018.59,,
0,bench/30gib-3.bin,691,33554432,578.50,,
0,bench/30gib-3.bin,692,33554432,389.74,,
0,bench/30gib-3.bin,693,33554432,449.23,,
0,bench/30gib-3.bin,694,33554432,815.15,,
0,bench/30gib-3.bin,695,33554432,405.73,,
0,bench/30gib-3.bin,696,33554432,633.05,,
0,bench/30gib-3.bin,697,33554432,387.97,,
0,bench/30gib-3.bin,698,33554432,577.74,,
0,bench/30gib-3.bin,699,33554432,385.61,,
0,bench/30gib-3.bin,700,33554432,377.95,,
0,bench/30gib-3.bin,701,33554432,476.69,,
0,bench/30gib-3.bin,702,33554432,414.82,,
0,bench/30gib-3.bin,703,33554432,539.89,,
0,bench/30gib-3.bin,704,33554432,515.16,,
0,bench/30gib-3.bin,705,33554432,376.97,,
0,bench/30gib-3.bin,706,33554432,489.14,,
0,bench/30gib-3.bin,707,33554432,446.89,,
0,bench/30gib-3.bin,708,33554432,698.37,,
0,bench/30gib-3.bin,709,33554432,492.75,,
0,bench/30gib-3.bin,710,33554432,348.48,,
0,bench/30gib-3.bin,711,33554432,554.26,,
0,bench/30gib-3.bin,712,33554432,577.27,,
0,bench/30gib-3.bin,713,33554432,1036.75,,
0,bench/30gib-3.bin,714,33554432,346.51,,
0,bench/30gib-3.bin,715,33554432,592.31,,
0,bench/30gib-3.bin,716,33554432,401.28,,
0,bench/30gib-3.bin,717,33554432,341.07,,
0,bench/30gib-3.bin,718,33554432,407.90,,
0,bench/30gib-3.bin,719,33554432,347.59,,
0,bench/30gib-3.bin,720,33554432,447.81,,
0,bench/30gib-3.bin,721,33554432,445.70,,
0,bench/30gib-3.bin,722,33554432,440.66,,
0,bench/30gib-3.bin,723,33554432,569.95,,
0,bench/30gib-3.bin,724,33554432,449.75,,
0,bench/30gib-3.bin,725,33554432,424.60,,
0,bench/30gib-3.bin,726,33554432,661.58,,
0,bench/30gib-3.bin,727,33554432,340.63,,
0,bench/30gib-3.bin,728,33554432,441.66,,
0,bench/30gib-3.bin,729,33554432,636.00,,
0,bench/30gib-3.bin,730,33554432,399.82,,
0,bench/30gib-3.bin,731,33554432,490.02,,
0,bench/30gib-3.bin,732,33554432,585.60,,
0,bench/30gib-3.bin,733,33554432,503.23,,
0,bench/30gib-3.bin,734,33554432,343.13,,
0,bench/30gib-3.bin,735,33554432,497.48,,
0,bench/30gib-3.bin,736,33554432,388.09,,
0,bench/30gib-3.bin,737,33554432,531.22,,
0,bench/30gib-3.bin,738,33554432,478.97,,
0,bench/30gib-3.bin,739,33554432,347.27,,
0,bench/30gib-3.bin,740,33554432,368.60,,
0,bench/30gib-3.bin,741,33554432,341.82,,
0,bench/30gib-3.bin,742,33554432,371.61,,
0,bench/30gib-3.bin,743,33554432,580.93,,
0,bench/30gib-3.bin,744,33554432,390.14,,
0,bench/30gib-3.bin,745,33554432,439.39,,
0,bench/30gib-3.bin,746,33554432,477.03,,
0,bench/30gib-3.bin,747,33554432,546.24,,
0,bench/30gib-3.bin,748,33554432,480.02,,
0,bench/30gib-3.bin,749,33554432,383.57,,
0,bench/30gib-3.bin,750,33554432,352.37,,
0,bench/30gib-3.bin,751,33554432,436.89,,
0,bench/30gib-3.bin,752,33554432,571.73,,
0,bench/30gib-3.bin,753,33554432,341.01,,
0,bench/30gib-3.bin,754,33554432,517.46,,
0,bench/30gib-3.bin,755,33554432,342.07,,
0,bench/30gib-3.bin,756,33554432,428.64,,
0,bench/30gib-3.bin,757,33554432,449.94,,
0,bench/30gib-3.bin,758,33554432,670.68,,
0,bench/30gib-3.bin,759,33554432,411.24,,
0,bench/30gib-3.bin,760,33554432,443.19,,
0,bench/30gib-3.bin,761,33554432,692.62,,
0,bench/30gib-3.bin,762,33554432,439.96,,
0,bench/30gib-3.bin,763,33554432,430.60,,
0,bench/30gib-3.bin,764,33554432,349.00,,
0,bench/30gib-3.bin,765,33554432,631.97,,
0,bench/30gib-3.bin,766,33554432,413.47,,
0,bench/30gib-3.bin,767,33554432,627.04,,
0,bench/30gib-3.bin,768,33554432,519.65,,
0,bench/30gib-3.bin,769,33554432,573.85,,
0,bench/30gib-3.bin,770,33554432,684.65,,
0,bench/30gib-3.bin,771,33554432,433.51,,
0,bench/30gib-3.bin,772,33554432,383.11,,
0,bench/30gib-3.bin,773,33554432,455.31,,
0,bench/30gib-3.bin,774,33554432,454.29,,
0,bench/30gib-3.bin,775,33554432,459.06,,
0,bench/30gib-3.bin,776,33554432,506.89,,
0,bench/30gib-3.bin,777,33554432,397.79,,
0,bench/30gib-3.bin,778,33554432,342.34,,
0,bench/30gib-3.bin,779,33554432,380.97,,
0,bench/30gib-3.bin,780,33554432,356.89,,
0,bench/30gib-3.bin,781,33554432,395.97,,
0,bench/30gib-3.bin,782,33554432,445.66,,
0,bench/30gib-3.bin,783,33554432,432.88,,
0,bench/30gib-3.bin,784,33554432,666.40,,
0,bench/30gib-3.bin,785,33554432,389.24,,
0,bench/30gib-3.bin,786,33554432,344.53,,
0,bench/30gib-3.bin,787,33554432,475.71,,
0,bench/30gib-3.bin,788,33554432,440.17,,
0,bench/30gib-3.bin,789,33554432,522.05,,
0,bench/30gib-3.bin,790,33554432,503.26,,
0,bench/30gib-3.bin,791,33554432,453.41,,
0,bench/30gib-3.bin,792,33554432,485.02,,
0,bench/30gib-3.bin,793,33554432,583.72,,
0,bench/30gib-3.bin,794,33554432,642.46,,
0,bench/30gib-3.bin,795,33554432,573.16,,
0,bench/30gib-3.bin,796,33554432,347.37,,
0,bench/30gib-3.bin,797,33554432,347.62,,
0,bench/30gib-3.bin,798,33554432,497.94,,
0,bench/30gib-3.bin,799,33554432,551.00,,
0,bench/30gib-3.bin,800,33554432,480.05,,
0,bench/30gib-3.bin,801,33554432,431.14,,
0,bench/30gib-3.bin,802,33554432,463.73,,
0,bench/30gib-3.bin,803,33554432,346.17,,
0,bench/30gib-3.bin,804,33554432,610.92,,
0,bench/30gib-3.bin,805,33554432,351.93,,
0,bench/30gib-3.bin,806,33554432,465.10,,
0,bench/30gib-3.bin,807,33554432,565.83,,
0,bench/30gib-3.bin,808,33554432,469.51,,
0,bench/30gib-3.bin,809,33554432,481.83,,
0,bench/30gib-3.bin,810,33554432,545.89,,
0,bench/30gib-3.bin,811,33554432,344.46,,
0,bench/30gib-3.bin,812,33554432,379.66,,
0,bench/30gib-3.bin,813,33554432,342.61,,
0,bench/30gib-3.bin,814,33554432,507.84,,
0,bench/30gib-3.bin,815,33554432,374.62,,
0,bench/30gib-3.bin,816,33554432,389.01,,
0,bench/30gib-3.bin,817,33554432,468.22,,
0,bench/30gib-3.bin,818,33554432,420.10,,
0,bench/30gib-3.bin,819,33554432,513.70,,
0,bench/30gib-3.bin,820,33554432,479.06,,
0,bench/30gib-3.bin,821,33554432,479.05,,
0,bench/30gib-3.bin,822,33554432,466.60,,
0,bench/30gib-3.bin,823,33554432,421.62,,
0,bench/30gib-3.bin,824,33554432,548.47,,
0,bench/30gib-3.bin,825,33554432,397.84,,
0,bench/30gib-3.bin,826,33554432,342.78,,
0,bench/30gib-3.bin,827,33554432,602.20,,
0,bench/30gib-3.bin,828,33554432,342.21,,
0,bench/30gib-3.bin,829,33554432,501.07,,
0,bench/30gib-3.bin,830,33554432,342.26,,
0,bench/30gib-3.bin,831,33554432,446.17,,
0,bench/30gib-3.bin,832,33554432,341.35,,
0,bench/30gib-3.bin,833,33554432,433.11,,
0,bench/30gib-3.bin,834,33554432,446.71,,
0,bench/30gib-3.bin,835,33554432,389.27,,
0,bench/30gib-3.bin,836,33554432,346.43,,
0,bench/30gib-3.bin,837,33554432,392.09,,
0,bench/30gib-3.bin,838,33554432,345.88,,
0,bench/30gib-3.bin,839,33554432,479.72,,
0,bench/30gib-3.bin,840,33554432,341.50,,
0,bench/30gib-3.bin,841,33554432,468.17,,
0,bench/30gib-3.bin,842,33554432,344.39,,
0,bench/30gib-3.bin,843,33554432,419.60,,
0,bench/30gib-3.bin,844,33554432,424.14,,
0,bench/30gib-3.bin,845,33554432,356.61,,
0,bench/30gib-3.bin,846,33554432,457.93,,
0,bench/30gib-3.bin,847,33554432,424.80,,
0,bench/30gib-3.bin,848,33554432,512.78,,
0,bench/30gib-3.bin,849,33554432,467.97,,
0,bench/30gib-3.bin,850,33554432,472.51,,
0,bench/30gib-3.bin,851,33554432,404.41,,
0,bench/30gib-3.bin,852,33554432,639.80,,
0,bench/30gib-3.bin,853,33554432,397.78,,
0,bench/30gib-3.bin,854,33554432,430.29,,
0,bench/30gib-3.bin,855,33554432,362.09,,
0,bench/30gib-3.bin,856,33554432,491.36,,
0,bench/30gib-3.bin,857,33554432,383.91,,
0,bench/30gib-3.bin,858,33554432,535.28,,
0,bench/30gib-3.bin,859,33554432,652.89,,
0,bench/30gib-3.bin,860,33554432,362.85,,
0,bench/30gib-3.bin,861,33554432,362.03,,
0,bench/30gib-3.bin,862,33554432,393.26,,
0,bench/30gib-3.bin,863,33554432,398.60,,
0,bench/30gib-3.bin,864,33554432,378.89,,
0,bench/30gib-3.bin,865,33554432,343.10,,
0,bench/30gib-3.bin,866,33554432,450.18,,
0,bench/30gib-3.bin,867,33554432,406.75,,
0,bench/30gib-3.bin,868,33554432,527.17,,
0,bench/30gib-3.bin,869,33554432,411.32,,
0,bench/30gib-3.bin,870,33554432,393.32,,
0,bench/30gib-3.bin,871,33554432,354.93,,
0,bench/30gib-3.bin,872,33554432,559.29,,
0,bench/30gib-3.bin,873,33554432,411.43,,
0,bench/30gib-3.bin,874,33554432,343.66,,
0,bench/30gib-3.bin,875,33554432,411.47,,
0,bench/30gib-3.bin,876,33554432,347.98,,
0,bench/30gib-3.bin,877,33554432,516.59,,
0,bench/30gib-3.bin,878,33554432,396.07,,
0,bench/30gib-3.bin,879,33554432,462.50,,
0,bench/30gib-3.bin,880,33554432,497.89,,
0,bench/30gib-3.bin,881,33554432,487.80,,
0,bench/30gib-3.bin,882,33554432,822.23,,
0,bench/30gib-3.bin,883,33554432,350.53,,
0,bench/30gib-3.bin,884,33554432,352.50,,
0,bench/30gib-3.bin,885,33554432,521.21,,
0,bench/30gib-3.bin,886,33554432,357.88,,
0,bench/30gib-3.bin,887,33554432,353.69,,
0,bench/30gib-3.bin,888,33554432,535.17,,
0,bench/30gib-3.bin,889,33554432,371.04,,
0,bench/30gib-3.bin,890,33554432,341.32,,
0,bench/30gib-3.bin,891,33554432,340.12,,
0,bench/30gib-3.bin,892,33554432,522.76,,
0,bench/30gib-3.bin,893,33554432,512.94,,
0,bench/30gib-3.bin,894,33554432,368.92,,
0,bench/30gib-3.bin,895,33554432,352.23,,
0,bench/30gib-3.bin,896,33554432,374.35,,
0,bench/30gib-3.bin,897,33554432,380.90,,
0,bench/30gib-3.bin,898,33554432,556.34,,
0,bench/30gib-3.bin,899,33554432,350.05,,
0,bench/30gib-3.bin,900,33554432,516.40,,
0,bench/30gib-3.bin,901,33554432,500.35,,
0,bench/30gib-3.bin,902,33554432,422.59,,
0,bench/30gib-3.bin,903,33554432,448.68,,
0,bench/30gib-3.bin,904,33554432,361.77,,
0,bench/30gib-3.bin,905,33554432,403.44,,
0,bench/30gib-3.bin,906,33554432,359.98,,
0,bench/30gib-3.bin,907,33554432,382.63,,
0,bench/30gib-3.bin,908,33554432,356.72,,
0,bench/30gib-3.bin,909,33554432,429.23,,
0,bench/30gib-3.bin,910,33554432,417.97,,
0,bench/30gib-3.bin,911,33554432,484.11,,
0,bench/30gib-3.bin,912,33554432,418.31,,
0,bench/30gib-3.bin,913,33554432,389.41,,
0,bench/30gib-3.bin,914,33554432,347.72,,
0,bench/30gib-3.bin,915,33554432,501.70,,
0,bench/30gib-3.bin,916,33554432,529.06,,
0,bench/30gib-3.bin,917,33554432,414.12,,
0,bench/30gib-3.bin,918,33554432,414.82,,
0,bench/30gib-3.bin,919,33554432,685.24,,
0,bench/30gib-3.bin,920,33554432,673.76,,
0,bench/30gib-3.bin,921,33554432,409.53,,
0,bench/30gib-3.bin,922,33554432,858.39,,
0,bench/30gib-3.bin,923,33554432,453.12,,
0,bench/30gib-3.bin,924,33554432,417.77,,
0,bench/30gib-3.bin,925,33554432,410.11,,
0,bench/30gib-3.bin,926,33554432,520.61,,
0,bench/30gib-3.bin,927,33554432,375.83,,
0,bench/30gib-3.bin,928,33554432,516.97,,
0,bench/30gib-3.bin,929,33554432,491.67,,
0,bench/30gib-3.bin,930,33554432,452.07,,
0,bench/30gib-3.bin,931,33554432,343.30,,
0,bench/30gib-3.bin,932,33554432,345.15,,
0,bench/30gib-3.bin,933,33554432,451.97,,
0,bench/30gib-3.bin,934,33554432,515.39,,
0,bench/30gib-3.bin,935,33554432,342.56,,
0,bench/30gib-3.bin,936,33554432,342.43,,
0,bench/30gib-3.bin,937,33554432,375.51,,
0,bench/30gib-3.bin,938,33554432,483.23,,
0,bench/30gib-3.bin,939,33554432,408.30,,
0,bench/30gib-3.bin,940,33554432,401.05,,
0,bench/30gib-3.bin,941,33554432,395.84,,
0,bench/30gib-3.bin,942,33554432,438.69,,
0,bench/30gib-3.bin,943,33554432,385.37,,
0,bench/30gib-3.bin,944,33554432,361.64,,
0,bench/30gib-3.bin,945,33554432,475.38,,
0,bench/30gib-3.bin,946,33554432,400.14,,
0,bench/30gib-3.bin,947,33554432,632.47,,
0,bench/30gib-3.bin,948,33554432,423.25,,
0,bench/30gib-3.bin,949,33554432,454.71,,
0,bench/30gib-3.bin,950,33554432,351.37,,
0,bench/30gib-3.bin,951,33554432,342.99,,
0,bench/30gib-3.bin,952,33554432,482.87,,
0,bench/30gib-3.bin,953,33554432,346.38,,
0,bench/30gib-3.bin,954,33554432,365.75,,
0,bench/30gib-3.bin,955,33554432,398.06,,
0,bench/30gib-3.bin,956,33554432,342.30,,
0,bench/30gib-3.bin,957,33554432,434.07,,
0,bench/30gib-3.bin,958,33554432,433.43,,
0,bench/30gib-3.bin,959,33554432,370.53,,
0,bench/30gib-3.bin,960,33554432,344.80,,
0,bench/30gib-4.bin,1,33554432,1029.06,,
0,bench/30gib-4.bin,2,33554432,941.94,,
0,bench/30gib-4.bin,3,33554432,1804.86,,
0,bench/30gib-4.bin,4,33554432,1848.94,,
0,bench/30gib-4.bin,5,33554432,1345.91,,
0,bench/30gib-4.bin,6,33554432,889.12,,
0,bench/30gib-4.bin,7,33554432,1828.79,,
0,bench/30gib-4.bin,8,33554432,1126.49,,
0,bench/30gib-4.bin,9,33554432,961.45,,
0,bench/30gib-4.bin,10,33554432,1220.37,,
0,bench/30gib-4.bin,11,33554432,971.02,,
0,bench/30gib-4.bin,12,33554432,998.42,,
0,bench/30gib-4.bin,13,33554432,1731.62,,
0,bench/30gib-4.bin,14,33554432,922.17,,
0,bench/30gib-4.bin,15,33554432,1228.28,,
0,bench/30gib-4.bin,16,33554432,1634.09,,
0,bench/30gib-4.bin,17,33554432,1123.51,,
0,bench/30gib-4.bin,18,33554432,1341.66,,
0,bench/30gib-4.bin,19,33554432,1116.57,,
0,bench/30gib-4.bin,20,33554432,1650.81,,
0,bench/30gib-4.bin,21,33554432,792.35,,
0,bench/30gib-4.bin,22,33554432,1204.94,,
0,bench/30gib-4.bin,23,33554432,1692.12,,
0,bench/30gib-4.bin,24,33554432,1376.57,,
0,bench/30gib-4.bin,25,33554432,1136.86,,
0,bench/30gib-4.bin,26,33554432,2471.35,,
0,bench/30gib-4.bin,27,33554432,1972.84,,
0,bench/30gib-4.bin,28,33554432,1375.56,,
0,bench/30gib-4.bin,29,33554432,1761.77,,
0,bench/30gib-4.bin,30,33554432,1304.70,,
0,bench/30gib-4.bin,31,33554432,699.25,,
0,bench/30gib-4.bin,32,33554432,1360.28,,
0,bench/30gib-4.bin,33,33554432,595.08,,
0,bench/30gib-4.bin,34,33554432,625.53,,
0,bench/30gib-4.bin,35,33554432,1112.14,,
0,bench/30gib-4.bin,36,33554432,968.51,,
0,bench/30gib-4.bin,37,33554432,712.15,,
0,bench/30gib-4.bin,38,33554432,766.04,,
0,bench/30gib-4.bin,39,33554432,608.22,,
0,bench/30gib-4.bin,40,33554432,1287.63,,
0,bench/30gib-4.bin,41,33554432,720.22,,
0,bench/30gib-4.bin,42,33554432,842.79,,
0,bench/30gib-4.bin,43,33554432,711.51,,
0,bench/30gib-4.bin,44,33554432,663.98,,
0,bench/30gib-4.bin,45,33554432,774.39,,
0,bench/30gib-4.bin,46,33554432,609.55,,
0,bench/30gib-4.bin,47,33554432,726.41,,
0,bench/30gib-4.bin,48,33554432,489.26,,
0,bench/30gib-4.bin,49,33554432,763.75,,
0,bench/30gib-4.bin,50,33554432,501.57,,
0,bench/30gib-4.bin,51,33554432,885.17,,
0,bench/30gib-4.bin,52,33554432,548.38,,
0,bench/30gib-4.bin,53,33554432,669.67,,
0,bench/30gib-4.bin,54,33554432,634.23,,
0,bench/30gib-4.bin,55,33554432,463.65,,
0,bench/30gib-4.bin,56,33554432,702.56,,
0,bench/30gib-4.bin,57,33554432,623.81,,
0,bench/30gib-4.bin,58,33554432,726.88,,
0,bench/30gib-4.bin,59,33554432,759.30,,
0,bench/30gib-4.bin,60,33554432,529.30,,
0,bench/30gib-4.bin,61,33554432,715.26,,
0,bench/30gib-4.bin,62,33554432,415.31,,
0,bench/30gib-4.bin,63,33554432,446.47,,
0,bench/30gib-4.bin,64,33554432,648.19,,
0,bench/30gib-4.bin,65,33554432,649.54,,
0,bench/30gib-4.bin,66,33554432,474.16,,
0,bench/30gib-4.bin,67,33554432,554.25,,
0,bench/30gib-4.bin,68,33554432,835.04,,
0,bench/30gib-4.bin,69,33554432,521.73,,
0,bench/30gib-4.bin,70,33554432,451.08,,
0,bench/30gib-4.bin,71,33554432,442.39,,
0,bench/30gib-4.bin,72,33554432,394.34,,
0,bench/30gib-4.bin,73,33554432,523.28,,
0,bench/30gib-4.bin,74,33554432,455.38,,
0,bench/30gib-4.bin,75,33554432,394.05,,
0,bench/30gib-4.bin,76,33554432,484.57,,
0,bench/30gib-4.bin,77,33554432,519.74,,
0,bench/30gib-4.bin,78,33554432,400.11,,
0,bench/30gib-4.bin,79,33554432,356.91,,
0,bench/30gib-4.bin,80,33554432,437.89,,
0,bench/30gib-4.bin,81,33554432,519.08,,
0,bench/30gib-4.bin,82,33554432,560.53,,
0,bench/30gib-4.bin,83,33554432,353.37,,
0,bench/30gib-4.bin,84,33554432,469.11,,
0,bench/30gib-4.bin,85,33554432,414.83,,
0,bench/30gib-4.bin,86,33554432,384.50,,
0,bench/30gib-4.bin,87,33554432,359.80,,
0,bench/30gib-4.bin,88,33554432,359.79,,
0,bench/30gib-4.bin,89,33554432,454.80,,
0,bench/30gib-4.bin,90,33554432,566.80,,
0,bench/30gib-4.bin,91,33554432,558.27,,
0,bench/30gib-4.bin,92,33554432,477.88,,
0,bench/30gib-4.bin,93,33554432,493.83,,
0,bench/30gib-4.bin,94,33554432,617.11,,
0,bench/30gib-4.bin,95,33554432,348.50,,
0,bench/30gib-4.bin,96,33554432,542.54,,
0,bench/30gib-4.bin,97,33554432,701.47,,
0,bench/30gib-4.bin,98,33554432,373.84,,
0,bench/30gib-4.bin,99,33554432,352.60,,
0,bench/30gib-4.bin,100,33554432,418.22,,
0,bench/30gib-4.bin,101,33554432,391.26,,
0,bench/30gib-4.bin,102,33554432,476.41,,
0,bench/30gib-4.bin,103,33554432,362.18,,
0,bench/30gib-4.bin,104,33554432,509.79,,
0,bench/30gib-4.bin,105,33554432,441.29,,
0,bench/30gib-4.bin,106,33554432,470.61,,
0,bench/30gib-4.bin,107,33554432,357.25,,
0,bench/30gib-4.bin,108,33554432,748.70,,
0,bench/30gib-4.bin,109,33554432,373.97,,
0,bench/30gib-4.bin,110,33554432,535.85,,
0,bench/30gib-4.bin,111,33554432,478.46,,
0,bench/30gib-4.bin,112,33554432,494.60,,
0,bench/30gib-4.bin,113,33554432,503.52,,
0,bench/30gib-4.bin,114,33554432,406.30,,
0,bench/30gib-4.bin,115,33554432,347.56,,
0,bench/30gib-4.bin,116,33554432,468.17,,
0,bench/30gib-4.bin,117,33554432,474.92,,
0,bench/30gib-4.bin,118,33554432,433.99,,
0,bench/30gib-4.bin,119,33554432,510.72,,
0,bench/30gib-4.bin,120,33554432,1167.02,,
0,bench/30gib-4.bin,121,33554432,535.90,,
0,bench/30gib-4.bin,122,33554432,407.34,,
0,bench/30gib-4.bin,123,33554432,555.83,,
0,bench/30gib-4.bin,124,33554432,359.82,,
0,bench/30gib-4.bin,125,33554432,620.31,,
0,bench/30gib-4.bin,126,33554432,484.58,,
0,bench/30gib-4.bin,127,33554432,370.53,,
0,bench/30gib-4.bin,128,33554432,557.62,,
0,bench/30gib-4.bin,129,33554432,354.94,,
0,bench/30gib-4.bin,130,33554432,467.13,,
0,bench/30gib-4.bin,131,33554432,406.40,,
0,bench/30gib-4.bin,132,33554432,357.00,,
0,bench/30gib-4.bin,133,33554432,493.41,,
0,bench/30gib-4.bin,134,33554432,670.65,,
0,bench/30gib-4.bin,135,33554432,524.52,,
0,bench/30gib-4.bin,136,33554432,496.50,,
0,bench/30gib-4.bin,137,33554432,395.68,,
0,bench/30gib-4.bin,138,33554432,489.31,,
0,bench/30gib-4.bin,139,33554432,471.19,,
0,bench/30gib-4.bin,140,33554432,342.04,,
0,bench/30gib-4.bin,141,33554432,349.03,,
0,bench/30gib-4.bin,142,33554432,558.53,,
0,bench/30gib-4.bin,143,33554432,348.81,,
0,bench/30gib-4.bin,144,33554432,351.12,,
0,bench/30gib-4.bin,145,33554432,347.81,,
0,bench/30gib-4.bin,146,33554432,496.29,,
0,bench/30gib-4.bin,147,33554432,384.76,,
0,bench/30gib-4.bin,148,33554432,345.63,,
0,bench/30gib-4.bin,149,33554432,440.92,,
0,bench/30gib-4.bin,150,33554432,341.53,,
0,bench/30gib-4.bin,151,33554432,343.96,,
0,bench/30gib-4.bin,152,33554432,346.90,,
0,bench/30gib-4.bin,153,33554432,538.52,,
0,bench/30gib-4.bin,154,33554432,443.80,,
0,bench/30gib-4.bin,155,33554432,398.50,,
0,bench/30gib-4.bin,156,33554432,387.76,,
0,bench/30gib-4.bin,157,33554432,741.50,,
0,bench/30gib-4.bin,158,33554432,678.49,,
0,bench/30gib-4.bin,159,33554432,537.91,,
0,bench/30gib-4.bin,160,33554432,564.75,,
0,bench/30gib-4.bin,161,33554432,340.41,,
0,bench/30gib-4.bin,162,33554432,694.46,,
0,bench/30gib-4.bin,163,33554432,457.63,,
0,bench/30gib-4.bin,164,33554432,535.27,,
0,bench/30gib-4.bin,165,33554432,433.28,,
0,bench/30gib-4.bin,166,33554432,658.10,,
0,bench/30gib-4.bin,167,33554432,518.07,,
0,bench/30gib-4.bin,168,33554432,553.28,,
0,bench/30gib-4.bin,169,33554432,443.56,,
0,bench/30gib-4.bin,170,33554432,385.76,,
0,bench/30gib-4.bin,171,33554432,454.44,,
0,bench/30gib-4.bin,172,33554432,389.01,,
0,bench/30gib-4.bin,173,33554432,552.08,,
0,bench/30gib-4.bin,174,33554432,520.07,,
0,bench/30gib-4.bin,175,33554432,381.23,,
0,bench/30gib-4.bin,176,33554432,374.14,,
0,bench/30gib-4.bin,177,33554432,515.64,,
0,bench/30gib-4.bin,178,33554432,540.19,,
0,bench/30gib-4.bin,179,33554432,348.26,,
0,bench/30gib-4.bin,180,33554432,652.00,,
0,bench/30gib-4.bin,181,33554432,346.00,,
0,bench/30gib-4.bin,182,33554432,530.82,,
0,bench/30gib-4.bin,183,33554432,540.62,,
0,bench/30gib-4.bin,184,33554432,448.79,,
0,bench/30gib-4.bin,185,33554432,402.32,,
0,bench/30gib-4.bin,186,33554432,404.69,,
0,bench/30gib-4.bin,187,33554432,374.24,,
0,bench/30gib-4.bin,188,33554432,391.62,,
0,bench/30gib-4.bin,189,33554432,595.45,,
0,bench/30gib-4.bin,190,33554432,538.56,,
0,bench/30gib-4.bin,191,33554432,391.23,,
0,bench/30gib-4.bin,192,33554432,557.18,,
0,bench/30gib-4.bin,193,33554432,440.13,,
0,bench/30gib-4.bin,194,33554432,340.67,,
0,bench/30gib-4.bin,195,33554432,396.24,,
0,bench/30gib-4.bin,196,33554432,582.26,,
0,bench/30gib-4.bin,197,33554432,367.81,,
0,bench/30gib-4.bin,198,33554432,504.58,,
0,bench/30gib-4.bin,199,33554432,459.55,,
0,bench/30gib-4.bin,200,33554432,533.20,,
0,bench/30gib-4.bin,201,33554432,496.56,,
0,bench/30gib-4.bin,202,33554432,393.38,,
0,bench/30gib-4.bin,203,33554432,451.66,,
0,bench/30gib-4.bin,204,33554432,506.36,,
0,bench/30gib-4.bin,205,33554432,426.16,,
0,bench/30gib-4.bin,206,33554432,434.03,,
0,bench/30gib-4.bin,207,33554432,402.79,,
0,bench/30gib-4.bin,208,33554432,424.88,,
0,bench/30gib-4.bin,209,33554432,704.45,,
0,bench/30gib-4.bin,210,33554432,357.12,,
0,bench/30gib-4.bin,211,33554432,387.95,,
0,bench/30gib-4.bin,212,33554432,549.19,,
0,bench/30gib-4.bin,213,33554432,428.52,,
0,bench/30gib-4.bin,214,33554432,503.75,,
0,bench/30gib-4.bin,215,33554432,495.98,,
0,bench/30gib-4.bin,216,33554432,1124.61,,
0,bench/30gib-4.bin,217,33554432,404.24,,
0,bench/30gib-4.bin,218,33554432,485.43,,
0,bench/30gib-4.bin,219,33554432,423.25,,
0,bench/30gib-4.bin,220,33554432,345.49,,
0,bench/30gib-4.bin,221,33554432,404.49,,
0,bench/30gib-4.bin,222,33554432,502.81,,
0,bench/30gib-4.bin,223,33554432,434.53,,
0,bench/30gib-4.bin,224,33554432,426.41,,
0,bench/30gib-4.bin,225,33554432,380.52,,
0,bench/30gib-4.bin,226,33554432,424.43,,
0,bench/30gib-4.bin,227,33554432,389.67,,
0,bench/30gib-4.bin,228,33554432,431.72,,
0,bench/30gib-4.bin,229,33554432,449.87,,
0,bench/30gib-4.bin,230,33554432,485.15,,
0,bench/30gib-4.bin,231,33554432,494.70,,
0,bench/30gib-4.bin,232,33554432,452.55,,
0,bench/30gib-4.bin,233,33554432,431.67,,
0,bench/30gib-4.bin,234,33554432,389.11,,
0,bench/30gib-4.bin,235,33554432,804.58,,
0,bench/30gib-4.bin,236,33554432,447.22,,
0,bench/30gib-4.bin,237,33554432,401.84,,
0,bench/30gib-4.bin,238,33554432,348.57,,
0,bench/30gib-4.bin,239,33554432,452.73,,
0,bench/30gib-4.bin,240,33554432,372.97,,
0,bench/30gib-4.bin,241,33554432,451.36,,
0,bench/30gib-4.bin,242,33554432,364.38,,
0,bench/30gib-4.bin,243,33554432,368.90,,
0,bench/30gib-4.bin,244,33554432,407.89,,
0,bench/30gib-4.bin,245,33554432,434.39,,
0,bench/30gib-4.bin,246,33554432,377.92,,
0,bench/30gib-4.bin,247,33554432,416.29,,
0,bench/30gib-4.bin,248,33554432,731.22,,
0,bench/30gib-4.bin,249,33554432,426.75,,
0,bench/30gib-4.bin,250,33554432,560.33,,
0,bench/30gib-4.bin,251,33554432,346.34,,
0,bench/30gib-4.bin,252,33554432,404.96,,
0,bench/30gib-4.bin,253,33554432,362.10,,
0,bench/30gib-4.bin,254,33554432,504.98,,
0,bench/30gib-4.bin,255,33554432,377.41,,
0,bench/30gib-4.bin,256,33554432,400.93,,
0,bench/30gib-4.bin,257,33554432,340.56,,
0,bench/30gib-4.bin,258,33554432,496.20,,
0,bench/30gib-4.bin,259,33554432,371.36,,
0,bench/30gib-4.bin,260,33554432,426.33,,
0,bench/30gib-4.bin,261,33554432,369.69,,
0,bench/30gib-4.bin,262,33554432,549.77,,
0,bench/30gib-4.bin,263,33554432,354.36,,
0,bench/30gib-4.bin,264,33554432,390.96,,
0,bench/30gib-4.bin,265,33554432,362.69,,
0,bench/30gib-4.bin,266,33554432,344.54,,
0,bench/30gib-4.bin,267,33554432,440.51,,
0,bench/30gib-4.bin,268,33554432,344.94,,
0,bench/30gib-4.bin,269,33554432,417.38,,
0,bench/30gib-4.bin,270,33554432,419.28,,
0,bench/30gib-4.bin,271,33554432,559.45,,
0,bench/30gib-4.bin,272,33554432,362.37,,
0,bench/30gib-4.bin,273,33554432,538.51,,
0,bench/30gib-4.bin,274,33554432,452.72,,
0,bench/30gib-4.bin,275,33554432,386.04,,
0,bench/30gib-4.bin,276,33554432,346.50,,
0,bench/30gib-4.bin,277,33554432,507.03,,
0,bench/30gib-4.bin,278,33554432,426.10,,
0,bench/30gib-4.bin,279,33554432,400.50,,
0,bench/30gib-4.bin,280,33554432,463.48,,
0,bench/30gib-4.bin,281,33554432,411.11,,
0,bench/30gib-4.bin,282,33554432,492.21,,
0,bench/30gib-4.bin,283,33554432,553.29,,
0,bench/30gib-4.bin,284,33554432,385.55,,
0,bench/30gib-4.bin,285,33554432,788.71,,
0,bench/30gib-4.bin,286,33554432,371.98,,
0,bench/30gib-4.bin,287,33554432,412.62,,
0,bench/30gib-4.bin,288,33554432,366.86,,
0,bench/30gib-4.bin,289,33554432,465.10,,
0,bench/30gib-4.bin,290,33554432,348.42,,
0,bench/30gib-4.bin,291,33554432,482.31,,
0,bench/30gib-4.bin,292,33554432,464.69,,
0,bench/30gib-4.bin,293,33554432,387.75,,
0,bench/30gib-4.bin,294,33554432,755.34,,
0,bench/30gib-4.bin,295,33554432,449.07,,
0,bench/30gib-4.bin,296,33554432,546.66,,
0,bench/30gib-4.bin,297,33554432,466.83,,
0,bench/30gib-4.bin,298,33554432,426.84,,
0,bench/30gib-4.bin,299,33554432,380.38,,
0,bench/30gib-4.bin,300,33554432,562.35,,
0,bench/30gib-4.bin,301,33554432,649.30,,
0,bench/30gib-4.bin,302,33554432,340.23,,
0,bench/30gib-4.bin,303,33554432,417.01,,
0,bench/30gib-4.bin,304,33554432,350.15,,
0,bench/30gib-4.bin,305,33554432,422.21,,
0,bench/30gib-4.bin,306,33554432,476.35,,
0,bench/30gib-4.bin,307,33554432,459.63,,
0,bench/30gib-4.bin,308,33554432,406.60,,
0,bench/30gib-4.bin,309,33554432,423.20,,
0,bench/30gib-4.bin,310,33554432,362.35,,
0,bench/30gib-4.bin,311,33554432,377.48,,
0,bench/30gib-4.bin,312,33554432,451.47,,
0,bench/30gib-4.bin,313,33554432,557.04,,
0,bench/30gib-4.bin,314,33554432,555.06,,
0,bench/30gib-4.bin,315,33554432,545.81,,
0,bench/30gib-4.bin,316,33554432,454.63,,
0,bench/30gib-4.bin,317,33554432,523.47,,
0,bench/30gib-4.bin,318,33554432,663.48,,
0,bench/30gib-4.bin,319,33554432,467.99,,
0,bench/30gib-4.bin,320,33554432,411.08,,
0,bench/30gib-4.bin,321,33554432,404.48,,
0,bench/30gib-4.bin,322,33554432,498.04,,
0,bench/30gib-4.bin,323,33554432,543.48,,
0,bench/30gib-4.bin,324,33554432,342.31,,
0,bench/30gib-4.bin,325,33554432,373.85,,
0,bench/30gib-4.bin,326,33554432,342.26,,
0,bench/30gib-4.bin,327,33554432,602.19,,
0,bench/30gib-4.bin,328,33554432,367.22,,
0,bench/30gib-4.bin,329,33554432,419.75,,
0,bench/30gib-4.bin,330,33554432,520.24,,
0,bench/30gib-4.bin,331,33554432,475.24,,
0,bench/30gib-4.bin,332,33554432,444.71,,
0,bench/30gib-4.bin,333,33554432,579.38,,
0,bench/30gib-4.bin,334,33554432,469.80,,
0,bench/30gib-4.bin,335,33554432,427.88,,
0,bench/30gib-4.bin,336,33554432,505.37,,
0,bench/30gib-4.bin,337,33554432,350.36,,
0,bench/30gib-4.bin,338,33554432,365.24,,
0,bench/30gib-4.bin,339,33554432,344.93,,
0,bench/30gib-4.bin,340,33554432,524.66,,
0,bench/30gib-4.bin,341,33554432,436.16,,
0,bench/30gib-4.bin,342,33554432,508.52,,
0,bench/30gib-4.bin,343,33554432,357.55,,
0,bench/30gib-4.bin,344,33554432,720.21,,
0,bench/30gib-4.bin,345,33554432,346.46,,
0,bench/30gib-4.bin,346,33554432,363.15,,
0,bench/30gib-4.bin,347,33554432,434.58,,
0,bench/30gib-4.bin,348,33554432,402.27,,
0,bench/30gib-4.bin,349,33554432,356.28,,
0,bench/30gib-4.bin,350,33554432,371.00,,
0,bench/30gib-4.bin,351,33554432,420.44,,
0,bench/30gib-4.bin,352,33554432,438.18,,
0,bench/30gib-4.bin,353,33554432,402.39,,
0,bench/30gib-4.bin,354,33554432,460.94,,
0,bench/30gib-4.bin,355,33554432,1159.32,,
0,bench/30gib-4.bin,356,33554432,388.36,,
0,bench/30gib-4.bin,357,33554432,376.56,,
0,bench/30gib-4.bin,358,33554432,429.61,,
0,bench/30gib-4.bin,359,33554432,394.03,,
0,bench/30gib-4.bin,360,33554432,493.87,,
0,bench/30gib-4.bin,361,33554432,420.59,,
0,bench/30gib-4.bin,362,33554432,406.72,,
0,bench/30gib-4.bin,363,33554432,396.42,,
0,bench/30gib-4.bin,364,33554432,433.42,,
0,bench/30gib-4.bin,365,33554432,386.14,,
0,bench/30gib-4.bin,366,33554432,413.49,,
0,bench/30gib-4.bin,367,33554432,418.19,,
0,bench/30gib-4.bin,368,33554432,473.87,,
0,bench/30gib-4.bin,369,33554432,431.45,,
0,bench/30gib-4.bin,370,33554432,413.18,,
0,bench/30gib-4.bin,371,33554432,566.43,,
0,bench/30gib-4.bin,372,33554432,488.11,,
0,bench/30gib-4.bin,373,33554432,502.17,,
0,bench/30gib-4.bin,374,33554432,509.56,,
0,bench/30gib-4.bin,375,33554432,568.08,,
0,bench/30gib-4.bin,376,33554432,540.00,,
0,bench/30gib-4.bin,377,33554432,358.89,,
0,bench/30gib-4.bin,378,33554432,394.97,,
0,bench/30gib-4.bin,379,33554432,487.51,,
0,bench/30gib-4.bin,380,33554432,513.57,,
0,bench/30gib-4.bin,381,33554432,455.90,,
0,bench/30gib-4.bin,382,33554432,441.14,,
0,bench/30gib-4.bin,383,33554432,535.69,,
0,bench/30gib-4.bin,384,33554432,414.16,,
0,bench/30gib-4.bin,385,33554432,391.30,,
0,bench/30gib-4.bin,386,33554432,506.92,,
0,bench/30gib-4.bin,387,33554432,385.34,,
0,bench/30gib-4.bin,388,33554432,479.03,,
0,bench/30gib-4.bin,389,33554432,416.79,,
0,bench/30gib-4.bin,390,33554432,750.23,,
0,bench/30gib-4.bin,391,33554432,493.04,,
0,bench/30gib-4.bin,392,33554432,382.51,,
0,bench/30gib-4.bin,393,33554432,472.87,,
0,bench/30gib-4.bin,394,33554432,341.93,,
0,bench/30gib-4.bin,395,33554432,635.98,,
0,bench/30gib-4.bin,396,33554432,487.51,,
0,bench/30gib-4.bin,397,33554432,341.90,,
0,bench/30gib-4.bin,398,33554432,344.41,,
0,bench/30gib-4.bin,399,33554432,439.24,,
0,bench/30gib-4.bin,400,33554432,441.38,,
0,bench/30gib-4.bin,401,33554432,642.58,,
0,bench/30gib-4.bin,402,33554432,430.20,,
0,bench/30gib-4.bin,403,33554432,421.04,,
0,bench/30gib-4.bin,404,33554432,342.43,,
0,bench/30gib-4.bin,405,33554432,528.99,,
0,bench/30gib-4.bin,406,33554432,651.43,,
0,bench/30gib-4.bin,407,33554432,341.36,,
0,bench/30gib-4.bin,408,33554432,549.75,,
0,bench/30gib-4.bin,409,33554432,350.93,,
0,bench/30gib-4.bin,410,33554432,437.98,,
0,bench/30gib-4.bin,411,33554432,436.39,,
0,bench/30gib-4.bin,412,33554432,434.00,,
0,bench/30gib-4.bin,413,33554432,384.57,,
0,bench/30gib-4.bin,414,33554432,358.92,,
0,bench/30gib-4.bin,415,33554432,457.31,,
0,bench/30gib-4.bin,416,33554432,525.31,,
0,bench/30gib-4.bin,417,33554432,412.32,,
0,bench/30gib-4.bin,418,33554432,380.58,,
0,bench/30gib-4.bin,419,33554432,476.13,,
0,bench/30gib-4.bin,420,33554432,623.89,,
0,bench/30gib-4.bin,421,33554432,416.57,,
0,bench/30gib-4.bin,422,33554432,376.32,,
0,bench/30gib-4.bin,423,33554432,386.19,,
0,bench/30gib-4.bin,424,33554432,342.82,,
0,bench/30gib-4.bin,425,33554432,413.63,,
0,bench/30gib-4.bin,426,33554432,644.61,,
0,bench/30gib-4.bin,427,33554432,347.32,,
0,bench/30gib-4.bin,428,33554432,383.59,,
0,bench/30gib-4.bin,429,33554432,489.20,,
0,bench/30gib-4.bin,430,33554432,348.45,,
0,bench/30gib-4.bin,431,33554432,486.51,,
0,bench/30gib-4.bin,432,33554432,339.81,,
0,bench/30gib-4.bin,433,33554432,437.44,,
0,bench/30gib-4.bin,434,33554432,407.83,,
0,bench/30gib-4.bin,435,33554432,571.30,,
0,bench/30gib-4.bin,436,33554432,559.36,,
0,bench/30gib-4.bin,437,33554432,482.93,,
0,bench/30gib-4.bin,438,33554432,383.13,,
0,bench/30gib-4.bin,439,33554432,418.36,,
0,bench/30gib-4.bin,440,33554432,515.42,,
0,bench/30gib-4.bin,441,33554432,380.72,,
0,bench/30gib-4.bin,442,33554432,581.34,,
0,bench/30gib-4.bin,443,33554432,438.85,,
0,bench/30gib-4.bin,444,33554432,481.51,,
0,bench/30gib-4.bin,445,33554432,433.96,,
0,bench/30gib-4.bin,446,33554432,555.42,,
0,bench/30gib-4.bin,447,33554432,644.70,,
0,bench/30gib-4.bin,448,33554432,345.90,,
0,bench/30gib-4.bin,449,33554432,496.10,,
0,bench/30gib-4.bin,450,33554432,458.71,,
0,bench/30gib-4.bin,451,33554432,586.00,,
0,bench/30gib-4.bin,452,33554432,355.06,,
0,bench/30gib-4.bin,453,33554432,866.88,,
0,bench/30gib-4.bin,454,33554432,347.23,,
0,bench/30gib-4.bin,455,33554432,461.55,,
0,bench/30gib-4.bin,456,33554432,529.67,,
0,bench/30gib-4.bin,457,33554432,415.13,,
0,bench/30gib-4.bin,458,33554432,348.15,,
0,bench/30gib-4.bin,459,33554432,483.00,,
0,bench/30gib-4.bin,460,33554432,426.24,,
0,bench/30gib-4.bin,461,33554432,348.03,,
0,bench/30gib-4.bin,462,33554432,487.02,,
0,bench/30gib-4.bin,463,33554432,572.41,,
0,bench/30gib-4.bin,464,33554432,510.57,,
0,bench/30gib-4.bin,465,33554432,443.07,,
0,bench/30gib-4.bin,466,33554432,351.23,,
0,bench/30gib-4.bin,467,33554432,355.75,,
0,bench/30gib-4.bin,468,33554432,449.34,,
0,bench/30gib-4.bin,469,33554432,369.15,,
0,bench/30gib-4.bin,470,33554432,445.27,,
0,bench/30gib-4.bin,471,33554432,717.94,,
0,bench/30gib-4.bin,472,33554432,404.54,,
0,bench/30gib-4.bin,473,33554432,345.34,,
0,bench/30gib-4.bin,474,33554432,445.06,,
0,bench/30gib-4.bin,475,33554432,502.85,,
0,bench/30gib-4.bin,476,33554432,467.57,,
0,bench/30gib-4.bin,477,33554432,548.58,,
0,bench/30gib-4.bin,478,33554432,354.67,,
0,bench/30gib-4.bin,479,33554432,417.91,,
0,bench/30gib-4.bin,480,33554432,497.83,,
0,bench/30gib-4.bin,481,33554432,468.53,,
0,bench/30gib-4.bin,482,33554432,550.24,,
0,bench/30gib-4.bin,483,33554432,420.71,,
0,bench/30gib-4.bin,484,33554432,416.48,,
0,bench/30gib-4.bin,485,33554432,547.52,,
0,bench/30gib-4.bin,486,33554432,348.50,,
0,bench/30gib-4.bin,487,33554432,637.98,,
0,bench/30gib-4.bin,488,33554432,448.24,,
0,bench/30gib-4.bin,489,33554432,514.70,,
0,bench/30gib-4.bin,490,33554432,413.21,,
0,bench/30gib-4.bin,491,33554432,378.01,,
0,bench/30gib-4.bin,492,33554432,870.67,,
0,bench/30gib-4.bin,493,33554432,510.92,,
0,bench/30gib-4.bin,494,33554432,417.91,,
0,bench/30gib-4.bin,495,33554432,561.15,,
0,bench/30gib-4.bin,496,33554432,409.27,,
0,bench/30gib-4.bin,497,33554432,352.57,,
0,bench/30gib-4.bin,498,33554432,341.84,,
0,bench/30gib-4.bin,499,33554432,356.89,,
0,bench/30gib-4.bin,500,33554432,433.76,,
0,bench/30gib-4.bin,501,33554432,551.28,,
0,bench/30gib-4.bin,502,33554432,454.91,,
0,bench/30gib-4.bin,503,33554432,367.09,,
0,bench/30gib-4.bin,504,33554432,595.96,,
0,bench/30gib-4.bin,505,33554432,425.03,,
0,bench/30gib-4.bin,506,33554432,480.72,,
0,bench/30gib-4.bin,507,33554432,536.28,,
0,bench/30gib-4.bin,508,33554432,474.50,,
0,bench/30gib-4.bin,509,33554432,597.06,,
0,bench/30gib-4.bin,510,33554432,609.04,,
0,bench/30gib-4.bin,511,33554432,476.86,,
0,bench/30gib-4.bin,512,33554432,429.38,,
0,bench/30gib-4.bin,513,33554432,351.81,,
0,bench/30gib-4.bin,514,33554432,428.97,,
0,bench/30gib-4.bin,515,33554432,458.67,,
0,bench/30gib-4.bin,516,33554432,513.77,,
0,bench/30gib-4.bin,517,33554432,460.17,,
0,bench/30gib-4.bin,518,33554432,405.06,,
0,bench/30gib-4.bin,519,33554432,623.39,,
0,bench/30gib-4.bin,520,33554432,553.53,,
0,bench/30gib-4.bin,521,33554432,944.19,,
0,bench/30gib-4.bin,522,33554432,477.44,,
0,bench/30gib-4.bin,523,33554432,605.01,,
0,bench/30gib-4.bin,524,33554432,485.83,,
0,bench/30gib-4.bin,525,33554432,396.52,,
0,bench/30gib-4.bin,526,33554432,571.68,,
0,bench/30gib-4.bin,527,33554432,342.95,,
0,bench/30gib-4.bin,528,33554432,398.62,,
0,bench/30gib-4.bin,529,33554432,439.64,,
0,bench/30gib-4.bin,530,33554432,435.18,,
0,bench/30gib-4.bin,531,33554432,529.85,,
0,bench/30gib-4.bin,532,33554432,365.01,,
0,bench/30gib-4.bin,533,33554432,433.58,,
0,bench/30gib-4.bin,534,33554432,398.09,,
0,bench/30gib-4.bin,535,33554432,557.13,,
0,bench/30gib-4.bin,536,33554432,441.05,,
0,bench/30gib-4.bin,537,33554432,382.68,,
0,bench/30gib-4.bin,538,33554432,442.33,,
0,bench/30gib-4.bin,539,33554432,523.37,,
0,bench/30gib-4.bin,540,33554432,455.30,,
0,bench/30gib-4.bin,541,33554432,415.14,,
0,bench/30gib-4.bin,542,33554432,377.32,,
0,bench/30gib-4.bin,543,33554432,704.61,,
0,bench/30gib-4.bin,544,33554432,491.38,,
0,bench/30gib-4.bin,545,33554432,345.09,,
0,bench/30gib-4.bin,546,33554432,346.28,,
0,bench/30gib-4.bin,547,33554432,486.08,,
0,bench/30gib-4.bin,548,33554432,439.27,,
0,bench/30gib-4.bin,549,33554432,349.71,,
0,bench/30gib-4.bin,550,33554432,416.01,,
0,bench/30gib-4.bin,551,33554432,643.52,,
0,bench/30gib-4.bin,552,33554432,377.65,,
0,bench/30gib-4.bin,553,33554432,502.36,,
0,bench/30gib-4.bin,554,33554432,339.88,,
0,bench/30gib-4.bin,555,33554432,344.82,,
0,bench/30gib-4.bin,556,33554432,473.66,,
0,bench/30gib-4.bin,557,33554432,457.10,,
0,bench/30gib-4.bin,558,33554432,448.13,,
0,bench/30gib-4.bin,559,33554432,459.83,,
0,bench/30gib-4.bin,560,33554432,452.39,,
0,bench/30gib-4.bin,561,33554432,439.26,,
0,bench/30gib-4.bin,562,33554432,483.69,,
0,bench/30gib-4.bin,563,33554432,400.40,,
0,bench/30gib-4.bin,564,33554432,379.42,,
0,bench/30gib-4.bin,565,33554432,483.56,,
0,bench/30gib-4.bin,566,33554432,353.61,,
0,bench/30gib-4.bin,567,33554432,380.68,,
0,bench/30gib-4.bin,568,33554432,579.02,,
0,bench/30gib-4.bin,569,33554432,580.31,,
0,bench/30gib-4.bin,570,33554432,551.32,,
0,bench/30gib-4.bin,571,33554432,436.48,,
0,bench/30gib-4.bin,572,33554432,420.64,,
0,bench/30gib-4.bin,573,33554432,413.06,,
0,bench/30gib-4.bin,574,33554432,340.77,,
0,bench/30gib-4.bin,575,33554432,519.66,,
0,bench/30gib-4.bin,576,33554432,429.44,,
0,bench/30gib-4.bin,577,33554432,668.48,,
0,bench/30gib-4.bin,578,33554432,601.02,,
0,bench/30gib-4.bin,579,33554432,863.21,,
0,bench/30gib-4.bin,580,33554432,460.84,,
0,bench/30gib-4.bin,581,33554432,341.57,,
0,bench/30gib-4.bin,582,33554432,449.62,,
0,bench/30gib-4.bin,583,33554432,471.65,,
0,bench/30gib-4.bin,584,33554432,460.69,,
0,bench/30gib-4.bin,585,33554432,620.92,,
0,bench/30gib-4.bin,586,33554432,404.62,,
0,bench/30gib-4.bin,587,33554432,444.24,,
0,bench/30gib-4.bin,588,33554432,396.93,,
0,bench/30gib-4.bin,589,33554432,368.01,,
0,bench/30gib-4.bin,590,33554432,420.51,,
0,bench/30gib-4.bin,591,33554432,457.80,,
0,bench/30gib-4.bin,592,33554432,432.64,,
0,bench/30gib-4.bin,593,33554432,402.52,,
0,bench/30gib-4.bin,594,33554432,604.38,,
0,bench/30gib-4.bin,595,33554432,356.43,,
0,bench/30gib-4.bin,596,33554432,409.04,,
0,bench/30gib-4.bin,597,33554432,382.86,,
0,bench/30gib-4.bin,598,33554432,451.94,,
0,bench/30gib-4.bin,599,33554432,599.53,,
0,bench/30gib-4.bin,600,33554432,360.91,,
0,bench/30gib-4.bin,601,33554432,422.51,,
0,bench/30gib-4.bin,602,33554432,387.20,,
0,bench/30gib-4.bin,603,33554432,450.61,,
0,bench/30gib-4.bin,604,33554432,377.17,,
0,bench/30gib-4.bin,605,33554432,598.41,,
0,bench/30gib-4.bin,606,33554432,441.46,,
0,bench/30gib-4.bin,607,33554432,582.57,,
0,bench/30gib-4.bin,608,33554432,670.71,,
0,bench/30gib-4.bin,609,33554432,410.03,,
0,bench/30gib-4.bin,610,33554432,583.39,,
0,bench/30gib-4.bin,611,33554432,393.68,,
0,bench/30gib-4.bin,612,33554432,557.89,,
0,bench/30gib-4.bin,613,33554432,343.85,,
0,bench/30gib-4.bin,614,33554432,618.45,,
0,bench/30gib-4.bin,615,33554432,568.28,,
0,bench/30gib-4.bin,616,33554432,341.83,,
0,bench/30gib-4.bin,617,33554432,386.00,,
0,bench/30gib-4.bin,618,33554432,422.20,,
0,bench/30gib-4.bin,619,33554432,435.61,,
0,bench/30gib-4.bin,620,33554432,400.21,,
0,bench/30gib-4.bin,621,33554432,395.88,,
0,bench/30gib-4.bin,622,33554432,400.92,,
0,bench/30gib-4.bin,623,33554432,371.41,,
0,bench/30gib-4.bin,624,33554432,492.17,,
0,bench/30gib-4.bin,625,33554432,341.62,,
0,bench/30gib-4.bin,626,33554432,446.15,,
0,bench/30gib-4.bin,627,33554432,507.18,,
0,bench/30gib-4.bin,628,33554432,532.30,,
0,bench/30gib-4.bin,629,33554432,563.07,,
0,bench/30gib-4.bin,630,33554432,352.90,,
0,bench/30gib-4.bin,631,33554432,343.67,,
0,bench/30gib-4.bin,632,33554432,384.67,,
0,bench/30gib-4.bin,633,33554432,660.13,,
0,bench/30gib-4.bin,634,33554432,582.80,,
0,bench/30gib-4.bin,635,33554432,505.36,,
0,bench/30gib-4.bin,636,33554432,673.04,,
0,bench/30gib-4.bin,637,33554432,384.92,,
0,bench/30gib-4.bin,638,33554432,361.23,,
0,bench/30gib-4.bin,639,33554432,503.16,,
0,bench/30gib-4.bin,640,33554432,342.07,,
0,bench/30gib-4.bin,641,33554432,474.12,,
0,bench/30gib-4.bin,642,33554432,344.42,,
0,bench/30gib-4.bin,643,33554432,401.02,,
0,bench/30gib-4.bin,644,33554432,413.21,,
0,bench/30gib-4.bin,645,33554432,341.43,,
0,bench/30gib-4.bin,646,33554432,389.63,,
0,bench/30gib-4.bin,647,33554432,441.86,,
0,bench/30gib-4.bin,648,33554432,359.81,,
0,bench/30gib-4.bin,649,33554432,349.76,,
0,bench/30gib-4.bin,650,33554432,369.84,,
0,bench/30gib-4.bin,651,33554432,581.46,,
0,bench/30gib-4.bin,652,33554432,644.59,,
0,bench/30gib-4.bin,653,33554432,496.95,,
0,bench/30gib-4.bin,654,33554432,395.26,,
0,bench/30gib-4.bin,655,33554432,360.35,,
0,bench/30gib-4.bin,656,33554432,351.96,,
0,bench/30gib-4.bin,657,33554432,352.57,,
0,bench/30gib-4.bin,658,33554432,483.51,,
0,bench/30gib-4.bin,659,33554432,504.88,,
0,bench/30gib-4.bin,660,33554432,434.44,,
0,bench/30gib-4.bin,661,33554432,351.38,,
0,bench/30gib-4.bin,662,33554432,483.57,,
0,bench/30gib-4.bin,663,33554432,408.81,,
0,bench/30gib-4.bin,664,33554432,368.65,,
0,bench/30gib-4.bin,665,33554432,516.90,,
0,bench/30gib-4.bin,666,33554432,556.76,,
0,bench/30gib-4.bin,667,33554432,413.88,,
0,bench/30gib-4.bin,668,33554432,409.91,,
0,bench/30gib-4.bin,669,33554432,388.63,,
0,bench/30gib-4.bin,670,33554432,513.26,,
0,bench/30gib-4.bin,671,33554432,360.93,,
0,bench/30gib-4.bin,672,33554432,445.68,,
0,bench/30gib-4.bin,673,33554432,473.63,,
0,bench/30gib-4.bin,674,33554432,444.12,,
0,bench/30gib-4.bin,675,33554432,586.97,,
0,bench/30gib-4.bin,676,33554432,397.83,,
0,bench/30gib-4.bin,677,33554432,340.89,,
0,bench/30gib-4.bin,678,33554432,583.10,,
0,bench/30gib-4.bin,679,33554432,515.30,,
0,bench/30gib-4.bin,680,33554432,456.32,,
0,bench/30gib-4.bin,681,33554432,634.28,,
0,bench/30gib-4.bin,682,33554432,409.12,,
0,bench/30gib-4.bin,683,33554432,494.11,,
0,bench/30gib-4.bin,684,33554432,407.64,,
0,bench/30gib-4.bin,685,33554432,526.92,,
0,bench/30gib-4.bin,686,33554432,669.42,,
0,bench/30gib-4.bin,687,33554432,425.72,,
0,bench/30gib-4.bin,688,33554432,483.85,,
0,bench/30gib-4.bin,689,33554432,742.95,,
0,bench/30gib-4.bin,690,33554432,487.70,,
0,bench/30gib-4.bin,691,33554432,490.24,,
0,bench/30gib-4.bin,692,33554432,524.96,,
0,bench/30gib-4.bin,693,33554432,492.69,,
0,bench/30gib-4.bin,694,33554432,345.64,,
0,bench/30gib-4.bin,695,33554432,464.14,,
0,bench/30gib-4.bin,696,33554432,339.84,,
0,bench/30gib-4.bin,697,33554432,412.47,,
0,bench/30gib-4.bin,698,33554432,348.13,,
0,bench/30gib-4.bin,699,33554432,513.48,,
0,bench/30gib-4.bin,700,33554432,346.55,,
0,bench/30gib-4.bin,701,33554432,447.45,,
0,bench/30gib-4.bin,702,33554432,462.23,,
0,bench/30gib-4.bin,703,33554432,386.97,,
0,bench/30gib-4.bin,704,33554432,554.30,,
0,bench/30gib-4.bin,705,33554432,373.93,,
0,bench/30gib-4.bin,706,33554432,445.54,,
0,bench/30gib-4.bin,707,33554432,426.86,,
0,bench/30gib-4.bin,708,33554432,355.12,,
0,bench/30gib-4.bin,709,33554432,413.90,,
0,bench/30gib-4.bin,710,33554432,516.21,,
0,bench/30gib-4.bin,711,33554432,344.77,,
0,bench/30gib-4.bin,712,33554432,527.05,,
0,bench/30gib-4.bin,713,33554432,453.64,,
0,bench/30gib-4.bin,714,33554432,389.39,,
0,bench/30gib-4.bin,715,33554432,344.08,,
0,bench/30gib-4.bin,716,33554432,495.73,,
0,bench/30gib-4.bin,717,33554432,446.58,,
0,bench/30gib-4.bin,718,33554432,451.17,,
0,bench/30gib-4.bin,719,33554432,364.27,,
0,bench/30gib-4.bin,720,33554432,476.29,,
0,bench/30gib-4.bin,721,33554432,612.32,,
0,bench/30gib-4.bin,722,33554432,568.07,,
0,bench/30gib-4.bin,723,33554432,343.96,,
0,bench/30gib-4.bin,724,33554432,430.59,,
0,bench/30gib-4.bin,725,33554432,486.71,,
0,bench/30gib-4.bin,726,33554432,389.41,,
0,bench/30gib-4.bin,727,33554432,514.75,,
0,bench/30gib-4.bin,728,33554432,431.44,,
0,bench/30gib-4.bin,729,33554432,412.46,,
0,bench/30gib-4.bin,730,33554432,506.40,,
0,bench/30gib-4.bin,731,33554432,463.30,,
0,bench/30gib-4.bin,732,33554432,374.71,,
0,bench/30gib-4.bin,733,33554432,345.27,,
0,bench/30gib-4.bin,734,33554432,447.40,,
0,bench/30gib-4.bin,735,33554432,390.52,,
0,bench/30gib-4.bin,736,33554432,641.06,,
0,bench/30gib-4.bin,737,33554432,350.43,,
0,bench/30gib-4.bin,738,33554432,748.88,,
0,bench/30gib-4.bin,739,33554432,499.56,,
0,bench/30gib-4.bin,740,33554432,463.38,,
0,bench/30gib-4.bin,741,33554432,427.66,,
0,bench/30gib-4.bin,742,33554432,561.54,,
0,bench/30gib-4.bin,743,33554432,560.36,,
0,bench/30gib-4.bin,744,33554432,486.91,,
0,bench/30gib-4.bin,745,33554432,389.85,,
0,bench/30gib-4.bin,746,33554432,412.15,,
0,bench/30gib-4.bin,747,33554432,484.69,,
0,bench/30gib-4.bin,748,33554432,567.65,,
0,bench/30gib-4.bin,749,33554432,362.36,,
0,bench/30gib-4.bin,750,33554432,353.69,,
0,bench/30gib-4.bin,751,33554432,376.01,,
0,bench/30gib-4.bin,752,33554432,454.17,,
0,bench/30gib-4.bin,753,33554432,409.85,,
0,bench/30gib-4.bin,754,33554432,631.29,,
0,bench/30gib-4.bin,755,33554432,507.16,,
0,bench/30gib-4.bin,756,33554432,377.61,,
0,bench/30gib-4.bin,757,33554432,350.57,,
0,bench/30gib-4.bin,758,33554432,398.94,,
0,bench/30gib-4.bin,759,33554432,509.38,,
0,bench/30gib-4.bin,760,33554432,378.02,,
0,bench/30gib-4.bin,761,33554432,577.01,,
0,bench/30gib-4.bin,762,33554432,538.21,,
0,bench/30gib-4.bin,763,33554432,389.80,,
0,bench/30gib-4.bin,764,33554432,657.09,,
0,bench/30gib-4.bin,765,33554432,483.61,,
0,bench/30gib-4.bin,766,33554432,465.86,,
0,bench/30gib-4.bin,767,33554432,423.43,,
0,bench/30gib-4.bin,768,33554432,441.95,,
0,bench/30gib-4.bin,769,33554432,517.01,,
0,bench/30gib-4.bin,770,33554432,442.29,,
0,bench/30gib-4.bin,771,33554432,494.48,,
0,bench/30gib-4.bin,772,33554432,538.62,,
0,bench/30gib-4.bin,773,33554432,522.56,,
0,bench/30gib-4.bin,774,33554432,381.92,,
0,bench/30gib-4.bin,775,33554432,430.88,,
0,bench/30gib-4.bin,776,33554432,1146.35,,
0,bench/30gib-4.bin,777,33554432,427.04,,
0,bench/30gib-4.bin,778,33554432,387.27,,
0,bench/30gib-4.bin,779,33554432,410.63,,
0,bench/30gib-4.bin,780,33554432,469.10,,
0,bench/30gib-4.bin,781,33554432,772.83,,
0,bench/30gib-4.bin,782,33554432,439.81,,
0,bench/30gib-4.bin,783,33554432,455.52,,
0,bench/30gib-4.bin,784,33554432,478.01,,
0,bench/30gib-4.bin,785,33554432,469.73,,
0,bench/30gib-4.bin,786,33554432,395.58,,
0,bench/30gib-4.bin,787,33554432,367.89,,
0,bench/30gib-4.bin,788,33554432,342.91,,
0,bench/30gib-4.bin,789,33554432,344.87,,
0,bench/30gib-4.bin,790,33554432,488.89,,
0,bench/30gib-4.bin,791,33554432,500.68,,
0,bench/30gib-4.bin,792,33554432,346.11,,
0,bench/30gib-4.bin,793,33554432,467.56,,
0,bench/30gib-4.bin,794,33554432,363.74,,
0,bench/30gib-4.bin,795,33554432,369.92,,
0,bench/30gib-4.bin,796,33554432,620.03,,
0,bench/30gib-4.bin,797,33554432,343.49,,
0,bench/30gib-4.bin,798,33554432,438.40,,
0,bench/30gib-4.bin,799,33554432,446.37,,
0,bench/30gib-4.bin,800,33554432,1099.73,,
0,bench/30gib-4.bin,801,33554432,430.60,,
0,bench/30gib-4.bin,802,33554432,344.87,,
0,bench/30gib-4.bin,803,33554432,564.33,,
0,bench/30gib-4.bin,804,33554432,452.68,,
0,bench/30gib-4.bin,805,33554432,450.80,,
0,bench/30gib-4.bin,806,33554432,540.72,,
0,bench/30gib-4.bin,807,33554432,345.17,,
0,bench/30gib-4.bin,808,33554432,449.35,,
0,bench/30gib-4.bin,809,33554432,394.99,,
0,bench/30gib-4.bin,810,33554432,484.77,,
0,bench/30gib-4.bin,811,33554432,437.71,,
0,bench/30gib-4.bin,812,33554432,490.44,,
0,bench/30gib-4.bin,813,33554432,650.33,,
0,bench/30gib-4.bin,814,33554432,388.62,,
0,bench/30gib-4.bin,815,33554432,442.54,,
0,bench/30gib-4.bin,816,33554432,507.86,,
0,bench/30gib-4.bin,817,33554432,508.28,,
0,bench/30gib-4.bin,818,33554432,497.37,,
0,bench/30gib-4.bin,819,33554432,412.08,,
0,bench/30gib-4.bin,820,33554432,341.19,,
0,bench/30gib-4.bin,821,33554432,669.73,,
0,bench/30gib-4.bin,822,33554432,374.18,,
0,bench/30gib-4.bin,823,33554432,463.11,,
0,bench/30gib-4.bin,824,33554432,504.94,,
0,bench/30gib-4.bin,825,33554432,1197.46,,
0,bench/30gib-4.bin,826,33554432,463.86,,
0,bench/30gib-4.bin,827,33554432,1029.95,,
0,bench/30gib-4.bin,828,33554432,420.39,,
0,bench/30gib-4.bin,829,33554432,361.51,,
0,bench/30gib-4.bin,830,33554432,443.78,,
0,bench/30gib-4.bin,831,33554432,627.48,,
0,bench/30gib-4.bin,832,33554432,402.31,,
0,bench/30gib-4.bin,833,33554432,413.06,,
0,bench/30gib-4.bin,834,33554432,459.87,,
0,bench/30gib-4.bin,835,33554432,434.50,,
0,bench/30gib-4.bin,836,33554432,617.06,,
0,bench/30gib-4.bin,837,33554432,511.19,,
0,bench/30gib-4.bin,838,33554432,517.28,,
0,bench/30gib-4.bin,839,33554432,606.21,,
0,bench/30gib-4.bin,840,33554432,704.55,,
0,bench/30gib-4.bin,841,33554432,393.94,,
0,bench/30gib-4.bin,842,33554432,428.94,,
0,bench/30gib-4.bin,843,33554432,450.32,,
0,bench/30gib-4.bin,844,33554432,478.34,,
0,bench/30gib-4.bin,845,33554432,589.20,,
0,bench/30gib-4.bin,846,33554432,509.70,,
0,bench/30gib-4.bin,847,33554432,341.68,,
0,bench/30gib-4.bin,848,33554432,427.27,,
0,bench/30gib-4.bin,849,33554432,455.44,,
0,bench/30gib-4.bin,850,33554432,453.52,,
0,bench/30gib-4.bin,851,33554432,482.98,,
0,bench/30gib-4.bin,852,33554432,369.57,,
0,bench/30gib-4.bin,853,33554432,510.01,,
0,bench/30gib-4.bin,854,33554432,500.49,,
0,bench/30gib-4.bin,855,33554432,648.91,,
0,bench/30gib-4.bin,856,33554432,449.55,,
0,bench/30gib-4.bin,857,33554432,408.82,,
0,bench/30gib-4.bin,858,33554432,503.34,,
0,bench/30gib-4.bin,859,33554432,371.12,,
0,bench/30gib-4.bin,860,33554432,389.21,,
0,bench/30gib-4.bin,861,33554432,1310.58,,
0,bench/30gib-4.bin,862,33554432,374.24,,
0,bench/30gib-4.bin,863,33554432,418.67,,
0,bench/30gib-4.bin,864,33554432,463.06,,
0,bench/30gib-4.bin,865,33554432,662.69,,
0,bench/30gib-4.bin,866,33554432,343.61,,
0,bench/30gib-4.bin,867,33554432,381.53,,
0,bench/30gib-4.bin,868,33554432,511.74,,
0,bench/30gib-4.bin,869,33554432,611.67,,
0,bench/30gib-4.bin,870,33554432,493.09,,
0,bench/30gib-4.bin,871,33554432,359.02,,
0,bench/30gib-4.bin,872,33554432,501.80,,
0,bench/30gib-4.bin,873,33554432,726.90,,
0,bench/30gib-4.bin,874,33554432,553.61,,
0,bench/30gib-4.bin,875,33554432,483.16,,
0,bench/30gib-4.bin,876,33554432,958.97,,
0,bench/30gib-4.bin,877,33554432,383.60,,
0,bench/30gib-4.bin,878,33554432,345.96,,
0,bench/30gib-4.bin,879,33554432,506.41,,
0,bench/30gib-4.bin,880,33554432,369.01,,
0,bench/30gib-4.bin,881,33554432,402.17,,
0,bench/30gib-4.bin,882,33554432,453.24,,
0,bench/30gib-4.bin,883,33554432,405.44,,
0,bench/30gib-4.bin,884,33554432,415.66,,
0,bench/30gib-4.bin,885,33554432,350.53,,
0,bench/30gib-4.bin,886,33554432,411.90,,
0,bench/30gib-4.bin,887,33554432,533.99,,
0,bench/30gib-4.bin,888,33554432,370.92,,
0,bench/30gib-4.bin,889,33554432,595.70,,
0,bench/30gib-4.bin,890,33554432,392.95,,
0,bench/30gib-4.bin,891,33554432,1295.68,,
0,bench/30gib-4.bin,892,33554432,434.27,,
0,bench/30gib-4.bin,893,33554432,442.79,,
0,bench/30gib-4.bin,894,33554432,420.99,,
0,bench/30gib-4.bin,895,33554432,462.48,,
0,bench/30gib-4.bin,896,33554432,598.61,,
0,bench/30gib-4.bin,897,33554432,627.30,,
0,bench/30gib-4.bin,898,33554432,410.41,,
0,bench/30gib-4.bin,899,33554432,471.37,,
0,bench/30gib-4.bin,900,33554432,493.87,,
0,bench/30gib-4.bin,901,33554432,1337.27,,
0,bench/30gib-4.bin,902,33554432,424.37,,
0,bench/30gib-4.bin,903,33554432,394.50,,
0,bench/30gib-4.bin,904,33554432,529.52,,
0,bench/30gib-4.bin,905,33554432,456.55,,
0,bench/30gib-4.bin,906,33554432,461.50,,
0,bench/30gib-4.bin,907,33554432,347.53,,
0,bench/30gib-4.bin,908,33554432,387.99,,
0,bench/30gib-4.bin,909,33554432,721.99,,
0,bench/30gib-4.bin,910,33554432,358.69,,
0,bench/30gib-4.bin,911,33554432,370.74,,
0,bench/30gib-4.bin,912,33554432,344.18,,
0,bench/30gib-4.bin,913,33554432,406.52,,
0,bench/30gib-4.bin,914,33554432,442.78,,
0,bench/30gib-4.bin,915,33554432,342.44,,
0,bench/30gib-4.bin,916,33554432,343.68,,
0,bench/30gib-4.bin,917,33554432,480.57,,
0,bench/30gib-4.bin,918,33554432,522.30,,
0,bench/30gib-4.bin,919,33554432,341.02,,
0,bench/30gib-4.bin,920,33554432,492.09,,
0,bench/30gib-4.bin,921,33554432,512.88,,
0,bench/30gib-4.bin,922,33554432,350.42,,
0,bench/30gib-4.bin,923,33554432,355.75,,
0,bench/30gib-4.bin,924,33554432,421.06,,
0,bench/30gib-4.bin,925,33554432,356.91,,
0,bench/30gib-4.bin,926,33554432,372.52,,
0,bench/30gib-4.bin,927,33554432,397.23,,
0,bench/30gib-4.bin,928,33554432,352.28,,
0,bench/30gib-4.bin,929,33554432,518.53,,
0,bench/30gib-4.bin,930,33554432,494.33,,
0,bench/30gib-4.bin,931,33554432,496.56,,
0,bench/30gib-4.bin,932,33554432,371.31,,
0,bench/30gib-4.bin,933,33554432,431.77,,
0,bench/30gib-4.bin,934,33554432,365.79,,
0,bench/30gib-4.bin,935,33554432,598.21,,
0,bench/30gib-4.bin,936,33554432,497.10,,
0,bench/30gib-4.bin,937,33554432,740.84,,
0,bench/30gib-4.bin,938,33554432,557.09,,
0,bench/30gib-4.bin,939,33554432,433.83,,
0,bench/30gib-4.bin,940,33554432,456.29,,
0,bench/30gib-4.bin,941,33554432,507.08,,
0,bench/30gib-4.bin,942,33554432,547.50,,
0,bench/30gib-4.bin,943,33554432,415.11,,
0,bench/30gib-4.bin,944,33554432,345.53,,
0,bench/30gib-4.bin,945,33554432,381.72,,
0,bench/30gib-4.bin,946,33554432,358.40,,
0,bench/30gib-4.bin,947,33554432,563.53,,
0,bench/30gib-4.bin,948,33554432,507.25,,
0,bench/30gib-4.bin,949,33554432,344.69,,
0,bench/30gib-4.bin,950,33554432,384.05,,
0,bench/30gib-4.bin,951,33554432,359.41,,
0,bench/30gib-4.bin,952,33554432,509.87,,
0,bench/30gib-4.bin,953,33554432,497.58,,
0,bench/30gib-4.bin,954,33554432,352.99,,
0,bench/30gib-4.bin,955,33554432,380.16,,
0,bench/30gib-4.bin,956,33554432,388.70,,
0,bench/30gib-4.bin,957,33554432,397.94,,
0,bench/30gib-4.bin,958,33554432,341.54,,
0,bench/30gib-4.bin,959,33554432,422.66,,
0,bench/30gib-4.bin,960,33554432,341.12,,
0,bench/30gib-5.bin,1,33554432,1516.87,,
0,bench/30gib-5.bin,2,33554432,1029.24,,
0,bench/30gib-5.bin,3,33554432,954.46,,
0,bench/30gib-5.bin,4,33554432,1235.90,,
0,bench/30gib-5.bin,5,33554432,1750.24,,
0,bench/30gib-5.bin,6,33554432,2787.64,,
0,bench/30gib-5.bin,7,33554432,1793.45,,
0,bench/30gib-5.bin,8,33554432,1276.07,,
0,bench/30gib-5.bin,9,33554432,1702.67,,
0,bench/30gib-5.bin,10,33554432,1700.29,,
0,bench/30gib-5.bin,11,33554432,1449.22,,
0,bench/30gib-5.bin,12,33554432,1441.81,,
0,bench/30gib-5.bin,13,33554432,1200.85,,
0,bench/30gib-5.bin,14,33554432,1824.47,,
0,bench/30gib-5.bin,15,33554432,1922.99,,
0,bench/30gib-5.bin,16,33554432,1761.14,,
0,bench/30gib-5.bin,17,33554432,1486.01,,
0,bench/30gib-5.bin,18,33554432,1712.26,,
0,bench/30gib-5.bin,19,33554432,1767.62,,
0,bench/30gib-5.bin,20,33554432,1424.07,,
0,bench/30gib-5.bin,21,33554432,1494.04,,
0,bench/30gib-5.bin,22,33554432,1505.69,,
0,bench/30gib-5.bin,23,33554432,1356.42,,
0,bench/30gib-5.bin,24,33554432,1267.83,,
0,bench/30gib-5.bin,25,33554432,1478.95,,
0,bench/30gib-5.bin,26,33554432,1352.04,,
0,bench/30gib-5.bin,27,33554432,1399.49,,
0,bench/30gib-5.bin,28,33554432,1461.36,,
0,bench/30gib-5.bin,29,33554432,1129.09,,
0,bench/30gib-5.bin,30,33554432,1118.73,,
0,bench/30gib-5.bin,31,33554432,809.89,,
0,bench/30gib-5.bin,32,33554432,533.65,,
0,bench/30gib-5.bin,33,33554432,691.15,,
0,bench/30gib-5.bin,34,33554432,790.34,,
0,bench/30gib-5.bin,35,33554432,1074.16,,
0,bench/30gib-5.bin,36,33554432,739.56,,
0,bench/30gib-5.bin,37,33554432,853.46,,
0,bench/30gib-5.bin,38,33554432,671.31,,
0,bench/30gib-5.bin,39,33554432,666.20,,
0,bench/30gib-5.bin,40,33554432,530.88,,
0,bench/30gib-5.bin,41,33554432,678.73,,
0,bench/30gib-5.bin,42,33554432,1036.89,,
0,bench/30gib-5.bin,43,33554432,902.25,,
0,bench/30gib-5.bin,44,33554432,906.13,,
0,bench/30gib-5.bin,45,33554432,811.41,,
0,bench/30gib-5.bin,46,33554432,612.23,,
0,bench/30gib-5.bin,47,33554432,689.98,,
0,bench/30gib-5.bin,48,33554432,896.51,,
0,bench/30gib-5.bin,49,33554432,595.94,,
0,bench/30gib-5.bin,50,33554432,543.10,,
0,bench/30gib-5.bin,51,33554432,489.27,,
0,bench/30gib-5.bin,52,33554432,622.35,,
0,bench/30gib-5.bin,53,33554432,625.68,,
0,bench/30gib-5.bin,54,33554432,627.50,,
0,bench/30gib-5.bin,55,33554432,546.09,,
0,bench/30gib-5.bin,56,33554432,746.09,,
0,bench/30gib-5.bin,57,33554432,910.20,,
0,bench/30gib-5.bin,58,33554432,480.11,,
0,bench/30gib-5.bin,59,33554432,461.40,,
0,bench/30gib-5.bin,60,33554432,632.36,,
0,bench/30gib-5.bin,61,33554432,352.55,,
0,bench/30gib-5.bin,62,33554432,505.50,,
0,bench/30gib-5.bin,63,33554432,432.28,,
0,bench/30gib-5.bin,64,33554432,516.70,,
0,bench/30gib-5.bin,65,33554432,712.69,,
0,bench/30gib-5.bin,66,33554432,684.59,,
0,bench/30gib-5.bin,67,33554432,556.15,,
0,bench/30gib-5.bin,68,33554432,420.58,,
0,bench/30gib-5.bin,69,33554432,718.36,,
0,bench/30gib-5.bin,70,33554432,508.09,,
0,bench/30gib-5.bin,71,33554432,460.28,,
0,bench/30gib-5.bin,72,33554432,433.07,,
0,bench/30gib-5.bin,73,33554432,531.72,,
0,bench/30gib-5.bin,74,33554432,714.71,,
0,bench/30gib-5.bin,75,33554432,438.56,,
0,bench/30gib-5.bin,76,33554432,508.04,,
0,bench/30gib-5.bin,77,33554432,381.76,,
0,bench/30gib-5.bin,78,33554432,544.07,,
0,bench/30gib-5.bin,79,33554432,467.35,,
0,bench/30gib-5.bin,80,33554432,562.10,,
0,bench/30gib-5.bin,81,33554432,488.92,,
0,bench/30gib-5.bin,82,33554432,446.24,,
0,bench/30gib-5.bin,83,33554432,514.23,,
0,bench/30gib-5.bin,84,33554432,529.32,,
0,bench/30gib-5.bin,85,33554432,474.52,,
0,bench/30gib-5.bin,86,33554432,401.73,,
0,bench/30gib-5.bin,87,33554432,536.70,,
0,bench/30gib-5.bin,88,33554432,351.10,,
0,bench/30gib-5.bin,89,33554432,432.09,,
0,bench/30gib-5.bin,90,33554432,383.47,,
0,bench/30gib-5.bin,91,33554432,574.46,,
0,bench/30gib-5.bin,92,33554432,417.07,,
0,bench/30gib-5.bin,93,33554432,466.34,,
0,bench/30gib-5.bin,94,33554432,474.55,,
0,bench/30gib-5.bin,95,33554432,393.68,,
0,bench/30gib-5.bin,96,33554432,603.09,,
0,bench/30gib-5.bin,97,33554432,461.85,,
0,bench/30gib-5.bin,98,33554432,494.56,,
0,bench/30gib-5.bin,99,33554432,488.38,,
0,bench/30gib-5.bin,100,33554432,342.76,,
0,bench/30gib-5.bin,101,33554432,509.80,,
0,bench/30gib-5.bin,102,33554432,431.16,,
0,bench/30gib-5.bin,103,33554432,450.46,,
0,bench/30gib-5.bin,104,33554432,391.96,,
0,bench/30gib-5.bin,105,33554432,447.75,,
0,bench/30gib-5.bin,106,33554432,378.24,,
0,bench/30gib-5.bin,107,33554432,360.58,,
0,bench/30gib-5.bin,108,33554432,417.41,,
0,bench/30gib-5.bin,109,33554432,477.49,,
0,bench/30gib-5.bin,110,33554432,459.30,,
0,bench/30gib-5.bin,111,33554432,413.35,,
0,bench/30gib-5.bin,112,33554432,483.13,,
0,bench/30gib-5.bin,113,33554432,349.10,,
0,bench/30gib-5.bin,114,33554432,384.70,,
0,bench/30gib-5.bin,115,33554432,471.58,,
0,bench/30gib-5.bin,116,33554432,746.00,,
0,bench/30gib-5.bin,117,33554432,478.98,,
0,bench/30gib-5.bin,118,33554432,472.87,,
0,bench/30gib-5.bin,119,33554432,399.28,,
0,bench/30gib-5.bin,120,33554432,518.72,,
0,bench/30gib-5.bin,121,33554432,490.96,,
0,bench/30gib-5.bin,122,33554432,455.81,,
0,bench/30gib-5.bin,123,33554432,611.16,,
0,bench/30gib-5.bin,124,33554432,354.13,,
0,bench/30gib-5.bin,125,33554432,443.77,,
0,bench/30gib-5.bin,126,33554432,347.77,,
0,bench/30gib-5.bin,127,33554432,425.70,,
0,bench/30gib-5.bin,128,33554432,389.33,,
0,bench/30gib-5.bin,129,33554432,465.78,,
0,bench/30gib-5.bin,130,33554432,418.66,,
0,bench/30gib-5.bin,131,33554432,409.59,,
0,bench/30gib-5.bin,132,33554432,458.95,,
0,bench/30gib-5.bin,133,33554432,389.65,,
0,bench/30gib-5.bin,134,33554432,770.19,,
0,bench/30gib-5.bin,135,33554432,348.05,,
0,bench/30gib-5.bin,136,33554432,448.51,,
0,bench/30gib-5.bin,137,33554432,410.06,,
0,bench/30gib-5.bin,138,33554432,575.50,,
0,bench/30gib-5.bin,139,33554432,537.75,,
0,bench/30gib-5.bin,140,33554432,363.13,,
0,bench/30gib-5.bin,141,33554432,617.22,,
0,bench/30gib-5.bin,142,33554432,424.07,,
0,bench/30gib-5.bin,143,33554432,401.25,,
0,bench/30gib-5.bin,144,33554432,554.33,,
0,bench/30gib-5.bin,145,33554432,345.71,,
0,bench/30gib-5.bin,146,33554432,636.52,,
0,bench/30gib-5.bin,147,33554432,530.25,,
0,bench/30gib-5.bin,148,33554432,362.38,,
0,bench/30gib-5.bin,149,33554432,482.95,,
0,bench/30gib-5.bin,150,33554432,341.69,,
0,bench/30gib-5.bin,151,33554432,1071.29,,
0,bench/30gib-5.bin,152,33554432,398.45,,
0,bench/30gib-5.bin,153,33554432,380.50,,
0,bench/30gib-5.bin,154,33554432,465.47,,
0,bench/30gib-5.bin,155,33554432,405.54,,
0,bench/30gib-5.bin,156,33554432,512.58,,
0,bench/30gib-5.bin,157,33554432,439.51,,
0,bench/30gib-5.bin,158,33554432,690.87,,
0,bench/30gib-5.bin,159,33554432,529.29,,
0,bench/30gib-5.bin,160,33554432,541.09,,
0,bench/30gib-5.bin,161,33554432,733.35,,
0,bench/30gib-5.bin,162,33554432,346.39,,
0,bench/30gib-5.bin,163,33554432,550.66,,
0,bench/30gib-5.bin,164,33554432,588.81,,
0,bench/30gib-5.bin,165,33554432,735.38,,
0,bench/30gib-5.bin,166,33554432,463.22,,
0,bench/30gib-5.bin,167,33554432,379.36,,
0,bench/30gib-5.bin,168,33554432,494.65,,
0,bench/30gib-5.bin,169,33554432,343.41,,
0,bench/30gib-5.bin,170,33554432,469.32,,
0,bench/30gib-5.bin,171,33554432,568.43,,
0,bench/30gib-5.bin,172,33554432,533.40,,
0,bench/30gib-5.bin,173,33554432,510.51,,
0,bench/30gib-5.bin,174,33554432,376.31,,
0,bench/30gib-5.bin,175,33554432,502.41,,
0,bench/30gib-5.bin,176,33554432,517.25,,
0,bench/30gib-5.bin,177,33554432,350.08,,
0,bench/30gib-5.bin,178,33554432,433.66,,
0,bench/30gib-5.bin,179,33554432,530.97,,
0,bench/30gib-5.bin,180,33554432,520.24,,
0,bench/30gib-5.bin,181,33554432,424.37,,
0,bench/30gib-5.bin,182,33554432,459.48,,
0,bench/30gib-5.bin,183,33554432,377.69,,
0,bench/30gib-5.bin,184,33554432,508.58,,
0,bench/30gib-5.bin,185,33554432,346.36,,
0,bench/30gib-5.bin,186,33554432,583.88,,
0,bench/30gib-5.bin,187,33554432,417.95,,
0,bench/30gib-5.bin,188,33554432,377.98,,
0,bench/30gib-5.bin,189,33554432,483.09,,
0,bench/30gib-5.bin,190,33554432,452.31,,
0,bench/30gib-5.bin,191,33554432,611.96,,
0,bench/30gib-5.bin,192,33554432,400.21,,
0,bench/30gib-5.bin,193,33554432,538.58,,
0,bench/30gib-5.bin,194,33554432,408.79,,
0,bench/30gib-5.bin,195,33554432,358.89,,
0,bench/30gib-5.bin,196,33554432,351.92,,
0,bench/30gib-5.bin,197,33554432,356.24,,
0,bench/30gib-5.bin,198,33554432,495.85,,
0,bench/30gib-5.bin,199,33554432,413.49,,
0,bench/30gib-5.bin,200,33554432,520.81,,
0,bench/30gib-5.bin,201,33554432,392.02,,
0,bench/30gib-5.bin,202,33554432,382.49,,
0,bench/30gib-5.bin,203,33554432,519.56,,
0,bench/30gib-5.bin,204,33554432,389.61,,
0,bench/30gib-5.bin,205,33554432,499.48,,
0,bench/30gib-5.bin,206,33554432,498.27,,
0,bench/30gib-5.bin,207,33554432,390.22,,
0,bench/30gib-5.bin,208,33554432,377.46,,
0,bench/30gib-5.bin,209,33554432,447.67,,
0,bench/30gib-5.bin,210,33554432,411.96,,
0,bench/30gib-5.bin,211,33554432,517.84,,
0,bench/30gib-5.bin,212,33554432,491.10,,
0,bench/30gib-5.bin,213,33554432,497.59,,
0,bench/30gib-5.bin,214,33554432,368.28,,
0,bench/30gib-5.bin,215,33554432,468.10,,
0,bench/30gib-5.bin,216,33554432,478.12,,
0,bench/30gib-5.bin,217,33554432,344.02,,
0,bench/30gib-5.bin,218,33554432,471.04,,
0,bench/30gib-5.bin,219,33554432,388.87,,
0,bench/30gib-5.bin,220,33554432,469.98,,
0,bench/30gib-5.bin,221,33554432,391.93,,
0,bench/30gib-5.bin,222,33554432,369.75,,
0,bench/30gib-5.bin,223,33554432,407.03,,
0,bench/30gib-5.bin,224,33554432,605.79,,
0,bench/30gib-5.bin,225,33554432,414.17,,
0,bench/30gib-5.bin,226,33554432,562.27,,
0,bench/30gib-5.bin,227,33554432,580.15,,
0,bench/30gib-5.bin,228,33554432,449.15,,
0,bench/30gib-5.bin,229,33554432,566.12,,
0,bench/30gib-5.bin,230,33554432,786.72,,
0,bench/30gib-5.bin,231,33554432,443.83,,
0,bench/30gib-5.bin,232,33554432,408.29,,
0,bench/30gib-5.bin,233,33554432,539.15,,
0,bench/30gib-5.bin,234,33554432,719.89,,
0,bench/30gib-5.bin,235,33554432,487.52,,
0,bench/30gib-5.bin,236,33554432,450.12,,
0,bench/30gib-5.bin,237,33554432,422.45,,
0,bench/30gib-5.bin,238,33554432,685.30,,
0,bench/30gib-5.bin,239,33554432,399.80,,
0,bench/30gib-5.bin,240,33554432,436.77,,
0,bench/30gib-5.bin,241,33554432,501.18,,
0,bench/30gib-5.bin,242,33554432,416.89,,
0,bench/30gib-5.bin,243,33554432,589.70,,
0,bench/30gib-5.bin,244,33554432,507.09,,
0,bench/30gib-5.bin,245,33554432,531.24,,
0,bench/30gib-5.bin,246,33554432,474.51,,
0,bench/30gib-5.bin,247,33554432,384.13,,
0,bench/30gib-5.bin,248,33554432,386.80,,
0,bench/30gib-5.bin,249,33554432,387.17,,
0,bench/30gib-5.bin,250,33554432,552.42,,
0,bench/30gib-5.bin,251,33554432,430.44,,
0,bench/30gib-5.bin,252,33554432,461.00,,
0,bench/30gib-5.bin,253,33554432,357.09,,
0,bench/30gib-5.bin,254,33554432,368.15,,
0,bench/30gib-5.bin,255,33554432,364.45,,
0,bench/30gib-5.bin,256,33554432,524.05,,
0,bench/30gib-5.bin,257,33554432,530.30,,
0,bench/30gib-5.bin,258,33554432,620.98,,
0,bench/30gib-5.bin,259,33554432,345.58,,
0,bench/30gib-5.bin,260,33554432,675.37,,
0,bench/30gib-5.bin,261,33554432,485.13,,
0,bench/30gib-5.bin,262,33554432,520.06,,
0,bench/30gib-5.bin,263,33554432,381.94,,
0,bench/30gib-5.bin,264,33554432,463.12,,
0,bench/30gib-5.bin,265,33554432,507.82,,
0,bench/30gib-5.bin,266,33554432,455.42,,
0,bench/30gib-5.bin,267,33554432,432.25,,
0,bench/30gib-5.bin,268,33554432,610.22,,
0,bench/30gib-5.bin,269,33554432,713.45,,
0,bench/30gib-5.bin,270,33554432,481.70,,
0,bench/30gib-5.bin,271,33554432,477.19,,
0,bench/30gib-5.bin,272,33554432,455.95,,
0,bench/30gib-5.bin,273,33554432,441.99,,
0,bench/30gib-5.bin,274,33554432,413.52,,
0,bench/30gib-5.bin,275,33554432,556.76,,
0,bench/30gib-5.bin,276,33554432,468.57,,
0,bench/30gib-5.bin,277,33554432,499.59,,
0,bench/30gib-5.bin,278,33554432,366.72,,
0,bench/30gib-5.bin,279,33554432,394.65,,
0,bench/30gib-5.bin,280,33554432,663.26,,
0,bench/30gib-5.bin,281,33554432,399.80,,
0,bench/30gib-5.bin,282,33554432,411.83,,
0,bench/30gib-5.bin,283,33554432,355.82,,
0,bench/30gib-5.bin,284,33554432,451.54,,
0,bench/30gib-5.bin,285,33554432,386.29,,
0,bench/30gib-5.bin,286,33554432,519.78,,
0,bench/30gib-5.bin,287,33554432,407.85,,
0,bench/30gib-5.bin,288,33554432,344.76,,
0,bench/30gib-5.bin,289,33554432,488.59,,
0,bench/30gib-5.bin,290,33554432,410.73,,
0,bench/30gib-5.bin,291,33554432,550.27,,
0,bench/30gib-5.bin,292,33554432,342.15,,
0,bench/30gib-5.bin,293,33554432,379.86,,
0,bench/30gib-5.bin,294,33554432,347.16,,
0,bench/30gib-5.bin,295,33554432,472.06,,
0,bench/30gib-5.bin,296,33554432,485.36,,
0,bench/30gib-5.bin,297,33554432,414.75,,
0,bench/30gib-5.bin,298,33554432,345.77,,
0,bench/30gib-5.bin,299,33554432,353.14,,
0,bench/30gib-5.bin,300,33554432,346.89,,
0,bench/30gib-5.bin,301,33554432,600.75,,
0,bench/30gib-5.bin,302,33554432,468.43,,
0,bench/30gib-5.bin,303,33554432,342.45,,
0,bench/30gib-5.bin,304,33554432,430.18,,
0,bench/30gib-5.bin,305,33554432,616.66,,
0,bench/30gib-5.bin,306,33554432,414.62,,
0,bench/30gib-5.bin,307,33554432,344.61,,
0,bench/30gib-5.bin,308,33554432,455.64,,
0,bench/30gib-5.bin,309,33554432,496.56,,
0,bench/30gib-5.bin,310,33554432,428.60,,
0,bench/30gib-5.bin,311,33554432,558.38,,
0,bench/30gib-5.bin,312,33554432,567.32,,
0,bench/30gib-5.bin,313,33554432,343.37,,
0,bench/30gib-5.bin,314,33554432,590.18,,
0,bench/30gib-5.bin,315,33554432,343.99,,
0,bench/30gib-5.bin,316,33554432,362.54,,
0,bench/30gib-5.bin,317,33554432,572.58,,
0,bench/30gib-5.bin,318,33554432,378.10,,
0,bench/30gib-5.bin,319,33554432,394.61,,
0,bench/30gib-5.bin,320,33554432,397.21,,
0,bench/30gib-5.bin,321,33554432,377.35,,
0,bench/30gib-5.bin,322,33554432,543.37,,
0,bench/30gib-5.bin,323,33554432,421.98,,
0,bench/30gib-5.bin,324,33554432,498.48,,
0,bench/30gib-5.bin,325,33554432,543.65,,
0,bench/30gib-5.bin,326,33554432,359.28,,
0,bench/30gib-5.bin,327,33554432,426.59,,
0,bench/30gib-5.bin,328,33554432,399.02,,
0,bench/30gib-5.bin,329,33554432,438.06,,
0,bench/30gib-5.bin,330,33554432,420.77,,
0,bench/30gib-5.bin,331,33554432,467.40,,
0,bench/30gib-5.bin,332,33554432,689.69,,
0,bench/30gib-5.bin,333,33554432,424.54,,
0,bench/30gib-5.bin,334,33554432,564.07,,
0,bench/30gib-5.bin,335,33554432,385.94,,
0,bench/30gib-5.bin,336,33554432,444.30,,
0,bench/30gib-5.bin,337,33554432,406.49,,
0,bench/30gib-5.bin,338,33554432,366.69,,
0,bench/30gib-5.bin,339,33554432,499.45,,
0,bench/30gib-5.bin,340,33554432,392.88,,
0,bench/30gib-5.bin,341,33554432,521.80,,
0,bench/30gib-5.bin,342,33554432,411.47,,
0,bench/30gib-5.bin,343,33554432,473.08,,
0,bench/30gib-5.bin,344,33554432,386.38,,
0,bench/30gib-5.bin,345,33554432,610.10,,
0,bench/30gib-5.bin,346,33554432,453.56,,
0,bench/30gib-5.bin,347,33554432,735.68,,
0,bench/30gib-5.bin,348,33554432,347.21,,
0,bench/30gib-5.bin,349,33554432,412.04,,
0,bench/30gib-5.bin,350,33554432,395.88,,
0,bench/30gib-5.bin,351,33554432,532.14,,
0,bench/30gib-5.bin,352,33554432,930.10,,
0,bench/30gib-5.bin,353,33554432,344.54,,
0,bench/30gib-5.bin,354,33554432,520.07,,
0,bench/30gib-5.bin,355,33554432,580.93,,
0,bench/30gib-5.bin,356,33554432,645.71,,
0,bench/30gib-5.bin,357,33554432,383.08,,
0,bench/30gib-5.bin,358,33554432,365.68,,
0,bench/30gib-5.bin,359,33554432,517.84,,
0,bench/30gib-5.bin,360,33554432,341.77,,
0,bench/30gib-5.bin,361,33554432,421.12,,
0,bench/30gib-5.bin,362,33554432,452.66,,
0,bench/30gib-5.bin,363,33554432,343.24,,
0,bench/30gib-5.bin,364,33554432,410.74,,
0,bench/30gib-5.bin,365,33554432,415.05,,
0,bench/30gib-5.bin,366,33554432,455.87,,
0,bench/30gib-5.bin,367,33554432,341.62,,
0,bench/30gib-5.bin,368,33554432,514.50,,
0,bench/30gib-5.bin,369,33554432,391.30,,
0,bench/30gib-5.bin,370,33554432,425.40,,
0,bench/30gib-5.bin,371,33554432,348.65,,
0,bench/30gib-5.bin,372,33554432,450.03,,
0,bench/30gib-5.bin,373,33554432,383.00,,
0,bench/30gib-5.bin,374,33554432,436.13,,
0,bench/30gib-5.bin,375,33554432,390.79,,
0,bench/30gib-5.bin,376,33554432,537.49,,
0,bench/30gib-5.bin,377,33554432,425.42,,
0,bench/30gib-5.bin,378,33554432,398.17,,
0,bench/30gib-5.bin,379,33554432,523.55,,
0,bench/30gib-5.bin,380,33554432,425.57,,
0,bench/30gib-5.bin,381,33554432,416.32,,
0,bench/30gib-5.bin,382,33554432,341.43,,
0,bench/30gib-5.bin,383,33554432,381.20,,
0,bench/30gib-5.bin,384,33554432,342.62,,
0,bench/30gib-5.bin,385,33554432,367.10,,
0,bench/30gib-5.bin,386,33554432,345.26,,
0,bench/30gib-5.bin,387,33554432,509.23,,
0,bench/30gib-5.bin,388,33554432,445.43,,
0,bench/30gib-5.bin,389,33554432,682.27,,
0,bench/30gib-5.bin,390,33554432,607.86,,
0,bench/30gib-5.bin,391,33554432,391.50,,
0,bench/30gib-5.bin,392,33554432,357.54,,
0,bench/30gib-5.bin,393,33554432,430.16,,
0,bench/30gib-5.bin,394,33554432,420.57,,
0,bench/30gib-5.bin,395,33554432,358.73,,
0,bench/30gib-5.bin,396,33554432,443.81,,
0,bench/30gib-5.bin,397,33554432,492.46,,
0,bench/30gib-5.bin,398,33554432,552.05,,
0,bench/30gib-5.bin,399,33554432,501.30,,
0,bench/30gib-5.bin,400,33554432,549.24,,
0,bench/30gib-5.bin,401,33554432,485.50,,
0,bench/30gib-5.bin,402,33554432,346.14,,
0,bench/30gib-5.bin,403,33554432,445.09,,
0,bench/30gib-5.bin,404,33554432,409.37,,
0,bench/30gib-5.bin,405,33554432,370.18,,
0,bench/30gib-5.bin,406,33554432,674.67,,
0,bench/30gib-5.bin,407,33554432,374.46,,
0,bench/30gib-5.bin,408,33554432,422.61,,
0,bench/30gib-5.bin,409,33554432,398.15,,
0,bench/30gib-5.bin,410,33554432,433.60,,
0,bench/30gib-5.bin,411,33554432,459.66,,
0,bench/30gib-5.bin,412,33554432,407.20,,
0,bench/30gib-5.bin,413,33554432,386.10,,
0,bench/30gib-5.bin,414,33554432,423.70,,
0,bench/30gib-5.bin,415,33554432,501.01,,
0,bench/30gib-5.bin,416,33554432,450.25,,
0,bench/30gib-5.bin,417,33554432,345.73,,
0,bench/30gib-5.bin,418,33554432,431.10,,
0,bench/30gib-5.bin,419,33554432,341.49,,
0,bench/30gib-5.bin,420,33554432,354.39,,
0,bench/30gib-5.bin,421,33554432,529.81,,
0,bench/30gib-5.bin,422,33554432,421.49,,
0,bench/30gib-5.bin,423,33554432,519.59,,
0,bench/30gib-5.bin,424,33554432,392.32,,
0,bench/30gib-5.bin,425,33554432,697.46,,
0,bench/30gib-5.bin,426,33554432,522.81,,
0,bench/30gib-5.bin,427,33554432,357.23,,
0,bench/30gib-5.bin,428,33554432,1027.22,,
0,bench/30gib-5.bin,429,33554432,451.74,,
0,bench/30gib-5.bin,430,33554432,560.33,,
0,bench/30gib-5.bin,431,33554432,505.32,,
0,bench/30gib-5.bin,432,33554432,352.60,,
0,bench/30gib-5.bin,433,33554432,555.14,,
0,bench/30gib-5.bin,434,33554432,607.43,,
0,bench/30gib-5.bin,435,33554432,393.20,,
0,bench/30gib-5.bin,436,33554432,625.16,,
0,bench/30gib-5.bin,437,33554432,401.62,,
0,bench/30gib-5.bin,438,33554432,432.09,,
0,bench/30gib-5.bin,439,33554432,569.22,,
0,bench/30gib-5.bin,440,33554432,631.23,,
0,bench/30gib-5.bin,441,33554432,394.86,,
0,bench/30gib-5.bin,442,33554432,373.75,,
0,bench/30gib-5.bin,443,33554432,389.03,,
0,bench/30gib-5.bin,444,33554432,458.15,,
0,bench/30gib-5.bin,445,33554432,399.96,,
0,bench/30gib-5.bin,446,33554432,446.97,,
0,bench/30gib-5.bin,447,33554432,384.39,,
0,bench/30gib-5.bin,448,33554432,489.36,,
0,bench/30gib-5.bin,449,33554432,469.87,,
0,bench/30gib-5.bin,450,33554432,418.95,,
0,bench/30gib-5.bin,451,33554432,689.44,,
0,bench/30gib-5.bin,452,33554432,441.93,,
0,bench/30gib-5.bin,453,33554432,592.94,,
0,bench/30gib-5.bin,454,33554432,487.23,,
0,bench/30gib-5.bin,455,33554432,546.83,,
0,bench/30gib-5.bin,456,33554432,419.22,,
0,bench/30gib-5.bin,457,33554432,521.45,,
0,bench/30gib-5.bin,458,33554432,507.09,,
0,bench/30gib-5.bin,459,33554432,496.06,,
0,bench/30gib-5.bin,460,33554432,348.52,,
0,bench/30gib-5.bin,461,33554432,557.92,,
0,bench/30gib-5.bin,462,33554432,342.53,,
0,bench/30gib-5.bin,463,33554432,739.13,,
0,bench/30gib-5.bin,464,33554432,439.28,,
0,bench/30gib-5.bin,465,33554432,541.68,,
0,bench/30gib-5.bin,466,33554432,416.24,,
0,bench/30gib-5.bin,467,33554432,622.15,,
0,bench/30gib-5.bin,468,33554432,675.30,,
0,bench/30gib-5.bin,469,33554432,343.41,,
0,bench/30gib-5.bin,470,33554432,494.01,,
0,bench/30gib-5.bin,471,33554432,394.99,,
0,bench/30gib-5.bin,472,33554432,602.28,,
0,bench/30gib-5.bin,473,33554432,528.22,,
0,bench/30gib-5.bin,474,33554432,343.34,,
0,bench/30gib-5.bin,475,33554432,423.43,,
0,bench/30gib-5.bin,476,33554432,526.21,,
0,bench/30gib-5.bin,477,33554432,342.25,,
0,bench/30gib-5.bin,478,33554432,408.88,,
0,bench/30gib-5.bin,479,33554432,346.92,,
0,bench/30gib-5.bin,480,33554432,514.89,,
0,bench/30gib-5.bin,481,33554432,342.27,,
0,bench/30gib-5.bin,482,33554432,471.87,,
0,bench/30gib-5.bin,483,33554432,411.09,,
0,bench/30gib-5.bin,484,33554432,541.25,,
0,bench/30gib-5.bin,485,33554432,465.98,,
0,bench/30gib-5.bin,486,33554432,546.06,,
0,bench/30gib-5.bin,487,33554432,347.08,,
0,bench/30gib-5.bin,488,33554432,529.22,,
0,bench/30gib-5.bin,489,33554432,341.34,,
0,bench/30gib-5.bin,490,33554432,427.06,,
0,bench/30gib-5.bin,491,33554432,379.96,,
0,bench/30gib-5.bin,492,33554432,395.14,,
0,bench/30gib-5.bin,493,33554432,396.76,,
0,bench/30gib-5.bin,494,33554432,369.17,,
0,bench/30gib-5.bin,495,33554432,497.91,,
0,bench/30gib-5.bin,496,33554432,343.35,,
0,bench/30gib-5.bin,497,33554432,514.47,,
0,bench/30gib-5.bin,498,33554432,433.53,,
0,bench/30gib-5.bin,499,33554432,393.25,,
0,bench/30gib-5.bin,500,33554432,447.96,,
0,bench/30gib-5.bin,501,33554432,403.66,,
0,bench/30gib-5.bin,502,33554432,341.18,,
0,bench/30gib-5.bin,503,33554432,611.63,,
0,bench/30gib-5.bin,504,33554432,508.73,,
0,bench/30gib-5.bin,505,33554432,460.48,,
0,bench/30gib-5.bin,506,33554432,397.81,,
0,bench/30gib-5.bin,507,33554432,361.14,,
0,bench/30gib-5.bin,508,33554432,371.69,,
0,bench/30gib-5.bin,509,33554432,363.02,,
0,bench/30gib-5.bin,510,33554432,427.54,,
0,bench/30gib-5.bin,511,33554432,457.61,,
0,bench/30gib-5.bin,512,33554432,462.71,,
0,bench/30gib-5.bin,513,33554432,435.62,,
0,bench/30gib-5.bin,514,33554432,396.77,,
0,bench/30gib-5.bin,515,33554432,396.61,,
0,bench/30gib-5.bin,516,33554432,412.15,,
0,bench/30gib-5.bin,517,33554432,493.52,,
0,bench/30gib-5.bin,518,33554432,425.82,,
0,bench/30gib-5.bin,519,33554432,342.75,,
0,bench/30gib-5.bin,520,33554432,402.86,,
0,bench/30gib-5.bin,521,33554432,569.48,,
0,bench/30gib-5.bin,522,33554432,524.36,,
0,bench/30gib-5.bin,523,33554432,466.83,,
0,bench/30gib-5.bin,524,33554432,410.13,,
0,bench/30gib-5.bin,525,33554432,504.04,,
0,bench/30gib-5.bin,526,33554432,345.81,,
0,bench/30gib-5.bin,527,33554432,394.43,,
0,bench/30gib-5.bin,528,33554432,395.44,,
0,bench/30gib-5.bin,529,33554432,400.63,,
0,bench/30gib-5.bin,530,33554432,616.80,,
0,bench/30gib-5.bin,531,33554432,390.94,,
0,bench/30gib-5.bin,532,33554432,411.93,,
0,bench/30gib-5.bin,533,33554432,443.97,,
0,bench/30gib-5.bin,534,33554432,468.94,,
0,bench/30gib-5.bin,535,33554432,582.70,,
0,bench/30gib-5.bin,536,33554432,453.95,,
0,bench/30gib-5.bin,537,33554432,411.41,,
0,bench/30gib-5.bin,538,33554432,369.95,,
0,bench/30gib-5.bin,539,33554432,562.78,,
0,bench/30gib-5.bin,540,33554432,461.55,,
0,bench/30gib-5.bin,541,33554432,402.75,,
0,bench/30gib-5.bin,542,33554432,486.21,,
0,bench/30gib-5.bin,543,33554432,384.91,,
0,bench/30gib-5.bin,544,33554432,443.94,,
0,bench/30gib-5.bin,545,33554432,478.92,,
0,bench/30gib-5.bin,546,33554432,573.10,,
0,bench/30gib-5.bin,547,33554432,344.44,,
0,bench/30gib-5.bin,548,33554432,539.60,,
0,bench/30gib-5.bin,549,33554432,536.95,,
0,bench/30gib-5.bin,550,33554432,342.34,,
0,bench/30gib-5.bin,551,33554432,345.10,,
0,bench/30gib-5.bin,552,33554432,842.97,,
0,bench/30gib-5.bin,553,33554432,596.65,,
0,bench/30gib-5.bin,554,33554432,536.63,,
0,bench/30gib-5.bin,555,33554432,552.20,,
0,bench/30gib-5.bin,556,33554432,449.67,,
0,bench/30gib-5.bin,557,33554432,509.94,,
0,bench/30gib-5.bin,558,33554432,463.93,,
0,bench/30gib-5.bin,559,33554432,638.84,,
0,bench/30gib-5.bin,560,33554432,374.37,,
0,bench/30gib-5.bin,561,33554432,562.35,,
0,bench/30gib-5.bin,562,33554432,522.32,,
0,bench/30gib-5.bin,563,33554432,457.98,,
0,bench/30gib-5.bin,564,33554432,580.74,,
0,bench/30gib-5.bin,565,33554432,453.57,,
0,bench/30gib-5.bin,566,33554432,376.31,,
0,bench/30gib-5.bin,567,33554432,407.13,,
0,bench/30gib-5.bin,568,33554432,376.88,,
0,bench/30gib-5.bin,569,33554432,387.62,,
0,bench/30gib-5.bin,570,33554432,510.46,,
0,bench/30gib-5.bin,571,33554432,570.09,,
0,bench/30gib-5.bin,572,33554432,409.07,,
0,bench/30gib-5.bin,573,33554432,577.01,,
0,bench/30gib-5.bin,574,33554432,483.94,,
0,bench/30gib-5.bin,575,33554432,377.51,,
0,bench/30gib-5.bin,576,33554432,680.14,,
0,bench/30gib-5.bin,577,33554432,391.00,,
0,bench/30gib-5.bin,578,33554432,353.74,,
0,bench/30gib-5.bin,579,33554432,519.05,,
0,bench/30gib-5.bin,580,33554432,472.62,,
0,bench/30gib-5.bin,581,33554432,780.43,,
0,bench/30gib-5.bin,582,33554432,364.08,,
0,bench/30gib-5.bin,583,33554432,467.74,,
0,bench/30gib-5.bin,584,33554432,545.60,,
0,bench/30gib-5.bin,585,33554432,343.03,,
0,bench/30gib-5.bin,586,33554432,382.95,,
0,bench/30gib-5.bin,587,33554432,450.55,,
0,bench/30gib-5.bin,588,33554432,412.61,,
0,bench/30gib-5.bin,589,33554432,557.98,,
0,bench/30gib-5.bin,590,33554432,475.89,,
0,bench/30gib-5.bin,591,33554432,625.91,,
0,bench/30gib-5.bin,592,33554432,539.45,,
0,bench/30gib-5.bin,593,33554432,401.50,,
0,bench/30gib-5.bin,594,33554432,584.18,,
0,bench/30gib-5.bin,595,33554432,551.93,,
0,bench/30gib-5.bin,596,33554432,376.70,,
0,bench/30gib-5.bin,597,33554432,343.14,,
0,bench/30gib-5.bin,598,33554432,469.28,,
0,bench/30gib-5.bin,599,33554432,491.68,,
0,bench/30gib-5.bin,600,33554432,436.14,,
0,bench/30gib-5.bin,601,33554432,645.91,,
0,bench/30gib-5.bin,602,33554432,683.25,,
0,bench/30gib-5.bin,603,33554432,527.03,,
0,bench/30gib-5.bin,604,33554432,423.82,,
0,bench/30gib-5.bin,605,33554432,540.41,,
0,bench/30gib-5.bin,606,33554432,504.56,,
0,bench/30gib-5.bin,607,33554432,584.01,,
0,bench/30gib-5.bin,608,33554432,593.80,,
0,bench/30gib-5.bin,609,33554432,444.59,,
0,bench/30gib-5.bin,610,33554432,488.84,,
0,bench/30gib-5.bin,611,33554432,346.08,,
0,bench/30gib-5.bin,612,33554432,364.13,,
0,bench/30gib-5.bin,613,33554432,457.59,,
0,bench/30gib-5.bin,614,33554432,627.31,,
0,bench/30gib-5.bin,615,33554432,611.92,,
0,bench/30gib-5.bin,616,33554432,342.16,,
0,bench/30gib-5.bin,617,33554432,398.12,,
0,bench/30gib-5.bin,618,33554432,478.63,,
0,bench/30gib-5.bin,619,33554432,341.20,,
0,bench/30gib-5.bin,620,33554432,490.03,,
0,bench/30gib-5.bin,621,33554432,620.31,,
0,bench/30gib-5.bin,622,33554432,397.19,,
0,bench/30gib-5.bin,623,33554432,439.15,,
0,bench/30gib-5.bin,624,33554432,436.68,,
0,bench/30gib-5.bin,625,33554432,554.29,,
0,bench/30gib-5.bin,626,33554432,433.14,,
0,bench/30gib-5.bin,627,33554432,583.52,,
0,bench/30gib-5.bin,628,33554432,455.93,,
0,bench/30gib-5.bin,629,33554432,347.46,,
0,bench/30gib-5.bin,630,33554432,341.37,,
0,bench/30gib-5.bin,631,33554432,429.82,,
0,bench/30gib-5.bin,632,33554432,631.62,,
0,bench/30gib-5.bin,633,33554432,524.11,,
0,bench/30gib-5.bin,634,33554432,479.78,,
0,bench/30gib-5.bin,635,33554432,523.85,,
0,bench/30gib-5.bin,636,33554432,427.50,,
0,bench/30gib-5.bin,637,33554432,522.41,,
0,bench/30gib-5.bin,638,33554432,581.44,,
0,bench/30gib-5.bin,639,33554432,547.59,,
0,bench/30gib-5.bin,640,33554432,350.38,,
0,bench/30gib-5.bin,641,33554432,436.69,,
0,bench/30gib-5.bin,642,33554432,375.31,,
0,bench/30gib-5.bin,643,33554432,370.72,,
0,bench/30gib-5.bin,644,33554432,397.95,,
0,bench/30gib-5.bin,645,33554432,345.27,,
0,bench/30gib-5.bin,646,33554432,462.07,,
0,bench/30gib-5.bin,647,33554432,344.66,,
0,bench/30gib-5.bin,648,33554432,368.83,,
0,bench/30gib-5.bin,649,33554432,807.28,,
0,bench/30gib-5.bin,650,33554432,555.54,,
0,bench/30gib-5.bin,651,33554432,477.94,,
0,bench/30gib-5.bin,652,33554432,340.04,,
0,bench/30gib-5.bin,653,33554432,340.97,,
0,bench/30gib-5.bin,654,33554432,375.59,,
0,bench/30gib-5.bin,655,33554432,493.82,,
0,bench/30gib-5.bin,656,33554432,576.10,,
0,bench/30gib-5.bin,657,33554432,364.84,,
0,bench/30gib-5.bin,658,33554432,575.89,,
0,bench/30gib-5.bin,659,33554432,447.91,,
0,bench/30gib-5.bin,660,33554432,420.08,,
0,bench/30gib-5.bin,661,33554432,372.09,,
0,bench/30gib-5.bin,662,33554432,393.66,,
0,bench/30gib-5.bin,663,33554432,451.38,,
0,bench/30gib-5.bin,664,33554432,518.92,,
0,bench/30gib-5.bin,665,33554432,512.74,,
0,bench/30gib-5.bin,666,33554432,468.04,,
0,bench/30gib-5.bin,667,33554432,517.73,,
0,bench/30gib-5.bin,668,33554432,396.84,,
0,bench/30gib-5.bin,669,33554432,548.09,,
0,bench/30gib-5.bin,670,33554432,413.71,,
0,bench/30gib-5.bin,671,33554432,445.89,,
0,bench/30gib-5.bin,672,33554432,499.57,,
0,bench/30gib-5.bin,673,33554432,368.63,,
0,bench/30gib-5.bin,674,33554432,469.70,,
0,bench/30gib-5.bin,675,33554432,612.35,,
0,bench/30gib-5.bin,676,33554432,343.74,,
0,bench/30gib-5.bin,677,33554432,518.06,,
0,bench/30gib-5.bin,678,33554432,412.40,,
0,bench/30gib-5.bin,679,33554432,478.06,,
0,bench/30gib-5.bin,680,33554432,417.31,,
0,bench/30gib-5.bin,681,33554432,526.49,,
0,bench/30gib-5.bin,682,33554432,423.82,,
0,bench/30gib-5.bin,683,33554432,512.63,,
0,bench/30gib-5.bin,684,33554432,577.89,,
0,bench/30gib-5.bin,685,33554432,400.70,,
0,bench/30gib-5.bin,686,33554432,410.98,,
0,bench/30gib-5.bin,687,33554432,507.25,,
0,bench/30gib-5.bin,688,33554432,383.15,,
0,bench/30gib-5.bin,689,33554432,345.55,,
0,bench/30gib-5.bin,690,33554432,429.20,,
0,bench/30gib-5.bin,691,33554432,399.72,,
0,bench/30gib-5.bin,692,33554432,453.49,,
0,bench/30gib-5.bin,693,33554432,464.31,,
0,bench/30gib-5.bin,694,33554432,429.47,,
0,bench/30gib-5.bin,695,33554432,518.34,,
0,bench/30gib-5.bin,696,33554432,456.29,,
0,bench/30gib-5.bin,697,33554432,472.34,,
0,bench/30gib-5.bin,698,33554432,355.40,,
0,bench/30gib-5.bin,699,33554432,468.53,,
0,bench/30gib-5.bin,700,33554432,574.85,,
0,bench/30gib-5.bin,701,33554432,405.03,,
0,bench/30gib-5.bin,702,33554432,379.23,,
0,bench/30gib-5.bin,703,33554432,615.74,,
0,bench/30gib-5.bin,704,33554432,422.01,,
0,bench/30gib-5.bin,705,33554432,345.58,,
0,bench/30gib-5.bin,706,33554432,606.04,,
0,bench/30gib-5.bin,707,33554432,600.50,,
0,bench/30gib-5.bin,708,33554432,544.39,,
0,bench/30gib-5.bin,709,33554432,452.32,,
0,bench/30gib-5.bin,710,33554432,487.62,,
0,bench/30gib-5.bin,711,33554432,399.64,,
0,bench/30gib-5.bin,712,33554432,529.72,,
0,bench/30gib-5.bin,713,33554432,442.40,,
0,bench/30gib-5.bin,714,33554432,739.92,,
0,bench/30gib-5.bin,715,33554432,426.16,,
0,bench/30gib-5.bin,716,33554432,342.14,,
0,bench/30gib-5.bin,717,33554432,391.94,,
0,bench/30gib-5.bin,718,33554432,369.78,,
0,bench/30gib-5.bin,719,33554432,345.29,,
0,bench/30gib-5.bin,720,33554432,593.34,,
0,bench/30gib-5.bin,721,33554432,433.38,,
0,bench/30gib-5.bin,722,33554432,450.17,,
0,bench/30gib-5.bin,723,33554432,482.25,,
0,bench/30gib-5.bin,724,33554432,596.78,,
0,bench/30gib-5.bin,725,33554432,346.92,,
0,bench/30gib-5.bin,726,33554432,347.86,,
0,bench/30gib-5.bin,727,33554432,346.42,,
0,bench/30gib-5.bin,728,33554432,383.41,,
0,bench/30gib-5.bin,729,33554432,361.27,,
0,bench/30gib-5.bin,730,33554432,1347.08,,
0,bench/30gib-5.bin,731,33554432,365.38,,
0,bench/30gib-5.bin,732,33554432,483.96,,
0,bench/30gib-5.bin,733,33554432,526.67,,
0,bench/30gib-5.bin,734,33554432,501.87,,
0,bench/30gib-5.bin,735,33554432,472.69,,
0,bench/30gib-5.bin,736,33554432,516.62,,
0,bench/30gib-5.bin,737,33554432,438.93,,
0,bench/30gib-5.bin,738,33554432,523.41,,
0,bench/30gib-5.bin,739,33554432,452.00,,
0,bench/30gib-5.bin,740,33554432,413.89,,
0,bench/30gib-5.bin,741,33554432,567.86,,
0,bench/30gib-5.bin,742,33554432,526.29,,
0,bench/30gib-5.bin,743,33554432,421.11,,
0,bench/30gib-5.bin,744,33554432,445.03,,
0,bench/30gib-5.bin,745,33554432,476.60,,
0,bench/30gib-5.bin,746,33554432,497.85,,
0,bench/30gib-5.bin,747,33554432,454.21,,
0,bench/30gib-5.bin,748,33554432,355.35,,
0,bench/30gib-5.bin,749,33554432,536.58,,
0,bench/30gib-5.bin,750,33554432,449.41,,
0,bench/30gib-5.bin,751,33554432,352.01,,
0,bench/30gib-5.bin,752,33554432,358.91,,
0,bench/30gib-5.bin,753,33554432,421.80,,
0,bench/30gib-5.bin,754,33554432,436.14,,
0,bench/30gib-5.bin,755,33554432,417.95,,
0,bench/30gib-5.bin,756,33554432,846.96,,
0,bench/30gib-5.bin,757,33554432,527.79,,
0,bench/30gib-5.bin,758,33554432,348.13,,
0,bench/30gib-5.bin,759,33554432,419.30,,
0,bench/30gib-5.bin,760,33554432,518.85,,
0,bench/30gib-5.bin,761,33554432,581.72,,
0,bench/30gib-5.bin,762,33554432,541.17,,
0,bench/30gib-5.bin,763,33554432,524.60,,
0,bench/30gib-5.bin,764,33554432,421.09,,
0,bench/30gib-5.bin,765,33554432,390.68,,
0,bench/30gib-5.bin,766,33554432,375.53,,
0,bench/30gib-5.bin,767,33554432,487.04,,
0,bench/30gib-5.bin,768,33554432,428.80,,
0,bench/30gib-5.bin,769,33554432,532.27,,
0,bench/30gib-5.bin,770,33554432,414.60,,
0,bench/30gib-5.bin,771,33554432,450.01,,
0,bench/30gib-5.bin,772,33554432,417.55,,
0,bench/30gib-5.bin,773,33554432,440.07,,
0,bench/30gib-5.bin,774,33554432,667.66,,
0,bench/30gib-5.bin,775,33554432,424.48,,
0,bench/30gib-5.bin,776,33554432,530.53,,
0,bench/30gib-5.bin,777,33554432,520.18,,
0,bench/30gib-5.bin,778,33554432,477.56,,
0,bench/30gib-5.bin,779,33554432,440.84,,
0,bench/30gib-5.bin,780,33554432,670.35,,
0,bench/30gib-5.bin,781,33554432,345.28,,
0,bench/30gib-5.bin,782,33554432,484.08,,
0,bench/30gib-5.bin,783,33554432,704.66,,
0,bench/30gib-5.bin,784,33554432,565.76,,
0,bench/30gib-5.bin,785,33554432,395.42,,
0,bench/30gib-5.bin,786,33554432,538.70,,
0,bench/30gib-5.bin,787,33554432,449.14,,
0,bench/30gib-5.bin,788,33554432,493.03,,
0,bench/30gib-5.bin,789,33554432,514.07,,
0,bench/30gib-5.bin,790,33554432,351.22,,
0,bench/30gib-5.bin,791,33554432,364.06,,
0,bench/30gib-5.bin,792,33554432,391.91,,
0,bench/30gib-5.bin,793,33554432,369.06,,
0,bench/30gib-5.bin,794,33554432,725.19,,
0,bench/30gib-5.bin,795,33554432,381.95,,
0,bench/30gib-5.bin,796,33554432,453.39,,
0,bench/30gib-5.bin,797,33554432,345.43,,
0,bench/30gib-5.bin,798,33554432,429.78,,
0,bench/30gib-5.bin,799,33554432,404.07,,
0,bench/30gib-5.bin,800,33554432,771.17,,
0,bench/30gib-5.bin,801,33554432,596.81,,
0,bench/30gib-5.bin,802,33554432,414.09,,
0,bench/30gib-5.bin,803,33554432,341.28,,
0,bench/30gib-5.bin,804,33554432,346.86,,
0,bench/30gib-5.bin,805,33554432,1152.80,,
0,bench/30gib-5.bin,806,33554432,608.29,,
0,bench/30gib-5.bin,807,33554432,522.77,,
0,bench/30gib-5.bin,808,33554432,476.53,,
0,bench/30gib-5.bin,809,33554432,352.88,,
0,bench/30gib-5.bin,810,33554432,488.65,,
0,bench/30gib-5.bin,811,33554432,353.97,,
0,bench/30gib-5.bin,812,33554432,509.55,,
0,bench/30gib-5.bin,813,33554432,403.38,,
0,bench/30gib-5.bin,814,33554432,365.19,,
0,bench/30gib-5.bin,815,33554432,413.84,,
0,bench/30gib-5.bin,816,33554432,490.93,,
0,bench/30gib-5.bin,817,33554432,414.05,,
0,bench/30gib-5.bin,818,33554432,370.78,,
0,bench/30gib-5.bin,819,33554432,568.59,,
0,bench/30gib-5.bin,820,33554432,490.94,,
0,bench/30gib-5.bin,821,33554432,543.07,,
0,bench/30gib-5.bin,822,33554432,437.62,,
0,bench/30gib-5.bin,823,33554432,427.50,,
0,bench/30gib-5.bin,824,33554432,518.88,,
0,bench/30gib-5.bin,825,33554432,341.77,,
0,bench/30gib-5.bin,826,33554432,343.19,,
0,bench/30gib-5.bin,827,33554432,359.69,,
0,bench/30gib-5.bin,828,33554432,447.12,,
0,bench/30gib-5.bin,829,33554432,402.30,,
0,bench/30gib-5.bin,830,33554432,441.74,,
0,bench/30gib-5.bin,831,33554432,388.26,,
0,bench/30gib-5.bin,832,33554432,413.70,,
0,bench/30gib-5.bin,833,33554432,340.68,,
0,bench/30gib-5.bin,834,33554432,517.72,,
0,bench/30gib-5.bin,835,33554432,483.76,,
0,bench/30gib-5.bin,836,33554432,348.86,,
0,bench/30gib-5.bin,837,33554432,349.21,,
0,bench/30gib-5.bin,838,33554432,377.75,,
0,bench/30gib-5.bin,839,33554432,434.59,,
0,bench/30gib-5.bin,840,33554432,391.45,,
0,bench/30gib-5.bin,841,33554432,493.12,,
0,bench/30gib-5.bin,842,33554432,345.05,,
0,bench/30gib-5.bin,843,33554432,388.52,,
0,bench/30gib-5.bin,844,33554432,523.32,,
0,bench/30gib-5.bin,845,33554432,512.66,,
0,bench/30gib-5.bin,846,33554432,576.32,,
0,bench/30gib-5.bin,847,33554432,361.45,,
0,bench/30gib-5.bin,848,33554432,592.89,,
0,bench/30gib-5.bin,849,33554432,558.80,,
0,bench/30gib-5.bin,850,33554432,399.31,,
0,bench/30gib-5.bin,851,33554432,843.76,,
0,bench/30gib-5.bin,852,33554432,419.25,,
0,bench/30gib-5.bin,853,33554432,388.90,,
0,bench/30gib-5.bin,854,33554432,347.47,,
0,bench/30gib-5.bin,855,33554432,345.50,,
0,bench/30gib-5.bin,856,33554432,513.04,,
0,bench/30gib-5.bin,857,33554432,350.58,,
0,bench/30gib-5.bin,858,33554432,353.02,,
0,bench/30gib-5.bin,859,33554432,507.14,,
0,bench/30gib-5.bin,860,33554432,629.72,,
0,bench/30gib-5.bin,861,33554432,662.02,,
0,bench/30gib-5.bin,862,33554432,444.12,,
0,bench/30gib-5.bin,863,33554432,501.46,,
0,bench/30gib-5.bin,864,33554432,470.17,,
0,bench/30gib-5.bin,865,33554432,469.69,,
0,bench/30gib-5.bin,866,33554432,421.77,,
0,bench/30gib-5.bin,867,33554432,344.25,,
0,bench/30gib-5.bin,868,33554432,462.73,,
0,bench/30gib-5.bin,869,33554432,487.88,,
0,bench/30gib-5.bin,870,33554432,428.54,,
0,bench/30gib-5.bin,871,33554432,510.47,,
0,bench/30gib-5.bin,872,33554432,576.40,,
0,bench/30gib-5.bin,873,33554432,554.23,,
0,bench/30gib-5.bin,874,33554432,499.11,,
0,bench/30gib-5.bin,875,33554432,485.26,,
0,bench/30gib-5.bin,876,33554432,411.82,,
0,bench/30gib-5.bin,877,33554432,361.16,,
0,bench/30gib-5.bin,878,33554432,353.19,,
0,bench/30gib-5.bin,879,33554432,1033.02,,
0,bench/30gib-5.bin,880,33554432,434.69,,
0,bench/30gib-5.bin,881,33554432,574.99,,
0,bench/30gib-5.bin,882,33554432,496.16,,
0,bench/30gib-5.bin,883,33554432,385.53,,
0,bench/30gib-5.bin,884,33554432,358.03,,
0,bench/30gib-5.bin,885,33554432,484.16,,
0,bench/30gib-5.bin,886,33554432,412.03,,
0,bench/30gib-5.bin,887,33554432,426.37,,
0,bench/30gib-5.bin,888,33554432,470.98,,
0,bench/30gib-5.bin,889,33554432,771.83,,
0,bench/30gib-5.bin,890,33554432,560.63,,
0,bench/30gib-5.bin,891,33554432,461.94,,
0,bench/30gib-5.bin,892,33554432,346.86,,
0,bench/30gib-5.bin,893,33554432,404.97,,
0,bench/30gib-5.bin,894,33554432,436.91,,
0,bench/30gib-5.bin,895,33554432,618.00,,
0,bench/30gib-5.bin,896,33554432,458.21,,
0,bench/30gib-5.bin,897,33554432,562.31,,
0,bench/30gib-5.bin,898,33554432,442.85,,
0,bench/30gib-5.bin,899,33554432,589.87,,
0,bench/30gib-5.bin,900,33554432,662.23,,
0,bench/30gib-5.bin,901,33554432,478.81,,
0,bench/30gib-5.bin,902,33554432,527.51,,
0,bench/30gib-5.bin,903,33554432,472.58,,
0,bench/30gib-5.bin,904,33554432,400.35,,
0,bench/30gib-5.bin,905,33554432,560.81,,
0,bench/30gib-5.bin,906,33554432,405.68,,
0,bench/30gib-5.bin,907,33554432,356.33,,
0,bench/30gib-5.bin,908,33554432,416.38,,
0,bench/30gib-5.bin,909,33554432,411.49,,
0,bench/30gib-5.bin,910,33554432,485.28,,
0,bench/30gib-5.bin,911,33554432,515.85,,
0,bench/30gib-5.bin,912,33554432,416.01,,
0,bench/30gib-5.bin,913,33554432,422.36,,
0,bench/30gib-5.bin,914,33554432,426.49,,
0,bench/30gib-5.bin,915,33554432,386.19,,
0,bench/30gib-5.bin,916,33554432,531.23,,
0,bench/30gib-5.bin,917,33554432,472.64,,
0,bench/30gib-5.bin,918,33554432,435.60,,
0,bench/30gib-5.bin,919,33554432,396.41,,
0,bench/30gib-5.bin,920,33554432,590.91,,
0,bench/30gib-5.bin,921,33554432,505.22,,
0,bench/30gib-5.bin,922,33554432,629.52,,
0,bench/30gib-5.bin,923,33554432,452.39,,
0,bench/30gib-5.bin,924,33554432,503.41,,
0,bench/30gib-5.bin,925,33554432,342.07,,
0,bench/30gib-5.bin,926,33554432,622.39,,
0,bench/30gib-5.bin,927,33554432,366.69,,
0,bench/30gib-5.bin,928,33554432,497.43,,
0,bench/30gib-5.bin,929,33554432,621.09,,
0,bench/30gib-5.bin,930,33554432,422.24,,
0,bench/30gib-5.bin,931,33554432,512.00,,
0,bench/30gib-5.bin,932,33554432,345.36,,
0,bench/30gib-5.bin,933,33554432,485.44,,
0,bench/30gib-5.bin,934,33554432,404.47,,
0,bench/30gib-5.bin,935,33554432,458.34,,
0,bench/30gib-5.bin,936,33554432,481.82,,
0,bench/30gib-5.bin,937,33554432,369.39,,
0,bench/30gib-5.bin,938,33554432,372.61,,
0,bench/30gib-5.bin,939,33554432,484.48,,
0,bench/30gib-5.bin,940,33554432,491.15,,
0,bench/30gib-5.bin,941,33554432,641.03,,
0,bench/30gib-5.bin,942,33554432,634.15,,
0,bench/30gib-5.bin,943,33554432,472.89,,
0,bench/30gib-5.bin,944,33554432,412.81,,
0,bench/30gib-5.bin,945,33554432,461.34,,
0,bench/30gib-5.bin,946,33554432,437.78,,
0,bench/30gib-5.bin,947,33554432,544.26,,
0,bench/30gib-5.bin,948,33554432,383.05,,
0,bench/30gib-5.bin,949,33554432,447.40,,
0,bench/30gib-5.bin,950,33554432,482.00,,
0,bench/30gib-5.bin,951,33554432,354.47,,
0,bench/30gib-5.bin,952,33554432,386.40,,
0,bench/30gib-5.bin,953,33554432,490.57,,
0,bench/30gib-5.bin,954,33554432,561.17,,
0,bench/30gib-5.bin,955,33554432,384.45,,
0,bench/30gib-5.bin,956,33554432,384.63,,
0,bench/30gib-5.bin,957,33554432,436.95,,
0,bench/30gib-5.bin,958,33554432,893.37,,
0,bench/30gib-5.bin,959,33554432,616.62,,
0,bench/30gib-5.bin,960,33554432,343.58,,
0,bench/30gib-6.bin,1,33554432,1592.68,,
0,bench/30gib-6.bin,2,33554432,1384.85,,
0,bench/30gib-6.bin,3,33554432,892.80,,
0,bench/30gib-6.bin,4,33554432,1433.80,,
0,bench/30gib-6.bin,5,33554432,1546.28,,
0,bench/30gib-6.bin,6,33554432,1629.97,,
0,bench/30gib-6.bin,7,33554432,1566.72,,
0,bench/30gib-6.bin,8,33554432,1096.96,,
0,bench/30gib-6.bin,9,33554432,1605.78,,
0,bench/30gib-6.bin,10,33554432,888.48,,
0,bench/30gib-6.bin,11,33554432,1614.67,,
0,bench/30gib-6.bin,12,33554432,1374.79,,
0,bench/30gib-6.bin,13,33554432,1113.82,,
0,bench/30gib-6.bin,14,33554432,1093.86,,
0,bench/30gib-6.bin,15,33554432,1779.07,,
0,bench/30gib-6.bin,16,33554432,1761.34,,
0,bench/30gib-6.bin,17,33554432,1750.79,,
0,bench/30gib-6.bin,18,33554432,1507.39,,
0,bench/30gib-6.bin,19,33554432,1604.78,,
0,bench/30gib-6.bin,20,33554432,1418.74,,
0,bench/30gib-6.bin,21,33554432,1498.14,,
0,bench/30gib-6.bin,22,33554432,936.11,,
0,bench/30gib-6.bin,23,33554432,1248.98,,
0,bench/30gib-6.bin,24,33554432,982.86,,
0,bench/30gib-6.bin,25,33554432,1604.20,,
0,bench/30gib-6.bin,26,33554432,2212.75,,
0,bench/30gib-6.bin,27,33554432,1574.01,,
0,bench/30gib-6.bin,28,33554432,1221.64,,
0,bench/30gib-6.bin,29,33554432,1297.12,,
0,bench/30gib-6.bin,30,33554432,1726.72,,
0,bench/30gib-6.bin,31,33554432,509.15,,
0,bench/30gib-6.bin,32,33554432,1130.10,,
0,bench/30gib-6.bin,33,33554432,750.81,,
0,bench/30gib-6.bin,34,33554432,696.10,,
0,bench/30gib-6.bin,35,33554432,643.97,,
0,bench/30gib-6.bin,36,33554432,792.69,,
0,bench/30gib-6.bin,37,33554432,736.76,,
0,bench/30gib-6.bin,38,33554432,1188.72,,
0,bench/30gib-6.bin,39,33554432,805.36,,
0,bench/30gib-6.bin,40,33554432,708.02,,
0,bench/30gib-6.bin,41,33554432,696.65,,
0,bench/30gib-6.bin,42,33554432,907.30,,
0,bench/30gib-6.bin,43,33554432,694.58,,
0,bench/30gib-6.bin,44,33554432,843.67,,
0,bench/30gib-6.bin,45,33554432,685.56,,
0,bench/30gib-6.bin,46,33554432,688.77,,
0,bench/30gib-6.bin,47,33554432,612.23,,
0,bench/30gib-6.bin,48,33554432,533.89,,
0,bench/30gib-6.bin,49,33554432,605.15,,
0,bench/30gib-6.bin,50,33554432,503.93,,
0,bench/30gib-6.bin,51,33554432,619.32,,
0,bench/30gib-6.bin,52,33554432,600.95,,
0,bench/30gib-6.bin,53,33554432,579.12,,
0,bench/30gib-6.bin,54,33554432,415.87,,
0,bench/30gib-6.bin,55,33554432,500.56,,
0,bench/30gib-6.bin,56,33554432,496.73,,
0,bench/30gib-6.bin,57,33554432,381.98,,
0,bench/30gib-6.bin,58,33554432,549.13,,
0,bench/30gib-6.bin,59,33554432,530.25,,
0,bench/30gib-6.bin,60,33554432,704.38,,
0,bench/30gib-6.bin,61,33554432,510.99,,
0,bench/30gib-6.bin,62,33554432,785.52,,
0,bench/30gib-6.bin,63,33554432,448.80,,
0,bench/30gib-6.bin,64,33554432,512.39,,
0,bench/30gib-6.bin,65,33554432,602.23,,
0,bench/30gib-6.bin,66,33554432,531.60,,
0,bench/30gib-6.bin,67,33554432,433.96,,
0,bench/30gib-6.bin,68,33554432,546.11,,
0,bench/30gib-6.bin,69,33554432,486.06,,
0,bench/30gib-6.bin,70,33554432,368.57,,
0,bench/30gib-6.bin,71,33554432,523.75,,
0,bench/30gib-6.bin,72,33554432,360.93,,
0,bench/30gib-6.bin,73,33554432,475.72,,
0,bench/30gib-6.bin,74,33554432,403.66,,
0,bench/30gib-6.bin,75,33554432,466.25,,
0,bench/30gib-6.bin,76,33554432,446.90,,
0,bench/30gib-6.bin,77,33554432,426.71,,
0,bench/30gib-6.bin,78,33554432,642.06,,
0,bench/30gib-6.bin,79,33554432,538.79,,
0,bench/30gib-6.bin,80,33554432,419.08,,
0,bench/30gib-6.bin,81,33554432,449.63,,
0,bench/30gib-6.bin,82,33554432,474.91,,
0,bench/30gib-6.bin,83,33554432,448.61,,
0,bench/30gib-6.bin,84,33554432,497.45,,
0,bench/30gib-6.bin,85,33554432,459.70,,
0,bench/30gib-6.bin,86,33554432,427.20,,
0,bench/30gib-6.bin,87,33554432,505.35,,
0,bench/30gib-6.bin,88,33554432,492.86,,
0,bench/30gib-6.bin,89,33554432,407.48,,
0,bench/30gib-6.bin,90,33554432,345.50,,
0,bench/30gib-6.bin,91,33554432,356.49,,
0,bench/30gib-6.bin,92,33554432,662.88,,
0,bench/30gib-6.bin,93,33554432,500.79,,
0,bench/30gib-6.bin,94,33554432,528.64,,
0,bench/30gib-6.bin,95,33554432,365.28,,
0,bench/30gib-6.bin,96,33554432,354.84,,
0,bench/30gib-6.bin,97,33554432,528.81,,
0,bench/30gib-6.bin,98,33554432,437.16,,
0,bench/30gib-6.bin,99,33554432,354.65,,
0,bench/30gib-6.bin,100,33554432,443.60,,
0,bench/30gib-6.bin,101,33554432,461.13,,
0,bench/30gib-6.bin,102,33554432,599.06,,
0,bench/30gib-6.bin,103,33554432,455.61,,
0,bench/30gib-6.bin,104,33554432,468.09,,
0,bench/30gib-6.bin,105,33554432,544.53,,
0,bench/30gib-6.bin,106,33554432,398.99,,
0,bench/30gib-6.bin,107,33554432,476.52,,
0,bench/30gib-6.bin,108,33554432,364.02,,
0,bench/30gib-6.bin,109,33554432,397.04,,
0,bench/30gib-6.bin,110,33554432,357.66,,
0,bench/30gib-6.bin,111,33554432,480.17,,
0,bench/30gib-6.bin,112,33554432,523.73,,
0,bench/30gib-6.bin,113,33554432,543.20,,
0,bench/30gib-6.bin,114,33554432,522.35,,
0,bench/30gib-6.bin,115,33554432,521.90,,
0,bench/30gib-6.bin,116,33554432,387.02,,
0,bench/30gib-6.bin,117,33554432,351.44,,
0,bench/30gib-6.bin,118,33554432,518.72,,
0,bench/30gib-6.bin,119,33554432,439.33,,
0,bench/30gib-6.bin,120,33554432,505.46,,
0,bench/30gib-6.bin,121,33554432,542.09,,
0,bench/30gib-6.bin,122,33554432,501.62,,
0,bench/30gib-6.bin,123,33554432,462.53,,
0,bench/30gib-6.bin,124,33554432,599.71,,
0,bench/30gib-6.bin,125,33554432,349.20,,
0,bench/30gib-6.bin,126,33554432,604.86,,
0,bench/30gib-6.bin,127,33554432,405.19,,
0,bench/30gib-6.bin,128,33554432,383.15,,
0,bench/30gib-6.bin,129,33554432,389.13,,
0,bench/30gib-6.bin,130,33554432,641.57,,
0,bench/30gib-6.bin,131,33554432,427.56,,
0,bench/30gib-6.bin,132,33554432,470.84,,
0,bench/30gib-6.bin,133,33554432,583.20,,
0,bench/30gib-6.bin,134,33554432,394.83,,
0,bench/30gib-6.bin,135,33554432,944.21,,
0,bench/30gib-6.bin,136,33554432,586.13,,
0,bench/30gib-6.bin,137,33554432,475.46,,
0,bench/30gib-6.bin,138,33554432,551.04,,
0,bench/30gib-6.bin,139,33554432,444.96,,
0,bench/30gib-6.bin,140,33554432,520.19,,
0,bench/30gib-6.bin,141,33554432,420.09,,
0,bench/30gib-6.bin,142,33554432,648.91,,
0,bench/30gib-6.bin,143,33554432,390.64,,
0,bench/30gib-6.bin,144,33554432,367.84,,
0,bench/30gib-6.bin,145,33554432,345.63,,
0,bench/30gib-6.bin,146,33554432,347.10,,
0,bench/30gib-6.bin,147,33554432,348.08,,
0,bench/30gib-6.bin,148,33554432,460.00,,
0,bench/30gib-6.bin,149,33554432,425.61,,
0,bench/30gib-6.bin,150,33554432,375.46,,
0,bench/30gib-6.bin,151,33554432,663.01,,
0,bench/30gib-6.bin,152,33554432,550.52,,
0,bench/30gib-6.bin,153,33554432,456.70,,
0,bench/30gib-6.bin,154,33554432,668.16,,
0,bench/30gib-6.bin,155,33554432,505.52,,
0,bench/30gib-6.bin,156,33554432,566.98,,
0,bench/30gib-6.bin,157,33554432,702.96,,
0,bench/30gib-6.bin,158,33554432,341.24,,
0,bench/30gib-6.bin,159,33554432,392.80,,
0,bench/30gib-6.bin,160,33554432,392.51,,
0,bench/30gib-6.bin,161,33554432,639.92,,
0,bench/30gib-6.bin,162,33554432,429.26,,
0,bench/30gib-6.bin,163,33554432,487.22,,
0,bench/30gib-6.bin,164,33554432,547.02,,
0,bench/30gib-6.bin,165,33554432,547.09,,
0,bench/30gib-6.bin,166,33554432,765.22,,
0,bench/30gib-6.bin,167,33554432,421.37,,
0,bench/30gib-6.bin,168,33554432,401.68,,
0,bench/30gib-6.bin,169,33554432,457.70,,
0,bench/30gib-6.bin,170,33554432,372.51,,
0,bench/30gib-6.bin,171,33554432,552.58,,
0,bench/30gib-6.bin,172,33554432,374.28,,
0,bench/30gib-6.bin,173,33554432,536.52,,
0,bench/30gib-6.bin,174,33554432,535.01,,
0,bench/30gib-6.bin,175,33554432,383.58,,
0,bench/30gib-6.bin,176,33554432,562.01,,
0,bench/30gib-6.bin,177,33554432,416.97,,
0,bench/30gib-6.bin,178,33554432,506.02,,
0,bench/30gib-6.bin,179,33554432,641.24,,
0,bench/30gib-6.bin,180,33554432,640.03,,
0,bench/30gib-6.bin,181,33554432,349.05,,
0,bench/30gib-6.bin,182,33554432,514.38,,
0,bench/30gib-6.bin,183,33554432,494.67,,
0,bench/30gib-6.bin,184,33554432,343.79,,
0,bench/30gib-6.bin,185,33554432,409.41,,
0,bench/30gib-6.bin,186,33554432,509.85,,
0,bench/30gib-6.bin,187,33554432,387.40,,
0,bench/30gib-6.bin,188,33554432,392.47,,
0,bench/30gib-6.bin,189,33554432,366.72,,
0,bench/30gib-6.bin,190,33554432,452.85,,
0,bench/30gib-6.bin,191,33554432,463.46,,
0,bench/30gib-6.bin,192,33554432,414.74,,
0,bench/30gib-6.bin,193,33554432,504.74,,
0,bench/30gib-6.bin,194,33554432,393.36,,
0,bench/30gib-6.bin,195,33554432,379.50,,
0,bench/30gib-6.bin,196,33554432,577.83,,
0,bench/30gib-6.bin,197,33554432,346.17,,
0,bench/30gib-6.bin,198,33554432,359.62,,
0,bench/30gib-6.bin,199,33554432,454.18,,
0,bench/30gib-6.bin,200,33554432,350.76,,
0,bench/30gib-6.bin,201,33554432,508.59,,
0,bench/30gib-6.bin,202,33554432,510.50,,
0,bench/30gib-6.bin,203,33554432,911.75,,
0,bench/30gib-6.bin,204,33554432,560.49,,
0,bench/30gib-6.bin,205,33554432,349.81,,
0,bench/30gib-6.bin,206,33554432,543.39,,
0,bench/30gib-6.bin,207,33554432,395.42,,
0,bench/30gib-6.bin,208,33554432,469.12,,
0,bench/30gib-6.bin,209,33554432,350.18,,
0,bench/30gib-6.bin,210,33554432,346.24,,
0,bench/30gib-6.bin,211,33554432,456.12,,
0,bench/30gib-6.bin,212,33554432,385.71,,
0,bench/30gib-6.bin,213,33554432,456.53,,
0,bench/30gib-6.bin,214,33554432,519.99,,
0,bench/30gib-6.bin,215,33554432,376.05,,
0,bench/30gib-6.bin,216,33554432,500.59,,
0,bench/30gib-6.bin,217,33554432,494.71,,
0,bench/30gib-6.bin,218,33554432,376.44,,
0,bench/30gib-6.bin,219,33554432,340.83,,
0,bench/30gib-6.bin,220,33554432,380.73,,
0,bench/30gib-6.bin,221,33554432,435.39,,
0,bench/30gib-6.bin,222,33554432,374.42,,
0,bench/30gib-6.bin,223,33554432,473.47,,
0,bench/30gib-6.bin,224,33554432,427.81,,
0,bench/30gib-6.bin,225,33554432,449.23,,
0,bench/30gib-6.bin,226,33554432,484.43,,
0,bench/30gib-6.bin,227,33554432,462.15,,
0,bench/30gib-6.bin,228,33554432,588.66,,
0,bench/30gib-6.bin,229,33554432,594.08,,
0,bench/30gib-6.bin,230,33554432,500.65,,
0,bench/30gib-6.bin,231,33554432,489.00,,
0,bench/30gib-6.bin,232,33554432,528.04,,
0,bench/30gib-6.bin,233,33554432,547.22,,
0,bench/30gib-6.bin,234,33554432,383.14,,
0,bench/30gib-6.bin,235,33554432,387.43,,
0,bench/30gib-6.bin,236,33554432,411.10,,
0,bench/30gib-6.bin,237,33554432,439.61,,
0,bench/30gib-6.bin,238,33554432,531.84,,
0,bench/30gib-6.bin,239,33554432,667.56,,
0,bench/30gib-6.bin,240,33554432,678.95,,
0,bench/30gib-6.bin,241,33554432,439.10,,
0,bench/30gib-6.bin,242,33554432,393.14,,
0,bench/30gib-6.bin,243,33554432,507.53,,
0,bench/30gib-6.bin,244,33554432,579.43,,
0,bench/30gib-6.bin,245,33554432,395.80,,
0,bench/30gib-6.bin,246,33554432,415.10,,
0,bench/30gib-6.bin,247,33554432,599.74,,
0,bench/30gib-6.bin,248,33554432,684.71,,
0,bench/30gib-6.bin,249,33554432,433.11,,
0,bench/30gib-6.bin,250,33554432,446.36,,
0,bench/30gib-6.bin,251,33554432,345.69,,
0,bench/30gib-6.bin,252,33554432,484.65,,
0,bench/30gib-6.bin,253,33554432,596.21,,
0,bench/30gib-6.bin,254,33554432,418.20,,
0,bench/30gib-6.bin,255,33554432,402.77,,
0,bench/30gib-6.bin,256,33554432,671.54,,
0,bench/30gib-6.bin,257,33554432,368.86,,
0,bench/30gib-6.bin,258,33554432,506.65,,
0,bench/30gib-6.bin,259,33554432,353.25,,
0,bench/30gib-6.bin,260,33554432,361.32,,
0,bench/30gib-6.bin,261,33554432,384.85,,
0,bench/30gib-6.bin,262,33554432,436.92,,
0,bench/30gib-6.bin,263,33554432,359.43,,
0,bench/30gib-6.bin,264,33554432,352.42,,
0,bench/30gib-6.bin,265,33554432,404.78,,
0,bench/30gib-6.bin,266,33554432,549.59,,
0,bench/30gib-6.bin,267,33554432,448.92,,
0,bench/30gib-6.bin,268,33554432,362.92,,
0,bench/30gib-6.bin,269,33554432,456.32,,
0,bench/30gib-6.bin,270,33554432,420.61,,
0,bench/30gib-6.bin,271,33554432,451.98,,
0,bench/30gib-6.bin,272,33554432,376.79,,
0,bench/30gib-6.bin,273,33554432,376.14,,
0,bench/30gib-6.bin,274,33554432,433.08,,
0,bench/30gib-6.bin,275,33554432,545.85,,
0,bench/30gib-6.bin,276,33554432,495.63,,
0,bench/30gib-6.bin,277,33554432,416.29,,
0,bench/30gib-6.bin,278,33554432,440.09,,
0,bench/30gib-6.bin,279,33554432,408.86,,
0,bench/30gib-6.bin,280,33554432,463.26,,
0,bench/30gib-6.bin,281,33554432,469.72,,
0,bench/30gib-6.bin,282,33554432,433.36,,
0,bench/30gib-6.bin,283,33554432,410.33,,
0,bench/30gib-6.bin,284,33554432,580.24,,
0,bench/30gib-6.bin,285,33554432,419.83,,
0,bench/30gib-6.bin,286,33554432,512.57,,
0,bench/30gib-6.bin,287,33554432,383.24,,
0,bench/30gib-6.bin,288,33554432,503.21,,
0,bench/30gib-6.bin,289,33554432,555.57,,
0,bench/30gib-6.bin,290,33554432,451.09,,
0,bench/30gib-6.bin,291,33554432,361.96,,
0,bench/30gib-6.bin,292,33554432,424.05,,
0,bench/30gib-6.bin,293,33554432,506.88,,
0,bench/30gib-6.bin,294,33554432,382.44,,
0,bench/30gib-6.bin,295,33554432,391.99,,
0,bench/30gib-6.bin,296,33554432,352.63,,
0,bench/30gib-6.bin,297,33554432,413.28,,
0,bench/30gib-6.bin,298,33554432,524.01,,
0,bench/30gib-6.bin,299,33554432,428.02,,
0,bench/30gib-6.bin,300,33554432,346.60,,
0,bench/30gib-6.bin,301,33554432,373.49,,
0,bench/30gib-6.bin,302,33554432,419.08,,
0,bench/30gib-6.bin,303,33554432,399.80,,
0,bench/30gib-6.bin,304,33554432,482.87,,
0,bench/30gib-6.bin,305,33554432,377.54,,
0,bench/30gib-6.bin,306,33554432,382.23,,
0,bench/30gib-6.bin,307,33554432,413.20,,
0,bench/30gib-6.bin,308,33554432,346.81,,
0,bench/30gib-6.bin,309,33554432,486.21,,
0,bench/30gib-6.bin,310,33554432,636.15,,
0,bench/30gib-6.bin,311,33554432,517.52,,
0,bench/30gib-6.bin,312,33554432,533.29,,
0,bench/30gib-6.bin,313,33554432,523.06,,
0,bench/30gib-6.bin,314,33554432,703.66,,
0,bench/30gib-6.bin,315,33554432,438.29,,
0,bench/30gib-6.bin,316,33554432,400.59,,
0,bench/30gib-6.bin,317,33554432,417.69,,
0,bench/30gib-6.bin,318,33554432,498.75,,
0,bench/30gib-6.bin,319,33554432,405.36,,
0,bench/30gib-6.bin,320,33554432,472.03,,
0,bench/30gib-6.bin,321,33554432,567.55,,
0,bench/30gib-6.bin,322,33554432,480.21,,
0,bench/30gib-6.bin,323,33554432,422.36,,
0,bench/30gib-6.bin,324,33554432,407.34,,
0,bench/30gib-6.bin,325,33554432,462.14,,
0,bench/30gib-6.bin,326,33554432,424.22,,
0,bench/30gib-6.bin,327,33554432,365.04,,
0,bench/30gib-6.bin,328,33554432,440.89,,
0,bench/30gib-6.bin,329,33554432,367.65,,
0,bench/30gib-6.bin,330,33554432,442.06,,
0,bench/30gib-6.bin,331,33554432,489.08,,
0,bench/30gib-6.bin,332,33554432,477.91,,
0,bench/30gib-6.bin,333,33554432,342.79,,
0,bench/30gib-6.bin,334,33554432,417.43,,
0,bench/30gib-6.bin,335,33554432,435.41,,
0,bench/30gib-6.bin,336,33554432,495.00,,
0,bench/30gib-6.bin,337,33554432,630.41,,
0,bench/30gib-6.bin,338,33554432,390.74,,
0,bench/30gib-6.bin,339,33554432,348.56,,
0,bench/30gib-6.bin,340,33554432,494.09,,
0,bench/30gib-6.bin,341,33554432,449.07,,
0,bench/30gib-6.bin,342,33554432,473.22,,
0,bench/30gib-6.bin,343,33554432,538.53,,
0,bench/30gib-6.bin,344,33554432,450.10,,
0,bench/30gib-6.bin,345,33554432,346.54,,
0,bench/30gib-6.bin,346,33554432,342.56,,
0,bench/30gib-6.bin,347,33554432,399.72,,
0,bench/30gib-6.bin,348,33554432,409.83,,
0,bench/30gib-6.bin,349,33554432,485.52,,
0,bench/30gib-6.bin,350,33554432,653.75,,
0,bench/30gib-6.bin,351,33554432,523.42,,
0,bench/30gib-6.bin,352,33554432,650.48,,
0,bench/30gib-6.bin,353,33554432,468.42,,
0,bench/30gib-6.bin,354,33554432,407.83,,
0,bench/30gib-6.bin,355,33554432,483.18,,
0,bench/30gib-6.bin,356,33554432,412.35,,
0,bench/30gib-6.bin,357,33554432,537.30,,
0,bench/30gib-6.bin,358,33554432,610.73,,
0,bench/30gib-6.bin,359,33554432,429.93,,
0,bench/30gib-6.bin,360,33554432,375.31,,
0,bench/30gib-6.bin,361,33554432,480.27,,
0,bench/30gib-6.bin,362,33554432,378.75,,
0,bench/30gib-6.bin,363,33554432,446.28,,
0,bench/30gib-6.bin,364,33554432,360.53,,
0,bench/30gib-6.bin,365,33554432,468.05,,
0,bench/30gib-6.bin,366,33554432,1146.87,,
0,bench/30gib-6.bin,367,33554432,426.90,,
0,bench/30gib-6.bin,368,33554432,738.03,,
0,bench/30gib-6.bin,369,33554432,507.51,,
0,bench/30gib-6.bin,370,33554432,371.96,,
0,bench/30gib-6.bin,371,33554432,393.32,,
0,bench/30gib-6.bin,372,33554432,908.00,,
0,bench/30gib-6.bin,373,33554432,573.22,,
0,bench/30gib-6.bin,374,33554432,401.08,,
0,bench/30gib-6.bin,375,33554432,341.46,,
0,bench/30gib-6.bin,376,33554432,449.70,,
0,bench/30gib-6.bin,377,33554432,427.05,,
0,bench/30gib-6.bin,378,33554432,355.57,,
0,bench/30gib-6.bin,379,33554432,402.50,,
0,bench/30gib-6.bin,380,33554432,429.01,,
0,bench/30gib-6.bin,381,33554432,476.72,,
0,bench/30gib-6.bin,382,33554432,385.92,,
0,bench/30gib-6.bin,383,33554432,474.78,,
0,bench/30gib-6.bin,384,33554432,436.57,,
0,bench/30gib-6.bin,385,33554432,460.01,,
0,bench/30gib-6.bin,386,33554432,460.29,,
0,bench/30gib-6.bin,387,33554432,399.71,,
0,bench/30gib-6.bin,388,33554432,530.65,,
0,bench/30gib-6.bin,389,33554432,440.41,,
0,bench/30gib-6.bin,390,33554432,655.22,,
0,bench/30gib-6.bin,391,33554432,345.78,,
0,bench/30gib-6.bin,392,33554432,386.67,,
0,bench/30gib-6.bin,393,33554432,419.51,,
0,bench/30gib-6.bin,394,33554432,613.76,,
0,bench/30gib-6.bin,395,33554432,785.25,,
0,bench/30gib-6.bin,396,33554432,341.96,,
0,bench/30gib-6.bin,397,33554432,455.44,,
0,bench/30gib-6.bin,398,33554432,383.42,,
0,bench/30gib-6.bin,399,33554432,511.77,,
0,bench/30gib-6.bin,400,33554432,353.22,,
0,bench/30gib-6.bin,401,33554432,441.82,,
0,bench/30gib-6.bin,402,33554432,350.28,,
0,bench/30gib-6.bin,403,33554432,432.17,,
0,bench/30gib-6.bin,404,33554432,496.09,,
0,bench/30gib-6.bin,405,33554432,367.62,,
0,bench/30gib-6.bin,406,33554432,382.56,,
0,bench/30gib-6.bin,407,33554432,564.91,,
0,bench/30gib-6.bin,408,33554432,642.69,,
0,bench/30gib-6.bin,409,33554432,343.59,,
0,bench/30gib-6.bin,410,33554432,500.33,,
0,bench/30gib-6.bin,411,33554432,481.54,,
0,bench/30gib-6.bin,412,33554432,593.11,,
0,bench/30gib-6.bin,413,33554432,516.19,,
0,bench/30gib-6.bin,414,33554432,529.08,,
0,bench/30gib-6.bin,415,33554432,486.79,,
0,bench/30gib-6.bin,416,33554432,450.86,,
0,bench/30gib-6.bin,417,33554432,657.59,,
0,bench/30gib-6.bin,418,33554432,381.10,,
0,bench/30gib-6.bin,419,33554432,431.14,,
0,bench/30gib-6.bin,420,33554432,424.87,,
0,bench/30gib-6.bin,421,33554432,447.86,,
0,bench/30gib-6.bin,422,33554432,410.75,,
0,bench/30gib-6.bin,423,33554432,484.54,,
0,bench/30gib-6.bin,424,33554432,425.12,,
0,bench/30gib-6.bin,425,33554432,390.05,,
0,bench/30gib-6.bin,426,33554432,412.57,,
0,bench/30gib-6.bin,427,33554432,348.91,,
0,bench/30gib-6.bin,428,33554432,400.50,,
0,bench/30gib-6.bin,429,33554432,560.94,,
0,bench/30gib-6.bin,430,33554432,453.09,,
0,bench/30gib-6.bin,431,33554432,479.23,,
0,bench/30gib-6.bin,432,33554432,627.24,,
0,bench/30gib-6.bin,433,33554432,411.72,,
0,bench/30gib-6.bin,434,33554432,1105.63,,
0,bench/30gib-6.bin,435,33554432,432.24,,
0,bench/30gib-6.bin,436,33554432,452.41,,
0,bench/30gib-6.bin,437,33554432,376.91,,
0,bench/30gib-6.bin,438,33554432,421.94,,
0,bench/30gib-6.bin,439,33554432,454.74,,
0,bench/30gib-6.bin,440,33554432,497.44,,
0,bench/30gib-6.bin,441,33554432,482.75,,
0,bench/30gib-6.bin,442,33554432,404.50,,
0,bench/30gib-6.bin,443,33554432,466.15,,
0,bench/30gib-6.bin,444,33554432,377.76,,
0,bench/30gib-6.bin,445,33554432,455.32,,
0,bench/30gib-6.bin,446,33554432,875.25,,
0,bench/30gib-6.bin,447,33554432,440.17,,
0,bench/30gib-6.bin,448,33554432,341.96,,
0,bench/30gib-6.bin,449,33554432,508.10,,
0,bench/30gib-6.bin,450,33554432,465.72,,
0,bench/30gib-6.bin,451,33554432,411.97,,
0,bench/30gib-6.bin,452,33554432,659.75,,
0,bench/30gib-6.bin,453,33554432,340.34,,
0,bench/30gib-6.bin,454,33554432,533.84,,
0,bench/30gib-6.bin,455,33554432,366.72,,
0,bench/30gib-6.bin,456,33554432,434.12,,
0,bench/30gib-6.bin,457,33554432,344.85,,
0,bench/30gib-6.bin,458,33554432,608.84,,
0,bench/30gib-6.bin,459,33554432,526.55,,
0,bench/30gib-6.bin,460,33554432,372.78,,
0,bench/30gib-6.bin,461,33554432,493.39,,
0,bench/30gib-6.bin,462,33554432,346.73,,
0,bench/30gib-6.bin,463,33554432,519.75,,
0,bench/30gib-6.bin,464,33554432,348.39,,
0,bench/30gib-6.bin,465,33554432,394.89,,
0,bench/30gib-6.bin,466,33554432,645.77,,
0,bench/30gib-6.bin,467,33554432,490.64,,
0,bench/30gib-6.bin,468,33554432,574.61,,
0,bench/30gib-6.bin,469,33554432,574.50,,
0,bench/30gib-6.bin,470,33554432,457.64,,
0,bench/30gib-6.bin,471,33554432,567.14,,
0,bench/30gib-6.bin,472,33554432,447.36,,
0,bench/30gib-6.bin,473,33554432,535.09,,
0,bench/30gib-6.bin,474,33554432,435.07,,
0,bench/30gib-6.bin,475,33554432,340.62,,
0,bench/30gib-6.bin,476,33554432,565.33,,
0,bench/30gib-6.bin,477,33554432,370.13,,
0,bench/30gib-6.bin,478,33554432,419.44,,
0,bench/30gib-6.bin,479,33554432,475.12,,
0,bench/30gib-6.bin,480,33554432,347.07,,
0,bench/30gib-6.bin,481,33554432,343.37,,
0,bench/30gib-6.bin,482,33554432,470.04,,
0,bench/30gib-6.bin,483,33554432,390.13,,
0,bench/30gib-6.bin,484,33554432,371.47,,
0,bench/30gib-6.bin,485,33554432,599.97,,
0,bench/30gib-6.bin,486,33554432,364.66,,
0,bench/30gib-6.bin,487,33554432,483.84,,
0,bench/30gib-6.bin,488,33554432,386.96,,
0,bench/30gib-6.bin,489,33554432,435.37,,
0,bench/30gib-6.bin,490,33554432,407.09,,
0,bench/30gib-6.bin,491,33554432,593.62,,
0,bench/30gib-6.bin,492,33554432,374.64,,
0,bench/30gib-6.bin,493,33554432,530.00,,
0,bench/30gib-6.bin,494,33554432,352.03,,
0,bench/30gib-6.bin,495,33554432,471.15,,
0,bench/30gib-6.bin,496,33554432,582.74,,
0,bench/30gib-6.bin,497,33554432,348.42,,
0,bench/30gib-6.bin,498,33554432,477.56,,
0,bench/30gib-6.bin,499,33554432,523.67,,
0,bench/30gib-6.bin,500,33554432,412.76,,
0,bench/30gib-6.bin,501,33554432,612.32,,
0,bench/30gib-6.bin,502,33554432,424.41,,
0,bench/30gib-6.bin,503,33554432,596.10,,
0,bench/30gib-6.bin,504,33554432,499.83,,
0,bench/30gib-6.bin,505,33554432,621.83,,
0,bench/30gib-6.bin,506,33554432,418.18,,
0,bench/30gib-6.bin,507,33554432,758.68,,
0,bench/30gib-6.bin,508,33554432,444.25,,
0,bench/30gib-6.bin,509,33554432,340.37,,
0,bench/30gib-6.bin,510,33554432,388.07,,
0,bench/30gib-6.bin,511,33554432,377.29,,
0,bench/30gib-6.bin,512,33554432,435.21,,
0,bench/30gib-6.bin,513,33554432,439.24,,
0,bench/30gib-6.bin,514,33554432,425.54,,
0,bench/30gib-6.bin,515,33554432,436.95,,
0,bench/30gib-6.bin,516,33554432,624.45,,
0,bench/30gib-6.bin,517,33554432,627.89,,
0,bench/30gib-6.bin,518,33554432,513.45,,
0,bench/30gib-6.bin,519,33554432,432.95,,
0,bench/30gib-6.bin,520,33554432,502.29,,
0,bench/30gib-6.bin,521,33554432,444.10,,
0,bench/30gib-6.bin,522,33554432,433.15,,
0,bench/30gib-6.bin,523,33554432,625.29,,
0,bench/30gib-6.bin,524,33554432,375.06,,
0,bench/30gib-6.bin,525,33554432,425.40,,
0,bench/30gib-6.bin,526,33554432,451.41,,
0,bench/30gib-6.bin,527,33554432,351.77,,
0,bench/30gib-6.bin,528,33554432,600.94,,
0,bench/30gib-6.bin,529,33554432,454.93,,
0,bench/30gib-6.bin,530,33554432,605.52,,
0,bench/30gib-6.bin,531,33554432,455.18,,
0,bench/30gib-6.bin,532,33554432,427.69,,
0,bench/30gib-6.bin,533,33554432,500.96,,
0,bench/30gib-6.bin,534,33554432,565.73,,
0,bench/30gib-6.bin,535,33554432,424.06,,
0,bench/30gib-6.bin,536,33554432,396.21,,
0,bench/30gib-6.bin,537,33554432,532.52,,
0,bench/30gib-6.bin,538,33554432,410.06,,
0,bench/30gib-6.bin,539,33554432,359.61,,
0,bench/30gib-6.bin,540,33554432,462.41,,
0,bench/30gib-6.bin,541,33554432,535.61,,
0,bench/30gib-6.bin,542,33554432,476.28,,
0,bench/30gib-6.bin,543,33554432,415.97,,
0,bench/30gib-6.bin,544,33554432,439.62,,
0,bench/30gib-6.bin,545,33554432,341.22,,
0,bench/30gib-6.bin,546,33554432,501.56,,
0,bench/30gib-6.bin,547,33554432,392.84,,
0,bench/30gib-6.bin,548,33554432,629.07,,
0,bench/30gib-6.bin,549,33554432,674.42,,
0,bench/30gib-6.bin,550,33554432,431.70,,
0,bench/30gib-6.bin,551,33554432,548.04,,
0,bench/30gib-6.bin,552,33554432,425.57,,
0,bench/30gib-6.bin,553,33554432,345.50,,
0,bench/30gib-6.bin,554,33554432,538.93,,
0,bench/30gib-6.bin,555,33554432,377.55,,
0,bench/30gib-6.bin,556,33554432,345.50,,
0,bench/30gib-6.bin,557,33554432,479.81,,
0,bench/30gib-6.bin,558,33554432,495.57,,
0,bench/30gib-6.bin,559,33554432,491.87,,
0,bench/30gib-6.bin,560,33554432,373.73,,
0,bench/30gib-6.bin,561,33554432,412.48,,
0,bench/30gib-6.bin,562,33554432,569.28,,
0,bench/30gib-6.bin,563,33554432,409.14,,
0,bench/30gib-6.bin,564,33554432,414.27,,
0,bench/30gib-6.bin,565,33554432,427.69,,
0,bench/30gib-6.bin,566,33554432,361.49,,
0,bench/30gib-6.bin,567,33554432,344.77,,
0,bench/30gib-6.bin,568,33554432,451.94,,
0,bench/30gib-6.bin,569,33554432,502.20,,
0,bench/30gib-6.bin,570,33554432,375.11,,
0,bench/30gib-6.bin,571,33554432,441.32,,
0,bench/30gib-6.bin,572,33554432,402.37,,
0,bench/30gib-6.bin,573,33554432,356.63,,
0,bench/30gib-6.bin,574,33554432,442.02,,
0,bench/30gib-6.bin,575,33554432,558.08,,
0,bench/30gib-6.bin,576,33554432,389.81,,
0,bench/30gib-6.bin,577,33554432,360.88,,
0,bench/30gib-6.bin,578,33554432,437.44,,
0,bench/30gib-6.bin,579,33554432,363.26,,
0,bench/30gib-6.bin,580,33554432,691.80,,
0,bench/30gib-6.bin,581,33554432,372.95,,
0,bench/30gib-6.bin,582,33554432,434.44,,
0,bench/30gib-6.bin,583,33554432,348.95,,
0,bench/30gib-6.bin,584,33554432,378.44,,
0,bench/30gib-6.bin,585,33554432,546.46,,
0,bench/30gib-6.bin,586,33554432,355.49,,
0,bench/30gib-6.bin,587,33554432,421.95,,
0,bench/30gib-6.bin,588,33554432,422.07,,
0,bench/30gib-6.bin,589,33554432,560.05,,
0,bench/30gib-6.bin,590,33554432,500.74,,
0,bench/30gib-6.bin,591,33554432,445.19,,
0,bench/30gib-6.bin,592,33554432,790.96,,
0,bench/30gib-6.bin,593,33554432,342.94,,
0,bench/30gib-6.bin,594,33554432,405.30,,
0,bench/30gib-6.bin,595,33554432,434.36,,
0,bench/30gib-6.bin,596,33554432,356.70,,
0,bench/30gib-6.bin,597,33554432,551.85,,
0,bench/30gib-6.bin,598,33554432,376.25,,
0,bench/30gib-6.bin,599,33554432,538.64,,
0,bench/30gib-6.bin,600,33554432,831.64,,
0,bench/30gib-6.bin,601,33554432,426.73,,
0,bench/30gib-6.bin,602,33554432,352.34,,
0,bench/30gib-6.bin,603,33554432,502.41,,
0,bench/30gib-6.bin,604,33554432,489.11,,
0,bench/30gib-6.bin,605,33554432,342.75,,
0,bench/30gib-6.bin,606,33554432,393.39,,
0,bench/30gib-6.bin,607,33554432,476.34,,
0,bench/30gib-6.bin,608,33554432,519.31,,
0,bench/30gib-6.bin,609,33554432,455.68,,
0,bench/30gib-6.bin,610,33554432,408.53,,
0,bench/30gib-6.bin,611,33554432,834.96,,
0,bench/30gib-6.bin,612,33554432,341.93,,
0,bench/30gib-6.bin,613,33554432,342.55,,
0,bench/30gib-6.bin,614,33554432,468.37,,
0,bench/30gib-6.bin,615,33554432,505.61,,
0,bench/30gib-6.bin,616,33554432,398.54,,
0,bench/30gib-6.bin,617,33554432,499.95,,
0,bench/30gib-6.bin,618,33554432,581.77,,
0,bench/30gib-6.bin,619,33554432,401.89,,
0,bench/30gib-6.bin,620,33554432,422.20,,
0,bench/30gib-6.bin,621,33554432,355.29,,
0,bench/30gib-6.bin,622,33554432,352.94,,
0,bench/30gib-6.bin,623,33554432,367.90,,
0,bench/30gib-6.bin,624,33554432,591.98,,
0,bench/30gib-6.bin,625,33554432,402.15,,
0,bench/30gib-6.bin,626,33554432,349.40,,
0,bench/30gib-6.bin,627,33554432,462.59,,
0,bench/30gib-6.bin,628,33554432,501.07,,
0,bench/30gib-6.bin,629,33554432,370.49,,
0,bench/30gib-6.bin,630,33554432,534.23,,
0,bench/30gib-6.bin,631,33554432,679.90,,
0,bench/30gib-6.bin,632,33554432,1565.72,,
0,bench/30gib-6.bin,633,33554432,422.59,,
0,bench/30gib-6.bin,634,33554432,538.53,,
0,bench/30gib-6.bin,635,33554432,347.13,,
0,bench/30gib-6.bin,636,33554432,604.58,,
0,bench/30gib-6.bin,637,33554432,585.56,,
0,bench/30gib-6.bin,638,33554432,486.33,,
0,bench/30gib-6.bin,639,33554432,340.43,,
0,bench/30gib-6.bin,640,33554432,379.73,,
0,bench/30gib-6.bin,641,33554432,405.54,,
0,bench/30gib-6.bin,642,33554432,514.15,,
0,bench/30gib-6.bin,643,33554432,731.39,,
0,bench/30gib-6.bin,644,33554432,393.75,,
0,bench/30gib-6.bin,645,33554432,460.48,,
0,bench/30gib-6.bin,646,33554432,574.67,,
0,bench/30gib-6.bin,647,33554432,898.51,,
0,bench/30gib-6.bin,648,33554432,505.85,,
0,bench/30gib-6.bin,649,33554432,531.72,,
0,bench/30gib-6.bin,650,33554432,471.51,,
0,bench/30gib-6.bin,651,33554432,440.91,,
0,bench/30gib-6.bin,652,33554432,472.05,,
0,bench/30gib-6.bin,653,33554432,528.67,,
0,bench/30gib-6.bin,654,33554432,458.44,,
0,bench/30gib-6.bin,655,33554432,355.69,,
0,bench/30gib-6.bin,656,33554432,515.39,,
0,bench/30gib-6.bin,657,33554432,352.05,,
0,bench/30gib-6.bin,658,33554432,404.30,,
0,bench/30gib-6.bin,659,33554432,433.68,,
0,bench/30gib-6.bin,660,33554432,425.57,,
0,bench/30gib-6.bin,661,33554432,600.56,,
0,bench/30gib-6.bin,662,33554432,341.71,,
0,bench/30gib-6.bin,663,33554432,444.88,,
0,bench/30gib-6.bin,664,33554432,385.25,,
0,bench/30gib-6.bin,665,33554432,442.28,,
0,bench/30gib-6.bin,666,33554432,392.08,,
0,bench/30gib-6.bin,667,33554432,371.92,,
0,bench/30gib-6.bin,668,33554432,393.39,,
0,bench/30gib-6.bin,669,33554432,787.29,,
0,bench/30gib-6.bin,670,33554432,445.83,,
0,bench/30gib-6.bin,671,33554432,408.59,,
0,bench/30gib-6.bin,672,33554432,441.98,,
0,bench/30gib-6.bin,673,33554432,522.32,,
0,bench/30gib-6.bin,674,33554432,501.53,,
0,bench/30gib-6.bin,675,33554432,484.92,,
0,bench/30gib-6.bin,676,33554432,679.96,,
0,bench/30gib-6.bin,677,33554432,524.43,,
0,bench/30gib-6.bin,678,33554432,342.40,,
0,bench/30gib-6.bin,679,33554432,395.26,,
0,bench/30gib-6.bin,680,33554432,568.09,,
0,bench/30gib-6.bin,681,33554432,482.00,,
0,bench/30gib-6.bin,682,33554432,429.40,,
0,bench/30gib-6.bin,683,33554432,407.31,,
0,bench/30gib-6.bin,684,33554432,399.47,,
0,bench/30gib-6.bin,685,33554432,475.98,,
0,bench/30gib-6.bin,686,33554432,438.01,,
0,bench/30gib-6.bin,687,33554432,414.82,,
0,bench/30gib-6.bin,688,33554432,444.64,,
0,bench/30gib-6.bin,689,33554432,432.20,,
0,bench/30gib-6.bin,690,33554432,351.86,,
0,bench/30gib-6.bin,691,33554432,349.62,,
0,bench/30gib-6.bin,692,33554432,466.72,,
0,bench/30gib-6.bin,693,33554432,458.10,,
0,bench/30gib-6.bin,694,33554432,351.87,,
0,bench/30gib-6.bin,695,33554432,430.69,,
0,bench/30gib-6.bin,696,33554432,395.22,,
0,bench/30gib-6.bin,697,33554432,615.59,,
0,bench/30gib-6.bin,698,33554432,371.04,,
0,bench/30gib-6.bin,699,33554432,611.33,,
0,bench/30gib-6.bin,700,33554432,475.90,,
0,bench/30gib-6.bin,701,33554432,547.83,,
0,bench/30gib-6.bin,702,33554432,343.06,,
0,bench/30gib-6.bin,703,33554432,440.14,,
0,bench/30gib-6.bin,704,33554432,980.77,,
0,bench/30gib-6.bin,705,33554432,457.09,,
0,bench/30gib-6.bin,706,33554432,574.89,,
0,bench/30gib-6.bin,707,33554432,592.29,,
0,bench/30gib-6.bin,708,33554432,499.29,,
0,bench/30gib-6.bin,709,33554432,632.95,,
0,bench/30gib-6.bin,710,33554432,845.19,,
0,bench/30gib-6.bin,711,33554432,607.62,,
0,bench/30gib-6.bin,712,33554432,842.81,,
0,bench/30gib-6.bin,713,33554432,393.62,,
0,bench/30gib-6.bin,714,33554432,505.41,,
0,bench/30gib-6.bin,715,33554432,406.46,,
0,bench/30gib-6.bin,716,33554432,472.89,,
0,bench/30gib-6.bin,717,33554432,450.03,,
0,bench/30gib-6.bin,718,33554432,428.90,,
0,bench/30gib-6.bin,719,33554432,350.18,,
0,bench/30gib-6.bin,720,33554432,386.16,,
0,bench/30gib-6.bin,721,33554432,347.63,,
0,bench/30gib-6.bin,722,33554432,414.08,,
0,bench/30gib-6.bin,723,33554432,368.79,,
0,bench/30gib-6.bin,724,33554432,458.76,,
0,bench/30gib-6.bin,725,33554432,404.37,,
0,bench/30gib-6.bin,726,33554432,541.19,,
0,bench/30gib-6.bin,727,33554432,425.03,,
0,bench/30gib-6.bin,728,33554432,350.95,,
0,bench/30gib-6.bin,729,33554432,446.50,,
0,bench/30gib-6.bin,730,33554432,501.61,,
0,bench/30gib-6.bin,731,33554432,614.30,,
0,bench/30gib-6.bin,732,33554432,390.55,,
0,bench/30gib-6.bin,733,33554432,341.61,,
0,bench/30gib-6.bin,734,33554432,367.69,,
0,bench/30gib-6.bin,735,33554432,525.79,,
0,bench/30gib-6.bin,736,33554432,400.65,,
0,bench/30gib-6.bin,737,33554432,416.46,,
0,bench/30gib-6.bin,738,33554432,462.20,,
0,bench/30gib-6.bin,739,33554432,416.10,,
0,bench/30gib-6.bin,740,33554432,438.78,,
0,bench/30gib-6.bin,741,33554432,520.21,,
0,bench/30gib-6.bin,742,33554432,449.15,,
0,bench/30gib-6.bin,743,33554432,418.46,,
0,bench/30gib-6.bin,744,33554432,544.44,,
0,bench/30gib-6.bin,745,33554432,480.27,,
0,bench/30gib-6.bin,746,33554432,415.20,,
0,bench/30gib-6.bin,747,33554432,356.19,,
0,bench/30gib-6.bin,748,33554432,474.53,,
0,bench/30gib-6.bin,749,33554432,558.26,,
0,bench/30gib-6.bin,750,33554432,460.41,,
0,bench/30gib-6.bin,751,33554432,397.54,,
0,bench/30gib-6.bin,752,33554432,449.70,,
0,bench/30gib-6.bin,753,33554432,408.53,,
0,bench/30gib-6.bin,754,33554432,565.63,,
0,bench/30gib-6.bin,755,33554432,440.19,,
0,bench/30gib-6.bin,756,33554432,478.31,,
0,bench/30gib-6.bin,757,33554432,620.07,,
0,bench/30gib-6.bin,758,33554432,375.78,,
0,bench/30gib-6.bin,759,33554432,507.17,,
0,bench/30gib-6.bin,760,33554432,460.46,,
0,bench/30gib-6.bin,761,33554432,552.05,,
0,bench/30gib-6.bin,762,33554432,377.34,,
0,bench/30gib-6.bin,763,33554432,524.25,,
0,bench/30gib-6.bin,764,33554432,356.89,,
0,bench/30gib-6.bin,765,33554432,447.93,,
0,bench/30gib-6.bin,766,33554432,366.10,,
0,bench/30gib-6.bin,767,33554432,512.08,,
0,bench/30gib-6.bin,768,33554432,341.17,,
0,bench/30gib-6.bin,769,33554432,575.98,,
0,bench/30gib-6.bin,770,33554432,363.89,,
0,bench/30gib-6.bin,771,33554432,438.67,,
0,bench/30gib-6.bin,772,33554432,409.09,,
0,bench/30gib-6.bin,773,33554432,448.12,,
0,bench/30gib-6.bin,774,33554432,388.33,,
0,bench/30gib-6.bin,775,33554432,400.92,,
0,bench/30gib-6.bin,776,33554432,425.07,,
0,bench/30gib-6.bin,777,33554432,497.26,,
0,bench/30gib-6.bin,778,33554432,574.09,,
0,bench/30gib-6.bin,779,33554432,390.14,,
0,bench/30gib-6.bin,780,33554432,483.92,,
0,bench/30gib-6.bin,781,33554432,403.67,,
0,bench/30gib-6.bin,782,33554432,452.00,,
0,bench/30gib-6.bin,783,33554432,418.94,,
0,bench/30gib-6.bin,784,33554432,392.56,,
0,bench/30gib-6.bin,785,33554432,477.03,,
0,bench/30gib-6.bin,786,33554432,357.04,,
0,bench/30gib-6.bin,787,33554432,468.10,,
0,bench/30gib-6.bin,788,33554432,342.82,,
0,bench/30gib-6.bin,789,33554432,364.45,,
0,bench/30gib-6.bin,790,33554432,379.10,,
0,bench/30gib-6.bin,791,33554432,342.03,,
0,bench/30gib-6.bin,792,33554432,450.02,,
0,bench/30gib-6.bin,793,33554432,578.14,,
0,bench/30gib-6.bin,794,33554432,433.66,,
0,bench/30gib-6.bin,795,33554432,540.93,,
0,bench/30gib-6.bin,796,33554432,506.70,,
0,bench/30gib-6.bin,797,33554432,340.50,,
0,bench/30gib-6.bin,798,33554432,377.85,,
0,bench/30gib-6.bin,799,33554432,381.03,,
0,bench/30gib-6.bin,800,33554432,439.99,,
0,bench/30gib-6.bin,801,33554432,897.15,,
0,bench/30gib-6.bin,802,33554432,521.98,,
0,bench/30gib-6.bin,803,33554432,432.86,,
0,bench/30gib-6.bin,804,33554432,405.24,,
0,bench/30gib-6.bin,805,33554432,492.10,,
0,bench/30gib-6.bin,806,33554432,517.16,,
0,bench/30gib-6.bin,807,33554432,356.75,,
0,bench/30gib-6.bin,808,33554432,419.56,,
0,bench/30gib-6.bin,809,33554432,432.81,,
0,bench/30gib-6.bin,810,33554432,530.50,,
0,bench/30gib-6.bin,811,33554432,518.93,,
0,bench/30gib-6.bin,812,33554432,527.17,,
0,bench/30gib-6.bin,813,33554432,434.79,,
0,bench/30gib-6.bin,814,33554432,434.18,,
0,bench/30gib-6.bin,815,33554432,353.45,,
0,bench/30gib-6.bin,816,33554432,397.93,,
0,bench/30gib-6.bin,817,33554432,375.16,,
0,bench/30gib-6.bin,818,33554432,593.00,,
0,bench/30gib-6.bin,819,33554432,378.96,,
0,bench/30gib-6.bin,820,33554432,340.90,,
0,bench/30gib-6.bin,821,33554432,534.58,,
0,bench/30gib-6.bin,822,33554432,467.25,,
0,bench/30gib-6.bin,823,33554432,546.38,,
0,bench/30gib-6.bin,824,33554432,587.82,,
0,bench/30gib-6.bin,825,33554432,365.29,,
0,bench/30gib-6.bin,826,33554432,876.64,,
0,bench/30gib-6.bin,827,33554432,342.53,,
0,bench/30gib-6.bin,828,33554432,409.95,,
0,bench/30gib-6.bin,829,33554432,404.23,,
0,bench/30gib-6.bin,830,33554432,378.81,,
0,bench/30gib-6.bin,831,33554432,538.02,,
0,bench/30gib-6.bin,832,33554432,533.62,,
0,bench/30gib-6.bin,833,33554432,507.97,,
0,bench/30gib-6.bin,834,33554432,387.63,,
0,bench/30gib-6.bin,835,33554432,358.53,,
0,bench/30gib-6.bin,836,33554432,374.28,,
0,bench/30gib-6.bin,837,33554432,689.30,,
0,bench/30gib-6.bin,838,33554432,504.26,,
0,bench/30gib-6.bin,839,33554432,516.40,,
0,bench/30gib-6.bin,840,33554432,392.80,,
0,bench/30gib-6.bin,841,33554432,567.11,,
0,bench/30gib-6.bin,842,33554432,417.80,,
0,bench/30gib-6.bin,843,33554432,524.50,,
0,bench/30gib-6.bin,844,33554432,549.65,,
0,bench/30gib-6.bin,845,33554432,415.33,,
0,bench/30gib-6.bin,846,33554432,498.76,,
0,bench/30gib-6.bin,847,33554432,470.69,,
0,bench/30gib-6.bin,848,33554432,340.41,,
0,bench/30gib-6.bin,849,33554432,405.44,,
0,bench/30gib-6.bin,850,33554432,530.87,,
0,bench/30gib-6.bin,851,33554432,411.04,,
0,bench/30gib-6.bin,852,33554432,770.95,,
0,bench/30gib-6.bin,853,33554432,437.98,,
0,bench/30gib-6.bin,854,33554432,602.93,,
0,bench/30gib-6.bin,855,33554432,427.07,,
0,bench/30gib-6.bin,856,33554432,416.58,,
0,bench/30gib-6.bin,857,33554432,538.75,,
0,bench/30gib-6.bin,858,33554432,491.56,,
0,bench/30gib-6.bin,859,33554432,357.47,,
0,bench/30gib-6.bin,860,33554432,341.49,,
0,bench/30gib-6.bin,861,33554432,341.75,,
0,bench/30gib-6.bin,862,33554432,457.97,,
0,bench/30gib-6.bin,863,33554432,346.21,,
0,bench/30gib-6.bin,864,33554432,418.65,,
0,bench/30gib-6.bin,865,33554432,342.47,,
0,bench/30gib-6.bin,866,33554432,397.81,,
0,bench/30gib-6.bin,867,33554432,492.68,,
0,bench/30gib-6.bin,868,33554432,387.12,,
0,bench/30gib-6.bin,869,33554432,1137.53,,
0,bench/30gib-6.bin,870,33554432,347.02,,
0,bench/30gib-6.bin,871,33554432,611.04,,
0,bench/30gib-6.bin,872,33554432,396.07,,
0,bench/30gib-6.bin,873,33554432,549.02,,
0,bench/30gib-6.bin,874,33554432,376.25,,
0,bench/30gib-6.bin,875,33554432,343.85,,
0,bench/30gib-6.bin,876,33554432,533.73,,
0,bench/30gib-6.bin,877,33554432,385.35,,
0,bench/30gib-6.bin,878,33554432,499.23,,
0,bench/30gib-6.bin,879,33554432,549.77,,
0,bench/30gib-6.bin,880,33554432,435.20,,
0,bench/30gib-6.bin,881,33554432,350.37,,
0,bench/30gib-6.bin,882,33554432,554.29,,
0,bench/30gib-6.bin,883,33554432,382.18,,
0,bench/30gib-6.bin,884,33554432,377.76,,
0,bench/30gib-6.bin,885,33554432,389.84,,
0,bench/30gib-6.bin,886,33554432,446.32,,
0,bench/30gib-6.bin,887,33554432,491.31,,
0,bench/30gib-6.bin,888,33554432,587.40,,
0,bench/30gib-6.bin,889,33554432,423.30,,
0,bench/30gib-6.bin,890,33554432,782.31,,
0,bench/30gib-6.bin,891,33554432,343.43,,
0,bench/30gib-6.bin,892,33554432,389.85,,
0,bench/30gib-6.bin,893,33554432,348.00,,
0,bench/30gib-6.bin,894,33554432,585.67,,
0,bench/30gib-6.bin,895,33554432,401.64,,
0,bench/30gib-6.bin,896,33554432,430.80,,
0,bench/30gib-6.bin,897,33554432,397.33,,
0,bench/30gib-6.bin,898,33554432,512.52,,
0,bench/30gib-6.bin,899,33554432,777.48,,
0,bench/30gib-6.bin,900,33554432,501.99,,
0,bench/30gib-6.bin,901,33554432,501.86,,
0,bench/30gib-6.bin,902,33554432,404.87,,
0,bench/30gib-6.bin,903,33554432,500.65,,
0,bench/30gib-6.bin,904,33554432,372.51,,
0,bench/30gib-6.bin,905,33554432,467.02,,
0,bench/30gib-6.bin,906,33554432,447.21,,
0,bench/30gib-6.bin,907,33554432,560.33,,
0,bench/30gib-6.bin,908,33554432,389.39,,
0,bench/30gib-6.bin,909,33554432,434.46,,
0,bench/30gib-6.bin,910,33554432,553.82,,
0,bench/30gib-6.bin,911,33554432,438.95,,
0,bench/30gib-6.bin,912,33554432,540.22,,
0,bench/30gib-6.bin,913,33554432,434.11,,
0,bench/30gib-6.bin,914,33554432,341.86,,
0,bench/30gib-6.bin,915,33554432,367.79,,
0,bench/30gib-6.bin,916,33554432,386.76,,
0,bench/30gib-6.bin,917,33554432,355.32,,
0,bench/30gib-6.bin,918,33554432,422.41,,
0,bench/30gib-6.bin,919,33554432,343.86,,
0,bench/30gib-6.bin,920,33554432,623.65,,
0,bench/30gib-6.bin,921,33554432,383.53,,
0,bench/30gib-6.bin,922,33554432,497.27,,
0,bench/30gib-6.bin,923,33554432,439.47,,
0,bench/30gib-6.bin,924,33554432,478.04,,
0,bench/30gib-6.bin,925,33554432,567.72,,
0,bench/30gib-6.bin,926,33554432,620.60,,
0,bench/30gib-6.bin,927,33554432,539.13,,
0,bench/30gib-6.bin,928,33554432,362.37,,
0,bench/30gib-6.bin,929,33554432,397.37,,
0,bench/30gib-6.bin,930,33554432,343.52,,
0,bench/30gib-6.bin,931,33554432,343.88,,
0,bench/30gib-6.bin,932,33554432,360.15,,
0,bench/30gib-6.bin,933,33554432,760.61,,
0,bench/30gib-6.bin,934,33554432,430.33,,
0,bench/30gib-6.bin,935,33554432,586.84,,
0,bench/30gib-6.bin,936,33554432,427.69,,
0,bench/30gib-6.bin,937,33554432,561.06,,
0,bench/30gib-6.bin,938,33554432,608.22,,
0,bench/30gib-6.bin,939,33554432,389.82,,
0,bench/30gib-6.bin,940,33554432,464.89,,
0,bench/30gib-6.bin,941,33554432,396.30,,
0,bench/30gib-6.bin,942,33554432,597.66,,
0,bench/30gib-6.bin,943,33554432,523.19,,
0,bench/30gib-6.bin,944,33554432,513.57,,
0,bench/30gib-6.bin,945,33554432,402.06,,
0,bench/30gib-6.bin,946,33554432,541.82,,
0,bench/30gib-6.bin,947,33554432,593.38,,
0,bench/30gib-6.bin,948,33554432,599.97,,
0,bench/30gib-6.bin,949,33554432,534.12,,
0,bench/30gib-6.bin,950,33554432,456.57,,
0,bench/30gib-6.bin,951,33554432,458.49,,
0,bench/30gib-6.bin,952,33554432,414.68,,
0,bench/30gib-6.bin,953,33554432,380.55,,
0,bench/30gib-6.bin,954,33554432,341.45,,
0,bench/30gib-6.bin,955,33554432,439.37,,
0,bench/30gib-6.bin,956,33554432,340.11,,
0,bench/30gib-6.bin,957,33554432,384.47,,
0,bench/30gib-6.bin,958,33554432,343.83,,
0,bench/30gib-6.bin,959,33554432,601.02,,
0,bench/30gib-6.bin,960,33554432,352.57,,
0,bench/30gib-7.bin,1,33554432,1467.12,,
0,bench/30gib-7.bin,2,33554432,1890.81,,
0,bench/30gib-7.bin,3,33554432,1361.58,,
0,bench/30gib-7.bin,4,33554432,1059.38,,
0,bench/30gib-7.bin,5,33554432,1465.81,,
0,bench/30gib-7.bin,6,33554432,1698.11,,
0,bench/30gib-7.bin,7,33554432,1555.33,,
0,bench/30gib-7.bin,8,33554432,1303.02,,
0,bench/30gib-7.bin,9,33554432,1891.78,,
0,bench/30gib-7.bin,10,33554432,1162.65,,
0,bench/30gib-7.bin,11,33554432,1383.45,,
0,bench/30gib-7.bin,12,33554432,1140.92,,
0,bench/30gib-7.bin,13,33554432,785.02,,
0,bench/30gib-7.bin,14,33554432,1096.67,,
0,bench/30gib-7.bin,15,33554432,1989.40,,
0,bench/30gib-7.bin,16,33554432,1825.62,,
0,bench/30gib-7.bin,17,33554432,1671.36,,
0,bench/30gib-7.bin,18,33554432,1947.27,,
0,bench/30gib-7.bin,19,33554432,3064.39,,
0,bench/30gib-7.bin,20,33554432,1802.75,,
0,bench/30gib-7.bin,21,33554432,1357.22,,
0,bench/30gib-7.bin,22,33554432,1106.62,,
0,bench/30gib-7.bin,23,33554432,1194.69,,
0,bench/30gib-7.bin,24,33554432,1147.74,,
0,bench/30gib-7.bin,25,33554432,1482.60,,
0,bench/30gib-7.bin,26,33554432,1784.87,,
0,bench/30gib-7.bin,27,33554432,1438.95,,
0,bench/30gib-7.bin,28,33554432,1449.52,,
0,bench/30gib-7.bin,29,33554432,2662.66,,
0,bench/30gib-7.bin,30,33554432,1646.25,,
0,bench/30gib-7.bin,31,33554432,1007.17,,
0,bench/30gib-7.bin,32,33554432,611.82,,
0,bench/30gib-7.bin,33,33554432,818.19,,
0,bench/30gib-7.bin,34,33554432,672.58,,
0,bench/30gib-7.bin,35,33554432,647.50,,
0,bench/30gib-7.bin,36,33554432,754.49,,
0,bench/30gib-7.bin,37,33554432,736.28,,
0,bench/30gib-7.bin,38,33554432,620.99,,
0,bench/30gib-7.bin,39,33554432,632.88,,
0,bench/30gib-7.bin,40,33554432,719.98,,
0,bench/30gib-7.bin,41,33554432,602.17,,
0,bench/30gib-7.bin,42,33554432,653.63,,
0,bench/30gib-7.bin,43,33554432,771.75,,
0,bench/30gib-7.bin,44,33554432,612.40,,
0,bench/30gib-7.bin,45,33554432,679.16,,
0,bench/30gib-7.bin,46,33554432,811.19,,
0,bench/30gib-7.bin,47,33554432,728.21,,
0,bench/30gib-7.bin,48,33554432,1138.43,,
0,bench/30gib-7.bin,49,33554432,572.90,,
0,bench/30gib-7.bin,50,33554432,692.60,,
0,bench/30gib-7.bin,51,33554432,1107.14,,
0,bench/30gib-7.bin,52,33554432,683.01,,
0,bench/30gib-7.bin,53,33554432,548.85,,
0,bench/30gib-7.bin,54,33554432,617.22,,
0,bench/30gib-7.bin,55,33554432,643.33,,
0,bench/30gib-7.bin,56,33554432,486.32,,
0,bench/30gib-7.bin,57,33554432,807.30,,
0,bench/30gib-7.bin,58,33554432,445.93,,
0,bench/30gib-7.bin,59,33554432,561.33,,
0,bench/30gib-7.bin,60,33554432,618.79,,
0,bench/30gib-7.bin,61,33554432,497.08,,
0,bench/30gib-7.bin,62,33554432,719.87,,
0,bench/30gib-7.bin,63,33554432,732.73,,
0,bench/30gib-7.bin,64,33554432,718.02,,
0,bench/30gib-7.bin,65,33554432,585.78,,
0,bench/30gib-7.bin,66,33554432,566.57,,
0,bench/30gib-7.bin,67,33554432,816.24,,
0,bench/30gib-7.bin,68,33554432,701.24,,
0,bench/30gib-7.bin,69,33554432,635.51,,
0,bench/30gib-7.bin,70,33554432,487.70,,
0,bench/30gib-7.bin,71,33554432,358.04,,
0,bench/30gib-7.bin,72,33554432,657.21,,
0,bench/30gib-7.bin,73,33554432,432.77,,
0,bench/30gib-7.bin,74,33554432,686.84,,
0,bench/30gib-7.bin,75,33554432,553.95,,
0,bench/30gib-7.bin,76,33554432,446.93,,
0,bench/30gib-7.bin,77,33554432,470.98,,
0,bench/30gib-7.bin,78,33554432,482.93,,
0,bench/30gib-7.bin,79,33554432,374.32,,
0,bench/30gib-7.bin,80,33554432,478.41,,
0,bench/30gib-7.bin,81,33554432,346.83,,
0,bench/30gib-7.bin,82,33554432,426.73,,
0,bench/30gib-7.bin,83,33554432,410.27,,
0,bench/30gib-7.bin,84,33554432,632.74,,
0,bench/30gib-7.bin,85,33554432,573.82,,
0,bench/30gib-7.bin,86,33554432,371.13,,
0,bench/30gib-7.bin,87,33554432,400.45,,
0,bench/30gib-7.bin,88,33554432,433.35,,
0,bench/30gib-7.bin,89,33554432,716.00,,
0,bench/30gib-7.bin,90,33554432,422.87,,
0,bench/30gib-7.bin,91,33554432,499.41,,
0,bench/30gib-7.bin,92,33554432,501.03,,
0,bench/30gib-7.bin,93,33554432,385.91,,
0,bench/30gib-7.bin,94,33554432,570.93,,
0,bench/30gib-7.bin,95,33554432,466.92,,
0,bench/30gib-7.bin,96,33554432,488.66,,
0,bench/30gib-7.bin,97,33554432,372.31,,
0,bench/30gib-7.bin,98,33554432,351.15,,
0,bench/30gib-7.bin,99,33554432,424.60,,
0,bench/30gib-7.bin,100,33554432,353.47,,
0,bench/30gib-7.bin,101,33554432,345.14,,
0,bench/30gib-7.bin,102,33554432,395.86,,
0,bench/30gib-7.bin,103,33554432,528.05,,
0,bench/30gib-7.bin,104,33554432,355.53,,
0,bench/30gib-7.bin,105,33554432,400.67,,
0,bench/30gib-7.bin,106,33554432,495.28,,
0,bench/30gib-7.bin,107,33554432,377.11,,
0,bench/30gib-7.bin,108,33554432,415.11,,
0,bench/30gib-7.bin,109,33554432,602.83,,
0,bench/30gib-7.bin,110,33554432,486.79,,
0,bench/30gib-7.bin,111,33554432,501.05,,
0,bench/30gib-7.bin,112,33554432,357.40,,
0,bench/30gib-7.bin,113,33554432,603.48,,
0,bench/30gib-7.bin,114,33554432,474.00,,
0,bench/30gib-7.bin,115,33554432,429.13,,
0,bench/30gib-7.bin,116,33554432,563.85,,
0,bench/30gib-7.bin,117,33554432,412.01,,
0,bench/30gib-7.bin,118,33554432,500.36,,
0,bench/30gib-7.bin,119,33554432,357.91,,
0,bench/30gib-7.bin,120,33554432,450.80,,
0,bench/30gib-7.bin,121,33554432,415.94,,
0,bench/30gib-7.bin,122,33554432,400.64,,
0,bench/30gib-7.bin,123,33554432,410.73,,
0,bench/30gib-7.bin,124,33554432,605.19,,
0,bench/30gib-7.bin,125,33554432,465.04,,
0,bench/30gib-7.bin,126,33554432,395.10,,
0,bench/30gib-7.bin,127,33554432,357.27,,
0,bench/30gib-7.bin,128,33554432,485.50,,
0,bench/30gib-7.bin,129,33554432,457.27,,
0,bench/30gib-7.bin,130,33554432,498.43,,
0,bench/30gib-7.bin,131,33554432,404.42,,
0,bench/30gib-7.bin,132,33554432,491.98,,
0,bench/30gib-7.bin,133,33554432,506.56,,
0,bench/30gib-7.bin,134,33554432,536.36,,
0,bench/30gib-7.bin,135,33554432,342.03,,
0,bench/30gib-7.bin,136,33554432,347.96,,
0,bench/30gib-7.bin,137,33554432,484.03,,
0,bench/30gib-7.bin,138,33554432,431.19,,
0,bench/30gib-7.bin,139,33554432,457.79,,
0,bench/30gib-7.bin,140,33554432,340.39,,
0,bench/30gib-7.bin,141,33554432,487.29,,
0,bench/30gib-7.bin,142,33554432,391.00,,
0,bench/30gib-7.bin,143,33554432,456.07,,
0,bench/30gib-7.bin,144,33554432,374.06,,
0,bench/30gib-7.bin,145,33554432,430.82,,
0,bench/30gib-7.bin,146,33554432,494.62,,
0,bench/30gib-7.bin,147,33554432,402.17,,
0,bench/30gib-7.bin,148,33554432,381.08,,
0,bench/30gib-7.bin,149,33554432,393.42,,
0,bench/30gib-7.bin,150,33554432,879.37,,
0,bench/30gib-7.bin,151,33554432,343.12,,
0,bench/30gib-7.bin,152,33554432,567.78,,
0,bench/30gib-7.bin,153,33554432,380.96,,
0,bench/30gib-7.bin,154,33554432,361.79,,
0,bench/30gib-7.bin,155,33554432,466.32,,
0,bench/30gib-7.bin,156,33554432,508.61,,
0,bench/30gib-7.bin,157,33554432,481.41,,
0,bench/30gib-7.bin,158,33554432,348.70,,
0,bench/30gib-7.bin,159,33554432,534.61,,
0,bench/30gib-7.bin,160,33554432,390.89,,
0,bench/30gib-7.bin,161,33554432,414.43,,
0,bench/30gib-7.bin,162,33554432,374.73,,
0,bench/30gib-7.bin,163,33554432,510.56,,
0,bench/30gib-7.bin,164,33554432,343.65,,
0,bench/30gib-7.bin,165,33554432,559.39,,
0,bench/30gib-7.bin,166,33554432,469.68,,
0,bench/30gib-7.bin,167,33554432,343.34,,
0,bench/30gib-7.bin,168,33554432,534.83,,
0,bench/30gib-7.bin,169,33554432,1091.30,,
0,bench/30gib-7.bin,170,33554432,428.50,,
0,bench/30gib-7.bin,171,33554432,492.08,,
0,bench/30gib-7.bin,172,33554432,510.30,,
0,bench/30gib-7.bin,173,33554432,349.99,,
0,bench/30gib-7.bin,174,33554432,514.14,,
0,bench/30gib-7.bin,175,33554432,552.35,,
0,bench/30gib-7.bin,176,33554432,366.95,,
0,bench/30gib-7.bin,177,33554432,342.98,,
0,bench/30gib-7.bin,178,33554432,619.51,,
0,bench/30gib-7.bin,179,33554432,579.46,,
0,bench/30gib-7.bin,180,33554432,557.08,,
0,bench/30gib-7.bin,181,33554432,524.88,,
0,bench/30gib-7.bin,182,33554432,825.88,,
0,bench/30gib-7.bin,183,33554432,375.29,,
0,bench/30gib-7.bin,184,33554432,394.61,,
0,bench/30gib-7.bin,185,33554432,381.53,,
0,bench/30gib-7.bin,186,33554432,406.44,,
0,bench/30gib-7.bin,187,33554432,465.22,,
0,bench/30gib-7.bin,188,33554432,414.29,,
0,bench/30gib-7.bin,189,33554432,363.69,,
0,bench/30gib-7.bin,190,33554432,407.40,,
0,bench/30gib-7.bin,191,33554432,458.32,,
0,bench/30gib-7.bin,192,33554432,360.58,,
0,bench/30gib-7.bin,193,33554432,528.93,,
0,bench/30gib-7.bin,194,33554432,664.68,,
0,bench/30gib-7.bin,195,33554432,374.96,,
0,bench/30gib-7.bin,196,33554432,402.29,,
0,bench/30gib-7.bin,197,33554432,386.33,,
0,bench/30gib-7.bin,198,33554432,369.90,,
0,bench/30gib-7.bin,199,33554432,377.26,,
0,bench/30gib-7.bin,200,33554432,478.36,,
0,bench/30gib-7.bin,201,33554432,356.73,,
0,bench/30gib-7.bin,202,33554432,595.57,,
0,bench/30gib-7.bin,203,33554432,662.01,,
0,bench/30gib-7.bin,204,33554432,358.05,,
0,bench/30gib-7.bin,205,33554432,525.91,,
0,bench/30gib-7.bin,206,33554432,380.56,,
0,bench/30gib-7.bin,207,33554432,707.07,,
0,bench/30gib-7.bin,208,33554432,844.04,,
0,bench/30gib-7.bin,209,33554432,379.98,,
0,bench/30gib-7.bin,210,33554432,496.49,,
0,bench/30gib-7.bin,211,33554432,396.88,,
0,bench/30gib-7.bin,212,33554432,456.11,,
0,bench/30gib-7.bin,213,33554432,531.84,,
0,bench/30gib-7.bin,214,33554432,425.19,,
0,bench/30gib-7.bin,215,33554432,444.31,,
0,bench/30gib-7.bin,216,33554432,388.83,,
0,bench/30gib-7.bin,217,33554432,420.52,,
0,bench/30gib-7.bin,218,33554432,344.43,,
0,bench/30gib-7.bin,219,33554432,513.13,,
0,bench/30gib-7.bin,220,33554432,438.62,,
0,bench/30gib-7.bin,221,33554432,446.24,,
0,bench/30gib-7.bin,222,33554432,602.24,,
0,bench/30gib-7.bin,223,33554432,343.46,,
0,bench/30gib-7.bin,224,33554432,343.32,,
0,bench/30gib-7.bin,225,33554432,381.96,,
0,bench/30gib-7.bin,226,33554432,550.07,,
0,bench/30gib-7.bin,227,33554432,463.96,,
0,bench/30gib-7.bin,228,33554432,407.76,,
0,bench/30gib-7.bin,229,33554432,848.25,,
0,bench/30gib-7.bin,230,33554432,349.33,,
0,bench/30gib-7.bin,231,33554432,508.67,,
0,bench/30gib-7.bin,232,33554432,731.95,,
0,bench/30gib-7.bin,233,33554432,459.48,,
0,bench/30gib-7.bin,234,33554432,380.96,,
0,bench/30gib-7.bin,235,33554432,430.97,,
0,bench/30gib-7.bin,236,33554432,507.18,,
0,bench/30gib-7.bin,237,33554432,523.57,,
0,bench/30gib-7.bin,238,33554432,379.05,,
0,bench/30gib-7.bin,239,33554432,387.37,,
0,bench/30gib-7.bin,240,33554432,509.83,,
0,bench/30gib-7.bin,241,33554432,544.73,,
0,bench/30gib-7.bin,242,33554432,462.78,,
0,bench/30gib-7.bin,243,33554432,540.66,,
0,bench/30gib-7.bin,244,33554432,341.97,,
0,bench/30gib-7.bin,245,33554432,369.39,,
0,bench/30gib-7.bin,246,33554432,421.05,,
0,bench/30gib-7.bin,247,33554432,649.04,,
0,bench/30gib-7.bin,248,33554432,490.85,,
0,bench/30gib-7.bin,249,33554432,479.85,,
0,bench/30gib-7.bin,250,33554432,586.59,,
0,bench/30gib-7.bin,251,33554432,470.55,,
0,bench/30gib-7.bin,252,33554432,390.48,,
0,bench/30gib-7.bin,253,33554432,524.08,,
0,bench/30gib-7.bin,254,33554432,342.96,,
0,bench/30gib-7.bin,255,33554432,392.18,,
0,bench/30gib-7.bin,256,33554432,496.77,,
0,bench/30gib-7.bin,257,33554432,350.76,,
0,bench/30gib-7.bin,258,33554432,385.71,,
0,bench/30gib-7.bin,259,33554432,470.29,,
0,bench/30gib-7.bin,260,33554432,480.69,,
0,bench/30gib-7.bin,261,33554432,384.39,,
0,bench/30gib-7.bin,262,33554432,367.82,,
0,bench/30gib-7.bin,263,33554432,406.66,,
0,bench/30gib-7.bin,264,33554432,477.81,,
0,bench/30gib-7.bin,265,33554432,554.08,,
0,bench/30gib-7.bin,266,33554432,502.88,,
0,bench/30gib-7.bin,267,33554432,499.99,,
0,bench/30gib-7.bin,268,33554432,349.77,,
0,bench/30gib-7.bin,269,33554432,372.90,,
0,bench/30gib-7.bin,270,33554432,453.65,,
0,bench/30gib-7.bin,271,33554432,462.73,,
0,bench/30gib-7.bin,272,33554432,351.33,,
0,bench/30gib-7.bin,273,33554432,463.45,,
0,bench/30gib-7.bin,274,33554432,448.58,,
0,bench/30gib-7.bin,275,33554432,373.27,,
0,bench/30gib-7.bin,276,33554432,405.88,,
0,bench/30gib-7.bin,277,33554432,420.05,,
0,bench/30gib-7.bin,278,33554432,511.96,,
0,bench/30gib-7.bin,279,33554432,340.59,,
0,bench/30gib-7.bin,280,33554432,755.60,,
0,bench/30gib-7.bin,281,33554432,341.87,,
0,bench/30gib-7.bin,282,33554432,663.67,,
0,bench/30gib-7.bin,283,33554432,442.99,,
0,bench/30gib-7.bin,284,33554432,448.31,,
0,bench/30gib-7.bin,285,33554432,489.89,,
0,bench/30gib-7.bin,286,33554432,931.92,,
0,bench/30gib-7.bin,287,33554432,519.65,,
0,bench/30gib-7.bin,288,33554432,368.75,,
0,bench/30gib-7.bin,289,33554432,517.37,,
0,bench/30gib-7.bin,290,33554432,466.98,,
0,bench/30gib-7.bin,291,33554432,451.74,,
0,bench/30gib-7.bin,292,33554432,471.21,,
0,bench/30gib-7.bin,293,33554432,517.89,,
0,bench/30gib-7.bin,294,33554432,364.86,,
0,bench/30gib-7.bin,295,33554432,433.62,,
0,bench/30gib-7.bin,296,33554432,366.62,,
0,bench/30gib-7.bin,297,33554432,466.18,,
0,bench/30gib-7.bin,298,33554432,474.48,,
0,bench/30gib-7.bin,299,33554432,423.62,,
0,bench/30gib-7.bin,300,33554432,427.51,,
0,bench/30gib-7.bin,301,33554432,463.44,,
0,bench/30gib-7.bin,302,33554432,566.83,,
0,bench/30gib-7.bin,303,33554432,399.09,,
0,bench/30gib-7.bin,304,33554432,504.03,,
0,bench/30gib-7.bin,305,33554432,367.07,,
0,bench/30gib-7.bin,306,33554432,490.25,,
0,bench/30gib-7.bin,307,33554432,436.25,,
0,bench/30gib-7.bin,308,33554432,384.64,,
0,bench/30gib-7.bin,309,33554432,439.63,,
0,bench/30gib-7.bin,310,33554432,494.55,,
0,bench/30gib-7.bin,311,33554432,404.03,,
0,bench/30gib-7.bin,312,33554432,489.62,,
0,bench/30gib-7.bin,313,33554432,569.11,,
0,bench/30gib-7.bin,314,33554432,433.26,,
0,bench/30gib-7.bin,315,33554432,412.74,,
0,bench/30gib-7.bin,316,33554432,514.49,,
0,bench/30gib-7.bin,317,33554432,410.36,,
0,bench/30gib-7.bin,318,33554432,530.46,,
0,bench/30gib-7.bin,319,33554432,378.38,,
0,bench/30gib-7.bin,320,33554432,523.68,,
0,bench/30gib-7.bin,321,33554432,420.53,,
0,bench/30gib-7.bin,322,33554432,375.80,,
0,bench/30gib-7.bin,323,33554432,347.08,,
0,bench/30gib-7.bin,324,33554432,346.93,,
0,bench/30gib-7.bin,325,33554432,438.24,,
0,bench/30gib-7.bin,326,33554432,402.34,,
0,bench/30gib-7.bin,327,33554432,459.07,,
0,bench/30gib-7.bin,328,33554432,467.74,,
0,bench/30gib-7.bin,329,33554432,451.43,,
0,bench/30gib-7.bin,330,33554432,387.44,,
0,bench/30gib-7.bin,331,33554432,394.38,,
0,bench/30gib-7.bin,332,33554432,448.75,,
0,bench/30gib-7.bin,333,33554432,529.72,,
0,bench/30gib-7.bin,334,33554432,476.93,,
0,bench/30gib-7.bin,335,33554432,527.04,,
0,bench/30gib-7.bin,336,33554432,458.12,,
0,bench/30gib-7.bin,337,33554432,478.90,,
0,bench/30gib-7.bin,338,33554432,394.58,,
0,bench/30gib-7.bin,339,33554432,377.03,,
0,bench/30gib-7.bin,340,33554432,666.63,,
0,bench/30gib-7.bin,341,33554432,524.66,,
0,bench/30gib-7.bin,342,33554432,538.32,,
0,bench/30gib-7.bin,343,33554432,511.20,,
0,bench/30gib-7.bin,344,33554432,479.91,,
0,bench/30gib-7.bin,345,33554432,390.64,,
0,bench/30gib-7.bin,346,33554432,429.78,,
0,bench/30gib-7.bin,347,33554432,531.40,,
0,bench/30gib-7.bin,348,33554432,472.49,,
0,bench/30gib-7.bin,349,33554432,340.39,,
0,bench/30gib-7.bin,350,33554432,404.75,,
0,bench/30gib-7.bin,351,33554432,364.52,,
0,bench/30gib-7.bin,352,33554432,459.39,,
0,bench/30gib-7.bin,353,33554432,554.44,,
0,bench/30gib-7.bin,354,33554432,495.92,,
0,bench/30gib-7.bin,355,33554432,538.11,,
0,bench/30gib-7.bin,356,33554432,348.68,,
0,bench/30gib-7.bin,357,33554432,475.57,,
0,bench/30gib-7.bin,358,33554432,577.09,,
0,bench/30gib-7.bin,359,33554432,508.84,,
0,bench/30gib-7.bin,360,33554432,378.19,,
0,bench/30gib-7.bin,361,33554432,427.19,,
0,bench/30gib-7.bin,362,33554432,378.38,,
0,bench/30gib-7.bin,363,33554432,343.52,,
0,bench/30gib-7.bin,364,33554432,490.24,,
0,bench/30gib-7.bin,365,33554432,340.96,,
0,bench/30gib-7.bin,366,33554432,470.69,,
0,bench/30gib-7.bin,367,33554432,372.32,,
0,bench/30gib-7.bin,368,33554432,350.79,,
0,bench/30gib-7.bin,369,33554432,474.76,,
0,bench/30gib-7.bin,370,33554432,472.07,,
0,bench/30gib-7.bin,371,33554432,539.13,,
0,bench/30gib-7.bin,372,33554432,370.47,,
0,bench/30gib-7.bin,373,33554432,345.22,,
0,bench/30gib-7.bin,374,33554432,365.78,,
0,bench/30gib-7.bin,375,33554432,406.66,,
0,bench/30gib-7.bin,376,33554432,839.63,,
0,bench/30gib-7.bin,377,33554432,420.32,,
0,bench/30gib-7.bin,378,33554432,501.08,,
0,bench/30gib-7.bin,379,33554432,422.53,,
0,bench/30gib-7.bin,380,33554432,432.33,,
0,bench/30gib-7.bin,381,33554432,513.57,,
0,bench/30gib-7.bin,382,33554432,527.65,,
0,bench/30gib-7.bin,383,33554432,650.32,,
0,bench/30gib-7.bin,384,33554432,389.64,,
0,bench/30gib-7.bin,385,33554432,349.08,,
0,bench/30gib-7.bin,386,33554432,351.73,,
0,bench/30gib-7.bin,387,33554432,423.46,,
0,bench/30gib-7.bin,388,33554432,436.46,,
0,bench/30gib-7.bin,389,33554432,520.97,,
0,bench/30gib-7.bin,390,33554432,756.83,,
0,bench/30gib-7.bin,391,33554432,439.21,,
0,bench/30gib-7.bin,392,33554432,480.98,,
0,bench/30gib-7.bin,393,33554432,420.91,,
0,bench/30gib-7.bin,394,33554432,381.61,,
0,bench/30gib-7.bin,395,33554432,565.63,,
0,bench/30gib-7.bin,396,33554432,1138.10,,
0,bench/30gib-7.bin,397,33554432,429.90,,
0,bench/30gib-7.bin,398,33554432,362.00,,
0,bench/30gib-7.bin,399,33554432,341.36,,
0,bench/30gib-7.bin,400,33554432,439.67,,
0,bench/30gib-7.bin,401,33554432,425.10,,
0,bench/30gib-7.bin,402,33554432,522.30,,
0,bench/30gib-7.bin,403,33554432,370.73,,
0,bench/30gib-7.bin,404,33554432,501.97,,
0,bench/30gib-7.bin,405,33554432,510.93,,
0,bench/30gib-7.bin,406,33554432,406.88,,
0,bench/30gib-7.bin,407,33554432,469.58,,
0,bench/30gib-7.bin,408,33554432,423.75,,
0,bench/30gib-7.bin,409,33554432,447.29,,
0,bench/30gib-7.bin,410,33554432,342.94,,
0,bench/30gib-7.bin,411,33554432,448.81,,
0,bench/30gib-7.bin,412,33554432,440.47,,
0,bench/30gib-7.bin,413,33554432,379.23,,
0,bench/30gib-7.bin,414,33554432,427.28,,
0,bench/30gib-7.bin,415,33554432,553.85,,
0,bench/30gib-7.bin,416,33554432,349.41,,
0,bench/30gib-7.bin,417,33554432,536.67,,
0,bench/30gib-7.bin,418,33554432,423.95,,
0,bench/30gib-7.bin,419,33554432,505.19,,
0,bench/30gib-7.bin,420,33554432,584.50,,
0,bench/30gib-7.bin,421,33554432,407.54,,
0,bench/30gib-7.bin,422,33554432,438.02,,
0,bench/30gib-7.bin,423,33554432,388.04,,
0,bench/30gib-7.bin,424,33554432,390.50,,
0,bench/30gib-7.bin,425,33554432,395.44,,
0,bench/30gib-7.bin,426,33554432,640.47,,
0,bench/30gib-7.bin,427,33554432,345.03,,
0,bench/30gib-7.bin,428,33554432,367.31,,
0,bench/30gib-7.bin,429,33554432,345.58,,
0,bench/30gib-7.bin,430,33554432,462.68,,
0,bench/30gib-7.bin,431,33554432,538.27,,
0,bench/30gib-7.bin,432,33554432,452.91,,
0,bench/30gib-7.bin,433,33554432,550.23,,
0,bench/30gib-7.bin,434,33554432,507.82,,
0,bench/30gib-7.bin,435,33554432,610.58,,
0,bench/30gib-7.bin,436,33554432,564.47,,
0,bench/30gib-7.bin,437,33554432,386.75,,
0,bench/30gib-7.bin,438,33554432,360.15,,
0,bench/30gib-7.bin,439,33554432,399.13,,
0,bench/30gib-7.bin,440,33554432,429.64,,
0,bench/30gib-7.bin,441,33554432,368.94,,
0,bench/30gib-7.bin,442,33554432,509.41,,
0,bench/30gib-7.bin,443,33554432,491.74,,
0,bench/30gib-7.bin,444,33554432,570.19,,
0,bench/30gib-7.bin,445,33554432,557.78,,
0,bench/30gib-7.bin,446,33554432,442.22,,
0,bench/30gib-7.bin,447,33554432,398.13,,
0,bench/30gib-7.bin,448,33554432,431.56,,
0,bench/30gib-7.bin,449,33554432,507.32,,
0,bench/30gib-7.bin,450,33554432,556.59,,
0,bench/30gib-7.bin,451,33554432,526.69,,
0,bench/30gib-7.bin,452,33554432,391.82,,
0,bench/30gib-7.bin,453,33554432,649.40,,
0,bench/30gib-7.bin,454,33554432,352.24,,
0,bench/30gib-7.bin,455,33554432,481.04,,
0,bench/30gib-7.bin,456,33554432,362.64,,
0,bench/30gib-7.bin,457,33554432,767.69,,
0,bench/30gib-7.bin,458,33554432,871.80,,
0,bench/30gib-7.bin,459,33554432,412.93,,
0,bench/30gib-7.bin,460,33554432,409.00,,
0,bench/30gib-7.bin,461,33554432,409.57,,
0,bench/30gib-7.bin,462,33554432,472.20,,
0,bench/30gib-7.bin,463,33554432,364.49,,
0,bench/30gib-7.bin,464,33554432,581.06,,
0,bench/30gib-7.bin,465,33554432,479.81,,
0,bench/30gib-7.bin,466,33554432,506.29,,
0,bench/30gib-7.bin,467,33554432,543.50,,
0,bench/30gib-7.bin,468,33554432,346.10,,
0,bench/30gib-7.bin,469,33554432,429.46,,
0,bench/30gib-7.bin,470,33554432,615.55,,
0,bench/30gib-7.bin,471,33554432,424.19,,
0,bench/30gib-7.bin,472,33554432,548.80,,
0,bench/30gib-7.bin,473,33554432,380.53,,
0,bench/30gib-7.bin,474,33554432,346.00,,
0,bench/30gib-7.bin,475,33554432,365.78,,
0,bench/30gib-7.bin,476,33554432,466.75,,
0,bench/30gib-7.bin,477,33554432,509.49,,
0,bench/30gib-7.bin,478,33554432,436.14,,
0,bench/30gib-7.bin,479,33554432,377.50,,
0,bench/30gib-7.bin,480,33554432,380.08,,
0,bench/30gib-7.bin,481,33554432,341.01,,
0,bench/30gib-7.bin,482,33554432,471.05,,
0,bench/30gib-7.bin,483,33554432,450.88,,
0,bench/30gib-7.bin,484,33554432,342.12,,
0,bench/30gib-7.bin,485,33554432,442.78,,
0,bench/30gib-7.bin,486,33554432,446.14,,
0,bench/30gib-7.bin,487,33554432,435.11,,
0,bench/30gib-7.bin,488,33554432,389.94,,
0,bench/30gib-7.bin,489,33554432,534.78,,
0,bench/30gib-7.bin,490,33554432,402.43,,
0,bench/30gib-7.bin,491,33554432,342.58,,
0,bench/30gib-7.bin,492,33554432,856.43,,
0,bench/30gib-7.bin,493,33554432,576.52,,
0,bench/30gib-7.bin,494,33554432,581.74,,
0,bench/30gib-7.bin,495,33554432,567.34,,
0,bench/30gib-7.bin,496,33554432,392.18,,
0,bench/30gib-7.bin,497,33554432,398.48,,
0,bench/30gib-7.bin,498,33554432,511.39,,
0,bench/30gib-7.bin,499,33554432,508.90,,
0,bench/30gib-7.bin,500,33554432,513.16,,
0,bench/30gib-7.bin,501,33554432,453.38,,
0,bench/30gib-7.bin,502,33554432,565.01,,
0,bench/30gib-7.bin,503,33554432,591.40,,
0,bench/30gib-7.bin,504,33554432,509.61,,
0,bench/30gib-7.bin,505,33554432,448.80,,
0,bench/30gib-7.bin,506,33554432,403.93,,
0,bench/30gib-7.bin,507,33554432,496.72,,
0,bench/30gib-7.bin,508,33554432,906.00,,
0,bench/30gib-7.bin,509,33554432,499.08,,
0,bench/30gib-7.bin,510,33554432,442.89,,
0,bench/30gib-7.bin,511,33554432,360.48,,
0,bench/30gib-7.bin,512,33554432,548.79,,
0,bench/30gib-7.bin,513,33554432,516.43,,
0,bench/30gib-7.bin,514,33554432,488.75,,
0,bench/30gib-7.bin,515,33554432,376.83,,
0,bench/30gib-7.bin,516,33554432,478.17,,
0,bench/30gib-7.bin,517,33554432,443.00,,
0,bench/30gib-7.bin,518,33554432,394.14,,
0,bench/30gib-7.bin,519,33554432,351.40,,
0,bench/30gib-7.bin,520,33554432,383.89,,
0,bench/30gib-7.bin,521,33554432,535.69,,
0,bench/30gib-7.bin,522,33554432,377.78,,
0,bench/30gib-7.bin,523,33554432,526.88,,
0,bench/30gib-7.bin,524,33554432,367.48,,
0,bench/30gib-7.bin,525,33554432,499.25,,
0,bench/30gib-7.bin,526,33554432,393.30,,
0,bench/30gib-7.bin,527,33554432,578.73,,
0,bench/30gib-7.bin,528,33554432,398.45,,
0,bench/30gib-7.bin,529,33554432,455.41,,
0,bench/30gib-7.bin,530,33554432,636.73,,
0,bench/30gib-7.bin,531,33554432,404.52,,
0,bench/30gib-7.bin,532,33554432,369.22,,
0,bench/30gib-7.bin,533,33554432,379.90,,
0,bench/30gib-7.bin,534,33554432,385.12,,
0,bench/30gib-7.bin,535,33554432,664.92,,
0,bench/30gib-7.bin,536,33554432,346.10,,
0,bench/30gib-7.bin,537,33554432,418.82,,
0,bench/30gib-7.bin,538,33554432,494.59,,
0,bench/30gib-7.bin,539,33554432,437.81,,
0,bench/30gib-7.bin,540,33554432,549.71,,
0,bench/30gib-7.bin,541,33554432,475.04,,
0,bench/30gib-7.bin,542,33554432,340.94,,
0,bench/30gib-7.bin,543,33554432,537.98,,
0,bench/30gib-7.bin,544,33554432,341.36,,
0,bench/30gib-7.bin,545,33554432,430.07,,
0,bench/30gib-7.bin,546,33554432,713.40,,
0,bench/30gib-7.bin,547,33554432,371.12,,
0,bench/30gib-7.bin,548,33554432,465.47,,
0,bench/30gib-7.bin,549,33554432,504.88,,
0,bench/30gib-7.bin,550,33554432,456.39,,
0,bench/30gib-7.bin,551,33554432,509.63,,
0,bench/30gib-7.bin,552,33554432,390.76,,
0,bench/30gib-7.bin,553,33554432,415.60,,
0,bench/30gib-7.bin,554,33554432,547.57,,
0,bench/30gib-7.bin,555,33554432,622.90,,
0,bench/30gib-7.bin,556,33554432,481.24,,
0,bench/30gib-7.bin,557,33554432,347.76,,
0,bench/30gib-7.bin,558,33554432,494.06,,
0,bench/30gib-7.bin,559,33554432,571.50,,
0,bench/30gib-7.bin,560,33554432,475.99,,
0,bench/30gib-7.bin,561,33554432,774.80,,
0,bench/30gib-7.bin,562,33554432,387.07,,
0,bench/30gib-7.bin,563,33554432,678.63,,
0,bench/30gib-7.bin,564,33554432,580.65,,
0,bench/30gib-7.bin,565,33554432,405.23,,
0,bench/30gib-7.bin,566,33554432,436.14,,
0,bench/30gib-7.bin,567,33554432,377.63,,
0,bench/30gib-7.bin,568,33554432,626.97,,
0,bench/30gib-7.bin,569,33554432,351.41,,
0,bench/30gib-7.bin,570,33554432,472.98,,
0,bench/30gib-7.bin,571,33554432,366.56,,
0,bench/30gib-7.bin,572,33554432,443.50,,
0,bench/30gib-7.bin,573,33554432,771.55,,
0,bench/30gib-7.bin,574,33554432,358.81,,
0,bench/30gib-7.bin,575,33554432,368.49,,
0,bench/30gib-7.bin,576,33554432,456.29,,
0,bench/30gib-7.bin,577,33554432,434.08,,
0,bench/30gib-7.bin,578,33554432,343.43,,
0,bench/30gib-7.bin,579,33554432,404.85,,
0,bench/30gib-7.bin,580,33554432,487.96,,
0,bench/30gib-7.bin,581,33554432,453.81,,
0,bench/30gib-7.bin,582,33554432,362.32,,
0,bench/30gib-7.bin,583,33554432,359.16,,
0,bench/30gib-7.bin,584,33554432,443.99,,
0,bench/30gib-7.bin,585,33554432,428.50,,
0,bench/30gib-7.bin,586,33554432,557.50,,
0,bench/30gib-7.bin,587,33554432,406.80,,
0,bench/30gib-7.bin,588,33554432,414.49,,
0,bench/30gib-7.bin,589,33554432,379.27,,
0,bench/30gib-7.bin,590,33554432,598.52,,
0,bench/30gib-7.bin,591,33554432,495.27,,
0,bench/30gib-7.bin,592,33554432,545.28,,
0,bench/30gib-7.bin,593,33554432,340.75,,
0,bench/30gib-7.bin,594,33554432,344.55,,
0,bench/30gib-7.bin,595,33554432,577.17,,
0,bench/30gib-7.bin,596,33554432,620.60,,
0,bench/30gib-7.bin,597,33554432,514.63,,
0,bench/30gib-7.bin,598,33554432,545.81,,
0,bench/30gib-7.bin,599,33554432,341.34,,
0,bench/30gib-7.bin,600,33554432,407.63,,
0,bench/30gib-7.bin,601,33554432,378.13,,
0,bench/30gib-7.bin,602,33554432,748.95,,
0,bench/30gib-7.bin,603,33554432,544.19,,
0,bench/30gib-7.bin,604,33554432,479.43,,
0,bench/30gib-7.bin,605,33554432,342.27,,
0,bench/30gib-7.bin,606,33554432,1051.21,,
0,bench/30gib-7.bin,607,33554432,581.75,,
0,bench/30gib-7.bin,608,33554432,412.29,,
0,bench/30gib-7.bin,609,33554432,378.19,,
0,bench/30gib-7.bin,610,33554432,434.84,,
0,bench/30gib-7.bin,611,33554432,413.56,,
0,bench/30gib-7.bin,612,33554432,499.46,,
0,bench/30gib-7.bin,613,33554432,389.86,,
0,bench/30gib-7.bin,614,33554432,454.47,,
0,bench/30gib-7.bin,615,33554432,362.65,,
0,bench/30gib-7.bin,616,33554432,477.12,,
0,bench/30gib-7.bin,617,33554432,551.51,,
0,bench/30gib-7.bin,618,33554432,414.64,,
0,bench/30gib-7.bin,619,33554432,369.39,,
0,bench/30gib-7.bin,620,33554432,365.05,,
0,bench/30gib-7.bin,621,33554432,605.24,,
0,bench/30gib-7.bin,622,33554432,343.58,,
0,bench/30gib-7.bin,623,33554432,477.79,,
0,bench/30gib-7.bin,624,33554432,487.76,,
0,bench/30gib-7.bin,625,33554432,449.40,,
0,bench/30gib-7.bin,626,33554432,676.91,,
0,bench/30gib-7.bin,627,33554432,736.91,,
0,bench/30gib-7.bin,628,33554432,467.21,,
0,bench/30gib-7.bin,629,33554432,968.97,,
0,bench/30gib-7.bin,630,33554432,571.46,,
0,bench/30gib-7.bin,631,33554432,383.74,,
0,bench/30gib-7.bin,632,33554432,346.57,,
0,bench/30gib-7.bin,633,33554432,394.94,,
0,bench/30gib-7.bin,634,33554432,385.47,,
0,bench/30gib-7.bin,635,33554432,429.97,,
0,bench/30gib-7.bin,636,33554432,427.16,,
0,bench/30gib-7.bin,637,33554432,372.85,,
0,bench/30gib-7.bin,638,33554432,355.37,,
0,bench/30gib-7.bin,639,33554432,487.71,,
0,bench/30gib-7.bin,640,33554432,526.25,,
0,bench/30gib-7.bin,641,33554432,342.42,,
0,bench/30gib-7.bin,642,33554432,417.92,,
0,bench/30gib-7.bin,643,33554432,515.00,,
0,bench/30gib-7.bin,644,33554432,466.36,,
0,bench/30gib-7.bin,645,33554432,463.45,,
0,bench/30gib-7.bin,646,33554432,342.46,,
0,bench/30gib-7.bin,647,33554432,504.31,,
0,bench/30gib-7.bin,648,33554432,371.48,,
0,bench/30gib-7.bin,649,33554432,514.51,,
0,bench/30gib-7.bin,650,33554432,388.24,,
0,bench/30gib-7.bin,651,33554432,373.19,,
0,bench/30gib-7.bin,652,33554432,414.56,,
0,bench/30gib-7.bin,653,33554432,383.10,,
0,bench/30gib-7.bin,654,33554432,481.38,,
0,bench/30gib-7.bin,655,33554432,571.95,,
0,bench/30gib-7.bin,656,33554432,443.41,,
0,bench/30gib-7.bin,657,33554432,541.71,,
0,bench/30gib-7.bin,658,33554432,343.00,,
0,bench/30gib-7.bin,659,33554432,1008.02,,
0,bench/30gib-7.bin,660,33554432,411.85,,
0,bench/30gib-7.bin,661,33554432,343.50,,
0,bench/30gib-7.bin,662,33554432,562.24,,
0,bench/30gib-7.bin,663,33554432,374.07,,
0,bench/30gib-7.bin,664,33554432,665.33,,
0,bench/30gib-7.bin,665,33554432,465.02,,
0,bench/30gib-7.bin,666,33554432,535.01,,
0,bench/30gib-7.bin,667,33554432,377.53,,
0,bench/30gib-7.bin,668,33554432,557.20,,
0,bench/30gib-7.bin,669,33554432,398.51,,
0,bench/30gib-7.bin,670,33554432,439.02,,
0,bench/30gib-7.bin,671,33554432,545.83,,
0,bench/30gib-7.bin,672,33554432,494.84,,
0,bench/30gib-7.bin,673,33554432,358.98,,
0,bench/30gib-7.bin,674,33554432,347.54,,
0,bench/30gib-7.bin,675,33554432,387.11,,
0,bench/30gib-7.bin,676,33554432,344.81,,
0,bench/30gib-7.bin,677,33554432,438.99,,
0,bench/30gib-7.bin,678,33554432,377.81,,
0,bench/30gib-7.bin,679,33554432,493.21,,
0,bench/30gib-7.bin,680,33554432,531.81,,
0,bench/30gib-7.bin,681,33554432,507.41,,
0,bench/30gib-7.bin,682,33554432,553.45,,
0,bench/30gib-7.bin,683,33554432,423.10,,
0,bench/30gib-7.bin,684,33554432,356.16,,
0,bench/30gib-7.bin,685,33554432,524.96,,
0,bench/30gib-7.bin,686,33554432,348.22,,
0,bench/30gib-7.bin,687,33554432,445.67,,
0,bench/30gib-7.bin,688,33554432,462.75,,
0,bench/30gib-7.bin,689,33554432,353.17,,
0,bench/30gib-7.bin,690,33554432,399.59,,
0,bench/30gib-7.bin,691,33554432,383.97,,
0,bench/30gib-7.bin,692,33554432,478.37,,
0,bench/30gib-7.bin,693,33554432,362.90,,
0,bench/30gib-7.bin,694,33554432,342.32,,
0,bench/30gib-7.bin,695,33554432,507.06,,
0,bench/30gib-7.bin,696,33554432,435.48,,
0,bench/30gib-7.bin,697,33554432,418.20,,
0,bench/30gib-7.bin,698,33554432,392.48,,
0,bench/30gib-7.bin,699,33554432,491.59,,
0,bench/30gib-7.bin,700,33554432,1194.00,,
0,bench/30gib-7.bin,701,33554432,636.11,,
0,bench/30gib-7.bin,702,33554432,524.25,,
0,bench/30gib-7.bin,703,33554432,425.94,,
0,bench/30gib-7.bin,704,33554432,424.47,,
0,bench/30gib-7.bin,705,33554432,413.97,,
0,bench/30gib-7.bin,706,33554432,570.97,,
0,bench/30gib-7.bin,707,33554432,538.11,,
0,bench/30gib-7.bin,708,33554432,451.64,,
0,bench/30gib-7.bin,709,33554432,392.54,,
0,bench/30gib-7.bin,710,33554432,473.14,,
0,bench/30gib-7.bin,711,33554432,394.86,,
0,bench/30gib-7.bin,712,33554432,539.91,,
0,bench/30gib-7.bin,713,33554432,427.10,,
0,bench/30gib-7.bin,714,33554432,491.34,,
0,bench/30gib-7.bin,715,33554432,542.53,,
0,bench/30gib-7.bin,716,33554432,559.24,,
0,bench/30gib-7.bin,717,33554432,638.88,,
0,bench/30gib-7.bin,718,33554432,645.05,,
0,bench/30gib-7.bin,719,33554432,484.46,,
0,bench/30gib-7.bin,720,33554432,348.73,,
0,bench/30gib-7.bin,721,33554432,463.93,,
0,bench/30gib-7.bin,722,33554432,878.84,,
0,bench/30gib-7.bin,723,33554432,369.53,,
0,bench/30gib-7.bin,724,33554432,554.41,,
0,bench/30gib-7.bin,725,33554432,566.42,,
0,bench/30gib-7.bin,726,33554432,433.02,,
0,bench/30gib-7.bin,727,33554432,414.24,,
0,bench/30gib-7.bin,728,33554432,391.53,,
0,bench/30gib-7.bin,729,33554432,620.83,,
0,bench/30gib-7.bin,730,33554432,500.82,,
0,bench/30gib-7.bin,731,33554432,343.09,,
0,bench/30gib-7.bin,732,33554432,341.53,,
0,bench/30gib-7.bin,733,33554432,418.83,,
0,bench/30gib-7.bin,734,33554432,548.87,,
0,bench/30gib-7.bin,735,33554432,513.60,,
0,bench/30gib-7.bin,736,33554432,470.07,,
0,bench/30gib-7.bin,737,33554432,659.23,,
0,bench/30gib-7.bin,738,33554432,373.31,,
0,bench/30gib-7.bin,739,33554432,571.56,,
0,bench/30gib-7.bin,740,33554432,567.50,,
0,bench/30gib-7.bin,741,33554432,371.83,,
0,bench/30gib-7.bin,742,33554432,439.22,,
0,bench/30gib-7.bin,743,33554432,492.46,,
0,bench/30gib-7.bin,744,33554432,492.03,,
0,bench/30gib-7.bin,745,33554432,432.21,,
0,bench/30gib-7.bin,746,33554432,411.74,,
0,bench/30gib-7.bin,747,33554432,506.56,,
0,bench/30gib-7.bin,748,33554432,547.05,,
0,bench/30gib-7.bin,749,33554432,474.87,,
0,bench/30gib-7.bin,750,33554432,502.10,,
0,bench/30gib-7.bin,751,33554432,601.57,,
0,bench/30gib-7.bin,752,33554432,376.15,,
0,bench/30gib-7.bin,753,33554432,467.65,,
0,bench/30gib-7.bin,754,33554432,351.53,,
0,bench/30gib-7.bin,755,33554432,395.90,,
0,bench/30gib-7.bin,756,33554432,535.94,,
0,bench/30gib-7.bin,757,33554432,429.21,,
0,bench/30gib-7.bin,758,33554432,503.15,,
0,bench/30gib-7.bin,759,33554432,456.43,,
0,bench/30gib-7.bin,760,33554432,512.82,,
0,bench/30gib-7.bin,761,33554432,514.15,,
0,bench/30gib-7.bin,762,33554432,410.01,,
0,bench/30gib-7.bin,763,33554432,368.36,,
0,bench/30gib-7.bin,764,33554432,371.14,,
0,bench/30gib-7.bin,765,33554432,364.55,,
0,bench/30gib-7.bin,766,33554432,467.85,,
0,bench/30gib-7.bin,767,33554432,395.75,,
0,bench/30gib-7.bin,768,33554432,483.50,,
0,bench/30gib-7.bin,769,33554432,446.39,,
0,bench/30gib-7.bin,770,33554432,413.39,,
0,bench/30gib-7.bin,771,33554432,459.38,,
0,bench/30gib-7.bin,772,33554432,439.99,,
0,bench/30gib-7.bin,773,33554432,403.49,,
0,bench/30gib-7.bin,774,33554432,397.05,,
0,bench/30gib-7.bin,775,33554432,582.06,,
0,bench/30gib-7.bin,776,33554432,546.66,,
0,bench/30gib-7.bin,777,33554432,536.90,,
0,bench/30gib-7.bin,778,33554432,527.51,,
0,bench/30gib-7.bin,779,33554432,397.55,,
0,bench/30gib-7.bin,780,33554432,488.62,,
0,bench/30gib-7.bin,781,33554432,462.91,,
0,bench/30gib-7.bin,782,33554432,1686.31,,
0,bench/30gib-7.bin,783,33554432,517.84,,
0,bench/30gib-7.bin,784,33554432,415.32,,
0,bench/30gib-7.bin,785,33554432,345.70,,
0,bench/30gib-7.bin,786,33554432,409.09,,
0,bench/30gib-7.bin,787,33554432,487.10,,
0,bench/30gib-7.bin,788,33554432,443.96,,
0,bench/30gib-7.bin,789,33554432,422.09,,
0,bench/30gib-7.bin,790,33554432,463.99,,
0,bench/30gib-7.bin,791,33554432,469.86,,
0,bench/30gib-7.bin,792,33554432,443.33,,
0,bench/30gib-7.bin,793,33554432,590.96,,
0,bench/30gib-7.bin,794,33554432,530.50,,
0,bench/30gib-7.bin,795,33554432,506.22,,
0,bench/30gib-7.bin,796,33554432,371.74,,
0,bench/30gib-7.bin,797,33554432,401.30,,
0,bench/30gib-7.bin,798,33554432,625.79,,
0,bench/30gib-7.bin,799,33554432,488.49,,
0,bench/30gib-7.bin,800,33554432,451.29,,
0,bench/30gib-7.bin,801,33554432,370.71,,
0,bench/30gib-7.bin,802,33554432,423.00,,
0,bench/30gib-7.bin,803,33554432,377.61,,
0,bench/30gib-7.bin,804,33554432,346.17,,
0,bench/30gib-7.bin,805,33554432,691.07,,
0,bench/30gib-7.bin,806,33554432,514.56,,
0,bench/30gib-7.bin,807,33554432,453.58,,
0,bench/30gib-7.bin,808,33554432,388.07,,
0,bench/30gib-7.bin,809,33554432,435.47,,
0,bench/30gib-7.bin,810,33554432,426.07,,
0,bench/30gib-7.bin,811,33554432,476.51,,
0,bench/30gib-7.bin,812,33554432,483.91,,
0,bench/30gib-7.bin,813,33554432,395.16,,
0,bench/30gib-7.bin,814,33554432,383.01,,
0,bench/30gib-7.bin,815,33554432,1058.11,,
0,bench/30gib-7.bin,816,33554432,347.66,,
0,bench/30gib-7.bin,817,33554432,482.45,,
0,bench/30gib-7.bin,818,33554432,867.77,,
0,bench/30gib-7.bin,819,33554432,395.50,,
0,bench/30gib-7.bin,820,33554432,401.94,,
0,bench/30gib-7.bin,821,33554432,556.98,,
0,bench/30gib-7.bin,822,33554432,507.00,,
0,bench/30gib-7.bin,823,33554432,520.48,,
0,bench/30gib-7.bin,824,33554432,595.45,,
0,bench/30gib-7.bin,825,33554432,545.09,,
0,bench/30gib-7.bin,826,33554432,384.51,,
0,bench/30gib-7.bin,827,33554432,512.53,,
0,bench/30gib-7.bin,828,33554432,387.74,,
0,bench/30gib-7.bin,829,33554432,361.61,,
0,bench/30gib-7.bin,830,33554432,498.28,,
0,bench/30gib-7.bin,831,33554432,565.45,,
0,bench/30gib-7.bin,832,33554432,563.90,,
0,bench/30gib-7.bin,833,33554432,460.66,,
0,bench/30gib-7.bin,834,33554432,403.32,,
0,bench/30gib-7.bin,835,33554432,341.72,,
0,bench/30gib-7.bin,836,33554432,383.54,,
0,bench/30gib-7.bin,837,33554432,465.84,,
0,bench/30gib-7.bin,838,33554432,446.53,,
0,bench/30gib-7.bin,839,33554432,489.60,,
0,bench/30gib-7.bin,840,33554432,601.24,,
0,bench/30gib-7.bin,841,33554432,389.31,,
0,bench/30gib-7.bin,842,33554432,651.01,,
0,bench/30gib-7.bin,843,33554432,494.06,,
0,bench/30gib-7.bin,844,33554432,411.47,,
0,bench/30gib-7.bin,845,33554432,550.57,,
0,bench/30gib-7.bin,846,33554432,547.16,,
0,bench/30gib-7.bin,847,33554432,341.59,,
0,bench/30gib-7.bin,848,33554432,489.35,,
0,bench/30gib-7.bin,849,33554432,488.07,,
0,bench/30gib-7.bin,850,33554432,608.72,,
0,bench/30gib-7.bin,851,33554432,373.26,,
0,bench/30gib-7.bin,852,33554432,405.43,,
0,bench/30gib-7.bin,853,33554432,382.81,,
0,bench/30gib-7.bin,854,33554432,460.61,,
0,bench/30gib-7.bin,855,33554432,444.64,,
0,bench/30gib-7.bin,856,33554432,452.82,,
0,bench/30gib-7.bin,857,33554432,637.39,,
0,bench/30gib-7.bin,858,33554432,636.67,,
0,bench/30gib-7.bin,859,33554432,519.34,,
0,bench/30gib-7.bin,860,33554432,464.29,,
0,bench/30gib-7.bin,861,33554432,346.06,,
0,bench/30gib-7.bin,862,33554432,411.75,,
0,bench/30gib-7.bin,863,33554432,573.57,,
0,bench/30gib-7.bin,864,33554432,434.44,,
0,bench/30gib-7.bin,865,33554432,592.98,,
0,bench/30gib-7.bin,866,33554432,446.70,,
0,bench/30gib-7.bin,867,33554432,402.03,,
0,bench/30gib-7.bin,868,33554432,462.75,,
0,bench/30gib-7.bin,869,33554432,430.73,,
0,bench/30gib-7.bin,870,33554432,361.33,,
0,bench/30gib-7.bin,871,33554432,387.37,,
0,bench/30gib-7.bin,872,33554432,487.58,,
0,bench/30gib-7.bin,873,33554432,418.08,,
0,bench/30gib-7.bin,874,33554432,356.90,,
0,bench/30gib-7.bin,875,33554432,705.33,,
0,bench/30gib-7.bin,876,33554432,397.59,,
0,bench/30gib-7.bin,877,33554432,419.96,,
0,bench/30gib-7.bin,878,33554432,380.67,,
0,bench/30gib-7.bin,879,33554432,416.27,,
0,bench/30gib-7.bin,880,33554432,1030.43,,
0,bench/30gib-7.bin,881,33554432,344.08,,
0,bench/30gib-7.bin,882,33554432,351.49,,
0,bench/30gib-7.bin,883,33554432,750.91,,
0,bench/30gib-7.bin,884,33554432,347.84,,
0,bench/30gib-7.bin,885,33554432,342.08,,
0,bench/30gib-7.bin,886,33554432,357.96,,
0,bench/30gib-7.bin,887,33554432,403.57,,
0,bench/30gib-7.bin,888,33554432,352.38,,
0,bench/30gib-7.bin,889,33554432,572.40,,
0,bench/30gib-7.bin,890,33554432,452.17,,
0,bench/30gib-7.bin,891,33554432,445.95,,
0,bench/30gib-7.bin,892,33554432,486.40,,
0,bench/30gib-7.bin,893,33554432,428.31,,
0,bench/30gib-7.bin,894,33554432,556.94,,
0,bench/30gib-7.bin,895,33554432,354.17,,
0,bench/30gib-7.bin,896,33554432,516.12,,
0,bench/30gib-7.bin,897,33554432,458.30,,
0,bench/30gib-7.bin,898,33554432,496.33,,
0,bench/30gib-7.bin,899,33554432,489.98,,
0,bench/30gib-7.bin,900,33554432,502.52,,
0,bench/30gib-7.bin,901,33554432,510.35,,
0,bench/30gib-7.bin,902,33554432,383.36,,
0,bench/30gib-7.bin,903,33554432,393.90,,
0,bench/30gib-7.bin,904,33554432,508.51,,
0,bench/30gib-7.bin,905,33554432,519.87,,
0,bench/30gib-7.bin,906,33554432,471.68,,
0,bench/30gib-7.bin,907,33554432,617.59,,
0,bench/30gib-7.bin,908,33554432,502.16,,
0,bench/30gib-7.bin,909,33554432,539.06,,
0,bench/30gib-7.bin,910,33554432,427.87,,
0,bench/30gib-7.bin,911,33554432,400.89,,
0,bench/30gib-7.bin,912,33554432,342.35,,
0,bench/30gib-7.bin,913,33554432,341.70,,
0,bench/30gib-7.bin,914,33554432,493.43,,
0,bench/30gib-7.bin,915,33554432,379.12,,
0,bench/30gib-7.bin,916,33554432,353.66,,
0,bench/30gib-7.bin,917,33554432,544.87,,
0,bench/30gib-7.bin,918,33554432,352.30,,
0,bench/30gib-7.bin,919,33554432,368.90,,
0,bench/30gib-7.bin,920,33554432,438.95,,
0,bench/30gib-7.bin,921,33554432,444.24,,
0,bench/30gib-7.bin,922,33554432,486.52,,
0,bench/30gib-7.bin,923,33554432,486.87,,
0,bench/30gib-7.bin,924,33554432,368.14,,
0,bench/30gib-7.bin,925,33554432,429.12,,
0,bench/30gib-7.bin,926,33554432,361.04,,
0,bench/30gib-7.bin,927,33554432,453.76,,
0,bench/30gib-7.bin,928,33554432,503.83,,
0,bench/30gib-7.bin,929,33554432,348.48,,
0,bench/30gib-7.bin,930,33554432,598.16,,
0,bench/30gib-7.bin,931,33554432,545.55,,
0,bench/30gib-7.bin,932,33554432,340.75,,
0,bench/30gib-7.bin,933,33554432,462.37,,
0,bench/30gib-7.bin,934,33554432,435.78,,
0,bench/30gib-7.bin,935,33554432,444.66,,
0,bench/30gib-7.bin,936,33554432,481.94,,
0,bench/30gib-7.bin,937,33554432,393.43,,
0,bench/30gib-7.bin,938,33554432,415.54,,
0,bench/30gib-7.bin,939,33554432,484.49,,
0,bench/30gib-7.bin,940,33554432,462.40,,
0,bench/30gib-7.bin,941,33554432,452.55,,
0,bench/30gib-7.bin,942,33554432,454.63,,
0,bench/30gib-7.bin,943,33554432,403.11,,
0,bench/30gib-7.bin,944,33554432,433.63,,
0,bench/30gib-7.bin,945,33554432,894.31,,
0,bench/30gib-7.bin,946,33554432,407.32,,
0,bench/30gib-7.bin,947,33554432,466.80,,
0,bench/30gib-7.bin,948,33554432,601.56,,
0,bench/30gib-7.bin,949,33554432,581.68,,
0,bench/30gib-7.bin,950,33554432,367.34,,
0,bench/30gib-7.bin,951,33554432,554.18,,
0,bench/30gib-7.bin,952,33554432,341.30,,
0,bench/30gib-7.bin,953,33554432,392.36,,
0,bench/30gib-7.bin,954,33554432,460.68,,
0,bench/30gib-7.bin,955,33554432,394.88,,
0,bench/30gib-7.bin,956,33554432,373.80,,
0,bench/30gib-7.bin,957,33554432,434.03,,
0,bench/30gib-7.bin,958,33554432,460.65,,
0,bench/30gib-7.bin,959,33554432,382.48,,
0,bench/30gib-7.bin,960,33554432,552.11,,
0,bench/30gib-8.bin,1,33554432,1591.38,,
0,bench/30gib-8.bin,2,33554432,1282.08,,
0,bench/30gib-8.bin,3,33554432,988.09,,
0,bench/30gib-8.bin,4,33554432,1213.26,,
0,bench/30gib-8.bin,5,33554432,1831.46,,
0,bench/30gib-8.bin,6,33554432,1670.58,,
0,bench/30gib-8.bin,7,33554432,1391.31,,
0,bench/30gib-8.bin,8,33554432,1575.58,,
0,bench/30gib-8.bin,9,33554432,1732.29,,
0,bench/30gib-8.bin,10,33554432,1006.47,,
0,bench/30gib-8.bin,11,33554432,1135.46,,
0,bench/30gib-8.bin,12,33554432,1142.49,,
0,bench/30gib-8.bin,13,33554432,821.96,,
0,bench/30gib-8.bin,14,33554432,1235.93,,
0,bench/30gib-8.bin,15,33554432,1557.96,,
0,bench/30gib-8.bin,16,33554432,1894.23,,
0,bench/30gib-8.bin,17,33554432,1364.29,,
0,bench/30gib-8.bin,18,33554432,2043.16,,
0,bench/30gib-8.bin,19,33554432,1697.44,,
0,bench/30gib-8.bin,20,33554432,1121.08,,
0,bench/30gib-8.bin,21,33554432,949.43,,
0,bench/30gib-8.bin,22,33554432,1241.37,,
0,bench/30gib-8.bin,23,33554432,1190.08,,
0,bench/30gib-8.bin,24,33554432,788.16,,
0,bench/30gib-8.bin,25,33554432,1243.79,,
0,bench/30gib-8.bin,26,33554432,1445.02,,
0,bench/30gib-8.bin,27,33554432,1245.12,,
0,bench/30gib-8.bin,28,33554432,1600.65,,
0,bench/30gib-8.bin,29,33554432,1082.17,,
0,bench/30gib-8.bin,30,33554432,1165.69,,
0,bench/30gib-8.bin,31,33554432,779.47,,
0,bench/30gib-8.bin,32,33554432,765.36,,
0,bench/30gib-8.bin,33,33554432,760.75,,
0,bench/30gib-8.bin,34,33554432,597.15,,
0,bench/30gib-8.bin,35,33554432,781.16,,
0,bench/30gib-8.bin,36,33554432,646.26,,
0,bench/30gib-8.bin,37,33554432,908.97,,
0,bench/30gib-8.bin,38,33554432,746.06,,
0,bench/30gib-8.bin,39,33554432,685.40,,
0,bench/30gib-8.bin,40,33554432,542.52,,
0,bench/30gib-8.bin,41,33554432,865.72,,
0,bench/30gib-8.bin,42,33554432,753.71,,
0,bench/30gib-8.bin,43,33554432,857.95,,
0,bench/30gib-8.bin,44,33554432,803.90,,
0,bench/30gib-8.bin,45,33554432,848.68,,
0,bench/30gib-8.bin,46,33554432,595.35,,
0,bench/30gib-8.bin,47,33554432,945.62,,
0,bench/30gib-8.bin,48,33554432,723.38,,
0,bench/30gib-8.bin,49,33554432,629.77,,
0,bench/30gib-8.bin,50,33554432,459.04,,
0,bench/30gib-8.bin,51,33554432,510.40,,
0,bench/30gib-8.bin,52,33554432,581.80,,
0,bench/30gib-8.bin,53,33554432,487.91,,
0,bench/30gib-8.bin,54,33554432,592.17,,
0,bench/30gib-8.bin,55,33554432,496.92,,
0,bench/30gib-8.bin,56,33554432,382.82,,
0,bench/30gib-8.bin,57,33554432,385.79,,
0,bench/30gib-8.bin,58,33554432,672.81,,
0,bench/30gib-8.bin,59,33554432,448.88,,
0,bench/30gib-8.bin,60,33554432,495.82,,
0,bench/30gib-8.bin,61,33554432,484.29,,
0,bench/30gib-8.bin,62,33554432,352.18,,
0,bench/30gib-8.bin,63,33554432,454.01,,
0,bench/30gib-8.bin,64,33554432,456.03,,
0,bench/30gib-8.bin,65,33554432,482.02,,
0,bench/30gib-8.bin,66,33554432,417.76,,
0,bench/30gib-8.bin,67,33554432,451.52,,
0,bench/30gib-8.bin,68,33554432,476.79,,
0,bench/30gib-8.bin,69,33554432,497.54,,
0,bench/30gib-8.bin,70,33554432,431.88,,
0,bench/30gib-8.bin,71,33554432,502.07,,
0,bench/30gib-8.bin,72,33554432,677.90,,
0,bench/30gib-8.bin,73,33554432,733.92,,
0,bench/30gib-8.bin,74,33554432,435.97,,
0,bench/30gib-8.bin,75,33554432,445.90,,
0,bench/30gib-8.bin,76,33554432,406.77,,
0,bench/30gib-8.bin,77,33554432,342.86,,
0,bench/30gib-8.bin,78,33554432,371.08,,
0,bench/30gib-8.bin,79,33554432,417.44,,
0,bench/30gib-8.bin,80,33554432,499.01,,
0,bench/30gib-8.bin,81,33554432,486.58,,
0,bench/30gib-8.bin,82,33554432,473.83,,
0,bench/30gib-8.bin,83,33554432,618.59,,
0,bench/30gib-8.bin,84,33554432,485.42,,
0,bench/30gib-8.bin,85,33554432,480.14,,
0,bench/30gib-8.bin,86,33554432,476.10,,
0,bench/30gib-8.bin,87,33554432,345.43,,
0,bench/30gib-8.bin,88,33554432,429.07,,
0,bench/30gib-8.bin,89,33554432,440.10,,
0,bench/30gib-8.bin,90,33554432,563.47,,
0,bench/30gib-8.bin,91,33554432,670.22,,
0,bench/30gib-8.bin,92,33554432,469.96,,
0,bench/30gib-8.bin,93,33554432,460.11,,
0,bench/30gib-8.bin,94,33554432,553.17,,
0,bench/30gib-8.bin,95,33554432,375.08,,
0,bench/30gib-8.bin,96,33554432,441.98,,
0,bench/30gib-8.bin,97,33554432,367.09,,
0,bench/30gib-8.bin,98,33554432,482.57,,
0,bench/30gib-8.bin,99,33554432,467.02,,
0,bench/30gib-8.bin,100,33554432,376.48,,
0,bench/30gib-8.bin,101,33554432,446.83,,
0,bench/30gib-8.bin,102,33554432,530.76,,
0,bench/30gib-8.bin,103,33554432,426.22,,
0,bench/30gib-8.bin,104,33554432,435.25,,
0,bench/30gib-8.bin,105,33554432,483.91,,
0,bench/30gib-8.bin,106,33554432,507.80,,
0,bench/30gib-8.bin,107,33554432,467.84,,
0,bench/30gib-8.bin,108,33554432,452.91,,
0,bench/30gib-8.bin,109,33554432,425.83,,
0,bench/30gib-8.bin,110,33554432,595.00,,
0,bench/30gib-8.bin,111,33554432,346.49,,
0,bench/30gib-8.bin,112,33554432,496.85,,
0,bench/30gib-8.bin,113,33554432,351.41,,
0,bench/30gib-8.bin,114,33554432,426.79,,
0,bench/30gib-8.bin,115,33554432,500.00,,
0,bench/30gib-8.bin,116,33554432,455.05,,
0,bench/30gib-8.bin,117,33554432,489.20,,
0,bench/30gib-8.bin,118,33554432,365.21,,
0,bench/30gib-8.bin,119,33554432,494.67,,
0,bench/30gib-8.bin,120,33554432,933.40,,
0,bench/30gib-8.bin,121,33554432,688.22,,
0,bench/30gib-8.bin,122,33554432,522.19,,
0,bench/30gib-8.bin,123,33554432,572.24,,
0,bench/30gib-8.bin,124,33554432,361.61,,
0,bench/30gib-8.bin,125,33554432,343.03,,
0,bench/30gib-8.bin,126,33554432,365.34,,
0,bench/30gib-8.bin,127,33554432,474.63,,
0,bench/30gib-8.bin,128,33554432,345.48,,
0,bench/30gib-8.bin,129,33554432,411.87,,
0,bench/30gib-8.bin,130,33554432,399.22,,
0,bench/30gib-8.bin,131,33554432,455.95,,
0,bench/30gib-8.bin,132,33554432,567.76,,
0,bench/30gib-8.bin,133,33554432,418.64,,
0,bench/30gib-8.bin,134,33554432,345.71,,
0,bench/30gib-8.bin,135,33554432,408.41,,
0,bench/30gib-8.bin,136,33554432,457.69,,
0,bench/30gib-8.bin,137,33554432,554.04,,
0,bench/30gib-8.bin,138,33554432,375.39,,
0,bench/30gib-8.bin,139,33554432,571.18,,
0,bench/30gib-8.bin,140,33554432,543.60,,
0,bench/30gib-8.bin,141,33554432,530.72,,
0,bench/30gib-8.bin,142,33554432,437.16,,
0,bench/30gib-8.bin,143,33554432,396.82,,
0,bench/30gib-8.bin,144,33554432,446.96,,
0,bench/30gib-8.bin,145,33554432,464.78,,
0,bench/30gib-8.bin,146,33554432,383.05,,
0,bench/30gib-8.bin,147,33554432,535.70,,
0,bench/30gib-8.bin,148,33554432,443.11,,
0,bench/30gib-8.bin,149,33554432,523.14,,
0,bench/30gib-8.bin,150,33554432,458.58,,
0,bench/30gib-8.bin,151,33554432,428.02,,
0,bench/30gib-8.bin,152,33554432,397.61,,
0,bench/30gib-8.bin,153,33554432,524.11,,
0,bench/30gib-8.bin,154,33554432,572.54,,
0,bench/30gib-8.bin,155,33554432,345.11,,
0,bench/30gib-8.bin,156,33554432,449.66,,
0,bench/30gib-8.bin,157,33554432,349.53,,
0,bench/30gib-8.bin,158,33554432,437.84,,
0,bench/30gib-8.bin,159,33554432,343.86,,
0,bench/30gib-8.bin,160,33554432,365.11,,
0,bench/30gib-8.bin,161,33554432,383.75,,
0,bench/30gib-8.bin,162,33554432,438.22,,
0,bench/30gib-8.bin,163,33554432,381.36,,
0,bench/30gib-8.bin,164,33554432,577.47,,
0,bench/30gib-8.bin,165,33554432,415.15,,
0,bench/30gib-8.bin,166,33554432,608.06,,
0,bench/30gib-8.bin,167,33554432,341.67,,
0,bench/30gib-8.bin,168,33554432,367.37,,
0,bench/30gib-8.bin,169,33554432,399.75,,
0,bench/30gib-8.bin,170,33554432,348.25,,
0,bench/30gib-8.bin,171,33554432,395.43,,
0,bench/30gib-8.bin,172,33554432,599.16,,
0,bench/30gib-8.bin,173,33554432,675.34,,
0,bench/30gib-8.bin,174,33554432,353.95,,
0,bench/30gib-8.bin,175,33554432,394.60,,
0,bench/30gib-8.bin,176,33554432,410.61,,
0,bench/30gib-8.bin,177,33554432,409.24,,
0,bench/30gib-8.bin,178,33554432,445.91,,
0,bench/30gib-8.bin,179,33554432,516.51,,
0,bench/30gib-8.bin,180,33554432,566.66,,
0,bench/30gib-8.bin,181,33554432,501.25,,
0,bench/30gib-8.bin,182,33554432,503.15,,
0,bench/30gib-8.bin,183,33554432,387.38,,
0,bench/30gib-8.bin,184,33554432,402.79,,
0,bench/30gib-8.bin,185,33554432,392.70,,
0,bench/30gib-8.bin,186,33554432,385.56,,
0,bench/30gib-8.bin,187,33554432,400.50,,
0,bench/30gib-8.bin,188,33554432,372.80,,
0,bench/30gib-8.bin,189,33554432,453.39,,
0,bench/30gib-8.bin,190,33554432,446.40,,
0,bench/30gib-8.bin,191,33554432,442.69,,
0,bench/30gib-8.bin,192,33554432,376.62,,
0,bench/30gib-8.bin,193,33554432,444.09,,
0,bench/30gib-8.bin,194,33554432,578.94,,
0,bench/30gib-8.bin,195,33554432,495.37,,
0,bench/30gib-8.bin,196,33554432,457.84,,
0,bench/30gib-8.bin,197,33554432,431.42,,
0,bench/30gib-8.bin,198,33554432,362.74,,
0,bench/30gib-8.bin,199,33554432,657.03,,
0,bench/30gib-8.bin,200,33554432,354.61,,
0,bench/30gib-8.bin,201,33554432,472.09,,
0,bench/30gib-8.bin,202,33554432,383.96,,
0,bench/30gib-8.bin,203,33554432,366.41,,
0,bench/30gib-8.bin,204,33554432,348.57,,
0,bench/30gib-8.bin,205,33554432,438.78,,
0,bench/30gib-8.bin,206,33554432,573.16,,
0,bench/30gib-8.bin,207,33554432,541.20,,
0,bench/30gib-8.bin,208,33554432,562.67,,
0,bench/30gib-8.bin,209,33554432,594.98,,
0,bench/30gib-8.bin,210,33554432,603.62,,
0,bench/30gib-8.bin,211,33554432,388.35,,
0,bench/30gib-8.bin,212,33554432,508.07,,
0,bench/30gib-8.bin,213,33554432,410.06,,
0,bench/30gib-8.bin,214,33554432,487.13,,
0,bench/30gib-8.bin,215,33554432,505.71,,
0,bench/30gib-8.bin,216,33554432,476.95,,
0,bench/30gib-8.bin,217,33554432,449.95,,
0,bench/30gib-8.bin,218,33554432,502.76,,
0,bench/30gib-8.bin,219,33554432,411.08,,
0,bench/30gib-8.bin,220,33554432,362.32,,
0,bench/30gib-8.bin,221,33554432,343.20,,
0,bench/30gib-8.bin,222,33554432,525.63,,
0,bench/30gib-8.bin,223,33554432,340.00,,
0,bench/30gib-8.bin,224,33554432,405.45,,
0,bench/30gib-8.bin,225,33554432,385.82,,
0,bench/30gib-8.bin,226,33554432,734.41,,
0,bench/30gib-8.bin,227,33554432,555.75,,
0,bench/30gib-8.bin,228,33554432,405.71,,
0,bench/30gib-8.bin,229,33554432,363.34,,
0,bench/30gib-8.bin,230,33554432,351.26,,
0,bench/30gib-8.bin,231,33554432,462.19,,
0,bench/30gib-8.bin,232,33554432,511.54,,
0,bench/30gib-8.bin,233,33554432,368.06,,
0,bench/30gib-8.bin,234,33554432,397.63,,
0,bench/30gib-8.bin,235,33554432,567.64,,
0,bench/30gib-8.bin,236,33554432,352.72,,
0,bench/30gib-8.bin,237,33554432,390.53,,
0,bench/30gib-8.bin,238,33554432,350.06,,
0,bench/30gib-8.bin,239,33554432,912.76,,
0,bench/30gib-8.bin,240,33554432,340.49,,
0,bench/30gib-8.bin,241,33554432,430.69,,
0,bench/30gib-8.bin,242,33554432,468.72,,
0,bench/30gib-8.bin,243,33554432,513.74,,
0,bench/30gib-8.bin,244,33554432,595.58,,
0,bench/30gib-8.bin,245,33554432,454.01,,
0,bench/30gib-8.bin,246,33554432,539.11,,
0,bench/30gib-8.bin,247,33554432,426.59,,
0,bench/30gib-8.bin,248,33554432,733.09,,
0,bench/30gib-8.bin,249,33554432,341.35,,
0,bench/30gib-8.bin,250,33554432,400.88,,
0,bench/30gib-8.bin,251,33554432,394.48,,
0,bench/30gib-8.bin,252,33554432,411.29,,
0,bench/30gib-8.bin,253,33554432,599.46,,
0,bench/30gib-8.bin,254,33554432,421.76,,
0,bench/30gib-8.bin,255,33554432,483.23,,
0,bench/30gib-8.bin,256,33554432,547.64,,
0,bench/30gib-8.bin,257,33554432,394.57,,
0,bench/30gib-8.bin,258,33554432,414.32,,
0,bench/30gib-8.bin,259,33554432,412.11,,
0,bench/30gib-8.bin,260,33554432,478.18,,
0,bench/30gib-8.bin,261,33554432,416.92,,
0,bench/30gib-8.bin,262,33554432,373.24,,
0,bench/30gib-8.bin,263,33554432,461.44,,
0,bench/30gib-8.bin,264,33554432,486.40,,
0,bench/30gib-8.bin,265,33554432,582.65,,
0,bench/30gib-8.bin,266,33554432,604.62,,
0,bench/30gib-8.bin,267,33554432,469.91,,
0,bench/30gib-8.bin,268,33554432,379.27,,
0,bench/30gib-8.bin,269,33554432,443.94,,
0,bench/30gib-8.bin,270,33554432,510.58,,
0,bench/30gib-8.bin,271,33554432,569.79,,
0,bench/30gib-8.bin,272,33554432,369.63,,
0,bench/30gib-8.bin,273,33554432,389.48,,
0,bench/30gib-8.bin,274,33554432,344.30,,
0,bench/30gib-8.bin,275,33554432,477.74,,
0,bench/30gib-8.bin,276,33554432,363.79,,
0,bench/30gib-8.bin,277,33554432,487.60,,
0,bench/30gib-8.bin,278,33554432,588.62,,
0,bench/30gib-8.bin,279,33554432,446.82,,
0,bench/30gib-8.bin,280,33554432,517.05,,
0,bench/30gib-8.bin,281,33554432,346.04,,
0,bench/30gib-8.bin,282,33554432,446.28,,
0,bench/30gib-8.bin,283,33554432,427.94,,
0,bench/30gib-8.bin,284,33554432,1049.12,,
0,bench/30gib-8.bin,285,33554432,431.83,,
0,bench/30gib-8.bin,286,33554432,342.35,,
0,bench/30gib-8.bin,287,33554432,350.71,,
0,bench/30gib-8.bin,288,33554432,370.84,,
0,bench/30gib-8.bin,289,33554432,435.87,,
0,bench/30gib-8.bin,290,33554432,376.40,,
0,bench/30gib-8.bin,291,33554432,490.26,,
0,bench/30gib-8.bin,292,33554432,509.68,,
0,bench/30gib-8.bin,293,33554432,502.43,,
0,bench/30gib-8.bin,294,33554432,524.61,,
0,bench/30gib-8.bin,295,33554432,421.13,,
0,bench/30gib-8.bin,296,33554432,379.30,,
0,bench/30gib-8.bin,297,33554432,382.20,,
0,bench/30gib-8.bin,298,33554432,366.12,,
0,bench/30gib-8.bin,299,33554432,422.47,,
0,bench/30gib-8.bin,300,33554432,475.67,,
0,bench/30gib-8.bin,301,33554432,466.48,,
0,bench/30gib-8.bin,302,33554432,347.97,,
0,bench/30gib-8.bin,303,33554432,542.95,,
0,bench/30gib-8.bin,304,33554432,505.86,,
0,bench/30gib-8.bin,305,33554432,529.10,,
0,bench/30gib-8.bin,306,33554432,342.88,,
0,bench/30gib-8.bin,307,33554432,346.83,,
0,bench/30gib-8.bin,308,33554432,398.76,,
0,bench/30gib-8.bin,309,33554432,341.09,,
0,bench/30gib-8.bin,310,33554432,499.85,,
0,bench/30gib-8.bin,311,33554432,505.57,,
0,bench/30gib-8.bin,312,33554432,555.21,,
0,bench/30gib-8.bin,313,33554432,387.14,,
0,bench/30gib-8.bin,314,33554432,530.41,,
0,bench/30gib-8.bin,315,33554432,406.70,,
0,bench/30gib-8.bin,316,33554432,342.55,,
0,bench/30gib-8.bin,317,33554432,382.09,,
0,bench/30gib-8.bin,318,33554432,528.11,,
0,bench/30gib-8.bin,319,33554432,499.58,,
0,bench/30gib-8.bin,320,33554432,367.16,,
0,bench/30gib-8.bin,321,33554432,410.82,,
0,bench/30gib-8.bin,322,33554432,432.14,,
0,bench/30gib-8.bin,323,33554432,510.46,,
0,bench/30gib-8.bin,324,33554432,494.85,,
0,bench/30gib-8.bin,325,33554432,407.26,,
0,bench/30gib-8.bin,326,33554432,423.25,,
0,bench/30gib-8.bin,327,33554432,547.88,,
0,bench/30gib-8.bin,328,33554432,675.70,,
0,bench/30gib-8.bin,329,33554432,341.88,,
0,bench/30gib-8.bin,330,33554432,607.76,,
0,bench/30gib-8.bin,331,33554432,537.17,,
0,bench/30gib-8.bin,332,33554432,430.61,,
0,bench/30gib-8.bin,333,33554432,419.44,,
0,bench/30gib-8.bin,334,33554432,344.48,,
0,bench/30gib-8.bin,335,33554432,342.23,,
0,bench/30gib-8.bin,336,33554432,413.99,,
0,bench/30gib-8.bin,337,33554432,414.13,,
0,bench/30gib-8.bin,338,33554432,442.65,,
0,bench/30gib-8.bin,339,33554432,505.27,,
0,bench/30gib-8.bin,340,33554432,403.92,,
0,bench/30gib-8.bin,341,33554432,458.46,,
0,bench/30gib-8.bin,342,33554432,584.00,,
0,bench/30gib-8.bin,343,33554432,342.11,,
0,bench/30gib-8.bin,344,33554432,409.22,,
0,bench/30gib-8.bin,345,33554432,416.83,,
0,bench/30gib-8.bin,346,33554432,452.63,,
0,bench/30gib-8.bin,347,33554432,424.31,,
0,bench/30gib-8.bin,348,33554432,484.79,,
0,bench/30gib-8.bin,349,33554432,581.20,,
0,bench/30gib-8.bin,350,33554432,409.47,,
0,bench/30gib-8.bin,351,33554432,451.89,,
0,bench/30gib-8.bin,352,33554432,367.92,,
0,bench/30gib-8.bin,353,33554432,342.98,,
0,bench/30gib-8.bin,354,33554432,402.21,,
0,bench/30gib-8.bin,355,33554432,446.81,,
0,bench/30gib-8.bin,356,33554432,492.80,,
0,bench/30gib-8.bin,357,33554432,443.29,,
0,bench/30gib-8.bin,358,33554432,552.70,,
0,bench/30gib-8.bin,359,33554432,405.51,,
0,bench/30gib-8.bin,360,33554432,358.52,,
0,bench/30gib-8.bin,361,33554432,426.72,,
0,bench/30gib-8.bin,362,33554432,346.40,,
0,bench/30gib-8.bin,363,33554432,393.94,,
0,bench/30gib-8.bin,364,33554432,428.35,,
0,bench/30gib-8.bin,365,33554432,377.31,,
0,bench/30gib-8.bin,366,33554432,634.06,,
0,bench/30gib-8.bin,367,33554432,342.14,,
0,bench/30gib-8.bin,368,33554432,412.69,,
0,bench/30gib-8.bin,369,33554432,507.75,,
0,bench/30gib-8.bin,370,33554432,515.30,,
0,bench/30gib-8.bin,371,33554432,483.93,,
0,bench/30gib-8.bin,372,33554432,779.45,,
0,bench/30gib-8.bin,373,33554432,463.11,,
0,bench/30gib-8.bin,374,33554432,444.35,,
0,bench/30gib-8.bin,375,33554432,378.30,,
0,bench/30gib-8.bin,376,33554432,353.14,,
0,bench/30gib-8.bin,377,33554432,503.77,,
0,bench/30gib-8.bin,378,33554432,384.47,,
0,bench/30gib-8.bin,379,33554432,425.60,,
0,bench/30gib-8.bin,380,33554432,362.43,,
0,bench/30gib-8.bin,381,33554432,396.17,,
0,bench/30gib-8.bin,382,33554432,393.67,,
0,bench/30gib-8.bin,383,33554432,536.44,,
0,bench/30gib-8.bin,384,33554432,373.38,,
0,bench/30gib-8.bin,385,33554432,505.25,,
0,bench/30gib-8.bin,386,33554432,587.09,,
0,bench/30gib-8.bin,387,33554432,543.79,,
0,bench/30gib-8.bin,388,33554432,472.94,,
0,bench/30gib-8.bin,389,33554432,426.83,,
0,bench/30gib-8.bin,390,33554432,434.31,,
0,bench/30gib-8.bin,391,33554432,524.60,,
0,bench/30gib-8.bin,392,33554432,390.29,,
0,bench/30gib-8.bin,393,33554432,612.51,,
0,bench/30gib-8.bin,394,33554432,552.83,,
0,bench/30gib-8.bin,395,33554432,554.99,,
0,bench/30gib-8.bin,396,33554432,569.54,,
0,bench/30gib-8.bin,397,33554432,394.56,,
0,bench/30gib-8.bin,398,33554432,456.34,,
0,bench/30gib-8.bin,399,33554432,402.18,,
0,bench/30gib-8.bin,400,33554432,423.71,,
0,bench/30gib-8.bin,401,33554432,345.58,,
0,bench/30gib-8.bin,402,33554432,488.23,,
0,bench/30gib-8.bin,403,33554432,378.11,,
0,bench/30gib-8.bin,404,33554432,563.51,,
0,bench/30gib-8.bin,405,33554432,463.32,,
0,bench/30gib-8.bin,406,33554432,361.14,,
0,bench/30gib-8.bin,407,33554432,417.28,,
0,bench/30gib-8.bin,408,33554432,479.17,,
0,bench/30gib-8.bin,409,33554432,515.96,,
0,bench/30gib-8.bin,410,33554432,690.82,,
0,bench/30gib-8.bin,411,33554432,361.54,,
0,bench/30gib-8.bin,412,33554432,346.13,,
0,bench/30gib-8.bin,413,33554432,411.55,,
0,bench/30gib-8.bin,414,33554432,458.27,,
0,bench/30gib-8.bin,415,33554432,348.35,,
0,bench/30gib-8.bin,416,33554432,414.90,,
0,bench/30gib-8.bin,417,33554432,443.53,,
0,bench/30gib-8.bin,418,33554432,431.82,,
0,bench/30gib-8.bin,419,33554432,481.81,,
0,bench/30gib-8.bin,420,33554432,490.42,,
0,bench/30gib-8.bin,421,33554432,419.03,,
0,bench/30gib-8.bin,422,33554432,468.12,,
0,bench/30gib-8.bin,423,33554432,456.01,,
0,bench/30gib-8.bin,424,33554432,520.53,,
0,bench/30gib-8.bin,425,33554432,463.35,,
0,bench/30gib-8.bin,426,33554432,347.03,,
0,bench/30gib-8.bin,427,33554432,595.31,,
0,bench/30gib-8.bin,428,33554432,423.46,,
0,bench/30gib-8.bin,429,33554432,558.18,,
0,bench/30gib-8.bin,430,33554432,352.36,,
0,bench/30gib-8.bin,431,33554432,365.43,,
0,bench/30gib-8.bin,432,33554432,420.87,,
0,bench/30gib-8.bin,433,33554432,799.94,,
0,bench/30gib-8.bin,434,33554432,515.24,,
0,bench/30gib-8.bin,435,33554432,432.17,,
0,bench/30gib-8.bin,436,33554432,451.30,,
0,bench/30gib-8.bin,437,33554432,396.74,,
0,bench/30gib-8.bin,438,33554432,346.32,,
0,bench/30gib-8.bin,439,33554432,492.27,,
0,bench/30gib-8.bin,440,33554432,381.50,,
0,bench/30gib-8.bin,441,33554432,426.33,,
0,bench/30gib-8.bin,442,33554432,382.61,,
0,bench/30gib-8.bin,443,33554432,466.76,,
0,bench/30gib-8.bin,444,33554432,479.68,,
0,bench/30gib-8.bin,445,33554432,438.55,,
0,bench/30gib-8.bin,446,33554432,431.80,,
0,bench/30gib-8.bin,447,33554432,523.90,,
0,bench/30gib-8.bin,448,33554432,412.60,,
0,bench/30gib-8.bin,449,33554432,540.50,,
0,bench/30gib-8.bin,450,33554432,356.80,,
0,bench/30gib-8.bin,451,33554432,472.68,,
0,bench/30gib-8.bin,452,33554432,632.24,,
0,bench/30gib-8.bin,453,33554432,443.37,,
0,bench/30gib-8.bin,454,33554432,620.21,,
0,bench/30gib-8.bin,455,33554432,468.15,,
0,bench/30gib-8.bin,456,33554432,401.94,,
0,bench/30gib-8.bin,457,33554432,512.14,,
0,bench/30gib-8.bin,458,33554432,594.01,,
0,bench/30gib-8.bin,459,33554432,459.90,,
0,bench/30gib-8.bin,460,33554432,598.63,,
0,bench/30gib-8.bin,461,33554432,821.58,,
0,bench/30gib-8.bin,462,33554432,420.00,,
0,bench/30gib-8.bin,463,33554432,379.33,,
0,bench/30gib-8.bin,464,33554432,516.80,,
0,bench/30gib-8.bin,465,33554432,542.59,,
0,bench/30gib-8.bin,466,33554432,415.64,,
0,bench/30gib-8.bin,467,33554432,355.72,,
0,bench/30gib-8.bin,468,33554432,390.84,,
0,bench/30gib-8.bin,469,33554432,366.05,,
0,bench/30gib-8.bin,470,33554432,397.70,,
0,bench/30gib-8.bin,471,33554432,423.38,,
0,bench/30gib-8.bin,472,33554432,793.19,,
0,bench/30gib-8.bin,473,33554432,341.93,,
0,bench/30gib-8.bin,474,33554432,484.16,,
0,bench/30gib-8.bin,475,33554432,393.88,,
0,bench/30gib-8.bin,476,33554432,879.96,,
0,bench/30gib-8.bin,477,33554432,480.69,,
0,bench/30gib-8.bin,478,33554432,347.84,,
0,bench/30gib-8.bin,479,33554432,486.34,,
0,bench/30gib-8.bin,480,33554432,375.09,,
0,bench/30gib-8.bin,481,33554432,358.43,,
0,bench/30gib-8.bin,482,33554432,395.65,,
0,bench/30gib-8.bin,483,33554432,342.22,,
0,bench/30gib-8.bin,484,33554432,514.61,,
0,bench/30gib-8.bin,485,33554432,558.39,,
0,bench/30gib-8.bin,486,33554432,421.69,,
0,bench/30gib-8.bin,487,33554432,446.14,,
0,bench/30gib-8.bin,488,33554432,570.56,,
0,bench/30gib-8.bin,489,33554432,512.63,,
0,bench/30gib-8.bin,490,33554432,351.27,,
0,bench/30gib-8.bin,491,33554432,408.67,,
0,bench/30gib-8.bin,492,33554432,352.84,,
0,bench/30gib-8.bin,493,33554432,431.04,,
0,bench/30gib-8.bin,494,33554432,439.78,,
0,bench/30gib-8.bin,495,33554432,494.43,,
0,bench/30gib-8.bin,496,33554432,400.27,,
0,bench/30gib-8.bin,497,33554432,347.22,,
0,bench/30gib-8.bin,498,33554432,389.82,,
0,bench/30gib-8.bin,499,33554432,400.85,,
0,bench/30gib-8.bin,500,33554432,460.28,,
0,bench/30gib-8.bin,501,33554432,432.08,,
0,bench/30gib-8.bin,502,33554432,537.16,,
0,bench/30gib-8.bin,503,33554432,469.06,,
0,bench/30gib-8.bin,504,33554432,341.37,,
0,bench/30gib-8.bin,505,33554432,673.63,,
0,bench/30gib-8.bin,506,33554432,1096.71,,
0,bench/30gib-8.bin,507,33554432,380.32,,
0,bench/30gib-8.bin,508,33554432,911.92,,
0,bench/30gib-8.bin,509,33554432,366.47,,
0,bench/30gib-8.bin,510,33554432,464.80,,
0,bench/30gib-8.bin,511,33554432,570.36,,
0,bench/30gib-8.bin,512,33554432,393.33,,
0,bench/30gib-8.bin,513,33554432,506.15,,
0,bench/30gib-8.bin,514,33554432,637.29,,
0,bench/30gib-8.bin,515,33554432,366.18,,
0,bench/30gib-8.bin,516,33554432,344.36,,
0,bench/30gib-8.bin,517,33554432,460.71,,
0,bench/30gib-8.bin,518,33554432,454.24,,
0,bench/30gib-8.bin,519,33554432,428.26,,
0,bench/30gib-8.bin,520,33554432,672.92,,
0,bench/30gib-8.bin,521,33554432,469.98,,
0,bench/30gib-8.bin,522,33554432,547.71,,
0,bench/30gib-8.bin,523,33554432,586.92,,
0,bench/30gib-8.bin,524,33554432,412.24,,
0,bench/30gib-8.bin,525,33554432,395.31,,
0,bench/30gib-8.bin,526,33554432,356.92,,
0,bench/30gib-8.bin,527,33554432,561.93,,
0,bench/30gib-8.bin,528,33554432,379.19,,
0,bench/30gib-8.bin,529,33554432,346.47,,
0,bench/30gib-8.bin,530,33554432,462.63,,
0,bench/30gib-8.bin,531,33554432,516.07,,
0,bench/30gib-8.bin,532,33554432,486.82,,
0,bench/30gib-8.bin,533,33554432,566.54,,
0,bench/30gib-8.bin,534,33554432,356.79,,
0,bench/30gib-8.bin,535,33554432,579.34,,
0,bench/30gib-8.bin,536,33554432,457.11,,
0,bench/30gib-8.bin,537,33554432,478.05,,
0,bench/30gib-8.bin,538,33554432,493.04,,
0,bench/30gib-8.bin,539,33554432,466.17,,
0,bench/30gib-8.bin,540,33554432,359.36,,
0,bench/30gib-8.bin,541,33554432,360.66,,
0,bench/30gib-8.bin,542,33554432,513.01,,
0,bench/30gib-8.bin,543,33554432,363.81,,
0,bench/30gib-8.bin,544,33554432,535.50,,
0,bench/30gib-8.bin,545,33554432,343.92,,
0,bench/30gib-8.bin,546,33554432,541.73,,
0,bench/30gib-8.bin,547,33554432,347.30,,
0,bench/30gib-8.bin,548,33554432,358.38,,
0,bench/30gib-8.bin,549,33554432,554.51,,
0,bench/30gib-8.bin,550,33554432,502.46,,
0,bench/30gib-8.bin,551,33554432,393.24,,
0,bench/30gib-8.bin,552,33554432,635.50,,
0,bench/30gib-8.bin,553,33554432,362.60,,
0,bench/30gib-8.bin,554,33554432,541.44,,
0,bench/30gib-8.bin,555,33554432,436.23,,
0,bench/30gib-8.bin,556,33554432,357.03,,
0,bench/30gib-8.bin,557,33554432,344.29,,
0,bench/30gib-8.bin,558,33554432,352.80,,
0,bench/30gib-8.bin,559,33554432,1194.03,,
0,bench/30gib-8.bin,560,33554432,456.10,,
0,bench/30gib-8.bin,561,33554432,499.32,,
0,bench/30gib-8.bin,562,33554432,497.08,,
0,bench/30gib-8.bin,563,33554432,492.09,,
0,bench/30gib-8.bin,564,33554432,348.94,,
0,bench/30gib-8.bin,565,33554432,392.16,,
0,bench/30gib-8.bin,566,33554432,490.92,,
0,bench/30gib-8.bin,567,33554432,495.68,,
0,bench/30gib-8.bin,568,33554432,348.04,,
0,bench/30gib-8.bin,569,33554432,341.69,,
0,bench/30gib-8.bin,570,33554432,531.32,,
0,bench/30gib-8.bin,571,33554432,438.00,,
0,bench/30gib-8.bin,572,33554432,648.49,,
0,bench/30gib-8.bin,573,33554432,689.31,,
0,bench/30gib-8.bin,574,33554432,560.41,,
0,bench/30gib-8.bin,575,33554432,466.21,,
0,bench/30gib-8.bin,576,33554432,505.41,,
0,bench/30gib-8.bin,577,33554432,343.22,,
0,bench/30gib-8.bin,578,33554432,360.60,,
0,bench/30gib-8.bin,579,33554432,348.19,,
0,bench/30gib-8.bin,580,33554432,1118.98,,
0,bench/30gib-8.bin,581,33554432,536.90,,
0,bench/30gib-8.bin,582,33554432,462.70,,
0,bench/30gib-8.bin,583,33554432,343.72,,
0,bench/30gib-8.bin,584,33554432,345.30,,
0,bench/30gib-8.bin,585,33554432,430.32,,
0,bench/30gib-8.bin,586,33554432,400.05,,
0,bench/30gib-8.bin,587,33554432,346.96,,
0,bench/30gib-8.bin,588,33554432,467.53,,
0,bench/30gib-8.bin,589,33554432,565.98,,
0,bench/30gib-8.bin,590,33554432,637.30,,
0,bench/30gib-8.bin,591,33554432,341.66,,
0,bench/30gib-8.bin,592,33554432,553.78,,
0,bench/30gib-8.bin,593,33554432,415.80,,
0,bench/30gib-8.bin,594,33554432,374.51,,
0,bench/30gib-8.bin,595,33554432,584.22,,
0,bench/30gib-8.bin,596,33554432,540.37,,
0,bench/30gib-8.bin,597,33554432,407.66,,
0,bench/30gib-8.bin,598,33554432,441.82,,
0,bench/30gib-8.bin,599,33554432,730.40,,
0,bench/30gib-8.bin,600,33554432,352.34,,
0,bench/30gib-8.bin,601,33554432,444.45,,
0,bench/30gib-8.bin,602,33554432,539.08,,
0,bench/30gib-8.bin,603,33554432,590.71,,
0,bench/30gib-8.bin,604,33554432,593.48,,
0,bench/30gib-8.bin,605,33554432,515.39,,
0,bench/30gib-8.bin,606,33554432,456.98,,
0,bench/30gib-8.bin,607,33554432,385.29,,
0,bench/30gib-8.bin,608,33554432,547.83,,
0,bench/30gib-8.bin,609,33554432,347.14,,
0,bench/30gib-8.bin,610,33554432,388.43,,
0,bench/30gib-8.bin,611,33554432,343.79,,
0,bench/30gib-8.bin,612,33554432,445.78,,
0,bench/30gib-8.bin,613,33554432,357.63,,
0,bench/30gib-8.bin,614,33554432,359.32,,
0,bench/30gib-8.bin,615,33554432,343.03,,
0,bench/30gib-8.bin,616,33554432,402.48,,
0,bench/30gib-8.bin,617,33554432,401.16,,
0,bench/30gib-8.bin,618,33554432,406.16,,
0,bench/30gib-8.bin,619,33554432,516.35,,
0,bench/30gib-8.bin,620,33554432,342.86,,
0,bench/30gib-8.bin,621,33554432,368.56,,
0,bench/30gib-8.bin,622,33554432,421.73,,
0,bench/30gib-8.bin,623,33554432,519.42,,
0,bench/30gib-8.bin,624,33554432,360.80,,
0,bench/30gib-8.bin,625,33554432,411.28,,
0,bench/30gib-8.bin,626,33554432,503.30,,
0,bench/30gib-8.bin,627,33554432,535.43,,
0,bench/30gib-8.bin,628,33554432,342.97,,
0,bench/30gib-8.bin,629,33554432,455.33,,
0,bench/30gib-8.bin,630,33554432,411.94,,
0,bench/30gib-8.bin,631,33554432,411.08,,
0,bench/30gib-8.bin,632,33554432,492.54,,
0,bench/30gib-8.bin,633,33554432,491.95,,
0,bench/30gib-8.bin,634,33554432,941.86,,
0,bench/30gib-8.bin,635,33554432,436.32,,
0,bench/30gib-8.bin,636,33554432,543.39,,
0,bench/30gib-8.bin,637,33554432,394.33,,
0,bench/30gib-8.bin,638,33554432,510.78,,
0,bench/30gib-8.bin,639,33554432,435.05,,
0,bench/30gib-8.bin,640,33554432,492.34,,
0,bench/30gib-8.bin,641,33554432,487.56,,
0,bench/30gib-8.bin,642,33554432,432.87,,
0,bench/30gib-8.bin,643,33554432,425.70,,
0,bench/30gib-8.bin,644,33554432,381.66,,
0,bench/30gib-8.bin,645,33554432,351.13,,
0,bench/30gib-8.bin,646,33554432,345.22,,
0,bench/30gib-8.bin,647,33554432,350.90,,
0,bench/30gib-8.bin,648,33554432,351.93,,
0,bench/30gib-8.bin,649,33554432,461.26,,
0,bench/30gib-8.bin,650,33554432,393.05,,
0,bench/30gib-8.bin,651,33554432,590.75,,
0,bench/30gib-8.bin,652,33554432,347.68,,
0,bench/30gib-8.bin,653,33554432,429.81,,
0,bench/30gib-8.bin,654,33554432,398.57,,
0,bench/30gib-8.bin,655,33554432,557.24,,
0,bench/30gib-8.bin,656,33554432,507.38,,
0,bench/30gib-8.bin,657,33554432,664.80,,
0,bench/30gib-8.bin,658,33554432,577.55,,
0,bench/30gib-8.bin,659,33554432,474.49,,
0,bench/30gib-8.bin,660,33554432,565.56,,
0,bench/30gib-8.bin,661,33554432,424.01,,
0,bench/30gib-8.bin,662,33554432,568.87,,
0,bench/30gib-8.bin,663,33554432,499.99,,
0,bench/30gib-8.bin,664,33554432,365.39,,
0,bench/30gib-8.bin,665,33554432,437.08,,
0,bench/30gib-8.bin,666,33554432,392.25,,
0,bench/30gib-8.bin,667,33554432,459.97,,
0,bench/30gib-8.bin,668,33554432,343.64,,
0,bench/30gib-8.bin,669,33554432,501.31,,
0,bench/30gib-8.bin,670,33554432,409.43,,
0,bench/30gib-8.bin,671,33554432,353.72,,
0,bench/30gib-8.bin,672,33554432,623.33,,
0,bench/30gib-8.bin,673,33554432,377.45,,
0,bench/30gib-8.bin,674,33554432,408.21,,
0,bench/30gib-8.bin,675,33554432,573.30,,
0,bench/30gib-8.bin,676,33554432,545.67,,
0,bench/30gib-8.bin,677,33554432,639.38,,
0,bench/30gib-8.bin,678,33554432,380.77,,
0,bench/30gib-8.bin,679,33554432,526.03,,
0,bench/30gib-8.bin,680,33554432,600.97,,
0,bench/30gib-8.bin,681,33554432,341.46,,
0,bench/30gib-8.bin,682,33554432,427.83,,
0,bench/30gib-8.bin,683,33554432,405.29,,
0,bench/30gib-8.bin,684,33554432,404.62,,
0,bench/30gib-8.bin,685,33554432,429.43,,
0,bench/30gib-8.bin,686,33554432,402.83,,
0,bench/30gib-8.bin,687,33554432,433.34,,
0,bench/30gib-8.bin,688,33554432,624.89,,
0,bench/30gib-8.bin,689,33554432,532.67,,
0,bench/30gib-8.bin,690,33554432,377.64,,
0,bench/30gib-8.bin,691,33554432,543.05,,
0,bench/30gib-8.bin,692,33554432,343.43,,
0,bench/30gib-8.bin,693,33554432,972.38,,
0,bench/30gib-8.bin,694,33554432,374.88,,
0,bench/30gib-8.bin,695,33554432,564.03,,
0,bench/30gib-8.bin,696,33554432,415.37,,
0,bench/30gib-8.bin,697,33554432,370.34,,
0,bench/30gib-8.bin,698,33554432,485.95,,
0,bench/30gib-8.bin,699,33554432,545.67,,
0,bench/30gib-8.bin,700,33554432,534.26,,
0,bench/30gib-8.bin,701,33554432,339.94,,
0,bench/30gib-8.bin,702,33554432,409.68,,
0,bench/30gib-8.bin,703,33554432,593.34,,
0,bench/30gib-8.bin,704,33554432,505.32,,
0,bench/30gib-8.bin,705,33554432,576.01,,
0,bench/30gib-8.bin,706,33554432,503.37,,
0,bench/30gib-8.bin,707,33554432,494.65,,
0,bench/30gib-8.bin,708,33554432,424.08,,
0,bench/30gib-8.bin,709,33554432,514.91,,
0,bench/30gib-8.bin,710,33554432,486.38,,
0,bench/30gib-8.bin,711,33554432,486.62,,
0,bench/30gib-8.bin,712,33554432,462.91,,
0,bench/30gib-8.bin,713,33554432,513.19,,
0,bench/30gib-8.bin,714,33554432,341.21,,
0,bench/30gib-8.bin,715,33554432,501.42,,
0,bench/30gib-8.bin,716,33554432,461.89,,
0,bench/30gib-8.bin,717,33554432,419.83,,
0,bench/30gib-8.bin,718,33554432,357.05,,
0,bench/30gib-8.bin,719,33554432,355.93,,
0,bench/30gib-8.bin,720,33554432,580.78,,
0,bench/30gib-8.bin,721,33554432,623.93,,
0,bench/30gib-8.bin,722,33554432,521.21,,
0,bench/30gib-8.bin,723,33554432,459.23,,
0,bench/30gib-8.bin,724,33554432,372.38,,
0,bench/30gib-8.bin,725,33554432,440.90,,
0,bench/30gib-8.bin,726,33554432,886.66,,
0,bench/30gib-8.bin,727,33554432,341.15,,
0,bench/30gib-8.bin,728,33554432,366.40,,
0,bench/30gib-8.bin,729,33554432,429.20,,
0,bench/30gib-8.bin,730,33554432,437.41,,
0,bench/30gib-8.bin,731,33554432,527.13,,
0,bench/30gib-8.bin,732,33554432,519.56,,
0,bench/30gib-8.bin,733,33554432,365.73,,
0,bench/30gib-8.bin,734,33554432,662.40,,
0,bench/30gib-8.bin,735,33554432,438.29,,
0,bench/30gib-8.bin,736,33554432,430.03,,
0,bench/30gib-8.bin,737,33554432,500.81,,
0,bench/30gib-8.bin,738,33554432,342.30,,
0,bench/30gib-8.bin,739,33554432,430.41,,
0,bench/30gib-8.bin,740,33554432,428.92,,
0,bench/30gib-8.bin,741,33554432,568.98,,
0,bench/30gib-8.bin,742,33554432,418.64,,
0,bench/30gib-8.bin,743,33554432,613.80,,
0,bench/30gib-8.bin,744,33554432,502.08,,
0,bench/30gib-8.bin,745,33554432,354.67,,
0,bench/30gib-8.bin,746,33554432,462.10,,
0,bench/30gib-8.bin,747,33554432,342.00,,
0,bench/30gib-8.bin,748,33554432,555.18,,
0,bench/30gib-8.bin,749,33554432,444.57,,
0,bench/30gib-8.bin,750,33554432,657.87,,
0,bench/30gib-8.bin,751,33554432,362.29,,
0,bench/30gib-8.bin,752,33554432,552.59,,
0,bench/30gib-8.bin,753,33554432,394.50,,
0,bench/30gib-8.bin,754,33554432,374.57,,
0,bench/30gib-8.bin,755,33554432,356.67,,
0,bench/30gib-8.bin,756,33554432,375.69,,
0,bench/30gib-8.bin,757,33554432,351.71,,
0,bench/30gib-8.bin,758,33554432,376.95,,
0,bench/30gib-8.bin,759,33554432,424.26,,
0,bench/30gib-8.bin,760,33554432,395.65,,
0,bench/30gib-8.bin,761,33554432,349.42,,
0,bench/30gib-8.bin,762,33554432,455.87,,
0,bench/30gib-8.bin,763,33554432,406.39,,
0,bench/30gib-8.bin,764,33554432,487.28,,
0,bench/30gib-8.bin,765,33554432,695.70,,
0,bench/30gib-8.bin,766,33554432,517.60,,
0,bench/30gib-8.bin,767,33554432,469.09,,
0,bench/30gib-8.bin,768,33554432,343.14,,
0,bench/30gib-8.bin,769,33554432,511.64,,
0,bench/30gib-8.bin,770,33554432,341.24,,
0,bench/30gib-8.bin,771,33554432,499.36,,
0,bench/30gib-8.bin,772,33554432,350.83,,
0,bench/30gib-8.bin,773,33554432,370.09,,
0,bench/30gib-8.bin,774,33554432,379.74,,
0,bench/30gib-8.bin,775,33554432,417.25,,
0,bench/30gib-8.bin,776,33554432,466.87,,
0,bench/30gib-8.bin,777,33554432,511.46,,
0,bench/30gib-8.bin,778,33554432,445.52,,
0,bench/30gib-8.bin,779,33554432,455.03,,
0,bench/30gib-8.bin,780,33554432,463.92,,
0,bench/30gib-8.bin,781,33554432,670.67,,
0,bench/30gib-8.bin,782,33554432,462.80,,
0,bench/30gib-8.bin,783,33554432,483.18,,
0,bench/30gib-8.bin,784,33554432,493.41,,
0,bench/30gib-8.bin,785,33554432,834.70,,
0,bench/30gib-8.bin,786,33554432,432.71,,
0,bench/30gib-8.bin,787,33554432,355.98,,
0,bench/30gib-8.bin,788,33554432,500.60,,
0,bench/30gib-8.bin,789,33554432,505.14,,
0,bench/30gib-8.bin,790,33554432,347.46,,
0,bench/30gib-8.bin,791,33554432,395.58,,
0,bench/30gib-8.bin,792,33554432,406.71,,
0,bench/30gib-8.bin,793,33554432,357.37,,
0,bench/30gib-8.bin,794,33554432,351.89,,
0,bench/30gib-8.bin,795,33554432,429.27,,
0,bench/30gib-8.bin,796,33554432,619.77,,
0,bench/30gib-8.bin,797,33554432,399.56,,
0,bench/30gib-8.bin,798,33554432,381.72,,
0,bench/30gib-8.bin,799,33554432,422.77,,
0,bench/30gib-8.bin,800,33554432,470.97,,
0,bench/30gib-8.bin,801,33554432,438.85,,
0,bench/30gib-8.bin,802,33554432,429.88,,
0,bench/30gib-8.bin,803,33554432,496.43,,
0,bench/30gib-8.bin,804,33554432,526.70,,
0,bench/30gib-8.bin,805,33554432,356.32,,
0,bench/30gib-8.bin,806,33554432,385.28,,
0,bench/30gib-8.bin,807,33554432,534.69,,
0,bench/30gib-8.bin,808,33554432,365.46,,
0,bench/30gib-8.bin,809,33554432,494.70,,
0,bench/30gib-8.bin,810,33554432,472.62,,
0,bench/30gib-8.bin,811,33554432,437.90,,
0,bench/30gib-8.bin,812,33554432,444.60,,
0,bench/30gib-8.bin,813,33554432,401.06,,
0,bench/30gib-8.bin,814,33554432,375.13,,
0,bench/30gib-8.bin,815,33554432,508.40,,
0,bench/30gib-8.bin,816,33554432,368.16,,
0,bench/30gib-8.bin,817,33554432,381.65,,
0,bench/30gib-8.bin,818,33554432,544.21,,
0,bench/30gib-8.bin,819,33554432,339.68,,
0,bench/30gib-8.bin,820,33554432,665.64,,
0,bench/30gib-8.bin,821,33554432,405.49,,
0,bench/30gib-8.bin,822,33554432,520.97,,
0,bench/30gib-8.bin,823,33554432,403.49,,
0,bench/30gib-8.bin,824,33554432,355.28,,
0,bench/30gib-8.bin,825,33554432,352.79,,
0,bench/30gib-8.bin,826,33554432,388.15,,
0,bench/30gib-8.bin,827,33554432,447.26,,
0,bench/30gib-8.bin,828,33554432,359.37,,
0,bench/30gib-8.bin,829,33554432,419.73,,
0,bench/30gib-8.bin,830,33554432,474.52,,
0,bench/30gib-8.bin,831,33554432,468.70,,
0,bench/30gib-8.bin,832,33554432,502.91,,
0,bench/30gib-8.bin,833,33554432,343.17,,
0,bench/30gib-8.bin,834,33554432,349.56,,
0,bench/30gib-8.bin,835,33554432,447.86,,
0,bench/30gib-8.bin,836,33554432,353.21,,
0,bench/30gib-8.bin,837,33554432,439.31,,
0,bench/30gib-8.bin,838,33554432,396.08,,
0,bench/30gib-8.bin,839,33554432,491.70,,
0,bench/30gib-8.bin,840,33554432,346.33,,
0,bench/30gib-8.bin,841,33554432,535.89,,
0,bench/30gib-8.bin,842,33554432,499.51,,
0,bench/30gib-8.bin,843,33554432,368.67,,
0,bench/30gib-8.bin,844,33554432,359.40,,
0,bench/30gib-8.bin,845,33554432,548.02,,
0,bench/30gib-8.bin,846,33554432,380.70,,
0,bench/30gib-8.bin,847,33554432,428.70,,
0,bench/30gib-8.bin,848,33554432,529.37,,
0,bench/30gib-8.bin,849,33554432,403.03,,
0,bench/30gib-8.bin,850,33554432,503.51,,
0,bench/30gib-8.bin,851,33554432,412.67,,
0,bench/30gib-8.bin,852,33554432,487.85,,
0,bench/30gib-8.bin,853,33554432,656.75,,
0,bench/30gib-8.bin,854,33554432,393.23,,
0,bench/30gib-8.bin,855,33554432,438.31,,
0,bench/30gib-8.bin,856,33554432,479.49,,
0,bench/30gib-8.bin,857,33554432,538.35,,
0,bench/30gib-8.bin,858,33554432,342.14,,
0,bench/30gib-8.bin,859,33554432,438.26,,
0,bench/30gib-8.bin,860,33554432,710.71,,
0,bench/30gib-8.bin,861,33554432,370.40,,
0,bench/30gib-8.bin,862,33554432,422.24,,
0,bench/30gib-8.bin,863,33554432,406.58,,
0,bench/30gib-8.bin,864,33554432,474.02,,
0,bench/30gib-8.bin,865,33554432,537.94,,
0,bench/30gib-8.bin,866,33554432,518.83,,
0,bench/30gib-8.bin,867,33554432,404.12,,
0,bench/30gib-8.bin,868,33554432,573.31,,
0,bench/30gib-8.bin,869,33554432,407.82,,
0,bench/30gib-8.bin,870,33554432,340.64,,
0,bench/30gib-8.bin,871,33554432,634.17,,
0,bench/30gib-8.bin,872,33554432,441.08,,
0,bench/30gib-8.bin,873,33554432,570.56,,
0,bench/30gib-8.bin,874,33554432,461.33,,
0,bench/30gib-8.bin,875,33554432,389.54,,
0,bench/30gib-8.bin,876,33554432,491.57,,
0,bench/30gib-8.bin,877,33554432,601.91,,
0,bench/30gib-8.bin,878,33554432,947.85,,
0,bench/30gib-8.bin,879,33554432,413.90,,
0,bench/30gib-8.bin,880,33554432,597.42,,
0,bench/30gib-8.bin,881,33554432,388.34,,
0,bench/30gib-8.bin,882,33554432,483.57,,
0,bench/30gib-8.bin,883,33554432,437.38,,
0,bench/30gib-8.bin,884,33554432,407.33,,
0,bench/30gib-8.bin,885,33554432,479.72,,
0,bench/30gib-8.bin,886,33554432,527.21,,
0,bench/30gib-8.bin,887,33554432,349.25,,
0,bench/30gib-8.bin,888,33554432,393.63,,
0,bench/30gib-8.bin,889,33554432,403.56,,
0,bench/30gib-8.bin,890,33554432,362.39,,
0,bench/30gib-8.bin,891,33554432,596.26,,
0,bench/30gib-8.bin,892,33554432,544.99,,
0,bench/30gib-8.bin,893,33554432,421.20,,
0,bench/30gib-8.bin,894,33554432,508.03,,
0,bench/30gib-8.bin,895,33554432,458.32,,
0,bench/30gib-8.bin,896,33554432,432.40,,
0,bench/30gib-8.bin,897,33554432,487.57,,
0,bench/30gib-8.bin,898,33554432,464.78,,
0,bench/30gib-8.bin,899,33554432,426.55,,
0,bench/30gib-8.bin,900,33554432,414.76,,
0,bench/30gib-8.bin,901,33554432,355.22,,
0,bench/30gib-8.bin,902,33554432,345.76,,
0,bench/30gib-8.bin,903,33554432,420.55,,
0,bench/30gib-8.bin,904,33554432,457.52,,
0,bench/30gib-8.bin,905,33554432,458.23,,
0,bench/30gib-8.bin,906,33554432,507.43,,
0,bench/30gib-8.bin,907,33554432,384.40,,
0,bench/30gib-8.bin,908,33554432,425.77,,
0,bench/30gib-8.bin,909,33554432,463.58,,
0,bench/30gib-8.bin,910,33554432,359.42,,
0,bench/30gib-8.bin,911,33554432,407.72,,
0,bench/30gib-8.bin,912,33554432,421.64,,
0,bench/30gib-8.bin,913,33554432,430.21,,
0,bench/30gib-8.bin,914,33554432,359.78,,
0,bench/30gib-8.bin,915,33554432,341.32,,
0,bench/30gib-8.bin,916,33554432,342.32,,
0,bench/30gib-8.bin,917,33554432,640.24,,
0,bench/30gib-8.bin,918,33554432,396.09,,
0,bench/30gib-8.bin,919,33554432,390.14,,
0,bench/30gib-8.bin,920,33554432,382.06,,
0,bench/30gib-8.bin,921,33554432,533.67,,
0,bench/30gib-8.bin,922,33554432,484.02,,
0,bench/30gib-8.bin,923,33554432,341.15,,
0,bench/30gib-8.bin,924,33554432,431.93,,
0,bench/30gib-8.bin,925,33554432,611.98,,
0,bench/30gib-8.bin,926,33554432,429.87,,
0,bench/30gib-8.bin,927,33554432,398.07,,
0,bench/30gib-8.bin,928,33554432,444.84,,
0,bench/30gib-8.bin,929,33554432,341.14,,
0,bench/30gib-8.bin,930,33554432,454.65,,
0,bench/30gib-8.bin,931,33554432,436.80,,
0,bench/30gib-8.bin,932,33554432,703.73,,
0,bench/30gib-8.bin,933,33554432,344.43,,
0,bench/30gib-8.bin,934,33554432,485.02,,
0,bench/30gib-8.bin,935,33554432,586.44,,
0,bench/30gib-8.bin,936,33554432,349.24,,
0,bench/30gib-8.bin,937,33554432,451.94,,
0,bench/30gib-8.bin,938,33554432,339.96,,
0,bench/30gib-8.bin,939,33554432,461.43,,
0,bench/30gib-8.bin,940,33554432,353.77,,
0,bench/30gib-8.bin,941,33554432,502.23,,
0,bench/30gib-8.bin,942,33554432,340.85,,
0,bench/30gib-8.bin,943,33554432,416.51,,
0,bench/30gib-8.bin,944,33554432,455.63,,
0,bench/30gib-8.bin,945,33554432,342.38,,
0,bench/30gib-8.bin,946,33554432,522.78,,
0,bench/30gib-8.bin,947,33554432,417.30,,
0,bench/30gib-8.bin,948,33554432,420.31,,
0,bench/30gib-8.bin,949,33554432,522.46,,
0,bench/30gib-8.bin,950,33554432,406.70,,
0,bench/30gib-8.bin,951,33554432,487.05,,
0,bench/30gib-8.bin,952,33554432,441.60,,
0,bench/30gib-8.bin,953,33554432,353.44,,
0,bench/30gib-8.bin,954,33554432,559.17,,
0,bench/30gib-8.bin,955,33554432,343.88,,
0,bench/30gib-8.bin,956,33554432,422.82,,
0,bench/30gib-8.bin,957,33554432,549.46,,
0,bench/30gib-8.bin,958,33554432,589.44,,
0,bench/30gib-8.bin,959,33554432,419.97,,
0,bench/30gib-8.bin,960,33554432,458.51,,
0,bench/30gib-9.bin,1,33554432,1515.67,,
0,bench/30gib-9.bin,2,33554432,683.66,,
0,bench/30gib-9.bin,3,33554432,855.54,,
0,bench/30gib-9.bin,4,33554432,1518.39,,
0,bench/30gib-9.bin,5,33554432,1908.30,,
0,bench/30gib-9.bin,6,33554432,1409.03,,
0,bench/30gib-9.bin,7,33554432,1397.57,,
0,bench/30gib-9.bin,8,33554432,1830.26,,
0,bench/30gib-9.bin,9,33554432,1809.71,,
0,bench/30gib-9.bin,10,33554432,981.55,,
0,bench/30gib-9.bin,11,33554432,1343.19,,
0,bench/30gib-9.bin,12,33554432,1691.92,,
0,bench/30gib-9.bin,13,33554432,1075.78,,
0,bench/30gib-9.bin,14,33554432,1642.43,,
0,bench/30gib-9.bin,15,33554432,1978.79,,
0,bench/30gib-9.bin,16,33554432,1673.98,,
0,bench/30gib-9.bin,17,33554432,2310.99,,
0,bench/30gib-9.bin,18,33554432,1886.10,,
0,bench/30gib-9.bin,19,33554432,1558.35,,
0,bench/30gib-9.bin,20,33554432,1839.87,,
0,bench/30gib-9.bin,21,33554432,1427.64,,
0,bench/30gib-9.bin,22,33554432,1049.00,,
0,bench/30gib-9.bin,23,33554432,1336.17,,
0,bench/30gib-9.bin,24,33554432,715.67,,
0,bench/30gib-9.bin,25,33554432,1343.16,,
0,bench/30gib-9.bin,26,33554432,1420.79,,
0,bench/30gib-9.bin,27,33554432,2009.47,,
0,bench/30gib-9.bin,28,33554432,1305.28,,
0,bench/30gib-9.bin,29,33554432,1341.19,,
0,bench/30gib-9.bin,30,33554432,1372.29,,
0,bench/30gib-9.bin,31,33554432,649.14,,
0,bench/30gib-9.bin,32,33554432,856.55,,
0,bench/30gib-9.bin,33,33554432,742.90,,
0,bench/30gib-9.bin,34,33554432,1181.38,,
0,bench/30gib-9.bin,35,33554432,871.17,,
0,bench/30gib-9.bin,36,33554432,766.28,,
0,bench/30gib-9.bin,37,33554432,757.64,,
0,bench/30gib-9.bin,38,33554432,687.92,,
0,bench/30gib-9.bin,39,33554432,616.79,,
0,bench/30gib-9.bin,40,33554432,693.27,,
0,bench/30gib-9.bin,41,33554432,777.18,,
0,bench/30gib-9.bin,42,33554432,523.23,,
0,bench/30gib-9.bin,43,33554432,672.69,,
0,bench/30gib-9.bin,44,33554432,477.12,,
0,bench/30gib-9.bin,45,33554432,1072.47,,
0,bench/30gib-9.bin,46,33554432,849.75,,
0,bench/30gib-9.bin,47,33554432,517.43,,
0,bench/30gib-9.bin,48,33554432,691.39,,
0,bench/30gib-9.bin,49,33554432,630.41,,
0,bench/30gib-9.bin,50,33554432,605.90,,
0,bench/30gib-9.bin,51,33554432,441.82,,
0,bench/30gib-9.bin,52,33554432,418.85,,
0,bench/30gib-9.bin,53,33554432,433.93,,
0,bench/30gib-9.bin,54,33554432,486.35,,
0,bench/30gib-9.bin,55,33554432,432.44,,
0,bench/30gib-9.bin,56,33554432,501.05,,
0,bench/30gib-9.bin,57,33554432,548.40,,
0,bench/30gib-9.bin,58,33554432,717.32,,
0,bench/30gib-9.bin,59,33554432,714.49,,
0,bench/30gib-9.bin,60,33554432,631.31,,
0,bench/30gib-9.bin,61,33554432,608.83,,
0,bench/30gib-9.bin,62,33554432,831.97,,
0,bench/30gib-9.bin,63,33554432,579.78,,
0,bench/30gib-9.bin,64,33554432,449.19,,
0,bench/30gib-9.bin,65,33554432,427.50,,
0,bench/30gib-9.bin,66,33554432,444.15,,
0,bench/30gib-9.bin,67,33554432,694.30,,
0,bench/30gib-9.bin,68,33554432,761.11,,
0,bench/30gib-9.bin,69,33554432,586.85,,
0,bench/30gib-9.bin,70,33554432,444.06,,
0,bench/30gib-9.bin,71,33554432,417.64,,
0,bench/30gib-9.bin,72,33554432,420.77,,
0,bench/30gib-9.bin,73,33554432,409.40,,
0,bench/30gib-9.bin,74,33554432,504.04,,
0,bench/30gib-9.bin,75,33554432,467.39,,
0,bench/30gib-9.bin,76,33554432,416.07,,
0,bench/30gib-9.bin,77,33554432,446.90,,
0,bench/30gib-9.bin,78,33554432,669.54,,
0,bench/30gib-9.bin,79,33554432,348.22,,
0,bench/30gib-9.bin,80,33554432,523.88,,
0,bench/30gib-9.bin,81,33554432,436.71,,
0,bench/30gib-9.bin,82,33554432,516.74,,
0,bench/30gib-9.bin,83,33554432,479.66,,
0,bench/30gib-9.bin,84,33554432,361.29,,
0,bench/30gib-9.bin,85,33554432,460.13,,
0,bench/30gib-9.bin,86,33554432,553.59,,
0,bench/30gib-9.bin,87,33554432,359.98,,
0,bench/30gib-9.bin,88,33554432,418.38,,
0,bench/30gib-9.bin,89,33554432,403.59,,
0,bench/30gib-9.bin,90,33554432,513.81,,
0,bench/30gib-9.bin,91,33554432,409.06,,
0,bench/30gib-9.bin,92,33554432,349.05,,
0,bench/30gib-9.bin,93,33554432,353.93,,
0,bench/30gib-9.bin,94,33554432,1022.19,,
0,bench/30gib-9.bin,95,33554432,449.01,,
0,bench/30gib-9.bin,96,33554432,343.28,,
0,bench/30gib-9.bin,97,33554432,524.48,,
0,bench/30gib-9.bin,98,33554432,392.49,,
0,bench/30gib-9.bin,99,33554432,363.31,,
0,bench/30gib-9.bin,100,33554432,467.07,,
0,bench/30gib-9.bin,101,33554432,411.36,,
0,bench/30gib-9.bin,102,33554432,372.83,,
0,bench/30gib-9.bin,103,33554432,405.75,,
0,bench/30gib-9.bin,104,33554432,505.50,,
0,bench/30gib-9.bin,105,33554432,669.10,,
0,bench/30gib-9.bin,106,33554432,494.48,,
0,bench/30gib-9.bin,107,33554432,437.21,,
0,bench/30gib-9.bin,108,33554432,517.67,,
0,bench/30gib-9.bin,109,33554432,351.23,,
0,bench/30gib-9.bin,110,33554432,453.22,,
0,bench/30gib-9.bin,111,33554432,428.93,,
0,bench/30gib-9.bin,112,33554432,435.04,,
0,bench/30gib-9.bin,113,33554432,479.96,,
0,bench/30gib-9.bin,114,33554432,363.10,,
0,bench/30gib-9.bin,115,33554432,508.26,,
0,bench/30gib-9.bin,116,33554432,507.39,,
0,bench/30gib-9.bin,117,33554432,621.59,,
0,bench/30gib-9.bin,118,33554432,393.40,,
0,bench/30gib-9.bin,119,33554432,444.33,,
0,bench/30gib-9.bin,120,33554432,353.96,,
0,bench/30gib-9.bin,121,33554432,341.16,,
0,bench/30gib-9.bin,122,33554432,373.76,,
0,bench/30gib-9.bin,123,33554432,388.51,,
0,bench/30gib-9.bin,124,33554432,420.77,,
0,bench/30gib-9.bin,125,33554432,610.77,,
0,bench/30gib-9.bin,126,33554432,542.31,,
0,bench/30gib-9.bin,127,33554432,543.19,,
0,bench/30gib-9.bin,128,33554432,419.19,,
0,bench/30gib-9.bin,129,33554432,364.80,,
0,bench/30gib-9.bin,130,33554432,632.25,,
0,bench/30gib-9.bin,131,33554432,469.61,,
0,bench/30gib-9.bin,132,33554432,342.29,,
0,bench/30gib-9.bin,133,33554432,445.49,,
0,bench/30gib-9.bin,134,33554432,488.58,,
0,bench/30gib-9.bin,135,33554432,411.05,,
0,bench/30gib-9.bin,136,33554432,482.73,,
0,bench/30gib-9.bin,137,33554432,455.66,,
0,bench/30gib-9.bin,138,33554432,414.35,,
0,bench/30gib-9.bin,139,33554432,480.70,,
0,bench/30gib-9.bin,140,33554432,383.13,,
0,bench/30gib-9.bin,141,33554432,467.91,,
0,bench/30gib-9.bin,142,33554432,495.35,,
0,bench/30gib-9.bin,143,33554432,449.32,,
0,bench/30gib-9.bin,144,33554432,518.47,,
0,bench/30gib-9.bin,145,33554432,372.14,,
0,bench/30gib-9.bin,146,33554432,431.27,,
0,bench/30gib-9.bin,147,33554432,453.31,,
0,bench/30gib-9.bin,148,33554432,424.16,,
0,bench/30gib-9.bin,149,33554432,410.12,,
0,bench/30gib-9.bin,150,33554432,510.36,,
0,bench/30gib-9.bin,151,33554432,401.71,,
0,bench/30gib-9.bin,152,33554432,560.70,,
0,bench/30gib-9.bin,153,33554432,459.86,,
0,bench/30gib-9.bin,154,33554432,354.12,,
0,bench/30gib-9.bin,155,33554432,423.47,,
0,bench/30gib-9.bin,156,33554432,472.61,,
0,bench/30gib-9.bin,157,33554432,344.00,,
0,bench/30gib-9.bin,158,33554432,396.73,,
0,bench/30gib-9.bin,159,33554432,492.69,,
0,bench/30gib-9.bin,160,33554432,397.81,,
0,bench/30gib-9.bin,161,33554432,423.26,,
0,bench/30gib-9.bin,162,33554432,353.06,,
0,bench/30gib-9.bin,163,33554432,430.01,,
0,bench/30gib-9.bin,164,33554432,445.79,,
0,bench/30gib-9.bin,165,33554432,341.53,,
0,bench/30gib-9.bin,166,33554432,439.90,,
0,bench/30gib-9.bin,167,33554432,366.00,,
0,bench/30gib-9.bin,168,33554432,536.28,,
0,bench/30gib-9.bin,169,33554432,447.83,,
0,bench/30gib-9.bin,170,33554432,342.01,,
0,bench/30gib-9.bin,171,33554432,412.05,,
0,bench/30gib-9.bin,172,33554432,408.14,,
0,bench/30gib-9.bin,173,33554432,400.71,,
0,bench/30gib-9.bin,174,33554432,361.01,,
0,bench/30gib-9.bin,175,33554432,354.30,,
0,bench/30gib-9.bin,176,33554432,511.32,,
0,bench/30gib-9.bin,177,33554432,450.14,,
0,bench/30gib-9.bin,178,33554432,467.52,,
0,bench/30gib-9.bin,179,33554432,485.30,,
0,bench/30gib-9.bin,180,33554432,481.34,,
0,bench/30gib-9.bin,181,33554432,373.65,,
0,bench/30gib-9.bin,182,33554432,415.91,,
0,bench/30gib-9.bin,183,33554432,470.66,,
0,bench/30gib-9.bin,184,33554432,945.59,,
0,bench/30gib-9.bin,185,33554432,446.25,,
0,bench/30gib-9.bin,186,33554432,392.33,,
0,bench/30gib-9.bin,187,33554432,344.66,,
0,bench/30gib-9.bin,188,33554432,463.37,,
0,bench/30gib-9.bin,189,33554432,557.61,,
0,bench/30gib-9.bin,190,33554432,462.96,,
0,bench/30gib-9.bin,191,33554432,386.11,,
0,bench/30gib-9.bin,192,33554432,546.25,,
0,bench/30gib-9.bin,193,33554432,446.38,,
0,bench/30gib-9.bin,194,33554432,503.95,,
0,bench/30gib-9.bin,195,33554432,424.17,,
0,bench/30gib-9.bin,196,33554432,725.48,,
0,bench/30gib-9.bin,197,33554432,341.38,,
0,bench/30gib-9.bin,198,33554432,348.31,,
0,bench/30gib-9.bin,199,33554432,425.74,,
0,bench/30gib-9.bin,200,33554432,432.61,,
0,bench/30gib-9.bin,201,33554432,493.02,,
0,bench/30gib-9.bin,202,33554432,528.12,,
0,bench/30gib-9.bin,203,33554432,511.17,,
0,bench/30gib-9.bin,204,33554432,372.16,,
0,bench/30gib-9.bin,205,33554432,346.04,,
0,bench/30gib-9.bin,206,33554432,459.53,,
0,bench/30gib-9.bin,207,33554432,441.69,,
0,bench/30gib-9.bin,208,33554432,441.71,,
0,bench/30gib-9.bin,209,33554432,347.42,,
0,bench/30gib-9.bin,210,33554432,342.09,,
0,bench/30gib-9.bin,211,33554432,358.81,,
0,bench/30gib-9.bin,212,33554432,364.34,,
0,bench/30gib-9.bin,213,33554432,464.54,,
0,bench/30gib-9.bin,214,33554432,553.00,,
0,bench/30gib-9.bin,215,33554432,428.15,,
0,bench/30gib-9.bin,216,33554432,435.23,,
0,bench/30gib-9.bin,217,33554432,408.13,,
0,bench/30gib-9.bin,218,33554432,417.30,,
0,bench/30gib-9.bin,219,33554432,356.36,,
0,bench/30gib-9.bin,220,33554432,463.31,,
0,bench/30gib-9.bin,221,33554432,344.24,,
0,bench/30gib-9.bin,222,33554432,500.90,,
0,bench/30gib-9.bin,223,33554432,357.40,,
0,bench/30gib-9.bin,224,33554432,392.54,,
0,bench/30gib-9.bin,225,33554432,340.97,,
0,bench/30gib-9.bin,226,33554432,476.84,,
0,bench/30gib-9.bin,227,33554432,399.80,,
0,bench/30gib-9.bin,228,33554432,409.90,,
0,bench/30gib-9.bin,229,33554432,491.13,,
0,bench/30gib-9.bin,230,33554432,520.30,,
0,bench/30gib-9.bin,231,33554432,380.68,,
0,bench/30gib-9.bin,232,33554432,461.23,,
0,bench/30gib-9.bin,233,33554432,471.72,,
0,bench/30gib-9.bin,234,33554432,410.86,,
0,bench/30gib-9.bin,235,33554432,349.66,,
0,bench/30gib-9.bin,236,33554432,472.83,,
0,bench/30gib-9.bin,237,33554432,378.35,,
0,bench/30gib-9.bin,238,33554432,576.74,,
0,bench/30gib-9.bin,239,33554432,379.35,,
0,bench/30gib-9.bin,240,33554432,502.91,,
0,bench/30gib-9.bin,241,33554432,549.30,,
0,bench/30gib-9.bin,242,33554432,470.90,,
0,bench/30gib-9.bin,243,33554432,384.66,,
0,bench/30gib-9.bin,244,33554432,508.89,,
0,bench/30gib-9.bin,245,33554432,472.74,,
0,bench/30gib-9.bin,246,33554432,621.62,,
0,bench/30gib-9.bin,247,33554432,376.32,,
0,bench/30gib-9.bin,248,33554432,351.46,,
0,bench/30gib-9.bin,249,33554432,339.45,,
0,bench/30gib-9.bin,250,33554432,358.37,,
0,bench/30gib-9.bin,251,33554432,517.94,,
0,bench/30gib-9.bin,252,33554432,473.38,,
0,bench/30gib-9.bin,253,33554432,382.76,,
0,bench/30gib-9.bin,254,33554432,464.56,,
0,bench/30gib-9.bin,255,33554432,501.09,,
0,bench/30gib-9.bin,256,33554432,432.36,,
0,bench/30gib-9.bin,257,33554432,477.29,,
0,bench/30gib-9.bin,258,33554432,347.28,,
0,bench/30gib-9.bin,259,33554432,354.40,,
0,bench/30gib-9.bin,260,33554432,516.24,,
0,bench/30gib-9.bin,261,33554432,437.16,,
0,bench/30gib-9.bin,262,33554432,445.31,,
0,bench/30gib-9.bin,263,33554432,465.79,,
0,bench/30gib-9.bin,264,33554432,352.80,,
0,bench/30gib-9.bin,265,33554432,357.80,,
0,bench/30gib-9.bin,266,33554432,409.51,,
0,bench/30gib-9.bin,267,33554432,496.58,,
0,bench/30gib-9.bin,268,33554432,345.41,,
0,bench/30gib-9.bin,269,33554432,361.68,,
0,bench/30gib-9.bin,270,33554432,347.28,,
0,bench/30gib-9.bin,271,33554432,358.03,,
0,bench/30gib-9.bin,272,33554432,496.11,,
0,bench/30gib-9.bin,273,33554432,923.55,,
0,bench/30gib-9.bin,274,33554432,478.34,,
0,bench/30gib-9.bin,275,33554432,396.35,,
0,bench/30gib-9.bin,276,33554432,488.83,,
0,bench/30gib-9.bin,277,33554432,547.46,,
0,bench/30gib-9.bin,278,33554432,420.15,,
0,bench/30gib-9.bin,279,33554432,445.94,,
0,bench/30gib-9.bin,280,33554432,441.56,,
0,bench/30gib-9.bin,281,33554432,350.35,,
0,bench/30gib-9.bin,282,33554432,492.13,,
0,bench/30gib-9.bin,283,33554432,442.19,,
0,bench/30gib-9.bin,284,33554432,387.98,,
0,bench/30gib-9.bin,285,33554432,517.93,,
0,bench/30gib-9.bin,286,33554432,348.37,,
0,bench/30gib-9.bin,287,33554432,448.98,,
0,bench/30gib-9.bin,288,33554432,364.86,,
0,bench/30gib-9.bin,289,33554432,541.54,,
0,bench/30gib-9.bin,290,33554432,454.42,,
0,bench/30gib-9.bin,291,33554432,574.60,,
0,bench/30gib-9.bin,292,33554432,350.73,,
0,bench/30gib-9.bin,293,33554432,466.60,,
0,bench/30gib-9.bin,294,33554432,588.74,,
0,bench/30gib-9.bin,295,33554432,430.76,,
0,bench/30gib-9.bin,296,33554432,452.15,,
0,bench/30gib-9.bin,297,33554432,348.29,,
0,bench/30gib-9.bin,298,33554432,423.20,,
0,bench/30gib-9.bin,299,33554432,353.75,,
0,bench/30gib-9.bin,300,33554432,485.67,,
0,bench/30gib-9.bin,301,33554432,428.60,,
0,bench/30gib-9.bin,302,33554432,435.03,,
0,bench/30gib-9.bin,303,33554432,453.01,,
0,bench/30gib-9.bin,304,33554432,407.02,,
0,bench/30gib-9.bin,305,33554432,508.25,,
0,bench/30gib-9.bin,306,33554432,467.81,,
0,bench/30gib-9.bin,307,33554432,402.80,,
0,bench/30gib-9.bin,308,33554432,850.55,,
0,bench/30gib-9.bin,309,33554432,512.85,,
0,bench/30gib-9.bin,310,33554432,434.30,,
0,bench/30gib-9.bin,311,33554432,427.70,,
0,bench/30gib-9.bin,312,33554432,403.13,,
0,bench/30gib-9.bin,313,33554432,367.20,,
0,bench/30gib-9.bin,314,33554432,487.99,,
0,bench/30gib-9.bin,315,33554432,588.48,,
0,bench/30gib-9.bin,316,33554432,342.06,,
0,bench/30gib-9.bin,317,33554432,390.17,,
0,bench/30gib-9.bin,318,33554432,363.78,,
0,bench/30gib-9.bin,319,33554432,366.06,,
0,bench/30gib-9.bin,320,33554432,341.72,,
0,bench/30gib-9.bin,321,33554432,510.30,,
0,bench/30gib-9.bin,322,33554432,570.48,,
0,bench/30gib-9.bin,323,33554432,503.85,,
0,bench/30gib-9.bin,324,33554432,514.08,,
0,bench/30gib-9.bin,325,33554432,391.53,,
0,bench/30gib-9.bin,326,33554432,487.17,,
0,bench/30gib-9.bin,327,33554432,414.22,,
0,bench/30gib-9.bin,328,33554432,416.69,,
0,bench/30gib-9.bin,329,33554432,590.84,,
0,bench/30gib-9.bin,330,33554432,491.32,,
0,bench/30gib-9.bin,331,33554432,701.69,,
0,bench/30gib-9.bin,332,33554432,473.49,,
0,bench/30gib-9.bin,333,33554432,372.95,,
0,bench/30gib-9.bin,334,33554432,482.08,,
0,bench/30gib-9.bin,335,33554432,472.63,,
0,bench/30gib-9.bin,336,33554432,536.98,,
0,bench/30gib-9.bin,337,33554432,510.36,,
0,bench/30gib-9.bin,338,33554432,522.67,,
0,bench/30gib-9.bin,339,33554432,354.89,,
0,bench/30gib-9.bin,340,33554432,421.40,,
0,bench/30gib-9.bin,341,33554432,466.05,,
0,bench/30gib-9.bin,342,33554432,557.29,,
0,bench/30gib-9.bin,343,33554432,500.90,,
0,bench/30gib-9.bin,344,33554432,340.63,,
0,bench/30gib-9.bin,345,33554432,527.52,,
0,bench/30gib-9.bin,346,33554432,342.61,,
0,bench/30gib-9.bin,347,33554432,489.02,,
0,bench/30gib-9.bin,348,33554432,343.88,,
0,bench/30gib-9.bin,349,33554432,571.23,,
0,bench/30gib-9.bin,350,33554432,454.20,,
0,bench/30gib-9.bin,351,33554432,419.59,,
0,bench/30gib-9.bin,352,33554432,374.41,,
0,bench/30gib-9.bin,353,33554432,539.75,,
0,bench/30gib-9.bin,354,33554432,361.10,,
0,bench/30gib-9.bin,355,33554432,687.86,,
0,bench/30gib-9.bin,356,33554432,1543.91,,
0,bench/30gib-9.bin,357,33554432,567.71,,
0,bench/30gib-9.bin,358,33554432,443.89,,
0,bench/30gib-9.bin,359,33554432,410.16,,
0,bench/30gib-9.bin,360,33554432,345.76,,
0,bench/30gib-9.bin,361,33554432,514.95,,
0,bench/30gib-9.bin,362,33554432,566.33,,
0,bench/30gib-9.bin,363,33554432,554.99,,
0,bench/30gib-9.bin,364,33554432,476.70,,
0,bench/30gib-9.bin,365,33554432,411.47,,
0,bench/30gib-9.bin,366,33554432,343.75,,
0,bench/30gib-9.bin,367,33554432,398.01,,
0,bench/30gib-9.bin,368,33554432,849.34,,
0,bench/30gib-9.bin,369,33554432,627.24,,
0,bench/30gib-9.bin,370,33554432,460.08,,
0,bench/30gib-9.bin,371,33554432,402.74,,
0,bench/30gib-9.bin,372,33554432,934.65,,
0,bench/30gib-9.bin,373,33554432,451.45,,
0,bench/30gib-9.bin,374,33554432,439.79,,
0,bench/30gib-9.bin,375,33554432,483.67,,
0,bench/30gib-9.bin,376,33554432,443.61,,
0,bench/30gib-9.bin,377,33554432,540.57,,
0,bench/30gib-9.bin,378,33554432,399.38,,
0,bench/30gib-9.bin,379,33554432,388.49,,
0,bench/30gib-9.bin,380,33554432,413.32,,
0,bench/30gib-9.bin,381,33554432,348.08,,
0,bench/30gib-9.bin,382,33554432,428.28,,
0,bench/30gib-9.bin,383,33554432,407.90,,
0,bench/30gib-9.bin,384,33554432,457.75,,
0,bench/30gib-9.bin,385,33554432,406.57,,
0,bench/30gib-9.bin,386,33554432,382.96,,
0,bench/30gib-9.bin,387,33554432,363.49,,
0,bench/30gib-9.bin,388,33554432,389.91,,
0,bench/30gib-9.bin,389,33554432,475.30,,
0,bench/30gib-9.bin,390,33554432,432.20,,
0,bench/30gib-9.bin,391,33554432,383.81,,
0,bench/30gib-9.bin,392,33554432,458.97,,
0,bench/30gib-9.bin,393,33554432,445.16,,
0,bench/30gib-9.bin,394,33554432,629.14,,
0,bench/30gib-9.bin,395,33554432,344.62,,
0,bench/30gib-9.bin,396,33554432,344.95,,
0,bench/30gib-9.bin,397,33554432,433.85,,
0,bench/30gib-9.bin,398,33554432,532.69,,
0,bench/30gib-9.bin,399,33554432,536.28,,
0,bench/30gib-9.bin,400,33554432,531.45,,
0,bench/30gib-9.bin,401,33554432,470.86,,
0,bench/30gib-9.bin,402,33554432,632.90,,
0,bench/30gib-9.bin,403,33554432,460.90,,
0,bench/30gib-9.bin,404,33554432,355.49,,
0,bench/30gib-9.bin,405,33554432,556.75,,
0,bench/30gib-9.bin,406,33554432,547.74,,
0,bench/30gib-9.bin,407,33554432,430.16,,
0,bench/30gib-9.bin,408,33554432,466.50,,
0,bench/30gib-9.bin,409,33554432,390.67,,
0,bench/30gib-9.bin,410,33554432,667.93,,
0,bench/30gib-9.bin,411,33554432,483.35,,
0,bench/30gib-9.bin,412,33554432,459.89,,
0,bench/30gib-9.bin,413,33554432,472.09,,
0,bench/30gib-9.bin,414,33554432,514.85,,
0,bench/30gib-9.bin,415,33554432,350.99,,
0,bench/30gib-9.bin,416,33554432,498.80,,
0,bench/30gib-9.bin,417,33554432,349.21,,
0,bench/30gib-9.bin,418,33554432,452.44,,
0,bench/30gib-9.bin,419,33554432,549.13,,
0,bench/30gib-9.bin,420,33554432,352.30,,
0,bench/30gib-9.bin,421,33554432,448.92,,
0,bench/30gib-9.bin,422,33554432,614.69,,
0,bench/30gib-9.bin,423,33554432,540.75,,
0,bench/30gib-9.bin,424,33554432,494.46,,
0,bench/30gib-9.bin,425,33554432,497.21,,
0,bench/30gib-9.bin,426,33554432,347.68,,
0,bench/30gib-9.bin,427,33554432,448.56,,
0,bench/30gib-9.bin,428,33554432,638.59,,
0,bench/30gib-9.bin,429,33554432,446.26,,
0,bench/30gib-9.bin,430,33554432,512.43,,
0,bench/30gib-9.bin,431,33554432,430.16,,
0,bench/30gib-9.bin,432,33554432,530.10,,
0,bench/30gib-9.bin,433,33554432,396.91,,
0,bench/30gib-9.bin,434,33554432,603.53,,
0,bench/30gib-9.bin,435,33554432,398.82,,
0,bench/30gib-9.bin,436,33554432,350.29,,
0,bench/30gib-9.bin,437,33554432,635.88,,
0,bench/30gib-9.bin,438,33554432,656.15,,
0,bench/30gib-9.bin,439,33554432,364.71,,
0,bench/30gib-9.bin,440,33554432,434.74,,
0,bench/30gib-9.bin,441,33554432,1141.48,,
0,bench/30gib-9.bin,442,33554432,406.04,,
0,bench/30gib-9.bin,443,33554432,344.26,,
0,bench/30gib-9.bin,444,33554432,565.56,,
0,bench/30gib-9.bin,445,33554432,382.54,,
0,bench/30gib-9.bin,446,33554432,886.59,,
0,bench/30gib-9.bin,447,33554432,385.53,,
0,bench/30gib-9.bin,448,33554432,655.13,,
0,bench/30gib-9.bin,449,33554432,497.61,,
0,bench/30gib-9.bin,450,33554432,397.28,,
0,bench/30gib-9.bin,451,33554432,505.62,,
0,bench/30gib-9.bin,452,33554432,412.53,,
0,bench/30gib-9.bin,453,33554432,354.30,,
0,bench/30gib-9.bin,454,33554432,374.48,,
0,bench/30gib-9.bin,455,33554432,360.43,,
0,bench/30gib-9.bin,456,33554432,437.26,,
0,bench/30gib-9.bin,457,33554432,505.25,,
0,bench/30gib-9.bin,458,33554432,493.67,,
0,bench/30gib-9.bin,459,33554432,778.31,,
0,bench/30gib-9.bin,460,33554432,477.84,,
0,bench/30gib-9.bin,461,33554432,344.74,,
0,bench/30gib-9.bin,462,33554432,440.44,,
0,bench/30gib-9.bin,463,33554432,785.10,,
0,bench/30gib-9.bin,464,33554432,448.39,,
0,bench/30gib-9.bin,465,33554432,442.56,,
0,bench/30gib-9.bin,466,33554432,515.27,,
0,bench/30gib-9.bin,467,33554432,565.63,,
0,bench/30gib-9.bin,468,33554432,498.82,,
0,bench/30gib-9.bin,469,33554432,341.05,,
0,bench/30gib-9.bin,470,33554432,357.67,,
0,bench/30gib-9.bin,471,33554432,514.41,,
0,bench/30gib-9.bin,472,33554432,467.66,,
0,bench/30gib-9.bin,473,33554432,459.54,,
0,bench/30gib-9.bin,474,33554432,368.86,,
0,bench/30gib-9.bin,475,33554432,454.79,,
0,bench/30gib-9.bin,476,33554432,402.81,,
0,bench/30gib-9.bin,477,33554432,524.87,,
0,bench/30gib-9.bin,478,33554432,533.65,,
0,bench/30gib-9.bin,479,33554432,417.61,,
0,bench/30gib-9.bin,480,33554432,345.30,,
0,bench/30gib-9.bin,481,33554432,410.70,,
0,bench/30gib-9.bin,482,33554432,343.51,,
0,bench/30gib-9.bin,483,33554432,619.41,,
0,bench/30gib-9.bin,484,33554432,351.53,,
0,bench/30gib-9.bin,485,33554432,560.34,,
0,bench/30gib-9.bin,486,33554432,477.25,,
0,bench/30gib-9.bin,487,33554432,504.97,,
0,bench/30gib-9.bin,488,33554432,594.41,,
0,bench/30gib-9.bin,489,33554432,453.61,,
0,bench/30gib-9.bin,490,33554432,414.55,,
0,bench/30gib-9.bin,491,33554432,351.52,,
0,bench/30gib-9.bin,492,33554432,343.26,,
0,bench/30gib-9.bin,493,33554432,341.93,,
0,bench/30gib-9.bin,494,33554432,553.75,,
0,bench/30gib-9.bin,495,33554432,395.32,,
0,bench/30gib-9.bin,496,33554432,487.19,,
0,bench/30gib-9.bin,497,33554432,493.54,,
0,bench/30gib-9.bin,498,33554432,340.90,,
0,bench/30gib-9.bin,499,33554432,358.51,,
0,bench/30gib-9.bin,500,33554432,405.41,,
0,bench/30gib-9.bin,501,33554432,408.20,,
0,bench/30gib-9.bin,502,33554432,457.26,,
0,bench/30gib-9.bin,503,33554432,373.39,,
0,bench/30gib-9.bin,504,33554432,485.46,,
0,bench/30gib-9.bin,505,33554432,470.49,,
0,bench/30gib-9.bin,506,33554432,487.99,,
0,bench/30gib-9.bin,507,33554432,507.33,,
0,bench/30gib-9.bin,508,33554432,351.93,,
0,bench/30gib-9.bin,509,33554432,490.86,,
0,bench/30gib-9.bin,510,33554432,634.63,,
0,bench/30gib-9.bin,511,33554432,580.24,,
0,bench/30gib-9.bin,512,33554432,441.67,,
0,bench/30gib-9.bin,513,33554432,434.09,,
0,bench/30gib-9.bin,514,33554432,416.19,,
0,bench/30gib-9.bin,515,33554432,343.37,,
0,bench/30gib-9.bin,516,33554432,368.90,,
0,bench/30gib-9.bin,517,33554432,715.40,,
0,bench/30gib-9.bin,518,33554432,419.52,,
0,bench/30gib-9.bin,519,33554432,341.83,,
0,bench/30gib-9.bin,520,33554432,574.21,,
0,bench/30gib-9.bin,521,33554432,474.33,,
0,bench/30gib-9.bin,522,33554432,603.70,,
0,bench/30gib-9.bin,523,33554432,350.28,,
0,bench/30gib-9.bin,524,33554432,562.36,,
0,bench/30gib-9.bin,525,33554432,491.86,,
0,bench/30gib-9.bin,526,33554432,349.98,,
0,bench/30gib-9.bin,527,33554432,490.06,,
0,bench/30gib-9.bin,528,33554432,529.90,,
0,bench/30gib-9.bin,529,33554432,466.54,,
0,bench/30gib-9.bin,530,33554432,411.12,,
0,bench/30gib-9.bin,531,33554432,754.45,,
0,bench/30gib-9.bin,532,33554432,489.20,,
0,bench/30gib-9.bin,533,33554432,615.56,,
0,bench/30gib-9.bin,534,33554432,560.57,,
0,bench/30gib-9.bin,535,33554432,403.65,,
0,bench/30gib-9.bin,536,33554432,397.61,,
0,bench/30gib-9.bin,537,33554432,410.91,,
0,bench/30gib-9.bin,538,33554432,755.19,,
0,bench/30gib-9.bin,539,33554432,525.13,,
0,bench/30gib-9.bin,540,33554432,561.43,,
0,bench/30gib-9.bin,541,33554432,372.64,,
0,bench/30gib-9.bin,542,33554432,446.48,,
0,bench/30gib-9.bin,543,33554432,460.70,,
0,bench/30gib-9.bin,544,33554432,461.13,,
0,bench/30gib-9.bin,545,33554432,346.62,,
0,bench/30gib-9.bin,546,33554432,386.56,,
0,bench/30gib-9.bin,547,33554432,702.87,,
0,bench/30gib-9.bin,548,33554432,396.65,,
0,bench/30gib-9.bin,549,33554432,342.45,,
0,bench/30gib-9.bin,550,33554432,416.15,,
0,bench/30gib-9.bin,551,33554432,345.97,,
0,bench/30gib-9.bin,552,33554432,395.36,,
0,bench/30gib-9.bin,553,33554432,530.17,,
0,bench/30gib-9.bin,554,33554432,816.65,,
0,bench/30gib-9.bin,555,33554432,370.65,,
0,bench/30gib-9.bin,556,33554432,385.73,,
0,bench/30gib-9.bin,557,33554432,491.56,,
0,bench/30gib-9.bin,558,33554432,342.24,,
0,bench/30gib-9.bin,559,33554432,464.22,,
0,bench/30gib-9.bin,560,33554432,532.01,,
0,bench/30gib-9.bin,561,33554432,442.49,,
0,bench/30gib-9.bin,562,33554432,432.60,,
0,bench/30gib-9.bin,563,33554432,372.00,,
0,bench/30gib-9.bin,564,33554432,569.97,,
0,bench/30gib-9.bin,565,33554432,444.13,,
0,bench/30gib-9.bin,566,33554432,402.48,,
0,bench/30gib-9.bin,567,33554432,402.12,,
0,bench/30gib-9.bin,568,33554432,466.16,,
0,bench/30gib-9.bin,569,33554432,410.16,,
0,bench/30gib-9.bin,570,33554432,443.87,,
0,bench/30gib-9.bin,571,33554432,350.84,,
0,bench/30gib-9.bin,572,33554432,523.94,,
0,bench/30gib-9.bin,573,33554432,540.37,,
0,bench/30gib-9.bin,574,33554432,554.97,,
0,bench/30gib-9.bin,575,33554432,955.25,,
0,bench/30gib-9.bin,576,33554432,514.72,,
0,bench/30gib-9.bin,577,33554432,486.04,,
0,bench/30gib-9.bin,578,33554432,371.10,,
0,bench/30gib-9.bin,579,33554432,671.87,,
0,bench/30gib-9.bin,580,33554432,498.13,,
0,bench/30gib-9.bin,581,33554432,438.71,,
0,bench/30gib-9.bin,582,33554432,780.96,,
0,bench/30gib-9.bin,583,33554432,391.70,,
0,bench/30gib-9.bin,584,33554432,429.84,,
0,bench/30gib-9.bin,585,33554432,560.15,,
0,bench/30gib-9.bin,586,33554432,658.70,,
0,bench/30gib-9.bin,587,33554432,542.97,,
0,bench/30gib-9.bin,588,33554432,472.31,,
0,bench/30gib-9.bin,589,33554432,518.80,,
0,bench/30gib-9.bin,590,33554432,392.11,,
0,bench/30gib-9.bin,591,33554432,479.68,,
0,bench/30gib-9.bin,592,33554432,407.94,,
0,bench/30gib-9.bin,593,33554432,513.72,,
0,bench/30gib-9.bin,594,33554432,395.57,,
0,bench/30gib-9.bin,595,33554432,438.58,,
0,bench/30gib-9.bin,596,33554432,383.68,,
0,bench/30gib-9.bin,597,33554432,445.63,,
0,bench/30gib-9.bin,598,33554432,350.48,,
0,bench/30gib-9.bin,599,33554432,474.43,,
0,bench/30gib-9.bin,600,33554432,604.44,,
0,bench/30gib-9.bin,601,33554432,345.80,,
0,bench/30gib-9.bin,602,33554432,344.99,,
0,bench/30gib-9.bin,603,33554432,586.86,,
0,bench/30gib-9.bin,604,33554432,584.74,,
0,bench/30gib-9.bin,605,33554432,359.86,,
0,bench/30gib-9.bin,606,33554432,392.90,,
0,bench/30gib-9.bin,607,33554432,522.52,,
0,bench/30gib-9.bin,608,33554432,358.01,,
0,bench/30gib-9.bin,609,33554432,489.40,,
0,bench/30gib-9.bin,610,33554432,400.68,,
0,bench/30gib-9.bin,611,33554432,652.47,,
0,bench/30gib-9.bin,612,33554432,407.84,,
0,bench/30gib-9.bin,613,33554432,383.11,,
0,bench/30gib-9.bin,614,33554432,342.19,,
0,bench/30gib-9.bin,615,33554432,373.29,,
0,bench/30gib-9.bin,616,33554432,467.58,,
0,bench/30gib-9.bin,617,33554432,481.44,,
0,bench/30gib-9.bin,618,33554432,468.31,,
0,bench/30gib-9.bin,619,33554432,766.48,,
0,bench/30gib-9.bin,620,33554432,456.51,,
0,bench/30gib-9.bin,621,33554432,377.33,,
0,bench/30gib-9.bin,622,33554432,791.95,,
0,bench/30gib-9.bin,623,33554432,586.54,,
0,bench/30gib-9.bin,624,33554432,486.42,,
0,bench/30gib-9.bin,625,33554432,478.46,,
0,bench/30gib-9.bin,626,33554432,611.47,,
0,bench/30gib-9.bin,627,33554432,506.20,,
0,bench/30gib-9.bin,628,33554432,340.67,,
0,bench/30gib-9.bin,629,33554432,503.86,,
0,bench/30gib-9.bin,630,33554432,421.98,,
0,bench/30gib-9.bin,631,33554432,608.96,,
0,bench/30gib-9.bin,632,33554432,532.76,,
0,bench/30gib-9.bin,633,33554432,435.11,,
0,bench/30gib-9.bin,634,33554432,658.48,,
0,bench/30gib-9.bin,635,33554432,549.00,,
0,bench/30gib-9.bin,636,33554432,595.61,,
0,bench/30gib-9.bin,637,33554432,354.81,,
0,bench/30gib-9.bin,638,33554432,467.42,,
0,bench/30gib-9.bin,639,33554432,462.98,,
0,bench/30gib-9.bin,640,33554432,446.37,,
0,bench/30gib-9.bin,641,33554432,999.93,,
0,bench/30gib-9.bin,642,33554432,448.46,,
0,bench/30gib-9.bin,643,33554432,483.29,,
0,bench/30gib-9.bin,644,33554432,445.20,,
0,bench/30gib-9.bin,645,33554432,397.52,,
0,bench/30gib-9.bin,646,33554432,350.71,,
0,bench/30gib-9.bin,647,33554432,383.46,,
0,bench/30gib-9.bin,648,33554432,380.68,,
0,bench/30gib-9.bin,649,33554432,437.52,,
0,bench/30gib-9.bin,650,33554432,472.26,,
0,bench/30gib-9.bin,651,33554432,347.84,,
0,bench/30gib-9.bin,652,33554432,369.41,,
0,bench/30gib-9.bin,653,33554432,364.97,,
0,bench/30gib-9.bin,654,33554432,602.37,,
0,bench/30gib-9.bin,655,33554432,528.23,,
0,bench/30gib-9.bin,656,33554432,420.38,,
0,bench/30gib-9.bin,657,33554432,377.48,,
0,bench/30gib-9.bin,658,33554432,402.10,,
0,bench/30gib-9.bin,659,33554432,467.03,,
0,bench/30gib-9.bin,660,33554432,622.34,,
0,bench/30gib-9.bin,661,33554432,402.33,,
0,bench/30gib-9.bin,662,33554432,386.02,,
0,bench/30gib-9.bin,663,33554432,415.77,,
0,bench/30gib-9.bin,664,33554432,343.98,,
0,bench/30gib-9.bin,665,33554432,520.30,,
0,bench/30gib-9.bin,666,33554432,361.71,,
0,bench/30gib-9.bin,667,33554432,388.37,,
0,bench/30gib-9.bin,668,33554432,548.03,,
0,bench/30gib-9.bin,669,33554432,402.96,,
0,bench/30gib-9.bin,670,33554432,383.58,,
0,bench/30gib-9.bin,671,33554432,525.95,,
0,bench/30gib-9.bin,672,33554432,487.26,,
0,bench/30gib-9.bin,673,33554432,519.25,,
0,bench/30gib-9.bin,674,33554432,396.34,,
0,bench/30gib-9.bin,675,33554432,455.39,,
0,bench/30gib-9.bin,676,33554432,494.93,,
0,bench/30gib-9.bin,677,33554432,600.10,,
0,bench/30gib-9.bin,678,33554432,596.72,,
0,bench/30gib-9.bin,679,33554432,548.84,,
0,bench/30gib-9.bin,680,33554432,390.51,,
0,bench/30gib-9.bin,681,33554432,341.79,,
0,bench/30gib-9.bin,682,33554432,564.90,,
0,bench/30gib-9.bin,683,33554432,413.67,,
0,bench/30gib-9.bin,684,33554432,377.60,,
0,bench/30gib-9.bin,685,33554432,524.71,,
0,bench/30gib-9.bin,686,33554432,364.60,,
0,bench/30gib-9.bin,687,33554432,428.56,,
0,bench/30gib-9.bin,688,33554432,343.08,,
0,bench/30gib-9.bin,689,33554432,428.77,,
0,bench/30gib-9.bin,690,33554432,370.20,,
0,bench/30gib-9.bin,691,33554432,575.05,,
0,bench/30gib-9.bin,692,33554432,472.16,,
0,bench/30gib-9.bin,693,33554432,384.29,,
0,bench/30gib-9.bin,694,33554432,369.52,,
0,bench/30gib-9.bin,695,33554432,389.80,,
0,bench/30gib-9.bin,696,33554432,469.86,,
0,bench/30gib-9.bin,697,33554432,389.40,,
0,bench/30gib-9.bin,698,33554432,653.08,,
0,bench/30gib-9.bin,699,33554432,546.83,,
0,bench/30gib-9.bin,700,33554432,471.38,,
0,bench/30gib-9.bin,701,33554432,410.15,,
0,bench/30gib-9.bin,702,33554432,344.88,,
0,bench/30gib-9.bin,703,33554432,549.34,,
0,bench/30gib-9.bin,704,33554432,609.35,,
0,bench/30gib-9.bin,705,33554432,571.52,,
0,bench/30gib-9.bin,706,33554432,765.05,,
0,bench/30gib-9.bin,707,33554432,354.05,,
0,bench/30gib-9.bin,708,33554432,404.28,,
0,bench/30gib-9.bin,709,33554432,509.99,,
0,bench/30gib-9.bin,710,33554432,565.83,,
0,bench/30gib-9.bin,711,33554432,388.20,,
0,bench/30gib-9.bin,712,33554432,467.28,,
0,bench/30gib-9.bin,713,33554432,430.41,,
0,bench/30gib-9.bin,714,33554432,1120.86,,
0,bench/30gib-9.bin,715,33554432,521.13,,
0,bench/30gib-9.bin,716,33554432,529.75,,
0,bench/30gib-9.bin,717,33554432,437.67,,
0,bench/30gib-9.bin,718,33554432,637.79,,
0,bench/30gib-9.bin,719,33554432,439.27,,
0,bench/30gib-9.bin,720,33554432,386.97,,
0,bench/30gib-9.bin,721,33554432,395.19,,
0,bench/30gib-9.bin,722,33554432,441.21,,
0,bench/30gib-9.bin,723,33554432,365.43,,
0,bench/30gib-9.bin,724,33554432,341.99,,
0,bench/30gib-9.bin,725,33554432,414.65,,
0,bench/30gib-9.bin,726,33554432,478.12,,
0,bench/30gib-9.bin,727,33554432,357.76,,
0,bench/30gib-9.bin,728,33554432,435.70,,
0,bench/30gib-9.bin,729,33554432,358.00,,
0,bench/30gib-9.bin,730,33554432,393.70,,
0,bench/30gib-9.bin,731,33554432,382.41,,
0,bench/30gib-9.bin,732,33554432,497.68,,
0,bench/30gib-9.bin,733,33554432,374.73,,
0,bench/30gib-9.bin,734,33554432,540.54,,
0,bench/30gib-9.bin,735,33554432,474.61,,
0,bench/30gib-9.bin,736,33554432,459.41,,
0,bench/30gib-9.bin,737,33554432,475.14,,
0,bench/30gib-9.bin,738,33554432,385.47,,
0,bench/30gib-9.bin,739,33554432,349.05,,
0,bench/30gib-9.bin,740,33554432,361.33,,
0,bench/30gib-9.bin,741,33554432,521.34,,
0,bench/30gib-9.bin,742,33554432,404.31,,
0,bench/30gib-9.bin,743,33554432,453.88,,
0,bench/30gib-9.bin,744,33554432,419.48,,
0,bench/30gib-9.bin,745,33554432,526.69,,
0,bench/30gib-9.bin,746,33554432,378.63,,
0,bench/30gib-9.bin,747,33554432,574.20,,
0,bench/30gib-9.bin,748,33554432,514.15,,
0,bench/30gib-9.bin,749,33554432,347.84,,
0,bench/30gib-9.bin,750,33554432,1131.14,,
0,bench/30gib-9.bin,751,33554432,421.09,,
0,bench/30gib-9.bin,752,33554432,598.22,,
0,bench/30gib-9.bin,753,33554432,523.42,,
0,bench/30gib-9.bin,754,33554432,352.00,,
0,bench/30gib-9.bin,755,33554432,340.55,,
0,bench/30gib-9.bin,756,33554432,456.67,,
0,bench/30gib-9.bin,757,33554432,342.77,,
0,bench/30gib-9.bin,758,33554432,390.44,,
0,bench/30gib-9.bin,759,33554432,508.88,,
0,bench/30gib-9.bin,760,33554432,531.34,,
0,bench/30gib-9.bin,761,33554432,349.55,,
0,bench/30gib-9.bin,762,33554432,1012.29,,
0,bench/30gib-9.bin,763,33554432,450.47,,
0,bench/30gib-9.bin,764,33554432,565.31,,
0,bench/30gib-9.bin,765,33554432,525.10,,
0,bench/30gib-9.bin,766,33554432,458.42,,
0,bench/30gib-9.bin,767,33554432,367.84,,
0,bench/30gib-9.bin,768,33554432,660.27,,
0,bench/30gib-9.bin,769,33554432,555.76,,
0,bench/30gib-9.bin,770,33554432,344.77,,
0,bench/30gib-9.bin,771,33554432,389.15,,
0,bench/30gib-9.bin,772,33554432,347.80,,
0,bench/30gib-9.bin,773,33554432,525.51,,
0,bench/30gib-9.bin,774,33554432,444.53,,
0,bench/30gib-9.bin,775,33554432,480.91,,
0,bench/30gib-9.bin,776,33554432,410.89,,
0,bench/30gib-9.bin,777,33554432,479.37,,
0,bench/30gib-9.bin,778,33554432,414.72,,
0,bench/30gib-9.bin,779,33554432,428.94,,
0,bench/30gib-9.bin,780,33554432,504.79,,
0,bench/30gib-9.bin,781,33554432,438.66,,
0,bench/30gib-9.bin,782,33554432,411.20,,
0,bench/30gib-9.bin,783,33554432,384.05,,
0,bench/30gib-9.bin,784,33554432,511.69,,
0,bench/30gib-9.bin,785,33554432,341.59,,
0,bench/30gib-9.bin,786,33554432,415.73,,
0,bench/30gib-9.bin,787,33554432,579.34,,
0,bench/30gib-9.bin,788,33554432,381.92,,
0,bench/30gib-9.bin,789,33554432,376.76,,
0,bench/30gib-9.bin,790,33554432,354.26,,
0,bench/30gib-9.bin,791,33554432,426.14,,
0,bench/30gib-9.bin,792,33554432,362.00,,
0,bench/30gib-9.bin,793,33554432,342.93,,
0,bench/30gib-9.bin,794,33554432,635.03,,
0,bench/30gib-9.bin,795,33554432,365.16,,
0,bench/30gib-9.bin,796,33554432,420.45,,
0,bench/30gib-9.bin,797,33554432,346.43,,
0,bench/30gib-9.bin,798,33554432,357.51,,
0,bench/30gib-9.bin,799,33554432,344.97,,
0,bench/30gib-9.bin,800,33554432,446.92,,
0,bench/30gib-9.bin,801,33554432,495.20,,
0,bench/30gib-9.bin,802,33554432,632.86,,
0,bench/30gib-9.bin,803,33554432,552.25,,
0,bench/30gib-9.bin,804,33554432,511.18,,
0,bench/30gib-9.bin,805,33554432,420.87,,
0,bench/30gib-9.bin,806,33554432,429.34,,
0,bench/30gib-9.bin,807,33554432,351.72,,
0,bench/30gib-9.bin,808,33554432,750.29,,
0,bench/30gib-9.bin,809,33554432,484.72,,
0,bench/30gib-9.bin,810,33554432,498.49,,
0,bench/30gib-9.bin,811,33554432,420.91,,
0,bench/30gib-9.bin,812,33554432,398.33,,
0,bench/30gib-9.bin,813,33554432,430.93,,
0,bench/30gib-9.bin,814,33554432,375.25,,
0,bench/30gib-9.bin,815,33554432,389.93,,
0,bench/30gib-9.bin,816,33554432,545.03,,
0,bench/30gib-9.bin,817,33554432,439.68,,
0,bench/30gib-9.bin,818,33554432,418.07,,
0,bench/30gib-9.bin,819,33554432,490.30,,
0,bench/30gib-9.bin,820,33554432,415.02,,
0,bench/30gib-9.bin,821,33554432,717.62,,
0,bench/30gib-9.bin,822,33554432,347.11,,
0,bench/30gib-9.bin,823,33554432,468.37,,
0,bench/30gib-9.bin,824,33554432,511.42,,
0,bench/30gib-9.bin,825,33554432,526.27,,
0,bench/30gib-9.bin,826,33554432,474.40,,
0,bench/30gib-9.bin,827,33554432,802.59,,
0,bench/30gib-9.bin,828,33554432,459.54,,
0,bench/30gib-9.bin,829,33554432,346.83,,
0,bench/30gib-9.bin,830,33554432,362.21,,
0,bench/30gib-9.bin,831,33554432,414.00,,
0,bench/30gib-9.bin,832,33554432,358.11,,
0,bench/30gib-9.bin,833,33554432,467.89,,
0,bench/30gib-9.bin,834,33554432,444.68,,
0,bench/30gib-9.bin,835,33554432,351.06,,
0,bench/30gib-9.bin,836,33554432,415.37,,
0,bench/30gib-9.bin,837,33554432,505.03,,
0,bench/30gib-9.bin,838,33554432,377.93,,
0,bench/30gib-9.bin,839,33554432,404.42,,
0,bench/30gib-9.bin,840,33554432,411.22,,
0,bench/30gib-9.bin,841,33554432,506.50,,
0,bench/30gib-9.bin,842,33554432,341.22,,
0,bench/30gib-9.bin,843,33554432,636.14,,
0,bench/30gib-9.bin,844,33554432,423.90,,
0,bench/30gib-9.bin,845,33554432,348.10,,
0,bench/30gib-9.bin,846,33554432,431.90,,
0,bench/30gib-9.bin,847,33554432,341.85,,
0,bench/30gib-9.bin,848,33554432,448.49,,
0,bench/30gib-9.bin,849,33554432,762.63,,
0,bench/30gib-9.bin,850,33554432,396.15,,
0,bench/30gib-9.bin,851,33554432,350.30,,
0,bench/30gib-9.bin,852,33554432,463.31,,
0,bench/30gib-9.bin,853,33554432,388.82,,
0,bench/30gib-9.bin,854,33554432,494.56,,
0,bench/30gib-9.bin,855,33554432,531.59,,
0,bench/30gib-9.bin,856,33554432,392.70,,
0,bench/30gib-9.bin,857,33554432,342.66,,
0,bench/30gib-9.bin,858,33554432,613.50,,
0,bench/30gib-9.bin,859,33554432,435.76,,
0,bench/30gib-9.bin,860,33554432,625.88,,
0,bench/30gib-9.bin,861,33554432,428.73,,
0,bench/30gib-9.bin,862,33554432,499.13,,
0,bench/30gib-9.bin,863,33554432,500.71,,
0,bench/30gib-9.bin,864,33554432,386.95,,
0,bench/30gib-9.bin,865,33554432,477.22,,
0,bench/30gib-9.bin,866,33554432,509.39,,
0,bench/30gib-9.bin,867,33554432,418.64,,
0,bench/30gib-9.bin,868,33554432,346.35,,
0,bench/30gib-9.bin,869,33554432,534.92,,
0,bench/30gib-9.bin,870,33554432,357.74,,
0,bench/30gib-9.bin,871,33554432,375.87,,
0,bench/30gib-9.bin,872,33554432,345.16,,
0,bench/30gib-9.bin,873,33554432,393.25,,
0,bench/30gib-9.bin,874,33554432,363.30,,
0,bench/30gib-9.bin,875,33554432,364.55,,
0,bench/30gib-9.bin,876,33554432,371.03,,
0,bench/30gib-9.bin,877,33554432,632.80,,
0,bench/30gib-9.bin,878,33554432,460.45,,
0,bench/30gib-9.bin,879,33554432,405.17,,
0,bench/30gib-9.bin,880,33554432,415.07,,
0,bench/30gib-9.bin,881,33554432,385.66,,
0,bench/30gib-9.bin,882,33554432,347.35,,
0,bench/30gib-9.bin,883,33554432,424.17,,
0,bench/30gib-9.bin,884,33554432,399.10,,
0,bench/30gib-9.bin,885,33554432,407.33,,
0,bench/30gib-9.bin,886,33554432,341.42,,
0,bench/30gib-9.bin,887,33554432,512.20,,
0,bench/30gib-9.bin,888,33554432,815.98,,
0,bench/30gib-9.bin,889,33554432,530.29,,
0,bench/30gib-9.bin,890,33554432,421.38,,
0,bench/30gib-9.bin,891,33554432,495.73,,
0,bench/30gib-9.bin,892,33554432,453.03,,
0,bench/30gib-9.bin,893,33554432,645.82,,
0,bench/30gib-9.bin,894,33554432,708.57,,
0,bench/30gib-9.bin,895,33554432,466.39,,
0,bench/30gib-9.bin,896,33554432,526.41,,
0,bench/30gib-9.bin,897,33554432,487.78,,
0,bench/30gib-9.bin,898,33554432,343.06,,
0,bench/30gib-9.bin,899,33554432,867.13,,
0,bench/30gib-9.bin,900,33554432,349.26,,
0,bench/30gib-9.bin,901,33554432,470.59,,
0,bench/30gib-9.bin,902,33554432,560.31,,
0,bench/30gib-9.bin,903,33554432,350.16,,
0,bench/30gib-9.bin,904,33554432,562.53,,
0,bench/30gib-9.bin,905,33554432,717.54,,
0,bench/30gib-9.bin,906,33554432,368.43,,
0,bench/30gib-9.bin,907,33554432,438.09,,
0,bench/30gib-9.bin,908,33554432,366.75,,
0,bench/30gib-9.bin,909,33554432,350.06,,
0,bench/30gib-9.bin,910,33554432,437.70,,
0,bench/30gib-9.bin,911,33554432,347.58,,
0,bench/30gib-9.bin,912,33554432,420.90,,
0,bench/30gib-9.bin,913,33554432,481.78,,
0,bench/30gib-9.bin,914,33554432,865.58,,
0,bench/30gib-9.bin,915,33554432,471.41,,
0,bench/30gib-9.bin,916,33554432,342.29,,
0,bench/30gib-9.bin,917,33554432,345.61,,
0,bench/30gib-9.bin,918,33554432,483.08,,
0,bench/30gib-9.bin,919,33554432,617.70,,
0,bench/30gib-9.bin,920,33554432,470.17,,
0,bench/30gib-9.bin,921,33554432,341.20,,
0,bench/30gib-9.bin,922,33554432,599.62,,
0,bench/30gib-9.bin,923,33554432,543.45,,
0,bench/30gib-9.bin,924,33554432,462.12,,
0,bench/30gib-9.bin,925,33554432,437.23,,
0,bench/30gib-9.bin,926,33554432,414.85,,
0,bench/30gib-9.bin,927,33554432,379.03,,
0,bench/30gib-9.bin,928,33554432,430.67,,
0,bench/30gib-9.bin,929,33554432,495.09,,
0,bench/30gib-9.bin,930,33554432,500.61,,
0,bench/30gib-9.bin,931,33554432,530.22,,
0,bench/30gib-9.bin,932,33554432,458.36,,
0,bench/30gib-9.bin,933,33554432,351.65,,
0,bench/30gib-9.bin,934,33554432,414.48,,
0,bench/30gib-9.bin,935,33554432,428.60,,
0,bench/30gib-9.bin,936,33554432,340.84,,
0,bench/30gib-9.bin,937,33554432,443.92,,
0,bench/30gib-9.bin,938,33554432,352.17,,
0,bench/30gib-9.bin,939,33554432,433.88,,
0,bench/30gib-9.bin,940,33554432,749.46,,
0,bench/30gib-9.bin,941,33554432,425.97,,
0,bench/30gib-9.bin,942,33554432,611.68,,
0,bench/30gib-9.bin,943,33554432,550.95,,
0,bench/30gib-9.bin,944,33554432,360.40,,
0,bench/30gib-9.bin,945,33554432,391.79,,
0,bench/30gib-9.bin,946,33554432,399.32,,
0,bench/30gib-9.bin,947,33554432,381.01,,
0,bench/30gib-9.bin,948,33554432,374.04,,
0,bench/30gib-9.bin,949,33554432,347.54,,
0,bench/30gib-9.bin,950,33554432,423.01,,
0,bench/30gib-9.bin,951,33554432,614.66,,
0,bench/30gib-9.bin,952,33554432,367.17,,
0,bench/30gib-9.bin,953,33554432,380.21,,
0,bench/30gib-9.bin,954,33554432,443.72,,
0,bench/30gib-9.bin,955,33554432,368.76,,
0,bench/30gib-9.bin,956,33554432,388.48,,
0,bench/30gib-9.bin,957,33554432,342.36,,
0,bench/30gib-9.bin,958,33554432,340.46,,
0,bench/30gib-9.bin,959,33554432,580.17,,
0,bench/30gib-9.bin,960,33554432,497.19,,
