iter,key,part_number,bytes,download_ms,vip,conn_id
0,bench/30gib-0.bin,1,33554432,1957.93,,
0,bench/30gib-0.bin,2,33554432,1887.56,,
0,bench/30gib-0.bin,3,33554432,1505.51,,
0,bench/30gib-0.bin,4,33554432,1103.07,,
0,bench/30gib-0.bin,5,33554432,1496.29,,
0,bench/30gib-0.bin,6,33554432,1578.12,,
0,bench/30gib-0.bin,7,33554432,922.17,,
0,bench/30gib-0.bin,8,33554432,855.66,,
0,bench/30gib-0.bin,9,33554432,1150.31,,
0,bench/30gib-0.bin,10,33554432,1543.14,,
0,bench/30gib-0.bin,11,33554432,1418.82,,
0,bench/30gib-0.bin,12,33554432,1032.58,,
0,bench/30gib-0.bin,13,33554432,1470.00,,
0,bench/30gib-0.bin,14,33554432,1546.30,,
0,bench/30gib-0.bin,15,33554432,1433.19,,
0,bench/30gib-0.bin,16,33554432,2067.39,,
0,bench/30gib-0.bin,17,33554432,1528.46,,
0,bench/30gib-0.bin,18,33554432,1878.74,,
0,bench/30gib-0.bin,19,33554432,1624.69,,
0,bench/30gib-0.bin,20,33554432,1478.58,,
0,bench/30gib-0.bin,21,33554432,1315.09,,
0,bench/30gib-0.bin,22,33554432,1145.13,,
0,bench/30gib-0.bin,23,33554432,2673.58,,
0,bench/30gib-0.bin,24,33554432,1049.80,,
0,bench/30gib-0.bin,25,33554432,1166.98,,
0,bench/30gib-0.bin,26,33554432,1301.42,,
0,bench/30gib-0.bin,27,33554432,1325.09,,
0,bench/30gib-0.bin,28,33554432,1514.77,,
0,bench/30gib-0.bin,29,33554432,1248.19,,
0,bench/30gib-0.bin,30,33554432,1538.63,,
0,bench/30gib-0.bin,31,33554432,1333.19,,
0,bench/30gib-0.bin,32,33554432,999.40,,
0,bench/30gib-0.bin,33,33554432,1994.41,,
0,bench/30gib-0.bin,34,33554432,1291.04,,
0,bench/30gib-0.bin,35,33554432,1221.43,,
0,bench/30gib-0.bin,36,33554432,937.18,,
0,bench/30gib-0.bin,37,33554432,1090.69,,
0,bench/30gib-0.bin,38,33554432,1426.54,,
0,bench/30gib-0.bin,39,33554432,698.54,,
0,bench/30gib-0.bin,40,33554432,1224.12,,
0,bench/30gib-0.bin,41,33554432,1013.89,,
0,bench/30gib-0.bin,42,33554432,1245.47,,
0,bench/30gib-0.bin,43,33554432,1100.24,,
0,bench/30gib-0.bin,44,33554432,1209.90,,
0,bench/30gib-0.bin,45,33554432,837.34,,
0,bench/30gib-0.bin,46,33554432,950.04,,
0,bench/30gib-0.bin,47,33554432,884.41,,
0,bench/30gib-0.bin,48,33554432,1107.41,,
0,bench/30gib-0.bin,49,33554432,932.24,,
0,bench/30gib-0.bin,50,33554432,1097.40,,
0,bench/30gib-0.bin,51,33554432,778.77,,
0,bench/30gib-0.bin,52,33554432,1251.85,,
0,bench/30gib-0.bin,53,33554432,1043.13,,
0,bench/30gib-0.bin,54,33554432,1050.54,,
0,bench/30gib-0.bin,55,33554432,896.86,,
0,bench/30gib-0.bin,56,33554432,1046.50,,
0,bench/30gib-0.bin,57,33554432,840.73,,
0,bench/30gib-0.bin,58,33554432,789.99,,
0,bench/30gib-0.bin,59,33554432,889.07,,
0,bench/30gib-0.bin,60,33554432,862.47,,
0,bench/30gib-0.bin,61,33554432,991.28,,
0,bench/30gib-0.bin,62,33554432,1100.27,,
0,bench/30gib-0.bin,63,33554432,858.49,,
0,bench/30gib-0.bin,64,33554432,968.56,,
0,bench/30gib-0.bin,65,33554432,1001.45,,
0,bench/30gib-0.bin,66,33554432,759.18,,
0,bench/30gib-0.bin,67,33554432,1161.20,,
0,bench/30gib-0.bin,68,33554432,1092.97,,
0,bench/30gib-0.bin,69,33554432,1234.12,,
0,bench/30gib-0.bin,70,33554432,520.40,,
0,bench/30gib-0.bin,71,33554432,511.97,,
0,bench/30gib-0.bin,72,33554432,919.87,,
0,bench/30gib-0.bin,73,33554432,2011.07,,
0,bench/30gib-0.bin,74,33554432,731.02,,
0,bench/30gib-0.bin,75,33554432,497.80,,
0,bench/30gib-0.bin,76,33554432,711.62,,
0,bench/30gib-0.bin,77,33554432,672.51,,
0,bench/30gib-0.bin,78,33554432,563.83,,
0,bench/30gib-0.bin,79,33554432,843.54,,
0,bench/30gib-0.bin,80,33554432,756.57,,
0,bench/30gib-0.bin,81,33554432,634.01,,
0,bench/30gib-0.bin,82,33554432,959.59,,
0,bench/30gib-0.bin,83,33554432,549.50,,
0,bench/30gib-0.bin,84,33554432,548.30,,
0,bench/30gib-0.bin,85,33554432,847.84,,
0,bench/30gib-0.bin,86,33554432,1063.20,,
0,bench/30gib-0.bin,87,33554432,745.12,,
0,bench/30gib-0.bin,88,33554432,637.19,,
0,bench/30gib-0.bin,89,33554432,535.56,,
0,bench/30gib-0.bin,90,33554432,539.47,,
0,bench/30gib-0.bin,91,33554432,504.84,,
0,bench/30gib-0.bin,92,33554432,631.86,,
0,bench/30gib-0.bin,93,33554432,750.29,,
0,bench/30gib-0.bin,94,33554432,673.58,,
0,bench/30gib-0.bin,95,33554432,844.42,,
0,bench/30gib-0.bin,96,33554432,566.06,,
0,bench/30gib-0.bin,97,33554432,631.84,,
0,bench/30gib-0.bin,98,33554432,1125.67,,
0,bench/30gib-0.bin,99,33554432,855.88,,
0,bench/30gib-0.bin,100,33554432,646.50,,
0,bench/30gib-0.bin,101,33554432,596.19,,
0,bench/30gib-0.bin,102,33554432,566.14,,
0,bench/30gib-0.bin,103,33554432,666.36,,
0,bench/30gib-0.bin,104,33554432,907.42,,
0,bench/30gib-0.bin,105,33554432,917.14,,
0,bench/30gib-0.bin,106,33554432,569.43,,
0,bench/30gib-0.bin,107,33554432,643.14,,
0,bench/30gib-0.bin,108,33554432,585.63,,
0,bench/30gib-0.bin,109,33554432,663.60,,
0,bench/30gib-0.bin,110,33554432,447.06,,
0,bench/30gib-0.bin,111,33554432,825.57,,
0,bench/30gib-0.bin,112,33554432,520.76,,
0,bench/30gib-0.bin,113,33554432,1671.29,,
0,bench/30gib-0.bin,114,33554432,720.57,,
0,bench/30gib-0.bin,115,33554432,533.48,,
0,bench/30gib-0.bin,116,33554432,590.09,,
0,bench/30gib-0.bin,117,33554432,588.70,,
0,bench/30gib-0.bin,118,33554432,467.69,,
0,bench/30gib-0.bin,119,33554432,599.12,,
0,bench/30gib-0.bin,120,33554432,502.53,,
0,bench/30gib-0.bin,121,33554432,586.30,,
0,bench/30gib-0.bin,122,33554432,945.91,,
0,bench/30gib-0.bin,123,33554432,775.39,,
0,bench/30gib-0.bin,124,33554432,579.23,,
0,bench/30gib-0.bin,125,33554432,664.61,,
0,bench/30gib-0.bin,126,33554432,571.85,,
0,bench/30gib-0.bin,127,33554432,536.99,,
0,bench/30gib-0.bin,128,33554432,1014.13,,
0,bench/30gib-0.bin,129,33554432,908.24,,
0,bench/30gib-0.bin,130,33554432,897.41,,
0,bench/30gib-0.bin,131,33554432,943.84,,
0,bench/30gib-0.bin,132,33554432,857.97,,
0,bench/30gib-0.bin,133,33554432,1142.25,,
0,bench/30gib-0.bin,134,33554432,549.85,,
0,bench/30gib-0.bin,135,33554432,625.93,,
0,bench/30gib-0.bin,136,33554432,604.55,,
0,bench/30gib-0.bin,137,33554432,867.32,,
0,bench/30gib-0.bin,138,33554432,630.87,,
0,bench/30gib-0.bin,139,33554432,597.49,,
0,bench/30gib-0.bin,140,33554432,539.32,,
0,bench/30gib-0.bin,141,33554432,770.47,,
0,bench/30gib-0.bin,142,33554432,927.23,,
0,bench/30gib-0.bin,143,33554432,1050.22,,
0,bench/30gib-0.bin,144,33554432,598.50,,
0,bench/30gib-0.bin,145,33554432,873.09,,
0,bench/30gib-0.bin,146,33554432,803.40,,
0,bench/30gib-0.bin,147,33554432,957.13,,
0,bench/30gib-0.bin,148,33554432,783.27,,
0,bench/30gib-0.bin,149,33554432,629.90,,
0,bench/30gib-0.bin,150,33554432,630.27,,
0,bench/30gib-0.bin,151,33554432,1125.88,,
0,bench/30gib-0.bin,152,33554432,456.20,,
0,bench/30gib-0.bin,153,33554432,966.57,,
0,bench/30gib-0.bin,154,33554432,775.39,,
0,bench/30gib-0.bin,155,33554432,576.10,,
0,bench/30gib-0.bin,156,33554432,618.32,,
0,bench/30gib-0.bin,157,33554432,681.24,,
0,bench/30gib-0.bin,158,33554432,720.64,,
0,bench/30gib-0.bin,159,33554432,963.09,,
0,bench/30gib-0.bin,160,33554432,571.31,,
0,bench/30gib-0.bin,161,33554432,853.19,,
0,bench/30gib-0.bin,162,33554432,758.87,,
0,bench/30gib-0.bin,163,33554432,718.56,,
0,bench/30gib-0.bin,164,33554432,510.58,,
0,bench/30gib-0.bin,165,33554432,593.33,,
0,bench/30gib-0.bin,166,33554432,858.81,,
0,bench/30gib-0.bin,167,33554432,1078.49,,
0,bench/30gib-0.bin,168,33554432,536.01,,
0,bench/30gib-0.bin,169,33554432,405.60,,
0,bench/30gib-0.bin,170,33554432,743.14,,
0,bench/30gib-0.bin,171,33554432,763.48,,
0,bench/30gib-0.bin,172,33554432,805.58,,
0,bench/30gib-0.bin,173,33554432,492.41,,
0,bench/30gib-0.bin,174,33554432,513.07,,
0,bench/30gib-0.bin,175,33554432,774.00,,
0,bench/30gib-0.bin,176,33554432,994.86,,
0,bench/30gib-0.bin,177,33554432,550.09,,
0,bench/30gib-0.bin,178,33554432,728.81,,
0,bench/30gib-0.bin,179,33554432,727.49,,
0,bench/30gib-0.bin,180,33554432,824.97,,
0,bench/30gib-0.bin,181,33554432,466.07,,
0,bench/30gib-0.bin,182,33554432,545.86,,
0,bench/30gib-0.bin,183,33554432,703.15,,
0,bench/30gib-0.bin,184,33554432,581.33,,
0,bench/30gib-0.bin,185,33554432,737.28,,
0,bench/30gib-0.bin,186,33554432,485.26,,
0,bench/30gib-0.bin,187,33554432,977.02,,
0,bench/30gib-0.bin,188,33554432,579.54,,
0,bench/30gib-0.bin,189,33554432,796.49,,
0,bench/30gib-0.bin,190,33554432,477.22,,
0,bench/30gib-0.bin,191,33554432,591.51,,
0,bench/30gib-0.bin,192,33554432,580.91,,
0,bench/30gib-0.bin,193,33554432,689.16,,
0,bench/30gib-0.bin,194,33554432,681.31,,
0,bench/30gib-0.bin,195,33554432,605.33,,
0,bench/30gib-0.bin,196,33554432,588.45,,
0,bench/30gib-0.bin,197,33554432,735.29,,
0,bench/30gib-0.bin,198,33554432,907.66,,
0,bench/30gib-0.bin,199,33554432,787.31,,
0,bench/30gib-0.bin,200,33554432,489.18,,
0,bench/30gib-0.bin,201,33554432,642.98,,
0,bench/30gib-0.bin,202,33554432,638.26,,
0,bench/30gib-0.bin,203,33554432,865.64,,
0,bench/30gib-0.bin,204,33554432,665.07,,
0,bench/30gib-0.bin,205,33554432,1168.02,,
0,bench/30gib-0.bin,206,33554432,807.29,,
0,bench/30gib-0.bin,207,33554432,374.19,,
0,bench/30gib-0.bin,208,33554432,567.84,,
0,bench/30gib-0.bin,209,33554432,521.18,,
0,bench/30gib-0.bin,210,33554432,556.45,,
0,bench/30gib-0.bin,211,33554432,541.65,,
0,bench/30gib-0.bin,212,33554432,567.90,,
0,bench/30gib-0.bin,213,33554432,594.27,,
0,bench/30gib-0.bin,214,33554432,517.03,,
0,bench/30gib-0.bin,215,33554432,545.92,,
0,bench/30gib-0.bin,216,33554432,603.66,,
0,bench/30gib-0.bin,217,33554432,506.50,,
0,bench/30gib-0.bin,218,33554432,653.41,,
0,bench/30gib-0.bin,219,33554432,1134.15,,
0,bench/30gib-0.bin,220,33554432,631.73,,
0,bench/30gib-0.bin,221,33554432,470.89,,
0,bench/30gib-0.bin,222,33554432,601.61,,
0,bench/30gib-0.bin,223,33554432,863.22,,
0,bench/30gib-0.bin,224,33554432,734.12,,
0,bench/30gib-0.bin,225,33554432,542.33,,
0,bench/30gib-0.bin,226,33554432,516.73,,
0,bench/30gib-0.bin,227,33554432,565.52,,
0,bench/30gib-0.bin,228,33554432,508.05,,
0,bench/30gib-0.bin,229,33554432,569.82,,
0,bench/30gib-0.bin,230,33554432,581.76,,
0,bench/30gib-0.bin,231,33554432,706.17,,
0,bench/30gib-0.bin,232,33554432,611.49,,
0,bench/30gib-0.bin,233,33554432,678.90,,
0,bench/30gib-0.bin,234,33554432,577.04,,
0,bench/30gib-0.bin,235,33554432,730.97,,
0,bench/30gib-0.bin,236,33554432,976.21,,
0,bench/30gib-0.bin,237,33554432,714.85,,
0,bench/30gib-0.bin,238,33554432,680.32,,
0,bench/30gib-0.bin,239,33554432,794.77,,
0,bench/30gib-0.bin,240,33554432,799.31,,
0,bench/30gib-0.bin,241,33554432,529.01,,
0,bench/30gib-0.bin,242,33554432,559.68,,
0,bench/30gib-0.bin,243,33554432,967.80,,
0,bench/30gib-0.bin,244,33554432,604.48,,
0,bench/30gib-0.bin,245,33554432,442.02,,
0,bench/30gib-0.bin,246,33554432,611.37,,
0,bench/30gib-0.bin,247,33554432,474.85,,
0,bench/30gib-0.bin,248,33554432,522.21,,
0,bench/30gib-0.bin,249,33554432,579.89,,
0,bench/30gib-0.bin,250,33554432,528.98,,
0,bench/30gib-0.bin,251,33554432,558.02,,
0,bench/30gib-0.bin,252,33554432,601.92,,
0,bench/30gib-0.bin,253,33554432,958.78,,
0,bench/30gib-0.bin,254,33554432,758.73,,
0,bench/30gib-0.bin,255,33554432,606.34,,
0,bench/30gib-0.bin,256,33554432,521.40,,
0,bench/30gib-0.bin,257,33554432,760.94,,
0,bench/30gib-0.bin,258,33554432,710.73,,
0,bench/30gib-0.bin,259,33554432,620.12,,
0,bench/30gib-0.bin,260,33554432,488.16,,
0,bench/30gib-0.bin,261,33554432,534.92,,
0,bench/30gib-0.bin,262,33554432,1062.03,,
0,bench/30gib-0.bin,263,33554432,772.16,,
0,bench/30gib-0.bin,264,33554432,705.42,,
0,bench/30gib-0.bin,265,33554432,500.44,,
0,bench/30gib-0.bin,266,33554432,894.30,,
0,bench/30gib-0.bin,267,33554432,1119.07,,
0,bench/30gib-0.bin,268,33554432,754.47,,
0,bench/30gib-0.bin,269,33554432,455.90,,
0,bench/30gib-0.bin,270,33554432,423.09,,
0,bench/30gib-0.bin,271,33554432,1065.59,,
0,bench/30gib-0.bin,272,33554432,607.88,,
0,bench/30gib-0.bin,273,33554432,519.81,,
0,bench/30gib-0.bin,274,33554432,646.76,,
0,bench/30gib-0.bin,275,33554432,592.47,,
0,bench/30gib-0.bin,276,33554432,740.16,,
0,bench/30gib-0.bin,277,33554432,513.75,,
0,bench/30gib-0.bin,278,33554432,1101.13,,
0,bench/30gib-0.bin,279,33554432,837.42,,
0,bench/30gib-0.bin,280,33554432,1302.67,,
0,bench/30gib-0.bin,281,33554432,593.00,,
0,bench/30gib-0.bin,282,33554432,588.14,,
0,bench/30gib-0.bin,283,33554432,1036.57,,
0,bench/30gib-0.bin,284,33554432,583.81,,
0,bench/30gib-0.bin,285,33554432,574.39,,
0,bench/30gib-0.bin,286,33554432,488.07,,
0,bench/30gib-0.bin,287,33554432,994.10,,
0,bench/30gib-0.bin,288,33554432,503.41,,
0,bench/30gib-0.bin,289,33554432,507.92,,
0,bench/30gib-0.bin,290,33554432,714.19,,
0,bench/30gib-0.bin,291,33554432,511.45,,
0,bench/30gib-0.bin,292,33554432,653.17,,
0,bench/30gib-0.bin,293,33554432,508.48,,
0,bench/30gib-0.bin,294,33554432,792.11,,
0,bench/30gib-0.bin,295,33554432,796.50,,
0,bench/30gib-0.bin,296,33554432,709.03,,
0,bench/30gib-0.bin,297,33554432,788.43,,
0,bench/30gib-0.bin,298,33554432,647.94,,
0,bench/30gib-0.bin,299,33554432,599.84,,
0,bench/30gib-0.bin,300,33554432,864.25,,
0,bench/30gib-0.bin,301,33554432,556.56,,
0,bench/30gib-0.bin,302,33554432,442.24,,
0,bench/30gib-0.bin,303,33554432,427.77,,
0,bench/30gib-0.bin,304,33554432,897.86,,
0,bench/30gib-0.bin,305,33554432,1006.81,,
0,bench/30gib-0.bin,306,33554432,724.77,,
0,bench/30gib-0.bin,307,33554432,880.14,,
0,bench/30gib-0.bin,308,33554432,972.17,,
0,bench/30gib-0.bin,309,33554432,951.95,,
0,bench/30gib-0.bin,310,33554432,583.87,,
0,bench/30gib-0.bin,311,33554432,572.92,,
0,bench/30gib-0.bin,312,33554432,1129.45,,
0,bench/30gib-0.bin,313,33554432,655.19,,
0,bench/30gib-0.bin,314,33554432,614.87,,
0,bench/30gib-0.bin,315,33554432,990.69,,
0,bench/30gib-0.bin,316,33554432,745.27,,
0,bench/30gib-0.bin,317,33554432,885.34,,
0,bench/30gib-0.bin,318,33554432,680.98,,
0,bench/30gib-0.bin,319,33554432,561.97,,
0,bench/30gib-0.bin,320,33554432,770.29,,
0,bench/30gib-0.bin,321,33554432,576.80,,
0,bench/30gib-0.bin,322,33554432,697.92,,
0,bench/30gib-0.bin,323,33554432,667.37,,
0,bench/30gib-0.bin,324,33554432,535.54,,
0,bench/30gib-0.bin,325,33554432,909.73,,
0,bench/30gib-0.bin,326,33554432,594.43,,
0,bench/30gib-0.bin,327,33554432,689.61,,
0,bench/30gib-0.bin,328,33554432,599.80,,
0,bench/30gib-0.bin,329,33554432,895.01,,
0,bench/30gib-0.bin,330,33554432,760.55,,
0,bench/30gib-0.bin,331,33554432,523.56,,
0,bench/30gib-0.bin,332,33554432,590.28,,
0,bench/30gib-0.bin,333,33554432,606.48,,
0,bench/30gib-0.bin,334,33554432,543.23,,
0,bench/30gib-0.bin,335,33554432,450.06,,
0,bench/30gib-0.bin,336,33554432,937.44,,
0,bench/30gib-0.bin,337,33554432,550.72,,
0,bench/30gib-0.bin,338,33554432,1157.94,,
0,bench/30gib-0.bin,339,33554432,826.29,,
0,bench/30gib-0.bin,340,33554432,1138.65,,
0,bench/30gib-0.bin,341,33554432,796.36,,
0,bench/30gib-0.bin,342,33554432,515.64,,
0,bench/30gib-0.bin,343,33554432,647.89,,
0,bench/30gib-0.bin,344,33554432,1030.98,,
0,bench/30gib-0.bin,345,33554432,559.49,,
0,bench/30gib-0.bin,346,33554432,654.17,,
0,bench/30gib-0.bin,347,33554432,542.52,,
0,bench/30gib-0.bin,348,33554432,515.52,,
0,bench/30gib-0.bin,349,33554432,583.20,,
0,bench/30gib-0.bin,350,33554432,478.60,,
0,bench/30gib-0.bin,351,33554432,613.55,,
0,bench/30gib-0.bin,352,33554432,446.40,,
0,bench/30gib-0.bin,353,33554432,839.55,,
0,bench/30gib-0.bin,354,33554432,525.77,,
0,bench/30gib-0.bin,355,33554432,941.37,,
0,bench/30gib-0.bin,356,33554432,499.66,,
0,bench/30gib-0.bin,357,33554432,734.96,,
0,bench/30gib-0.bin,358,33554432,608.78,,
0,bench/30gib-0.bin,359,33554432,609.31,,
0,bench/30gib-0.bin,360,33554432,1008.70,,
0,bench/30gib-0.bin,361,33554432,961.10,,
0,bench/30gib-0.bin,362,33554432,692.49,,
0,bench/30gib-0.bin,363,33554432,664.02,,
0,bench/30gib-0.bin,364,33554432,589.16,,
0,bench/30gib-0.bin,365,33554432,780.13,,
0,bench/30gib-0.bin,366,33554432,554.03,,
0,bench/30gib-0.bin,367,33554432,455.39,,
0,bench/30gib-0.bin,368,33554432,889.32,,
0,bench/30gib-0.bin,369,33554432,556.00,,
0,bench/30gib-0.bin,370,33554432,984.54,,
0,bench/30gib-0.bin,371,33554432,644.23,,
0,bench/30gib-0.bin,372,33554432,941.28,,
0,bench/30gib-0.bin,373,33554432,595.89,,
0,bench/30gib-0.bin,374,33554432,493.75,,
0,bench/30gib-0.bin,375,33554432,873.52,,
0,bench/30gib-0.bin,376,33554432,584.22,,
0,bench/30gib-0.bin,377,33554432,984.31,,
0,bench/30gib-0.bin,378,33554432,570.28,,
0,bench/30gib-0.bin,379,33554432,793.14,,
0,bench/30gib-0.bin,380,33554432,992.15,,
0,bench/30gib-0.bin,381,33554432,1042.89,,
0,bench/30gib-0.bin,382,33554432,542.43,,
0,bench/30gib-0.bin,383,33554432,478.46,,
0,bench/30gib-0.bin,384,33554432,590.57,,
0,bench/30gib-0.bin,385,33554432,1064.53,,
0,bench/30gib-0.bin,386,33554432,891.15,,
0,bench/30gib-0.bin,387,33554432,343.90,,
0,bench/30gib-0.bin,388,33554432,362.23,,
0,bench/30gib-0.bin,389,33554432,1210.70,,
0,bench/30gib-0.bin,390,33554432,494.14,,
0,bench/30gib-0.bin,391,33554432,797.87,,
0,bench/30gib-0.bin,392,33554432,361.54,,
0,bench/30gib-0.bin,393,33554432,707.69,,
0,bench/30gib-0.bin,394,33554432,917.74,,
0,bench/30gib-0.bin,395,33554432,649.59,,
0,bench/30gib-0.bin,396,33554432,604.28,,
0,bench/30gib-0.bin,397,33554432,503.33,,
0,bench/30gib-0.bin,398,33554432,592.46,,
0,bench/30gib-0.bin,399,33554432,738.53,,
0,bench/30gib-0.bin,400,33554432,510.21,,
0,bench/30gib-0.bin,401,33554432,465.80,,
0,bench/30gib-0.bin,402,33554432,559.77,,
0,bench/30gib-0.bin,403,33554432,606.01,,
0,bench/30gib-0.bin,404,33554432,598.49,,
0,bench/30gib-0.bin,405,33554432,756.92,,
0,bench/30gib-0.bin,406,33554432,482.61,,
0,bench/30gib-0.bin,407,33554432,848.83,,
0,bench/30gib-0.bin,408,33554432,657.61,,
0,bench/30gib-0.bin,409,33554432,475.07,,
0,bench/30gib-0.bin,410,33554432,1040.62,,
0,bench/30gib-0.bin,411,33554432,776.25,,
0,bench/30gib-0.bin,412,33554432,503.89,,
0,bench/30gib-0.bin,413,33554432,692.67,,
0,bench/30gib-0.bin,414,33554432,496.53,,
0,bench/30gib-0.bin,415,33554432,987.08,,
0,bench/30gib-0.bin,416,33554432,666.58,,
0,bench/30gib-0.bin,417,33554432,537.51,,
0,bench/30gib-0.bin,418,33554432,572.55,,
0,bench/30gib-0.bin,419,33554432,665.09,,
0,bench/30gib-0.bin,420,33554432,852.43,,
0,bench/30gib-0.bin,421,33554432,714.87,,
0,bench/30gib-0.bin,422,33554432,605.32,,
0,bench/30gib-0.bin,423,33554432,621.70,,
0,bench/30gib-0.bin,424,33554432,574.74,,
0,bench/30gib-0.bin,425,33554432,545.07,,
0,bench/30gib-0.bin,426,33554432,727.13,,
0,bench/30gib-0.bin,427,33554432,476.65,,
0,bench/30gib-0.bin,428,33554432,765.51,,
0,bench/30gib-0.bin,429,33554432,964.46,,
0,bench/30gib-0.bin,430,33554432,581.97,,
0,bench/30gib-0.bin,431,33554432,721.73,,
0,bench/30gib-0.bin,432,33554432,584.28,,
0,bench/30gib-0.bin,433,33554432,559.57,,
0,bench/30gib-0.bin,434,33554432,544.03,,
0,bench/30gib-0.bin,435,33554432,656.94,,
0,bench/30gib-0.bin,436,33554432,604.17,,
0,bench/30gib-0.bin,437,33554432,750.52,,
0,bench/30gib-0.bin,438,33554432,688.23,,
0,bench/30gib-0.bin,439,33554432,1050.69,,
0,bench/30gib-0.bin,440,33554432,532.84,,
0,bench/30gib-0.bin,441,33554432,1101.81,,
0,bench/30gib-0.bin,442,33554432,599.49,,
0,bench/30gib-0.bin,443,33554432,732.48,,
0,bench/30gib-0.bin,444,33554432,502.05,,
0,bench/30gib-0.bin,445,33554432,573.21,,
0,bench/30gib-0.bin,446,33554432,524.09,,
0,bench/30gib-0.bin,447,33554432,588.63,,
0,bench/30gib-0.bin,448,33554432,972.29,,
0,bench/30gib-0.bin,449,33554432,420.19,,
0,bench/30gib-0.bin,450,33554432,546.52,,
0,bench/30gib-0.bin,451,33554432,662.50,,
0,bench/30gib-0.bin,452,33554432,492.44,,
0,bench/30gib-0.bin,453,33554432,1225.92,,
0,bench/30gib-0.bin,454,33554432,516.73,,
0,bench/30gib-0.bin,455,33554432,495.07,,
0,bench/30gib-0.bin,456,33554432,756.86,,
0,bench/30gib-0.bin,457,33554432,563.65,,
0,bench/30gib-0.bin,458,33554432,601.35,,
0,bench/30gib-0.bin,459,33554432,730.04,,
0,bench/30gib-0.bin,460,33554432,354.66,,
0,bench/30gib-0.bin,461,33554432,561.73,,
0,bench/30gib-0.bin,462,33554432,1381.99,,
0,bench/30gib-0.bin,463,33554432,607.64,,
0,bench/30gib-0.bin,464,33554432,660.61,,
0,bench/30gib-0.bin,465,33554432,700.66,,
0,bench/30gib-0.bin,466,33554432,602.40,,
0,bench/30gib-0.bin,467,33554432,448.81,,
0,bench/30gib-0.bin,468,33554432,663.33,,
0,bench/30gib-0.bin,469,33554432,686.25,,
0,bench/30gib-0.bin,470,33554432,564.85,,
0,bench/30gib-0.bin,471,33554432,865.42,,
0,bench/30gib-0.bin,472,33554432,851.66,,
0,bench/30gib-0.bin,473,33554432,585.63,,
0,bench/30gib-0.bin,474,33554432,911.49,,
0,bench/30gib-0.bin,475,33554432,537.90,,
0,bench/30gib-0.bin,476,33554432,491.97,,
0,bench/30gib-0.bin,477,33554432,530.63,,
0,bench/30gib-0.bin,478,33554432,832.47,,
0,bench/30gib-0.bin,479,33554432,387.11,,
0,bench/30gib-0.bin,480,33554432,533.64,,
0,bench/30gib-0.bin,481,33554432,526.05,,
0,bench/30gib-0.bin,482,33554432,917.37,,
0,bench/30gib-0.bin,483,33554432,523.52,,
0,bench/30gib-0.bin,484,33554432,553.48,,
0,bench/30gib-0.bin,485,33554432,1107.81,,
0,bench/30gib-0.bin,486,33554432,751.04,,
0,bench/30gib-0.bin,487,33554432,440.56,,
0,bench/30gib-0.bin,488,33554432,603.81,,
0,bench/30gib-0.bin,489,33554432,663.76,,
0,bench/30gib-0.bin,490,33554432,964.94,,
0,bench/30gib-0.bin,491,33554432,591.16,,
0,bench/30gib-0.bin,492,33554432,811.32,,
0,bench/30gib-0.bin,493,33554432,485.90,,
0,bench/30gib-0.bin,494,33554432,546.36,,
0,bench/30gib-0.bin,495,33554432,765.84,,
0,bench/30gib-0.bin,496,33554432,611.66,,
0,bench/30gib-0.bin,497,33554432,550.52,,
0,bench/30gib-0.bin,498,33554432,516.18,,
0,bench/30gib-0.bin,499,33554432,427.29,,
0,bench/30gib-0.bin,500,33554432,616.01,,
0,bench/30gib-0.bin,501,33554432,726.42,,
0,bench/30gib-0.bin,502,33554432,466.51,,
0,bench/30gib-0.bin,503,33554432,806.63,,
0,bench/30gib-0.bin,504,33554432,1105.21,,
0,bench/30gib-0.bin,505,33554432,482.66,,
0,bench/30gib-0.bin,506,33554432,679.90,,
0,bench/30gib-0.bin,507,33554432,802.34,,
0,bench/30gib-0.bin,508,33554432,591.86,,
0,bench/30gib-0.bin,509,33554432,581.43,,
0,bench/30gib-0.bin,510,33554432,631.83,,
0,bench/30gib-0.bin,511,33554432,741.05,,
0,bench/30gib-0.bin,512,33554432,567.56,,
0,bench/30gib-0.bin,513,33554432,703.68,,
0,bench/30gib-0.bin,514,33554432,595.22,,
0,bench/30gib-0.bin,515,33554432,743.22,,
0,bench/30gib-0.bin,516,33554432,1301.90,,
0,bench/30gib-0.bin,517,33554432,642.79,,
0,bench/30gib-0.bin,518,33554432,638.24,,
0,bench/30gib-0.bin,519,33554432,841.22,,
0,bench/30gib-0.bin,520,33554432,496.04,,
0,bench/30gib-0.bin,521,33554432,768.18,,
0,bench/30gib-0.bin,522,33554432,1419.12,,
0,bench/30gib-0.bin,523,33554432,862.12,,
0,bench/30gib-0.bin,524,33554432,606.14,,
0,bench/30gib-0.bin,525,33554432,438.15,,
0,bench/30gib-0.bin,526,33554432,502.05,,
0,bench/30gib-0.bin,527,33554432,476.57,,
0,bench/30gib-0.bin,528,33554432,1033.45,,
0,bench/30gib-0.bin,529,33554432,999.32,,
0,bench/30gib-0.bin,530,33554432,612.60,,
0,bench/30gib-0.bin,531,33554432,710.43,,
0,bench/30gib-0.bin,532,33554432,689.17,,
0,bench/30gib-0.bin,533,33554432,715.48,,
0,bench/30gib-0.bin,534,33554432,539.00,,
0,bench/30gib-0.bin,535,33554432,580.05,,
0,bench/30gib-0.bin,536,33554432,517.59,,
0,bench/30gib-0.bin,537,33554432,533.70,,
0,bench/30gib-0.bin,538,33554432,739.83,,
0,bench/30gib-0.bin,539,33554432,616.60,,
0,bench/30gib-0.bin,540,33554432,765.90,,
0,bench/30gib-0.bin,541,33554432,758.95,,
0,bench/30gib-0.bin,542,33554432,863.92,,
0,bench/30gib-0.bin,543,33554432,700.78,,
0,bench/30gib-0.bin,544,33554432,795.59,,
0,bench/30gib-0.bin,545,33554432,699.67,,
0,bench/30gib-0.bin,546,33554432,782.31,,
0,bench/30gib-0.bin,547,33554432,468.18,,
0,bench/30gib-0.bin,548,33554432,743.30,,
0,bench/30gib-0.bin,549,33554432,526.90,,
0,bench/30gib-0.bin,550,33554432,518.68,,
0,bench/30gib-0.bin,551,33554432,687.11,,
0,bench/30gib-0.bin,552,33554432,751.29,,
0,bench/30gib-0.bin,553,33554432,1233.18,,
0,bench/30gib-0.bin,554,33554432,357.26,,
0,bench/30gib-0.bin,555,33554432,834.79,,
0,bench/30gib-0.bin,556,33554432,583.56,,
0,bench/30gib-0.bin,557,33554432,534.00,,
0,bench/30gib-0.bin,558,33554432,937.90,,
0,bench/30gib-0.bin,559,33554432,775.09,,
0,bench/30gib-0.bin,560,33554432,668.75,,
0,bench/30gib-0.bin,561,33554432,523.81,,
0,bench/30gib-0.bin,562,33554432,578.67,,
0,bench/30gib-0.bin,563,33554432,641.36,,
0,bench/30gib-0.bin,564,33554432,612.02,,
0,bench/30gib-0.bin,565,33554432,1476.03,,
0,bench/30gib-0.bin,566,33554432,695.52,,
0,bench/30gib-0.bin,567,33554432,475.68,,
0,bench/30gib-0.bin,568,33554432,625.51,,
0,bench/30gib-0.bin,569,33554432,810.00,,
0,bench/30gib-0.bin,570,33554432,924.34,,
0,bench/30gib-0.bin,571,33554432,634.73,,
0,bench/30gib-0.bin,572,33554432,724.99,,
0,bench/30gib-0.bin,573,33554432,639.76,,
0,bench/30gib-0.bin,574,33554432,812.00,,
0,bench/30gib-0.bin,575,33554432,755.08,,
0,bench/30gib-0.bin,576,33554432,737.56,,
0,bench/30gib-0.bin,577,33554432,553.68,,
0,bench/30gib-0.bin,578,33554432,698.08,,
0,bench/30gib-0.bin,579,33554432,801.81,,
0,bench/30gib-0.bin,580,33554432,637.97,,
0,bench/30gib-0.bin,581,33554432,491.56,,
0,bench/30gib-0.bin,582,33554432,652.69,,
0,bench/30gib-0.bin,583,33554432,691.84,,
0,bench/30gib-0.bin,584,33554432,499.78,,
0,bench/30gib-0.bin,585,33554432,701.11,,
0,bench/30gib-0.bin,586,33554432,594.73,,
0,bench/30gib-0.bin,587,33554432,624.63,,
0,bench/30gib-0.bin,588,33554432,847.51,,
0,bench/30gib-0.bin,589,33554432,556.64,,
0,bench/30gib-0.bin,590,33554432,683.52,,
0,bench/30gib-0.bin,591,33554432,452.05,,
0,bench/30gib-0.bin,592,33554432,938.74,,
0,bench/30gib-0.bin,593,33554432,723.08,,
0,bench/30gib-0.bin,594,33554432,673.30,,
0,bench/30gib-0.bin,595,33554432,687.82,,
0,bench/30gib-0.bin,596,33554432,790.47,,
0,bench/30gib-0.bin,597,33554432,646.65,,
0,bench/30gib-0.bin,598,33554432,571.79,,
0,bench/30gib-0.bin,599,33554432,762.86,,
0,bench/30gib-0.bin,600,33554432,737.20,,
0,bench/30gib-0.bin,601,33554432,595.61,,
0,bench/30gib-0.bin,602,33554432,1180.03,,
0,bench/30gib-0.bin,603,33554432,750.79,,
0,bench/30gib-0.bin,604,33554432,732.68,,
0,bench/30gib-0.bin,605,33554432,496.41,,
0,bench/30gib-0.bin,606,33554432,637.82,,
0,bench/30gib-0.bin,607,33554432,658.43,,
0,bench/30gib-0.bin,608,33554432,755.62,,
0,bench/30gib-0.bin,609,33554432,751.94,,
0,bench/30gib-0.bin,610,33554432,432.85,,
0,bench/30gib-0.bin,611,33554432,670.19,,
0,bench/30gib-0.bin,612,33554432,572.84,,
0,bench/30gib-0.bin,613,33554432,535.21,,
0,bench/30gib-0.bin,614,33554432,754.65,,
0,bench/30gib-0.bin,615,33554432,539.40,,
0,bench/30gib-0.bin,616,33554432,707.58,,
0,bench/30gib-0.bin,617,33554432,547.61,,
0,bench/30gib-0.bin,618,33554432,823.62,,
0,bench/30gib-0.bin,619,33554432,566.23,,
0,bench/30gib-0.bin,620,33554432,665.30,,
0,bench/30gib-0.bin,621,33554432,574.30,,
0,bench/30gib-0.bin,622,33554432,800.13,,
0,bench/30gib-0.bin,623,33554432,519.06,,
0,bench/30gib-0.bin,624,33554432,782.03,,
0,bench/30gib-0.bin,625,33554432,819.56,,
0,bench/30gib-0.bin,626,33554432,1061.70,,
0,bench/30gib-0.bin,627,33554432,864.30,,
0,bench/30gib-0.bin,628,33554432,511.43,,
0,bench/30gib-0.bin,629,33554432,847.21,,
0,bench/30gib-0.bin,630,33554432,807.95,,
0,bench/30gib-0.bin,631,33554432,617.63,,
0,bench/30gib-0.bin,632,33554432,621.55,,
0,bench/30gib-0.bin,633,33554432,1048.91,,
0,bench/30gib-0.bin,634,33554432,767.31,,
0,bench/30gib-0.bin,635,33554432,724.77,,
0,bench/30gib-0.bin,636,33554432,706.56,,
0,bench/30gib-0.bin,637,33554432,639.22,,
0,bench/30gib-0.bin,638,33554432,670.28,,
0,bench/30gib-0.bin,639,33554432,484.33,,
0,bench/30gib-0.bin,640,33554432,876.44,,
0,bench/30gib-0.bin,641,33554432,667.46,,
0,bench/30gib-0.bin,642,33554432,461.56,,
0,bench/30gib-0.bin,643,33554432,892.65,,
0,bench/30gib-0.bin,644,33554432,633.98,,
0,bench/30gib-0.bin,645,33554432,1152.05,,
0,bench/30gib-0.bin,646,33554432,770.52,,
0,bench/30gib-0.bin,647,33554432,1015.82,,
0,bench/30gib-0.bin,648,33554432,537.74,,
0,bench/30gib-0.bin,649,33554432,740.82,,
0,bench/30gib-0.bin,650,33554432,820.50,,
0,bench/30gib-0.bin,651,33554432,651.69,,
0,bench/30gib-0.bin,652,33554432,953.37,,
0,bench/30gib-0.bin,653,33554432,714.41,,
0,bench/30gib-0.bin,654,33554432,690.18,,
0,bench/30gib-0.bin,655,33554432,760.22,,
0,bench/30gib-0.bin,656,33554432,769.94,,
0,bench/30gib-0.bin,657,33554432,747.05,,
0,bench/30gib-0.bin,658,33554432,711.24,,
0,bench/30gib-0.bin,659,33554432,697.30,,
0,bench/30gib-0.bin,660,33554432,363.94,,
0,bench/30gib-0.bin,661,33554432,718.93,,
0,bench/30gib-0.bin,662,33554432,944.70,,
0,bench/30gib-0.bin,663,33554432,485.19,,
0,bench/30gib-0.bin,664,33554432,637.54,,
0,bench/30gib-0.bin,665,33554432,643.66,,
0,bench/30gib-0.bin,666,33554432,635.28,,
0,bench/30gib-0.bin,667,33554432,697.19,,
0,bench/30gib-0.bin,668,33554432,1148.91,,
0,bench/30gib-0.bin,669,33554432,648.33,,
0,bench/30gib-0.bin,670,33554432,617.29,,
0,bench/30gib-0.bin,671,33554432,737.75,,
0,bench/30gib-0.bin,672,33554432,703.24,,
0,bench/30gib-0.bin,673,33554432,773.94,,
0,bench/30gib-0.bin,674,33554432,479.79,,
0,bench/30gib-0.bin,675,33554432,821.31,,
0,bench/30gib-0.bin,676,33554432,778.63,,
0,bench/30gib-0.bin,677,33554432,636.81,,
0,bench/30gib-0.bin,678,33554432,794.24,,
0,bench/30gib-0.bin,679,33554432,610.54,,
0,bench/30gib-0.bin,680,33554432,1160.13,,
0,bench/30gib-0.bin,681,33554432,385.39,,
0,bench/30gib-0.bin,682,33554432,665.29,,
0,bench/30gib-0.bin,683,33554432,873.49,,
0,bench/30gib-0.bin,684,33554432,802.87,,
0,bench/30gib-0.bin,685,33554432,1181.09,,
0,bench/30gib-0.bin,686,33554432,608.28,,
0,bench/30gib-0.bin,687,33554432,711.01,,
0,bench/30gib-0.bin,688,33554432,987.37,,
0,bench/30gib-0.bin,689,33554432,650.34,,
0,bench/30gib-0.bin,690,33554432,746.86,,
0,bench/30gib-0.bin,691,33554432,1211.94,,
0,bench/30gib-0.bin,692,33554432,677.37,,
0,bench/30gib-0.bin,693,33554432,1258.47,,
0,bench/30gib-0.bin,694,33554432,783.74,,
0,bench/30gib-0.bin,695,33554432,805.91,,
0,bench/30gib-0.bin,696,33554432,1111.06,,
0,bench/30gib-0.bin,697,33554432,805.63,,
0,bench/30gib-0.bin,698,33554432,702.22,,
0,bench/30gib-0.bin,699,33554432,576.03,,
0,bench/30gib-0.bin,700,33554432,780.85,,
0,bench/30gib-0.bin,701,33554432,691.96,,
0,bench/30gib-0.bin,702,33554432,685.74,,
0,bench/30gib-0.bin,703,33554432,587.95,,
0,bench/30gib-0.bin,704,33554432,593.40,,
0,bench/30gib-0.bin,705,33554432,784.82,,
0,bench/30gib-0.bin,706,33554432,607.77,,
0,bench/30gib-0.bin,707,33554432,842.39,,
0,bench/30gib-0.bin,708,33554432,530.30,,
0,bench/30gib-0.bin,709,33554432,618.95,,
0,bench/30gib-0.bin,710,33554432,652.43,,
0,bench/30gib-0.bin,711,33554432,1201.32,,
0,bench/30gib-0.bin,712,33554432,694.47,,
0,bench/30gib-0.bin,713,33554432,693.56,,
0,bench/30gib-0.bin,714,33554432,641.58,,
0,bench/30gib-0.bin,715,33554432,669.07,,
0,bench/30gib-0.bin,716,33554432,900.83,,
0,bench/30gib-0.bin,717,33554432,560.53,,
0,bench/30gib-0.bin,718,33554432,627.23,,
0,bench/30gib-0.bin,719,33554432,888.62,,
0,bench/30gib-0.bin,720,33554432,784.89,,
0,bench/30gib-0.bin,721,33554432,603.22,,
0,bench/30gib-0.bin,722,33554432,527.34,,
0,bench/30gib-0.bin,723,33554432,728.41,,
0,bench/30gib-0.bin,724,33554432,901.56,,
0,bench/30gib-0.bin,725,33554432,980.65,,
0,bench/30gib-0.bin,726,33554432,731.31,,
0,bench/30gib-0.bin,727,33554432,530.38,,
0,bench/30gib-0.bin,728,33554432,709.96,,
0,bench/30gib-0.bin,729,33554432,806.00,,
0,bench/30gib-0.bin,730,33554432,485.63,,
0,bench/30gib-0.bin,731,33554432,694.81,,
0,bench/30gib-0.bin,732,33554432,556.82,,
0,bench/30gib-0.bin,733,33554432,908.78,,
0,bench/30gib-0.bin,734,33554432,748.38,,
0,bench/30gib-0.bin,735,33554432,580.57,,
0,bench/30gib-0.bin,736,33554432,650.99,,
0,bench/30gib-0.bin,737,33554432,1106.34,,
0,bench/30gib-0.bin,738,33554432,1166.63,,
0,bench/30gib-0.bin,739,33554432,1187.94,,
0,bench/30gib-0.bin,740,33554432,1215.33,,
0,bench/30gib-0.bin,741,33554432,664.09,,
0,bench/30gib-0.bin,742,33554432,1052.71,,
0,bench/30gib-0.bin,743,33554432,1052.59,,
0,bench/30gib-0.bin,744,33554432,625.77,,
0,bench/30gib-0.bin,745,33554432,434.34,,
0,bench/30gib-0.bin,746,33554432,1017.94,,
0,bench/30gib-0.bin,747,33554432,1054.43,,
0,bench/30gib-0.bin,748,33554432,611.51,,
0,bench/30gib-0.bin,749,33554432,612.73,,
0,bench/30gib-0.bin,750,33554432,998.48,,
0,bench/30gib-0.bin,751,33554432,846.12,,
0,bench/30gib-0.bin,752,33554432,564.15,,
0,bench/30gib-0.bin,753,33554432,635.47,,
0,bench/30gib-0.bin,754,33554432,569.51,,
0,bench/30gib-0.bin,755,33554432,854.61,,
0,bench/30gib-0.bin,756,33554432,745.34,,
0,bench/30gib-0.bin,757,33554432,355.73,,
0,bench/30gib-0.bin,758,33554432,743.67,,
0,bench/30gib-0.bin,759,33554432,764.22,,
0,bench/30gib-0.bin,760,33554432,981.68,,
0,bench/30gib-0.bin,761,33554432,401.05,,
0,bench/30gib-0.bin,762,33554432,1119.39,,
0,bench/30gib-0.bin,763,33554432,721.28,,
0,bench/30gib-0.bin,764,33554432,668.66,,
0,bench/30gib-0.bin,765,33554432,1212.87,,
0,bench/30gib-0.bin,766,33554432,680.75,,
0,bench/30gib-0.bin,767,33554432,648.29,,
0,bench/30gib-0.bin,768,33554432,1213.43,,
0,bench/30gib-0.bin,769,33554432,920.95,,
0,bench/30gib-0.bin,770,33554432,676.65,,
0,bench/30gib-0.bin,771,33554432,587.36,,
0,bench/30gib-0.bin,772,33554432,762.05,,
0,bench/30gib-0.bin,773,33554432,565.12,,
0,bench/30gib-0.bin,774,33554432,521.47,,
0,bench/30gib-0.bin,775,33554432,526.56,,
0,bench/30gib-0.bin,776,33554432,876.35,,
0,bench/30gib-0.bin,777,33554432,645.05,,
0,bench/30gib-0.bin,778,33554432,498.30,,
0,bench/30gib-0.bin,779,33554432,765.21,,
0,bench/30gib-0.bin,780,33554432,1077.11,,
0,bench/30gib-0.bin,781,33554432,596.07,,
0,bench/30gib-0.bin,782,33554432,477.34,,
0,bench/30gib-0.bin,783,33554432,1010.83,,
0,bench/30gib-0.bin,784,33554432,979.09,,
0,bench/30gib-0.bin,785,33554432,717.42,,
0,bench/30gib-0.bin,786,33554432,707.67,,
0,bench/30gib-0.bin,787,33554432,988.87,,
0,bench/30gib-0.bin,788,33554432,1059.81,,
0,bench/30gib-0.bin,789,33554432,618.63,,
0,bench/30gib-0.bin,790,33554432,521.18,,
0,bench/30gib-0.bin,791,33554432,852.83,,
0,bench/30gib-0.bin,792,33554432,927.22,,
0,bench/30gib-0.bin,793,33554432,1010.49,,
0,bench/30gib-0.bin,794,33554432,631.26,,
0,bench/30gib-0.bin,795,33554432,1029.51,,
0,bench/30gib-0.bin,796,33554432,790.94,,
0,bench/30gib-0.bin,797,33554432,560.66,,
0,bench/30gib-0.bin,798,33554432,786.35,,
0,bench/30gib-0.bin,799,33554432,793.23,,
0,bench/30gib-0.bin,800,33554432,920.57,,
0,bench/30gib-0.bin,801,33554432,607.14,,
0,bench/30gib-0.bin,802,33554432,646.23,,
0,bench/30gib-0.bin,803,33554432,1623.60,,
0,bench/30gib-0.bin,804,33554432,607.46,,
0,bench/30gib-0.bin,805,33554432,995.33,,
0,bench/30gib-0.bin,806,33554432,748.43,,
0,bench/30gib-0.bin,807,33554432,522.43,,
0,bench/30gib-0.bin,808,33554432,684.87,,
0,bench/30gib-0.bin,809,33554432,705.01,,
0,bench/30gib-0.bin,810,33554432,446.32,,
0,bench/30gib-0.bin,811,33554432,1480.47,,
0,bench/30gib-0.bin,812,33554432,511.36,,
0,bench/30gib-0.bin,813,33554432,458.14,,
0,bench/30gib-0.bin,814,33554432,1143.13,,
0,bench/30gib-0.bin,815,33554432,638.13,,
0,bench/30gib-0.bin,816,33554432,742.24,,
0,bench/30gib-0.bin,817,33554432,633.08,,
0,bench/30gib-0.bin,818,33554432,1005.36,,
0,bench/30gib-0.bin,819,33554432,772.73,,
0,bench/30gib-0.bin,820,33554432,940.23,,
0,bench/30gib-0.bin,821,33554432,925.01,,
0,bench/30gib-0.bin,822,33554432,593.74,,
0,bench/30gib-0.bin,823,33554432,617.28,,
0,bench/30gib-0.bin,824,33554432,679.29,,
0,bench/30gib-0.bin,825,33554432,655.50,,
0,bench/30gib-0.bin,826,33554432,651.90,,
0,bench/30gib-0.bin,827,33554432,1128.02,,
0,bench/30gib-0.bin,828,33554432,689.67,,
0,bench/30gib-0.bin,829,33554432,572.90,,
0,bench/30gib-0.bin,830,33554432,787.95,,
0,bench/30gib-0.bin,831,33554432,1029.50,,
0,bench/30gib-0.bin,832,33554432,680.55,,
0,bench/30gib-0.bin,833,33554432,602.10,,
0,bench/30gib-0.bin,834,33554432,588.54,,
0,bench/30gib-0.bin,835,33554432,555.82,,
0,bench/30gib-0.bin,836,33554432,658.55,,
0,bench/30gib-0.bin,837,33554432,615.47,,
0,bench/30gib-0.bin,838,33554432,679.46,,
0,bench/30gib-0.bin,839,33554432,1080.22,,
0,bench/30gib-0.bin,840,33554432,697.47,,
0,bench/30gib-0.bin,841,33554432,460.42,,
0,bench/30gib-0.bin,842,33554432,736.52,,
0,bench/30gib-0.bin,843,33554432,796.91,,
0,bench/30gib-0.bin,844,33554432,561.22,,
0,bench/30gib-0.bin,845,33554432,769.05,,
0,bench/30gib-0.bin,846,33554432,633.99,,
0,bench/30gib-0.bin,847,33554432,719.36,,
0,bench/30gib-0.bin,848,33554432,469.30,,
0,bench/30gib-0.bin,849,33554432,613.92,,
0,bench/30gib-0.bin,850,33554432,517.51,,
0,bench/30gib-0.bin,851,33554432,1094.43,,
0,bench/30gib-0.bin,852,33554432,683.90,,
0,bench/30gib-0.bin,853,33554432,640.62,,
0,bench/30gib-0.bin,854,33554432,835.25,,
0,bench/30gib-0.bin,855,33554432,711.19,,
0,bench/30gib-0.bin,856,33554432,843.13,,
0,bench/30gib-0.bin,857,33554432,720.93,,
0,bench/30gib-0.bin,858,33554432,828.40,,
0,bench/30gib-0.bin,859,33554432,1088.68,,
0,bench/30gib-0.bin,860,33554432,1632.76,,
0,bench/30gib-0.bin,861,33554432,1128.84,,
0,bench/30gib-0.bin,862,33554432,1171.60,,
0,bench/30gib-0.bin,863,33554432,552.33,,
0,bench/30gib-0.bin,864,33554432,571.82,,
0,bench/30gib-0.bin,865,33554432,1159.21,,
0,bench/30gib-0.bin,866,33554432,1139.53,,
0,bench/30gib-0.bin,867,33554432,873.83,,
0,bench/30gib-0.bin,868,33554432,790.29,,
0,bench/30gib-0.bin,869,33554432,935.97,,
0,bench/30gib-0.bin,870,33554432,874.06,,
0,bench/30gib-0.bin,871,33554432,974.02,,
0,bench/30gib-0.bin,872,33554432,719.10,,
0,bench/30gib-0.bin,873,33554432,942.08,,
0,bench/30gib-0.bin,874,33554432,851.80,,
0,bench/30gib-0.bin,875,33554432,608.00,,
0,bench/30gib-0.bin,876,33554432,1093.35,,
0,bench/30gib-0.bin,877,33554432,563.76,,
0,bench/30gib-0.bin,878,33554432,497.44,,
0,bench/30gib-0.bin,879,33554432,761.04,,
0,bench/30gib-0.bin,880,33554432,1026.42,,
0,bench/30gib-0.bin,881,33554432,1054.05,,
0,bench/30gib-0.bin,882,33554432,1472.14,,
0,bench/30gib-0.bin,883,33554432,991.76,,
0,bench/30gib-0.bin,884,33554432,1076.03,,
0,bench/30gib-0.bin,885,33554432,960.67,,
0,bench/30gib-0.bin,886,33554432,698.98,,
0,bench/30gib-0.bin,887,33554432,529.55,,
0,bench/30gib-0.bin,888,33554432,828.31,,
0,bench/30gib-0.bin,889,33554432,674.14,,
0,bench/30gib-0.bin,890,33554432,727.12,,
0,bench/30gib-0.bin,891,33554432,1016.73,,
0,bench/30gib-0.bin,892,33554432,636.70,,
0,bench/30gib-0.bin,893,33554432,628.94,,
0,bench/30gib-0.bin,894,33554432,941.16,,
0,bench/30gib-0.bin,895,33554432,608.82,,
0,bench/30gib-0.bin,896,33554432,599.23,,
0,bench/30gib-0.bin,897,33554432,757.97,,
0,bench/30gib-0.bin,898,33554432,714.67,,
0,bench/30gib-0.bin,899,33554432,1151.03,,
0,bench/30gib-0.bin,900,33554432,716.66,,
0,bench/30gib-0.bin,901,33554432,1324.52,,
0,bench/30gib-0.bin,902,33554432,663.38,,
0,bench/30gib-0.bin,903,33554432,573.44,,
0,bench/30gib-0.bin,904,33554432,1071.64,,
0,bench/30gib-0.bin,905,33554432,618.66,,
0,bench/30gib-0.bin,906,33554432,608.31,,
0,bench/30gib-0.bin,907,33554432,517.68,,
0,bench/30gib-0.bin,908,33554432,458.99,,
0,bench/30gib-0.bin,909,33554432,672.21,,
0,bench/30gib-0.bin,910,33554432,481.99,,
0,bench/30gib-0.bin,911,33554432,824.76,,
0,bench/30gib-0.bin,912,33554432,1034.93,,
0,bench/30gib-0.bin,913,33554432,603.93,,
0,bench/30gib-0.bin,914,33554432,610.61,,
0,bench/30gib-0.bin,915,33554432,773.00,,
0,bench/30gib-0.bin,916,33554432,1039.90,,
0,bench/30gib-0.bin,917,33554432,783.27,,
0,bench/30gib-0.bin,918,33554432,868.68,,
0,bench/30gib-0.bin,919,33554432,963.17,,
0,bench/30gib-0.bin,920,33554432,404.60,,
0,bench/30gib-0.bin,921,33554432,1058.08,,
0,bench/30gib-0.bin,922,33554432,789.67,,
0,bench/30gib-0.bin,923,33554432,842.02,,
0,bench/30gib-0.bin,924,33554432,553.53,,
0,bench/30gib-0.bin,925,33554432,539.93,,
0,bench/30gib-0.bin,926,33554432,579.08,,
0,bench/30gib-0.bin,927,33554432,733.87,,
0,bench/30gib-0.bin,928,33554432,589.87,,
0,bench/30gib-0.bin,929,33554432,668.45,,
0,bench/30gib-0.bin,930,33554432,833.48,,
0,bench/30gib-0.bin,931,33554432,809.46,,
0,bench/30gib-0.bin,932,33554432,935.12,,
0,bench/30gib-0.bin,933,33554432,752.55,,
0,bench/30gib-0.bin,934,33554432,853.22,,
0,bench/30gib-0.bin,935,33554432,784.80,,
0,bench/30gib-0.bin,936,33554432,459.63,,
0,bench/30gib-0.bin,937,33554432,796.89,,
0,bench/30gib-0.bin,938,33554432,656.08,,
0,bench/30gib-0.bin,939,33554432,613.60,,
0,bench/30gib-0.bin,940,33554432,901.06,,
0,bench/30gib-0.bin,941,33554432,513.75,,
0,bench/30gib-0.bin,942,33554432,759.60,,
0,bench/30gib-0.bin,943,33554432,600.21,,
0,bench/30gib-0.bin,944,33554432,725.58,,
0,bench/30gib-0.bin,945,33554432,462.90,,
0,bench/30gib-0.bin,946,33554432,634.99,,
0,bench/30gib-0.bin,947,33554432,794.31,,
0,bench/30gib-0.bin,948,33554432,665.85,,
0,bench/30gib-0.bin,949,33554432,686.35,,
0,bench/30gib-0.bin,950,33554432,588.71,,
0,bench/30gib-0.bin,951,33554432,680.83,,
0,bench/30gib-0.bin,952,33554432,629.56,,
0,bench/30gib-0.bin,953,33554432,659.39,,
0,bench/30gib-0.bin,954,33554432,673.37,,
0,bench/30gib-0.bin,955,33554432,468.66,,
0,bench/30gib-0.bin,956,33554432,509.91,,
0,bench/30gib-0.bin,957,33554432,646.07,,
0,bench/30gib-0.bin,958,33554432,404.03,,
0,bench/30gib-0.bin,959,33554432,670.70,,
0,bench/30gib-0.bin,960,33554432,671.78,,
0,bench/30gib-1.bin,1,33554432,1392.08,,
0,bench/30gib-1.bin,2,33554432,917.92,,
0,bench/30gib-1.bin,3,33554432,1316.10,,
0,bench/30gib-1.bin,4,33554432,1201.63,,
0,bench/30gib-1.bin,5,33554432,1544.89,,
0,bench/30gib-1.bin,6,33554432,958.96,,
0,bench/30gib-1.bin,7,33554432,1158.27,,
0,bench/30gib-1.bin,8,33554432,1179.60,,
0,bench/30gib-1.bin,9,33554432,2145.46,,
0,bench/30gib-1.bin,10,33554432,1437.35,,
0,bench/30gib-1.bin,11,33554432,1005.68,,
0,bench/30gib-1.bin,12,33554432,1448.76,,
0,bench/30gib-1.bin,13,33554432,1598.98,,
0,bench/30gib-1.bin,14,33554432,1878.39,,
0,bench/30gib-1.bin,15,33554432,1535.02,,
0,bench/30gib-1.bin,16,33554432,2051.48,,
0,bench/30gib-1.bin,17,33554432,1001.05,,
0,bench/30gib-1.bin,18,33554432,1163.59,,
0,bench/30gib-1.bin,19,33554432,1894.33,,
0,bench/30gib-1.bin,20,33554432,1464.05,,
0,bench/30gib-1.bin,21,33554432,1081.20,,
0,bench/30gib-1.bin,22,33554432,1377.55,,
0,bench/30gib-1.bin,23,33554432,1191.11,,
0,bench/30gib-1.bin,24,33554432,1369.39,,
0,bench/30gib-1.bin,25,33554432,1189.19,,
0,bench/30gib-1.bin,26,33554432,1557.66,,
0,bench/30gib-1.bin,27,33554432,1425.25,,
0,bench/30gib-1.bin,28,33554432,1113.96,,
0,bench/30gib-1.bin,29,33554432,979.94,,
0,bench/30gib-1.bin,30,33554432,2540.62,,
0,bench/30gib-1.bin,31,33554432,1309.85,,
0,bench/30gib-1.bin,32,33554432,1692.83,,
0,bench/30gib-1.bin,33,33554432,2168.56,,
0,bench/30gib-1.bin,34,33554432,2012.18,,
0,bench/30gib-1.bin,35,33554432,2111.05,,
0,bench/30gib-1.bin,36,33554432,1058.68,,
0,bench/30gib-1.bin,37,33554432,676.12,,
0,bench/30gib-1.bin,38,33554432,845.65,,
0,bench/30gib-1.bin,39,33554432,887.71,,
0,bench/30gib-1.bin,40,33554432,1629.62,,
0,bench/30gib-1.bin,41,33554432,852.18,,
0,bench/30gib-1.bin,42,33554432,1122.76,,
0,bench/30gib-1.bin,43,33554432,1103.49,,
0,bench/30gib-1.bin,44,33554432,968.00,,
0,bench/30gib-1.bin,45,33554432,1030.67,,
0,bench/30gib-1.bin,46,33554432,1393.13,,
0,bench/30gib-1.bin,47,33554432,919.24,,
0,bench/30gib-1.bin,48,33554432,1894.50,,
0,bench/30gib-1.bin,49,33554432,992.43,,
0,bench/30gib-1.bin,50,33554432,939.12,,
0,bench/30gib-1.bin,51,33554432,1167.17,,
0,bench/30gib-1.bin,52,33554432,1012.54,,
0,bench/30gib-1.bin,53,33554432,861.66,,
0,bench/30gib-1.bin,54,33554432,982.47,,
0,bench/30gib-1.bin,55,33554432,1914.10,,
0,bench/30gib-1.bin,56,33554432,1022.61,,
0,bench/30gib-1.bin,57,33554432,871.67,,
0,bench/30gib-1.bin,58,33554432,798.10,,
0,bench/30gib-1.bin,59,33554432,775.48,,
0,bench/30gib-1.bin,60,33554432,1289.94,,
0,bench/30gib-1.bin,61,33554432,1374.78,,
0,bench/30gib-1.bin,62,33554432,925.59,,
0,bench/30gib-1.bin,63,33554432,931.77,,
0,bench/30gib-1.bin,64,33554432,1182.94,,
0,bench/30gib-1.bin,65,33554432,893.50,,
0,bench/30gib-1.bin,66,33554432,823.71,,
0,bench/30gib-1.bin,67,33554432,614.39,,
0,bench/30gib-1.bin,68,33554432,986.34,,
0,bench/30gib-1.bin,69,33554432,1375.44,,
0,bench/30gib-1.bin,70,33554432,806.87,,
0,bench/30gib-1.bin,71,33554432,1408.41,,
0,bench/30gib-1.bin,72,33554432,995.89,,
0,bench/30gib-1.bin,73,33554432,753.14,,
0,bench/30gib-1.bin,74,33554432,941.49,,
0,bench/30gib-1.bin,75,33554432,522.53,,
0,bench/30gib-1.bin,76,33554432,1672.61,,
0,bench/30gib-1.bin,77,33554432,671.67,,
0,bench/30gib-1.bin,78,33554432,618.90,,
0,bench/30gib-1.bin,79,33554432,1063.38,,
0,bench/30gib-1.bin,80,33554432,878.20,,
0,bench/30gib-1.bin,81,33554432,877.58,,
0,bench/30gib-1.bin,82,33554432,956.04,,
0,bench/30gib-1.bin,83,33554432,856.73,,
0,bench/30gib-1.bin,84,33554432,791.54,,
0,bench/30gib-1.bin,85,33554432,971.75,,
0,bench/30gib-1.bin,86,33554432,795.62,,
0,bench/30gib-1.bin,87,33554432,1056.42,,
0,bench/30gib-1.bin,88,33554432,706.77,,
0,bench/30gib-1.bin,89,33554432,847.67,,
0,bench/30gib-1.bin,90,33554432,614.90,,
0,bench/30gib-1.bin,91,33554432,821.82,,
0,bench/30gib-1.bin,92,33554432,610.69,,
0,bench/30gib-1.bin,93,33554432,898.91,,
0,bench/30gib-1.bin,94,33554432,1487.87,,
0,bench/30gib-1.bin,95,33554432,506.69,,
0,bench/30gib-1.bin,96,33554432,836.52,,
0,bench/30gib-1.bin,97,33554432,625.65,,
0,bench/30gib-1.bin,98,33554432,962.84,,
0,bench/30gib-1.bin,99,33554432,552.70,,
0,bench/30gib-1.bin,100,33554432,912.47,,
0,bench/30gib-1.bin,101,33554432,757.62,,
0,bench/30gib-1.bin,102,33554432,673.81,,
0,bench/30gib-1.bin,103,33554432,577.01,,
0,bench/30gib-1.bin,104,33554432,697.42,,
0,bench/30gib-1.bin,105,33554432,839.33,,
0,bench/30gib-1.bin,106,33554432,844.98,,
0,bench/30gib-1.bin,107,33554432,569.68,,
0,bench/30gib-1.bin,108,33554432,1029.30,,
0,bench/30gib-1.bin,109,33554432,587.41,,
0,bench/30gib-1.bin,110,33554432,766.79,,
0,bench/30gib-1.bin,111,33554432,589.27,,
0,bench/30gib-1.bin,112,33554432,539.23,,
0,bench/30gib-1.bin,113,33554432,581.62,,
0,bench/30gib-1.bin,114,33554432,462.87,,
0,bench/30gib-1.bin,115,33554432,567.51,,
0,bench/30gib-1.bin,116,33554432,584.44,,
0,bench/30gib-1.bin,117,33554432,1196.86,,
0,bench/30gib-1.bin,118,33554432,834.82,,
0,bench/30gib-1.bin,119,33554432,1788.26,,
0,bench/30gib-1.bin,120,33554432,556.55,,
0,bench/30gib-1.bin,121,33554432,528.99,,
0,bench/30gib-1.bin,122,33554432,639.21,,
0,bench/30gib-1.bin,123,33554432,806.87,,
0,bench/30gib-1.bin,124,33554432,985.93,,
0,bench/30gib-1.bin,125,33554432,947.37,,
0,bench/30gib-1.bin,126,33554432,747.32,,
0,bench/30gib-1.bin,127,33554432,428.52,,
0,bench/30gib-1.bin,128,33554432,1825.88,,
0,bench/30gib-1.bin,129,33554432,908.65,,
0,bench/30gib-1.bin,130,33554432,570.23,,
0,bench/30gib-1.bin,131,33554432,417.43,,
0,bench/30gib-1.bin,132,33554432,819.74,,
0,bench/30gib-1.bin,133,33554432,791.65,,
0,bench/30gib-1.bin,134,33554432,449.58,,
0,bench/30gib-1.bin,135,33554432,566.45,,
0,bench/30gib-1.bin,136,33554432,655.83,,
0,bench/30gib-1.bin,137,33554432,530.12,,
0,bench/30gib-1.bin,138,33554432,821.61,,
0,bench/30gib-1.bin,139,33554432,745.73,,
0,bench/30gib-1.bin,140,33554432,620.06,,
0,bench/30gib-1.bin,141,33554432,1431.54,,
0,bench/30gib-1.bin,142,33554432,700.06,,
0,bench/30gib-1.bin,143,33554432,559.40,,
0,bench/30gib-1.bin,144,33554432,487.36,,
0,bench/30gib-1.bin,145,33554432,970.45,,
0,bench/30gib-1.bin,146,33554432,485.84,,
0,bench/30gib-1.bin,147,33554432,745.91,,
0,bench/30gib-1.bin,148,33554432,909.72,,
0,bench/30gib-1.bin,149,33554432,691.65,,
0,bench/30gib-1.bin,150,33554432,458.97,,
0,bench/30gib-1.bin,151,33554432,952.66,,
0,bench/30gib-1.bin,152,33554432,520.76,,
0,bench/30gib-1.bin,153,33554432,449.56,,
0,bench/30gib-1.bin,154,33554432,1024.34,,
0,bench/30gib-1.bin,155,33554432,1546.44,,
0,bench/30gib-1.bin,156,33554432,434.67,,
0,bench/30gib-1.bin,157,33554432,633.50,,
0,bench/30gib-1.bin,158,33554432,800.11,,
0,bench/30gib-1.bin,159,33554432,856.52,,
0,bench/30gib-1.bin,160,33554432,506.17,,
0,bench/30gib-1.bin,161,33554432,570.53,,
0,bench/30gib-1.bin,162,33554432,606.70,,
0,bench/30gib-1.bin,163,33554432,842.62,,
0,bench/30gib-1.bin,164,33554432,534.43,,
0,bench/30gib-1.bin,165,33554432,497.26,,
0,bench/30gib-1.bin,166,33554432,521.19,,
0,bench/30gib-1.bin,167,33554432,623.60,,
0,bench/30gib-1.bin,168,33554432,512.36,,
0,bench/30gib-1.bin,169,33554432,565.77,,
0,bench/30gib-1.bin,170,33554432,959.73,,
0,bench/30gib-1.bin,171,33554432,466.13,,
0,bench/30gib-1.bin,172,33554432,591.98,,
0,bench/30gib-1.bin,173,33554432,568.32,,
0,bench/30gib-1.bin,174,33554432,755.32,,
0,bench/30gib-1.bin,175,33554432,500.27,,
0,bench/30gib-1.bin,176,33554432,504.15,,
0,bench/30gib-1.bin,177,33554432,658.58,,
0,bench/30gib-1.bin,178,33554432,383.05,,
0,bench/30gib-1.bin,179,33554432,594.57,,
0,bench/30gib-1.bin,180,33554432,529.58,,
0,bench/30gib-1.bin,181,33554432,592.63,,
0,bench/30gib-1.bin,182,33554432,1170.37,,
0,bench/30gib-1.bin,183,33554432,502.05,,
0,bench/30gib-1.bin,184,33554432,473.58,,
0,bench/30gib-1.bin,185,33554432,778.55,,
0,bench/30gib-1.bin,186,33554432,719.55,,
0,bench/30gib-1.bin,187,33554432,773.97,,
0,bench/30gib-1.bin,188,33554432,628.05,,
0,bench/30gib-1.bin,189,33554432,765.52,,
0,bench/30gib-1.bin,190,33554432,541.11,,
0,bench/30gib-1.bin,191,33554432,744.58,,
0,bench/30gib-1.bin,192,33554432,830.20,,
0,bench/30gib-1.bin,193,33554432,549.67,,
0,bench/30gib-1.bin,194,33554432,548.95,,
0,bench/30gib-1.bin,195,33554432,511.41,,
0,bench/30gib-1.bin,196,33554432,546.23,,
0,bench/30gib-1.bin,197,33554432,1180.24,,
0,bench/30gib-1.bin,198,33554432,543.13,,
0,bench/30gib-1.bin,199,33554432,891.54,,
0,bench/30gib-1.bin,200,33554432,923.70,,
0,bench/30gib-1.bin,201,33554432,776.11,,
0,bench/30gib-1.bin,202,33554432,779.70,,
0,bench/30gib-1.bin,203,33554432,551.52,,
0,bench/30gib-1.bin,204,33554432,480.74,,
0,bench/30gib-1.bin,205,33554432,851.73,,
0,bench/30gib-1.bin,206,33554432,455.29,,
0,bench/30gib-1.bin,207,33554432,670.41,,
0,bench/30gib-1.bin,208,33554432,574.19,,
0,bench/30gib-1.bin,209,33554432,500.18,,
0,bench/30gib-1.bin,210,33554432,619.22,,
0,bench/30gib-1.bin,211,33554432,591.65,,
0,bench/30gib-1.bin,212,33554432,823.47,,
0,bench/30gib-1.bin,213,33554432,817.66,,
0,bench/30gib-1.bin,214,33554432,555.60,,
0,bench/30gib-1.bin,215,33554432,549.85,,
0,bench/30gib-1.bin,216,33554432,525.64,,
0,bench/30gib-1.bin,217,33554432,979.43,,
0,bench/30gib-1.bin,218,33554432,681.70,,
0,bench/30gib-1.bin,219,33554432,990.45,,
0,bench/30gib-1.bin,220,33554432,662.19,,
0,bench/30gib-1.bin,221,33554432,388.40,,
0,bench/30gib-1.bin,222,33554432,608.38,,
0,bench/30gib-1.bin,223,33554432,728.12,,
0,bench/30gib-1.bin,224,33554432,1081.82,,
0,bench/30gib-1.bin,225,33554432,813.44,,
0,bench/30gib-1.bin,226,33554432,600.18,,
0,bench/30gib-1.bin,227,33554432,943.09,,
0,bench/30gib-1.bin,228,33554432,569.63,,
0,bench/30gib-1.bin,229,33554432,741.06,,
0,bench/30gib-1.bin,230,33554432,671.91,,
0,bench/30gib-1.bin,231,33554432,684.70,,
0,bench/30gib-1.bin,232,33554432,711.18,,
0,bench/30gib-1.bin,233,33554432,515.99,,
0,bench/30gib-1.bin,234,33554432,680.45,,
0,bench/30gib-1.bin,235,33554432,568.85,,
0,bench/30gib-1.bin,236,33554432,775.61,,
0,bench/30gib-1.bin,237,33554432,452.39,,
0,bench/30gib-1.bin,238,33554432,679.16,,
0,bench/30gib-1.bin,239,33554432,982.42,,
0,bench/30gib-1.bin,240,33554432,816.87,,
0,bench/30gib-1.bin,241,33554432,670.86,,
0,bench/30gib-1.bin,242,33554432,706.34,,
0,bench/30gib-1.bin,243,33554432,633.86,,
0,bench/30gib-1.bin,244,33554432,454.85,,
0,bench/30gib-1.bin,245,33554432,709.21,,
0,bench/30gib-1.bin,246,33554432,959.79,,
0,bench/30gib-1.bin,247,33554432,565.87,,
0,bench/30gib-1.bin,248,33554432,607.56,,
0,bench/30gib-1.bin,249,33554432,583.58,,
0,bench/30gib-1.bin,250,33554432,565.36,,
0,bench/30gib-1.bin,251,33554432,882.08,,
0,bench/30gib-1.bin,252,33554432,456.84,,
0,bench/30gib-1.bin,253,33554432,974.60,,
0,bench/30gib-1.bin,254,33554432,578.48,,
0,bench/30gib-1.bin,255,33554432,631.69,,
0,bench/30gib-1.bin,256,33554432,609.27,,
0,bench/30gib-1.bin,257,33554432,709.95,,
0,bench/30gib-1.bin,258,33554432,480.87,,
0,bench/30gib-1.bin,259,33554432,503.28,,
0,bench/30gib-1.bin,260,33554432,532.56,,
0,bench/30gib-1.bin,261,33554432,610.12,,
0,bench/30gib-1.bin,262,33554432,556.44,,
0,bench/30gib-1.bin,263,33554432,656.47,,
0,bench/30gib-1.bin,264,33554432,552.45,,
0,bench/30gib-1.bin,265,33554432,612.02,,
0,bench/30gib-1.bin,266,33554432,571.60,,
0,bench/30gib-1.bin,267,33554432,819.85,,
0,bench/30gib-1.bin,268,33554432,683.20,,
0,bench/30gib-1.bin,269,33554432,681.46,,
0,bench/30gib-1.bin,270,33554432,561.00,,
0,bench/30gib-1.bin,271,33554432,370.98,,
0,bench/30gib-1.bin,272,33554432,587.80,,
0,bench/30gib-1.bin,273,33554432,843.56,,
0,bench/30gib-1.bin,274,33554432,773.63,,
0,bench/30gib-1.bin,275,33554432,795.66,,
0,bench/30gib-1.bin,276,33554432,789.88,,
0,bench/30gib-1.bin,277,33554432,688.49,,
0,bench/30gib-1.bin,278,33554432,797.64,,
0,bench/30gib-1.bin,279,33554432,823.17,,
0,bench/30gib-1.bin,280,33554432,577.87,,
0,bench/30gib-1.bin,281,33554432,752.65,,
0,bench/30gib-1.bin,282,33554432,887.35,,
0,bench/30gib-1.bin,283,33554432,474.01,,
0,bench/30gib-1.bin,284,33554432,412.18,,
0,bench/30gib-1.bin,285,33554432,743.11,,
0,bench/30gib-1.bin,286,33554432,739.65,,
0,bench/30gib-1.bin,287,33554432,702.97,,
0,bench/30gib-1.bin,288,33554432,667.90,,
0,bench/30gib-1.bin,289,33554432,596.70,,
0,bench/30gib-1.bin,290,33554432,571.90,,
0,bench/30gib-1.bin,291,33554432,555.91,,
0,bench/30gib-1.bin,292,33554432,500.04,,
0,bench/30gib-1.bin,293,33554432,527.20,,
0,bench/30gib-1.bin,294,33554432,636.71,,
0,bench/30gib-1.bin,295,33554432,461.14,,
0,bench/30gib-1.bin,296,33554432,896.16,,
0,bench/30gib-1.bin,297,33554432,553.13,,
0,bench/30gib-1.bin,298,33554432,517.36,,
0,bench/30gib-1.bin,299,33554432,688.53,,
0,bench/30gib-1.bin,300,33554432,642.26,,
0,bench/30gib-1.bin,301,33554432,1006.45,,
0,bench/30gib-1.bin,302,33554432,900.07,,
0,bench/30gib-1.bin,303,33554432,428.07,,
0,bench/30gib-1.bin,304,33554432,475.97,,
0,bench/30gib-1.bin,305,33554432,915.78,,
0,bench/30gib-1.bin,306,33554432,525.71,,
0,bench/30gib-1.bin,307,33554432,589.03,,
0,bench/30gib-1.bin,308,33554432,925.50,,
0,bench/30gib-1.bin,309,33554432,459.88,,
0,bench/30gib-1.bin,310,33554432,699.54,,
0,bench/30gib-1.bin,311,33554432,559.63,,
0,bench/30gib-1.bin,312,33554432,891.04,,
0,bench/30gib-1.bin,313,33554432,492.48,,
0,bench/30gib-1.bin,314,33554432,545.31,,
0,bench/30gib-1.bin,315,33554432,511.71,,
0,bench/30gib-1.bin,316,33554432,921.13,,
0,bench/30gib-1.bin,317,33554432,638.18,,
0,bench/30gib-1.bin,318,33554432,783.03,,
0,bench/30gib-1.bin,319,33554432,1012.91,,
0,bench/30gib-1.bin,320,33554432,924.34,,
0,bench/30gib-1.bin,321,33554432,724.91,,
0,bench/30gib-1.bin,322,33554432,471.06,,
0,bench/30gib-1.bin,323,33554432,553.68,,
0,bench/30gib-1.bin,324,33554432,838.77,,
0,bench/30gib-1.bin,325,33554432,941.71,,
0,bench/30gib-1.bin,326,33554432,1079.64,,
0,bench/30gib-1.bin,327,33554432,625.15,,
0,bench/30gib-1.bin,328,33554432,938.13,,
0,bench/30gib-1.bin,329,33554432,558.71,,
0,bench/30gib-1.bin,330,33554432,483.18,,
0,bench/30gib-1.bin,331,33554432,488.42,,
0,bench/30gib-1.bin,332,33554432,648.79,,
0,bench/30gib-1.bin,333,33554432,806.36,,
0,bench/30gib-1.bin,334,33554432,651.92,,
0,bench/30gib-1.bin,335,33554432,744.01,,
0,bench/30gib-1.bin,336,33554432,604.29,,
0,bench/30gib-1.bin,337,33554432,759.04,,
0,bench/30gib-1.bin,338,33554432,1152.52,,
0,bench/30gib-1.bin,339,33554432,444.57,,
0,bench/30gib-1.bin,340,33554432,582.11,,
0,bench/30gib-1.bin,341,33554432,649.79,,
0,bench/30gib-1.bin,342,33554432,746.60,,
0,bench/30gib-1.bin,343,33554432,631.98,,
0,bench/30gib-1.bin,344,33554432,1062.37,,
0,bench/30gib-1.bin,345,33554432,532.84,,
0,bench/30gib-1.bin,346,33554432,555.39,,
0,bench/30gib-1.bin,347,33554432,752.16,,
0,bench/30gib-1.bin,348,33554432,951.16,,
0,bench/30gib-1.bin,349,33554432,499.28,,
0,bench/30gib-1.bin,350,33554432,568.46,,
0,bench/30gib-1.bin,351,33554432,806.44,,
0,bench/30gib-1.bin,352,33554432,673.88,,
0,bench/30gib-1.bin,353,33554432,533.37,,
0,bench/30gib-1.bin,354,33554432,634.87,,
0,bench/30gib-1.bin,355,33554432,629.63,,
0,bench/30gib-1.bin,356,33554432,431.98,,
0,bench/30gib-1.bin,357,33554432,522.19,,
0,bench/30gib-1.bin,358,33554432,576.20,,
0,bench/30gib-1.bin,359,33554432,488.88,,
0,bench/30gib-1.bin,360,33554432,725.78,,
0,bench/30gib-1.bin,361,33554432,523.59,,
0,bench/30gib-1.bin,362,33554432,450.12,,
0,bench/30gib-1.bin,363,33554432,845.26,,
0,bench/30gib-1.bin,364,33554432,567.20,,
0,bench/30gib-1.bin,365,33554432,957.79,,
0,bench/30gib-1.bin,366,33554432,934.67,,
0,bench/30gib-1.bin,367,33554432,955.00,,
0,bench/30gib-1.bin,368,33554432,551.09,,
0,bench/30gib-1.bin,369,33554432,530.11,,
0,bench/30gib-1.bin,370,33554432,559.63,,
0,bench/30gib-1.bin,371,33554432,582.95,,
0,bench/30gib-1.bin,372,33554432,654.17,,
0,bench/30gib-1.bin,373,33554432,748.99,,
0,bench/30gib-1.bin,374,33554432,491.77,,
0,bench/30gib-1.bin,375,33554432,644.73,,
0,bench/30gib-1.bin,376,33554432,510.46,,
0,bench/30gib-1.bin,377,33554432,1768.27,,
0,bench/30gib-1.bin,378,33554432,561.75,,
0,bench/30gib-1.bin,379,33554432,765.83,,
0,bench/30gib-1.bin,380,33554432,1201.71,,
0,bench/30gib-1.bin,381,33554432,453.89,,
0,bench/30gib-1.bin,382,33554432,921.89,,
0,bench/30gib-1.bin,383,33554432,617.20,,
0,bench/30gib-1.bin,384,33554432,1813.43,,
0,bench/30gib-1.bin,385,33554432,772.02,,
0,bench/30gib-1.bin,386,33554432,508.75,,
0,bench/30gib-1.bin,387,33554432,563.68,,
0,bench/30gib-1.bin,388,33554432,799.01,,
0,bench/30gib-1.bin,389,33554432,1184.39,,
0,bench/30gib-1.bin,390,33554432,955.38,,
0,bench/30gib-1.bin,391,33554432,676.85,,
0,bench/30gib-1.bin,392,33554432,534.81,,
0,bench/30gib-1.bin,393,33554432,1779.33,,
0,bench/30gib-1.bin,394,33554432,629.60,,
0,bench/30gib-1.bin,395,33554432,1032.22,,
0,bench/30gib-1.bin,396,33554432,688.51,,
0,bench/30gib-1.bin,397,33554432,427.01,,
0,bench/30gib-1.bin,398,33554432,986.67,,
0,bench/30gib-1.bin,399,33554432,702.19,,
0,bench/30gib-1.bin,400,33554432,504.98,,
0,bench/30gib-1.bin,401,33554432,514.64,,
0,bench/30gib-1.bin,402,33554432,642.51,,
0,bench/30gib-1.bin,403,33554432,392.55,,
0,bench/30gib-1.bin,404,33554432,502.05,,
0,bench/30gib-1.bin,405,33554432,619.76,,
0,bench/30gib-1.bin,406,33554432,571.32,,
0,bench/30gib-1.bin,407,33554432,450.03,,
0,bench/30gib-1.bin,408,33554432,615.58,,
0,bench/30gib-1.bin,409,33554432,934.65,,
0,bench/30gib-1.bin,410,33554432,498.80,,
0,bench/30gib-1.bin,411,33554432,518.02,,
0,bench/30gib-1.bin,412,33554432,673.86,,
0,bench/30gib-1.bin,413,33554432,589.73,,
0,bench/30gib-1.bin,414,33554432,713.50,,
0,bench/30gib-1.bin,415,33554432,480.13,,
0,bench/30gib-1.bin,416,33554432,765.11,,
0,bench/30gib-1.bin,417,33554432,672.40,,
0,bench/30gib-1.bin,418,33554432,677.53,,
0,bench/30gib-1.bin,419,33554432,656.49,,
0,bench/30gib-1.bin,420,33554432,801.33,,
0,bench/30gib-1.bin,421,33554432,746.33,,
0,bench/30gib-1.bin,422,33554432,860.50,,
0,bench/30gib-1.bin,423,33554432,460.53,,
0,bench/30gib-1.bin,424,33554432,665.40,,
0,bench/30gib-1.bin,425,33554432,589.80,,
0,bench/30gib-1.bin,426,33554432,729.66,,
0,bench/30gib-1.bin,427,33554432,619.90,,
0,bench/30gib-1.bin,428,33554432,1010.16,,
0,bench/30gib-1.bin,429,33554432,538.81,,
0,bench/30gib-1.bin,430,33554432,651.03,,
0,bench/30gib-1.bin,431,33554432,745.91,,
0,bench/30gib-1.bin,432,33554432,566.68,,
0,bench/30gib-1.bin,433,33554432,520.60,,
0,bench/30gib-1.bin,434,33554432,592.29,,
0,bench/30gib-1.bin,435,33554432,679.27,,
0,bench/30gib-1.bin,436,33554432,1019.57,,
0,bench/30gib-1.bin,437,33554432,566.52,,
0,bench/30gib-1.bin,438,33554432,702.50,,
0,bench/30gib-1.bin,439,33554432,757.17,,
0,bench/30gib-1.bin,440,33554432,459.67,,
0,bench/30gib-1.bin,441,33554432,1069.91,,
0,bench/30gib-1.bin,442,33554432,1070.30,,
0,bench/30gib-1.bin,443,33554432,610.56,,
0,bench/30gib-1.bin,444,33554432,522.17,,
0,bench/30gib-1.bin,445,33554432,538.47,,
0,bench/30gib-1.bin,446,33554432,670.73,,
0,bench/30gib-1.bin,447,33554432,644.27,,
0,bench/30gib-1.bin,448,33554432,963.67,,
0,bench/30gib-1.bin,449,33554432,849.05,,
0,bench/30gib-1.bin,450,33554432,584.99,,
0,bench/30gib-1.bin,451,33554432,668.00,,
0,bench/30gib-1.bin,452,33554432,476.82,,
0,bench/30gib-1.bin,453,33554432,910.40,,
0,bench/30gib-1.bin,454,33554432,744.11,,
0,bench/30gib-1.bin,455,33554432,685.97,,
0,bench/30gib-1.bin,456,33554432,678.62,,
0,bench/30gib-1.bin,457,33554432,798.20,,
0,bench/30gib-1.bin,458,33554432,656.57,,
0,bench/30gib-1.bin,459,33554432,585.66,,
0,bench/30gib-1.bin,460,33554432,606.04,,
0,bench/30gib-1.bin,461,33554432,825.84,,
0,bench/30gib-1.bin,462,33554432,442.09,,
0,bench/30gib-1.bin,463,33554432,450.80,,
0,bench/30gib-1.bin,464,33554432,660.08,,
0,bench/30gib-1.bin,465,33554432,643.94,,
0,bench/30gib-1.bin,466,33554432,497.73,,
0,bench/30gib-1.bin,467,33554432,617.84,,
0,bench/30gib-1.bin,468,33554432,690.75,,
0,bench/30gib-1.bin,469,33554432,643.07,,
0,bench/30gib-1.bin,470,33554432,878.25,,
0,bench/30gib-1.bin,471,33554432,1004.12,,
0,bench/30gib-1.bin,472,33554432,468.20,,
0,bench/30gib-1.bin,473,33554432,556.46,,
0,bench/30gib-1.bin,474,33554432,626.43,,
0,bench/30gib-1.bin,475,33554432,551.21,,
0,bench/30gib-1.bin,476,33554432,540.85,,
0,bench/30gib-1.bin,477,33554432,803.93,,
0,bench/30gib-1.bin,478,33554432,722.52,,
0,bench/30gib-1.bin,479,33554432,1028.20,,
0,bench/30gib-1.bin,480,33554432,633.31,,
0,bench/30gib-1.bin,481,33554432,512.48,,
0,bench/30gib-1.bin,482,33554432,731.21,,
0,bench/30gib-1.bin,483,33554432,923.19,,
0,bench/30gib-1.bin,484,33554432,738.55,,
0,bench/30gib-1.bin,485,33554432,543.65,,
0,bench/30gib-1.bin,486,33554432,497.14,,
0,bench/30gib-1.bin,487,33554432,529.24,,
0,bench/30gib-1.bin,488,33554432,486.45,,
0,bench/30gib-1.bin,489,33554432,745.76,,
0,bench/30gib-1.bin,490,33554432,651.45,,
0,bench/30gib-1.bin,491,33554432,637.75,,
0,bench/30gib-1.bin,492,33554432,674.63,,
0,bench/30gib-1.bin,493,33554432,1027.11,,
0,bench/30gib-1.bin,494,33554432,697.92,,
0,bench/30gib-1.bin,495,33554432,770.75,,
0,bench/30gib-1.bin,496,33554432,566.17,,
0,bench/30gib-1.bin,497,33554432,984.99,,
0,bench/30gib-1.bin,498,33554432,720.62,,
0,bench/30gib-1.bin,499,33554432,787.17,,
0,bench/30gib-1.bin,500,33554432,537.62,,
0,bench/30gib-1.bin,501,33554432,778.58,,
0,bench/30gib-1.bin,502,33554432,751.47,,
0,bench/30gib-1.bin,503,33554432,1272.86,,
0,bench/30gib-1.bin,504,33554432,748.66,,
0,bench/30gib-1.bin,505,33554432,1225.80,,
0,bench/30gib-1.bin,506,33554432,683.26,,
0,bench/30gib-1.bin,507,33554432,819.61,,
0,bench/30gib-1.bin,508,33554432,510.80,,
0,bench/30gib-1.bin,509,33554432,526.56,,
0,bench/30gib-1.bin,510,33554432,520.96,,
0,bench/30gib-1.bin,511,33554432,659.25,,
0,bench/30gib-1.bin,512,33554432,351.57,,
0,bench/30gib-1.bin,513,33554432,400.87,,
0,bench/30gib-1.bin,514,33554432,528.65,,
0,bench/30gib-1.bin,515,33554432,658.05,,
0,bench/30gib-1.bin,516,33554432,681.49,,
0,bench/30gib-1.bin,517,33554432,682.26,,
0,bench/30gib-1.bin,518,33554432,587.20,,
0,bench/30gib-1.bin,519,33554432,862.92,,
0,bench/30gib-1.bin,520,33554432,781.48,,
0,bench/30gib-1.bin,521,33554432,700.54,,
0,bench/30gib-1.bin,522,33554432,705.59,,
0,bench/30gib-1.bin,523,33554432,779.60,,
0,bench/30gib-1.bin,524,33554432,746.21,,
0,bench/30gib-1.bin,525,33554432,742.75,,
0,bench/30gib-1.bin,526,33554432,676.49,,
0,bench/30gib-1.bin,527,33554432,574.65,,
0,bench/30gib-1.bin,528,33554432,746.33,,
0,bench/30gib-1.bin,529,33554432,895.17,,
0,bench/30gib-1.bin,530,33554432,591.26,,
0,bench/30gib-1.bin,531,33554432,724.99,,
0,bench/30gib-1.bin,532,33554432,619.62,,
0,bench/30gib-1.bin,533,33554432,851.78,,
0,bench/30gib-1.bin,534,33554432,544.92,,
0,bench/30gib-1.bin,535,33554432,910.04,,
0,bench/30gib-1.bin,536,33554432,615.10,,
0,bench/30gib-1.bin,537,33554432,947.91,,
0,bench/30gib-1.bin,538,33554432,946.13,,
0,bench/30gib-1.bin,539,33554432,876.01,,
0,bench/30gib-1.bin,540,33554432,505.65,,
0,bench/30gib-1.bin,541,33554432,607.22,,
0,bench/30gib-1.bin,542,33554432,659.37,,
0,bench/30gib-1.bin,543,33554432,710.35,,
0,bench/30gib-1.bin,544,33554432,719.88,,
0,bench/30gib-1.bin,545,33554432,836.59,,
0,bench/30gib-1.bin,546,33554432,700.12,,
0,bench/30gib-1.bin,547,33554432,621.33,,
0,bench/30gib-1.bin,548,33554432,692.59,,
0,bench/30gib-1.bin,549,33554432,968.48,,
0,bench/30gib-1.bin,550,33554432,516.55,,
0,bench/30gib-1.bin,551,33554432,615.04,,
0,bench/30gib-1.bin,552,33554432,863.48,,
0,bench/30gib-1.bin,553,33554432,725.66,,
0,bench/30gib-1.bin,554,33554432,564.51,,
0,bench/30gib-1.bin,555,33554432,636.44,,
0,bench/30gib-1.bin,556,33554432,647.75,,
0,bench/30gib-1.bin,557,33554432,891.83,,
0,bench/30gib-1.bin,558,33554432,634.42,,
0,bench/30gib-1.bin,559,33554432,910.11,,
0,bench/30gib-1.bin,560,33554432,977.55,,
0,bench/30gib-1.bin,561,33554432,466.00,,
0,bench/30gib-1.bin,562,33554432,747.63,,
0,bench/30gib-1.bin,563,33554432,648.74,,
0,bench/30gib-1.bin,564,33554432,785.67,,
0,bench/30gib-1.bin,565,33554432,586.32,,
0,bench/30gib-1.bin,566,33554432,848.37,,
0,bench/30gib-1.bin,567,33554432,1011.86,,
0,bench/30gib-1.bin,568,33554432,765.60,,
0,bench/30gib-1.bin,569,33554432,823.29,,
0,bench/30gib-1.bin,570,33554432,758.48,,
0,bench/30gib-1.bin,571,33554432,704.65,,
0,bench/30gib-1.bin,572,33554432,600.73,,
0,bench/30gib-1.bin,573,33554432,618.93,,
0,bench/30gib-1.bin,574,33554432,589.66,,
0,bench/30gib-1.bin,575,33554432,787.46,,
0,bench/30gib-1.bin,576,33554432,760.62,,
0,bench/30gib-1.bin,577,33554432,478.47,,
0,bench/30gib-1.bin,578,33554432,723.18,,
0,bench/30gib-1.bin,579,33554432,957.59,,
0,bench/30gib-1.bin,580,33554432,897.49,,
0,bench/30gib-1.bin,581,33554432,757.98,,
0,bench/30gib-1.bin,582,33554432,776.95,,
0,bench/30gib-1.bin,583,33554432,580.99,,
0,bench/30gib-1.bin,584,33554432,917.04,,
0,bench/30gib-1.bin,585,33554432,662.23,,
0,bench/30gib-1.bin,586,33554432,764.81,,
0,bench/30gib-1.bin,587,33554432,535.90,,
0,bench/30gib-1.bin,588,33554432,576.33,,
0,bench/30gib-1.bin,589,33554432,907.60,,
0,bench/30gib-1.bin,590,33554432,688.18,,
0,bench/30gib-1.bin,591,33554432,978.51,,
0,bench/30gib-1.bin,592,33554432,522.70,,
0,bench/30gib-1.bin,593,33554432,670.73,,
0,bench/30gib-1.bin,594,33554432,539.37,,
0,bench/30gib-1.bin,595,33554432,927.37,,
0,bench/30gib-1.bin,596,33554432,633.04,,
0,bench/30gib-1.bin,597,33554432,448.31,,
0,bench/30gib-1.bin,598,33554432,515.83,,
0,bench/30gib-1.bin,599,33554432,481.30,,
0,bench/30gib-1.bin,600,33554432,969.67,,
0,bench/30gib-1.bin,601,33554432,630.22,,
0,bench/30gib-1.bin,602,33554432,550.38,,
0,bench/30gib-1.bin,603,33554432,1159.36,,
0,bench/30gib-1.bin,604,33554432,382.28,,
0,bench/30gib-1.bin,605,33554432,738.79,,
0,bench/30gib-1.bin,606,33554432,602.35,,
0,bench/30gib-1.bin,607,33554432,917.70,,
0,bench/30gib-1.bin,608,33554432,657.40,,
0,bench/30gib-1.bin,609,33554432,765.61,,
0,bench/30gib-1.bin,610,33554432,659.48,,
0,bench/30gib-1.bin,611,33554432,982.36,,
0,bench/30gib-1.bin,612,33554432,857.65,,
0,bench/30gib-1.bin,613,33554432,512.63,,
0,bench/30gib-1.bin,614,33554432,678.77,,
0,bench/30gib-1.bin,615,33554432,647.94,,
0,bench/30gib-1.bin,616,33554432,569.87,,
0,bench/30gib-1.bin,617,33554432,539.71,,
0,bench/30gib-1.bin,618,33554432,647.15,,
0,bench/30gib-1.bin,619,33554432,682.73,,
0,bench/30gib-1.bin,620,33554432,640.03,,
0,bench/30gib-1.bin,621,33554432,702.40,,
0,bench/30gib-1.bin,622,33554432,600.56,,
0,bench/30gib-1.bin,623,33554432,978.80,,
0,bench/30gib-1.bin,624,33554432,467.59,,
0,bench/30gib-1.bin,625,33554432,822.07,,
0,bench/30gib-1.bin,626,33554432,535.02,,
0,bench/30gib-1.bin,627,33554432,465.66,,
0,bench/30gib-1.bin,628,33554432,1229.64,,
0,bench/30gib-1.bin,629,33554432,540.72,,
0,bench/30gib-1.bin,630,33554432,650.01,,
0,bench/30gib-1.bin,631,33554432,934.67,,
0,bench/30gib-1.bin,632,33554432,476.06,,
0,bench/30gib-1.bin,633,33554432,786.67,,
0,bench/30gib-1.bin,634,33554432,510.66,,
0,bench/30gib-1.bin,635,33554432,491.09,,
0,bench/30gib-1.bin,636,33554432,605.23,,
0,bench/30gib-1.bin,637,33554432,658.93,,
0,bench/30gib-1.bin,638,33554432,861.45,,
0,bench/30gib-1.bin,639,33554432,895.71,,
0,bench/30gib-1.bin,640,33554432,614.99,,
0,bench/30gib-1.bin,641,33554432,439.86,,
0,bench/30gib-1.bin,642,33554432,599.49,,
0,bench/30gib-1.bin,643,33554432,1064.04,,
0,bench/30gib-1.bin,644,33554432,471.70,,
0,bench/30gib-1.bin,645,33554432,1120.49,,
0,bench/30gib-1.bin,646,33554432,574.96,,
0,bench/30gib-1.bin,647,33554432,622.30,,
0,bench/30gib-1.bin,648,33554432,768.07,,
0,bench/30gib-1.bin,649,33554432,668.04,,
0,bench/30gib-1.bin,650,33554432,556.69,,
0,bench/30gib-1.bin,651,33554432,789.10,,
0,bench/30gib-1.bin,652,33554432,475.09,,
0,bench/30gib-1.bin,653,33554432,866.32,,
0,bench/30gib-1.bin,654,33554432,1190.66,,
0,bench/30gib-1.bin,655,33554432,536.04,,
0,bench/30gib-1.bin,656,33554432,764.87,,
0,bench/30gib-1.bin,657,33554432,745.57,,
0,bench/30gib-1.bin,658,33554432,463.10,,
0,bench/30gib-1.bin,659,33554432,1200.40,,
0,bench/30gib-1.bin,660,33554432,1015.08,,
0,bench/30gib-1.bin,661,33554432,755.13,,
0,bench/30gib-1.bin,662,33554432,481.74,,
0,bench/30gib-1.bin,663,33554432,674.90,,
0,bench/30gib-1.bin,664,33554432,656.86,,
0,bench/30gib-1.bin,665,33554432,678.36,,
0,bench/30gib-1.bin,666,33554432,639.58,,
0,bench/30gib-1.bin,667,33554432,1068.94,,
0,bench/30gib-1.bin,668,33554432,645.80,,
0,bench/30gib-1.bin,669,33554432,630.73,,
0,bench/30gib-1.bin,670,33554432,881.41,,
0,bench/30gib-1.bin,671,33554432,872.14,,
0,bench/30gib-1.bin,672,33554432,638.46,,
0,bench/30gib-1.bin,673,33554432,862.61,,
0,bench/30gib-1.bin,674,33554432,507.90,,
0,bench/30gib-1.bin,675,33554432,777.11,,
0,bench/30gib-1.bin,676,33554432,878.87,,
0,bench/30gib-1.bin,677,33554432,525.16,,
0,bench/30gib-1.bin,678,33554432,492.22,,
0,bench/30gib-1.bin,679,33554432,466.29,,
0,bench/30gib-1.bin,680,33554432,832.05,,
0,bench/30gib-1.bin,681,33554432,818.19,,
0,bench/30gib-1.bin,682,33554432,833.09,,
0,bench/30gib-1.bin,683,33554432,804.46,,
0,bench/30gib-1.bin,684,33554432,729.25,,
0,bench/30gib-1.bin,685,33554432,780.02,,
0,bench/30gib-1.bin,686,33554432,640.63,,
0,bench/30gib-1.bin,687,33554432,962.70,,
0,bench/30gib-1.bin,688,33554432,865.37,,
0,bench/30gib-1.bin,689,33554432,755.22,,
0,bench/30gib-1.bin,690,33554432,800.24,,
0,bench/30gib-1.bin,691,33554432,633.60,,
0,bench/30gib-1.bin,692,33554432,2229.95,,
0,bench/30gib-1.bin,693,33554432,724.55,,
0,bench/30gib-1.bin,694,33554432,944.65,,
0,bench/30gib-1.bin,695,33554432,810.42,,
0,bench/30gib-1.bin,696,33554432,929.70,,
0,bench/30gib-1.bin,697,33554432,420.86,,
0,bench/30gib-1.bin,698,33554432,711.27,,
0,bench/30gib-1.bin,699,33554432,736.64,,
0,bench/30gib-1.bin,700,33554432,576.26,,
0,bench/30gib-1.bin,701,33554432,782.72,,
0,bench/30gib-1.bin,702,33554432,1121.33,,
0,bench/30gib-1.bin,703,33554432,511.30,,
0,bench/30gib-1.bin,704,33554432,1093.12,,
0,bench/30gib-1.bin,705,33554432,488.91,,
0,bench/30gib-1.bin,706,33554432,659.98,,
0,bench/30gib-1.bin,707,33554432,621.15,,
0,bench/30gib-1.bin,708,33554432,495.89,,
0,bench/30gib-1.bin,709,33554432,695.39,,
0,bench/30gib-1.bin,710,33554432,558.43,,
0,bench/30gib-1.bin,711,33554432,643.33,,
0,bench/30gib-1.bin,712,33554432,679.17,,
0,bench/30gib-1.bin,713,33554432,1119.36,,
0,bench/30gib-1.bin,714,33554432,633.79,,
0,bench/30gib-1.bin,715,33554432,546.12,,
0,bench/30gib-1.bin,716,33554432,578.88,,
0,bench/30gib-1.bin,717,33554432,744.18,,
0,bench/30gib-1.bin,718,33554432,640.84,,
0,bench/30gib-1.bin,719,33554432,615.18,,
0,bench/30gib-1.bin,720,33554432,824.53,,
0,bench/30gib-1.bin,721,33554432,549.30,,
0,bench/30gib-1.bin,722,33554432,492.38,,
0,bench/30gib-1.bin,723,33554432,728.59,,
0,bench/30gib-1.bin,724,33554432,857.47,,
0,bench/30gib-1.bin,725,33554432,826.69,,
0,bench/30gib-1.bin,726,33554432,1168.91,,
0,bench/30gib-1.bin,727,33554432,572.67,,
0,bench/30gib-1.bin,728,33554432,681.46,,
0,bench/30gib-1.bin,729,33554432,504.71,,
0,bench/30gib-1.bin,730,33554432,701.45,,
0,bench/30gib-1.bin,731,33554432,792.50,,
0,bench/30gib-1.bin,732,33554432,821.06,,
0,bench/30gib-1.bin,733,33554432,733.71,,
0,bench/30gib-1.bin,734,33554432,504.59,,
0,bench/30gib-1.bin,735,33554432,741.09,,
0,bench/30gib-1.bin,736,33554432,670.66,,
0,bench/30gib-1.bin,737,33554432,761.77,,
0,bench/30gib-1.bin,738,33554432,648.85,,
0,bench/30gib-1.bin,739,33554432,742.32,,
0,bench/30gib-1.bin,740,33554432,543.35,,
0,bench/30gib-1.bin,741,33554432,602.28,,
0,bench/30gib-1.bin,742,33554432,620.67,,
0,bench/30gib-1.bin,743,33554432,552.11,,
0,bench/30gib-1.bin,744,33554432,1110.29,,
0,bench/30gib-1.bin,745,33554432,1102.79,,
0,bench/30gib-1.bin,746,33554432,564.21,,
0,bench/30gib-1.bin,747,33554432,687.32,,
0,bench/30gib-1.bin,748,33554432,812.68,,
0,bench/30gib-1.bin,749,33554432,571.50,,
0,bench/30gib-1.bin,750,33554432,707.14,,
0,bench/30gib-1.bin,751,33554432,657.72,,
0,bench/30gib-1.bin,752,33554432,785.40,,
0,bench/30gib-1.bin,753,33554432,818.20,,
0,bench/30gib-1.bin,754,33554432,832.29,,
0,bench/30gib-1.bin,755,33554432,522.70,,
0,bench/30gib-1.bin,756,33554432,408.26,,
0,bench/30gib-1.bin,757,33554432,411.55,,
0,bench/30gib-1.bin,758,33554432,758.00,,
0,bench/30gib-1.bin,759,33554432,776.40,,
0,bench/30gib-1.bin,760,33554432,766.77,,
0,bench/30gib-1.bin,761,33554432,529.93,,
0,bench/30gib-1.bin,762,33554432,545.65,,
0,bench/30gib-1.bin,763,33554432,1011.65,,
0,bench/30gib-1.bin,764,33554432,647.63,,
0,bench/30gib-1.bin,765,33554432,466.18,,
0,bench/30gib-1.bin,766,33554432,668.45,,
0,bench/30gib-1.bin,767,33554432,624.64,,
0,bench/30gib-1.bin,768,33554432,493.12,,
0,bench/30gib-1.bin,769,33554432,930.47,,
0,bench/30gib-1.bin,770,33554432,518.30,,
0,bench/30gib-1.bin,771,33554432,954.20,,
0,bench/30gib-1.bin,772,33554432,957.73,,
0,bench/30gib-1.bin,773,33554432,852.13,,
0,bench/30gib-1.bin,774,33554432,496.96,,
0,bench/30gib-1.bin,775,33554432,509.87,,
0,bench/30gib-1.bin,776,33554432,1041.68,,
0,bench/30gib-1.bin,777,33554432,837.02,,
0,bench/30gib-1.bin,778,33554432,523.58,,
0,bench/30gib-1.bin,779,33554432,683.76,,
0,bench/30gib-1.bin,780,33554432,421.77,,
0,bench/30gib-1.bin,781,33554432,1030.53,,
0,bench/30gib-1.bin,782,33554432,456.12,,
0,bench/30gib-1.bin,783,33554432,866.12,,
0,bench/30gib-1.bin,784,33554432,643.12,,
0,bench/30gib-1.bin,785,33554432,1519.96,,
0,bench/30gib-1.bin,786,33554432,581.91,,
0,bench/30gib-1.bin,787,33554432,494.50,,
0,bench/30gib-1.bin,788,33554432,724.97,,
0,bench/30gib-1.bin,789,33554432,1032.49,,
0,bench/30gib-1.bin,790,33554432,446.07,,
0,bench/30gib-1.bin,791,33554432,718.36,,
0,bench/30gib-1.bin,792,33554432,1101.42,,
0,bench/30gib-1.bin,793,33554432,718.15,,
0,bench/30gib-1.bin,794,33554432,696.34,,
0,bench/30gib-1.bin,795,33554432,1142.79,,
0,bench/30gib-1.bin,796,33554432,503.39,,
0,bench/30gib-1.bin,797,33554432,695.27,,
0,bench/30gib-1.bin,798,33554432,703.81,,
0,bench/30gib-1.bin,799,33554432,800.42,,
0,bench/30gib-1.bin,800,33554432,787.84,,
0,bench/30gib-1.bin,801,33554432,643.19,,
0,bench/30gib-1.bin,802,33554432,769.61,,
0,bench/30gib-1.bin,803,33554432,583.41,,
0,bench/30gib-1.bin,804,33554432,644.11,,
0,bench/30gib-1.bin,805,33554432,557.86,,
0,bench/30gib-1.bin,806,33554432,585.10,,
0,bench/30gib-1.bin,807,33554432,948.91,,
0,bench/30gib-1.bin,808,33554432,630.74,,
0,bench/30gib-1.bin,809,33554432,1090.91,,
0,bench/30gib-1.bin,810,33554432,898.74,,
0,bench/30gib-1.bin,811,33554432,689.58,,
0,bench/30gib-1.bin,812,33554432,409.41,,
0,bench/30gib-1.bin,813,33554432,588.01,,
0,bench/30gib-1.bin,814,33554432,566.36,,
0,bench/30gib-1.bin,815,33554432,607.30,,
0,bench/30gib-1.bin,816,33554432,582.35,,
0,bench/30gib-1.bin,817,33554432,943.60,,
0,bench/30gib-1.bin,818,33554432,1064.58,,
0,bench/30gib-1.bin,819,33554432,731.88,,
0,bench/30gib-1.bin,820,33554432,1044.20,,
0,bench/30gib-1.bin,821,33554432,593.94,,
0,bench/30gib-1.bin,822,33554432,661.12,,
0,bench/30gib-1.bin,823,33554432,811.56,,
0,bench/30gib-1.bin,824,33554432,922.32,,
0,bench/30gib-1.bin,825,33554432,1003.14,,
0,bench/30gib-1.bin,826,33554432,747.08,,
0,bench/30gib-1.bin,827,33554432,629.19,,
0,bench/30gib-1.bin,828,33554432,820.09,,
0,bench/30gib-1.bin,829,33554432,559.65,,
0,bench/30gib-1.bin,830,33554432,635.97,,
0,bench/30gib-1.bin,831,33554432,439.00,,
0,bench/30gib-1.bin,832,33554432,991.00,,
0,bench/30gib-1.bin,833,33554432,967.03,,
0,bench/30gib-1.bin,834,33554432,883.50,,
0,bench/30gib-1.bin,835,33554432,845.38,,
0,bench/30gib-1.bin,836,33554432,1619.27,,
0,bench/30gib-1.bin,837,33554432,767.13,,
0,bench/30gib-1.bin,838,33554432,937.45,,
0,bench/30gib-1.bin,839,33554432,1106.40,,
0,bench/30gib-1.bin,840,33554432,865.39,,
0,bench/30gib-1.bin,841,33554432,860.40,,
0,bench/30gib-1.bin,842,33554432,460.91,,
0,bench/30gib-1.bin,843,33554432,864.78,,
0,bench/30gib-1.bin,844,33554432,561.47,,
0,bench/30gib-1.bin,845,33554432,537.80,,
0,bench/30gib-1.bin,846,33554432,575.00,,
0,bench/30gib-1.bin,847,33554432,739.17,,
0,bench/30gib-1.bin,848,33554432,606.59,,
0,bench/30gib-1.bin,849,33554432,523.84,,
0,bench/30gib-1.bin,850,33554432,774.52,,
0,bench/30gib-1.bin,851,33554432,630.40,,
0,bench/30gib-1.bin,852,33554432,654.44,,
0,bench/30gib-1.bin,853,33554432,569.78,,
0,bench/30gib-1.bin,854,33554432,943.67,,
0,bench/30gib-1.bin,855,33554432,672.60,,
0,bench/30gib-1.bin,856,33554432,967.94,,
0,bench/30gib-1.bin,857,33554432,582.91,,
0,bench/30gib-1.bin,858,33554432,873.55,,
0,bench/30gib-1.bin,859,33554432,637.51,,
0,bench/30gib-1.bin,860,33554432,494.42,,
0,bench/30gib-1.bin,861,33554432,954.89,,
0,bench/30gib-1.bin,862,33554432,631.62,,
0,bench/30gib-1.bin,863,33554432,771.39,,
0,bench/30gib-1.bin,864,33554432,558.06,,
0,bench/30gib-1.bin,865,33554432,1046.46,,
0,bench/30gib-1.bin,866,33554432,683.32,,
0,bench/30gib-1.bin,867,33554432,701.79,,
0,bench/30gib-1.bin,868,33554432,875.52,,
0,bench/30gib-1.bin,869,33554432,572.02,,
0,bench/30gib-1.bin,870,33554432,740.31,,
0,bench/30gib-1.bin,871,33554432,697.36,,
0,bench/30gib-1.bin,872,33554432,578.13,,
0,bench/30gib-1.bin,873,33554432,586.56,,
0,bench/30gib-1.bin,874,33554432,553.64,,
0,bench/30gib-1.bin,875,33554432,836.32,,
0,bench/30gib-1.bin,876,33554432,1055.79,,
0,bench/30gib-1.bin,877,33554432,705.48,,
0,bench/30gib-1.bin,878,33554432,644.32,,
0,bench/30gib-1.bin,879,33554432,754.49,,
0,bench/30gib-1.bin,880,33554432,584.70,,
0,bench/30gib-1.bin,881,33554432,636.80,,
0,bench/30gib-1.bin,882,33554432,589.19,,
0,bench/30gib-1.bin,883,33554432,680.57,,
0,bench/30gib-1.bin,884,33554432,1013.31,,
0,bench/30gib-1.bin,885,33554432,483.14,,
0,bench/30gib-1.bin,886,33554432,509.56,,
0,bench/30gib-1.bin,887,33554432,887.26,,
0,bench/30gib-1.bin,888,33554432,1027.78,,
0,bench/30gib-1.bin,889,33554432,592.58,,
0,bench/30gib-1.bin,890,33554432,633.65,,
0,bench/30gib-1.bin,891,33554432,722.47,,
0,bench/30gib-1.bin,892,33554432,1006.69,,
0,bench/30gib-1.bin,893,33554432,933.31,,
0,bench/30gib-1.bin,894,33554432,677.35,,
0,bench/30gib-1.bin,895,33554432,582.54,,
0,bench/30gib-1.bin,896,33554432,648.38,,
0,bench/30gib-1.bin,897,33554432,642.67,,
0,bench/30gib-1.bin,898,33554432,941.03,,
0,bench/30gib-1.bin,899,33554432,769.09,,
0,bench/30gib-1.bin,900,33554432,651.99,,
0,bench/30gib-1.bin,901,33554432,490.16,,
0,bench/30gib-1.bin,902,33554432,923.42,,
0,bench/30gib-1.bin,903,33554432,738.38,,
0,bench/30gib-1.bin,904,33554432,842.38,,
0,bench/30gib-1.bin,905,33554432,635.69,,
0,bench/30gib-1.bin,906,33554432,635.66,,
0,bench/30gib-1.bin,907,33554432,544.40,,
0,bench/30gib-1.bin,908,33554432,879.91,,
0,bench/30gib-1.bin,909,33554432,783.19,,
0,bench/30gib-1.bin,910,33554432,621.14,,
0,bench/30gib-1.bin,911,33554432,899.04,,
0,bench/30gib-1.bin,912,33554432,1000.55,,
0,bench/30gib-1.bin,913,33554432,477.48,,
0,bench/30gib-1.bin,914,33554432,603.96,,
0,bench/30gib-1.bin,915,33554432,579.40,,
0,bench/30gib-1.bin,916,33554432,601.95,,
0,bench/30gib-1.bin,917,33554432,731.22,,
0,bench/30gib-1.bin,918,33554432,568.14,,
0,bench/30gib-1.bin,919,33554432,980.07,,
0,bench/30gib-1.bin,920,33554432,967.89,,
0,bench/30gib-1.bin,921,33554432,947.97,,
0,bench/30gib-1.bin,922,33554432,600.09,,
0,bench/30gib-1.bin,923,33554432,519.11,,
0,bench/30gib-1.bin,924,33554432,929.42,,
0,bench/30gib-1.bin,925,33554432,907.26,,
0,bench/30gib-1.bin,926,33554432,764.70,,
0,bench/30gib-1.bin,927,33554432,915.34,,
0,bench/30gib-1.bin,928,33554432,842.04,,
0,bench/30gib-1.bin,929,33554432,588.74,,
0,bench/30gib-1.bin,930,33554432,821.23,,
0,bench/30gib-1.bin,931,33554432,1010.07,,
0,bench/30gib-1.bin,932,33554432,515.45,,
0,bench/30gib-1.bin,933,33554432,625.74,,
0,bench/30gib-1.bin,934,33554432,987.27,,
0,bench/30gib-1.bin,935,33554432,513.23,,
0,bench/30gib-1.bin,936,33554432,457.05,,
0,bench/30gib-1.bin,937,33554432,538.03,,
0,bench/30gib-1.bin,938,33554432,521.07,,
0,bench/30gib-1.bin,939,33554432,1169.47,,
0,bench/30gib-1.bin,940,33554432,766.17,,
0,bench/30gib-1.bin,941,33554432,777.08,,
0,bench/30gib-1.bin,942,33554432,619.33,,
0,bench/30gib-1.bin,943,33554432,1273.59,,
0,bench/30gib-1.bin,944,33554432,1113.61,,
0,bench/30gib-1.bin,945,33554432,793.73,,
0,bench/30gib-1.bin,946,33554432,620.52,,
0,bench/30gib-1.bin,947,33554432,554.38,,
0,bench/30gib-1.bin,948,33554432,520.60,,
0,bench/30gib-1.bin,949,33554432,527.56,,
0,bench/30gib-1.bin,950,33554432,1021.22,,
0,bench/30gib-1.bin,951,33554432,539.73,,
0,bench/30gib-1.bin,952,33554432,627.06,,
0,bench/30gib-1.bin,953,33554432,648.72,,
0,bench/30gib-1.bin,954,33554432,525.64,,
0,bench/30gib-1.bin,955,33554432,406.32,,
0,bench/30gib-1.bin,956,33554432,513.47,,
0,bench/30gib-1.bin,957,33554432,585.16,,
0,bench/30gib-1.bin,958,33554432,524.91,,
0,bench/30gib-1.bin,959,33554432,564.10,,
0,bench/30gib-1.bin,960,33554432,686.69,,
0,bench/30gib-2.bin,1,33554432,1638.09,,
0,bench/30gib-2.bin,2,33554432,1883.49,,
0,bench/30gib-2.bin,3,33554432,1411.50,,
0,bench/30gib-2.bin,4,33554432,1260.74,,
0,bench/30gib-2.bin,5,33554432,1377.15,,
0,bench/30gib-2.bin,6,33554432,1135.58,,
0,bench/30gib-2.bin,7,33554432,1740.27,,
0,bench/30gib-2.bin,8,33554432,1264.90,,
0,bench/30gib-2.bin,9,33554432,1017.83,,
0,bench/30gib-2.bin,10,33554432,1464.52,,
0,bench/30gib-2.bin,11,33554432,1471.73,,
0,bench/30gib-2.bin,12,33554432,1000.91,,
0,bench/30gib-2.bin,13,33554432,2080.46,,
0,bench/30gib-2.bin,14,33554432,1395.61,,
0,bench/30gib-2.bin,15,33554432,1393.10,,
0,bench/30gib-2.bin,16,33554432,1528.40,,
0,bench/30gib-2.bin,17,33554432,1186.57,,
0,bench/30gib-2.bin,18,33554432,913.20,,
0,bench/30gib-2.bin,19,33554432,1840.21,,
0,bench/30gib-2.bin,20,33554432,1898.29,,
0,bench/30gib-2.bin,21,33554432,1482.98,,
0,bench/30gib-2.bin,22,33554432,1283.63,,
0,bench/30gib-2.bin,23,33554432,2134.21,,
0,bench/30gib-2.bin,24,33554432,1917.13,,
0,bench/30gib-2.bin,25,33554432,2314.60,,
0,bench/30gib-2.bin,26,33554432,1305.32,,
0,bench/30gib-2.bin,27,33554432,1347.01,,
0,bench/30gib-2.bin,28,33554432,1396.25,,
0,bench/30gib-2.bin,29,33554432,1120.49,,
0,bench/30gib-2.bin,30,33554432,1435.35,,
0,bench/30gib-2.bin,31,33554432,1694.66,,
0,bench/30gib-2.bin,32,33554432,1289.33,,
0,bench/30gib-2.bin,33,33554432,1439.16,,
0,bench/30gib-2.bin,34,33554432,1096.38,,
0,bench/30gib-2.bin,35,33554432,1567.16,,
0,bench/30gib-2.bin,36,33554432,1129.87,,
0,bench/30gib-2.bin,37,33554432,1651.92,,
0,bench/30gib-2.bin,38,33554432,1196.59,,
0,bench/30gib-2.bin,39,33554432,1197.86,,
0,bench/30gib-2.bin,40,33554432,768.28,,
0,bench/30gib-2.bin,41,33554432,1275.29,,
0,bench/30gib-2.bin,42,33554432,866.18,,
0,bench/30gib-2.bin,43,33554432,938.82,,
0,bench/30gib-2.bin,44,33554432,1032.03,,
0,bench/30gib-2.bin,45,33554432,1307.12,,
0,bench/30gib-2.bin,46,33554432,1017.71,,
0,bench/30gib-2.bin,47,33554432,1190.11,,
0,bench/30gib-2.bin,48,33554432,1035.41,,
0,bench/30gib-2.bin,49,33554432,1249.77,,
0,bench/30gib-2.bin,50,33554432,1391.23,,
0,bench/30gib-2.bin,51,33554432,1303.19,,
0,bench/30gib-2.bin,52,33554432,1020.42,,
0,bench/30gib-2.bin,53,33554432,1067.98,,
0,bench/30gib-2.bin,54,33554432,1102.18,,
0,bench/30gib-2.bin,55,33554432,807.80,,
0,bench/30gib-2.bin,56,33554432,1092.14,,
0,bench/30gib-2.bin,57,33554432,767.39,,
0,bench/30gib-2.bin,58,33554432,1083.20,,
0,bench/30gib-2.bin,59,33554432,956.51,,
0,bench/30gib-2.bin,60,33554432,1168.48,,
0,bench/30gib-2.bin,61,33554432,1065.84,,
0,bench/30gib-2.bin,62,33554432,1251.21,,
0,bench/30gib-2.bin,63,33554432,1492.27,,
0,bench/30gib-2.bin,64,33554432,1089.31,,
0,bench/30gib-2.bin,65,33554432,763.09,,
0,bench/30gib-2.bin,66,33554432,913.60,,
0,bench/30gib-2.bin,67,33554432,2114.20,,
0,bench/30gib-2.bin,68,33554432,683.79,,
0,bench/30gib-2.bin,69,33554432,578.10,,
0,bench/30gib-2.bin,70,33554432,687.19,,
0,bench/30gib-2.bin,71,33554432,592.37,,
0,bench/30gib-2.bin,72,33554432,617.34,,
0,bench/30gib-2.bin,73,33554432,1427.06,,
0,bench/30gib-2.bin,74,33554432,841.50,,
0,bench/30gib-2.bin,75,33554432,721.44,,
0,bench/30gib-2.bin,76,33554432,1010.40,,
0,bench/30gib-2.bin,77,33554432,917.36,,
0,bench/30gib-2.bin,78,33554432,675.24,,
0,bench/30gib-2.bin,79,33554432,527.94,,
0,bench/30gib-2.bin,80,33554432,643.63,,
0,bench/30gib-2.bin,81,33554432,648.96,,
0,bench/30gib-2.bin,82,33554432,831.13,,
0,bench/30gib-2.bin,83,33554432,834.04,,
0,bench/30gib-2.bin,84,33554432,973.30,,
0,bench/30gib-2.bin,85,33554432,571.70,,
0,bench/30gib-2.bin,86,33554432,1026.44,,
0,bench/30gib-2.bin,87,33554432,1094.04,,
0,bench/30gib-2.bin,88,33554432,544.43,,
0,bench/30gib-2.bin,89,33554432,839.03,,
0,bench/30gib-2.bin,90,33554432,721.93,,
0,bench/30gib-2.bin,91,33554432,1029.15,,
0,bench/30gib-2.bin,92,33554432,661.54,,
0,bench/30gib-2.bin,93,33554432,823.56,,
0,bench/30gib-2.bin,94,33554432,717.74,,
0,bench/30gib-2.bin,95,33554432,578.32,,
0,bench/30gib-2.bin,96,33554432,696.82,,
0,bench/30gib-2.bin,97,33554432,568.30,,
0,bench/30gib-2.bin,98,33554432,615.65,,
0,bench/30gib-2.bin,99,33554432,856.81,,
0,bench/30gib-2.bin,100,33554432,812.09,,
0,bench/30gib-2.bin,101,33554432,743.26,,
0,bench/30gib-2.bin,102,33554432,825.23,,
0,bench/30gib-2.bin,103,33554432,1058.87,,
0,bench/30gib-2.bin,104,33554432,585.17,,
0,bench/30gib-2.bin,105,33554432,865.15,,
0,bench/30gib-2.bin,106,33554432,971.36,,
0,bench/30gib-2.bin,107,33554432,548.29,,
0,bench/30gib-2.bin,108,33554432,578.97,,
0,bench/30gib-2.bin,109,33554432,675.43,,
0,bench/30gib-2.bin,110,33554432,768.72,,
0,bench/30gib-2.bin,111,33554432,528.97,,
0,bench/30gib-2.bin,112,33554432,943.56,,
0,bench/30gib-2.bin,113,33554432,817.74,,
0,bench/30gib-2.bin,114,33554432,791.77,,
0,bench/30gib-2.bin,115,33554432,1019.77,,
0,bench/30gib-2.bin,116,33554432,644.95,,
0,bench/30gib-2.bin,117,33554432,849.50,,
0,bench/30gib-2.bin,118,33554432,964.22,,
0,bench/30gib-2.bin,119,33554432,733.24,,
0,bench/30gib-2.bin,120,33554432,641.57,,
0,bench/30gib-2.bin,121,33554432,1762.45,,
0,bench/30gib-2.bin,122,33554432,1011.99,,
0,bench/30gib-2.bin,123,33554432,866.11,,
0,bench/30gib-2.bin,124,33554432,492.02,,
0,bench/30gib-2.bin,125,33554432,568.84,,
0,bench/30gib-2.bin,126,33554432,943.70,,
0,bench/30gib-2.bin,127,33554432,700.48,,
0,bench/30gib-2.bin,128,33554432,991.53,,
0,bench/30gib-2.bin,129,33554432,636.48,,
0,bench/30gib-2.bin,130,33554432,526.96,,
0,bench/30gib-2.bin,131,33554432,515.42,,
0,bench/30gib-2.bin,132,33554432,919.07,,
0,bench/30gib-2.bin,133,33554432,553.66,,
0,bench/30gib-2.bin,134,33554432,1060.97,,
0,bench/30gib-2.bin,135,33554432,633.74,,
0,bench/30gib-2.bin,136,33554432,548.26,,
0,bench/30gib-2.bin,137,33554432,591.41,,
0,bench/30gib-2.bin,138,33554432,720.98,,
0,bench/30gib-2.bin,139,33554432,710.64,,
0,bench/30gib-2.bin,140,33554432,553.79,,
0,bench/30gib-2.bin,141,33554432,747.89,,
0,bench/30gib-2.bin,142,33554432,539.94,,
0,bench/30gib-2.bin,143,33554432,744.07,,
0,bench/30gib-2.bin,144,33554432,931.73,,
0,bench/30gib-2.bin,145,33554432,907.67,,
0,bench/30gib-2.bin,146,33554432,477.09,,
0,bench/30gib-2.bin,147,33554432,578.64,,
0,bench/30gib-2.bin,148,33554432,945.81,,
0,bench/30gib-2.bin,149,33554432,665.23,,
0,bench/30gib-2.bin,150,33554432,1018.56,,
0,bench/30gib-2.bin,151,33554432,1000.35,,
0,bench/30gib-2.bin,152,33554432,773.37,,
0,bench/30gib-2.bin,153,33554432,627.54,,
0,bench/30gib-2.bin,154,33554432,638.40,,
0,bench/30gib-2.bin,155,33554432,683.82,,
0,bench/30gib-2.bin,156,33554432,587.12,,
0,bench/30gib-2.bin,157,33554432,847.09,,
0,bench/30gib-2.bin,158,33554432,637.51,,
0,bench/30gib-2.bin,159,33554432,559.26,,
0,bench/30gib-2.bin,160,33554432,539.94,,
0,bench/30gib-2.bin,161,33554432,968.82,,
0,bench/30gib-2.bin,162,33554432,573.50,,
0,bench/30gib-2.bin,163,33554432,565.62,,
0,bench/30gib-2.bin,164,33554432,783.28,,
0,bench/30gib-2.bin,165,33554432,869.77,,
0,bench/30gib-2.bin,166,33554432,462.46,,
0,bench/30gib-2.bin,167,33554432,467.98,,
0,bench/30gib-2.bin,168,33554432,866.76,,
0,bench/30gib-2.bin,169,33554432,531.74,,
0,bench/30gib-2.bin,170,33554432,434.99,,
0,bench/30gib-2.bin,171,33554432,472.35,,
0,bench/30gib-2.bin,172,33554432,729.68,,
0,bench/30gib-2.bin,173,33554432,806.47,,
0,bench/30gib-2.bin,174,33554432,509.85,,
0,bench/30gib-2.bin,175,33554432,397.40,,
0,bench/30gib-2.bin,176,33554432,679.20,,
0,bench/30gib-2.bin,177,33554432,462.36,,
0,bench/30gib-2.bin,178,33554432,1003.97,,
0,bench/30gib-2.bin,179,33554432,616.76,,
0,bench/30gib-2.bin,180,33554432,632.97,,
0,bench/30gib-2.bin,181,33554432,749.95,,
0,bench/30gib-2.bin,182,33554432,955.56,,
0,bench/30gib-2.bin,183,33554432,947.84,,
0,bench/30gib-2.bin,184,33554432,588.30,,
0,bench/30gib-2.bin,185,33554432,790.09,,
0,bench/30gib-2.bin,186,33554432,1000.22,,
0,bench/30gib-2.bin,187,33554432,577.49,,
0,bench/30gib-2.bin,188,33554432,925.59,,
0,bench/30gib-2.bin,189,33554432,865.01,,
0,bench/30gib-2.bin,190,33554432,762.32,,
0,bench/30gib-2.bin,191,33554432,640.79,,
0,bench/30gib-2.bin,192,33554432,629.34,,
0,bench/30gib-2.bin,193,33554432,951.00,,
0,bench/30gib-2.bin,194,33554432,556.09,,
0,bench/30gib-2.bin,195,33554432,635.10,,
0,bench/30gib-2.bin,196,33554432,767.78,,
0,bench/30gib-2.bin,197,33554432,652.53,,
0,bench/30gib-2.bin,198,33554432,908.22,,
0,bench/30gib-2.bin,199,33554432,733.81,,
0,bench/30gib-2.bin,200,33554432,641.95,,
0,bench/30gib-2.bin,201,33554432,673.55,,
0,bench/30gib-2.bin,202,33554432,1111.36,,
0,bench/30gib-2.bin,203,33554432,603.37,,
0,bench/30gib-2.bin,204,33554432,478.71,,
0,bench/30gib-2.bin,205,33554432,454.43,,
0,bench/30gib-2.bin,206,33554432,1399.19,,
0,bench/30gib-2.bin,207,33554432,1008.45,,
0,bench/30gib-2.bin,208,33554432,874.94,,
0,bench/30gib-2.bin,209,33554432,488.02,,
0,bench/30gib-2.bin,210,33554432,438.21,,
0,bench/30gib-2.bin,211,33554432,635.03,,
0,bench/30gib-2.bin,212,33554432,511.74,,
0,bench/30gib-2.bin,213,33554432,929.47,,
0,bench/30gib-2.bin,214,33554432,516.62,,
0,bench/30gib-2.bin,215,33554432,653.42,,
0,bench/30gib-2.bin,216,33554432,609.76,,
0,bench/30gib-2.bin,217,33554432,588.43,,
0,bench/30gib-2.bin,218,33554432,466.82,,
0,bench/30gib-2.bin,219,33554432,875.30,,
0,bench/30gib-2.bin,220,33554432,526.05,,
0,bench/30gib-2.bin,221,33554432,489.22,,
0,bench/30gib-2.bin,222,33554432,1043.16,,
0,bench/30gib-2.bin,223,33554432,552.50,,
0,bench/30gib-2.bin,224,33554432,549.69,,
0,bench/30gib-2.bin,225,33554432,810.68,,
0,bench/30gib-2.bin,226,33554432,1001.72,,
0,bench/30gib-2.bin,227,33554432,566.70,,
0,bench/30gib-2.bin,228,33554432,512.87,,
0,bench/30gib-2.bin,229,33554432,695.40,,
0,bench/30gib-2.bin,230,33554432,737.31,,
0,bench/30gib-2.bin,231,33554432,501.35,,
0,bench/30gib-2.bin,232,33554432,744.33,,
0,bench/30gib-2.bin,233,33554432,520.62,,
0,bench/30gib-2.bin,234,33554432,968.38,,
0,bench/30gib-2.bin,235,33554432,611.29,,
0,bench/30gib-2.bin,236,33554432,539.09,,
0,bench/30gib-2.bin,237,33554432,638.26,,
0,bench/30gib-2.bin,238,33554432,538.14,,
0,bench/30gib-2.bin,239,33554432,443.15,,
0,bench/30gib-2.bin,240,33554432,995.69,,
0,bench/30gib-2.bin,241,33554432,607.20,,
0,bench/30gib-2.bin,242,33554432,669.86,,
0,bench/30gib-2.bin,243,33554432,738.39,,
0,bench/30gib-2.bin,244,33554432,701.95,,
0,bench/30gib-2.bin,245,33554432,537.61,,
0,bench/30gib-2.bin,246,33554432,667.82,,
0,bench/30gib-2.bin,247,33554432,761.93,,
0,bench/30gib-2.bin,248,33554432,573.81,,
0,bench/30gib-2.bin,249,33554432,746.58,,
0,bench/30gib-2.bin,250,33554432,792.72,,
0,bench/30gib-2.bin,251,33554432,710.65,,
0,bench/30gib-2.bin,252,33554432,915.22,,
0,bench/30gib-2.bin,253,33554432,831.43,,
0,bench/30gib-2.bin,254,33554432,577.11,,
0,bench/30gib-2.bin,255,33554432,471.22,,
0,bench/30gib-2.bin,256,33554432,1632.42,,
0,bench/30gib-2.bin,257,33554432,689.34,,
0,bench/30gib-2.bin,258,33554432,686.86,,
0,bench/30gib-2.bin,259,33554432,619.69,,
0,bench/30gib-2.bin,260,33554432,527.90,,
0,bench/30gib-2.bin,261,33554432,737.88,,
0,bench/30gib-2.bin,262,33554432,682.71,,
0,bench/30gib-2.bin,263,33554432,470.24,,
0,bench/30gib-2.bin,264,33554432,999.52,,
0,bench/30gib-2.bin,265,33554432,1116.27,,
0,bench/30gib-2.bin,266,33554432,509.21,,
0,bench/30gib-2.bin,267,33554432,495.74,,
0,bench/30gib-2.bin,268,33554432,698.71,,
0,bench/30gib-2.bin,269,33554432,866.29,,
0,bench/30gib-2.bin,270,33554432,563.60,,
0,bench/30gib-2.bin,271,33554432,1023.22,,
0,bench/30gib-2.bin,272,33554432,563.80,,
0,bench/30gib-2.bin,273,33554432,674.20,,
0,bench/30gib-2.bin,274,33554432,380.04,,
0,bench/30gib-2.bin,275,33554432,785.75,,
0,bench/30gib-2.bin,276,33554432,480.74,,
0,bench/30gib-2.bin,277,33554432,474.81,,
0,bench/30gib-2.bin,278,33554432,428.74,,
0,bench/30gib-2.bin,279,33554432,1184.60,,
0,bench/30gib-2.bin,280,33554432,734.90,,
0,bench/30gib-2.bin,281,33554432,550.58,,
0,bench/30gib-2.bin,282,33554432,610.87,,
0,bench/30gib-2.bin,283,33554432,722.89,,
0,bench/30gib-2.bin,284,33554432,524.53,,
0,bench/30gib-2.bin,285,33554432,544.07,,
0,bench/30gib-2.bin,286,33554432,478.57,,
0,bench/30gib-2.bin,287,33554432,525.53,,
0,bench/30gib-2.bin,288,33554432,579.84,,
0,bench/30gib-2.bin,289,33554432,714.84,,
0,bench/30gib-2.bin,290,33554432,463.29,,
0,bench/30gib-2.bin,291,33554432,544.23,,
0,bench/30gib-2.bin,292,33554432,1026.36,,
0,bench/30gib-2.bin,293,33554432,676.10,,
0,bench/30gib-2.bin,294,33554432,706.99,,
0,bench/30gib-2.bin,295,33554432,763.29,,
0,bench/30gib-2.bin,296,33554432,446.46,,
0,bench/30gib-2.bin,297,33554432,955.74,,
0,bench/30gib-2.bin,298,33554432,568.90,,
0,bench/30gib-2.bin,299,33554432,631.12,,
0,bench/30gib-2.bin,300,33554432,713.27,,
0,bench/30gib-2.bin,301,33554432,550.71,,
0,bench/30gib-2.bin,302,33554432,900.14,,
0,bench/30gib-2.bin,303,33554432,674.42,,
0,bench/30gib-2.bin,304,33554432,478.08,,
0,bench/30gib-2.bin,305,33554432,881.25,,
0,bench/30gib-2.bin,306,33554432,412.13,,
0,bench/30gib-2.bin,307,33554432,639.15,,
0,bench/30gib-2.bin,308,33554432,786.12,,
0,bench/30gib-2.bin,309,33554432,415.26,,
0,bench/30gib-2.bin,310,33554432,709.01,,
0,bench/30gib-2.bin,311,33554432,992.55,,
0,bench/30gib-2.bin,312,33554432,929.53,,
0,bench/30gib-2.bin,313,33554432,476.26,,
0,bench/30gib-2.bin,314,33554432,535.31,,
0,bench/30gib-2.bin,315,33554432,612.00,,
0,bench/30gib-2.bin,316,33554432,1528.75,,
0,bench/30gib-2.bin,317,33554432,594.95,,
0,bench/30gib-2.bin,318,33554432,702.32,,
0,bench/30gib-2.bin,319,33554432,702.94,,
0,bench/30gib-2.bin,320,33554432,762.62,,
0,bench/30gib-2.bin,321,33554432,896.50,,
0,bench/30gib-2.bin,322,33554432,555.94,,
0,bench/30gib-2.bin,323,33554432,699.31,,
0,bench/30gib-2.bin,324,33554432,612.56,,
0,bench/30gib-2.bin,325,33554432,582.07,,
0,bench/30gib-2.bin,326,33554432,971.22,,
0,bench/30gib-2.bin,327,33554432,488.23,,
0,bench/30gib-2.bin,328,33554432,838.33,,
0,bench/30gib-2.bin,329,33554432,569.31,,
0,bench/30gib-2.bin,330,33554432,813.05,,
0,bench/30gib-2.bin,331,33554432,715.81,,
0,bench/30gib-2.bin,332,33554432,565.04,,
0,bench/30gib-2.bin,333,33554432,808.86,,
0,bench/30gib-2.bin,334,33554432,755.04,,
0,bench/30gib-2.bin,335,33554432,614.35,,
0,bench/30gib-2.bin,336,33554432,774.55,,
0,bench/30gib-2.bin,337,33554432,610.79,,
0,bench/30gib-2.bin,338,33554432,601.35,,
0,bench/30gib-2.bin,339,33554432,681.75,,
0,bench/30gib-2.bin,340,33554432,480.29,,
0,bench/30gib-2.bin,341,33554432,361.33,,
0,bench/30gib-2.bin,342,33554432,615.76,,
0,bench/30gib-2.bin,343,33554432,825.47,,
0,bench/30gib-2.bin,344,33554432,1069.27,,
0,bench/30gib-2.bin,345,33554432,536.99,,
0,bench/30gib-2.bin,346,33554432,1015.35,,
0,bench/30gib-2.bin,347,33554432,603.98,,
0,bench/30gib-2.bin,348,33554432,782.69,,
0,bench/30gib-2.bin,349,33554432,1179.61,,
0,bench/30gib-2.bin,350,33554432,535.02,,
0,bench/30gib-2.bin,351,33554432,602.18,,
0,bench/30gib-2.bin,352,33554432,585.81,,
0,bench/30gib-2.bin,353,33554432,578.72,,
0,bench/30gib-2.bin,354,33554432,635.51,,
0,bench/30gib-2.bin,355,33554432,610.27,,
0,bench/30gib-2.bin,356,33554432,466.63,,
0,bench/30gib-2.bin,357,33554432,626.88,,
0,bench/30gib-2.bin,358,33554432,730.67,,
0,bench/30gib-2.bin,359,33554432,523.71,,
0,bench/30gib-2.bin,360,33554432,710.93,,
0,bench/30gib-2.bin,361,33554432,483.36,,
0,bench/30gib-2.bin,362,33554432,477.75,,
0,bench/30gib-2.bin,363,33554432,758.37,,
0,bench/30gib-2.bin,364,33554432,511.25,,
0,bench/30gib-2.bin,365,33554432,713.97,,
0,bench/30gib-2.bin,366,33554432,596.98,,
0,bench/30gib-2.bin,367,33554432,711.43,,
0,bench/30gib-2.bin,368,33554432,869.47,,
0,bench/30gib-2.bin,369,33554432,581.64,,
0,bench/30gib-2.bin,370,33554432,721.73,,
0,bench/30gib-2.bin,371,33554432,750.58,,
0,bench/30gib-2.bin,372,33554432,727.83,,
0,bench/30gib-2.bin,373,33554432,603.71,,
0,bench/30gib-2.bin,374,33554432,429.76,,
0,bench/30gib-2.bin,375,33554432,407.59,,
0,bench/30gib-2.bin,376,33554432,638.16,,
0,bench/30gib-2.bin,377,33554432,575.06,,
0,bench/30gib-2.bin,378,33554432,870.16,,
0,bench/30gib-2.bin,379,33554432,926.73,,
0,bench/30gib-2.bin,380,33554432,915.43,,
0,bench/30gib-2.bin,381,33554432,572.72,,
0,bench/30gib-2.bin,382,33554432,879.65,,
0,bench/30gib-2.bin,383,33554432,1002.53,,
0,bench/30gib-2.bin,384,33554432,798.79,,
0,bench/30gib-2.bin,385,33554432,1097.06,,
0,bench/30gib-2.bin,386,33554432,567.53,,
0,bench/30gib-2.bin,387,33554432,679.74,,
0,bench/30gib-2.bin,388,33554432,512.69,,
0,bench/30gib-2.bin,389,33554432,583.96,,
0,bench/30gib-2.bin,390,33554432,998.30,,
0,bench/30gib-2.bin,391,33554432,781.19,,
0,bench/30gib-2.bin,392,33554432,1176.33,,
0,bench/30gib-2.bin,393,33554432,802.76,,
0,bench/30gib-2.bin,394,33554432,929.96,,
0,bench/30gib-2.bin,395,33554432,624.77,,
0,bench/30gib-2.bin,396,33554432,613.75,,
0,bench/30gib-2.bin,397,33554432,518.15,,
0,bench/30gib-2.bin,398,33554432,885.77,,
0,bench/30gib-2.bin,399,33554432,976.78,,
0,bench/30gib-2.bin,400,33554432,479.02,,
0,bench/30gib-2.bin,401,33554432,745.05,,
0,bench/30gib-2.bin,402,33554432,931.27,,
0,bench/30gib-2.bin,403,33554432,961.08,,
0,bench/30gib-2.bin,404,33554432,766.07,,
0,bench/30gib-2.bin,405,33554432,601.51,,
0,bench/30gib-2.bin,406,33554432,894.34,,
0,bench/30gib-2.bin,407,33554432,846.04,,
0,bench/30gib-2.bin,408,33554432,657.04,,
0,bench/30gib-2.bin,409,33554432,705.55,,
0,bench/30gib-2.bin,410,33554432,548.35,,
0,bench/30gib-2.bin,411,33554432,966.87,,
0,bench/30gib-2.bin,412,33554432,488.63,,
0,bench/30gib-2.bin,413,33554432,491.98,,
0,bench/30gib-2.bin,414,33554432,569.86,,
0,bench/30gib-2.bin,415,33554432,744.99,,
0,bench/30gib-2.bin,416,33554432,962.39,,
0,bench/30gib-2.bin,417,33554432,581.32,,
0,bench/30gib-2.bin,418,33554432,494.59,,
0,bench/30gib-2.bin,419,33554432,858.06,,
0,bench/30gib-2.bin,420,33554432,638.52,,
0,bench/30gib-2.bin,421,33554432,805.54,,
0,bench/30gib-2.bin,422,33554432,549.94,,
0,bench/30gib-2.bin,423,33554432,611.50,,
0,bench/30gib-2.bin,424,33554432,597.61,,
0,bench/30gib-2.bin,425,33554432,607.04,,
0,bench/30gib-2.bin,426,33554432,718.64,,
0,bench/30gib-2.bin,427,33554432,1011.98,,
0,bench/30gib-2.bin,428,33554432,419.57,,
0,bench/30gib-2.bin,429,33554432,369.90,,
0,bench/30gib-2.bin,430,33554432,972.30,,
0,bench/30gib-2.bin,431,33554432,598.90,,
0,bench/30gib-2.bin,432,33554432,516.58,,
0,bench/30gib-2.bin,433,33554432,720.32,,
0,bench/30gib-2.bin,434,33554432,719.01,,
0,bench/30gib-2.bin,435,33554432,514.53,,
0,bench/30gib-2.bin,436,33554432,690.72,,
0,bench/30gib-2.bin,437,33554432,724.76,,
0,bench/30gib-2.bin,438,33554432,660.26,,
0,bench/30gib-2.bin,439,33554432,1026.45,,
0,bench/30gib-2.bin,440,33554432,518.54,,
0,bench/30gib-2.bin,441,33554432,640.92,,
0,bench/30gib-2.bin,442,33554432,1052.04,,
0,bench/30gib-2.bin,443,33554432,425.54,,
0,bench/30gib-2.bin,444,33554432,566.41,,
0,bench/30gib-2.bin,445,33554432,681.37,,
0,bench/30gib-2.bin,446,33554432,684.85,,
0,bench/30gib-2.bin,447,33554432,1194.25,,
0,bench/30gib-2.bin,448,33554432,821.61,,
0,bench/30gib-2.bin,449,33554432,783.15,,
0,bench/30gib-2.bin,450,33554432,443.72,,
0,bench/30gib-2.bin,451,33554432,885.16,,
0,bench/30gib-2.bin,452,33554432,903.30,,
0,bench/30gib-2.bin,453,33554432,965.32,,
0,bench/30gib-2.bin,454,33554432,611.25,,
0,bench/30gib-2.bin,455,33554432,663.94,,
0,bench/30gib-2.bin,456,33554432,1288.52,,
0,bench/30gib-2.bin,457,33554432,520.23,,
0,bench/30gib-2.bin,458,33554432,677.03,,
0,bench/30gib-2.bin,459,33554432,487.35,,
0,bench/30gib-2.bin,460,33554432,668.24,,
0,bench/30gib-2.bin,461,33554432,893.82,,
0,bench/30gib-2.bin,462,33554432,657.14,,
0,bench/30gib-2.bin,463,33554432,580.50,,
0,bench/30gib-2.bin,464,33554432,882.90,,
0,bench/30gib-2.bin,465,33554432,563.10,,
0,bench/30gib-2.bin,466,33554432,647.12,,
0,bench/30gib-2.bin,467,33554432,479.28,,
0,bench/30gib-2.bin,468,33554432,674.73,,
0,bench/30gib-2.bin,469,33554432,914.16,,
0,bench/30gib-2.bin,470,33554432,736.75,,
0,bench/30gib-2.bin,471,33554432,526.89,,
0,bench/30gib-2.bin,472,33554432,657.42,,
0,bench/30gib-2.bin,473,33554432,851.60,,
0,bench/30gib-2.bin,474,33554432,573.80,,
0,bench/30gib-2.bin,475,33554432,560.17,,
0,bench/30gib-2.bin,476,33554432,893.79,,
0,bench/30gib-2.bin,477,33554432,942.07,,
0,bench/30gib-2.bin,478,33554432,1025.26,,
0,bench/30gib-2.bin,479,33554432,1123.71,,
0,bench/30gib-2.bin,480,33554432,642.82,,
0,bench/30gib-2.bin,481,33554432,501.84,,
0,bench/30gib-2.bin,482,33554432,537.63,,
0,bench/30gib-2.bin,483,33554432,509.81,,
0,bench/30gib-2.bin,484,33554432,716.34,,
0,bench/30gib-2.bin,485,33554432,517.98,,
0,bench/30gib-2.bin,486,33554432,554.91,,
0,bench/30gib-2.bin,487,33554432,924.02,,
0,bench/30gib-2.bin,488,33554432,660.42,,
0,bench/30gib-2.bin,489,33554432,1043.01,,
0,bench/30gib-2.bin,490,33554432,696.50,,
0,bench/30gib-2.bin,491,33554432,610.14,,
0,bench/30gib-2.bin,492,33554432,1041.30,,
0,bench/30gib-2.bin,493,33554432,819.36,,
0,bench/30gib-2.bin,494,33554432,775.71,,
0,bench/30gib-2.bin,495,33554432,687.24,,
0,bench/30gib-2.bin,496,33554432,786.58,,
0,bench/30gib-2.bin,497,33554432,722.00,,
0,bench/30gib-2.bin,498,33554432,576.64,,
0,bench/30gib-2.bin,499,33554432,662.21,,
0,bench/30gib-2.bin,500,33554432,616.88,,
0,bench/30gib-2.bin,501,33554432,1099.64,,
0,bench/30gib-2.bin,502,33554432,758.05,,
0,bench/30gib-2.bin,503,33554432,562.07,,
0,bench/30gib-2.bin,504,33554432,700.22,,
0,bench/30gib-2.bin,505,33554432,674.03,,
0,bench/30gib-2.bin,506,33554432,532.79,,
0,bench/30gib-2.bin,507,33554432,1308.57,,
0,bench/30gib-2.bin,508,33554432,952.11,,
0,bench/30gib-2.bin,509,33554432,938.41,,
0,bench/30gib-2.bin,510,33554432,514.82,,
0,bench/30gib-2.bin,511,33554432,532.07,,
0,bench/30gib-2.bin,512,33554432,718.49,,
0,bench/30gib-2.bin,513,33554432,510.90,,
0,bench/30gib-2.bin,514,33554432,764.79,,
0,bench/30gib-2.bin,515,33554432,476.51,,
0,bench/30gib-2.bin,516,33554432,419.96,,
0,bench/30gib-2.bin,517,33554432,802.78,,
0,bench/30gib-2.bin,518,33554432,461.99,,
0,bench/30gib-2.bin,519,33554432,528.05,,
0,bench/30gib-2.bin,520,33554432,701.59,,
0,bench/30gib-2.bin,521,33554432,614.88,,
0,bench/30gib-2.bin,522,33554432,585.25,,
0,bench/30gib-2.bin,523,33554432,672.51,,
0,bench/30gib-2.bin,524,33554432,660.71,,
0,bench/30gib-2.bin,525,33554432,575.69,,
0,bench/30gib-2.bin,526,33554432,549.95,,
0,bench/30gib-2.bin,527,33554432,540.85,,
0,bench/30gib-2.bin,528,33554432,413.99,,
0,bench/30gib-2.bin,529,33554432,747.19,,
0,bench/30gib-2.bin,530,33554432,503.18,,
0,bench/30gib-2.bin,531,33554432,1359.73,,
0,bench/30gib-2.bin,532,33554432,943.71,,
0,bench/30gib-2.bin,533,33554432,802.66,,
0,bench/30gib-2.bin,534,33554432,490.10,,
0,bench/30gib-2.bin,535,33554432,640.57,,
0,bench/30gib-2.bin,536,33554432,638.28,,
0,bench/30gib-2.bin,537,33554432,537.30,,
0,bench/30gib-2.bin,538,33554432,769.06,,
0,bench/30gib-2.bin,539,33554432,550.76,,
0,bench/30gib-2.bin,540,33554432,691.28,,
0,bench/30gib-2.bin,541,33554432,547.54,,
0,bench/30gib-2.bin,542,33554432,532.79,,
0,bench/30gib-2.bin,543,33554432,677.00,,
0,bench/30gib-2.bin,544,33554432,1253.89,,
0,bench/30gib-2.bin,545,33554432,529.01,,
0,bench/30gib-2.bin,546,33554432,1051.96,,
0,bench/30gib-2.bin,547,33554432,679.22,,
0,bench/30gib-2.bin,548,33554432,585.14,,
0,bench/30gib-2.bin,549,33554432,698.87,,
0,bench/30gib-2.bin,550,33554432,459.63,,
0,bench/30gib-2.bin,551,33554432,698.12,,
0,bench/30gib-2.bin,552,33554432,2156.44,,
0,bench/30gib-2.bin,553,33554432,623.59,,
0,bench/30gib-2.bin,554,33554432,979.83,,
0,bench/30gib-2.bin,555,33554432,649.50,,
0,bench/30gib-2.bin,556,33554432,820.84,,
0,bench/30gib-2.bin,557,33554432,566.90,,
0,bench/30gib-2.bin,558,33554432,587.10,,
0,bench/30gib-2.bin,559,33554432,936.91,,
0,bench/30gib-2.bin,560,33554432,456.33,,
0,bench/30gib-2.bin,561,33554432,624.43,,
0,bench/30gib-2.bin,562,33554432,672.99,,
0,bench/30gib-2.bin,563,33554432,737.12,,
0,bench/30gib-2.bin,564,33554432,527.15,,
0,bench/30gib-2.bin,565,33554432,743.32,,
0,bench/30gib-2.bin,566,33554432,716.96,,
0,bench/30gib-2.bin,567,33554432,711.97,,
0,bench/30gib-2.bin,568,33554432,546.86,,
0,bench/30gib-2.bin,569,33554432,807.98,,
0,bench/30gib-2.bin,570,33554432,763.06,,
0,bench/30gib-2.bin,571,33554432,610.69,,
0,bench/30gib-2.bin,572,33554432,575.20,,
0,bench/30gib-2.bin,573,33554432,2368.75,,
0,bench/30gib-2.bin,574,33554432,375.75,,
0,bench/30gib-2.bin,575,33554432,779.52,,
0,bench/30gib-2.bin,576,33554432,527.63,,
0,bench/30gib-2.bin,577,33554432,1083.73,,
0,bench/30gib-2.bin,578,33554432,720.13,,
0,bench/30gib-2.bin,579,33554432,703.26,,
0,bench/30gib-2.bin,580,33554432,545.01,,
0,bench/30gib-2.bin,581,33554432,543.63,,
0,bench/30gib-2.bin,582,33554432,483.17,,
0,bench/30gib-2.bin,583,33554432,528.89,,
0,bench/30gib-2.bin,584,33554432,730.18,,
0,bench/30gib-2.bin,585,33554432,496.10,,
0,bench/30gib-2.bin,586,33554432,845.66,,
0,bench/30gib-2.bin,587,33554432,517.43,,
0,bench/30gib-2.bin,588,33554432,866.45,,
0,bench/30gib-2.bin,589,33554432,893.03,,
0,bench/30gib-2.bin,590,33554432,469.16,,
0,bench/30gib-2.bin,591,33554432,877.10,,
0,bench/30gib-2.bin,592,33554432,810.26,,
0,bench/30gib-2.bin,593,33554432,715.41,,
0,bench/30gib-2.bin,594,33554432,448.34,,
0,bench/30gib-2.bin,595,33554432,973.48,,
0,bench/30gib-2.bin,596,33554432,2412.50,,
0,bench/30gib-2.bin,597,33554432,812.11,,
0,bench/30gib-2.bin,598,33554432,947.94,,
0,bench/30gib-2.bin,599,33554432,544.71,,
0,bench/30gib-2.bin,600,33554432,864.33,,
0,bench/30gib-2.bin,601,33554432,725.62,,
0,bench/30gib-2.bin,602,33554432,960.15,,
0,bench/30gib-2.bin,603,33554432,966.05,,
0,bench/30gib-2.bin,604,33554432,675.90,,
0,bench/30gib-2.bin,605,33554432,665.00,,
0,bench/30gib-2.bin,606,33554432,649.44,,
0,bench/30gib-2.bin,607,33554432,453.04,,
0,bench/30gib-2.bin,608,33554432,836.08,,
0,bench/30gib-2.bin,609,33554432,649.55,,
0,bench/30gib-2.bin,610,33554432,628.92,,
0,bench/30gib-2.bin,611,33554432,994.90,,
0,bench/30gib-2.bin,612,33554432,517.97,,
0,bench/30gib-2.bin,613,33554432,691.32,,
0,bench/30gib-2.bin,614,33554432,662.84,,
0,bench/30gib-2.bin,615,33554432,820.61,,
0,bench/30gib-2.bin,616,33554432,574.96,,
0,bench/30gib-2.bin,617,33554432,706.36,,
0,bench/30gib-2.bin,618,33554432,1140.87,,
0,bench/30gib-2.bin,619,33554432,734.14,,
0,bench/30gib-2.bin,620,33554432,682.59,,
0,bench/30gib-2.bin,621,33554432,547.64,,
0,bench/30gib-2.bin,622,33554432,832.46,,
0,bench/30gib-2.bin,623,33554432,511.14,,
0,bench/30gib-2.bin,624,33554432,619.24,,
0,bench/30gib-2.bin,625,33554432,1090.21,,
0,bench/30gib-2.bin,626,33554432,1030.44,,
0,bench/30gib-2.bin,627,33554432,720.32,,
0,bench/30gib-2.bin,628,33554432,868.19,,
0,bench/30gib-2.bin,629,33554432,545.37,,
0,bench/30gib-2.bin,630,33554432,1003.96,,
0,bench/30gib-2.bin,631,33554432,1105.93,,
0,bench/30gib-2.bin,632,33554432,907.71,,
0,bench/30gib-2.bin,633,33554432,654.77,,
0,bench/30gib-2.bin,634,33554432,1038.92,,
0,bench/30gib-2.bin,635,33554432,893.40,,
0,bench/30gib-2.bin,636,33554432,860.27,,
0,bench/30gib-2.bin,637,33554432,442.48,,
0,bench/30gib-2.bin,638,33554432,710.16,,
0,bench/30gib-2.bin,639,33554432,682.12,,
0,bench/30gib-2.bin,640,33554432,730.77,,
0,bench/30gib-2.bin,641,33554432,876.42,,
0,bench/30gib-2.bin,642,33554432,663.51,,
0,bench/30gib-2.bin,643,33554432,883.42,,
0,bench/30gib-2.bin,644,33554432,696.17,,
0,bench/30gib-2.bin,645,33554432,757.00,,
0,bench/30gib-2.bin,646,33554432,603.89,,
0,bench/30gib-2.bin,647,33554432,353.10,,
0,bench/30gib-2.bin,648,33554432,685.69,,
0,bench/30gib-2.bin,649,33554432,929.68,,
0,bench/30gib-2.bin,650,33554432,904.27,,
0,bench/30gib-2.bin,651,33554432,811.93,,
0,bench/30gib-2.bin,652,33554432,586.99,,
0,bench/30gib-2.bin,653,33554432,668.28,,
0,bench/30gib-2.bin,654,33554432,694.13,,
0,bench/30gib-2.bin,655,33554432,1221.21,,
0,bench/30gib-2.bin,656,33554432,517.07,,
0,bench/30gib-2.bin,657,33554432,737.81,,
0,bench/30gib-2.bin,658,33554432,1057.86,,
0,bench/30gib-2.bin,659,33554432,784.37,,
0,bench/30gib-2.bin,660,33554432,433.14,,
0,bench/30gib-2.bin,661,33554432,685.08,,
0,bench/30gib-2.bin,662,33554432,892.95,,
0,bench/30gib-2.bin,663,33554432,823.26,,
0,bench/30gib-2.bin,664,33554432,603.18,,
0,bench/30gib-2.bin,665,33554432,581.34,,
0,bench/30gib-2.bin,666,33554432,629.41,,
0,bench/30gib-2.bin,667,33554432,1159.73,,
0,bench/30gib-2.bin,668,33554432,476.87,,
0,bench/30gib-2.bin,669,33554432,676.05,,
0,bench/30gib-2.bin,670,33554432,661.21,,
0,bench/30gib-2.bin,671,33554432,525.46,,
0,bench/30gib-2.bin,672,33554432,662.88,,
0,bench/30gib-2.bin,673,33554432,663.54,,
0,bench/30gib-2.bin,674,33554432,597.70,,
0,bench/30gib-2.bin,675,33554432,456.14,,
0,bench/30gib-2.bin,676,33554432,768.38,,
0,bench/30gib-2.bin,677,33554432,493.76,,
0,bench/30gib-2.bin,678,33554432,641.98,,
0,bench/30gib-2.bin,679,33554432,949.21,,
0,bench/30gib-2.bin,680,33554432,843.53,,
0,bench/30gib-2.bin,681,33554432,760.30,,
0,bench/30gib-2.bin,682,33554432,930.53,,
0,bench/30gib-2.bin,683,33554432,373.12,,
0,bench/30gib-2.bin,684,33554432,665.99,,
0,bench/30gib-2.bin,685,33554432,1122.86,,
0,bench/30gib-2.bin,686,33554432,688.57,,
0,bench/30gib-2.bin,687,33554432,1244.29,,
0,bench/30gib-2.bin,688,33554432,1148.07,,
0,bench/30gib-2.bin,689,33554432,1086.30,,
0,bench/30gib-2.bin,690,33554432,950.62,,
0,bench/30gib-2.bin,691,33554432,890.39,,
0,bench/30gib-2.bin,692,33554432,623.77,,
0,bench/30gib-2.bin,693,33554432,686.07,,
0,bench/30gib-2.bin,694,33554432,696.55,,
0,bench/30gib-2.bin,695,33554432,862.42,,
0,bench/30gib-2.bin,696,33554432,582.29,,
0,bench/30gib-2.bin,697,33554432,648.73,,
0,bench/30gib-2.bin,698,33554432,855.75,,
0,bench/30gib-2.bin,699,33554432,560.44,,
0,bench/30gib-2.bin,700,33554432,619.16,,
0,bench/30gib-2.bin,701,33554432,647.98,,
0,bench/30gib-2.bin,702,33554432,554.32,,
0,bench/30gib-2.bin,703,33554432,619.66,,
0,bench/30gib-2.bin,704,33554432,700.20,,
0,bench/30gib-2.bin,705,33554432,819.84,,
0,bench/30gib-2.bin,706,33554432,688.15,,
0,bench/30gib-2.bin,707,33554432,570.80,,
0,bench/30gib-2.bin,708,33554432,971.22,,
0,bench/30gib-2.bin,709,33554432,591.34,,
0,bench/30gib-2.bin,710,33554432,665.33,,
0,bench/30gib-2.bin,711,33554432,848.13,,
0,bench/30gib-2.bin,712,33554432,1030.18,,
0,bench/30gib-2.bin,713,33554432,792.80,,
0,bench/30gib-2.bin,714,33554432,1321.13,,
0,bench/30gib-2.bin,715,33554432,592.85,,
0,bench/30gib-2.bin,716,33554432,930.64,,
0,bench/30gib-2.bin,717,33554432,711.67,,
0,bench/30gib-2.bin,718,33554432,582.19,,
0,bench/30gib-2.bin,719,33554432,673.27,,
0,bench/30gib-2.bin,720,33554432,888.39,,
0,bench/30gib-2.bin,721,33554432,431.66,,
0,bench/30gib-2.bin,722,33554432,898.83,,
0,bench/30gib-2.bin,723,33554432,531.86,,
0,bench/30gib-2.bin,724,33554432,533.72,,
0,bench/30gib-2.bin,725,33554432,644.82,,
0,bench/30gib-2.bin,726,33554432,668.79,,
0,bench/30gib-2.bin,727,33554432,559.00,,
0,bench/30gib-2.bin,728,33554432,574.77,,
0,bench/30gib-2.bin,729,33554432,643.70,,
0,bench/30gib-2.bin,730,33554432,769.11,,
0,bench/30gib-2.bin,731,33554432,675.04,,
0,bench/30gib-2.bin,732,33554432,590.88,,
0,bench/30gib-2.bin,733,33554432,598.95,,
0,bench/30gib-2.bin,734,33554432,1119.28,,
0,bench/30gib-2.bin,735,33554432,686.81,,
0,bench/30gib-2.bin,736,33554432,662.99,,
0,bench/30gib-2.bin,737,33554432,692.33,,
0,bench/30gib-2.bin,738,33554432,832.81,,
0,bench/30gib-2.bin,739,33554432,508.65,,
0,bench/30gib-2.bin,740,33554432,1081.39,,
0,bench/30gib-2.bin,741,33554432,678.21,,
0,bench/30gib-2.bin,742,33554432,1140.57,,
0,bench/30gib-2.bin,743,33554432,648.96,,
0,bench/30gib-2.bin,744,33554432,1137.84,,
0,bench/30gib-2.bin,745,33554432,461.73,,
0,bench/30gib-2.bin,746,33554432,619.52,,
0,bench/30gib-2.bin,747,33554432,565.12,,
0,bench/30gib-2.bin,748,33554432,876.92,,
0,bench/30gib-2.bin,749,33554432,1033.16,,
0,bench/30gib-2.bin,750,33554432,1173.35,,
0,bench/30gib-2.bin,751,33554432,859.18,,
0,bench/30gib-2.bin,752,33554432,1249.10,,
0,bench/30gib-2.bin,753,33554432,503.56,,
0,bench/30gib-2.bin,754,33554432,683.56,,
0,bench/30gib-2.bin,755,33554432,679.64,,
0,bench/30gib-2.bin,756,33554432,631.15,,
0,bench/30gib-2.bin,757,33554432,833.11,,
0,bench/30gib-2.bin,758,33554432,558.92,,
0,bench/30gib-2.bin,759,33554432,525.88,,
0,bench/30gib-2.bin,760,33554432,743.06,,
0,bench/30gib-2.bin,761,33554432,644.09,,
0,bench/30gib-2.bin,762,33554432,499.29,,
0,bench/30gib-2.bin,763,33554432,524.99,,
0,bench/30gib-2.bin,764,33554432,525.22,,
0,bench/30gib-2.bin,765,33554432,509.72,,
0,bench/30gib-2.bin,766,33554432,644.81,,
0,bench/30gib-2.bin,767,33554432,550.48,,
0,bench/30gib-2.bin,768,33554432,462.21,,
0,bench/30gib-2.bin,769,33554432,997.21,,
0,bench/30gib-2.bin,770,33554432,854.04,,
0,bench/30gib-2.bin,771,33554432,1326.80,,
0,bench/30gib-2.bin,772,33554432,799.90,,
0,bench/30gib-2.bin,773,33554432,1065.07,,
0,bench/30gib-2.bin,774,33554432,566.18,,
0,bench/30gib-2.bin,775,33554432,693.96,,
0,bench/30gib-2.bin,776,33554432,1081.81,,
0,bench/30gib-2.bin,777,33554432,653.27,,
0,bench/30gib-2.bin,778,33554432,631.67,,
0,bench/30gib-2.bin,779,33554432,941.57,,
0,bench/30gib-2.bin,780,33554432,1118.93,,
0,bench/30gib-2.bin,781,33554432,773.08,,
0,bench/30gib-2.bin,782,33554432,446.24,,
0,bench/30gib-2.bin,783,33554432,762.70,,
0,bench/30gib-2.bin,784,33554432,628.74,,
0,bench/30gib-2.bin,785,33554432,820.22,,
0,bench/30gib-2.bin,786,33554432,787.64,,
0,bench/30gib-2.bin,787,33554432,1139.79,,
0,bench/30gib-2.bin,788,33554432,733.49,,
0,bench/30gib-2.bin,789,33554432,748.97,,
0,bench/30gib-2.bin,790,33554432,852.31,,
0,bench/30gib-2.bin,791,33554432,655.82,,
0,bench/30gib-2.bin,792,33554432,379.39,,
0,bench/30gib-2.bin,793,33554432,1079.06,,
0,bench/30gib-2.bin,794,33554432,1081.50,,
0,bench/30gib-2.bin,795,33554432,1061.83,,
0,bench/30gib-2.bin,796,33554432,1131.42,,
0,bench/30gib-2.bin,797,33554432,683.96,,
0,bench/30gib-2.bin,798,33554432,1098.99,,
0,bench/30gib-2.bin,799,33554432,1013.12,,
0,bench/30gib-2.bin,800,33554432,952.92,,
0,bench/30gib-2.bin,801,33554432,472.31,,
0,bench/30gib-2.bin,802,33554432,897.64,,
0,bench/30gib-2.bin,803,33554432,651.10,,
0,bench/30gib-2.bin,804,33554432,563.42,,
0,bench/30gib-2.bin,805,33554432,1000.91,,
0,bench/30gib-2.bin,806,33554432,1635.97,,
0,bench/30gib-2.bin,807,33554432,645.56,,
0,bench/30gib-2.bin,808,33554432,564.48,,
0,bench/30gib-2.bin,809,33554432,809.03,,
0,bench/30gib-2.bin,810,33554432,734.25,,
0,bench/30gib-2.bin,811,33554432,745.21,,
0,bench/30gib-2.bin,812,33554432,410.94,,
0,bench/30gib-2.bin,813,33554432,682.16,,
0,bench/30gib-2.bin,814,33554432,680.80,,
0,bench/30gib-2.bin,815,33554432,1472.97,,
0,bench/30gib-2.bin,816,33554432,655.73,,
0,bench/30gib-2.bin,817,33554432,668.59,,
0,bench/30gib-2.bin,818,33554432,511.47,,
0,bench/30gib-2.bin,819,33554432,831.02,,
0,bench/30gib-2.bin,820,33554432,521.81,,
0,bench/30gib-2.bin,821,33554432,360.90,,
0,bench/30gib-2.bin,822,33554432,922.93,,
0,bench/30gib-2.bin,823,33554432,641.93,,
0,bench/30gib-2.bin,824,33554432,907.12,,
0,bench/30gib-2.bin,825,33554432,559.58,,
0,bench/30gib-2.bin,826,33554432,430.28,,
0,bench/30gib-2.bin,827,33554432,702.03,,
0,bench/30gib-2.bin,828,33554432,584.98,,
0,bench/30gib-2.bin,829,33554432,593.50,,
0,bench/30gib-2.bin,830,33554432,584.36,,
0,bench/30gib-2.bin,831,33554432,776.10,,
0,bench/30gib-2.bin,832,33554432,556.14,,
0,bench/30gib-2.bin,833,33554432,718.37,,
0,bench/30gib-2.bin,834,33554432,1003.45,,
0,bench/30gib-2.bin,835,33554432,410.44,,
0,bench/30gib-2.bin,836,33554432,694.38,,
0,bench/30gib-2.bin,837,33554432,711.12,,
0,bench/30gib-2.bin,838,33554432,618.82,,
0,bench/30gib-2.bin,839,33554432,627.96,,
0,bench/30gib-2.bin,840,33554432,575.21,,
0,bench/30gib-2.bin,841,33554432,662.41,,
0,bench/30gib-2.bin,842,33554432,1051.29,,
0,bench/30gib-2.bin,843,33554432,592.99,,
0,bench/30gib-2.bin,844,33554432,591.92,,
0,bench/30gib-2.bin,845,33554432,666.33,,
0,bench/30gib-2.bin,846,33554432,639.78,,
0,bench/30gib-2.bin,847,33554432,851.56,,
0,bench/30gib-2.bin,848,33554432,654.17,,
0,bench/30gib-2.bin,849,33554432,1304.87,,
0,bench/30gib-2.bin,850,33554432,540.88,,
0,bench/30gib-2.bin,851,33554432,535.08,,
0,bench/30gib-2.bin,852,33554432,723.02,,
0,bench/30gib-2.bin,853,33554432,854.62,,
0,bench/30gib-2.bin,854,33554432,1265.04,,
0,bench/30gib-2.bin,855,33554432,403.95,,
0,bench/30gib-2.bin,856,33554432,715.85,,
0,bench/30gib-2.bin,857,33554432,686.58,,
0,bench/30gib-2.bin,858,33554432,666.71,,
0,bench/30gib-2.bin,859,33554432,718.21,,
0,bench/30gib-2.bin,860,33554432,956.23,,
0,bench/30gib-2.bin,861,33554432,790.72,,
0,bench/30gib-2.bin,862,33554432,731.36,,
0,bench/30gib-2.bin,863,33554432,1009.18,,
0,bench/30gib-2.bin,864,33554432,739.82,,
0,bench/30gib-2.bin,865,33554432,976.96,,
0,bench/30gib-2.bin,866,33554432,524.71,,
0,bench/30gib-2.bin,867,33554432,807.53,,
0,bench/30gib-2.bin,868,33554432,713.75,,
0,bench/30gib-2.bin,869,33554432,604.60,,
0,bench/30gib-2.bin,870,33554432,960.34,,
0,bench/30gib-2.bin,871,33554432,655.86,,
0,bench/30gib-2.bin,872,33554432,644.75,,
0,bench/30gib-2.bin,873,33554432,729.91,,
0,bench/30gib-2.bin,874,33554432,540.18,,
0,bench/30gib-2.bin,875,33554432,551.64,,
0,bench/30gib-2.bin,876,33554432,621.98,,
0,bench/30gib-2.bin,877,33554432,772.18,,
0,bench/30gib-2.bin,878,33554432,627.08,,
0,bench/30gib-2.bin,879,33554432,694.13,,
0,bench/30gib-2.bin,880,33554432,950.87,,
0,bench/30gib-2.bin,881,33554432,569.55,,
0,bench/30gib-2.bin,882,33554432,783.43,,
0,bench/30gib-2.bin,883,33554432,887.40,,
0,bench/30gib-2.bin,884,33554432,598.63,,
0,bench/30gib-2.bin,885,33554432,991.34,,
0,bench/30gib-2.bin,886,33554432,649.97,,
0,bench/30gib-2.bin,887,33554432,585.12,,
0,bench/30gib-2.bin,888,33554432,654.07,,
0,bench/30gib-2.bin,889,33554432,1233.13,,
0,bench/30gib-2.bin,890,33554432,823.05,,
0,bench/30gib-2.bin,891,33554432,676.14,,
0,bench/30gib-2.bin,892,33554432,689.57,,
0,bench/30gib-2.bin,893,33554432,651.47,,
0,bench/30gib-2.bin,894,33554432,828.05,,
0,bench/30gib-2.bin,895,33554432,1384.40,,
0,bench/30gib-2.bin,896,33554432,644.22,,
0,bench/30gib-2.bin,897,33554432,554.47,,
0,bench/30gib-2.bin,898,33554432,401.01,,
0,bench/30gib-2.bin,899,33554432,588.59,,
0,bench/30gib-2.bin,900,33554432,705.54,,
0,bench/30gib-2.bin,901,33554432,732.84,,
0,bench/30gib-2.bin,902,33554432,487.23,,
0,bench/30gib-2.bin,903,33554432,667.41,,
0,bench/30gib-2.bin,904,33554432,540.73,,
0,bench/30gib-2.bin,905,33554432,1002.23,,
0,bench/30gib-2.bin,906,33554432,481.37,,
0,bench/30gib-2.bin,907,33554432,641.22,,
0,bench/30gib-2.bin,908,33554432,568.51,,
0,bench/30gib-2.bin,909,33554432,655.53,,
0,bench/30gib-2.bin,910,33554432,997.24,,
0,bench/30gib-2.bin,911,33554432,511.81,,
0,bench/30gib-2.bin,912,33554432,725.83,,
0,bench/30gib-2.bin,913,33554432,797.33,,
0,bench/30gib-2.bin,914,33554432,971.86,,
0,bench/30gib-2.bin,915,33554432,659.98,,
0,bench/30gib-2.bin,916,33554432,638.61,,
0,bench/30gib-2.bin,917,33554432,652.45,,
0,bench/30gib-2.bin,918,33554432,709.64,,
0,bench/30gib-2.bin,919,33554432,1069.87,,
0,bench/30gib-2.bin,920,33554432,925.43,,
0,bench/30gib-2.bin,921,33554432,537.20,,
0,bench/30gib-2.bin,922,33554432,520.82,,
0,bench/30gib-2.bin,923,33554432,941.05,,
0,bench/30gib-2.bin,924,33554432,913.64,,
0,bench/30gib-2.bin,925,33554432,694.76,,
0,bench/30gib-2.bin,926,33554432,711.19,,
0,bench/30gib-2.bin,927,33554432,814.63,,
0,bench/30gib-2.bin,928,33554432,875.83,,
0,bench/30gib-2.bin,929,33554432,645.44,,
0,bench/30gib-2.bin,930,33554432,855.35,,
0,bench/30gib-2.bin,931,33554432,813.77,,
0,bench/30gib-2.bin,932,33554432,950.37,,
0,bench/30gib-2.bin,933,33554432,780.59,,
0,bench/30gib-2.bin,934,33554432,997.65,,
0,bench/30gib-2.bin,935,33554432,675.37,,
0,bench/30gib-2.bin,936,33554432,738.67,,
0,bench/30gib-2.bin,937,33554432,779.35,,
0,bench/30gib-2.bin,938,33554432,630.12,,
0,bench/30gib-2.bin,939,33554432,492.14,,
0,bench/30gib-2.bin,940,33554432,648.62,,
0,bench/30gib-2.bin,941,33554432,677.42,,
0,bench/30gib-2.bin,942,33554432,604.30,,
0,bench/30gib-2.bin,943,33554432,640.62,,
0,bench/30gib-2.bin,944,33554432,716.61,,
0,bench/30gib-2.bin,945,33554432,1144.46,,
0,bench/30gib-2.bin,946,33554432,723.74,,
0,bench/30gib-2.bin,947,33554432,685.26,,
0,bench/30gib-2.bin,948,33554432,666.55,,
0,bench/30gib-2.bin,949,33554432,614.81,,
0,bench/30gib-2.bin,950,33554432,532.31,,
0,bench/30gib-2.bin,951,33554432,1099.10,,
0,bench/30gib-2.bin,952,33554432,647.18,,
0,bench/30gib-2.bin,953,33554432,516.68,,
0,bench/30gib-2.bin,954,33554432,527.29,,
0,bench/30gib-2.bin,955,33554432,460.00,,
0,bench/30gib-2.bin,956,33554432,620.12,,
0,bench/30gib-2.bin,957,33554432,611.49,,
0,bench/30gib-2.bin,958,33554432,374.37,,
0,bench/30gib-2.bin,959,33554432,398.32,,
0,bench/30gib-2.bin,960,33554432,478.51,,
0,bench/30gib-3.bin,1,33554432,999.16,,
0,bench/30gib-3.bin,2,33554432,1207.53,,
0,bench/30gib-3.bin,3,33554432,1133.36,,
0,bench/30gib-3.bin,4,33554432,1518.05,,
0,bench/30gib-3.bin,5,33554432,1418.74,,
0,bench/30gib-3.bin,6,33554432,1353.14,,
0,bench/30gib-3.bin,7,33554432,1071.64,,
0,bench/30gib-3.bin,8,33554432,1184.04,,
0,bench/30gib-3.bin,9,33554432,1212.87,,
0,bench/30gib-3.bin,10,33554432,1577.90,,
0,bench/30gib-3.bin,11,33554432,1088.30,,
0,bench/30gib-3.bin,12,33554432,2000.92,,
0,bench/30gib-3.bin,13,33554432,1470.34,,
0,bench/30gib-3.bin,14,33554432,1232.63,,
0,bench/30gib-3.bin,15,33554432,1288.40,,
0,bench/30gib-3.bin,16,33554432,1981.32,,
0,bench/30gib-3.bin,17,33554432,1316.38,,
0,bench/30gib-3.bin,18,33554432,1820.70,,
0,bench/30gib-3.bin,19,33554432,1959.38,,
0,bench/30gib-3.bin,20,33554432,1952.86,,
0,bench/30gib-3.bin,21,33554432,1505.52,,
0,bench/30gib-3.bin,22,33554432,1162.65,,
0,bench/30gib-3.bin,23,33554432,1033.49,,
0,bench/30gib-3.bin,24,33554432,1513.24,,
0,bench/30gib-3.bin,25,33554432,1352.52,,
0,bench/30gib-3.bin,26,33554432,1146.60,,
0,bench/30gib-3.bin,27,33554432,1349.81,,
0,bench/30gib-3.bin,28,33554432,1493.16,,
0,bench/30gib-3.bin,29,33554432,2057.12,,
0,bench/30gib-3.bin,30,33554432,1509.02,,
0,bench/30gib-3.bin,31,33554432,1177.24,,
0,bench/30gib-3.bin,32,33554432,950.44,,
0,bench/30gib-3.bin,33,33554432,1983.37,,
0,bench/30gib-3.bin,34,33554432,1118.23,,
0,bench/30gib-3.bin,35,33554432,1129.79,,
0,bench/30gib-3.bin,36,33554432,1150.16,,
0,bench/30gib-3.bin,37,33554432,986.74,,
0,bench/30gib-3.bin,38,33554432,992.24,,
0,bench/30gib-3.bin,39,33554432,1078.42,,
0,bench/30gib-3.bin,40,33554432,1508.08,,
0,bench/30gib-3.bin,41,33554432,1095.50,,
0,bench/30gib-3.bin,42,33554432,1221.46,,
0,bench/30gib-3.bin,43,33554432,1256.13,,
0,bench/30gib-3.bin,44,33554432,1217.89,,
0,bench/30gib-3.bin,45,33554432,1113.99,,
0,bench/30gib-3.bin,46,33554432,1085.91,,
0,bench/30gib-3.bin,47,33554432,1038.42,,
0,bench/30gib-3.bin,48,33554432,1289.37,,
0,bench/30gib-3.bin,49,33554432,1007.92,,
0,bench/30gib-3.bin,50,33554432,945.98,,
0,bench/30gib-3.bin,51,33554432,1068.94,,
0,bench/30gib-3.bin,52,33554432,1008.92,,
0,bench/30gib-3.bin,53,33554432,1200.51,,
0,bench/30gib-3.bin,54,33554432,714.96,,
0,bench/30gib-3.bin,55,33554432,1362.67,,
0,bench/30gib-3.bin,56,33554432,1168.63,,
0,bench/30gib-3.bin,57,33554432,848.08,,
0,bench/30gib-3.bin,58,33554432,1085.06,,
0,bench/30gib-3.bin,59,33554432,2165.29,,
0,bench/30gib-3.bin,60,33554432,1149.54,,
0,bench/30gib-3.bin,61,33554432,911.12,,
0,bench/30gib-3.bin,62,33554432,1166.96,,
0,bench/30gib-3.bin,63,33554432,1064.14,,
0,bench/30gib-3.bin,64,33554432,1414.39,,
0,bench/30gib-3.bin,65,33554432,2411.13,,
0,bench/30gib-3.bin,66,33554432,1198.45,,
0,bench/30gib-3.bin,67,33554432,911.00,,
0,bench/30gib-3.bin,68,33554432,757.71,,
0,bench/30gib-3.bin,69,33554432,869.59,,
0,bench/30gib-3.bin,70,33554432,1039.18,,
0,bench/30gib-3.bin,71,33554432,685.39,,
0,bench/30gib-3.bin,72,33554432,614.33,,
0,bench/30gib-3.bin,73,33554432,903.95,,
0,bench/30gib-3.bin,74,33554432,665.04,,
0,bench/30gib-3.bin,75,33554432,525.13,,
0,bench/30gib-3.bin,76,33554432,920.77,,
0,bench/30gib-3.bin,77,33554432,596.55,,
0,bench/30gib-3.bin,78,33554432,615.02,,
0,bench/30gib-3.bin,79,33554432,658.30,,
0,bench/30gib-3.bin,80,33554432,868.44,,
0,bench/30gib-3.bin,81,33554432,623.14,,
0,bench/30gib-3.bin,82,33554432,864.65,,
0,bench/30gib-3.bin,83,33554432,575.97,,
0,bench/30gib-3.bin,84,33554432,969.97,,
0,bench/30gib-3.bin,85,33554432,973.05,,
0,bench/30gib-3.bin,86,33554432,740.28,,
0,bench/30gib-3.bin,87,33554432,858.41,,
0,bench/30gib-3.bin,88,33554432,700.45,,
0,bench/30gib-3.bin,89,33554432,503.38,,
0,bench/30gib-3.bin,90,33554432,649.84,,
0,bench/30gib-3.bin,91,33554432,695.89,,
0,bench/30gib-3.bin,92,33554432,933.49,,
0,bench/30gib-3.bin,93,33554432,893.17,,
0,bench/30gib-3.bin,94,33554432,572.41,,
0,bench/30gib-3.bin,95,33554432,771.59,,
0,bench/30gib-3.bin,96,33554432,931.51,,
0,bench/30gib-3.bin,97,33554432,679.38,,
0,bench/30gib-3.bin,98,33554432,1058.39,,
0,bench/30gib-3.bin,99,33554432,530.96,,
0,bench/30gib-3.bin,100,33554432,794.15,,
0,bench/30gib-3.bin,101,33554432,1036.09,,
0,bench/30gib-3.bin,102,33554432,702.34,,
0,bench/30gib-3.bin,103,33554432,864.10,,
0,bench/30gib-3.bin,104,33554432,722.79,,
0,bench/30gib-3.bin,105,33554432,555.74,,
0,bench/30gib-3.bin,106,33554432,597.84,,
0,bench/30gib-3.bin,107,33554432,949.90,,
0,bench/30gib-3.bin,108,33554432,635.03,,
0,bench/30gib-3.bin,109,33554432,638.20,,
0,bench/30gib-3.bin,110,33554432,667.38,,
0,bench/30gib-3.bin,111,33554432,563.07,,
0,bench/30gib-3.bin,112,33554432,603.48,,
0,bench/30gib-3.bin,113,33554432,614.80,,
0,bench/30gib-3.bin,114,33554432,806.12,,
0,bench/30gib-3.bin,115,33554432,1058.94,,
0,bench/30gib-3.bin,116,33554432,625.75,,
0,bench/30gib-3.bin,117,33554432,418.12,,
0,bench/30gib-3.bin,118,33554432,793.92,,
0,bench/30gib-3.bin,119,33554432,538.04,,
0,bench/30gib-3.bin,120,33554432,570.73,,
0,bench/30gib-3.bin,121,33554432,958.42,,
0,bench/30gib-3.bin,122,33554432,646.75,,
0,bench/30gib-3.bin,123,33554432,949.03,,
0,bench/30gib-3.bin,124,33554432,708.91,,
0,bench/30gib-3.bin,125,33554432,685.31,,
0,bench/30gib-3.bin,126,33554432,747.24,,
0,bench/30gib-3.bin,127,33554432,1549.62,,
0,bench/30gib-3.bin,128,33554432,830.54,,
0,bench/30gib-3.bin,129,33554432,618.05,,
0,bench/30gib-3.bin,130,33554432,625.74,,
0,bench/30gib-3.bin,131,33554432,722.54,,
0,bench/30gib-3.bin,132,33554432,601.00,,
0,bench/30gib-3.bin,133,33554432,1072.94,,
0,bench/30gib-3.bin,134,33554432,469.86,,
0,bench/30gib-3.bin,135,33554432,512.46,,
0,bench/30gib-3.bin,136,33554432,894.65,,
0,bench/30gib-3.bin,137,33554432,678.68,,
0,bench/30gib-3.bin,138,33554432,872.53,,
0,bench/30gib-3.bin,139,33554432,911.82,,
0,bench/30gib-3.bin,140,33554432,793.83,,
0,bench/30gib-3.bin,141,33554432,946.95,,
0,bench/30gib-3.bin,142,33554432,1069.31,,
0,bench/30gib-3.bin,143,33554432,532.03,,
0,bench/30gib-3.bin,144,33554432,884.25,,
0,bench/30gib-3.bin,145,33554432,541.94,,
0,bench/30gib-3.bin,146,33554432,893.87,,
0,bench/30gib-3.bin,147,33554432,792.71,,
0,bench/30gib-3.bin,148,33554432,823.59,,
0,bench/30gib-3.bin,149,33554432,767.03,,
0,bench/30gib-3.bin,150,33554432,1135.07,,
0,bench/30gib-3.bin,151,33554432,917.76,,
0,bench/30gib-3.bin,152,33554432,723.16,,
0,bench/30gib-3.bin,153,33554432,650.09,,
0,bench/30gib-3.bin,154,33554432,982.92,,
0,bench/30gib-3.bin,155,33554432,769.87,,
0,bench/30gib-3.bin,156,33554432,594.86,,
0,bench/30gib-3.bin,157,33554432,777.85,,
0,bench/30gib-3.bin,158,33554432,638.66,,
0,bench/30gib-3.bin,159,33554432,1656.92,,
0,bench/30gib-3.bin,160,33554432,709.55,,
0,bench/30gib-3.bin,161,33554432,691.41,,
0,bench/30gib-3.bin,162,33554432,763.73,,
0,bench/30gib-3.bin,163,33554432,858.78,,
0,bench/30gib-3.bin,164,33554432,552.00,,
0,bench/30gib-3.bin,165,33554432,651.49,,
0,bench/30gib-3.bin,166,33554432,441.93,,
0,bench/30gib-3.bin,167,33554432,705.91,,
0,bench/30gib-3.bin,168,33554432,595.02,,
0,bench/30gib-3.bin,169,33554432,683.51,,
0,bench/30gib-3.bin,170,33554432,559.07,,
0,bench/30gib-3.bin,171,33554432,453.66,,
0,bench/30gib-3.bin,172,33554432,1011.12,,
0,bench/30gib-3.bin,173,33554432,791.38,,
0,bench/30gib-3.bin,174,33554432,1313.07,,
0,bench/30gib-3.bin,175,33554432,499.29,,
0,bench/30gib-3.bin,176,33554432,941.06,,
0,bench/30gib-3.bin,177,33554432,1006.37,,
0,bench/30gib-3.bin,178,33554432,385.53,,
0,bench/30gib-3.bin,179,33554432,695.22,,
0,bench/30gib-3.bin,180,33554432,812.97,,
0,bench/30gib-3.bin,181,33554432,726.09,,
0,bench/30gib-3.bin,182,33554432,554.29,,
0,bench/30gib-3.bin,183,33554432,736.54,,
0,bench/30gib-3.bin,184,33554432,842.39,,
0,bench/30gib-3.bin,185,33554432,1013.10,,
0,bench/30gib-3.bin,186,33554432,791.61,,
0,bench/30gib-3.bin,187,33554432,488.98,,
0,bench/30gib-3.bin,188,33554432,640.85,,
0,bench/30gib-3.bin,189,33554432,844.63,,
0,bench/30gib-3.bin,190,33554432,903.52,,
0,bench/30gib-3.bin,191,33554432,498.63,,
0,bench/30gib-3.bin,192,33554432,647.19,,
0,bench/30gib-3.bin,193,33554432,789.10,,
0,bench/30gib-3.bin,194,33554432,1182.50,,
0,bench/30gib-3.bin,195,33554432,507.70,,
0,bench/30gib-3.bin,196,33554432,783.17,,
0,bench/30gib-3.bin,197,33554432,704.69,,
0,bench/30gib-3.bin,198,33554432,496.28,,
0,bench/30gib-3.bin,199,33554432,881.52,,
0,bench/30gib-3.bin,200,33554432,542.41,,
0,bench/30gib-3.bin,201,33554432,546.99,,
0,bench/30gib-3.bin,202,33554432,679.93,,
0,bench/30gib-3.bin,203,33554432,854.26,,
0,bench/30gib-3.bin,204,33554432,667.36,,
0,bench/30gib-3.bin,205,33554432,719.24,,
0,bench/30gib-3.bin,206,33554432,723.98,,
0,bench/30gib-3.bin,207,33554432,808.43,,
0,bench/30gib-3.bin,208,33554432,487.40,,
0,bench/30gib-3.bin,209,33554432,511.85,,
0,bench/30gib-3.bin,210,33554432,610.08,,
0,bench/30gib-3.bin,211,33554432,615.22,,
0,bench/30gib-3.bin,212,33554432,642.71,,
0,bench/30gib-3.bin,213,33554432,533.13,,
0,bench/30gib-3.bin,214,33554432,609.97,,
0,bench/30gib-3.bin,215,33554432,711.92,,
0,bench/30gib-3.bin,216,33554432,602.58,,
0,bench/30gib-3.bin,217,33554432,550.41,,
0,bench/30gib-3.bin,218,33554432,724.91,,
0,bench/30gib-3.bin,219,33554432,574.13,,
0,bench/30gib-3.bin,220,33554432,722.81,,
0,bench/30gib-3.bin,221,33554432,578.42,,
0,bench/30gib-3.bin,222,33554432,603.90,,
0,bench/30gib-3.bin,223,33554432,831.80,,
0,bench/30gib-3.bin,224,33554432,439.52,,
0,bench/30gib-3.bin,225,33554432,675.41,,
0,bench/30gib-3.bin,226,33554432,498.81,,
0,bench/30gib-3.bin,227,33554432,966.28,,
0,bench/30gib-3.bin,228,33554432,839.17,,
0,bench/30gib-3.bin,229,33554432,571.57,,
0,bench/30gib-3.bin,230,33554432,412.00,,
0,bench/30gib-3.bin,231,33554432,623.92,,
0,bench/30gib-3.bin,232,33554432,585.49,,
0,bench/30gib-3.bin,233,33554432,933.78,,
0,bench/30gib-3.bin,234,33554432,694.94,,
0,bench/30gib-3.bin,235,33554432,506.58,,
0,bench/30gib-3.bin,236,33554432,1027.67,,
0,bench/30gib-3.bin,237,33554432,613.56,,
0,bench/30gib-3.bin,238,33554432,606.18,,
0,bench/30gib-3.bin,239,33554432,812.08,,
0,bench/30gib-3.bin,240,33554432,540.90,,
0,bench/30gib-3.bin,241,33554432,464.68,,
0,bench/30gib-3.bin,242,33554432,701.82,,
0,bench/30gib-3.bin,243,33554432,573.61,,
0,bench/30gib-3.bin,244,33554432,1407.07,,
0,bench/30gib-3.bin,245,33554432,519.47,,
0,bench/30gib-3.bin,246,33554432,679.55,,
0,bench/30gib-3.bin,247,33554432,469.96,,
0,bench/30gib-3.bin,248,33554432,527.85,,
0,bench/30gib-3.bin,249,33554432,1099.31,,
0,bench/30gib-3.bin,250,33554432,489.44,,
0,bench/30gib-3.bin,251,33554432,363.29,,
0,bench/30gib-3.bin,252,33554432,673.76,,
0,bench/30gib-3.bin,253,33554432,871.72,,
0,bench/30gib-3.bin,254,33554432,564.24,,
0,bench/30gib-3.bin,255,33554432,501.51,,
0,bench/30gib-3.bin,256,33554432,466.76,,
0,bench/30gib-3.bin,257,33554432,671.41,,
0,bench/30gib-3.bin,258,33554432,479.03,,
0,bench/30gib-3.bin,259,33554432,526.19,,
0,bench/30gib-3.bin,260,33554432,640.96,,
0,bench/30gib-3.bin,261,33554432,501.82,,
0,bench/30gib-3.bin,262,33554432,581.72,,
0,bench/30gib-3.bin,263,33554432,787.14,,
0,bench/30gib-3.bin,264,33554432,807.82,,
0,bench/30gib-3.bin,265,33554432,361.00,,
0,bench/30gib-3.bin,266,33554432,488.21,,
0,bench/30gib-3.bin,267,33554432,496.76,,
0,bench/30gib-3.bin,268,33554432,750.22,,
0,bench/30gib-3.bin,269,33554432,875.15,,
0,bench/30gib-3.bin,270,33554432,556.58,,
0,bench/30gib-3.bin,271,33554432,977.03,,
0,bench/30gib-3.bin,272,33554432,495.26,,
0,bench/30gib-3.bin,273,33554432,722.53,,
0,bench/30gib-3.bin,274,33554432,389.50,,
0,bench/30gib-3.bin,275,33554432,470.91,,
0,bench/30gib-3.bin,276,33554432,734.79,,
0,bench/30gib-3.bin,277,33554432,1033.68,,
0,bench/30gib-3.bin,278,33554432,950.26,,
0,bench/30gib-3.bin,279,33554432,864.64,,
0,bench/30gib-3.bin,280,33554432,618.85,,
0,bench/30gib-3.bin,281,33554432,555.06,,
0,bench/30gib-3.bin,282,33554432,792.79,,
0,bench/30gib-3.bin,283,33554432,780.95,,
0,bench/30gib-3.bin,284,33554432,946.24,,
0,bench/30gib-3.bin,285,33554432,974.30,,
0,bench/30gib-3.bin,286,33554432,565.63,,
0,bench/30gib-3.bin,287,33554432,942.47,,
0,bench/30gib-3.bin,288,33554432,787.12,,
0,bench/30gib-3.bin,289,33554432,474.07,,
0,bench/30gib-3.bin,290,33554432,626.68,,
0,bench/30gib-3.bin,291,33554432,918.66,,
0,bench/30gib-3.bin,292,33554432,680.54,,
0,bench/30gib-3.bin,293,33554432,769.78,,
0,bench/30gib-3.bin,294,33554432,684.66,,
0,bench/30gib-3.bin,295,33554432,347.96,,
0,bench/30gib-3.bin,296,33554432,802.65,,
0,bench/30gib-3.bin,297,33554432,649.72,,
0,bench/30gib-3.bin,298,33554432,447.02,,
0,bench/30gib-3.bin,299,33554432,713.04,,
0,bench/30gib-3.bin,300,33554432,923.81,,
0,bench/30gib-3.bin,301,33554432,722.13,,
0,bench/30gib-3.bin,302,33554432,925.87,,
0,bench/30gib-3.bin,303,33554432,755.25,,
0,bench/30gib-3.bin,304,33554432,444.84,,
0,bench/30gib-3.bin,305,33554432,820.41,,
0,bench/30gib-3.bin,306,33554432,587.96,,
0,bench/30gib-3.bin,307,33554432,835.12,,
0,bench/30gib-3.bin,308,33554432,662.90,,
0,bench/30gib-3.bin,309,33554432,991.61,,
0,bench/30gib-3.bin,310,33554432,379.62,,
0,bench/30gib-3.bin,311,33554432,428.11,,
0,bench/30gib-3.bin,312,33554432,640.27,,
0,bench/30gib-3.bin,313,33554432,962.78,,
0,bench/30gib-3.bin,314,33554432,963.12,,
0,bench/30gib-3.bin,315,33554432,929.56,,
0,bench/30gib-3.bin,316,33554432,1891.23,,
0,bench/30gib-3.bin,317,33554432,768.77,,
0,bench/30gib-3.bin,318,33554432,675.95,,
0,bench/30gib-3.bin,319,33554432,497.84,,
0,bench/30gib-3.bin,320,33554432,891.80,,
0,bench/30gib-3.bin,321,33554432,533.18,,
0,bench/30gib-3.bin,322,33554432,481.87,,
0,bench/30gib-3.bin,323,33554432,743.87,,
0,bench/30gib-3.bin,324,33554432,615.42,,
0,bench/30gib-3.bin,325,33554432,744.77,,
0,bench/30gib-3.bin,326,33554432,760.34,,
0,bench/30gib-3.bin,327,33554432,1224.69,,
0,bench/30gib-3.bin,328,33554432,538.50,,
0,bench/30gib-3.bin,329,33554432,545.75,,
0,bench/30gib-3.bin,330,33554432,554.05,,
0,bench/30gib-3.bin,331,33554432,344.71,,
0,bench/30gib-3.bin,332,33554432,766.98,,
0,bench/30gib-3.bin,333,33554432,690.63,,
0,bench/30gib-3.bin,334,33554432,379.78,,
0,bench/30gib-3.bin,335,33554432,924.46,,
0,bench/30gib-3.bin,336,33554432,927.75,,
0,bench/30gib-3.bin,337,33554432,604.16,,
0,bench/30gib-3.bin,338,33554432,686.92,,
0,bench/30gib-3.bin,339,33554432,604.32,,
0,bench/30gib-3.bin,340,33554432,794.89,,
0,bench/30gib-3.bin,341,33554432,551.34,,
0,bench/30gib-3.bin,342,33554432,658.24,,
0,bench/30gib-3.bin,343,33554432,532.11,,
0,bench/30gib-3.bin,344,33554432,503.39,,
0,bench/30gib-3.bin,345,33554432,663.03,,
0,bench/30gib-3.bin,346,33554432,540.76,,
0,bench/30gib-3.bin,347,33554432,1033.01,,
0,bench/30gib-3.bin,348,33554432,479.58,,
0,bench/30gib-3.bin,349,33554432,735.04,,
0,bench/30gib-3.bin,350,33554432,574.16,,
0,bench/30gib-3.bin,351,33554432,901.11,,
0,bench/30gib-3.bin,352,33554432,523.63,,
0,bench/30gib-3.bin,353,33554432,1023.43,,
0,bench/30gib-3.bin,354,33554432,902.91,,
0,bench/30gib-3.bin,355,33554432,615.63,,
0,bench/30gib-3.bin,356,33554432,545.37,,
0,bench/30gib-3.bin,357,33554432,592.22,,
0,bench/30gib-3.bin,358,33554432,439.87,,
0,bench/30gib-3.bin,359,33554432,1018.23,,
0,bench/30gib-3.bin,360,33554432,957.49,,
0,bench/30gib-3.bin,361,33554432,833.83,,
0,bench/30gib-3.bin,362,33554432,977.48,,
0,bench/30gib-3.bin,363,33554432,761.72,,
0,bench/30gib-3.bin,364,33554432,749.36,,
0,bench/30gib-3.bin,365,33554432,514.27,,
0,bench/30gib-3.bin,366,33554432,949.69,,
0,bench/30gib-3.bin,367,33554432,943.31,,
0,bench/30gib-3.bin,368,33554432,519.10,,
0,bench/30gib-3.bin,369,33554432,678.28,,
0,bench/30gib-3.bin,370,33554432,697.68,,
0,bench/30gib-3.bin,371,33554432,624.70,,
0,bench/30gib-3.bin,372,33554432,608.07,,
0,bench/30gib-3.bin,373,33554432,475.50,,
0,bench/30gib-3.bin,374,33554432,783.21,,
0,bench/30gib-3.bin,375,33554432,581.56,,
0,bench/30gib-3.bin,376,33554432,493.25,,
0,bench/30gib-3.bin,377,33554432,530.68,,
0,bench/30gib-3.bin,378,33554432,802.16,,
0,bench/30gib-3.bin,379,33554432,427.74,,
0,bench/30gib-3.bin,380,33554432,628.12,,
0,bench/30gib-3.bin,381,33554432,723.94,,
0,bench/30gib-3.bin,382,33554432,993.62,,
0,bench/30gib-3.bin,383,33554432,567.33,,
0,bench/30gib-3.bin,384,33554432,948.17,,
0,bench/30gib-3.bin,385,33554432,619.73,,
0,bench/30gib-3.bin,386,33554432,788.04,,
0,bench/30gib-3.bin,387,33554432,588.32,,
0,bench/30gib-3.bin,388,33554432,798.98,,
0,bench/30gib-3.bin,389,33554432,1196.17,,
0,bench/30gib-3.bin,390,33554432,934.01,,
0,bench/30gib-3.bin,391,33554432,617.62,,
0,bench/30gib-3.bin,392,33554432,384.05,,
0,bench/30gib-3.bin,393,33554432,872.68,,
0,bench/30gib-3.bin,394,33554432,393.21,,
0,bench/30gib-3.bin,395,33554432,585.55,,
0,bench/30gib-3.bin,396,33554432,696.03,,
0,bench/30gib-3.bin,397,33554432,547.08,,
0,bench/30gib-3.bin,398,33554432,623.14,,
0,bench/30gib-3.bin,399,33554432,868.33,,
0,bench/30gib-3.bin,400,33554432,583.56,,
0,bench/30gib-3.bin,401,33554432,780.62,,
0,bench/30gib-3.bin,402,33554432,545.76,,
0,bench/30gib-3.bin,403,33554432,584.71,,
0,bench/30gib-3.bin,404,33554432,1052.09,,
0,bench/30gib-3.bin,405,33554432,816.46,,
0,bench/30gib-3.bin,406,33554432,593.71,,
0,bench/30gib-3.bin,407,33554432,678.26,,
0,bench/30gib-3.bin,408,33554432,466.91,,
0,bench/30gib-3.bin,409,33554432,809.49,,
0,bench/30gib-3.bin,410,33554432,450.00,,
0,bench/30gib-3.bin,411,33554432,617.71,,
0,bench/30gib-3.bin,412,33554432,529.27,,
0,bench/30gib-3.bin,413,33554432,478.54,,
0,bench/30gib-3.bin,414,33554432,553.40,,
0,bench/30gib-3.bin,415,33554432,742.55,,
0,bench/30gib-3.bin,416,33554432,458.99,,
0,bench/30gib-3.bin,417,33554432,493.83,,
0,bench/30gib-3.bin,418,33554432,595.88,,
0,bench/30gib-3.bin,419,33554432,606.30,,
0,bench/30gib-3.bin,420,33554432,754.61,,
0,bench/30gib-3.bin,421,33554432,660.74,,
0,bench/30gib-3.bin,422,33554432,970.92,,
0,bench/30gib-3.bin,423,33554432,1044.19,,
0,bench/30gib-3.bin,424,33554432,406.60,,
0,bench/30gib-3.bin,425,33554432,615.58,,
0,bench/30gib-3.bin,426,33554432,853.45,,
0,bench/30gib-3.bin,427,33554432,605.62,,
0,bench/30gib-3.bin,428,33554432,563.84,,
0,bench/30gib-3.bin,429,33554432,596.46,,
0,bench/30gib-3.bin,430,33554432,579.99,,
0,bench/30gib-3.bin,431,33554432,875.60,,
0,bench/30gib-3.bin,432,33554432,577.34,,
0,bench/30gib-3.bin,433,33554432,561.99,,
0,bench/30gib-3.bin,434,33554432,616.33,,
0,bench/30gib-3.bin,435,33554432,429.57,,
0,bench/30gib-3.bin,436,33554432,821.02,,
0,bench/30gib-3.bin,437,33554432,850.87,,
0,bench/30gib-3.bin,438,33554432,530.80,,
0,bench/30gib-3.bin,439,33554432,1437.43,,
0,bench/30gib-3.bin,440,33554432,776.10,,
0,bench/30gib-3.bin,441,33554432,736.05,,
0,bench/30gib-3.bin,442,33554432,723.98,,
0,bench/30gib-3.bin,443,33554432,641.68,,
0,bench/30gib-3.bin,444,33554432,705.73,,
0,bench/30gib-3.bin,445,33554432,769.52,,
0,bench/30gib-3.bin,446,33554432,698.07,,
0,bench/30gib-3.bin,447,33554432,762.44,,
0,bench/30gib-3.bin,448,33554432,807.52,,
0,bench/30gib-3.bin,449,33554432,893.37,,
0,bench/30gib-3.bin,450,33554432,732.17,,
0,bench/30gib-3.bin,451,33554432,471.10,,
0,bench/30gib-3.bin,452,33554432,510.05,,
0,bench/30gib-3.bin,453,33554432,596.26,,
0,bench/30gib-3.bin,454,33554432,663.98,,
0,bench/30gib-3.bin,455,33554432,596.70,,
0,bench/30gib-3.bin,456,33554432,505.86,,
0,bench/30gib-3.bin,457,33554432,506.72,,
0,bench/30gib-3.bin,458,33554432,632.66,,
0,bench/30gib-3.bin,459,33554432,447.45,,
0,bench/30gib-3.bin,460,33554432,632.82,,
0,bench/30gib-3.bin,461,33554432,532.55,,
0,bench/30gib-3.bin,462,33554432,507.40,,
0,bench/30gib-3.bin,463,33554432,953.50,,
0,bench/30gib-3.bin,464,33554432,492.17,,
0,bench/30gib-3.bin,465,33554432,566.98,,
0,bench/30gib-3.bin,466,33554432,966.01,,
0,bench/30gib-3.bin,467,33554432,660.35,,
0,bench/30gib-3.bin,468,33554432,957.63,,
0,bench/30gib-3.bin,469,33554432,1369.37,,
0,bench/30gib-3.bin,470,33554432,408.19,,
0,bench/30gib-3.bin,471,33554432,471.01,,
0,bench/30gib-3.bin,472,33554432,749.14,,
0,bench/30gib-3.bin,473,33554432,466.91,,
0,bench/30gib-3.bin,474,33554432,521.13,,
0,bench/30gib-3.bin,475,33554432,771.60,,
0,bench/30gib-3.bin,476,33554432,626.49,,
0,bench/30gib-3.bin,477,33554432,579.57,,
0,bench/30gib-3.bin,478,33554432,409.39,,
0,bench/30gib-3.bin,479,33554432,722.87,,
0,bench/30gib-3.bin,480,33554432,794.84,,
0,bench/30gib-3.bin,481,33554432,799.89,,
0,bench/30gib-3.bin,482,33554432,783.30,,
0,bench/30gib-3.bin,483,33554432,522.21,,
0,bench/30gib-3.bin,484,33554432,1071.06,,
0,bench/30gib-3.bin,485,33554432,621.10,,
0,bench/30gib-3.bin,486,33554432,924.98,,
0,bench/30gib-3.bin,487,33554432,720.81,,
0,bench/30gib-3.bin,488,33554432,898.97,,
0,bench/30gib-3.bin,489,33554432,683.69,,
0,bench/30gib-3.bin,490,33554432,717.42,,
0,bench/30gib-3.bin,491,33554432,753.39,,
0,bench/30gib-3.bin,492,33554432,708.30,,
0,bench/30gib-3.bin,493,33554432,612.97,,
0,bench/30gib-3.bin,494,33554432,620.67,,
0,bench/30gib-3.bin,495,33554432,689.19,,
0,bench/30gib-3.bin,496,33554432,524.85,,
0,bench/30gib-3.bin,497,33554432,546.85,,
0,bench/30gib-3.bin,498,33554432,765.90,,
0,bench/30gib-3.bin,499,33554432,780.64,,
0,bench/30gib-3.bin,500,33554432,1235.81,,
0,bench/30gib-3.bin,501,33554432,1065.39,,
0,bench/30gib-3.bin,502,33554432,586.26,,
0,bench/30gib-3.bin,503,33554432,545.90,,
0,bench/30gib-3.bin,504,33554432,578.88,,
0,bench/30gib-3.bin,505,33554432,693.28,,
0,bench/30gib-3.bin,506,33554432,510.64,,
0,bench/30gib-3.bin,507,33554432,924.92,,
0,bench/30gib-3.bin,508,33554432,588.32,,
0,bench/30gib-3.bin,509,33554432,555.02,,
0,bench/30gib-3.bin,510,33554432,557.77,,
0,bench/30gib-3.bin,511,33554432,525.89,,
0,bench/30gib-3.bin,512,33554432,487.46,,
0,bench/30gib-3.bin,513,33554432,804.03,,
0,bench/30gib-3.bin,514,33554432,620.72,,
0,bench/30gib-3.bin,515,33554432,669.73,,
0,bench/30gib-3.bin,516,33554432,1544.08,,
0,bench/30gib-3.bin,517,33554432,539.09,,
0,bench/30gib-3.bin,518,33554432,919.23,,
0,bench/30gib-3.bin,519,33554432,363.52,,
0,bench/30gib-3.bin,520,33554432,753.71,,
0,bench/30gib-3.bin,521,33554432,606.60,,
0,bench/30gib-3.bin,522,33554432,879.70,,
0,bench/30gib-3.bin,523,33554432,666.72,,
0,bench/30gib-3.bin,524,33554432,640.74,,
0,bench/30gib-3.bin,525,33554432,551.67,,
0,bench/30gib-3.bin,526,33554432,569.49,,
0,bench/30gib-3.bin,527,33554432,618.10,,
0,bench/30gib-3.bin,528,33554432,917.26,,
0,bench/30gib-3.bin,529,33554432,803.57,,
0,bench/30gib-3.bin,530,33554432,899.15,,
0,bench/30gib-3.bin,531,33554432,622.82,,
0,bench/30gib-3.bin,532,33554432,525.49,,
0,bench/30gib-3.bin,533,33554432,707.83,,
0,bench/30gib-3.bin,534,33554432,775.04,,
0,bench/30gib-3.bin,535,33554432,830.29,,
0,bench/30gib-3.bin,536,33554432,468.41,,
0,bench/30gib-3.bin,537,33554432,983.14,,
0,bench/30gib-3.bin,538,33554432,625.53,,
0,bench/30gib-3.bin,539,33554432,484.50,,
0,bench/30gib-3.bin,540,33554432,526.67,,
0,bench/30gib-3.bin,541,33554432,554.15,,
0,bench/30gib-3.bin,542,33554432,512.86,,
0,bench/30gib-3.bin,543,33554432,752.83,,
0,bench/30gib-3.bin,544,33554432,448.42,,
0,bench/30gib-3.bin,545,33554432,1065.86,,
0,bench/30gib-3.bin,546,33554432,700.93,,
0,bench/30gib-3.bin,547,33554432,676.37,,
0,bench/30gib-3.bin,548,33554432,461.43,,
0,bench/30gib-3.bin,549,33554432,616.62,,
0,bench/30gib-3.bin,550,33554432,684.31,,
0,bench/30gib-3.bin,551,33554432,710.91,,
0,bench/30gib-3.bin,552,33554432,582.43,,
0,bench/30gib-3.bin,553,33554432,583.43,,
0,bench/30gib-3.bin,554,33554432,631.50,,
0,bench/30gib-3.bin,555,33554432,842.55,,
0,bench/30gib-3.bin,556,33554432,814.33,,
0,bench/30gib-3.bin,557,33554432,613.29,,
0,bench/30gib-3.bin,558,33554432,940.40,,
0,bench/30gib-3.bin,559,33554432,510.27,,
0,bench/30gib-3.bin,560,33554432,713.48,,
0,bench/30gib-3.bin,561,33554432,778.72,,
0,bench/30gib-3.bin,562,33554432,873.89,,
0,bench/30gib-3.bin,563,33554432,836.64,,
0,bench/30gib-3.bin,564,33554432,685.74,,
0,bench/30gib-3.bin,565,33554432,695.69,,
0,bench/30gib-3.bin,566,33554432,646.37,,
0,bench/30gib-3.bin,567,33554432,622.24,,
0,bench/30gib-3.bin,568,33554432,530.75,,
0,bench/30gib-3.bin,569,33554432,656.13,,
0,bench/30gib-3.bin,570,33554432,516.93,,
0,bench/30gib-3.bin,571,33554432,547.79,,
0,bench/30gib-3.bin,572,33554432,984.26,,
0,bench/30gib-3.bin,573,33554432,757.98,,
0,bench/30gib-3.bin,574,33554432,694.48,,
0,bench/30gib-3.bin,575,33554432,1013.90,,
0,bench/30gib-3.bin,576,33554432,810.16,,
0,bench/30gib-3.bin,577,33554432,801.08,,
0,bench/30gib-3.bin,578,33554432,892.73,,
0,bench/30gib-3.bin,579,33554432,602.90,,
0,bench/30gib-3.bin,580,33554432,2378.62,,
0,bench/30gib-3.bin,581,33554432,460.66,,
0,bench/30gib-3.bin,582,33554432,634.33,,
0,bench/30gib-3.bin,583,33554432,382.39,,
0,bench/30gib-3.bin,584,33554432,722.28,,
0,bench/30gib-3.bin,585,33554432,702.52,,
0,bench/30gib-3.bin,586,33554432,502.45,,
0,bench/30gib-3.bin,587,33554432,432.85,,
0,bench/30gib-3.bin,588,33554432,440.55,,
0,bench/30gib-3.bin,589,33554432,906.12,,
0,bench/30gib-3.bin,590,33554432,988.89,,
0,bench/30gib-3.bin,591,33554432,699.79,,
0,bench/30gib-3.bin,592,33554432,459.21,,
0,bench/30gib-3.bin,593,33554432,676.06,,
0,bench/30gib-3.bin,594,33554432,1054.11,,
0,bench/30gib-3.bin,595,33554432,513.68,,
0,bench/30gib-3.bin,596,33554432,392.68,,
0,bench/30gib-3.bin,597,33554432,623.54,,
0,bench/30gib-3.bin,598,33554432,388.66,,
0,bench/30gib-3.bin,599,33554432,610.38,,
0,bench/30gib-3.bin,600,33554432,634.14,,
0,bench/30gib-3.bin,601,33554432,373.34,,
0,bench/30gib-3.bin,602,33554432,744.65,,
0,bench/30gib-3.bin,603,33554432,990.60,,
0,bench/30gib-3.bin,604,33554432,376.93,,
0,bench/30gib-3.bin,605,33554432,436.97,,
0,bench/30gib-3.bin,606,33554432,778.49,,
0,bench/30gib-3.bin,607,33554432,668.36,,
0,bench/30gib-3.bin,608,33554432,778.00,,
0,bench/30gib-3.bin,609,33554432,926.75,,
0,bench/30gib-3.bin,610,33554432,549.36,,
0,bench/30gib-3.bin,611,33554432,1112.04,,
0,bench/30gib-3.bin,612,33554432,627.88,,
0,bench/30gib-3.bin,613,33554432,526.21,,
0,bench/30gib-3.bin,614,33554432,473.91,,
0,bench/30gib-3.bin,615,33554432,624.51,,
0,bench/30gib-3.bin,616,33554432,772.87,,
0,bench/30gib-3.bin,617,33554432,607.45,,
0,bench/30gib-3.bin,618,33554432,611.91,,
0,bench/30gib-3.bin,619,33554432,655.15,,
0,bench/30gib-3.bin,620,33554432,645.48,,
0,bench/30gib-3.bin,621,33554432,1228.55,,
0,bench/30gib-3.bin,622,33554432,508.70,,
0,bench/30gib-3.bin,623,33554432,430.20,,
0,bench/30gib-3.bin,624,33554432,713.16,,
0,bench/30gib-3.bin,625,33554432,678.42,,
0,bench/30gib-3.bin,626,33554432,483.21,,
0,bench/30gib-3.bin,627,33554432,500.30,,
0,bench/30gib-3.bin,628,33554432,971.88,,
0,bench/30gib-3.bin,629,33554432,850.00,,
0,bench/30gib-3.bin,630,33554432,679.26,,
0,bench/30gib-3.bin,631,33554432,890.29,,
0,bench/30gib-3.bin,632,33554432,773.85,,
0,bench/30gib-3.bin,633,33554432,868.11,,
0,bench/30gib-3.bin,634,33554432,717.97,,
0,bench/30gib-3.bin,635,33554432,580.54,,
0,bench/30gib-3.bin,636,33554432,665.23,,
0,bench/30gib-3.bin,637,33554432,675.18,,
0,bench/30gib-3.bin,638,33554432,654.17,,
0,bench/30gib-3.bin,639,33554432,926.60,,
0,bench/30gib-3.bin,640,33554432,487.62,,
0,bench/30gib-3.bin,641,33554432,951.32,,
0,bench/30gib-3.bin,642,33554432,836.90,,
0,bench/30gib-3.bin,643,33554432,674.37,,
0,bench/30gib-3.bin,644,33554432,556.69,,
0,bench/30gib-3.bin,645,33554432,624.20,,
0,bench/30gib-3.bin,646,33554432,668.79,,
0,bench/30gib-3.bin,647,33554432,587.53,,
0,bench/30gib-3.bin,648,33554432,581.13,,
0,bench/30gib-3.bin,649,33554432,957.34,,
0,bench/30gib-3.bin,650,33554432,592.84,,
0,bench/30gib-3.bin,651,33554432,605.01,,
0,bench/30gib-3.bin,652,33554432,563.67,,
0,bench/30gib-3.bin,653,33554432,615.97,,
0,bench/30gib-3.bin,654,33554432,741.45,,
0,bench/30gib-3.bin,655,33554432,586.01,,
0,bench/30gib-3.bin,656,33554432,754.55,,
0,bench/30gib-3.bin,657,33554432,791.37,,
0,bench/30gib-3.bin,658,33554432,587.25,,
0,bench/30gib-3.bin,659,33554432,756.60,,
0,bench/30gib-3.bin,660,33554432,1081.32,,
0,bench/30gib-3.bin,661,33554432,737.07,,
0,bench/30gib-3.bin,662,33554432,626.49,,
0,bench/30gib-3.bin,663,33554432,696.21,,
0,bench/30gib-3.bin,664,33554432,950.88,,
0,bench/30gib-3.bin,665,33554432,723.44,,
0,bench/30gib-3.bin,666,33554432,578.32,,
0,bench/30gib-3.bin,667,33554432,865.72,,
0,bench/30gib-3.bin,668,33554432,618.12,,
0,bench/30gib-3.bin,669,33554432,838.81,,
0,bench/30gib-3.bin,670,33554432,662.34,,
0,bench/30gib-3.bin,671,33554432,814.07,,
0,bench/30gib-3.bin,672,33554432,562.81,,
0,bench/30gib-3.bin,673,33554432,711.11,,
0,bench/30gib-3.bin,674,33554432,887.22,,
0,bench/30gib-3.bin,675,33554432,957.01,,
0,bench/30gib-3.bin,676,33554432,411.26,,
0,bench/30gib-3.bin,677,33554432,486.12,,
0,bench/30gib-3.bin,678,33554432,788.20,,
0,bench/30gib-3.bin,679,33554432,867.04,,
0,bench/30gib-3.bin,680,33554432,870.67,,
0,bench/30gib-3.bin,681,33554432,658.55,,
0,bench/30gib-3.bin,682,33554432,866.32,,
0,bench/30gib-3.bin,683,33554432,1215.07,,
0,bench/30gib-3.bin,684,33554432,926.64,,
0,bench/30gib-3.bin,685,33554432,542.59,,
0,bench/30gib-3.bin,686,33554432,627.94,,
0,bench/30gib-3.bin,687,33554432,650.56,,
0,bench/30gib-3.bin,688,33554432,805.32,,
0,bench/30gib-3.bin,689,33554432,1147.23,,
0,bench/30gib-3.bin,690,33554432,687.77,,
0,bench/30gib-3.bin,691,33554432,623.95,,
0,bench/30gib-3.bin,692,33554432,687.37,,
0,bench/30gib-3.bin,693,33554432,976.65,,
0,bench/30gib-3.bin,694,33554432,847.78,,
0,bench/30gib-3.bin,695,33554432,528.80,,
0,bench/30gib-3.bin,696,33554432,678.99,,
0,bench/30gib-3.bin,697,33554432,673.82,,
0,bench/30gib-3.bin,698,33554432,782.85,,
0,bench/30gib-3.bin,699,33554432,881.02,,
0,bench/30gib-3.bin,700,33554432,418.66,,
0,bench/30gib-3.bin,701,33554432,563.38,,
0,bench/30gib-3.bin,702,33554432,420.89,,
0,bench/30gib-3.bin,703,33554432,621.59,,
0,bench/30gib-3.bin,704,33554432,837.37,,
0,bench/30gib-3.bin,705,33554432,539.17,,
0,bench/30gib-3.bin,706,33554432,691.14,,
0,bench/30gib-3.bin,707,33554432,765.53,,
0,bench/30gib-3.bin,708,33554432,652.19,,
0,bench/30gib-3.bin,709,33554432,666.23,,
0,bench/30gib-3.bin,710,33554432,872.27,,
0,bench/30gib-3.bin,711,33554432,849.51,,
0,bench/30gib-3.bin,712,33554432,687.60,,
0,bench/30gib-3.bin,713,33554432,642.13,,
0,bench/30gib-3.bin,714,33554432,914.75,,
0,bench/30gib-3.bin,715,33554432,880.48,,
0,bench/30gib-3.bin,716,33554432,624.37,,
0,bench/30gib-3.bin,717,33554432,752.82,,
0,bench/30gib-3.bin,718,33554432,769.90,,
0,bench/30gib-3.bin,719,33554432,718.13,,
0,bench/30gib-3.bin,720,33554432,719.83,,
0,bench/30gib-3.bin,721,33554432,415.24,,
0,bench/30gib-3.bin,722,33554432,520.11,,
0,bench/30gib-3.bin,723,33554432,1134.99,,
0,bench/30gib-3.bin,724,33554432,732.51,,
0,bench/30gib-3.bin,725,33554432,720.68,,
0,bench/30gib-3.bin,726,33554432,960.38,,
0,bench/30gib-3.bin,727,33554432,631.80,,
0,bench/30gib-3.bin,728,33554432,583.19,,
0,bench/30gib-3.bin,729,33554432,627.13,,
0,bench/30gib-3.bin,730,33554432,755.67,,
0,bench/30gib-3.bin,731,33554432,921.09,,
0,bench/30gib-3.bin,732,33554432,605.30,,
0,bench/30gib-3.bin,733,33554432,865.01,,
0,bench/30gib-3.bin,734,33554432,767.54,,
0,bench/30gib-3.bin,735,33554432,625.32,,
0,bench/30gib-3.bin,736,33554432,1011.91,,
0,bench/30gib-3.bin,737,33554432,458.69,,
0,bench/30gib-3.bin,738,33554432,738.96,,
0,bench/30gib-3.bin,739,33554432,994.92,,
0,bench/30gib-3.bin,740,33554432,1003.65,,
0,bench/30gib-3.bin,741,33554432,828.79,,
0,bench/30gib-3.bin,742,33554432,702.40,,
0,bench/30gib-3.bin,743,33554432,611.02,,
0,bench/30gib-3.bin,744,33554432,493.36,,
0,bench/30gib-3.bin,745,33554432,422.73,,
0,bench/30gib-3.bin,746,33554432,969.51,,
0,bench/30gib-3.bin,747,33554432,734.76,,
0,bench/30gib-3.bin,748,33554432,705.61,,
0,bench/30gib-3.bin,749,33554432,578.61,,
0,bench/30gib-3.bin,750,33554432,520.50,,
0,bench/30gib-3.bin,751,33554432,1161.09,,
0,bench/30gib-3.bin,752,33554432,603.18,,
0,bench/30gib-3.bin,753,33554432,537.88,,
0,bench/30gib-3.bin,754,33554432,909.61,,
0,bench/30gib-3.bin,755,33554432,404.44,,
0,bench/30gib-3.bin,756,33554432,599.96,,
0,bench/30gib-3.bin,757,33554432,683.90,,
0,bench/30gib-3.bin,758,33554432,414.12,,
0,bench/30gib-3.bin,759,33554432,381.85,,
0,bench/30gib-3.bin,760,33554432,1085.17,,
0,bench/30gib-3.bin,761,33554432,675.26,,
0,bench/30gib-3.bin,762,33554432,894.04,,
0,bench/30gib-3.bin,763,33554432,1119.88,,
0,bench/30gib-3.bin,764,33554432,1091.77,,
0,bench/30gib-3.bin,765,33554432,713.24,,
0,bench/30gib-3.bin,766,33554432,889.01,,
0,bench/30gib-3.bin,767,33554432,1037.61,,
0,bench/30gib-3.bin,768,33554432,491.56,,
0,bench/30gib-3.bin,769,33554432,465.98,,
0,bench/30gib-3.bin,770,33554432,880.94,,
0,bench/30gib-3.bin,771,33554432,669.44,,
0,bench/30gib-3.bin,772,33554432,992.02,,
0,bench/30gib-3.bin,773,33554432,1054.33,,
0,bench/30gib-3.bin,774,33554432,864.44,,
0,bench/30gib-3.bin,775,33554432,654.96,,
0,bench/30gib-3.bin,776,33554432,601.80,,
0,bench/30gib-3.bin,777,33554432,597.04,,
0,bench/30gib-3.bin,778,33554432,720.23,,
0,bench/30gib-3.bin,779,33554432,1109.82,,
0,bench/30gib-3.bin,780,33554432,574.68,,
0,bench/30gib-3.bin,781,33554432,1199.94,,
0,bench/30gib-3.bin,782,33554432,503.30,,
0,bench/30gib-3.bin,783,33554432,401.20,,
0,bench/30gib-3.bin,784,33554432,467.32,,
0,bench/30gib-3.bin,785,33554432,506.73,,
0,bench/30gib-3.bin,786,33554432,980.01,,
0,bench/30gib-3.bin,787,33554432,608.71,,
0,bench/30gib-3.bin,788,33554432,513.96,,
0,bench/30gib-3.bin,789,33554432,635.45,,
0,bench/30gib-3.bin,790,33554432,1247.50,,
0,bench/30gib-3.bin,791,33554432,621.00,,
0,bench/30gib-3.bin,792,33554432,881.86,,
0,bench/30gib-3.bin,793,33554432,581.00,,
0,bench/30gib-3.bin,794,33554432,1639.00,,
0,bench/30gib-3.bin,795,33554432,986.65,,
0,bench/30gib-3.bin,796,33554432,477.79,,
0,bench/30gib-3.bin,797,33554432,811.20,,
0,bench/30gib-3.bin,798,33554432,1251.18,,
0,bench/30gib-3.bin,799,33554432,977.89,,
0,bench/30gib-3.bin,800,33554432,604.19,,
0,bench/30gib-3.bin,801,33554432,603.00,,
0,bench/30gib-3.bin,802,33554432,605.71,,
0,bench/30gib-3.bin,803,33554432,715.91,,
0,bench/30gib-3.bin,804,33554432,588.20,,
0,bench/30gib-3.bin,805,33554432,499.20,,
0,bench/30gib-3.bin,806,33554432,691.90,,
0,bench/30gib-3.bin,807,33554432,1379.59,,
0,bench/30gib-3.bin,808,33554432,1116.76,,
0,bench/30gib-3.bin,809,33554432,886.27,,
0,bench/30gib-3.bin,810,33554432,1039.92,,
0,bench/30gib-3.bin,811,33554432,676.30,,
0,bench/30gib-3.bin,812,33554432,1179.89,,
0,bench/30gib-3.bin,813,33554432,653.57,,
0,bench/30gib-3.bin,814,33554432,613.18,,
0,bench/30gib-3.bin,815,33554432,690.58,,
0,bench/30gib-3.bin,816,33554432,1002.63,,
0,bench/30gib-3.bin,817,33554432,682.28,,
0,bench/30gib-3.bin,818,33554432,482.11,,
0,bench/30gib-3.bin,819,33554432,616.68,,
0,bench/30gib-3.bin,820,33554432,1081.39,,
0,bench/30gib-3.bin,821,33554432,658.55,,
0,bench/30gib-3.bin,822,33554432,564.26,,
0,bench/30gib-3.bin,823,33554432,388.49,,
0,bench/30gib-3.bin,824,33554432,545.77,,
0,bench/30gib-3.bin,825,33554432,1100.75,,
0,bench/30gib-3.bin,826,33554432,546.86,,
0,bench/30gib-3.bin,827,33554432,538.38,,
0,bench/30gib-3.bin,828,33554432,599.59,,
0,bench/30gib-3.bin,829,33554432,556.80,,
0,bench/30gib-3.bin,830,33554432,605.15,,
0,bench/30gib-3.bin,831,33554432,644.73,,
0,bench/30gib-3.bin,832,33554432,448.89,,
0,bench/30gib-3.bin,833,33554432,658.02,,
0,bench/30gib-3.bin,834,33554432,757.92,,
0,bench/30gib-3.bin,835,33554432,539.12,,
0,bench/30gib-3.bin,836,33554432,931.66,,
0,bench/30gib-3.bin,837,33554432,990.31,,
0,bench/30gib-3.bin,838,33554432,582.29,,
0,bench/30gib-3.bin,839,33554432,455.14,,
0,bench/30gib-3.bin,840,33554432,562.15,,
0,bench/30gib-3.bin,841,33554432,705.01,,
0,bench/30gib-3.bin,842,33554432,656.78,,
0,bench/30gib-3.bin,843,33554432,582.15,,
0,bench/30gib-3.bin,844,33554432,544.04,,
0,bench/30gib-3.bin,845,33554432,1146.84,,
0,bench/30gib-3.bin,846,33554432,781.99,,
0,bench/30gib-3.bin,847,33554432,856.00,,
0,bench/30gib-3.bin,848,33554432,515.39,,
0,bench/30gib-3.bin,849,33554432,1300.95,,
0,bench/30gib-3.bin,850,33554432,649.04,,
0,bench/30gib-3.bin,851,33554432,508.25,,
0,bench/30gib-3.bin,852,33554432,680.59,,
0,bench/30gib-3.bin,853,33554432,674.59,,
0,bench/30gib-3.bin,854,33554432,639.15,,
0,bench/30gib-3.bin,855,33554432,724.38,,
0,bench/30gib-3.bin,856,33554432,815.59,,
0,bench/30gib-3.bin,857,33554432,1048.17,,
0,bench/30gib-3.bin,858,33554432,416.51,,
0,bench/30gib-3.bin,859,33554432,611.09,,
0,bench/30gib-3.bin,860,33554432,591.36,,
0,bench/30gib-3.bin,861,33554432,827.71,,
0,bench/30gib-3.bin,862,33554432,1018.02,,
0,bench/30gib-3.bin,863,33554432,545.22,,
0,bench/30gib-3.bin,864,33554432,697.01,,
0,bench/30gib-3.bin,865,33554432,443.02,,
0,bench/30gib-3.bin,866,33554432,652.16,,
0,bench/30gib-3.bin,867,33554432,745.34,,
0,bench/30gib-3.bin,868,33554432,673.41,,
0,bench/30gib-3.bin,869,33554432,902.95,,
0,bench/30gib-3.bin,870,33554432,885.75,,
0,bench/30gib-3.bin,871,33554432,547.92,,
0,bench/30gib-3.bin,872,33554432,1618.07,,
0,bench/30gib-3.bin,873,33554432,765.56,,
0,bench/30gib-3.bin,874,33554432,556.27,,
0,bench/30gib-3.bin,875,33554432,756.57,,
0,bench/30gib-3.bin,876,33554432,657.94,,
0,bench/30gib-3.bin,877,33554432,604.29,,
0,bench/30gib-3.bin,878,33554432,569.51,,
0,bench/30gib-3.bin,879,33554432,629.19,,
0,bench/30gib-3.bin,880,33554432,783.04,,
0,bench/30gib-3.bin,881,33554432,1560.60,,
0,bench/30gib-3.bin,882,33554432,835.38,,
0,bench/30gib-3.bin,883,33554432,506.86,,
0,bench/30gib-3.bin,884,33554432,589.51,,
0,bench/30gib-3.bin,885,33554432,836.77,,
0,bench/30gib-3.bin,886,33554432,435.07,,
0,bench/30gib-3.bin,887,33554432,695.15,,
0,bench/30gib-3.bin,888,33554432,524.14,,
0,bench/30gib-3.bin,889,33554432,479.85,,
0,bench/30gib-3.bin,890,33554432,446.63,,
0,bench/30gib-3.bin,891,33554432,551.41,,
0,bench/30gib-3.bin,892,33554432,418.27,,
0,bench/30gib-3.bin,893,33554432,741.73,,
0,bench/30gib-3.bin,894,33554432,645.01,,
0,bench/30gib-3.bin,895,33554432,698.05,,
0,bench/30gib-3.bin,896,33554432,479.32,,
0,bench/30gib-3.bin,897,33554432,592.31,,
0,bench/30gib-3.bin,898,33554432,978.33,,
0,bench/30gib-3.bin,899,33554432,461.85,,
0,bench/30gib-3.bin,900,33554432,638.54,,
0,bench/30gib-3.bin,901,33554432,663.82,,
0,bench/30gib-3.bin,902,33554432,963.18,,
0,bench/30gib-3.bin,903,33554432,723.23,,
0,bench/30gib-3.bin,904,33554432,792.47,,
0,bench/30gib-3.bin,905,33554432,467.80,,
0,bench/30gib-3.bin,906,33554432,641.85,,
0,bench/30gib-3.bin,907,33554432,634.30,,
0,bench/30gib-3.bin,908,33554432,988.87,,
0,bench/30gib-3.bin,909,33554432,769.44,,
0,bench/30gib-3.bin,910,33554432,1018.96,,
0,bench/30gib-3.bin,911,33554432,568.19,,
0,bench/30gib-3.bin,912,33554432,936.35,,
0,bench/30gib-3.bin,913,33554432,576.16,,
0,bench/30gib-3.bin,914,33554432,517.13,,
0,bench/30gib-3.bin,915,33554432,1547.47,,
0,bench/30gib-3.bin,916,33554432,1135.27,,
0,bench/30gib-3.bin,917,33554432,906.54,,
0,bench/30gib-3.bin,918,33554432,879.62,,
0,bench/30gib-3.bin,919,33554432,506.86,,
0,bench/30gib-3.bin,920,33554432,810.65,,
0,bench/30gib-3.bin,921,33554432,532.84,,
0,bench/30gib-3.bin,922,33554432,715.24,,
0,bench/30gib-3.bin,923,33554432,704.91,,
0,bench/30gib-3.bin,924,33554432,919.52,,
0,bench/30gib-3.bin,925,33554432,594.32,,
0,bench/30gib-3.bin,926,33554432,902.83,,
0,bench/30gib-3.bin,927,33554432,935.16,,
0,bench/30gib-3.bin,928,33554432,708.80,,
0,bench/30gib-3.bin,929,33554432,905.38,,
0,bench/30gib-3.bin,930,33554432,512.06,,
0,bench/30gib-3.bin,931,33554432,885.80,,
0,bench/30gib-3.bin,932,33554432,569.11,,
0,bench/30gib-3.bin,933,33554432,870.12,,
0,bench/30gib-3.bin,934,33554432,520.12,,
0,bench/30gib-3.bin,935,33554432,960.32,,
0,bench/30gib-3.bin,936,33554432,952.12,,
0,bench/30gib-3.bin,937,33554432,724.06,,
0,bench/30gib-3.bin,938,33554432,931.41,,
0,bench/30gib-3.bin,939,33554432,735.77,,
0,bench/30gib-3.bin,940,33554432,841.77,,
0,bench/30gib-3.bin,941,33554432,622.76,,
0,bench/30gib-3.bin,942,33554432,690.31,,
0,bench/30gib-3.bin,943,33554432,735.52,,
0,bench/30gib-3.bin,944,33554432,502.40,,
0,bench/30gib-3.bin,945,33554432,535.55,,
0,bench/30gib-3.bin,946,33554432,568.52,,
0,bench/30gib-3.bin,947,33554432,752.75,,
0,bench/30gib-3.bin,948,33554432,546.30,,
0,bench/30gib-3.bin,949,33554432,1030.47,,
0,bench/30gib-3.bin,950,33554432,551.58,,
0,bench/30gib-3.bin,951,33554432,728.28,,
0,bench/30gib-3.bin,952,33554432,532.00,,
0,bench/30gib-3.bin,953,33554432,512.57,,
0,bench/30gib-3.bin,954,33554432,637.14,,
0,bench/30gib-3.bin,955,33554432,451.97,,
0,bench/30gib-3.bin,956,33554432,602.40,,
0,bench/30gib-3.bin,957,33554432,706.60,,
0,bench/30gib-3.bin,958,33554432,343.69,,
0,bench/30gib-3.bin,959,33554432,445.24,,
0,bench/30gib-3.bin,960,33554432,410.77,,
0,bench/30gib-4.bin,1,33554432,2087.69,,
0,bench/30gib-4.bin,2,33554432,1137.53,,
0,bench/30gib-4.bin,3,33554432,1215.69,,
0,bench/30gib-4.bin,4,33554432,1350.43,,
0,bench/30gib-4.bin,5,33554432,1370.39,,
0,bench/30gib-4.bin,6,33554432,1459.30,,
0,bench/30gib-4.bin,7,33554432,1133.42,,
0,bench/30gib-4.bin,8,33554432,1306.68,,
0,bench/30gib-4.bin,9,33554432,1409.92,,
0,bench/30gib-4.bin,10,33554432,1468.81,,
0,bench/30gib-4.bin,11,33554432,1027.20,,
0,bench/30gib-4.bin,12,33554432,1052.95,,
0,bench/30gib-4.bin,13,33554432,1107.74,,
0,bench/30gib-4.bin,14,33554432,1271.78,,
0,bench/30gib-4.bin,15,33554432,1084.18,,
0,bench/30gib-4.bin,16,33554432,1069.46,,
0,bench/30gib-4.bin,17,33554432,1129.64,,
0,bench/30gib-4.bin,18,33554432,1524.27,,
0,bench/30gib-4.bin,19,33554432,1877.31,,
0,bench/30gib-4.bin,20,33554432,2053.52,,
0,bench/30gib-4.bin,21,33554432,1183.44,,
0,bench/30gib-4.bin,22,33554432,1247.84,,
0,bench/30gib-4.bin,23,33554432,1001.94,,
0,bench/30gib-4.bin,24,33554432,1216.48,,
0,bench/30gib-4.bin,25,33554432,1368.98,,
0,bench/30gib-4.bin,26,33554432,2297.61,,
0,bench/30gib-4.bin,27,33554432,1168.84,,
0,bench/30gib-4.bin,28,33554432,1368.43,,
0,bench/30gib-4.bin,29,33554432,1226.02,,
0,bench/30gib-4.bin,30,33554432,1325.37,,
0,bench/30gib-4.bin,31,33554432,1331.29,,
0,bench/30gib-4.bin,32,33554432,1382.63,,
0,bench/30gib-4.bin,33,33554432,1257.89,,
0,bench/30gib-4.bin,34,33554432,1081.88,,
0,bench/30gib-4.bin,35,33554432,1041.32,,
0,bench/30gib-4.bin,36,33554432,2218.17,,
0,bench/30gib-4.bin,37,33554432,952.33,,
0,bench/30gib-4.bin,38,33554432,1067.16,,
0,bench/30gib-4.bin,39,33554432,1144.05,,
0,bench/30gib-4.bin,40,33554432,1294.61,,
0,bench/30gib-4.bin,41,33554432,870.39,,
0,bench/30gib-4.bin,42,33554432,1050.83,,
0,bench/30gib-4.bin,43,33554432,1090.43,,
0,bench/30gib-4.bin,44,33554432,1078.73,,
0,bench/30gib-4.bin,45,33554432,940.31,,
0,bench/30gib-4.bin,46,33554432,1076.92,,
0,bench/30gib-4.bin,47,33554432,802.39,,
0,bench/30gib-4.bin,48,33554432,1175.28,,
0,bench/30gib-4.bin,49,33554432,1074.22,,
0,bench/30gib-4.bin,50,33554432,1033.91,,
0,bench/30gib-4.bin,51,33554432,1078.16,,
0,bench/30gib-4.bin,52,33554432,1151.77,,
0,bench/30gib-4.bin,53,33554432,1780.06,,
0,bench/30gib-4.bin,54,33554432,846.00,,
0,bench/30gib-4.bin,55,33554432,1198.27,,
0,bench/30gib-4.bin,56,33554432,1040.40,,
0,bench/30gib-4.bin,57,33554432,986.05,,
0,bench/30gib-4.bin,58,33554432,807.53,,
0,bench/30gib-4.bin,59,33554432,1007.94,,
0,bench/30gib-4.bin,60,33554432,2046.56,,
0,bench/30gib-4.bin,61,33554432,1235.30,,
0,bench/30gib-4.bin,62,33554432,1017.25,,
0,bench/30gib-4.bin,63,33554432,748.80,,
0,bench/30gib-4.bin,64,33554432,1050.04,,
0,bench/30gib-4.bin,65,33554432,1034.28,,
0,bench/30gib-4.bin,66,33554432,1120.55,,
0,bench/30gib-4.bin,67,33554432,852.13,,
0,bench/30gib-4.bin,68,33554432,490.31,,
0,bench/30gib-4.bin,69,33554432,704.13,,
0,bench/30gib-4.bin,70,33554432,1205.54,,
0,bench/30gib-4.bin,71,33554432,2066.16,,
0,bench/30gib-4.bin,72,33554432,1238.32,,
0,bench/30gib-4.bin,73,33554432,658.99,,
0,bench/30gib-4.bin,74,33554432,491.86,,
0,bench/30gib-4.bin,75,33554432,749.09,,
0,bench/30gib-4.bin,76,33554432,1367.66,,
0,bench/30gib-4.bin,77,33554432,830.99,,
0,bench/30gib-4.bin,78,33554432,903.89,,
0,bench/30gib-4.bin,79,33554432,1091.01,,
0,bench/30gib-4.bin,80,33554432,1125.86,,
0,bench/30gib-4.bin,81,33554432,572.04,,
0,bench/30gib-4.bin,82,33554432,723.95,,
0,bench/30gib-4.bin,83,33554432,644.83,,
0,bench/30gib-4.bin,84,33554432,1033.42,,
0,bench/30gib-4.bin,85,33554432,730.15,,
0,bench/30gib-4.bin,86,33554432,701.58,,
0,bench/30gib-4.bin,87,33554432,799.35,,
0,bench/30gib-4.bin,88,33554432,686.24,,
0,bench/30gib-4.bin,89,33554432,662.74,,
0,bench/30gib-4.bin,90,33554432,836.79,,
0,bench/30gib-4.bin,91,33554432,903.13,,
0,bench/30gib-4.bin,92,33554432,703.50,,
0,bench/30gib-4.bin,93,33554432,902.07,,
0,bench/30gib-4.bin,94,33554432,995.93,,
0,bench/30gib-4.bin,95,33554432,675.64,,
0,bench/30gib-4.bin,96,33554432,1006.79,,
0,bench/30gib-4.bin,97,33554432,635.36,,
0,bench/30gib-4.bin,98,33554432,853.11,,
0,bench/30gib-4.bin,99,33554432,656.08,,
0,bench/30gib-4.bin,100,33554432,577.40,,
0,bench/30gib-4.bin,101,33554432,969.42,,
0,bench/30gib-4.bin,102,33554432,723.26,,
0,bench/30gib-4.bin,103,33554432,596.52,,
0,bench/30gib-4.bin,104,33554432,557.83,,
0,bench/30gib-4.bin,105,33554432,550.52,,
0,bench/30gib-4.bin,106,33554432,1454.03,,
0,bench/30gib-4.bin,107,33554432,427.75,,
0,bench/30gib-4.bin,108,33554432,810.32,,
0,bench/30gib-4.bin,109,33554432,826.32,,
0,bench/30gib-4.bin,110,33554432,567.33,,
0,bench/30gib-4.bin,111,33554432,598.27,,
0,bench/30gib-4.bin,112,33554432,766.64,,
0,bench/30gib-4.bin,113,33554432,935.24,,
0,bench/30gib-4.bin,114,33554432,557.38,,
0,bench/30gib-4.bin,115,33554432,564.35,,
0,bench/30gib-4.bin,116,33554432,564.72,,
0,bench/30gib-4.bin,117,33554432,906.21,,
0,bench/30gib-4.bin,118,33554432,1028.77,,
0,bench/30gib-4.bin,119,33554432,719.97,,
0,bench/30gib-4.bin,120,33554432,530.04,,
0,bench/30gib-4.bin,121,33554432,1215.90,,
0,bench/30gib-4.bin,122,33554432,632.58,,
0,bench/30gib-4.bin,123,33554432,993.97,,
0,bench/30gib-4.bin,124,33554432,723.36,,
0,bench/30gib-4.bin,125,33554432,553.14,,
0,bench/30gib-4.bin,126,33554432,859.19,,
0,bench/30gib-4.bin,127,33554432,950.19,,
0,bench/30gib-4.bin,128,33554432,949.34,,
0,bench/30gib-4.bin,129,33554432,1166.16,,
0,bench/30gib-4.bin,130,33554432,756.79,,
0,bench/30gib-4.bin,131,33554432,449.17,,
0,bench/30gib-4.bin,132,33554432,863.75,,
0,bench/30gib-4.bin,133,33554432,637.51,,
0,bench/30gib-4.bin,134,33554432,677.12,,
0,bench/30gib-4.bin,135,33554432,809.89,,
0,bench/30gib-4.bin,136,33554432,975.91,,
0,bench/30gib-4.bin,137,33554432,636.14,,
0,bench/30gib-4.bin,138,33554432,698.05,,
0,bench/30gib-4.bin,139,33554432,664.18,,
0,bench/30gib-4.bin,140,33554432,870.33,,
0,bench/30gib-4.bin,141,33554432,511.60,,
0,bench/30gib-4.bin,142,33554432,753.14,,
0,bench/30gib-4.bin,143,33554432,693.15,,
0,bench/30gib-4.bin,144,33554432,769.45,,
0,bench/30gib-4.bin,145,33554432,906.67,,
0,bench/30gib-4.bin,146,33554432,484.85,,
0,bench/30gib-4.bin,147,33554432,647.01,,
0,bench/30gib-4.bin,148,33554432,950.17,,
0,bench/30gib-4.bin,149,33554432,621.79,,
0,bench/30gib-4.bin,150,33554432,610.40,,
0,bench/30gib-4.bin,151,33554432,542.21,,
0,bench/30gib-4.bin,152,33554432,676.15,,
0,bench/30gib-4.bin,153,33554432,787.75,,
0,bench/30gib-4.bin,154,33554432,637.44,,
0,bench/30gib-4.bin,155,33554432,552.10,,
0,bench/30gib-4.bin,156,33554432,916.90,,
0,bench/30gib-4.bin,157,33554432,823.71,,
0,bench/30gib-4.bin,158,33554432,598.64,,
0,bench/30gib-4.bin,159,33554432,798.70,,
0,bench/30gib-4.bin,160,33554432,810.85,,
0,bench/30gib-4.bin,161,33554432,575.84,,
0,bench/30gib-4.bin,162,33554432,449.77,,
0,bench/30gib-4.bin,163,33554432,620.99,,
0,bench/30gib-4.bin,164,33554432,1323.14,,
0,bench/30gib-4.bin,165,33554432,456.40,,
0,bench/30gib-4.bin,166,33554432,624.22,,
0,bench/30gib-4.bin,167,33554432,699.39,,
0,bench/30gib-4.bin,168,33554432,602.56,,
0,bench/30gib-4.bin,169,33554432,936.81,,
0,bench/30gib-4.bin,170,33554432,857.25,,
0,bench/30gib-4.bin,171,33554432,946.76,,
0,bench/30gib-4.bin,172,33554432,515.20,,
0,bench/30gib-4.bin,173,33554432,522.60,,
0,bench/30gib-4.bin,174,33554432,741.91,,
0,bench/30gib-4.bin,175,33554432,841.15,,
0,bench/30gib-4.bin,176,33554432,529.97,,
0,bench/30gib-4.bin,177,33554432,565.02,,
0,bench/30gib-4.bin,178,33554432,568.56,,
0,bench/30gib-4.bin,179,33554432,870.52,,
0,bench/30gib-4.bin,180,33554432,644.99,,
0,bench/30gib-4.bin,181,33554432,444.53,,
0,bench/30gib-4.bin,182,33554432,652.68,,
0,bench/30gib-4.bin,183,33554432,545.60,,
0,bench/30gib-4.bin,184,33554432,575.40,,
0,bench/30gib-4.bin,185,33554432,796.90,,
0,bench/30gib-4.bin,186,33554432,815.04,,
0,bench/30gib-4.bin,187,33554432,678.37,,
0,bench/30gib-4.bin,188,33554432,825.73,,
0,bench/30gib-4.bin,189,33554432,492.15,,
0,bench/30gib-4.bin,190,33554432,646.71,,
0,bench/30gib-4.bin,191,33554432,380.23,,
0,bench/30gib-4.bin,192,33554432,719.92,,
0,bench/30gib-4.bin,193,33554432,1102.10,,
0,bench/30gib-4.bin,194,33554432,519.78,,
0,bench/30gib-4.bin,195,33554432,715.56,,
0,bench/30gib-4.bin,196,33554432,546.88,,
0,bench/30gib-4.bin,197,33554432,922.40,,
0,bench/30gib-4.bin,198,33554432,793.43,,
0,bench/30gib-4.bin,199,33554432,903.29,,
0,bench/30gib-4.bin,200,33554432,897.05,,
0,bench/30gib-4.bin,201,33554432,627.93,,
0,bench/30gib-4.bin,202,33554432,642.64,,
0,bench/30gib-4.bin,203,33554432,842.67,,
0,bench/30gib-4.bin,204,33554432,683.55,,
0,bench/30gib-4.bin,205,33554432,491.74,,
0,bench/30gib-4.bin,206,33554432,588.37,,
0,bench/30gib-4.bin,207,33554432,428.19,,
0,bench/30gib-4.bin,208,33554432,479.98,,
0,bench/30gib-4.bin,209,33554432,570.56,,
0,bench/30gib-4.bin,210,33554432,614.25,,
0,bench/30gib-4.bin,211,33554432,878.21,,
0,bench/30gib-4.bin,212,33554432,572.25,,
0,bench/30gib-4.bin,213,33554432,715.82,,
0,bench/30gib-4.bin,214,33554432,1003.92,,
0,bench/30gib-4.bin,215,33554432,539.17,,
0,bench/30gib-4.bin,216,33554432,594.89,,
0,bench/30gib-4.bin,217,33554432,929.58,,
0,bench/30gib-4.bin,218,33554432,642.97,,
0,bench/30gib-4.bin,219,33554432,490.06,,
0,bench/30gib-4.bin,220,33554432,874.35,,
0,bench/30gib-4.bin,221,33554432,726.18,,
0,bench/30gib-4.bin,222,33554432,898.62,,
0,bench/30gib-4.bin,223,33554432,539.47,,
0,bench/30gib-4.bin,224,33554432,439.43,,
0,bench/30gib-4.bin,225,33554432,749.68,,
0,bench/30gib-4.bin,226,33554432,551.48,,
0,bench/30gib-4.bin,227,33554432,506.21,,
0,bench/30gib-4.bin,228,33554432,1163.88,,
0,bench/30gib-4.bin,229,33554432,518.70,,
0,bench/30gib-4.bin,230,33554432,513.78,,
0,bench/30gib-4.bin,231,33554432,1024.70,,
0,bench/30gib-4.bin,232,33554432,740.65,,
0,bench/30gib-4.bin,233,33554432,641.06,,
0,bench/30gib-4.bin,234,33554432,554.13,,
0,bench/30gib-4.bin,235,33554432,489.60,,
0,bench/30gib-4.bin,236,33554432,511.20,,
0,bench/30gib-4.bin,237,33554432,765.37,,
0,bench/30gib-4.bin,238,33554432,713.21,,
0,bench/30gib-4.bin,239,33554432,403.95,,
0,bench/30gib-4.bin,240,33554432,565.06,,
0,bench/30gib-4.bin,241,33554432,1444.90,,
0,bench/30gib-4.bin,242,33554432,1018.67,,
0,bench/30gib-4.bin,243,33554432,624.68,,
0,bench/30gib-4.bin,244,33554432,542.29,,
0,bench/30gib-4.bin,245,33554432,578.04,,
0,bench/30gib-4.bin,246,33554432,878.36,,
0,bench/30gib-4.bin,247,33554432,572.29,,
0,bench/30gib-4.bin,248,33554432,663.72,,
0,bench/30gib-4.bin,249,33554432,390.58,,
0,bench/30gib-4.bin,250,33554432,1132.46,,
0,bench/30gib-4.bin,251,33554432,554.76,,
0,bench/30gib-4.bin,252,33554432,791.56,,
0,bench/30gib-4.bin,253,33554432,610.24,,
0,bench/30gib-4.bin,254,33554432,671.62,,
0,bench/30gib-4.bin,255,33554432,584.46,,
0,bench/30gib-4.bin,256,33554432,989.54,,
0,bench/30gib-4.bin,257,33554432,612.07,,
0,bench/30gib-4.bin,258,33554432,589.70,,
0,bench/30gib-4.bin,259,33554432,495.77,,
0,bench/30gib-4.bin,260,33554432,579.03,,
0,bench/30gib-4.bin,261,33554432,482.92,,
0,bench/30gib-4.bin,262,33554432,497.70,,
0,bench/30gib-4.bin,263,33554432,647.83,,
0,bench/30gib-4.bin,264,33554432,586.14,,
0,bench/30gib-4.bin,265,33554432,563.39,,
0,bench/30gib-4.bin,266,33554432,456.97,,
0,bench/30gib-4.bin,267,33554432,783.32,,
0,bench/30gib-4.bin,268,33554432,488.93,,
0,bench/30gib-4.bin,269,33554432,742.14,,
0,bench/30gib-4.bin,270,33554432,935.00,,
0,bench/30gib-4.bin,271,33554432,490.88,,
0,bench/30gib-4.bin,272,33554432,1055.09,,
0,bench/30gib-4.bin,273,33554432,902.25,,
0,bench/30gib-4.bin,274,33554432,701.63,,
0,bench/30gib-4.bin,275,33554432,840.08,,
0,bench/30gib-4.bin,276,33554432,475.18,,
0,bench/30gib-4.bin,277,33554432,602.52,,
0,bench/30gib-4.bin,278,33554432,1140.71,,
0,bench/30gib-4.bin,279,33554432,699.31,,
0,bench/30gib-4.bin,280,33554432,770.71,,
0,bench/30gib-4.bin,281,33554432,757.30,,
0,bench/30gib-4.bin,282,33554432,882.16,,
0,bench/30gib-4.bin,283,33554432,962.08,,
0,bench/30gib-4.bin,284,33554432,880.43,,
0,bench/30gib-4.bin,285,33554432,513.20,,
0,bench/30gib-4.bin,286,33554432,622.78,,
0,bench/30gib-4.bin,287,33554432,674.84,,
0,bench/30gib-4.bin,288,33554432,669.55,,
0,bench/30gib-4.bin,289,33554432,446.96,,
0,bench/30gib-4.bin,290,33554432,702.32,,
0,bench/30gib-4.bin,291,33554432,571.75,,
0,bench/30gib-4.bin,292,33554432,729.62,,
0,bench/30gib-4.bin,293,33554432,648.68,,
0,bench/30gib-4.bin,294,33554432,419.19,,
0,bench/30gib-4.bin,295,33554432,574.97,,
0,bench/30gib-4.bin,296,33554432,538.35,,
0,bench/30gib-4.bin,297,33554432,417.06,,
0,bench/30gib-4.bin,298,33554432,504.80,,
0,bench/30gib-4.bin,299,33554432,695.77,,
0,bench/30gib-4.bin,300,33554432,506.50,,
0,bench/30gib-4.bin,301,33554432,522.53,,
0,bench/30gib-4.bin,302,33554432,647.02,,
0,bench/30gib-4.bin,303,33554432,510.30,,
0,bench/30gib-4.bin,304,33554432,817.20,,
0,bench/30gib-4.bin,305,33554432,499.55,,
0,bench/30gib-4.bin,306,33554432,975.31,,
0,bench/30gib-4.bin,307,33554432,609.81,,
0,bench/30gib-4.bin,308,33554432,660.72,,
0,bench/30gib-4.bin,309,33554432,627.60,,
0,bench/30gib-4.bin,310,33554432,477.06,,
0,bench/30gib-4.bin,311,33554432,920.48,,
0,bench/30gib-4.bin,312,33554432,719.28,,
0,bench/30gib-4.bin,313,33554432,647.63,,
0,bench/30gib-4.bin,314,33554432,428.31,,
0,bench/30gib-4.bin,315,33554432,1481.75,,
0,bench/30gib-4.bin,316,33554432,1031.58,,
0,bench/30gib-4.bin,317,33554432,647.15,,
0,bench/30gib-4.bin,318,33554432,496.02,,
0,bench/30gib-4.bin,319,33554432,892.00,,
0,bench/30gib-4.bin,320,33554432,605.98,,
0,bench/30gib-4.bin,321,33554432,739.98,,
0,bench/30gib-4.bin,322,33554432,756.44,,
0,bench/30gib-4.bin,323,33554432,701.37,,
0,bench/30gib-4.bin,324,33554432,621.32,,
0,bench/30gib-4.bin,325,33554432,714.34,,
0,bench/30gib-4.bin,326,33554432,580.83,,
0,bench/30gib-4.bin,327,33554432,367.94,,
0,bench/30gib-4.bin,328,33554432,634.16,,
0,bench/30gib-4.bin,329,33554432,736.34,,
0,bench/30gib-4.bin,330,33554432,686.31,,
0,bench/30gib-4.bin,331,33554432,893.01,,
0,bench/30gib-4.bin,332,33554432,939.00,,
0,bench/30gib-4.bin,333,33554432,945.22,,
0,bench/30gib-4.bin,334,33554432,903.00,,
0,bench/30gib-4.bin,335,33554432,570.39,,
0,bench/30gib-4.bin,336,33554432,814.93,,
0,bench/30gib-4.bin,337,33554432,660.19,,
0,bench/30gib-4.bin,338,33554432,669.23,,
0,bench/30gib-4.bin,339,33554432,461.08,,
0,bench/30gib-4.bin,340,33554432,805.04,,
0,bench/30gib-4.bin,341,33554432,803.21,,
0,bench/30gib-4.bin,342,33554432,506.56,,
0,bench/30gib-4.bin,343,33554432,822.45,,
0,bench/30gib-4.bin,344,33554432,515.96,,
0,bench/30gib-4.bin,345,33554432,516.24,,
0,bench/30gib-4.bin,346,33554432,887.58,,
0,bench/30gib-4.bin,347,33554432,1160.62,,
0,bench/30gib-4.bin,348,33554432,375.74,,
0,bench/30gib-4.bin,349,33554432,509.11,,
0,bench/30gib-4.bin,350,33554432,469.30,,
0,bench/30gib-4.bin,351,33554432,990.51,,
0,bench/30gib-4.bin,352,33554432,683.58,,
0,bench/30gib-4.bin,353,33554432,602.08,,
0,bench/30gib-4.bin,354,33554432,965.25,,
0,bench/30gib-4.bin,355,33554432,953.34,,
0,bench/30gib-4.bin,356,33554432,670.68,,
0,bench/30gib-4.bin,357,33554432,428.89,,
0,bench/30gib-4.bin,358,33554432,1029.55,,
0,bench/30gib-4.bin,359,33554432,517.90,,
0,bench/30gib-4.bin,360,33554432,502.96,,
0,bench/30gib-4.bin,361,33554432,533.93,,
0,bench/30gib-4.bin,362,33554432,560.45,,
0,bench/30gib-4.bin,363,33554432,458.19,,
0,bench/30gib-4.bin,364,33554432,587.90,,
0,bench/30gib-4.bin,365,33554432,482.42,,
0,bench/30gib-4.bin,366,33554432,643.12,,
0,bench/30gib-4.bin,367,33554432,634.65,,
0,bench/30gib-4.bin,368,33554432,684.82,,
0,bench/30gib-4.bin,369,33554432,722.83,,
0,bench/30gib-4.bin,370,33554432,832.40,,
0,bench/30gib-4.bin,371,33554432,667.06,,
0,bench/30gib-4.bin,372,33554432,665.93,,
0,bench/30gib-4.bin,373,33554432,581.45,,
0,bench/30gib-4.bin,374,33554432,563.41,,
0,bench/30gib-4.bin,375,33554432,681.72,,
0,bench/30gib-4.bin,376,33554432,694.53,,
0,bench/30gib-4.bin,377,33554432,905.80,,
0,bench/30gib-4.bin,378,33554432,822.16,,
0,bench/30gib-4.bin,379,33554432,417.14,,
0,bench/30gib-4.bin,380,33554432,1241.09,,
0,bench/30gib-4.bin,381,33554432,537.84,,
0,bench/30gib-4.bin,382,33554432,470.19,,
0,bench/30gib-4.bin,383,33554432,806.00,,
0,bench/30gib-4.bin,384,33554432,1066.01,,
0,bench/30gib-4.bin,385,33554432,732.42,,
0,bench/30gib-4.bin,386,33554432,539.63,,
0,bench/30gib-4.bin,387,33554432,819.32,,
0,bench/30gib-4.bin,388,33554432,943.14,,
0,bench/30gib-4.bin,389,33554432,659.65,,
0,bench/30gib-4.bin,390,33554432,793.20,,
0,bench/30gib-4.bin,391,33554432,532.05,,
0,bench/30gib-4.bin,392,33554432,672.65,,
0,bench/30gib-4.bin,393,33554432,629.44,,
0,bench/30gib-4.bin,394,33554432,608.92,,
0,bench/30gib-4.bin,395,33554432,1053.73,,
0,bench/30gib-4.bin,396,33554432,572.92,,
0,bench/30gib-4.bin,397,33554432,443.14,,
0,bench/30gib-4.bin,398,33554432,635.32,,
0,bench/30gib-4.bin,399,33554432,570.08,,
0,bench/30gib-4.bin,400,33554432,483.78,,
0,bench/30gib-4.bin,401,33554432,922.02,,
0,bench/30gib-4.bin,402,33554432,880.67,,
0,bench/30gib-4.bin,403,33554432,840.46,,
0,bench/30gib-4.bin,404,33554432,608.70,,
0,bench/30gib-4.bin,405,33554432,851.07,,
0,bench/30gib-4.bin,406,33554432,841.32,,
0,bench/30gib-4.bin,407,33554432,593.28,,
0,bench/30gib-4.bin,408,33554432,506.40,,
0,bench/30gib-4.bin,409,33554432,905.03,,
0,bench/30gib-4.bin,410,33554432,814.44,,
0,bench/30gib-4.bin,411,33554432,574.39,,
0,bench/30gib-4.bin,412,33554432,842.13,,
0,bench/30gib-4.bin,413,33554432,670.56,,
0,bench/30gib-4.bin,414,33554432,466.48,,
0,bench/30gib-4.bin,415,33554432,629.85,,
0,bench/30gib-4.bin,416,33554432,735.87,,
0,bench/30gib-4.bin,417,33554432,742.69,,
0,bench/30gib-4.bin,418,33554432,430.02,,
0,bench/30gib-4.bin,419,33554432,822.48,,
0,bench/30gib-4.bin,420,33554432,928.88,,
0,bench/30gib-4.bin,421,33554432,579.38,,
0,bench/30gib-4.bin,422,33554432,856.45,,
0,bench/30gib-4.bin,423,33554432,1609.76,,
0,bench/30gib-4.bin,424,33554432,641.35,,
0,bench/30gib-4.bin,425,33554432,933.54,,
0,bench/30gib-4.bin,426,33554432,782.09,,
0,bench/30gib-4.bin,427,33554432,941.88,,
0,bench/30gib-4.bin,428,33554432,471.81,,
0,bench/30gib-4.bin,429,33554432,575.98,,
0,bench/30gib-4.bin,430,33554432,859.10,,
0,bench/30gib-4.bin,431,33554432,938.76,,
0,bench/30gib-4.bin,432,33554432,744.74,,
0,bench/30gib-4.bin,433,33554432,596.35,,
0,bench/30gib-4.bin,434,33554432,661.34,,
0,bench/30gib-4.bin,435,33554432,834.91,,
0,bench/30gib-4.bin,436,33554432,1039.73,,
0,bench/30gib-4.bin,437,33554432,827.98,,
0,bench/30gib-4.bin,438,33554432,692.21,,
0,bench/30gib-4.bin,439,33554432,615.48,,
0,bench/30gib-4.bin,440,33554432,596.72,,
0,bench/30gib-4.bin,441,33554432,700.60,,
0,bench/30gib-4.bin,442,33554432,540.23,,
0,bench/30gib-4.bin,443,33554432,673.27,,
0,bench/30gib-4.bin,444,33554432,656.08,,
0,bench/30gib-4.bin,445,33554432,516.69,,
0,bench/30gib-4.bin,446,33554432,816.16,,
0,bench/30gib-4.bin,447,33554432,682.09,,
0,bench/30gib-4.bin,448,33554432,721.97,,
0,bench/30gib-4.bin,449,33554432,527.34,,
0,bench/30gib-4.bin,450,33554432,846.09,,
0,bench/30gib-4.bin,451,33554432,1034.17,,
0,bench/30gib-4.bin,452,33554432,823.64,,
0,bench/30gib-4.bin,453,33554432,513.54,,
0,bench/30gib-4.bin,454,33554432,631.88,,
0,bench/30gib-4.bin,455,33554432,648.70,,
0,bench/30gib-4.bin,456,33554432,919.81,,
0,bench/30gib-4.bin,457,33554432,592.08,,
0,bench/30gib-4.bin,458,33554432,571.99,,
0,bench/30gib-4.bin,459,33554432,969.31,,
0,bench/30gib-4.bin,460,33554432,367.54,,
0,bench/30gib-4.bin,461,33554432,766.72,,
0,bench/30gib-4.bin,462,33554432,494.86,,
0,bench/30gib-4.bin,463,33554432,709.97,,
0,bench/30gib-4.bin,464,33554432,790.89,,
0,bench/30gib-4.bin,465,33554432,740.70,,
0,bench/30gib-4.bin,466,33554432,588.43,,
0,bench/30gib-4.bin,467,33554432,859.88,,
0,bench/30gib-4.bin,468,33554432,609.12,,
0,bench/30gib-4.bin,469,33554432,949.78,,
0,bench/30gib-4.bin,470,33554432,934.95,,
0,bench/30gib-4.bin,471,33554432,670.36,,
0,bench/30gib-4.bin,472,33554432,566.78,,
0,bench/30gib-4.bin,473,33554432,525.38,,
0,bench/30gib-4.bin,474,33554432,954.35,,
0,bench/30gib-4.bin,475,33554432,472.12,,
0,bench/30gib-4.bin,476,33554432,464.90,,
0,bench/30gib-4.bin,477,33554432,746.05,,
0,bench/30gib-4.bin,478,33554432,495.56,,
0,bench/30gib-4.bin,479,33554432,913.64,,
0,bench/30gib-4.bin,480,33554432,540.43,,
0,bench/30gib-4.bin,481,33554432,470.64,,
0,bench/30gib-4.bin,482,33554432,1095.54,,
0,bench/30gib-4.bin,483,33554432,733.22,,
0,bench/30gib-4.bin,484,33554432,682.36,,
0,bench/30gib-4.bin,485,33554432,775.27,,
0,bench/30gib-4.bin,486,33554432,486.78,,
0,bench/30gib-4.bin,487,33554432,621.23,,
0,bench/30gib-4.bin,488,33554432,609.80,,
0,bench/30gib-4.bin,489,33554432,646.98,,
0,bench/30gib-4.bin,490,33554432,701.18,,
0,bench/30gib-4.bin,491,33554432,539.04,,
0,bench/30gib-4.bin,492,33554432,589.10,,
0,bench/30gib-4.bin,493,33554432,1024.68,,
0,bench/30gib-4.bin,494,33554432,795.35,,
0,bench/30gib-4.bin,495,33554432,713.65,,
0,bench/30gib-4.bin,496,33554432,532.45,,
0,bench/30gib-4.bin,497,33554432,1096.90,,
0,bench/30gib-4.bin,498,33554432,740.04,,
0,bench/30gib-4.bin,499,33554432,1258.19,,
0,bench/30gib-4.bin,500,33554432,745.55,,
0,bench/30gib-4.bin,501,33554432,583.92,,
0,bench/30gib-4.bin,502,33554432,462.07,,
0,bench/30gib-4.bin,503,33554432,674.82,,
0,bench/30gib-4.bin,504,33554432,699.69,,
0,bench/30gib-4.bin,505,33554432,817.64,,
0,bench/30gib-4.bin,506,33554432,868.67,,
0,bench/30gib-4.bin,507,33554432,555.15,,
0,bench/30gib-4.bin,508,33554432,606.43,,
0,bench/30gib-4.bin,509,33554432,721.24,,
0,bench/30gib-4.bin,510,33554432,964.75,,
0,bench/30gib-4.bin,511,33554432,513.61,,
0,bench/30gib-4.bin,512,33554432,668.27,,
0,bench/30gib-4.bin,513,33554432,425.21,,
0,bench/30gib-4.bin,514,33554432,569.31,,
0,bench/30gib-4.bin,515,33554432,727.05,,
0,bench/30gib-4.bin,516,33554432,698.78,,
0,bench/30gib-4.bin,517,33554432,455.86,,
0,bench/30gib-4.bin,518,33554432,711.55,,
0,bench/30gib-4.bin,519,33554432,734.48,,
0,bench/30gib-4.bin,520,33554432,639.34,,
0,bench/30gib-4.bin,521,33554432,875.68,,
0,bench/30gib-4.bin,522,33554432,783.97,,
0,bench/30gib-4.bin,523,33554432,553.16,,
0,bench/30gib-4.bin,524,33554432,742.15,,
0,bench/30gib-4.bin,525,33554432,567.94,,
0,bench/30gib-4.bin,526,33554432,985.56,,
0,bench/30gib-4.bin,527,33554432,751.04,,
0,bench/30gib-4.bin,528,33554432,583.99,,
0,bench/30gib-4.bin,529,33554432,986.50,,
0,bench/30gib-4.bin,530,33554432,484.49,,
0,bench/30gib-4.bin,531,33554432,501.97,,
0,bench/30gib-4.bin,532,33554432,660.24,,
0,bench/30gib-4.bin,533,33554432,876.94,,
0,bench/30gib-4.bin,534,33554432,776.26,,
0,bench/30gib-4.bin,535,33554432,536.17,,
0,bench/30gib-4.bin,536,33554432,989.57,,
0,bench/30gib-4.bin,537,33554432,533.91,,
0,bench/30gib-4.bin,538,33554432,583.07,,
0,bench/30gib-4.bin,539,33554432,579.14,,
0,bench/30gib-4.bin,540,33554432,1912.80,,
0,bench/30gib-4.bin,541,33554432,746.38,,
0,bench/30gib-4.bin,542,33554432,675.08,,
0,bench/30gib-4.bin,543,33554432,1033.42,,
0,bench/30gib-4.bin,544,33554432,691.95,,
0,bench/30gib-4.bin,545,33554432,700.90,,
0,bench/30gib-4.bin,546,33554432,533.56,,
0,bench/30gib-4.bin,547,33554432,479.73,,
0,bench/30gib-4.bin,548,33554432,643.75,,
0,bench/30gib-4.bin,549,33554432,640.14,,
0,bench/30gib-4.bin,550,33554432,620.22,,
0,bench/30gib-4.bin,551,33554432,658.68,,
0,bench/30gib-4.bin,552,33554432,542.54,,
0,bench/30gib-4.bin,553,33554432,1193.21,,
0,bench/30gib-4.bin,554,33554432,606.78,,
0,bench/30gib-4.bin,555,33554432,686.03,,
0,bench/30gib-4.bin,556,33554432,627.39,,
0,bench/30gib-4.bin,557,33554432,702.99,,
0,bench/30gib-4.bin,558,33554432,698.57,,
0,bench/30gib-4.bin,559,33554432,356.20,,
0,bench/30gib-4.bin,560,33554432,625.19,,
0,bench/30gib-4.bin,561,33554432,568.00,,
0,bench/30gib-4.bin,562,33554432,815.29,,
0,bench/30gib-4.bin,563,33554432,657.05,,
0,bench/30gib-4.bin,564,33554432,735.57,,
0,bench/30gib-4.bin,565,33554432,660.64,,
0,bench/30gib-4.bin,566,33554432,679.50,,
0,bench/30gib-4.bin,567,33554432,531.18,,
0,bench/30gib-4.bin,568,33554432,1033.89,,
0,bench/30gib-4.bin,569,33554432,511.35,,
0,bench/30gib-4.bin,570,33554432,626.87,,
0,bench/30gib-4.bin,571,33554432,836.13,,
0,bench/30gib-4.bin,572,33554432,659.61,,
0,bench/30gib-4.bin,573,33554432,751.02,,
0,bench/30gib-4.bin,574,33554432,808.64,,
0,bench/30gib-4.bin,575,33554432,1056.33,,
0,bench/30gib-4.bin,576,33554432,884.93,,
0,bench/30gib-4.bin,577,33554432,616.90,,
0,bench/30gib-4.bin,578,33554432,706.97,,
0,bench/30gib-4.bin,579,33554432,694.81,,
0,bench/30gib-4.bin,580,33554432,1112.27,,
0,bench/30gib-4.bin,581,33554432,874.12,,
0,bench/30gib-4.bin,582,33554432,688.59,,
0,bench/30gib-4.bin,583,33554432,616.32,,
0,bench/30gib-4.bin,584,33554432,605.30,,
0,bench/30gib-4.bin,585,33554432,541.67,,
0,bench/30gib-4.bin,586,33554432,535.94,,
0,bench/30gib-4.bin,587,33554432,694.05,,
0,bench/30gib-4.bin,588,33554432,564.30,,
0,bench/30gib-4.bin,589,33554432,666.94,,
0,bench/30gib-4.bin,590,33554432,649.07,,
0,bench/30gib-4.bin,591,33554432,1060.00,,
0,bench/30gib-4.bin,592,33554432,860.48,,
0,bench/30gib-4.bin,593,33554432,580.53,,
0,bench/30gib-4.bin,594,33554432,596.59,,
0,bench/30gib-4.bin,595,33554432,367.11,,
0,bench/30gib-4.bin,596,33554432,682.09,,
0,bench/30gib-4.bin,597,33554432,586.00,,
0,bench/30gib-4.bin,598,33554432,957.60,,
0,bench/30gib-4.bin,599,33554432,614.36,,
0,bench/30gib-4.bin,600,33554432,758.80,,
0,bench/30gib-4.bin,601,33554432,744.18,,
0,bench/30gib-4.bin,602,33554432,517.38,,
0,bench/30gib-4.bin,603,33554432,493.86,,
0,bench/30gib-4.bin,604,33554432,528.17,,
0,bench/30gib-4.bin,605,33554432,1092.74,,
0,bench/30gib-4.bin,606,33554432,754.72,,
0,bench/30gib-4.bin,607,33554432,533.80,,
0,bench/30gib-4.bin,608,33554432,876.05,,
0,bench/30gib-4.bin,609,33554432,796.29,,
0,bench/30gib-4.bin,610,33554432,679.15,,
0,bench/30gib-4.bin,611,33554432,569.05,,
0,bench/30gib-4.bin,612,33554432,451.05,,
0,bench/30gib-4.bin,613,33554432,579.08,,
0,bench/30gib-4.bin,614,33554432,709.76,,
0,bench/30gib-4.bin,615,33554432,662.33,,
0,bench/30gib-4.bin,616,33554432,688.22,,
0,bench/30gib-4.bin,617,33554432,560.15,,
0,bench/30gib-4.bin,618,33554432,671.40,,
0,bench/30gib-4.bin,619,33554432,780.19,,
0,bench/30gib-4.bin,620,33554432,608.50,,
0,bench/30gib-4.bin,621,33554432,833.11,,
0,bench/30gib-4.bin,622,33554432,671.65,,
0,bench/30gib-4.bin,623,33554432,1228.22,,
0,bench/30gib-4.bin,624,33554432,818.59,,
0,bench/30gib-4.bin,625,33554432,458.78,,
0,bench/30gib-4.bin,626,33554432,904.01,,
0,bench/30gib-4.bin,627,33554432,816.70,,
0,bench/30gib-4.bin,628,33554432,758.25,,
0,bench/30gib-4.bin,629,33554432,962.50,,
0,bench/30gib-4.bin,630,33554432,711.53,,
0,bench/30gib-4.bin,631,33554432,643.51,,
0,bench/30gib-4.bin,632,33554432,1022.60,,
0,bench/30gib-4.bin,633,33554432,990.66,,
0,bench/30gib-4.bin,634,33554432,457.19,,
0,bench/30gib-4.bin,635,33554432,681.88,,
0,bench/30gib-4.bin,636,33554432,699.57,,
0,bench/30gib-4.bin,637,33554432,572.22,,
0,bench/30gib-4.bin,638,33554432,759.55,,
0,bench/30gib-4.bin,639,33554432,628.17,,
0,bench/30gib-4.bin,640,33554432,902.23,,
0,bench/30gib-4.bin,641,33554432,621.59,,
0,bench/30gib-4.bin,642,33554432,668.10,,
0,bench/30gib-4.bin,643,33554432,615.62,,
0,bench/30gib-4.bin,644,33554432,696.56,,
0,bench/30gib-4.bin,645,33554432,768.81,,
0,bench/30gib-4.bin,646,33554432,1126.67,,
0,bench/30gib-4.bin,647,33554432,612.61,,
0,bench/30gib-4.bin,648,33554432,650.29,,
0,bench/30gib-4.bin,649,33554432,793.19,,
0,bench/30gib-4.bin,650,33554432,1043.50,,
0,bench/30gib-4.bin,651,33554432,884.27,,
0,bench/30gib-4.bin,652,33554432,812.62,,
0,bench/30gib-4.bin,653,33554432,938.18,,
0,bench/30gib-4.bin,654,33554432,789.76,,
0,bench/30gib-4.bin,655,33554432,577.72,,
0,bench/30gib-4.bin,656,33554432,886.42,,
0,bench/30gib-4.bin,657,33554432,744.83,,
0,bench/30gib-4.bin,658,33554432,653.91,,
0,bench/30gib-4.bin,659,33554432,831.14,,
0,bench/30gib-4.bin,660,33554432,526.87,,
0,bench/30gib-4.bin,661,33554432,623.12,,
0,bench/30gib-4.bin,662,33554432,717.70,,
0,bench/30gib-4.bin,663,33554432,606.60,,
0,bench/30gib-4.bin,664,33554432,716.13,,
0,bench/30gib-4.bin,665,33554432,722.66,,
0,bench/30gib-4.bin,666,33554432,823.02,,
0,bench/30gib-4.bin,667,33554432,682.38,,
0,bench/30gib-4.bin,668,33554432,516.19,,
0,bench/30gib-4.bin,669,33554432,512.18,,
0,bench/30gib-4.bin,670,33554432,764.89,,
0,bench/30gib-4.bin,671,33554432,766.18,,
0,bench/30gib-4.bin,672,33554432,405.51,,
0,bench/30gib-4.bin,673,33554432,749.72,,
0,bench/30gib-4.bin,674,33554432,418.61,,
0,bench/30gib-4.bin,675,33554432,896.18,,
0,bench/30gib-4.bin,676,33554432,501.30,,
0,bench/30gib-4.bin,677,33554432,720.93,,
0,bench/30gib-4.bin,678,33554432,876.63,,
0,bench/30gib-4.bin,679,33554432,716.00,,
0,bench/30gib-4.bin,680,33554432,862.29,,
0,bench/30gib-4.bin,681,33554432,613.24,,
0,bench/30gib-4.bin,682,33554432,815.87,,
0,bench/30gib-4.bin,683,33554432,866.05,,
0,bench/30gib-4.bin,684,33554432,823.52,,
0,bench/30gib-4.bin,685,33554432,946.11,,
0,bench/30gib-4.bin,686,33554432,526.36,,
0,bench/30gib-4.bin,687,33554432,1116.61,,
0,bench/30gib-4.bin,688,33554432,910.28,,
0,bench/30gib-4.bin,689,33554432,556.66,,
0,bench/30gib-4.bin,690,33554432,642.60,,
0,bench/30gib-4.bin,691,33554432,818.21,,
0,bench/30gib-4.bin,692,33554432,722.00,,
0,bench/30gib-4.bin,693,33554432,767.20,,
0,bench/30gib-4.bin,694,33554432,653.25,,
0,bench/30gib-4.bin,695,33554432,448.19,,
0,bench/30gib-4.bin,696,33554432,988.86,,
0,bench/30gib-4.bin,697,33554432,1125.75,,
0,bench/30gib-4.bin,698,33554432,856.70,,
0,bench/30gib-4.bin,699,33554432,727.56,,
0,bench/30gib-4.bin,700,33554432,871.50,,
0,bench/30gib-4.bin,701,33554432,684.31,,
0,bench/30gib-4.bin,702,33554432,586.76,,
0,bench/30gib-4.bin,703,33554432,702.28,,
0,bench/30gib-4.bin,704,33554432,1011.89,,
0,bench/30gib-4.bin,705,33554432,588.40,,
0,bench/30gib-4.bin,706,33554432,710.50,,
0,bench/30gib-4.bin,707,33554432,588.60,,
0,bench/30gib-4.bin,708,33554432,1004.35,,
0,bench/30gib-4.bin,709,33554432,648.77,,
0,bench/30gib-4.bin,710,33554432,559.28,,
0,bench/30gib-4.bin,711,33554432,670.74,,
0,bench/30gib-4.bin,712,33554432,683.62,,
0,bench/30gib-4.bin,713,33554432,705.84,,
0,bench/30gib-4.bin,714,33554432,832.61,,
0,bench/30gib-4.bin,715,33554432,573.51,,
0,bench/30gib-4.bin,716,33554432,519.63,,
0,bench/30gib-4.bin,717,33554432,730.26,,
0,bench/30gib-4.bin,718,33554432,660.54,,
0,bench/30gib-4.bin,719,33554432,909.43,,
0,bench/30gib-4.bin,720,33554432,399.90,,
0,bench/30gib-4.bin,721,33554432,776.37,,
0,bench/30gib-4.bin,722,33554432,563.06,,
0,bench/30gib-4.bin,723,33554432,520.85,,
0,bench/30gib-4.bin,724,33554432,631.86,,
0,bench/30gib-4.bin,725,33554432,738.37,,
0,bench/30gib-4.bin,726,33554432,604.58,,
0,bench/30gib-4.bin,727,33554432,669.29,,
0,bench/30gib-4.bin,728,33554432,716.49,,
0,bench/30gib-4.bin,729,33554432,791.19,,
0,bench/30gib-4.bin,730,33554432,844.78,,
0,bench/30gib-4.bin,731,33554432,722.79,,
0,bench/30gib-4.bin,732,33554432,1010.81,,
0,bench/30gib-4.bin,733,33554432,696.40,,
0,bench/30gib-4.bin,734,33554432,472.87,,
0,bench/30gib-4.bin,735,33554432,668.22,,
0,bench/30gib-4.bin,736,33554432,1103.34,,
0,bench/30gib-4.bin,737,33554432,759.59,,
0,bench/30gib-4.bin,738,33554432,590.86,,
0,bench/30gib-4.bin,739,33554432,677.28,,
0,bench/30gib-4.bin,740,33554432,783.05,,
0,bench/30gib-4.bin,741,33554432,382.52,,
0,bench/30gib-4.bin,742,33554432,977.77,,
0,bench/30gib-4.bin,743,33554432,716.81,,
0,bench/30gib-4.bin,744,33554432,871.84,,
0,bench/30gib-4.bin,745,33554432,1269.20,,
0,bench/30gib-4.bin,746,33554432,463.79,,
0,bench/30gib-4.bin,747,33554432,875.94,,
0,bench/30gib-4.bin,748,33554432,617.85,,
0,bench/30gib-4.bin,749,33554432,550.09,,
0,bench/30gib-4.bin,750,33554432,783.94,,
0,bench/30gib-4.bin,751,33554432,672.25,,
0,bench/30gib-4.bin,752,33554432,682.20,,
0,bench/30gib-4.bin,753,33554432,728.52,,
0,bench/30gib-4.bin,754,33554432,673.76,,
0,bench/30gib-4.bin,755,33554432,921.35,,
0,bench/30gib-4.bin,756,33554432,545.57,,
0,bench/30gib-4.bin,757,33554432,759.57,,
0,bench/30gib-4.bin,758,33554432,1188.68,,
0,bench/30gib-4.bin,759,33554432,534.39,,
0,bench/30gib-4.bin,760,33554432,706.61,,
0,bench/30gib-4.bin,761,33554432,548.34,,
0,bench/30gib-4.bin,762,33554432,424.80,,
0,bench/30gib-4.bin,763,33554432,560.07,,
0,bench/30gib-4.bin,764,33554432,1103.79,,
0,bench/30gib-4.bin,765,33554432,709.26,,
0,bench/30gib-4.bin,766,33554432,1018.89,,
0,bench/30gib-4.bin,767,33554432,785.84,,
0,bench/30gib-4.bin,768,33554432,1043.40,,
0,bench/30gib-4.bin,769,33554432,669.54,,
0,bench/30gib-4.bin,770,33554432,1086.84,,
0,bench/30gib-4.bin,771,33554432,621.02,,
0,bench/30gib-4.bin,772,33554432,584.24,,
0,bench/30gib-4.bin,773,33554432,473.44,,
0,bench/30gib-4.bin,774,33554432,807.84,,
0,bench/30gib-4.bin,775,33554432,622.71,,
0,bench/30gib-4.bin,776,33554432,546.02,,
0,bench/30gib-4.bin,777,33554432,545.07,,
0,bench/30gib-4.bin,778,33554432,479.87,,
0,bench/30gib-4.bin,779,33554432,507.66,,
0,bench/30gib-4.bin,780,33554432,1118.91,,
0,bench/30gib-4.bin,781,33554432,647.25,,
0,bench/30gib-4.bin,782,33554432,1098.22,,
0,bench/30gib-4.bin,783,33554432,766.39,,
0,bench/30gib-4.bin,784,33554432,669.28,,
0,bench/30gib-4.bin,785,33554432,1053.57,,
0,bench/30gib-4.bin,786,33554432,718.95,,
0,bench/30gib-4.bin,787,33554432,707.27,,
0,bench/30gib-4.bin,788,33554432,680.31,,
0,bench/30gib-4.bin,789,33554432,837.40,,
0,bench/30gib-4.bin,790,33554432,755.44,,
0,bench/30gib-4.bin,791,33554432,407.23,,
0,bench/30gib-4.bin,792,33554432,591.76,,
0,bench/30gib-4.bin,793,33554432,781.22,,
0,bench/30gib-4.bin,794,33554432,632.77,,
0,bench/30gib-4.bin,795,33554432,542.21,,
0,bench/30gib-4.bin,796,33554432,791.82,,
0,bench/30gib-4.bin,797,33554432,632.68,,
0,bench/30gib-4.bin,798,33554432,772.76,,
0,bench/30gib-4.bin,799,33554432,978.70,,
0,bench/30gib-4.bin,800,33554432,452.10,,
0,bench/30gib-4.bin,801,33554432,612.45,,
0,bench/30gib-4.bin,802,33554432,385.17,,
0,bench/30gib-4.bin,803,33554432,594.96,,
0,bench/30gib-4.bin,804,33554432,725.19,,
0,bench/30gib-4.bin,805,33554432,969.34,,
0,bench/30gib-4.bin,806,33554432,386.75,,
0,bench/30gib-4.bin,807,33554432,393.40,,
0,bench/30gib-4.bin,808,33554432,492.77,,
0,bench/30gib-4.bin,809,33554432,520.13,,
0,bench/30gib-4.bin,810,33554432,611.92,,
0,bench/30gib-4.bin,811,33554432,608.26,,
0,bench/30gib-4.bin,812,33554432,715.27,,
0,bench/30gib-4.bin,813,33554432,727.02,,
0,bench/30gib-4.bin,814,33554432,635.59,,
0,bench/30gib-4.bin,815,33554432,578.52,,
0,bench/30gib-4.bin,816,33554432,1058.71,,
0,bench/30gib-4.bin,817,33554432,1590.92,,
0,bench/30gib-4.bin,818,33554432,569.66,,
0,bench/30gib-4.bin,819,33554432,623.99,,
0,bench/30gib-4.bin,820,33554432,609.39,,
0,bench/30gib-4.bin,821,33554432,1016.74,,
0,bench/30gib-4.bin,822,33554432,407.79,,
0,bench/30gib-4.bin,823,33554432,983.24,,
0,bench/30gib-4.bin,824,33554432,913.56,,
0,bench/30gib-4.bin,825,33554432,626.94,,
0,bench/30gib-4.bin,826,33554432,527.37,,
0,bench/30gib-4.bin,827,33554432,581.27,,
0,bench/30gib-4.bin,828,33554432,564.90,,
0,bench/30gib-4.bin,829,33554432,661.96,,
0,bench/30gib-4.bin,830,33554432,684.54,,
0,bench/30gib-4.bin,831,33554432,659.81,,
0,bench/30gib-4.bin,832,33554432,677.98,,
0,bench/30gib-4.bin,833,33554432,768.50,,
0,bench/30gib-4.bin,834,33554432,878.52,,
0,bench/30gib-4.bin,835,33554432,404.93,,
0,bench/30gib-4.bin,836,33554432,459.69,,
0,bench/30gib-4.bin,837,33554432,966.95,,
0,bench/30gib-4.bin,838,33554432,536.84,,
0,bench/30gib-4.bin,839,33554432,571.17,,
0,bench/30gib-4.bin,840,33554432,563.95,,
0,bench/30gib-4.bin,841,33554432,868.63,,
0,bench/30gib-4.bin,842,33554432,1216.27,,
0,bench/30gib-4.bin,843,33554432,585.14,,
0,bench/30gib-4.bin,844,33554432,993.69,,
0,bench/30gib-4.bin,845,33554432,709.47,,
0,bench/30gib-4.bin,846,33554432,1274.27,,
0,bench/30gib-4.bin,847,33554432,566.46,,
0,bench/30gib-4.bin,848,33554432,756.71,,
0,bench/30gib-4.bin,849,33554432,522.20,,
0,bench/30gib-4.bin,850,33554432,882.85,,
0,bench/30gib-4.bin,851,33554432,714.74,,
0,bench/30gib-4.bin,852,33554432,677.03,,
0,bench/30gib-4.bin,853,33554432,1015.24,,
0,bench/30gib-4.bin,854,33554432,764.21,,
0,bench/30gib-4.bin,855,33554432,663.59,,
0,bench/30gib-4.bin,856,33554432,749.93,,
0,bench/30gib-4.bin,857,33554432,1489.20,,
0,bench/30gib-4.bin,858,33554432,406.07,,
0,bench/30gib-4.bin,859,33554432,707.03,,
0,bench/30gib-4.bin,860,33554432,1077.70,,
0,bench/30gib-4.bin,861,33554432,560.75,,
0,bench/30gib-4.bin,862,33554432,670.82,,
0,bench/30gib-4.bin,863,33554432,564.35,,
0,bench/30gib-4.bin,864,33554432,623.75,,
0,bench/30gib-4.bin,865,33554432,821.71,,
0,bench/30gib-4.bin,866,33554432,1560.40,,
0,bench/30gib-4.bin,867,33554432,823.97,,
0,bench/30gib-4.bin,868,33554432,925.27,,
0,bench/30gib-4.bin,869,33554432,571.96,,
0,bench/30gib-4.bin,870,33554432,558.80,,
0,bench/30gib-4.bin,871,33554432,518.13,,
0,bench/30gib-4.bin,872,33554432,685.70,,
0,bench/30gib-4.bin,873,33554432,1412.04,,
0,bench/30gib-4.bin,874,33554432,520.44,,
0,bench/30gib-4.bin,875,33554432,737.95,,
0,bench/30gib-4.bin,876,33554432,815.04,,
0,bench/30gib-4.bin,877,33554432,1094.23,,
0,bench/30gib-4.bin,878,33554432,610.04,,
0,bench/30gib-4.bin,879,33554432,577.14,,
0,bench/30gib-4.bin,880,33554432,741.30,,
0,bench/30gib-4.bin,881,33554432,596.55,,
0,bench/30gib-4.bin,882,33554432,1074.78,,
0,bench/30gib-4.bin,883,33554432,610.87,,
0,bench/30gib-4.bin,884,33554432,569.76,,
0,bench/30gib-4.bin,885,33554432,520.78,,
0,bench/30gib-4.bin,886,33554432,1002.34,,
0,bench/30gib-4.bin,887,33554432,500.36,,
0,bench/30gib-4.bin,888,33554432,485.73,,
0,bench/30gib-4.bin,889,33554432,843.94,,
0,bench/30gib-4.bin,890,33554432,667.51,,
0,bench/30gib-4.bin,891,33554432,611.11,,
0,bench/30gib-4.bin,892,33554432,607.84,,
0,bench/30gib-4.bin,893,33554432,999.77,,
0,bench/30gib-4.bin,894,33554432,636.20,,
0,bench/30gib-4.bin,895,33554432,541.38,,
0,bench/30gib-4.bin,896,33554432,505.43,,
0,bench/30gib-4.bin,897,33554432,888.47,,
0,bench/30gib-4.bin,898,33554432,817.51,,
0,bench/30gib-4.bin,899,33554432,841.82,,
0,bench/30gib-4.bin,900,33554432,1006.58,,
0,bench/30gib-4.bin,901,33554432,574.61,,
0,bench/30gib-4.bin,902,33554432,498.17,,
0,bench/30gib-4.bin,903,33554432,814.46,,
0,bench/30gib-4.bin,904,33554432,798.94,,
0,bench/30gib-4.bin,905,33554432,821.80,,
0,bench/30gib-4.bin,906,33554432,467.56,,
0,bench/30gib-4.bin,907,33554432,614.30,,
0,bench/30gib-4.bin,908,33554432,494.75,,
0,bench/30gib-4.bin,909,33554432,877.30,,
0,bench/30gib-4.bin,910,33554432,519.75,,
0,bench/30gib-4.bin,911,33554432,466.72,,
0,bench/30gib-4.bin,912,33554432,1003.81,,
0,bench/30gib-4.bin,913,33554432,725.91,,
0,bench/30gib-4.bin,914,33554432,872.74,,
0,bench/30gib-4.bin,915,33554432,655.23,,
0,bench/30gib-4.bin,916,33554432,562.58,,
0,bench/30gib-4.bin,917,33554432,556.30,,
0,bench/30gib-4.bin,918,33554432,713.99,,
0,bench/30gib-4.bin,919,33554432,939.52,,
0,bench/30gib-4.bin,920,33554432,912.95,,
0,bench/30gib-4.bin,921,33554432,490.70,,
0,bench/30gib-4.bin,922,33554432,559.74,,
0,bench/30gib-4.bin,923,33554432,679.38,,
0,bench/30gib-4.bin,924,33554432,701.80,,
0,bench/30gib-4.bin,925,33554432,673.23,,
0,bench/30gib-4.bin,926,33554432,1073.06,,
0,bench/30gib-4.bin,927,33554432,753.52,,
0,bench/30gib-4.bin,928,33554432,456.04,,
0,bench/30gib-4.bin,929,33554432,650.39,,
0,bench/30gib-4.bin,930,33554432,635.05,,
0,bench/30gib-4.bin,931,33554432,1020.86,,
0,bench/30gib-4.bin,932,33554432,973.92,,
0,bench/30gib-4.bin,933,33554432,914.48,,
0,bench/30gib-4.bin,934,33554432,738.27,,
0,bench/30gib-4.bin,935,33554432,720.50,,
0,bench/30gib-4.bin,936,33554432,814.85,,
0,bench/30gib-4.bin,937,33554432,604.78,,
0,bench/30gib-4.bin,938,33554432,473.44,,
0,bench/30gib-4.bin,939,33554432,630.24,,
0,bench/30gib-4.bin,940,33554432,615.57,,
0,bench/30gib-4.bin,941,33554432,545.97,,
0,bench/30gib-4.bin,942,33554432,677.89,,
0,bench/30gib-4.bin,943,33554432,695.69,,
0,bench/30gib-4.bin,944,33554432,792.88,,
0,bench/30gib-4.bin,945,33554432,1071.58,,
0,bench/30gib-4.bin,946,33554432,487.44,,
0,bench/30gib-4.bin,947,33554432,745.77,,
0,bench/30gib-4.bin,948,33554432,514.66,,
0,bench/30gib-4.bin,949,33554432,663.31,,
0,bench/30gib-4.bin,950,33554432,522.87,,
0,bench/30gib-4.bin,951,33554432,600.14,,
0,bench/30gib-4.bin,952,33554432,651.91,,
0,bench/30gib-4.bin,953,33554432,653.28,,
0,bench/30gib-4.bin,954,33554432,608.78,,
0,bench/30gib-4.bin,955,33554432,679.74,,
0,bench/30gib-4.bin,956,33554432,559.71,,
0,bench/30gib-4.bin,957,33554432,558.27,,
0,bench/30gib-4.bin,958,33554432,611.24,,
0,bench/30gib-4.bin,959,33554432,508.54,,
0,bench/30gib-4.bin,960,33554432,370.37,,
0,bench/30gib-5.bin,1,33554432,1389.30,,
0,bench/30gib-5.bin,2,33554432,1131.81,,
0,bench/30gib-5.bin,3,33554432,1357.76,,
0,bench/30gib-5.bin,4,33554432,1249.59,,
0,bench/30gib-5.bin,5,33554432,1418.16,,
0,bench/30gib-5.bin,6,33554432,1332.68,,
0,bench/30gib-5.bin,7,33554432,1154.00,,
0,bench/30gib-5.bin,8,33554432,1073.33,,
0,bench/30gib-5.bin,9,33554432,1278.00,,
0,bench/30gib-5.bin,10,33554432,1168.94,,
0,bench/30gib-5.bin,11,33554432,1182.50,,
0,bench/30gib-5.bin,12,33554432,1532.25,,
0,bench/30gib-5.bin,13,33554432,1464.86,,
0,bench/30gib-5.bin,14,33554432,1353.30,,
0,bench/30gib-5.bin,15,33554432,1427.40,,
0,bench/30gib-5.bin,16,33554432,1949.11,,
0,bench/30gib-5.bin,17,33554432,959.78,,
0,bench/30gib-5.bin,18,33554432,1639.74,,
0,bench/30gib-5.bin,19,33554432,1658.17,,
0,bench/30gib-5.bin,20,33554432,2168.86,,
0,bench/30gib-5.bin,21,33554432,969.74,,
0,bench/30gib-5.bin,22,33554432,908.29,,
0,bench/30gib-5.bin,23,33554432,1769.06,,
0,bench/30gib-5.bin,24,33554432,1122.66,,
0,bench/30gib-5.bin,25,33554432,1257.98,,
0,bench/30gib-5.bin,26,33554432,1286.84,,
0,bench/30gib-5.bin,27,33554432,1166.87,,
0,bench/30gib-5.bin,28,33554432,1397.50,,
0,bench/30gib-5.bin,29,33554432,1329.95,,
0,bench/30gib-5.bin,30,33554432,984.72,,
0,bench/30gib-5.bin,31,33554432,1551.93,,
0,bench/30gib-5.bin,32,33554432,1257.44,,
0,bench/30gib-5.bin,33,33554432,3587.66,,
0,bench/30gib-5.bin,34,33554432,952.40,,
0,bench/30gib-5.bin,35,33554432,1623.55,,
0,bench/30gib-5.bin,36,33554432,962.50,,
0,bench/30gib-5.bin,37,33554432,833.78,,
0,bench/30gib-5.bin,38,33554432,950.99,,
0,bench/30gib-5.bin,39,33554432,1081.37,,
0,bench/30gib-5.bin,40,33554432,960.11,,
0,bench/30gib-5.bin,41,33554432,1096.97,,
0,bench/30gib-5.bin,42,33554432,1234.40,,
0,bench/30gib-5.bin,43,33554432,921.87,,
0,bench/30gib-5.bin,44,33554432,1329.61,,
0,bench/30gib-5.bin,45,33554432,934.25,,
0,bench/30gib-5.bin,46,33554432,1126.28,,
0,bench/30gib-5.bin,47,33554432,900.64,,
0,bench/30gib-5.bin,48,33554432,1060.47,,
0,bench/30gib-5.bin,49,33554432,1259.34,,
0,bench/30gib-5.bin,50,33554432,1201.82,,
0,bench/30gib-5.bin,51,33554432,1361.48,,
0,bench/30gib-5.bin,52,33554432,1048.01,,
0,bench/30gib-5.bin,53,33554432,871.00,,
0,bench/30gib-5.bin,54,33554432,1034.40,,
0,bench/30gib-5.bin,55,33554432,876.39,,
0,bench/30gib-5.bin,56,33554432,1234.77,,
0,bench/30gib-5.bin,57,33554432,1083.27,,
0,bench/30gib-5.bin,58,33554432,924.27,,
0,bench/30gib-5.bin,59,33554432,1136.97,,
0,bench/30gib-5.bin,60,33554432,868.58,,
0,bench/30gib-5.bin,61,33554432,1260.61,,
0,bench/30gib-5.bin,62,33554432,819.80,,
0,bench/30gib-5.bin,63,33554432,1402.39,,
0,bench/30gib-5.bin,64,33554432,875.65,,
0,bench/30gib-5.bin,65,33554432,1069.81,,
0,bench/30gib-5.bin,66,33554432,1182.49,,
0,bench/30gib-5.bin,67,33554432,1202.24,,
0,bench/30gib-5.bin,68,33554432,1305.95,,
0,bench/30gib-5.bin,69,33554432,1385.89,,
0,bench/30gib-5.bin,70,33554432,506.74,,
0,bench/30gib-5.bin,71,33554432,518.63,,
0,bench/30gib-5.bin,72,33554432,555.70,,
0,bench/30gib-5.bin,73,33554432,675.20,,
0,bench/30gib-5.bin,74,33554432,840.84,,
0,bench/30gib-5.bin,75,33554432,543.20,,
0,bench/30gib-5.bin,76,33554432,821.63,,
0,bench/30gib-5.bin,77,33554432,2099.16,,
0,bench/30gib-5.bin,78,33554432,671.60,,
0,bench/30gib-5.bin,79,33554432,857.14,,
0,bench/30gib-5.bin,80,33554432,740.82,,
0,bench/30gib-5.bin,81,33554432,530.36,,
0,bench/30gib-5.bin,82,33554432,725.69,,
0,bench/30gib-5.bin,83,33554432,611.29,,
0,bench/30gib-5.bin,84,33554432,546.42,,
0,bench/30gib-5.bin,85,33554432,493.51,,
0,bench/30gib-5.bin,86,33554432,757.21,,
0,bench/30gib-5.bin,87,33554432,1015.19,,
0,bench/30gib-5.bin,88,33554432,754.00,,
0,bench/30gib-5.bin,89,33554432,833.41,,
0,bench/30gib-5.bin,90,33554432,1045.48,,
0,bench/30gib-5.bin,91,33554432,604.99,,
0,bench/30gib-5.bin,92,33554432,624.87,,
0,bench/30gib-5.bin,93,33554432,474.97,,
0,bench/30gib-5.bin,94,33554432,836.30,,
0,bench/30gib-5.bin,95,33554432,1068.96,,
0,bench/30gib-5.bin,96,33554432,615.42,,
0,bench/30gib-5.bin,97,33554432,860.54,,
0,bench/30gib-5.bin,98,33554432,776.42,,
0,bench/30gib-5.bin,99,33554432,601.83,,
0,bench/30gib-5.bin,100,33554432,840.75,,
0,bench/30gib-5.bin,101,33554432,365.54,,
0,bench/30gib-5.bin,102,33554432,615.19,,
0,bench/30gib-5.bin,103,33554432,1055.80,,
0,bench/30gib-5.bin,104,33554432,475.09,,
0,bench/30gib-5.bin,105,33554432,521.06,,
0,bench/30gib-5.bin,106,33554432,612.63,,
0,bench/30gib-5.bin,107,33554432,1395.36,,
0,bench/30gib-5.bin,108,33554432,602.09,,
0,bench/30gib-5.bin,109,33554432,485.07,,
0,bench/30gib-5.bin,110,33554432,496.46,,
0,bench/30gib-5.bin,111,33554432,942.48,,
0,bench/30gib-5.bin,112,33554432,543.14,,
0,bench/30gib-5.bin,113,33554432,827.53,,
0,bench/30gib-5.bin,114,33554432,978.90,,
0,bench/30gib-5.bin,115,33554432,614.62,,
0,bench/30gib-5.bin,116,33554432,614.03,,
0,bench/30gib-5.bin,117,33554432,723.33,,
0,bench/30gib-5.bin,118,33554432,830.93,,
0,bench/30gib-5.bin,119,33554432,549.56,,
0,bench/30gib-5.bin,120,33554432,987.82,,
0,bench/30gib-5.bin,121,33554432,529.42,,
0,bench/30gib-5.bin,122,33554432,953.48,,
0,bench/30gib-5.bin,123,33554432,540.63,,
0,bench/30gib-5.bin,124,33554432,932.29,,
0,bench/30gib-5.bin,125,33554432,601.49,,
0,bench/30gib-5.bin,126,33554432,541.72,,
0,bench/30gib-5.bin,127,33554432,886.03,,
0,bench/30gib-5.bin,128,33554432,752.50,,
0,bench/30gib-5.bin,129,33554432,430.55,,
0,bench/30gib-5.bin,130,33554432,880.13,,
0,bench/30gib-5.bin,131,33554432,1009.54,,
0,bench/30gib-5.bin,132,33554432,693.84,,
0,bench/30gib-5.bin,133,33554432,1071.45,,
0,bench/30gib-5.bin,134,33554432,580.77,,
0,bench/30gib-5.bin,135,33554432,784.70,,
0,bench/30gib-5.bin,136,33554432,522.72,,
0,bench/30gib-5.bin,137,33554432,551.28,,
0,bench/30gib-5.bin,138,33554432,1602.51,,
0,bench/30gib-5.bin,139,33554432,553.93,,
0,bench/30gib-5.bin,140,33554432,862.68,,
0,bench/30gib-5.bin,141,33554432,638.61,,
0,bench/30gib-5.bin,142,33554432,442.85,,
0,bench/30gib-5.bin,143,33554432,672.75,,
0,bench/30gib-5.bin,144,33554432,754.76,,
0,bench/30gib-5.bin,145,33554432,804.89,,
0,bench/30gib-5.bin,146,33554432,915.82,,
0,bench/30gib-5.bin,147,33554432,605.67,,
0,bench/30gib-5.bin,148,33554432,888.35,,
0,bench/30gib-5.bin,149,33554432,1034.01,,
0,bench/30gib-5.bin,150,33554432,1144.43,,
0,bench/30gib-5.bin,151,33554432,800.11,,
0,bench/30gib-5.bin,152,33554432,705.17,,
0,bench/30gib-5.bin,153,33554432,569.68,,
0,bench/30gib-5.bin,154,33554432,557.09,,
0,bench/30gib-5.bin,155,33554432,583.14,,
0,bench/30gib-5.bin,156,33554432,562.69,,
0,bench/30gib-5.bin,157,33554432,792.23,,
0,bench/30gib-5.bin,158,33554432,613.70,,
0,bench/30gib-5.bin,159,33554432,711.16,,
0,bench/30gib-5.bin,160,33554432,796.57,,
0,bench/30gib-5.bin,161,33554432,752.91,,
0,bench/30gib-5.bin,162,33554432,500.82,,
0,bench/30gib-5.bin,163,33554432,483.57,,
0,bench/30gib-5.bin,164,33554432,761.51,,
0,bench/30gib-5.bin,165,33554432,660.96,,
0,bench/30gib-5.bin,166,33554432,585.26,,
0,bench/30gib-5.bin,167,33554432,545.31,,
0,bench/30gib-5.bin,168,33554432,678.28,,
0,bench/30gib-5.bin,169,33554432,1327.77,,
0,bench/30gib-5.bin,170,33554432,834.52,,
0,bench/30gib-5.bin,171,33554432,1191.25,,
0,bench/30gib-5.bin,172,33554432,503.80,,
0,bench/30gib-5.bin,173,33554432,482.44,,
0,bench/30gib-5.bin,174,33554432,674.46,,
0,bench/30gib-5.bin,175,33554432,428.72,,
0,bench/30gib-5.bin,176,33554432,682.33,,
0,bench/30gib-5.bin,177,33554432,874.91,,
0,bench/30gib-5.bin,178,33554432,717.06,,
0,bench/30gib-5.bin,179,33554432,982.78,,
0,bench/30gib-5.bin,180,33554432,501.36,,
0,bench/30gib-5.bin,181,33554432,506.74,,
0,bench/30gib-5.bin,182,33554432,750.28,,
0,bench/30gib-5.bin,183,33554432,506.13,,
0,bench/30gib-5.bin,184,33554432,640.03,,
0,bench/30gib-5.bin,185,33554432,491.51,,
0,bench/30gib-5.bin,186,33554432,617.02,,
0,bench/30gib-5.bin,187,33554432,557.19,,
0,bench/30gib-5.bin,188,33554432,543.62,,
0,bench/30gib-5.bin,189,33554432,504.90,,
0,bench/30gib-5.bin,190,33554432,552.77,,
0,bench/30gib-5.bin,191,33554432,650.19,,
0,bench/30gib-5.bin,192,33554432,521.21,,
0,bench/30gib-5.bin,193,33554432,823.81,,
0,bench/30gib-5.bin,194,33554432,683.18,,
0,bench/30gib-5.bin,195,33554432,715.51,,
0,bench/30gib-5.bin,196,33554432,897.32,,
0,bench/30gib-5.bin,197,33554432,479.66,,
0,bench/30gib-5.bin,198,33554432,655.49,,
0,bench/30gib-5.bin,199,33554432,913.26,,
0,bench/30gib-5.bin,200,33554432,903.87,,
0,bench/30gib-5.bin,201,33554432,596.79,,
0,bench/30gib-5.bin,202,33554432,571.46,,
0,bench/30gib-5.bin,203,33554432,611.10,,
0,bench/30gib-5.bin,204,33554432,952.47,,
0,bench/30gib-5.bin,205,33554432,581.38,,
0,bench/30gib-5.bin,206,33554432,581.07,,
0,bench/30gib-5.bin,207,33554432,781.23,,
0,bench/30gib-5.bin,208,33554432,776.83,,
0,bench/30gib-5.bin,209,33554432,559.46,,
0,bench/30gib-5.bin,210,33554432,476.96,,
0,bench/30gib-5.bin,211,33554432,752.52,,
0,bench/30gib-5.bin,212,33554432,919.16,,
0,bench/30gib-5.bin,213,33554432,948.45,,
0,bench/30gib-5.bin,214,33554432,449.43,,
0,bench/30gib-5.bin,215,33554432,1054.55,,
0,bench/30gib-5.bin,216,33554432,877.60,,
0,bench/30gib-5.bin,217,33554432,596.03,,
0,bench/30gib-5.bin,218,33554432,1074.76,,
0,bench/30gib-5.bin,219,33554432,557.13,,
0,bench/30gib-5.bin,220,33554432,853.47,,
0,bench/30gib-5.bin,221,33554432,688.42,,
0,bench/30gib-5.bin,222,33554432,627.43,,
0,bench/30gib-5.bin,223,33554432,773.94,,
0,bench/30gib-5.bin,224,33554432,697.43,,
0,bench/30gib-5.bin,225,33554432,489.53,,
0,bench/30gib-5.bin,226,33554432,792.20,,
0,bench/30gib-5.bin,227,33554432,636.71,,
0,bench/30gib-5.bin,228,33554432,736.05,,
0,bench/30gib-5.bin,229,33554432,683.02,,
0,bench/30gib-5.bin,230,33554432,534.22,,
0,bench/30gib-5.bin,231,33554432,738.11,,
0,bench/30gib-5.bin,232,33554432,992.00,,
0,bench/30gib-5.bin,233,33554432,561.82,,
0,bench/30gib-5.bin,234,33554432,630.47,,
0,bench/30gib-5.bin,235,33554432,776.42,,
0,bench/30gib-5.bin,236,33554432,528.16,,
0,bench/30gib-5.bin,237,33554432,1138.61,,
0,bench/30gib-5.bin,238,33554432,635.97,,
0,bench/30gib-5.bin,239,33554432,604.85,,
0,bench/30gib-5.bin,240,33554432,618.63,,
0,bench/30gib-5.bin,241,33554432,511.33,,
0,bench/30gib-5.bin,242,33554432,579.15,,
0,bench/30gib-5.bin,243,33554432,560.52,,
0,bench/30gib-5.bin,244,33554432,593.49,,
0,bench/30gib-5.bin,245,33554432,749.53,,
0,bench/30gib-5.bin,246,33554432,595.81,,
0,bench/30gib-5.bin,247,33554432,735.41,,
0,bench/30gib-5.bin,248,33554432,475.08,,
0,bench/30gib-5.bin,249,33554432,487.23,,
0,bench/30gib-5.bin,250,33554432,559.23,,
0,bench/30gib-5.bin,251,33554432,534.07,,
0,bench/30gib-5.bin,252,33554432,709.34,,
0,bench/30gib-5.bin,253,33554432,486.08,,
0,bench/30gib-5.bin,254,33554432,612.17,,
0,bench/30gib-5.bin,255,33554432,682.33,,
0,bench/30gib-5.bin,256,33554432,704.53,,
0,bench/30gib-5.bin,257,33554432,820.12,,
0,bench/30gib-5.bin,258,33554432,696.82,,
0,bench/30gib-5.bin,259,33554432,577.49,,
0,bench/30gib-5.bin,260,33554432,367.06,,
0,bench/30gib-5.bin,261,33554432,659.06,,
0,bench/30gib-5.bin,262,33554432,547.12,,
0,bench/30gib-5.bin,263,33554432,717.76,,
0,bench/30gib-5.bin,264,33554432,572.45,,
0,bench/30gib-5.bin,265,33554432,496.56,,
0,bench/30gib-5.bin,266,33554432,566.42,,
0,bench/30gib-5.bin,267,33554432,774.57,,
0,bench/30gib-5.bin,268,33554432,1059.60,,
0,bench/30gib-5.bin,269,33554432,868.24,,
0,bench/30gib-5.bin,270,33554432,720.64,,
0,bench/30gib-5.bin,271,33554432,944.33,,
0,bench/30gib-5.bin,272,33554432,567.00,,
0,bench/30gib-5.bin,273,33554432,1066.87,,
0,bench/30gib-5.bin,274,33554432,1153.14,,
0,bench/30gib-5.bin,275,33554432,563.25,,
0,bench/30gib-5.bin,276,33554432,927.33,,
0,bench/30gib-5.bin,277,33554432,689.37,,
0,bench/30gib-5.bin,278,33554432,1179.10,,
0,bench/30gib-5.bin,279,33554432,520.13,,
0,bench/30gib-5.bin,280,33554432,649.86,,
0,bench/30gib-5.bin,281,33554432,796.13,,
0,bench/30gib-5.bin,282,33554432,727.51,,
0,bench/30gib-5.bin,283,33554432,499.23,,
0,bench/30gib-5.bin,284,33554432,546.20,,
0,bench/30gib-5.bin,285,33554432,513.43,,
0,bench/30gib-5.bin,286,33554432,556.99,,
0,bench/30gib-5.bin,287,33554432,580.48,,
0,bench/30gib-5.bin,288,33554432,645.66,,
0,bench/30gib-5.bin,289,33554432,661.59,,
0,bench/30gib-5.bin,290,33554432,393.32,,
0,bench/30gib-5.bin,291,33554432,945.76,,
0,bench/30gib-5.bin,292,33554432,523.71,,
0,bench/30gib-5.bin,293,33554432,506.14,,
0,bench/30gib-5.bin,294,33554432,745.49,,
0,bench/30gib-5.bin,295,33554432,492.67,,
0,bench/30gib-5.bin,296,33554432,945.29,,
0,bench/30gib-5.bin,297,33554432,800.06,,
0,bench/30gib-5.bin,298,33554432,415.42,,
0,bench/30gib-5.bin,299,33554432,883.05,,
0,bench/30gib-5.bin,300,33554432,1432.15,,
0,bench/30gib-5.bin,301,33554432,467.36,,
0,bench/30gib-5.bin,302,33554432,957.14,,
0,bench/30gib-5.bin,303,33554432,872.94,,
0,bench/30gib-5.bin,304,33554432,1495.44,,
0,bench/30gib-5.bin,305,33554432,421.51,,
0,bench/30gib-5.bin,306,33554432,697.24,,
0,bench/30gib-5.bin,307,33554432,665.40,,
0,bench/30gib-5.bin,308,33554432,812.10,,
0,bench/30gib-5.bin,309,33554432,697.28,,
0,bench/30gib-5.bin,310,33554432,599.94,,
0,bench/30gib-5.bin,311,33554432,566.17,,
0,bench/30gib-5.bin,312,33554432,870.92,,
0,bench/30gib-5.bin,313,33554432,538.50,,
0,bench/30gib-5.bin,314,33554432,753.42,,
0,bench/30gib-5.bin,315,33554432,606.50,,
0,bench/30gib-5.bin,316,33554432,797.15,,
0,bench/30gib-5.bin,317,33554432,586.85,,
0,bench/30gib-5.bin,318,33554432,907.03,,
0,bench/30gib-5.bin,319,33554432,518.58,,
0,bench/30gib-5.bin,320,33554432,400.79,,
0,bench/30gib-5.bin,321,33554432,705.29,,
0,bench/30gib-5.bin,322,33554432,486.71,,
0,bench/30gib-5.bin,323,33554432,522.28,,
0,bench/30gib-5.bin,324,33554432,640.44,,
0,bench/30gib-5.bin,325,33554432,598.30,,
0,bench/30gib-5.bin,326,33554432,654.16,,
0,bench/30gib-5.bin,327,33554432,703.16,,
0,bench/30gib-5.bin,328,33554432,541.44,,
0,bench/30gib-5.bin,329,33554432,491.23,,
0,bench/30gib-5.bin,330,33554432,1169.39,,
0,bench/30gib-5.bin,331,33554432,421.61,,
0,bench/30gib-5.bin,332,33554432,1061.22,,
0,bench/30gib-5.bin,333,33554432,893.48,,
0,bench/30gib-5.bin,334,33554432,875.50,,
0,bench/30gib-5.bin,335,33554432,581.69,,
0,bench/30gib-5.bin,336,33554432,950.94,,
0,bench/30gib-5.bin,337,33554432,934.00,,
0,bench/30gib-5.bin,338,33554432,779.57,,
0,bench/30gib-5.bin,339,33554432,610.64,,
0,bench/30gib-5.bin,340,33554432,592.05,,
0,bench/30gib-5.bin,341,33554432,600.09,,
0,bench/30gib-5.bin,342,33554432,593.11,,
0,bench/30gib-5.bin,343,33554432,617.91,,
0,bench/30gib-5.bin,344,33554432,807.96,,
0,bench/30gib-5.bin,345,33554432,547.10,,
0,bench/30gib-5.bin,346,33554432,1172.90,,
0,bench/30gib-5.bin,347,33554432,902.98,,
0,bench/30gib-5.bin,348,33554432,617.93,,
0,bench/30gib-5.bin,349,33554432,531.80,,
0,bench/30gib-5.bin,350,33554432,354.77,,
0,bench/30gib-5.bin,351,33554432,501.20,,
0,bench/30gib-5.bin,352,33554432,566.29,,
0,bench/30gib-5.bin,353,33554432,508.85,,
0,bench/30gib-5.bin,354,33554432,559.99,,
0,bench/30gib-5.bin,355,33554432,692.09,,
0,bench/30gib-5.bin,356,33554432,554.13,,
0,bench/30gib-5.bin,357,33554432,549.63,,
0,bench/30gib-5.bin,358,33554432,473.77,,
0,bench/30gib-5.bin,359,33554432,391.82,,
0,bench/30gib-5.bin,360,33554432,926.84,,
0,bench/30gib-5.bin,361,33554432,543.81,,
0,bench/30gib-5.bin,362,33554432,754.14,,
0,bench/30gib-5.bin,363,33554432,849.77,,
0,bench/30gib-5.bin,364,33554432,779.58,,
0,bench/30gib-5.bin,365,33554432,664.01,,
0,bench/30gib-5.bin,366,33554432,598.25,,
0,bench/30gib-5.bin,367,33554432,658.63,,
0,bench/30gib-5.bin,368,33554432,829.97,,
0,bench/30gib-5.bin,369,33554432,685.18,,
0,bench/30gib-5.bin,370,33554432,1060.20,,
0,bench/30gib-5.bin,371,33554432,636.73,,
0,bench/30gib-5.bin,372,33554432,444.92,,
0,bench/30gib-5.bin,373,33554432,966.35,,
0,bench/30gib-5.bin,374,33554432,468.48,,
0,bench/30gib-5.bin,375,33554432,583.47,,
0,bench/30gib-5.bin,376,33554432,813.23,,
0,bench/30gib-5.bin,377,33554432,596.00,,
0,bench/30gib-5.bin,378,33554432,518.34,,
0,bench/30gib-5.bin,379,33554432,821.47,,
0,bench/30gib-5.bin,380,33554432,984.91,,
0,bench/30gib-5.bin,381,33554432,943.32,,
0,bench/30gib-5.bin,382,33554432,792.29,,
0,bench/30gib-5.bin,383,33554432,1086.89,,
0,bench/30gib-5.bin,384,33554432,782.19,,
0,bench/30gib-5.bin,385,33554432,404.24,,
0,bench/30gib-5.bin,386,33554432,562.30,,
0,bench/30gib-5.bin,387,33554432,611.73,,
0,bench/30gib-5.bin,388,33554432,537.72,,
0,bench/30gib-5.bin,389,33554432,575.71,,
0,bench/30gib-5.bin,390,33554432,678.22,,
0,bench/30gib-5.bin,391,33554432,1071.67,,
0,bench/30gib-5.bin,392,33554432,451.42,,
0,bench/30gib-5.bin,393,33554432,1021.32,,
0,bench/30gib-5.bin,394,33554432,588.37,,
0,bench/30gib-5.bin,395,33554432,914.26,,
0,bench/30gib-5.bin,396,33554432,976.45,,
0,bench/30gib-5.bin,397,33554432,766.59,,
0,bench/30gib-5.bin,398,33554432,537.15,,
0,bench/30gib-5.bin,399,33554432,624.03,,
0,bench/30gib-5.bin,400,33554432,550.68,,
0,bench/30gib-5.bin,401,33554432,502.96,,
0,bench/30gib-5.bin,402,33554432,999.66,,
0,bench/30gib-5.bin,403,33554432,935.20,,
0,bench/30gib-5.bin,404,33554432,493.98,,
0,bench/30gib-5.bin,405,33554432,827.99,,
0,bench/30gib-5.bin,406,33554432,588.97,,
0,bench/30gib-5.bin,407,33554432,508.19,,
0,bench/30gib-5.bin,408,33554432,736.32,,
0,bench/30gib-5.bin,409,33554432,784.07,,
0,bench/30gib-5.bin,410,33554432,497.58,,
0,bench/30gib-5.bin,411,33554432,830.79,,
0,bench/30gib-5.bin,412,33554432,516.85,,
0,bench/30gib-5.bin,413,33554432,832.36,,
0,bench/30gib-5.bin,414,33554432,650.84,,
0,bench/30gib-5.bin,415,33554432,649.78,,
0,bench/30gib-5.bin,416,33554432,840.39,,
0,bench/30gib-5.bin,417,33554432,1012.91,,
0,bench/30gib-5.bin,418,33554432,706.46,,
0,bench/30gib-5.bin,419,33554432,831.40,,
0,bench/30gib-5.bin,420,33554432,707.28,,
0,bench/30gib-5.bin,421,33554432,582.40,,
0,bench/30gib-5.bin,422,33554432,541.37,,
0,bench/30gib-5.bin,423,33554432,962.85,,
0,bench/30gib-5.bin,424,33554432,606.18,,
0,bench/30gib-5.bin,425,33554432,674.93,,
0,bench/30gib-5.bin,426,33554432,555.49,,
0,bench/30gib-5.bin,427,33554432,624.10,,
0,bench/30gib-5.bin,428,33554432,519.00,,
0,bench/30gib-5.bin,429,33554432,620.29,,
0,bench/30gib-5.bin,430,33554432,832.27,,
0,bench/30gib-5.bin,431,33554432,995.64,,
0,bench/30gib-5.bin,432,33554432,555.43,,
0,bench/30gib-5.bin,433,33554432,944.29,,
0,bench/30gib-5.bin,434,33554432,685.76,,
0,bench/30gib-5.bin,435,33554432,549.94,,
0,bench/30gib-5.bin,436,33554432,624.70,,
0,bench/30gib-5.bin,437,33554432,475.34,,
0,bench/30gib-5.bin,438,33554432,673.32,,
0,bench/30gib-5.bin,439,33554432,595.30,,
0,bench/30gib-5.bin,440,33554432,889.16,,
0,bench/30gib-5.bin,441,33554432,773.38,,
0,bench/30gib-5.bin,442,33554432,516.50,,
0,bench/30gib-5.bin,443,33554432,962.88,,
0,bench/30gib-5.bin,444,33554432,494.38,,
0,bench/30gib-5.bin,445,33554432,674.61,,
0,bench/30gib-5.bin,446,33554432,361.08,,
0,bench/30gib-5.bin,447,33554432,558.23,,
0,bench/30gib-5.bin,448,33554432,653.80,,
0,bench/30gib-5.bin,449,33554432,498.17,,
0,bench/30gib-5.bin,450,33554432,625.70,,
0,bench/30gib-5.bin,451,33554432,723.18,,
0,bench/30gib-5.bin,452,33554432,814.39,,
0,bench/30gib-5.bin,453,33554432,710.58,,
0,bench/30gib-5.bin,454,33554432,854.11,,
0,bench/30gib-5.bin,455,33554432,812.09,,
0,bench/30gib-5.bin,456,33554432,561.08,,
0,bench/30gib-5.bin,457,33554432,694.25,,
0,bench/30gib-5.bin,458,33554432,568.66,,
0,bench/30gib-5.bin,459,33554432,524.43,,
0,bench/30gib-5.bin,460,33554432,730.25,,
0,bench/30gib-5.bin,461,33554432,687.23,,
0,bench/30gib-5.bin,462,33554432,480.16,,
0,bench/30gib-5.bin,463,33554432,843.82,,
0,bench/30gib-5.bin,464,33554432,706.91,,
0,bench/30gib-5.bin,465,33554432,823.70,,
0,bench/30gib-5.bin,466,33554432,693.84,,
0,bench/30gib-5.bin,467,33554432,700.58,,
0,bench/30gib-5.bin,468,33554432,539.90,,
0,bench/30gib-5.bin,469,33554432,721.02,,
0,bench/30gib-5.bin,470,33554432,499.28,,
0,bench/30gib-5.bin,471,33554432,994.08,,
0,bench/30gib-5.bin,472,33554432,522.70,,
0,bench/30gib-5.bin,473,33554432,596.68,,
0,bench/30gib-5.bin,474,33554432,893.98,,
0,bench/30gib-5.bin,475,33554432,578.40,,
0,bench/30gib-5.bin,476,33554432,1178.93,,
0,bench/30gib-5.bin,477,33554432,700.98,,
0,bench/30gib-5.bin,478,33554432,816.98,,
0,bench/30gib-5.bin,479,33554432,1203.94,,
0,bench/30gib-5.bin,480,33554432,461.98,,
0,bench/30gib-5.bin,481,33554432,1053.74,,
0,bench/30gib-5.bin,482,33554432,564.31,,
0,bench/30gib-5.bin,483,33554432,920.73,,
0,bench/30gib-5.bin,484,33554432,493.55,,
0,bench/30gib-5.bin,485,33554432,589.59,,
0,bench/30gib-5.bin,486,33554432,623.86,,
0,bench/30gib-5.bin,487,33554432,674.58,,
0,bench/30gib-5.bin,488,33554432,618.38,,
0,bench/30gib-5.bin,489,33554432,684.69,,
0,bench/30gib-5.bin,490,33554432,551.94,,
0,bench/30gib-5.bin,491,33554432,1009.48,,
0,bench/30gib-5.bin,492,33554432,986.21,,
0,bench/30gib-5.bin,493,33554432,933.71,,
0,bench/30gib-5.bin,494,33554432,644.90,,
0,bench/30gib-5.bin,495,33554432,494.17,,
0,bench/30gib-5.bin,496,33554432,1274.05,,
0,bench/30gib-5.bin,497,33554432,523.88,,
0,bench/30gib-5.bin,498,33554432,594.26,,
0,bench/30gib-5.bin,499,33554432,705.55,,
0,bench/30gib-5.bin,500,33554432,558.26,,
0,bench/30gib-5.bin,501,33554432,688.81,,
0,bench/30gib-5.bin,502,33554432,848.04,,
0,bench/30gib-5.bin,503,33554432,772.33,,
0,bench/30gib-5.bin,504,33554432,1089.22,,
0,bench/30gib-5.bin,505,33554432,462.30,,
0,bench/30gib-5.bin,506,33554432,517.31,,
0,bench/30gib-5.bin,507,33554432,416.80,,
0,bench/30gib-5.bin,508,33554432,589.25,,
0,bench/30gib-5.bin,509,33554432,572.63,,
0,bench/30gib-5.bin,510,33554432,522.70,,
0,bench/30gib-5.bin,511,33554432,550.34,,
0,bench/30gib-5.bin,512,33554432,1476.76,,
0,bench/30gib-5.bin,513,33554432,349.73,,
0,bench/30gib-5.bin,514,33554432,521.56,,
0,bench/30gib-5.bin,515,33554432,575.98,,
0,bench/30gib-5.bin,516,33554432,1231.78,,
0,bench/30gib-5.bin,517,33554432,375.53,,
0,bench/30gib-5.bin,518,33554432,652.87,,
0,bench/30gib-5.bin,519,33554432,592.57,,
0,bench/30gib-5.bin,520,33554432,693.80,,
0,bench/30gib-5.bin,521,33554432,661.52,,
0,bench/30gib-5.bin,522,33554432,757.38,,
0,bench/30gib-5.bin,523,33554432,731.39,,
0,bench/30gib-5.bin,524,33554432,545.87,,
0,bench/30gib-5.bin,525,33554432,596.19,,
0,bench/30gib-5.bin,526,33554432,943.34,,
0,bench/30gib-5.bin,527,33554432,569.21,,
0,bench/30gib-5.bin,528,33554432,875.35,,
0,bench/30gib-5.bin,529,33554432,622.49,,
0,bench/30gib-5.bin,530,33554432,532.15,,
0,bench/30gib-5.bin,531,33554432,478.36,,
0,bench/30gib-5.bin,532,33554432,654.05,,
0,bench/30gib-5.bin,533,33554432,1007.56,,
0,bench/30gib-5.bin,534,33554432,1022.80,,
0,bench/30gib-5.bin,535,33554432,686.81,,
0,bench/30gib-5.bin,536,33554432,470.93,,
0,bench/30gib-5.bin,537,33554432,453.94,,
0,bench/30gib-5.bin,538,33554432,429.74,,
0,bench/30gib-5.bin,539,33554432,611.05,,
0,bench/30gib-5.bin,540,33554432,704.04,,
0,bench/30gib-5.bin,541,33554432,1424.15,,
0,bench/30gib-5.bin,542,33554432,1044.09,,
0,bench/30gib-5.bin,543,33554432,522.69,,
0,bench/30gib-5.bin,544,33554432,698.06,,
0,bench/30gib-5.bin,545,33554432,696.61,,
0,bench/30gib-5.bin,546,33554432,566.36,,
0,bench/30gib-5.bin,547,33554432,470.97,,
0,bench/30gib-5.bin,548,33554432,686.36,,
0,bench/30gib-5.bin,549,33554432,464.05,,
0,bench/30gib-5.bin,550,33554432,813.82,,
0,bench/30gib-5.bin,551,33554432,597.23,,
0,bench/30gib-5.bin,552,33554432,656.66,,
0,bench/30gib-5.bin,553,33554432,542.26,,
0,bench/30gib-5.bin,554,33554432,756.28,,
0,bench/30gib-5.bin,555,33554432,602.85,,
0,bench/30gib-5.bin,556,33554432,655.70,,
0,bench/30gib-5.bin,557,33554432,585.47,,
0,bench/30gib-5.bin,558,33554432,519.10,,
0,bench/30gib-5.bin,559,33554432,591.81,,
0,bench/30gib-5.bin,560,33554432,638.39,,
0,bench/30gib-5.bin,561,33554432,624.56,,
0,bench/30gib-5.bin,562,33554432,1072.14,,
0,bench/30gib-5.bin,563,33554432,1051.47,,
0,bench/30gib-5.bin,564,33554432,913.54,,
0,bench/30gib-5.bin,565,33554432,365.74,,
0,bench/30gib-5.bin,566,33554432,732.83,,
0,bench/30gib-5.bin,567,33554432,918.49,,
0,bench/30gib-5.bin,568,33554432,638.22,,
0,bench/30gib-5.bin,569,33554432,632.71,,
0,bench/30gib-5.bin,570,33554432,839.37,,
0,bench/30gib-5.bin,571,33554432,520.51,,
0,bench/30gib-5.bin,572,33554432,655.33,,
0,bench/30gib-5.bin,573,33554432,617.37,,
0,bench/30gib-5.bin,574,33554432,1041.19,,
0,bench/30gib-5.bin,575,33554432,1052.07,,
0,bench/30gib-5.bin,576,33554432,791.09,,
0,bench/30gib-5.bin,577,33554432,494.19,,
0,bench/30gib-5.bin,578,33554432,541.38,,
0,bench/30gib-5.bin,579,33554432,703.28,,
0,bench/30gib-5.bin,580,33554432,809.58,,
0,bench/30gib-5.bin,581,33554432,1237.79,,
0,bench/30gib-5.bin,582,33554432,742.80,,
0,bench/30gib-5.bin,583,33554432,1109.26,,
0,bench/30gib-5.bin,584,33554432,714.08,,
0,bench/30gib-5.bin,585,33554432,713.78,,
0,bench/30gib-5.bin,586,33554432,569.18,,
0,bench/30gib-5.bin,587,33554432,492.62,,
0,bench/30gib-5.bin,588,33554432,924.37,,
0,bench/30gib-5.bin,589,33554432,917.42,,
0,bench/30gib-5.bin,590,33554432,467.51,,
0,bench/30gib-5.bin,591,33554432,799.95,,
0,bench/30gib-5.bin,592,33554432,764.42,,
0,bench/30gib-5.bin,593,33554432,671.44,,
0,bench/30gib-5.bin,594,33554432,701.67,,
0,bench/30gib-5.bin,595,33554432,642.89,,
0,bench/30gib-5.bin,596,33554432,953.50,,
0,bench/30gib-5.bin,597,33554432,621.85,,
0,bench/30gib-5.bin,598,33554432,677.20,,
0,bench/30gib-5.bin,599,33554432,611.71,,
0,bench/30gib-5.bin,600,33554432,743.83,,
0,bench/30gib-5.bin,601,33554432,684.98,,
0,bench/30gib-5.bin,602,33554432,1089.76,,
0,bench/30gib-5.bin,603,33554432,711.96,,
0,bench/30gib-5.bin,604,33554432,659.04,,
0,bench/30gib-5.bin,605,33554432,396.93,,
0,bench/30gib-5.bin,606,33554432,647.82,,
0,bench/30gib-5.bin,607,33554432,723.05,,
0,bench/30gib-5.bin,608,33554432,726.14,,
0,bench/30gib-5.bin,609,33554432,739.95,,
0,bench/30gib-5.bin,610,33554432,889.40,,
0,bench/30gib-5.bin,611,33554432,478.66,,
0,bench/30gib-5.bin,612,33554432,713.14,,
0,bench/30gib-5.bin,613,33554432,594.50,,
0,bench/30gib-5.bin,614,33554432,523.66,,
0,bench/30gib-5.bin,615,33554432,506.90,,
0,bench/30gib-5.bin,616,33554432,652.14,,
0,bench/30gib-5.bin,617,33554432,624.22,,
0,bench/30gib-5.bin,618,33554432,639.09,,
0,bench/30gib-5.bin,619,33554432,672.19,,
0,bench/30gib-5.bin,620,33554432,463.91,,
0,bench/30gib-5.bin,621,33554432,511.81,,
0,bench/30gib-5.bin,622,33554432,1090.91,,
0,bench/30gib-5.bin,623,33554432,798.12,,
0,bench/30gib-5.bin,624,33554432,445.26,,
0,bench/30gib-5.bin,625,33554432,842.62,,
0,bench/30gib-5.bin,626,33554432,691.79,,
0,bench/30gib-5.bin,627,33554432,667.28,,
0,bench/30gib-5.bin,628,33554432,575.13,,
0,bench/30gib-5.bin,629,33554432,1256.37,,
0,bench/30gib-5.bin,630,33554432,939.13,,
0,bench/30gib-5.bin,631,33554432,957.34,,
0,bench/30gib-5.bin,632,33554432,671.11,,
0,bench/30gib-5.bin,633,33554432,585.88,,
0,bench/30gib-5.bin,634,33554432,702.08,,
0,bench/30gib-5.bin,635,33554432,2422.39,,
0,bench/30gib-5.bin,636,33554432,885.18,,
0,bench/30gib-5.bin,637,33554432,608.18,,
0,bench/30gib-5.bin,638,33554432,1366.74,,
0,bench/30gib-5.bin,639,33554432,642.57,,
0,bench/30gib-5.bin,640,33554432,629.50,,
0,bench/30gib-5.bin,641,33554432,699.23,,
0,bench/30gib-5.bin,642,33554432,669.06,,
0,bench/30gib-5.bin,643,33554432,1014.31,,
0,bench/30gib-5.bin,644,33554432,594.56,,
0,bench/30gib-5.bin,645,33554432,1037.10,,
0,bench/30gib-5.bin,646,33554432,807.73,,
0,bench/30gib-5.bin,647,33554432,1000.47,,
0,bench/30gib-5.bin,648,33554432,995.92,,
0,bench/30gib-5.bin,649,33554432,812.92,,
0,bench/30gib-5.bin,650,33554432,810.97,,
0,bench/30gib-5.bin,651,33554432,905.81,,
0,bench/30gib-5.bin,652,33554432,544.53,,
0,bench/30gib-5.bin,653,33554432,559.50,,
0,bench/30gib-5.bin,654,33554432,472.68,,
0,bench/30gib-5.bin,655,33554432,442.44,,
0,bench/30gib-5.bin,656,33554432,792.38,,
0,bench/30gib-5.bin,657,33554432,703.59,,
0,bench/30gib-5.bin,658,33554432,629.25,,
0,bench/30gib-5.bin,659,33554432,1051.58,,
0,bench/30gib-5.bin,660,33554432,1160.75,,
0,bench/30gib-5.bin,661,33554432,883.28,,
0,bench/30gib-5.bin,662,33554432,650.20,,
0,bench/30gib-5.bin,663,33554432,1006.15,,
0,bench/30gib-5.bin,664,33554432,792.93,,
0,bench/30gib-5.bin,665,33554432,690.88,,
0,bench/30gib-5.bin,666,33554432,486.47,,
0,bench/30gib-5.bin,667,33554432,662.71,,
0,bench/30gib-5.bin,668,33554432,1084.55,,
0,bench/30gib-5.bin,669,33554432,543.03,,
0,bench/30gib-5.bin,670,33554432,622.12,,
0,bench/30gib-5.bin,671,33554432,461.30,,
0,bench/30gib-5.bin,672,33554432,729.27,,
0,bench/30gib-5.bin,673,33554432,604.83,,
0,bench/30gib-5.bin,674,33554432,606.36,,
0,bench/30gib-5.bin,675,33554432,822.45,,
0,bench/30gib-5.bin,676,33554432,775.22,,
0,bench/30gib-5.bin,677,33554432,914.50,,
0,bench/30gib-5.bin,678,33554432,469.52,,
0,bench/30gib-5.bin,679,33554432,786.94,,
0,bench/30gib-5.bin,680,33554432,909.67,,
0,bench/30gib-5.bin,681,33554432,637.96,,
0,bench/30gib-5.bin,682,33554432,774.71,,
0,bench/30gib-5.bin,683,33554432,568.44,,
0,bench/30gib-5.bin,684,33554432,1142.08,,
0,bench/30gib-5.bin,685,33554432,647.16,,
0,bench/30gib-5.bin,686,33554432,1140.32,,
0,bench/30gib-5.bin,687,33554432,922.48,,
0,bench/30gib-5.bin,688,33554432,764.83,,
0,bench/30gib-5.bin,689,33554432,516.06,,
0,bench/30gib-5.bin,690,33554432,570.22,,
0,bench/30gib-5.bin,691,33554432,699.57,,
0,bench/30gib-5.bin,692,33554432,591.04,,
0,bench/30gib-5.bin,693,33554432,1276.58,,
0,bench/30gib-5.bin,694,33554432,594.81,,
0,bench/30gib-5.bin,695,33554432,896.20,,
0,bench/30gib-5.bin,696,33554432,602.40,,
0,bench/30gib-5.bin,697,33554432,776.25,,
0,bench/30gib-5.bin,698,33554432,588.00,,
0,bench/30gib-5.bin,699,33554432,651.33,,
0,bench/30gib-5.bin,700,33554432,851.21,,
0,bench/30gib-5.bin,701,33554432,735.56,,
0,bench/30gib-5.bin,702,33554432,667.05,,
0,bench/30gib-5.bin,703,33554432,803.15,,
0,bench/30gib-5.bin,704,33554432,819.97,,
0,bench/30gib-5.bin,705,33554432,891.88,,
0,bench/30gib-5.bin,706,33554432,825.42,,
0,bench/30gib-5.bin,707,33554432,721.92,,
0,bench/30gib-5.bin,708,33554432,709.82,,
0,bench/30gib-5.bin,709,33554432,748.37,,
0,bench/30gib-5.bin,710,33554432,1028.47,,
0,bench/30gib-5.bin,711,33554432,644.19,,
0,bench/30gib-5.bin,712,33554432,691.70,,
0,bench/30gib-5.bin,713,33554432,457.50,,
0,bench/30gib-5.bin,714,33554432,799.54,,
0,bench/30gib-5.bin,715,33554432,455.92,,
0,bench/30gib-5.bin,716,33554432,643.30,,
0,bench/30gib-5.bin,717,33554432,506.52,,
0,bench/30gib-5.bin,718,33554432,1242.28,,
0,bench/30gib-5.bin,719,33554432,480.52,,
0,bench/30gib-5.bin,720,33554432,592.33,,
0,bench/30gib-5.bin,721,33554432,577.01,,
0,bench/30gib-5.bin,722,33554432,642.13,,
0,bench/30gib-5.bin,723,33554432,735.26,,
0,bench/30gib-5.bin,724,33554432,978.18,,
0,bench/30gib-5.bin,725,33554432,980.70,,
0,bench/30gib-5.bin,726,33554432,646.75,,
0,bench/30gib-5.bin,727,33554432,564.53,,
0,bench/30gib-5.bin,728,33554432,689.16,,
0,bench/30gib-5.bin,729,33554432,1064.44,,
0,bench/30gib-5.bin,730,33554432,657.00,,
0,bench/30gib-5.bin,731,33554432,761.58,,
0,bench/30gib-5.bin,732,33554432,709.12,,
0,bench/30gib-5.bin,733,33554432,617.67,,
0,bench/30gib-5.bin,734,33554432,568.26,,
0,bench/30gib-5.bin,735,33554432,585.32,,
0,bench/30gib-5.bin,736,33554432,1212.15,,
0,bench/30gib-5.bin,737,33554432,726.27,,
0,bench/30gib-5.bin,738,33554432,577.25,,
0,bench/30gib-5.bin,739,33554432,895.30,,
0,bench/30gib-5.bin,740,33554432,428.02,,
0,bench/30gib-5.bin,741,33554432,687.58,,
0,bench/30gib-5.bin,742,33554432,649.01,,
0,bench/30gib-5.bin,743,33554432,1133.43,,
0,bench/30gib-5.bin,744,33554432,1068.13,,
0,bench/30gib-5.bin,745,33554432,401.33,,
0,bench/30gib-5.bin,746,33554432,1179.36,,
0,bench/30gib-5.bin,747,33554432,779.71,,
0,bench/30gib-5.bin,748,33554432,613.76,,
0,bench/30gib-5.bin,749,33554432,665.62,,
0,bench/30gib-5.bin,750,33554432,769.93,,
0,bench/30gib-5.bin,751,33554432,853.31,,
0,bench/30gib-5.bin,752,33554432,792.28,,
0,bench/30gib-5.bin,753,33554432,732.76,,
0,bench/30gib-5.bin,754,33554432,519.76,,
0,bench/30gib-5.bin,755,33554432,717.35,,
0,bench/30gib-5.bin,756,33554432,657.39,,
0,bench/30gib-5.bin,757,33554432,634.83,,
0,bench/30gib-5.bin,758,33554432,616.48,,
0,bench/30gib-5.bin,759,33554432,647.44,,
0,bench/30gib-5.bin,760,33554432,670.72,,
0,bench/30gib-5.bin,761,33554432,448.74,,
0,bench/30gib-5.bin,762,33554432,406.24,,
0,bench/30gib-5.bin,763,33554432,888.72,,
0,bench/30gib-5.bin,764,33554432,576.74,,
0,bench/30gib-5.bin,765,33554432,965.78,,
0,bench/30gib-5.bin,766,33554432,608.44,,
0,bench/30gib-5.bin,767,33554432,405.20,,
0,bench/30gib-5.bin,768,33554432,729.90,,
0,bench/30gib-5.bin,769,33554432,658.84,,
0,bench/30gib-5.bin,770,33554432,514.51,,
0,bench/30gib-5.bin,771,33554432,481.08,,
0,bench/30gib-5.bin,772,33554432,428.18,,
0,bench/30gib-5.bin,773,33554432,1004.87,,
0,bench/30gib-5.bin,774,33554432,947.26,,
0,bench/30gib-5.bin,775,33554432,1010.12,,
0,bench/30gib-5.bin,776,33554432,847.98,,
0,bench/30gib-5.bin,777,33554432,866.71,,
0,bench/30gib-5.bin,778,33554432,653.90,,
0,bench/30gib-5.bin,779,33554432,593.30,,
0,bench/30gib-5.bin,780,33554432,632.29,,
0,bench/30gib-5.bin,781,33554432,1185.00,,
0,bench/30gib-5.bin,782,33554432,837.05,,
0,bench/30gib-5.bin,783,33554432,975.57,,
0,bench/30gib-5.bin,784,33554432,795.05,,
0,bench/30gib-5.bin,785,33554432,417.99,,
0,bench/30gib-5.bin,786,33554432,647.81,,
0,bench/30gib-5.bin,787,33554432,1636.95,,
0,bench/30gib-5.bin,788,33554432,443.38,,
0,bench/30gib-5.bin,789,33554432,1029.54,,
0,bench/30gib-5.bin,790,33554432,1032.32,,
0,bench/30gib-5.bin,791,33554432,514.68,,
0,bench/30gib-5.bin,792,33554432,825.65,,
0,bench/30gib-5.bin,793,33554432,596.91,,
0,bench/30gib-5.bin,794,33554432,846.46,,
0,bench/30gib-5.bin,795,33554432,977.42,,
0,bench/30gib-5.bin,796,33554432,681.07,,
0,bench/30gib-5.bin,797,33554432,672.07,,
0,bench/30gib-5.bin,798,33554432,767.13,,
0,bench/30gib-5.bin,799,33554432,694.44,,
0,bench/30gib-5.bin,800,33554432,760.25,,
0,bench/30gib-5.bin,801,33554432,573.61,,
0,bench/30gib-5.bin,802,33554432,658.44,,
0,bench/30gib-5.bin,803,33554432,977.75,,
0,bench/30gib-5.bin,804,33554432,949.78,,
0,bench/30gib-5.bin,805,33554432,761.56,,
0,bench/30gib-5.bin,806,33554432,389.37,,
0,bench/30gib-5.bin,807,33554432,571.53,,
0,bench/30gib-5.bin,808,33554432,939.03,,
0,bench/30gib-5.bin,809,33554432,878.23,,
0,bench/30gib-5.bin,810,33554432,501.15,,
0,bench/30gib-5.bin,811,33554432,1015.05,,
0,bench/30gib-5.bin,812,33554432,885.15,,
0,bench/30gib-5.bin,813,33554432,486.33,,
0,bench/30gib-5.bin,814,33554432,699.31,,
0,bench/30gib-5.bin,815,33554432,418.82,,
0,bench/30gib-5.bin,816,33554432,690.01,,
0,bench/30gib-5.bin,817,33554432,1213.20,,
0,bench/30gib-5.bin,818,33554432,598.61,,
0,bench/30gib-5.bin,819,33554432,515.33,,
0,bench/30gib-5.bin,820,33554432,631.22,,
0,bench/30gib-5.bin,821,33554432,928.76,,
0,bench/30gib-5.bin,822,33554432,973.69,,
0,bench/30gib-5.bin,823,33554432,863.94,,
0,bench/30gib-5.bin,824,33554432,1083.26,,
0,bench/30gib-5.bin,825,33554432,1176.35,,
0,bench/30gib-5.bin,826,33554432,591.15,,
0,bench/30gib-5.bin,827,33554432,619.18,,
0,bench/30gib-5.bin,828,33554432,626.92,,
0,bench/30gib-5.bin,829,33554432,649.44,,
0,bench/30gib-5.bin,830,33554432,562.77,,
0,bench/30gib-5.bin,831,33554432,722.04,,
0,bench/30gib-5.bin,832,33554432,996.02,,
0,bench/30gib-5.bin,833,33554432,531.33,,
0,bench/30gib-5.bin,834,33554432,789.66,,
0,bench/30gib-5.bin,835,33554432,906.74,,
0,bench/30gib-5.bin,836,33554432,740.01,,
0,bench/30gib-5.bin,837,33554432,438.78,,
0,bench/30gib-5.bin,838,33554432,990.61,,
0,bench/30gib-5.bin,839,33554432,1004.64,,
0,bench/30gib-5.bin,840,33554432,468.77,,
0,bench/30gib-5.bin,841,33554432,936.66,,
0,bench/30gib-5.bin,842,33554432,803.93,,
0,bench/30gib-5.bin,843,33554432,484.31,,
0,bench/30gib-5.bin,844,33554432,1188.58,,
0,bench/30gib-5.bin,845,33554432,1252.33,,
0,bench/30gib-5.bin,846,33554432,711.10,,
0,bench/30gib-5.bin,847,33554432,934.65,,
0,bench/30gib-5.bin,848,33554432,623.64,,
0,bench/30gib-5.bin,849,33554432,830.24,,
0,bench/30gib-5.bin,850,33554432,434.76,,
0,bench/30gib-5.bin,851,33554432,749.58,,
0,bench/30gib-5.bin,852,33554432,492.39,,
0,bench/30gib-5.bin,853,33554432,968.15,,
0,bench/30gib-5.bin,854,33554432,710.69,,
0,bench/30gib-5.bin,855,33554432,740.98,,
0,bench/30gib-5.bin,856,33554432,693.79,,
0,bench/30gib-5.bin,857,33554432,546.64,,
0,bench/30gib-5.bin,858,33554432,557.66,,
0,bench/30gib-5.bin,859,33554432,735.75,,
0,bench/30gib-5.bin,860,33554432,1108.17,,
0,bench/30gib-5.bin,861,33554432,757.37,,
0,bench/30gib-5.bin,862,33554432,583.45,,
0,bench/30gib-5.bin,863,33554432,1543.56,,
0,bench/30gib-5.bin,864,33554432,543.48,,
0,bench/30gib-5.bin,865,33554432,818.06,,
0,bench/30gib-5.bin,866,33554432,749.46,,
0,bench/30gib-5.bin,867,33554432,843.98,,
0,bench/30gib-5.bin,868,33554432,871.02,,
0,bench/30gib-5.bin,869,33554432,967.64,,
0,bench/30gib-5.bin,870,33554432,703.99,,
0,bench/30gib-5.bin,871,33554432,925.93,,
0,bench/30gib-5.bin,872,33554432,808.33,,
0,bench/30gib-5.bin,873,33554432,518.61,,
0,bench/30gib-5.bin,874,33554432,612.68,,
0,bench/30gib-5.bin,875,33554432,829.07,,
0,bench/30gib-5.bin,876,33554432,549.13,,
0,bench/30gib-5.bin,877,33554432,749.36,,
0,bench/30gib-5.bin,878,33554432,587.83,,
0,bench/30gib-5.bin,879,33554432,601.94,,
0,bench/30gib-5.bin,880,33554432,900.85,,
0,bench/30gib-5.bin,881,33554432,632.61,,
0,bench/30gib-5.bin,882,33554432,1036.49,,
0,bench/30gib-5.bin,883,33554432,967.73,,
0,bench/30gib-5.bin,884,33554432,607.42,,
0,bench/30gib-5.bin,885,33554432,1013.87,,
0,bench/30gib-5.bin,886,33554432,987.75,,
0,bench/30gib-5.bin,887,33554432,846.60,,
0,bench/30gib-5.bin,888,33554432,708.06,,
0,bench/30gib-5.bin,889,33554432,566.29,,
0,bench/30gib-5.bin,890,33554432,495.06,,
0,bench/30gib-5.bin,891,33554432,537.81,,
0,bench/30gib-5.bin,892,33554432,691.82,,
0,bench/30gib-5.bin,893,33554432,417.55,,
0,bench/30gib-5.bin,894,33554432,931.47,,
0,bench/30gib-5.bin,895,33554432,768.55,,
0,bench/30gib-5.bin,896,33554432,628.08,,
0,bench/30gib-5.bin,897,33554432,718.65,,
0,bench/30gib-5.bin,898,33554432,683.25,,
0,bench/30gib-5.bin,899,33554432,614.52,,
0,bench/30gib-5.bin,900,33554432,980.27,,
0,bench/30gib-5.bin,901,33554432,635.84,,
0,bench/30gib-5.bin,902,33554432,394.17,,
0,bench/30gib-5.bin,903,33554432,571.14,,
0,bench/30gib-5.bin,904,33554432,862.46,,
0,bench/30gib-5.bin,905,33554432,650.51,,
0,bench/30gib-5.bin,906,33554432,1039.64,,
0,bench/30gib-5.bin,907,33554432,634.59,,
0,bench/30gib-5.bin,908,33554432,597.89,,
0,bench/30gib-5.bin,909,33554432,599.05,,
0,bench/30gib-5.bin,910,33554432,562.56,,
0,bench/30gib-5.bin,911,33554432,647.35,,
0,bench/30gib-5.bin,912,33554432,881.50,,
0,bench/30gib-5.bin,913,33554432,813.39,,
0,bench/30gib-5.bin,914,33554432,1029.69,,
0,bench/30gib-5.bin,915,33554432,567.54,,
0,bench/30gib-5.bin,916,33554432,808.09,,
0,bench/30gib-5.bin,917,33554432,599.34,,
0,bench/30gib-5.bin,918,33554432,680.63,,
0,bench/30gib-5.bin,919,33554432,917.00,,
0,bench/30gib-5.bin,920,33554432,699.81,,
0,bench/30gib-5.bin,921,33554432,1059.46,,
0,bench/30gib-5.bin,922,33554432,727.94,,
0,bench/30gib-5.bin,923,33554432,543.97,,
0,bench/30gib-5.bin,924,33554432,668.15,,
0,bench/30gib-5.bin,925,33554432,913.87,,
0,bench/30gib-5.bin,926,33554432,729.16,,
0,bench/30gib-5.bin,927,33554432,414.79,,
0,bench/30gib-5.bin,928,33554432,529.84,,
0,bench/30gib-5.bin,929,33554432,1273.12,,
0,bench/30gib-5.bin,930,33554432,544.51,,
0,bench/30gib-5.bin,931,33554432,618.52,,
0,bench/30gib-5.bin,932,33554432,762.02,,
0,bench/30gib-5.bin,933,33554432,590.21,,
0,bench/30gib-5.bin,934,33554432,690.20,,
0,bench/30gib-5.bin,935,33554432,687.34,,
0,bench/30gib-5.bin,936,33554432,494.67,,
0,bench/30gib-5.bin,937,33554432,752.24,,
0,bench/30gib-5.bin,938,33554432,1009.35,,
0,bench/30gib-5.bin,939,33554432,837.13,,
0,bench/30gib-5.bin,940,33554432,676.96,,
0,bench/30gib-5.bin,941,33554432,695.60,,
0,bench/30gib-5.bin,942,33554432,597.29,,
0,bench/30gib-5.bin,943,33554432,842.91,,
0,bench/30gib-5.bin,944,33554432,601.31,,
0,bench/30gib-5.bin,945,33554432,542.97,,
0,bench/30gib-5.bin,946,33554432,541.70,,
0,bench/30gib-5.bin,947,33554432,650.72,,
0,bench/30gib-5.bin,948,33554432,771.81,,
0,bench/30gib-5.bin,949,33554432,585.56,,
0,bench/30gib-5.bin,950,33554432,444.57,,
0,bench/30gib-5.bin,951,33554432,491.33,,
0,bench/30gib-5.bin,952,33554432,641.09,,
0,bench/30gib-5.bin,953,33554432,475.18,,
0,bench/30gib-5.bin,954,33554432,557.33,,
0,bench/30gib-5.bin,955,33554432,357.64,,
0,bench/30gib-5.bin,956,33554432,411.24,,
0,bench/30gib-5.bin,957,33554432,465.63,,
0,bench/30gib-5.bin,958,33554432,510.79,,
0,bench/30gib-5.bin,959,33554432,576.04,,
0,bench/30gib-5.bin,960,33554432,549.51,,
0,bench/30gib-6.bin,1,33554432,1367.55,,
0,bench/30gib-6.bin,2,33554432,1005.65,,
0,bench/30gib-6.bin,3,33554432,1368.45,,
0,bench/30gib-6.bin,4,33554432,1119.00,,
0,bench/30gib-6.bin,5,33554432,1836.45,,
0,bench/30gib-6.bin,6,33554432,1333.92,,
0,bench/30gib-6.bin,7,33554432,1291.13,,
0,bench/30gib-6.bin,8,33554432,1296.65,,
0,bench/30gib-6.bin,9,33554432,2035.86,,
0,bench/30gib-6.bin,10,33554432,1177.28,,
0,bench/30gib-6.bin,11,33554432,907.06,,
0,bench/30gib-6.bin,12,33554432,963.22,,
0,bench/30gib-6.bin,13,33554432,1740.96,,
0,bench/30gib-6.bin,14,33554432,1095.28,,
0,bench/30gib-6.bin,15,33554432,1447.77,,
0,bench/30gib-6.bin,16,33554432,1214.43,,
0,bench/30gib-6.bin,17,33554432,1063.83,,
0,bench/30gib-6.bin,18,33554432,1470.28,,
0,bench/30gib-6.bin,19,33554432,1000.36,,
0,bench/30gib-6.bin,20,33554432,2129.30,,
0,bench/30gib-6.bin,21,33554432,1199.38,,
0,bench/30gib-6.bin,22,33554432,1627.76,,
0,bench/30gib-6.bin,23,33554432,1146.83,,
0,bench/30gib-6.bin,24,33554432,1220.36,,
0,bench/30gib-6.bin,25,33554432,2127.92,,
0,bench/30gib-6.bin,26,33554432,1339.18,,
0,bench/30gib-6.bin,27,33554432,922.25,,
0,bench/30gib-6.bin,28,33554432,1159.12,,
0,bench/30gib-6.bin,29,33554432,1420.59,,
0,bench/30gib-6.bin,30,33554432,1278.73,,
0,bench/30gib-6.bin,31,33554432,1345.56,,
0,bench/30gib-6.bin,32,33554432,1196.16,,
0,bench/30gib-6.bin,33,33554432,1422.56,,
0,bench/30gib-6.bin,34,33554432,1272.96,,
0,bench/30gib-6.bin,35,33554432,720.76,,
0,bench/30gib-6.bin,36,33554432,1541.42,,
0,bench/30gib-6.bin,37,33554432,1505.94,,
0,bench/30gib-6.bin,38,33554432,904.48,,
0,bench/30gib-6.bin,39,33554432,1324.88,,
0,bench/30gib-6.bin,40,33554432,1479.59,,
0,bench/30gib-6.bin,41,33554432,1156.27,,
0,bench/30gib-6.bin,42,33554432,1178.56,,
0,bench/30gib-6.bin,43,33554432,689.34,,
0,bench/30gib-6.bin,44,33554432,1131.59,,
0,bench/30gib-6.bin,45,33554432,1187.09,,
0,bench/30gib-6.bin,46,33554432,1002.82,,
0,bench/30gib-6.bin,47,33554432,856.03,,
0,bench/30gib-6.bin,48,33554432,1199.24,,
0,bench/30gib-6.bin,49,33554432,1004.74,,
0,bench/30gib-6.bin,50,33554432,1286.05,,
0,bench/30gib-6.bin,51,33554432,1191.03,,
0,bench/30gib-6.bin,52,33554432,991.32,,
0,bench/30gib-6.bin,53,33554432,1227.89,,
0,bench/30gib-6.bin,54,33554432,944.84,,
0,bench/30gib-6.bin,55,33554432,829.38,,
0,bench/30gib-6.bin,56,33554432,1072.07,,
0,bench/30gib-6.bin,57,33554432,821.79,,
0,bench/30gib-6.bin,58,33554432,1056.80,,
0,bench/30gib-6.bin,59,33554432,1086.29,,
0,bench/30gib-6.bin,60,33554432,1430.18,,
0,bench/30gib-6.bin,61,33554432,1101.37,,
0,bench/30gib-6.bin,62,33554432,926.67,,
0,bench/30gib-6.bin,63,33554432,1026.23,,
0,bench/30gib-6.bin,64,33554432,2668.39,,
0,bench/30gib-6.bin,65,33554432,1155.38,,
0,bench/30gib-6.bin,66,33554432,804.35,,
0,bench/30gib-6.bin,67,33554432,848.74,,
0,bench/30gib-6.bin,68,33554432,1040.68,,
0,bench/30gib-6.bin,69,33554432,1663.71,,
0,bench/30gib-6.bin,70,33554432,684.30,,
0,bench/30gib-6.bin,71,33554432,2258.10,,
0,bench/30gib-6.bin,72,33554432,564.17,,
0,bench/30gib-6.bin,73,33554432,889.78,,
0,bench/30gib-6.bin,74,33554432,513.82,,
0,bench/30gib-6.bin,75,33554432,846.62,,
0,bench/30gib-6.bin,76,33554432,626.47,,
0,bench/30gib-6.bin,77,33554432,1364.34,,
0,bench/30gib-6.bin,78,33554432,649.72,,
0,bench/30gib-6.bin,79,33554432,815.98,,
0,bench/30gib-6.bin,80,33554432,521.60,,
0,bench/30gib-6.bin,81,33554432,918.11,,
0,bench/30gib-6.bin,82,33554432,1138.66,,
0,bench/30gib-6.bin,83,33554432,582.63,,
0,bench/30gib-6.bin,84,33554432,557.04,,
0,bench/30gib-6.bin,85,33554432,791.78,,
0,bench/30gib-6.bin,86,33554432,672.20,,
0,bench/30gib-6.bin,87,33554432,773.21,,
0,bench/30gib-6.bin,88,33554432,606.10,,
0,bench/30gib-6.bin,89,33554432,643.07,,
0,bench/30gib-6.bin,90,33554432,954.24,,
0,bench/30gib-6.bin,91,33554432,831.18,,
0,bench/30gib-6.bin,92,33554432,1043.92,,
0,bench/30gib-6.bin,93,33554432,1023.58,,
0,bench/30gib-6.bin,94,33554432,572.51,,
0,bench/30gib-6.bin,95,33554432,701.29,,
0,bench/30gib-6.bin,96,33554432,1118.44,,
0,bench/30gib-6.bin,97,33554432,1127.20,,
0,bench/30gib-6.bin,98,33554432,1027.99,,
0,bench/30gib-6.bin,99,33554432,421.18,,
0,bench/30gib-6.bin,100,33554432,447.12,,
0,bench/30gib-6.bin,101,33554432,857.55,,
0,bench/30gib-6.bin,102,33554432,694.00,,
0,bench/30gib-6.bin,103,33554432,1009.44,,
0,bench/30gib-6.bin,104,33554432,514.55,,
0,bench/30gib-6.bin,105,33554432,795.21,,
0,bench/30gib-6.bin,106,33554432,631.11,,
0,bench/30gib-6.bin,107,33554432,629.65,,
0,bench/30gib-6.bin,108,33554432,627.29,,
0,bench/30gib-6.bin,109,33554432,799.74,,
0,bench/30gib-6.bin,110,33554432,576.70,,
0,bench/30gib-6.bin,111,33554432,1610.74,,
0,bench/30gib-6.bin,112,33554432,691.67,,
0,bench/30gib-6.bin,113,33554432,1789.83,,
0,bench/30gib-6.bin,114,33554432,556.58,,
0,bench/30gib-6.bin,115,33554432,1781.57,,
0,bench/30gib-6.bin,116,33554432,610.45,,
0,bench/30gib-6.bin,117,33554432,1101.03,,
0,bench/30gib-6.bin,118,33554432,514.81,,
0,bench/30gib-6.bin,119,33554432,605.14,,
0,bench/30gib-6.bin,120,33554432,537.45,,
0,bench/30gib-6.bin,121,33554432,552.48,,
0,bench/30gib-6.bin,122,33554432,611.90,,
0,bench/30gib-6.bin,123,33554432,731.18,,
0,bench/30gib-6.bin,124,33554432,944.04,,
0,bench/30gib-6.bin,125,33554432,990.29,,
0,bench/30gib-6.bin,126,33554432,616.96,,
0,bench/30gib-6.bin,127,33554432,712.23,,
0,bench/30gib-6.bin,128,33554432,841.21,,
0,bench/30gib-6.bin,129,33554432,961.53,,
0,bench/30gib-6.bin,130,33554432,794.51,,
0,bench/30gib-6.bin,131,33554432,1110.37,,
0,bench/30gib-6.bin,132,33554432,723.27,,
0,bench/30gib-6.bin,133,33554432,1067.70,,
0,bench/30gib-6.bin,134,33554432,963.02,,
0,bench/30gib-6.bin,135,33554432,1102.18,,
0,bench/30gib-6.bin,136,33554432,780.76,,
0,bench/30gib-6.bin,137,33554432,724.69,,
0,bench/30gib-6.bin,138,33554432,1117.82,,
0,bench/30gib-6.bin,139,33554432,715.07,,
0,bench/30gib-6.bin,140,33554432,513.46,,
0,bench/30gib-6.bin,141,33554432,740.71,,
0,bench/30gib-6.bin,142,33554432,879.82,,
0,bench/30gib-6.bin,143,33554432,1323.13,,
0,bench/30gib-6.bin,144,33554432,688.46,,
0,bench/30gib-6.bin,145,33554432,912.67,,
0,bench/30gib-6.bin,146,33554432,754.65,,
0,bench/30gib-6.bin,147,33554432,650.88,,
0,bench/30gib-6.bin,148,33554432,594.46,,
0,bench/30gib-6.bin,149,33554432,836.03,,
0,bench/30gib-6.bin,150,33554432,691.03,,
0,bench/30gib-6.bin,151,33554432,782.45,,
0,bench/30gib-6.bin,152,33554432,663.50,,
0,bench/30gib-6.bin,153,33554432,812.57,,
0,bench/30gib-6.bin,154,33554432,958.08,,
0,bench/30gib-6.bin,155,33554432,657.90,,
0,bench/30gib-6.bin,156,33554432,908.50,,
0,bench/30gib-6.bin,157,33554432,564.39,,
0,bench/30gib-6.bin,158,33554432,746.42,,
0,bench/30gib-6.bin,159,33554432,795.78,,
0,bench/30gib-6.bin,160,33554432,511.51,,
0,bench/30gib-6.bin,161,33554432,473.86,,
0,bench/30gib-6.bin,162,33554432,474.60,,
0,bench/30gib-6.bin,163,33554432,643.41,,
0,bench/30gib-6.bin,164,33554432,689.40,,
0,bench/30gib-6.bin,165,33554432,527.29,,
0,bench/30gib-6.bin,166,33554432,453.89,,
0,bench/30gib-6.bin,167,33554432,482.02,,
0,bench/30gib-6.bin,168,33554432,1118.78,,
0,bench/30gib-6.bin,169,33554432,486.84,,
0,bench/30gib-6.bin,170,33554432,948.54,,
0,bench/30gib-6.bin,171,33554432,698.01,,
0,bench/30gib-6.bin,172,33554432,1304.37,,
0,bench/30gib-6.bin,173,33554432,670.17,,
0,bench/30gib-6.bin,174,33554432,918.42,,
0,bench/30gib-6.bin,175,33554432,586.01,,
0,bench/30gib-6.bin,176,33554432,433.85,,
0,bench/30gib-6.bin,177,33554432,628.39,,
0,bench/30gib-6.bin,178,33554432,612.25,,
0,bench/30gib-6.bin,179,33554432,776.61,,
0,bench/30gib-6.bin,180,33554432,687.93,,
0,bench/30gib-6.bin,181,33554432,510.69,,
0,bench/30gib-6.bin,182,33554432,375.38,,
0,bench/30gib-6.bin,183,33554432,700.29,,
0,bench/30gib-6.bin,184,33554432,617.92,,
0,bench/30gib-6.bin,185,33554432,701.66,,
0,bench/30gib-6.bin,186,33554432,1059.47,,
0,bench/30gib-6.bin,187,33554432,364.41,,
0,bench/30gib-6.bin,188,33554432,526.31,,
0,bench/30gib-6.bin,189,33554432,586.16,,
0,bench/30gib-6.bin,190,33554432,525.11,,
0,bench/30gib-6.bin,191,33554432,879.65,,
0,bench/30gib-6.bin,192,33554432,822.13,,
0,bench/30gib-6.bin,193,33554432,759.91,,
0,bench/30gib-6.bin,194,33554432,676.30,,
0,bench/30gib-6.bin,195,33554432,512.08,,
0,bench/30gib-6.bin,196,33554432,594.26,,
0,bench/30gib-6.bin,197,33554432,574.06,,
0,bench/30gib-6.bin,198,33554432,619.33,,
0,bench/30gib-6.bin,199,33554432,863.82,,
0,bench/30gib-6.bin,200,33554432,861.67,,
0,bench/30gib-6.bin,201,33554432,705.68,,
0,bench/30gib-6.bin,202,33554432,568.37,,
0,bench/30gib-6.bin,203,33554432,542.55,,
0,bench/30gib-6.bin,204,33554432,499.42,,
0,bench/30gib-6.bin,205,33554432,1526.49,,
0,bench/30gib-6.bin,206,33554432,485.81,,
0,bench/30gib-6.bin,207,33554432,946.40,,
0,bench/30gib-6.bin,208,33554432,507.03,,
0,bench/30gib-6.bin,209,33554432,681.06,,
0,bench/30gib-6.bin,210,33554432,696.56,,
0,bench/30gib-6.bin,211,33554432,512.24,,
0,bench/30gib-6.bin,212,33554432,702.59,,
0,bench/30gib-6.bin,213,33554432,417.24,,
0,bench/30gib-6.bin,214,33554432,803.08,,
0,bench/30gib-6.bin,215,33554432,482.31,,
0,bench/30gib-6.bin,216,33554432,548.28,,
0,bench/30gib-6.bin,217,33554432,512.29,,
0,bench/30gib-6.bin,218,33554432,647.55,,
0,bench/30gib-6.bin,219,33554432,815.80,,
0,bench/30gib-6.bin,220,33554432,793.89,,
0,bench/30gib-6.bin,221,33554432,486.49,,
0,bench/30gib-6.bin,222,33554432,562.52,,
0,bench/30gib-6.bin,223,33554432,596.16,,
0,bench/30gib-6.bin,224,33554432,959.93,,
0,bench/30gib-6.bin,225,33554432,728.59,,
0,bench/30gib-6.bin,226,33554432,559.36,,
0,bench/30gib-6.bin,227,33554432,604.50,,
0,bench/30gib-6.bin,228,33554432,563.27,,
0,bench/30gib-6.bin,229,33554432,719.73,,
0,bench/30gib-6.bin,230,33554432,452.66,,
0,bench/30gib-6.bin,231,33554432,872.51,,
0,bench/30gib-6.bin,232,33554432,905.70,,
0,bench/30gib-6.bin,233,33554432,972.81,,
0,bench/30gib-6.bin,234,33554432,979.31,,
0,bench/30gib-6.bin,235,33554432,1281.57,,
0,bench/30gib-6.bin,236,33554432,524.68,,
0,bench/30gib-6.bin,237,33554432,580.48,,
0,bench/30gib-6.bin,238,33554432,751.91,,
0,bench/30gib-6.bin,239,33554432,922.69,,
0,bench/30gib-6.bin,240,33554432,1028.53,,
0,bench/30gib-6.bin,241,33554432,832.18,,
0,bench/30gib-6.bin,242,33554432,602.64,,
0,bench/30gib-6.bin,243,33554432,711.51,,
0,bench/30gib-6.bin,244,33554432,551.63,,
0,bench/30gib-6.bin,245,33554432,670.34,,
0,bench/30gib-6.bin,246,33554432,813.79,,
0,bench/30gib-6.bin,247,33554432,844.23,,
0,bench/30gib-6.bin,248,33554432,443.57,,
0,bench/30gib-6.bin,249,33554432,652.76,,
0,bench/30gib-6.bin,250,33554432,657.54,,
0,bench/30gib-6.bin,251,33554432,605.98,,
0,bench/30gib-6.bin,252,33554432,746.91,,
0,bench/30gib-6.bin,253,33554432,848.26,,
0,bench/30gib-6.bin,254,33554432,606.90,,
0,bench/30gib-6.bin,255,33554432,712.90,,
0,bench/30gib-6.bin,256,33554432,699.36,,
0,bench/30gib-6.bin,257,33554432,586.96,,
0,bench/30gib-6.bin,258,33554432,411.29,,
0,bench/30gib-6.bin,259,33554432,556.94,,
0,bench/30gib-6.bin,260,33554432,544.52,,
0,bench/30gib-6.bin,261,33554432,941.40,,
0,bench/30gib-6.bin,262,33554432,531.87,,
0,bench/30gib-6.bin,263,33554432,538.82,,
0,bench/30gib-6.bin,264,33554432,819.25,,
0,bench/30gib-6.bin,265,33554432,651.05,,
0,bench/30gib-6.bin,266,33554432,730.48,,
0,bench/30gib-6.bin,267,33554432,853.36,,
0,bench/30gib-6.bin,268,33554432,521.15,,
0,bench/30gib-6.bin,269,33554432,474.84,,
0,bench/30gib-6.bin,270,33554432,624.03,,
0,bench/30gib-6.bin,271,33554432,863.25,,
0,bench/30gib-6.bin,272,33554432,1021.96,,
0,bench/30gib-6.bin,273,33554432,637.87,,
0,bench/30gib-6.bin,274,33554432,752.64,,
0,bench/30gib-6.bin,275,33554432,456.64,,
0,bench/30gib-6.bin,276,33554432,512.72,,
0,bench/30gib-6.bin,277,33554432,762.76,,
0,bench/30gib-6.bin,278,33554432,560.58,,
0,bench/30gib-6.bin,279,33554432,568.33,,
0,bench/30gib-6.bin,280,33554432,544.00,,
0,bench/30gib-6.bin,281,33554432,886.83,,
0,bench/30gib-6.bin,282,33554432,589.17,,
0,bench/30gib-6.bin,283,33554432,969.18,,
0,bench/30gib-6.bin,284,33554432,471.49,,
0,bench/30gib-6.bin,285,33554432,552.14,,
0,bench/30gib-6.bin,286,33554432,730.48,,
0,bench/30gib-6.bin,287,33554432,531.89,,
0,bench/30gib-6.bin,288,33554432,646.67,,
0,bench/30gib-6.bin,289,33554432,632.85,,
0,bench/30gib-6.bin,290,33554432,386.19,,
0,bench/30gib-6.bin,291,33554432,678.17,,
0,bench/30gib-6.bin,292,33554432,477.54,,
0,bench/30gib-6.bin,293,33554432,663.49,,
0,bench/30gib-6.bin,294,33554432,396.57,,
0,bench/30gib-6.bin,295,33554432,658.94,,
0,bench/30gib-6.bin,296,33554432,526.33,,
0,bench/30gib-6.bin,297,33554432,611.95,,
0,bench/30gib-6.bin,298,33554432,661.16,,
0,bench/30gib-6.bin,299,33554432,637.76,,
0,bench/30gib-6.bin,300,33554432,623.69,,
0,bench/30gib-6.bin,301,33554432,512.67,,
0,bench/30gib-6.bin,302,33554432,349.18,,
0,bench/30gib-6.bin,303,33554432,655.37,,
0,bench/30gib-6.bin,304,33554432,702.94,,
0,bench/30gib-6.bin,305,33554432,511.44,,
0,bench/30gib-6.bin,306,33554432,584.83,,
0,bench/30gib-6.bin,307,33554432,944.42,,
0,bench/30gib-6.bin,308,33554432,1052.26,,
0,bench/30gib-6.bin,309,33554432,992.13,,
0,bench/30gib-6.bin,310,33554432,651.80,,
0,bench/30gib-6.bin,311,33554432,946.41,,
0,bench/30gib-6.bin,312,33554432,656.13,,
0,bench/30gib-6.bin,313,33554432,692.40,,
0,bench/30gib-6.bin,314,33554432,988.73,,
0,bench/30gib-6.bin,315,33554432,786.32,,
0,bench/30gib-6.bin,316,33554432,733.01,,
0,bench/30gib-6.bin,317,33554432,556.82,,
0,bench/30gib-6.bin,318,33554432,580.11,,
0,bench/30gib-6.bin,319,33554432,553.13,,
0,bench/30gib-6.bin,320,33554432,571.08,,
0,bench/30gib-6.bin,321,33554432,624.83,,
0,bench/30gib-6.bin,322,33554432,597.92,,
0,bench/30gib-6.bin,323,33554432,632.47,,
0,bench/30gib-6.bin,324,33554432,653.31,,
0,bench/30gib-6.bin,325,33554432,416.97,,
0,bench/30gib-6.bin,326,33554432,605.47,,
0,bench/30gib-6.bin,327,33554432,562.89,,
0,bench/30gib-6.bin,328,33554432,577.57,,
0,bench/30gib-6.bin,329,33554432,1070.27,,
0,bench/30gib-6.bin,330,33554432,603.80,,
0,bench/30gib-6.bin,331,33554432,730.87,,
0,bench/30gib-6.bin,332,33554432,1147.53,,
0,bench/30gib-6.bin,333,33554432,599.91,,
0,bench/30gib-6.bin,334,33554432,439.01,,
0,bench/30gib-6.bin,335,33554432,746.88,,
0,bench/30gib-6.bin,336,33554432,1379.31,,
0,bench/30gib-6.bin,337,33554432,799.36,,
0,bench/30gib-6.bin,338,33554432,399.96,,
0,bench/30gib-6.bin,339,33554432,617.68,,
0,bench/30gib-6.bin,340,33554432,767.55,,
0,bench/30gib-6.bin,341,33554432,590.87,,
0,bench/30gib-6.bin,342,33554432,1573.05,,
0,bench/30gib-6.bin,343,33554432,502.93,,
0,bench/30gib-6.bin,344,33554432,633.26,,
0,bench/30gib-6.bin,345,33554432,1124.88,,
0,bench/30gib-6.bin,346,33554432,587.36,,
0,bench/30gib-6.bin,347,33554432,472.50,,
0,bench/30gib-6.bin,348,33554432,519.31,,
0,bench/30gib-6.bin,349,33554432,540.68,,
0,bench/30gib-6.bin,350,33554432,706.08,,
0,bench/30gib-6.bin,351,33554432,512.91,,
0,bench/30gib-6.bin,352,33554432,925.99,,
0,bench/30gib-6.bin,353,33554432,533.59,,
0,bench/30gib-6.bin,354,33554432,631.43,,
0,bench/30gib-6.bin,355,33554432,451.37,,
0,bench/30gib-6.bin,356,33554432,1172.32,,
0,bench/30gib-6.bin,357,33554432,526.64,,
0,bench/30gib-6.bin,358,33554432,594.29,,
0,bench/30gib-6.bin,359,33554432,520.88,,
0,bench/30gib-6.bin,360,33554432,373.35,,
0,bench/30gib-6.bin,361,33554432,479.88,,
0,bench/30gib-6.bin,362,33554432,775.97,,
0,bench/30gib-6.bin,363,33554432,514.27,,
0,bench/30gib-6.bin,364,33554432,608.51,,
0,bench/30gib-6.bin,365,33554432,921.78,,
0,bench/30gib-6.bin,366,33554432,531.31,,
0,bench/30gib-6.bin,367,33554432,957.34,,
0,bench/30gib-6.bin,368,33554432,818.83,,
0,bench/30gib-6.bin,369,33554432,525.89,,
0,bench/30gib-6.bin,370,33554432,670.04,,
0,bench/30gib-6.bin,371,33554432,578.00,,
0,bench/30gib-6.bin,372,33554432,659.13,,
0,bench/30gib-6.bin,373,33554432,811.58,,
0,bench/30gib-6.bin,374,33554432,593.59,,
0,bench/30gib-6.bin,375,33554432,502.60,,
0,bench/30gib-6.bin,376,33554432,587.56,,
0,bench/30gib-6.bin,377,33554432,983.11,,
0,bench/30gib-6.bin,378,33554432,445.39,,
0,bench/30gib-6.bin,379,33554432,643.67,,
0,bench/30gib-6.bin,380,33554432,479.34,,
0,bench/30gib-6.bin,381,33554432,801.00,,
0,bench/30gib-6.bin,382,33554432,628.65,,
0,bench/30gib-6.bin,383,33554432,525.12,,
0,bench/30gib-6.bin,384,33554432,827.99,,
0,bench/30gib-6.bin,385,33554432,1091.25,,
0,bench/30gib-6.bin,386,33554432,1070.34,,
0,bench/30gib-6.bin,387,33554432,794.93,,
0,bench/30gib-6.bin,388,33554432,1169.15,,
0,bench/30gib-6.bin,389,33554432,554.90,,
0,bench/30gib-6.bin,390,33554432,742.38,,
0,bench/30gib-6.bin,391,33554432,973.58,,
0,bench/30gib-6.bin,392,33554432,787.48,,
0,bench/30gib-6.bin,393,33554432,884.17,,
0,bench/30gib-6.bin,394,33554432,1725.86,,
0,bench/30gib-6.bin,395,33554432,751.88,,
0,bench/30gib-6.bin,396,33554432,631.40,,
0,bench/30gib-6.bin,397,33554432,553.80,,
0,bench/30gib-6.bin,398,33554432,668.51,,
0,bench/30gib-6.bin,399,33554432,619.30,,
0,bench/30gib-6.bin,400,33554432,615.65,,
0,bench/30gib-6.bin,401,33554432,560.65,,
0,bench/30gib-6.bin,402,33554432,475.01,,
0,bench/30gib-6.bin,403,33554432,493.76,,
0,bench/30gib-6.bin,404,33554432,481.33,,
0,bench/30gib-6.bin,405,33554432,637.57,,
0,bench/30gib-6.bin,406,33554432,496.35,,
0,bench/30gib-6.bin,407,33554432,818.85,,
0,bench/30gib-6.bin,408,33554432,569.29,,
0,bench/30gib-6.bin,409,33554432,972.09,,
0,bench/30gib-6.bin,410,33554432,890.15,,
0,bench/30gib-6.bin,411,33554432,809.82,,
0,bench/30gib-6.bin,412,33554432,666.44,,
0,bench/30gib-6.bin,413,33554432,931.00,,
0,bench/30gib-6.bin,414,33554432,721.70,,
0,bench/30gib-6.bin,415,33554432,457.82,,
0,bench/30gib-6.bin,416,33554432,710.02,,
0,bench/30gib-6.bin,417,33554432,490.13,,
0,bench/30gib-6.bin,418,33554432,573.63,,
0,bench/30gib-6.bin,419,33554432,936.71,,
0,bench/30gib-6.bin,420,33554432,693.06,,
0,bench/30gib-6.bin,421,33554432,466.73,,
0,bench/30gib-6.bin,422,33554432,691.01,,
0,bench/30gib-6.bin,423,33554432,799.29,,
0,bench/30gib-6.bin,424,33554432,904.14,,
0,bench/30gib-6.bin,425,33554432,853.21,,
0,bench/30gib-6.bin,426,33554432,866.32,,
0,bench/30gib-6.bin,427,33554432,571.72,,
0,bench/30gib-6.bin,428,33554432,678.72,,
0,bench/30gib-6.bin,429,33554432,480.19,,
0,bench/30gib-6.bin,430,33554432,557.16,,
0,bench/30gib-6.bin,431,33554432,608.50,,
0,bench/30gib-6.bin,432,33554432,985.80,,
0,bench/30gib-6.bin,433,33554432,532.01,,
0,bench/30gib-6.bin,434,33554432,646.46,,
0,bench/30gib-6.bin,435,33554432,718.53,,
0,bench/30gib-6.bin,436,33554432,630.24,,
0,bench/30gib-6.bin,437,33554432,789.46,,
0,bench/30gib-6.bin,438,33554432,589.19,,
0,bench/30gib-6.bin,439,33554432,692.44,,
0,bench/30gib-6.bin,440,33554432,755.34,,
0,bench/30gib-6.bin,441,33554432,555.38,,
0,bench/30gib-6.bin,442,33554432,945.69,,
0,bench/30gib-6.bin,443,33554432,927.08,,
0,bench/30gib-6.bin,444,33554432,541.74,,
0,bench/30gib-6.bin,445,33554432,551.82,,
0,bench/30gib-6.bin,446,33554432,716.74,,
0,bench/30gib-6.bin,447,33554432,688.32,,
0,bench/30gib-6.bin,448,33554432,477.38,,
0,bench/30gib-6.bin,449,33554432,751.01,,
0,bench/30gib-6.bin,450,33554432,638.12,,
0,bench/30gib-6.bin,451,33554432,866.62,,
0,bench/30gib-6.bin,452,33554432,525.86,,
0,bench/30gib-6.bin,453,33554432,807.23,,
0,bench/30gib-6.bin,454,33554432,727.96,,
0,bench/30gib-6.bin,455,33554432,1179.06,,
0,bench/30gib-6.bin,456,33554432,646.62,,
0,bench/30gib-6.bin,457,33554432,659.96,,
0,bench/30gib-6.bin,458,33554432,646.70,,
0,bench/30gib-6.bin,459,33554432,623.58,,
0,bench/30gib-6.bin,460,33554432,756.46,,
0,bench/30gib-6.bin,461,33554432,606.50,,
0,bench/30gib-6.bin,462,33554432,1334.42,,
0,bench/30gib-6.bin,463,33554432,599.75,,
0,bench/30gib-6.bin,464,33554432,861.67,,
0,bench/30gib-6.bin,465,33554432,769.16,,
0,bench/30gib-6.bin,466,33554432,595.58,,
0,bench/30gib-6.bin,467,33554432,592.39,,
0,bench/30gib-6.bin,468,33554432,628.91,,
0,bench/30gib-6.bin,469,33554432,585.21,,
0,bench/30gib-6.bin,470,33554432,609.04,,
0,bench/30gib-6.bin,471,33554432,807.57,,
0,bench/30gib-6.bin,472,33554432,789.54,,
0,bench/30gib-6.bin,473,33554432,1300.37,,
0,bench/30gib-6.bin,474,33554432,850.58,,
0,bench/30gib-6.bin,475,33554432,772.38,,
0,bench/30gib-6.bin,476,33554432,846.82,,
0,bench/30gib-6.bin,477,33554432,632.28,,
0,bench/30gib-6.bin,478,33554432,524.09,,
0,bench/30gib-6.bin,479,33554432,521.28,,
0,bench/30gib-6.bin,480,33554432,831.66,,
0,bench/30gib-6.bin,481,33554432,950.75,,
0,bench/30gib-6.bin,482,33554432,486.98,,
0,bench/30gib-6.bin,483,33554432,677.14,,
0,bench/30gib-6.bin,484,33554432,484.69,,
0,bench/30gib-6.bin,485,33554432,812.71,,
0,bench/30gib-6.bin,486,33554432,877.67,,
0,bench/30gib-6.bin,487,33554432,531.56,,
0,bench/30gib-6.bin,488,33554432,797.88,,
0,bench/30gib-6.bin,489,33554432,629.71,,
0,bench/30gib-6.bin,490,33554432,382.49,,
0,bench/30gib-6.bin,491,33554432,479.61,,
0,bench/30gib-6.bin,492,33554432,800.02,,
0,bench/30gib-6.bin,493,33554432,703.99,,
0,bench/30gib-6.bin,494,33554432,725.60,,
0,bench/30gib-6.bin,495,33554432,1047.77,,
0,bench/30gib-6.bin,496,33554432,390.09,,
0,bench/30gib-6.bin,497,33554432,1057.40,,
0,bench/30gib-6.bin,498,33554432,618.47,,
0,bench/30gib-6.bin,499,33554432,701.92,,
0,bench/30gib-6.bin,500,33554432,841.73,,
0,bench/30gib-6.bin,501,33554432,791.76,,
0,bench/30gib-6.bin,502,33554432,718.32,,
0,bench/30gib-6.bin,503,33554432,592.98,,
0,bench/30gib-6.bin,504,33554432,722.82,,
0,bench/30gib-6.bin,505,33554432,825.01,,
0,bench/30gib-6.bin,506,33554432,1317.26,,
0,bench/30gib-6.bin,507,33554432,713.22,,
0,bench/30gib-6.bin,508,33554432,947.42,,
0,bench/30gib-6.bin,509,33554432,991.85,,
0,bench/30gib-6.bin,510,33554432,1368.69,,
0,bench/30gib-6.bin,511,33554432,725.08,,
0,bench/30gib-6.bin,512,33554432,765.31,,
0,bench/30gib-6.bin,513,33554432,555.33,,
0,bench/30gib-6.bin,514,33554432,727.02,,
0,bench/30gib-6.bin,515,33554432,398.39,,
0,bench/30gib-6.bin,516,33554432,921.02,,
0,bench/30gib-6.bin,517,33554432,379.66,,
0,bench/30gib-6.bin,518,33554432,778.15,,
0,bench/30gib-6.bin,519,33554432,794.30,,
0,bench/30gib-6.bin,520,33554432,752.20,,
0,bench/30gib-6.bin,521,33554432,1025.69,,
0,bench/30gib-6.bin,522,33554432,562.43,,
0,bench/30gib-6.bin,523,33554432,586.26,,
0,bench/30gib-6.bin,524,33554432,474.45,,
0,bench/30gib-6.bin,525,33554432,837.64,,
0,bench/30gib-6.bin,526,33554432,1116.64,,
0,bench/30gib-6.bin,527,33554432,837.73,,
0,bench/30gib-6.bin,528,33554432,596.90,,
0,bench/30gib-6.bin,529,33554432,564.19,,
0,bench/30gib-6.bin,530,33554432,514.98,,
0,bench/30gib-6.bin,531,33554432,622.62,,
0,bench/30gib-6.bin,532,33554432,1414.29,,
0,bench/30gib-6.bin,533,33554432,908.64,,
0,bench/30gib-6.bin,534,33554432,599.02,,
0,bench/30gib-6.bin,535,33554432,929.39,,
0,bench/30gib-6.bin,536,33554432,716.97,,
0,bench/30gib-6.bin,537,33554432,595.43,,
0,bench/30gib-6.bin,538,33554432,434.39,,
0,bench/30gib-6.bin,539,33554432,729.76,,
0,bench/30gib-6.bin,540,33554432,465.23,,
0,bench/30gib-6.bin,541,33554432,781.10,,
0,bench/30gib-6.bin,542,33554432,976.54,,
0,bench/30gib-6.bin,543,33554432,1012.82,,
0,bench/30gib-6.bin,544,33554432,825.39,,
0,bench/30gib-6.bin,545,33554432,793.80,,
0,bench/30gib-6.bin,546,33554432,775.48,,
0,bench/30gib-6.bin,547,33554432,695.80,,
0,bench/30gib-6.bin,548,33554432,715.83,,
0,bench/30gib-6.bin,549,33554432,558.27,,
0,bench/30gib-6.bin,550,33554432,993.22,,
0,bench/30gib-6.bin,551,33554432,604.76,,
0,bench/30gib-6.bin,552,33554432,551.89,,
0,bench/30gib-6.bin,553,33554432,572.13,,
0,bench/30gib-6.bin,554,33554432,577.47,,
0,bench/30gib-6.bin,555,33554432,606.28,,
0,bench/30gib-6.bin,556,33554432,562.09,,
0,bench/30gib-6.bin,557,33554432,536.75,,
0,bench/30gib-6.bin,558,33554432,538.20,,
0,bench/30gib-6.bin,559,33554432,715.63,,
0,bench/30gib-6.bin,560,33554432,566.39,,
0,bench/30gib-6.bin,561,33554432,522.59,,
0,bench/30gib-6.bin,562,33554432,607.25,,
0,bench/30gib-6.bin,563,33554432,751.53,,
0,bench/30gib-6.bin,564,33554432,851.74,,
0,bench/30gib-6.bin,565,33554432,1032.61,,
0,bench/30gib-6.bin,566,33554432,1123.16,,
0,bench/30gib-6.bin,567,33554432,658.97,,
0,bench/30gib-6.bin,568,33554432,565.54,,
0,bench/30gib-6.bin,569,33554432,695.13,,
0,bench/30gib-6.bin,570,33554432,821.56,,
0,bench/30gib-6.bin,571,33554432,499.59,,
0,bench/30gib-6.bin,572,33554432,1230.11,,
0,bench/30gib-6.bin,573,33554432,731.67,,
0,bench/30gib-6.bin,574,33554432,1221.79,,
0,bench/30gib-6.bin,575,33554432,818.44,,
0,bench/30gib-6.bin,576,33554432,704.30,,
0,bench/30gib-6.bin,577,33554432,500.63,,
0,bench/30gib-6.bin,578,33554432,719.99,,
0,bench/30gib-6.bin,579,33554432,712.67,,
0,bench/30gib-6.bin,580,33554432,676.88,,
0,bench/30gib-6.bin,581,33554432,737.92,,
0,bench/30gib-6.bin,582,33554432,385.45,,
0,bench/30gib-6.bin,583,33554432,794.54,,
0,bench/30gib-6.bin,584,33554432,887.05,,
0,bench/30gib-6.bin,585,33554432,655.17,,
0,bench/30gib-6.bin,586,33554432,592.32,,
0,bench/30gib-6.bin,587,33554432,911.12,,
0,bench/30gib-6.bin,588,33554432,538.97,,
0,bench/30gib-6.bin,589,33554432,454.94,,
0,bench/30gib-6.bin,590,33554432,609.95,,
0,bench/30gib-6.bin,591,33554432,437.60,,
0,bench/30gib-6.bin,592,33554432,1072.70,,
0,bench/30gib-6.bin,593,33554432,1072.67,,
0,bench/30gib-6.bin,594,33554432,662.37,,
0,bench/30gib-6.bin,595,33554432,750.08,,
0,bench/30gib-6.bin,596,33554432,512.21,,
0,bench/30gib-6.bin,597,33554432,974.85,,
0,bench/30gib-6.bin,598,33554432,971.64,,
0,bench/30gib-6.bin,599,33554432,1076.60,,
0,bench/30gib-6.bin,600,33554432,819.87,,
0,bench/30gib-6.bin,601,33554432,629.39,,
0,bench/30gib-6.bin,602,33554432,500.48,,
0,bench/30gib-6.bin,603,33554432,727.16,,
0,bench/30gib-6.bin,604,33554432,740.72,,
0,bench/30gib-6.bin,605,33554432,673.66,,
0,bench/30gib-6.bin,606,33554432,549.13,,
0,bench/30gib-6.bin,607,33554432,842.97,,
0,bench/30gib-6.bin,608,33554432,714.62,,
0,bench/30gib-6.bin,609,33554432,902.23,,
0,bench/30gib-6.bin,610,33554432,832.77,,
0,bench/30gib-6.bin,611,33554432,885.28,,
0,bench/30gib-6.bin,612,33554432,641.45,,
0,bench/30gib-6.bin,613,33554432,919.88,,
0,bench/30gib-6.bin,614,33554432,698.28,,
0,bench/30gib-6.bin,615,33554432,1073.94,,
0,bench/30gib-6.bin,616,33554432,962.91,,
0,bench/30gib-6.bin,617,33554432,788.74,,
0,bench/30gib-6.bin,618,33554432,732.66,,
0,bench/30gib-6.bin,619,33554432,609.73,,
0,bench/30gib-6.bin,620,33554432,903.89,,
0,bench/30gib-6.bin,621,33554432,1083.44,,
0,bench/30gib-6.bin,622,33554432,851.47,,
0,bench/30gib-6.bin,623,33554432,836.65,,
0,bench/30gib-6.bin,624,33554432,612.07,,
0,bench/30gib-6.bin,625,33554432,542.85,,
0,bench/30gib-6.bin,626,33554432,531.61,,
0,bench/30gib-6.bin,627,33554432,967.71,,
0,bench/30gib-6.bin,628,33554432,793.61,,
0,bench/30gib-6.bin,629,33554432,838.86,,
0,bench/30gib-6.bin,630,33554432,941.38,,
0,bench/30gib-6.bin,631,33554432,818.68,,
0,bench/30gib-6.bin,632,33554432,957.25,,
0,bench/30gib-6.bin,633,33554432,412.85,,
0,bench/30gib-6.bin,634,33554432,1094.58,,
0,bench/30gib-6.bin,635,33554432,485.91,,
0,bench/30gib-6.bin,636,33554432,712.14,,
0,bench/30gib-6.bin,637,33554432,693.93,,
0,bench/30gib-6.bin,638,33554432,540.03,,
0,bench/30gib-6.bin,639,33554432,742.73,,
0,bench/30gib-6.bin,640,33554432,422.46,,
0,bench/30gib-6.bin,641,33554432,625.54,,
0,bench/30gib-6.bin,642,33554432,347.27,,
0,bench/30gib-6.bin,643,33554432,799.10,,
0,bench/30gib-6.bin,644,33554432,708.20,,
0,bench/30gib-6.bin,645,33554432,484.59,,
0,bench/30gib-6.bin,646,33554432,818.88,,
0,bench/30gib-6.bin,647,33554432,508.74,,
0,bench/30gib-6.bin,648,33554432,478.41,,
0,bench/30gib-6.bin,649,33554432,789.81,,
0,bench/30gib-6.bin,650,33554432,665.18,,
0,bench/30gib-6.bin,651,33554432,546.86,,
0,bench/30gib-6.bin,652,33554432,551.66,,
0,bench/30gib-6.bin,653,33554432,485.70,,
0,bench/30gib-6.bin,654,33554432,637.96,,
0,bench/30gib-6.bin,655,33554432,519.34,,
0,bench/30gib-6.bin,656,33554432,610.09,,
0,bench/30gib-6.bin,657,33554432,545.16,,
0,bench/30gib-6.bin,658,33554432,680.36,,
0,bench/30gib-6.bin,659,33554432,551.41,,
0,bench/30gib-6.bin,660,33554432,459.80,,
0,bench/30gib-6.bin,661,33554432,797.88,,
0,bench/30gib-6.bin,662,33554432,1365.51,,
0,bench/30gib-6.bin,663,33554432,552.86,,
0,bench/30gib-6.bin,664,33554432,657.51,,
0,bench/30gib-6.bin,665,33554432,588.84,,
0,bench/30gib-6.bin,666,33554432,747.20,,
0,bench/30gib-6.bin,667,33554432,834.19,,
0,bench/30gib-6.bin,668,33554432,656.48,,
0,bench/30gib-6.bin,669,33554432,916.08,,
0,bench/30gib-6.bin,670,33554432,651.85,,
0,bench/30gib-6.bin,671,33554432,659.78,,
0,bench/30gib-6.bin,672,33554432,992.32,,
0,bench/30gib-6.bin,673,33554432,572.02,,
0,bench/30gib-6.bin,674,33554432,942.55,,
0,bench/30gib-6.bin,675,33554432,478.46,,
0,bench/30gib-6.bin,676,33554432,851.30,,
0,bench/30gib-6.bin,677,33554432,540.66,,
0,bench/30gib-6.bin,678,33554432,715.64,,
0,bench/30gib-6.bin,679,33554432,760.15,,
0,bench/30gib-6.bin,680,33554432,611.95,,
0,bench/30gib-6.bin,681,33554432,661.71,,
0,bench/30gib-6.bin,682,33554432,744.71,,
0,bench/30gib-6.bin,683,33554432,890.02,,
0,bench/30gib-6.bin,684,33554432,787.64,,
0,bench/30gib-6.bin,685,33554432,806.88,,
0,bench/30gib-6.bin,686,33554432,579.07,,
0,bench/30gib-6.bin,687,33554432,1170.27,,
0,bench/30gib-6.bin,688,33554432,627.84,,
0,bench/30gib-6.bin,689,33554432,704.32,,
0,bench/30gib-6.bin,690,33554432,676.59,,
0,bench/30gib-6.bin,691,33554432,677.34,,
0,bench/30gib-6.bin,692,33554432,668.75,,
0,bench/30gib-6.bin,693,33554432,811.81,,
0,bench/30gib-6.bin,694,33554432,893.74,,
0,bench/30gib-6.bin,695,33554432,1044.19,,
0,bench/30gib-6.bin,696,33554432,598.02,,
0,bench/30gib-6.bin,697,33554432,701.21,,
0,bench/30gib-6.bin,698,33554432,574.16,,
0,bench/30gib-6.bin,699,33554432,350.05,,
0,bench/30gib-6.bin,700,33554432,532.00,,
0,bench/30gib-6.bin,701,33554432,847.00,,
0,bench/30gib-6.bin,702,33554432,1723.73,,
0,bench/30gib-6.bin,703,33554432,647.99,,
0,bench/30gib-6.bin,704,33554432,688.77,,
0,bench/30gib-6.bin,705,33554432,673.21,,
0,bench/30gib-6.bin,706,33554432,492.82,,
0,bench/30gib-6.bin,707,33554432,1651.28,,
0,bench/30gib-6.bin,708,33554432,1138.33,,
0,bench/30gib-6.bin,709,33554432,548.69,,
0,bench/30gib-6.bin,710,33554432,790.66,,
0,bench/30gib-6.bin,711,33554432,601.10,,
0,bench/30gib-6.bin,712,33554432,597.17,,
0,bench/30gib-6.bin,713,33554432,691.76,,
0,bench/30gib-6.bin,714,33554432,508.05,,
0,bench/30gib-6.bin,715,33554432,519.78,,
0,bench/30gib-6.bin,716,33554432,757.26,,
0,bench/30gib-6.bin,717,33554432,782.14,,
0,bench/30gib-6.bin,718,33554432,872.74,,
0,bench/30gib-6.bin,719,33554432,580.95,,
0,bench/30gib-6.bin,720,33554432,575.49,,
0,bench/30gib-6.bin,721,33554432,1161.47,,
0,bench/30gib-6.bin,722,33554432,983.44,,
0,bench/30gib-6.bin,723,33554432,671.59,,
0,bench/30gib-6.bin,724,33554432,468.63,,
0,bench/30gib-6.bin,725,33554432,936.00,,
0,bench/30gib-6.bin,726,33554432,784.71,,
0,bench/30gib-6.bin,727,33554432,632.41,,
0,bench/30gib-6.bin,728,33554432,596.31,,
0,bench/30gib-6.bin,729,33554432,586.97,,
0,bench/30gib-6.bin,730,33554432,785.47,,
0,bench/30gib-6.bin,731,33554432,716.79,,
0,bench/30gib-6.bin,732,33554432,566.08,,
0,bench/30gib-6.bin,733,33554432,466.74,,
0,bench/30gib-6.bin,734,33554432,962.22,,
0,bench/30gib-6.bin,735,33554432,1424.83,,
0,bench/30gib-6.bin,736,33554432,661.58,,
0,bench/30gib-6.bin,737,33554432,1058.16,,
0,bench/30gib-6.bin,738,33554432,711.77,,
0,bench/30gib-6.bin,739,33554432,1091.34,,
0,bench/30gib-6.bin,740,33554432,436.57,,
0,bench/30gib-6.bin,741,33554432,1120.16,,
0,bench/30gib-6.bin,742,33554432,597.64,,
0,bench/30gib-6.bin,743,33554432,659.87,,
0,bench/30gib-6.bin,744,33554432,610.74,,
0,bench/30gib-6.bin,745,33554432,1296.16,,
0,bench/30gib-6.bin,746,33554432,621.15,,
0,bench/30gib-6.bin,747,33554432,686.33,,
0,bench/30gib-6.bin,748,33554432,612.59,,
0,bench/30gib-6.bin,749,33554432,781.91,,
0,bench/30gib-6.bin,750,33554432,752.96,,
0,bench/30gib-6.bin,751,33554432,566.15,,
0,bench/30gib-6.bin,752,33554432,532.73,,
0,bench/30gib-6.bin,753,33554432,510.69,,
0,bench/30gib-6.bin,754,33554432,824.18,,
0,bench/30gib-6.bin,755,33554432,657.34,,
0,bench/30gib-6.bin,756,33554432,920.00,,
0,bench/30gib-6.bin,757,33554432,568.98,,
0,bench/30gib-6.bin,758,33554432,666.36,,
0,bench/30gib-6.bin,759,33554432,654.77,,
0,bench/30gib-6.bin,760,33554432,474.98,,
0,bench/30gib-6.bin,761,33554432,770.01,,
0,bench/30gib-6.bin,762,33554432,953.71,,
0,bench/30gib-6.bin,763,33554432,845.25,,
0,bench/30gib-6.bin,764,33554432,1139.19,,
0,bench/30gib-6.bin,765,33554432,679.84,,
0,bench/30gib-6.bin,766,33554432,854.17,,
0,bench/30gib-6.bin,767,33554432,706.19,,
0,bench/30gib-6.bin,768,33554432,501.94,,
0,bench/30gib-6.bin,769,33554432,634.61,,
0,bench/30gib-6.bin,770,33554432,540.46,,
0,bench/30gib-6.bin,771,33554432,566.95,,
0,bench/30gib-6.bin,772,33554432,870.02,,
0,bench/30gib-6.bin,773,33554432,1114.22,,
0,bench/30gib-6.bin,774,33554432,874.18,,
0,bench/30gib-6.bin,775,33554432,869.65,,
0,bench/30gib-6.bin,776,33554432,491.57,,
0,bench/30gib-6.bin,777,33554432,881.20,,
0,bench/30gib-6.bin,778,33554432,473.59,,
0,bench/30gib-6.bin,779,33554432,762.19,,
0,bench/30gib-6.bin,780,33554432,592.43,,
0,bench/30gib-6.bin,781,33554432,644.51,,
0,bench/30gib-6.bin,782,33554432,576.74,,
0,bench/30gib-6.bin,783,33554432,800.43,,
0,bench/30gib-6.bin,784,33554432,693.14,,
0,bench/30gib-6.bin,785,33554432,643.98,,
0,bench/30gib-6.bin,786,33554432,406.54,,
0,bench/30gib-6.bin,787,33554432,1061.54,,
0,bench/30gib-6.bin,788,33554432,814.95,,
0,bench/30gib-6.bin,789,33554432,571.59,,
0,bench/30gib-6.bin,790,33554432,705.60,,
0,bench/30gib-6.bin,791,33554432,448.20,,
0,bench/30gib-6.bin,792,33554432,794.11,,
0,bench/30gib-6.bin,793,33554432,830.40,,
0,bench/30gib-6.bin,794,33554432,657.49,,
0,bench/30gib-6.bin,795,33554432,616.06,,
0,bench/30gib-6.bin,796,33554432,1272.33,,
0,bench/30gib-6.bin,797,33554432,1255.83,,
0,bench/30gib-6.bin,798,33554432,645.39,,
0,bench/30gib-6.bin,799,33554432,884.50,,
0,bench/30gib-6.bin,800,33554432,597.56,,
0,bench/30gib-6.bin,801,33554432,483.54,,
0,bench/30gib-6.bin,802,33554432,470.59,,
0,bench/30gib-6.bin,803,33554432,1231.15,,
0,bench/30gib-6.bin,804,33554432,956.63,,
0,bench/30gib-6.bin,805,33554432,835.07,,
0,bench/30gib-6.bin,806,33554432,698.03,,
0,bench/30gib-6.bin,807,33554432,950.73,,
0,bench/30gib-6.bin,808,33554432,1074.25,,
0,bench/30gib-6.bin,809,33554432,497.22,,
0,bench/30gib-6.bin,810,33554432,1144.70,,
0,bench/30gib-6.bin,811,33554432,652.60,,
0,bench/30gib-6.bin,812,33554432,581.01,,
0,bench/30gib-6.bin,813,33554432,729.70,,
0,bench/30gib-6.bin,814,33554432,980.13,,
0,bench/30gib-6.bin,815,33554432,597.31,,
0,bench/30gib-6.bin,816,33554432,864.13,,
0,bench/30gib-6.bin,817,33554432,607.07,,
0,bench/30gib-6.bin,818,33554432,607.10,,
0,bench/30gib-6.bin,819,33554432,614.21,,
0,bench/30gib-6.bin,820,33554432,611.27,,
0,bench/30gib-6.bin,821,33554432,618.51,,
0,bench/30gib-6.bin,822,33554432,649.85,,
0,bench/30gib-6.bin,823,33554432,590.20,,
0,bench/30gib-6.bin,824,33554432,684.40,,
0,bench/30gib-6.bin,825,33554432,979.68,,
0,bench/30gib-6.bin,826,33554432,1264.69,,
0,bench/30gib-6.bin,827,33554432,987.32,,
0,bench/30gib-6.bin,828,33554432,619.26,,
0,bench/30gib-6.bin,829,33554432,985.17,,
0,bench/30gib-6.bin,830,33554432,762.40,,
0,bench/30gib-6.bin,831,33554432,408.40,,
0,bench/30gib-6.bin,832,33554432,614.68,,
0,bench/30gib-6.bin,833,33554432,1063.80,,
0,bench/30gib-6.bin,834,33554432,1006.53,,
0,bench/30gib-6.bin,835,33554432,884.66,,
0,bench/30gib-6.bin,836,33554432,659.91,,
0,bench/30gib-6.bin,837,33554432,543.35,,
0,bench/30gib-6.bin,838,33554432,483.62,,
0,bench/30gib-6.bin,839,33554432,965.77,,
0,bench/30gib-6.bin,840,33554432,543.75,,
0,bench/30gib-6.bin,841,33554432,690.86,,
0,bench/30gib-6.bin,842,33554432,656.41,,
0,bench/30gib-6.bin,843,33554432,620.27,,
0,bench/30gib-6.bin,844,33554432,580.28,,
0,bench/30gib-6.bin,845,33554432,685.33,,
0,bench/30gib-6.bin,846,33554432,1109.18,,
0,bench/30gib-6.bin,847,33554432,617.24,,
0,bench/30gib-6.bin,848,33554432,657.47,,
0,bench/30gib-6.bin,849,33554432,714.76,,
0,bench/30gib-6.bin,850,33554432,613.43,,
0,bench/30gib-6.bin,851,33554432,533.56,,
0,bench/30gib-6.bin,852,33554432,953.37,,
0,bench/30gib-6.bin,853,33554432,841.13,,
0,bench/30gib-6.bin,854,33554432,780.80,,
0,bench/30gib-6.bin,855,33554432,765.00,,
0,bench/30gib-6.bin,856,33554432,1300.11,,
0,bench/30gib-6.bin,857,33554432,724.58,,
0,bench/30gib-6.bin,858,33554432,613.76,,
0,bench/30gib-6.bin,859,33554432,594.34,,
0,bench/30gib-6.bin,860,33554432,427.24,,
0,bench/30gib-6.bin,861,33554432,479.57,,
0,bench/30gib-6.bin,862,33554432,584.21,,
0,bench/30gib-6.bin,863,33554432,833.26,,
0,bench/30gib-6.bin,864,33554432,956.22,,
0,bench/30gib-6.bin,865,33554432,747.51,,
0,bench/30gib-6.bin,866,33554432,934.33,,
0,bench/30gib-6.bin,867,33554432,828.22,,
0,bench/30gib-6.bin,868,33554432,1053.91,,
0,bench/30gib-6.bin,869,33554432,997.81,,
0,bench/30gib-6.bin,870,33554432,1117.06,,
0,bench/30gib-6.bin,871,33554432,749.25,,
0,bench/30gib-6.bin,872,33554432,934.21,,
0,bench/30gib-6.bin,873,33554432,1475.92,,
0,bench/30gib-6.bin,874,33554432,725.14,,
0,bench/30gib-6.bin,875,33554432,922.37,,
0,bench/30gib-6.bin,876,33554432,767.96,,
0,bench/30gib-6.bin,877,33554432,949.13,,
0,bench/30gib-6.bin,878,33554432,704.04,,
0,bench/30gib-6.bin,879,33554432,487.21,,
0,bench/30gib-6.bin,880,33554432,817.06,,
0,bench/30gib-6.bin,881,33554432,488.43,,
0,bench/30gib-6.bin,882,33554432,845.89,,
0,bench/30gib-6.bin,883,33554432,569.10,,
0,bench/30gib-6.bin,884,33554432,511.15,,
0,bench/30gib-6.bin,885,33554432,667.38,,
0,bench/30gib-6.bin,886,33554432,502.02,,
0,bench/30gib-6.bin,887,33554432,452.63,,
0,bench/30gib-6.bin,888,33554432,497.93,,
0,bench/30gib-6.bin,889,33554432,828.96,,
0,bench/30gib-6.bin,890,33554432,635.83,,
0,bench/30gib-6.bin,891,33554432,977.56,,
0,bench/30gib-6.bin,892,33554432,603.94,,
0,bench/30gib-6.bin,893,33554432,785.99,,
0,bench/30gib-6.bin,894,33554432,632.83,,
0,bench/30gib-6.bin,895,33554432,712.08,,
0,bench/30gib-6.bin,896,33554432,445.62,,
0,bench/30gib-6.bin,897,33554432,676.13,,
0,bench/30gib-6.bin,898,33554432,839.54,,
0,bench/30gib-6.bin,899,33554432,923.41,,
0,bench/30gib-6.bin,900,33554432,548.64,,
0,bench/30gib-6.bin,901,33554432,821.84,,
0,bench/30gib-6.bin,902,33554432,749.64,,
0,bench/30gib-6.bin,903,33554432,902.90,,
0,bench/30gib-6.bin,904,33554432,554.15,,
0,bench/30gib-6.bin,905,33554432,610.31,,
0,bench/30gib-6.bin,906,33554432,627.37,,
0,bench/30gib-6.bin,907,33554432,525.75,,
0,bench/30gib-6.bin,908,33554432,542.14,,
0,bench/30gib-6.bin,909,33554432,771.33,,
0,bench/30gib-6.bin,910,33554432,1015.54,,
0,bench/30gib-6.bin,911,33554432,726.49,,
0,bench/30gib-6.bin,912,33554432,599.39,,
0,bench/30gib-6.bin,913,33554432,563.39,,
0,bench/30gib-6.bin,914,33554432,612.19,,
0,bench/30gib-6.bin,915,33554432,548.69,,
0,bench/30gib-6.bin,916,33554432,455.85,,
0,bench/30gib-6.bin,917,33554432,698.89,,
0,bench/30gib-6.bin,918,33554432,555.12,,
0,bench/30gib-6.bin,919,33554432,551.17,,
0,bench/30gib-6.bin,920,33554432,717.74,,
0,bench/30gib-6.bin,921,33554432,469.03,,
0,bench/30gib-6.bin,922,33554432,878.08,,
0,bench/30gib-6.bin,923,33554432,443.13,,
0,bench/30gib-6.bin,924,33554432,649.55,,
0,bench/30gib-6.bin,925,33554432,991.29,,
0,bench/30gib-6.bin,926,33554432,826.33,,
0,bench/30gib-6.bin,927,33554432,610.59,,
0,bench/30gib-6.bin,928,33554432,656.74,,
0,bench/30gib-6.bin,929,33554432,478.12,,
0,bench/30gib-6.bin,930,33554432,739.15,,
0,bench/30gib-6.bin,931,33554432,810.61,,
0,bench/30gib-6.bin,932,33554432,605.16,,
0,bench/30gib-6.bin,933,33554432,799.85,,
0,bench/30gib-6.bin,934,33554432,655.01,,
0,bench/30gib-6.bin,935,33554432,540.92,,
0,bench/30gib-6.bin,936,33554432,657.09,,
0,bench/30gib-6.bin,937,33554432,594.50,,
0,bench/30gib-6.bin,938,33554432,655.17,,
0,bench/30gib-6.bin,939,33554432,608.39,,
0,bench/30gib-6.bin,940,33554432,951.02,,
0,bench/30gib-6.bin,941,33554432,579.67,,
0,bench/30gib-6.bin,942,33554432,719.17,,
0,bench/30gib-6.bin,943,33554432,584.86,,
0,bench/30gib-6.bin,944,33554432,606.46,,
0,bench/30gib-6.bin,945,33554432,560.11,,
0,bench/30gib-6.bin,946,33554432,738.81,,
0,bench/30gib-6.bin,947,33554432,543.07,,
0,bench/30gib-6.bin,948,33554432,664.87,,
0,bench/30gib-6.bin,949,33554432,1026.83,,
0,bench/30gib-6.bin,950,33554432,600.95,,
0,bench/30gib-6.bin,951,33554432,672.30,,
0,bench/30gib-6.bin,952,33554432,488.12,,
0,bench/30gib-6.bin,953,33554432,959.71,,
0,bench/30gib-6.bin,954,33554432,479.37,,
0,bench/30gib-6.bin,955,33554432,511.96,,
0,bench/30gib-6.bin,956,33554432,584.15,,
0,bench/30gib-6.bin,957,33554432,593.21,,
0,bench/30gib-6.bin,958,33554432,658.67,,
0,bench/30gib-6.bin,959,33554432,404.83,,
0,bench/30gib-6.bin,960,33554432,466.67,,
0,bench/30gib-7.bin,1,33554432,1175.74,,
0,bench/30gib-7.bin,2,33554432,1132.75,,
0,bench/30gib-7.bin,3,33554432,1319.00,,
0,bench/30gib-7.bin,4,33554432,1487.67,,
0,bench/30gib-7.bin,5,33554432,1228.22,,
0,bench/30gib-7.bin,6,33554432,1773.98,,
0,bench/30gib-7.bin,7,33554432,1225.84,,
0,bench/30gib-7.bin,8,33554432,1275.69,,
0,bench/30gib-7.bin,9,33554432,1168.53,,
0,bench/30gib-7.bin,10,33554432,1245.98,,
0,bench/30gib-7.bin,11,33554432,1825.28,,
0,bench/30gib-7.bin,12,33554432,954.10,,
0,bench/30gib-7.bin,13,33554432,2781.70,,
0,bench/30gib-7.bin,14,33554432,1280.77,,
0,bench/30gib-7.bin,15,33554432,1374.23,,
0,bench/30gib-7.bin,16,33554432,1162.85,,
0,bench/30gib-7.bin,17,33554432,1726.29,,
0,bench/30gib-7.bin,18,33554432,1740.02,,
0,bench/30gib-7.bin,19,33554432,1173.10,,
0,bench/30gib-7.bin,20,33554432,2016.48,,
0,bench/30gib-7.bin,21,33554432,1251.29,,
0,bench/30gib-7.bin,22,33554432,1429.71,,
0,bench/30gib-7.bin,23,33554432,1050.34,,
0,bench/30gib-7.bin,24,33554432,982.32,,
0,bench/30gib-7.bin,25,33554432,1697.15,,
0,bench/30gib-7.bin,26,33554432,1253.17,,
0,bench/30gib-7.bin,27,33554432,2187.11,,
0,bench/30gib-7.bin,28,33554432,1154.74,,
0,bench/30gib-7.bin,29,33554432,1324.84,,
0,bench/30gib-7.bin,30,33554432,1338.20,,
0,bench/30gib-7.bin,31,33554432,1354.74,,
0,bench/30gib-7.bin,32,33554432,1127.56,,
0,bench/30gib-7.bin,33,33554432,1368.30,,
0,bench/30gib-7.bin,34,33554432,1059.65,,
0,bench/30gib-7.bin,35,33554432,1390.63,,
0,bench/30gib-7.bin,36,33554432,1278.49,,
0,bench/30gib-7.bin,37,33554432,1264.37,,
0,bench/30gib-7.bin,38,33554432,861.82,,
0,bench/30gib-7.bin,39,33554432,1004.63,,
0,bench/30gib-7.bin,40,33554432,1034.80,,
0,bench/30gib-7.bin,41,33554432,944.65,,
0,bench/30gib-7.bin,42,33554432,1047.43,,
0,bench/30gib-7.bin,43,33554432,1406.42,,
0,bench/30gib-7.bin,44,33554432,1101.18,,
0,bench/30gib-7.bin,45,33554432,1187.57,,
0,bench/30gib-7.bin,46,33554432,1399.66,,
0,bench/30gib-7.bin,47,33554432,981.02,,
0,bench/30gib-7.bin,48,33554432,1182.11,,
0,bench/30gib-7.bin,49,33554432,1084.25,,
0,bench/30gib-7.bin,50,33554432,1179.27,,
0,bench/30gib-7.bin,51,33554432,1052.79,,
0,bench/30gib-7.bin,52,33554432,1194.93,,
0,bench/30gib-7.bin,53,33554432,1048.19,,
0,bench/30gib-7.bin,54,33554432,1160.32,,
0,bench/30gib-7.bin,55,33554432,1180.64,,
0,bench/30gib-7.bin,56,33554432,1244.17,,
0,bench/30gib-7.bin,57,33554432,1193.90,,
0,bench/30gib-7.bin,58,33554432,1164.90,,
0,bench/30gib-7.bin,59,33554432,837.62,,
0,bench/30gib-7.bin,60,33554432,1028.45,,
0,bench/30gib-7.bin,61,33554432,1164.48,,
0,bench/30gib-7.bin,62,33554432,841.85,,
0,bench/30gib-7.bin,63,33554432,1041.36,,
0,bench/30gib-7.bin,64,33554432,1279.12,,
0,bench/30gib-7.bin,65,33554432,921.11,,
0,bench/30gib-7.bin,66,33554432,976.96,,
0,bench/30gib-7.bin,67,33554432,638.29,,
0,bench/30gib-7.bin,68,33554432,764.34,,
0,bench/30gib-7.bin,69,33554432,858.52,,
0,bench/30gib-7.bin,70,33554432,658.10,,
0,bench/30gib-7.bin,71,33554432,632.15,,
0,bench/30gib-7.bin,72,33554432,945.25,,
0,bench/30gib-7.bin,73,33554432,923.92,,
0,bench/30gib-7.bin,74,33554432,620.01,,
0,bench/30gib-7.bin,75,33554432,474.93,,
0,bench/30gib-7.bin,76,33554432,779.13,,
0,bench/30gib-7.bin,77,33554432,476.33,,
0,bench/30gib-7.bin,78,33554432,834.33,,
0,bench/30gib-7.bin,79,33554432,882.68,,
0,bench/30gib-7.bin,80,33554432,585.66,,
0,bench/30gib-7.bin,81,33554432,857.47,,
0,bench/30gib-7.bin,82,33554432,524.32,,
0,bench/30gib-7.bin,83,33554432,1081.90,,
0,bench/30gib-7.bin,84,33554432,838.87,,
0,bench/30gib-7.bin,85,33554432,554.09,,
0,bench/30gib-7.bin,86,33554432,413.92,,
0,bench/30gib-7.bin,87,33554432,1096.12,,
0,bench/30gib-7.bin,88,33554432,1032.55,,
0,bench/30gib-7.bin,89,33554432,837.04,,
0,bench/30gib-7.bin,90,33554432,866.99,,
0,bench/30gib-7.bin,91,33554432,369.49,,
0,bench/30gib-7.bin,92,33554432,731.65,,
0,bench/30gib-7.bin,93,33554432,804.83,,
0,bench/30gib-7.bin,94,33554432,792.44,,
0,bench/30gib-7.bin,95,33554432,715.37,,
0,bench/30gib-7.bin,96,33554432,1087.01,,
0,bench/30gib-7.bin,97,33554432,694.94,,
0,bench/30gib-7.bin,98,33554432,553.91,,
0,bench/30gib-7.bin,99,33554432,867.08,,
0,bench/30gib-7.bin,100,33554432,578.09,,
0,bench/30gib-7.bin,101,33554432,889.95,,
0,bench/30gib-7.bin,102,33554432,712.80,,
0,bench/30gib-7.bin,103,33554432,543.75,,
0,bench/30gib-7.bin,104,33554432,923.14,,
0,bench/30gib-7.bin,105,33554432,633.08,,
0,bench/30gib-7.bin,106,33554432,1376.33,,
0,bench/30gib-7.bin,107,33554432,568.63,,
0,bench/30gib-7.bin,108,33554432,772.91,,
0,bench/30gib-7.bin,109,33554432,602.18,,
0,bench/30gib-7.bin,110,33554432,671.37,,
0,bench/30gib-7.bin,111,33554432,803.90,,
0,bench/30gib-7.bin,112,33554432,668.75,,
0,bench/30gib-7.bin,113,33554432,581.53,,
0,bench/30gib-7.bin,114,33554432,650.19,,
0,bench/30gib-7.bin,115,33554432,607.91,,
0,bench/30gib-7.bin,116,33554432,1101.70,,
0,bench/30gib-7.bin,117,33554432,866.34,,
0,bench/30gib-7.bin,118,33554432,585.45,,
0,bench/30gib-7.bin,119,33554432,748.11,,
0,bench/30gib-7.bin,120,33554432,1187.59,,
0,bench/30gib-7.bin,121,33554432,878.49,,
0,bench/30gib-7.bin,122,33554432,895.55,,
0,bench/30gib-7.bin,123,33554432,736.56,,
0,bench/30gib-7.bin,124,33554432,436.21,,
0,bench/30gib-7.bin,125,33554432,563.62,,
0,bench/30gib-7.bin,126,33554432,1139.57,,
0,bench/30gib-7.bin,127,33554432,765.79,,
0,bench/30gib-7.bin,128,33554432,1141.99,,
0,bench/30gib-7.bin,129,33554432,723.56,,
0,bench/30gib-7.bin,130,33554432,700.16,,
0,bench/30gib-7.bin,131,33554432,1111.90,,
0,bench/30gib-7.bin,132,33554432,905.52,,
0,bench/30gib-7.bin,133,33554432,771.05,,
0,bench/30gib-7.bin,134,33554432,525.73,,
0,bench/30gib-7.bin,135,33554432,767.47,,
0,bench/30gib-7.bin,136,33554432,564.64,,
0,bench/30gib-7.bin,137,33554432,529.05,,
0,bench/30gib-7.bin,138,33554432,568.57,,
0,bench/30gib-7.bin,139,33554432,524.87,,
0,bench/30gib-7.bin,140,33554432,380.30,,
0,bench/30gib-7.bin,141,33554432,1077.58,,
0,bench/30gib-7.bin,142,33554432,627.97,,
0,bench/30gib-7.bin,143,33554432,811.09,,
0,bench/30gib-7.bin,144,33554432,553.01,,
0,bench/30gib-7.bin,145,33554432,534.88,,
0,bench/30gib-7.bin,146,33554432,779.32,,
0,bench/30gib-7.bin,147,33554432,931.55,,
0,bench/30gib-7.bin,148,33554432,608.87,,
0,bench/30gib-7.bin,149,33554432,1166.59,,
0,bench/30gib-7.bin,150,33554432,479.67,,
0,bench/30gib-7.bin,151,33554432,469.82,,
0,bench/30gib-7.bin,152,33554432,679.53,,
0,bench/30gib-7.bin,153,33554432,524.61,,
0,bench/30gib-7.bin,154,33554432,657.55,,
0,bench/30gib-7.bin,155,33554432,760.98,,
0,bench/30gib-7.bin,156,33554432,756.19,,
0,bench/30gib-7.bin,157,33554432,518.05,,
0,bench/30gib-7.bin,158,33554432,596.44,,
0,bench/30gib-7.bin,159,33554432,567.27,,
0,bench/30gib-7.bin,160,33554432,760.73,,
0,bench/30gib-7.bin,161,33554432,606.19,,
0,bench/30gib-7.bin,162,33554432,487.29,,
0,bench/30gib-7.bin,163,33554432,569.70,,
0,bench/30gib-7.bin,164,33554432,470.98,,
0,bench/30gib-7.bin,165,33554432,555.70,,
0,bench/30gib-7.bin,166,33554432,756.63,,
0,bench/30gib-7.bin,167,33554432,988.17,,
0,bench/30gib-7.bin,168,33554432,570.52,,
0,bench/30gib-7.bin,169,33554432,651.58,,
0,bench/30gib-7.bin,170,33554432,757.43,,
0,bench/30gib-7.bin,171,33554432,384.11,,
0,bench/30gib-7.bin,172,33554432,483.02,,
0,bench/30gib-7.bin,173,33554432,1279.54,,
0,bench/30gib-7.bin,174,33554432,972.46,,
0,bench/30gib-7.bin,175,33554432,1030.20,,
0,bench/30gib-7.bin,176,33554432,500.11,,
0,bench/30gib-7.bin,177,33554432,405.14,,
0,bench/30gib-7.bin,178,33554432,721.73,,
0,bench/30gib-7.bin,179,33554432,1106.48,,
0,bench/30gib-7.bin,180,33554432,775.90,,
0,bench/30gib-7.bin,181,33554432,748.91,,
0,bench/30gib-7.bin,182,33554432,885.93,,
0,bench/30gib-7.bin,183,33554432,590.55,,
0,bench/30gib-7.bin,184,33554432,783.37,,
0,bench/30gib-7.bin,185,33554432,1040.66,,
0,bench/30gib-7.bin,186,33554432,771.49,,
0,bench/30gib-7.bin,187,33554432,554.39,,
0,bench/30gib-7.bin,188,33554432,497.09,,
0,bench/30gib-7.bin,189,33554432,651.59,,
0,bench/30gib-7.bin,190,33554432,512.75,,
0,bench/30gib-7.bin,191,33554432,1184.99,,
0,bench/30gib-7.bin,192,33554432,639.44,,
0,bench/30gib-7.bin,193,33554432,573.68,,
0,bench/30gib-7.bin,194,33554432,838.56,,
0,bench/30gib-7.bin,195,33554432,826.08,,
0,bench/30gib-7.bin,196,33554432,667.10,,
0,bench/30gib-7.bin,197,33554432,581.04,,
0,bench/30gib-7.bin,198,33554432,472.80,,
0,bench/30gib-7.bin,199,33554432,816.00,,
0,bench/30gib-7.bin,200,33554432,749.05,,
0,bench/30gib-7.bin,201,33554432,926.76,,
0,bench/30gib-7.bin,202,33554432,444.66,,
0,bench/30gib-7.bin,203,33554432,902.07,,
0,bench/30gib-7.bin,204,33554432,459.35,,
0,bench/30gib-7.bin,205,33554432,1002.27,,
0,bench/30gib-7.bin,206,33554432,524.63,,
0,bench/30gib-7.bin,207,33554432,491.13,,
0,bench/30gib-7.bin,208,33554432,909.94,,
0,bench/30gib-7.bin,209,33554432,865.98,,
0,bench/30gib-7.bin,210,33554432,551.83,,
0,bench/30gib-7.bin,211,33554432,630.35,,
0,bench/30gib-7.bin,212,33554432,712.75,,
0,bench/30gib-7.bin,213,33554432,536.68,,
0,bench/30gib-7.bin,214,33554432,458.65,,
0,bench/30gib-7.bin,215,33554432,1054.25,,
0,bench/30gib-7.bin,216,33554432,553.18,,
0,bench/30gib-7.bin,217,33554432,650.88,,
0,bench/30gib-7.bin,218,33554432,745.90,,
0,bench/30gib-7.bin,219,33554432,462.32,,
0,bench/30gib-7.bin,220,33554432,732.76,,
0,bench/30gib-7.bin,221,33554432,777.25,,
0,bench/30gib-7.bin,222,33554432,749.80,,
0,bench/30gib-7.bin,223,33554432,659.35,,
0,bench/30gib-7.bin,224,33554432,418.42,,
0,bench/30gib-7.bin,225,33554432,638.00,,
0,bench/30gib-7.bin,226,33554432,668.75,,
0,bench/30gib-7.bin,227,33554432,632.90,,
0,bench/30gib-7.bin,228,33554432,800.79,,
0,bench/30gib-7.bin,229,33554432,744.45,,
0,bench/30gib-7.bin,230,33554432,674.08,,
0,bench/30gib-7.bin,231,33554432,917.36,,
0,bench/30gib-7.bin,232,33554432,609.67,,
0,bench/30gib-7.bin,233,33554432,725.92,,
0,bench/30gib-7.bin,234,33554432,628.69,,
0,bench/30gib-7.bin,235,33554432,676.93,,
0,bench/30gib-7.bin,236,33554432,519.61,,
0,bench/30gib-7.bin,237,33554432,588.26,,
0,bench/30gib-7.bin,238,33554432,685.84,,
0,bench/30gib-7.bin,239,33554432,783.00,,
0,bench/30gib-7.bin,240,33554432,1153.66,,
0,bench/30gib-7.bin,241,33554432,591.33,,
0,bench/30gib-7.bin,242,33554432,995.23,,
0,bench/30gib-7.bin,243,33554432,775.70,,
0,bench/30gib-7.bin,244,33554432,708.38,,
0,bench/30gib-7.bin,245,33554432,604.83,,
0,bench/30gib-7.bin,246,33554432,955.90,,
0,bench/30gib-7.bin,247,33554432,810.85,,
0,bench/30gib-7.bin,248,33554432,531.99,,
0,bench/30gib-7.bin,249,33554432,763.21,,
0,bench/30gib-7.bin,250,33554432,982.41,,
0,bench/30gib-7.bin,251,33554432,494.69,,
0,bench/30gib-7.bin,252,33554432,527.13,,
0,bench/30gib-7.bin,253,33554432,637.63,,
0,bench/30gib-7.bin,254,33554432,762.02,,
0,bench/30gib-7.bin,255,33554432,522.15,,
0,bench/30gib-7.bin,256,33554432,535.40,,
0,bench/30gib-7.bin,257,33554432,908.72,,
0,bench/30gib-7.bin,258,33554432,598.49,,
0,bench/30gib-7.bin,259,33554432,605.86,,
0,bench/30gib-7.bin,260,33554432,530.29,,
0,bench/30gib-7.bin,261,33554432,547.65,,
0,bench/30gib-7.bin,262,33554432,676.06,,
0,bench/30gib-7.bin,263,33554432,417.31,,
0,bench/30gib-7.bin,264,33554432,515.02,,
0,bench/30gib-7.bin,265,33554432,418.10,,
0,bench/30gib-7.bin,266,33554432,901.21,,
0,bench/30gib-7.bin,267,33554432,516.16,,
0,bench/30gib-7.bin,268,33554432,601.08,,
0,bench/30gib-7.bin,269,33554432,974.34,,
0,bench/30gib-7.bin,270,33554432,500.82,,
0,bench/30gib-7.bin,271,33554432,563.27,,
0,bench/30gib-7.bin,272,33554432,710.95,,
0,bench/30gib-7.bin,273,33554432,523.74,,
0,bench/30gib-7.bin,274,33554432,470.12,,
0,bench/30gib-7.bin,275,33554432,636.39,,
0,bench/30gib-7.bin,276,33554432,611.33,,
0,bench/30gib-7.bin,277,33554432,788.14,,
0,bench/30gib-7.bin,278,33554432,1183.11,,
0,bench/30gib-7.bin,279,33554432,876.06,,
0,bench/30gib-7.bin,280,33554432,534.58,,
0,bench/30gib-7.bin,281,33554432,595.13,,
0,bench/30gib-7.bin,282,33554432,798.64,,
0,bench/30gib-7.bin,283,33554432,415.29,,
0,bench/30gib-7.bin,284,33554432,543.94,,
0,bench/30gib-7.bin,285,33554432,855.29,,
0,bench/30gib-7.bin,286,33554432,478.70,,
0,bench/30gib-7.bin,287,33554432,704.33,,
0,bench/30gib-7.bin,288,33554432,934.33,,
0,bench/30gib-7.bin,289,33554432,633.31,,
0,bench/30gib-7.bin,290,33554432,672.69,,
0,bench/30gib-7.bin,291,33554432,853.96,,
0,bench/30gib-7.bin,292,33554432,562.07,,
0,bench/30gib-7.bin,293,33554432,618.38,,
0,bench/30gib-7.bin,294,33554432,944.95,,
0,bench/30gib-7.bin,295,33554432,815.96,,
0,bench/30gib-7.bin,296,33554432,986.89,,
0,bench/30gib-7.bin,297,33554432,915.85,,
0,bench/30gib-7.bin,298,33554432,622.64,,
0,bench/30gib-7.bin,299,33554432,482.56,,
0,bench/30gib-7.bin,300,33554432,490.03,,
0,bench/30gib-7.bin,301,33554432,451.82,,
0,bench/30gib-7.bin,302,33554432,738.95,,
0,bench/30gib-7.bin,303,33554432,525.99,,
0,bench/30gib-7.bin,304,33554432,490.77,,
0,bench/30gib-7.bin,305,33554432,751.83,,
0,bench/30gib-7.bin,306,33554432,600.28,,
0,bench/30gib-7.bin,307,33554432,491.73,,
0,bench/30gib-7.bin,308,33554432,518.32,,
0,bench/30gib-7.bin,309,33554432,506.80,,
0,bench/30gib-7.bin,310,33554432,802.10,,
0,bench/30gib-7.bin,311,33554432,656.93,,
0,bench/30gib-7.bin,312,33554432,987.29,,
0,bench/30gib-7.bin,313,33554432,472.23,,
0,bench/30gib-7.bin,314,33554432,738.81,,
0,bench/30gib-7.bin,315,33554432,654.77,,
0,bench/30gib-7.bin,316,33554432,519.40,,
0,bench/30gib-7.bin,317,33554432,690.56,,
0,bench/30gib-7.bin,318,33554432,473.02,,
0,bench/30gib-7.bin,319,33554432,630.14,,
0,bench/30gib-7.bin,320,33554432,391.79,,
0,bench/30gib-7.bin,321,33554432,561.53,,
0,bench/30gib-7.bin,322,33554432,846.62,,
0,bench/30gib-7.bin,323,33554432,683.95,,
0,bench/30gib-7.bin,324,33554432,738.08,,
0,bench/30gib-7.bin,325,33554432,454.47,,
0,bench/30gib-7.bin,326,33554432,696.62,,
0,bench/30gib-7.bin,327,33554432,697.36,,
0,bench/30gib-7.bin,328,33554432,608.34,,
0,bench/30gib-7.bin,329,33554432,432.92,,
0,bench/30gib-7.bin,330,33554432,454.93,,
0,bench/30gib-7.bin,331,33554432,1044.21,,
0,bench/30gib-7.bin,332,33554432,801.32,,
0,bench/30gib-7.bin,333,33554432,1102.36,,
0,bench/30gib-7.bin,334,33554432,1229.68,,
0,bench/30gib-7.bin,335,33554432,433.38,,
0,bench/30gib-7.bin,336,33554432,736.05,,
0,bench/30gib-7.bin,337,33554432,855.24,,
0,bench/30gib-7.bin,338,33554432,625.43,,
0,bench/30gib-7.bin,339,33554432,1044.58,,
0,bench/30gib-7.bin,340,33554432,663.91,,
0,bench/30gib-7.bin,341,33554432,1136.00,,
0,bench/30gib-7.bin,342,33554432,397.41,,
0,bench/30gib-7.bin,343,33554432,443.89,,
0,bench/30gib-7.bin,344,33554432,598.94,,
0,bench/30gib-7.bin,345,33554432,480.98,,
0,bench/30gib-7.bin,346,33554432,588.32,,
0,bench/30gib-7.bin,347,33554432,740.77,,
0,bench/30gib-7.bin,348,33554432,812.82,,
0,bench/30gib-7.bin,349,33554432,658.94,,
0,bench/30gib-7.bin,350,33554432,506.67,,
0,bench/30gib-7.bin,351,33554432,1053.77,,
0,bench/30gib-7.bin,352,33554432,589.27,,
0,bench/30gib-7.bin,353,33554432,543.87,,
0,bench/30gib-7.bin,354,33554432,687.95,,
0,bench/30gib-7.bin,355,33554432,604.87,,
0,bench/30gib-7.bin,356,33554432,566.28,,
0,bench/30gib-7.bin,357,33554432,800.10,,
0,bench/30gib-7.bin,358,33554432,519.79,,
0,bench/30gib-7.bin,359,33554432,419.28,,
0,bench/30gib-7.bin,360,33554432,506.46,,
0,bench/30gib-7.bin,361,33554432,838.27,,
0,bench/30gib-7.bin,362,33554432,755.10,,
0,bench/30gib-7.bin,363,33554432,812.22,,
0,bench/30gib-7.bin,364,33554432,609.11,,
0,bench/30gib-7.bin,365,33554432,459.25,,
0,bench/30gib-7.bin,366,33554432,531.55,,
0,bench/30gib-7.bin,367,33554432,582.32,,
0,bench/30gib-7.bin,368,33554432,726.12,,
0,bench/30gib-7.bin,369,33554432,531.30,,
0,bench/30gib-7.bin,370,33554432,770.79,,
0,bench/30gib-7.bin,371,33554432,1145.98,,
0,bench/30gib-7.bin,372,33554432,766.70,,
0,bench/30gib-7.bin,373,33554432,749.45,,
0,bench/30gib-7.bin,374,33554432,753.03,,
0,bench/30gib-7.bin,375,33554432,814.70,,
0,bench/30gib-7.bin,376,33554432,450.39,,
0,bench/30gib-7.bin,377,33554432,734.12,,
0,bench/30gib-7.bin,378,33554432,689.98,,
0,bench/30gib-7.bin,379,33554432,357.80,,
0,bench/30gib-7.bin,380,33554432,1197.67,,
0,bench/30gib-7.bin,381,33554432,344.22,,
0,bench/30gib-7.bin,382,33554432,764.95,,
0,bench/30gib-7.bin,383,33554432,884.04,,
0,bench/30gib-7.bin,384,33554432,547.88,,
0,bench/30gib-7.bin,385,33554432,549.75,,
0,bench/30gib-7.bin,386,33554432,398.53,,
0,bench/30gib-7.bin,387,33554432,607.39,,
0,bench/30gib-7.bin,388,33554432,587.94,,
0,bench/30gib-7.bin,389,33554432,590.47,,
0,bench/30gib-7.bin,390,33554432,511.77,,
0,bench/30gib-7.bin,391,33554432,495.99,,
0,bench/30gib-7.bin,392,33554432,657.29,,
0,bench/30gib-7.bin,393,33554432,586.54,,
0,bench/30gib-7.bin,394,33554432,506.48,,
0,bench/30gib-7.bin,395,33554432,1100.85,,
0,bench/30gib-7.bin,396,33554432,418.46,,
0,bench/30gib-7.bin,397,33554432,1114.66,,
0,bench/30gib-7.bin,398,33554432,695.79,,
0,bench/30gib-7.bin,399,33554432,561.93,,
0,bench/30gib-7.bin,400,33554432,1006.06,,
0,bench/30gib-7.bin,401,33554432,591.67,,
0,bench/30gib-7.bin,402,33554432,504.22,,
0,bench/30gib-7.bin,403,33554432,1004.96,,
0,bench/30gib-7.bin,404,33554432,582.87,,
0,bench/30gib-7.bin,405,33554432,593.33,,
0,bench/30gib-7.bin,406,33554432,530.83,,
0,bench/30gib-7.bin,407,33554432,526.66,,
0,bench/30gib-7.bin,408,33554432,809.56,,
0,bench/30gib-7.bin,409,33554432,1042.09,,
0,bench/30gib-7.bin,410,33554432,685.83,,
0,bench/30gib-7.bin,411,33554432,965.40,,
0,bench/30gib-7.bin,412,33554432,453.31,,
0,bench/30gib-7.bin,413,33554432,378.60,,
0,bench/30gib-7.bin,414,33554432,485.61,,
0,bench/30gib-7.bin,415,33554432,492.32,,
0,bench/30gib-7.bin,416,33554432,768.00,,
0,bench/30gib-7.bin,417,33554432,837.67,,
0,bench/30gib-7.bin,418,33554432,1081.98,,
0,bench/30gib-7.bin,419,33554432,592.44,,
0,bench/30gib-7.bin,420,33554432,628.90,,
0,bench/30gib-7.bin,421,33554432,811.04,,
0,bench/30gib-7.bin,422,33554432,635.78,,
0,bench/30gib-7.bin,423,33554432,625.74,,
0,bench/30gib-7.bin,424,33554432,656.22,,
0,bench/30gib-7.bin,425,33554432,537.21,,
0,bench/30gib-7.bin,426,33554432,892.03,,
0,bench/30gib-7.bin,427,33554432,852.23,,
0,bench/30gib-7.bin,428,33554432,687.47,,
0,bench/30gib-7.bin,429,33554432,879.90,,
0,bench/30gib-7.bin,430,33554432,663.95,,
0,bench/30gib-7.bin,431,33554432,594.86,,
0,bench/30gib-7.bin,432,33554432,417.94,,
0,bench/30gib-7.bin,433,33554432,467.10,,
0,bench/30gib-7.bin,434,33554432,985.59,,
0,bench/30gib-7.bin,435,33554432,775.06,,
0,bench/30gib-7.bin,436,33554432,537.75,,
0,bench/30gib-7.bin,437,33554432,668.46,,
0,bench/30gib-7.bin,438,33554432,811.85,,
0,bench/30gib-7.bin,439,33554432,501.29,,
0,bench/30gib-7.bin,440,33554432,693.63,,
0,bench/30gib-7.bin,441,33554432,737.77,,
0,bench/30gib-7.bin,442,33554432,609.36,,
0,bench/30gib-7.bin,443,33554432,462.66,,
0,bench/30gib-7.bin,444,33554432,503.65,,
0,bench/30gib-7.bin,445,33554432,764.20,,
0,bench/30gib-7.bin,446,33554432,463.91,,
0,bench/30gib-7.bin,447,33554432,943.78,,
0,bench/30gib-7.bin,448,33554432,807.12,,
0,bench/30gib-7.bin,449,33554432,656.52,,
0,bench/30gib-7.bin,450,33554432,603.97,,
0,bench/30gib-7.bin,451,33554432,723.75,,
0,bench/30gib-7.bin,452,33554432,642.47,,
0,bench/30gib-7.bin,453,33554432,555.53,,
0,bench/30gib-7.bin,454,33554432,535.93,,
0,bench/30gib-7.bin,455,33554432,1100.82,,
0,bench/30gib-7.bin,456,33554432,739.95,,
0,bench/30gib-7.bin,457,33554432,555.50,,
0,bench/30gib-7.bin,458,33554432,618.84,,
0,bench/30gib-7.bin,459,33554432,607.47,,
0,bench/30gib-7.bin,460,33554432,518.28,,
0,bench/30gib-7.bin,461,33554432,389.28,,
0,bench/30gib-7.bin,462,33554432,750.29,,
0,bench/30gib-7.bin,463,33554432,629.43,,
0,bench/30gib-7.bin,464,33554432,613.03,,
0,bench/30gib-7.bin,465,33554432,646.69,,
0,bench/30gib-7.bin,466,33554432,633.00,,
0,bench/30gib-7.bin,467,33554432,687.15,,
0,bench/30gib-7.bin,468,33554432,1000.67,,
0,bench/30gib-7.bin,469,33554432,472.16,,
0,bench/30gib-7.bin,470,33554432,937.82,,
0,bench/30gib-7.bin,471,33554432,599.63,,
0,bench/30gib-7.bin,472,33554432,471.22,,
0,bench/30gib-7.bin,473,33554432,533.81,,
0,bench/30gib-7.bin,474,33554432,579.65,,
0,bench/30gib-7.bin,475,33554432,725.26,,
0,bench/30gib-7.bin,476,33554432,654.50,,
0,bench/30gib-7.bin,477,33554432,349.30,,
0,bench/30gib-7.bin,478,33554432,418.28,,
0,bench/30gib-7.bin,479,33554432,541.67,,
0,bench/30gib-7.bin,480,33554432,655.34,,
0,bench/30gib-7.bin,481,33554432,607.37,,
0,bench/30gib-7.bin,482,33554432,1146.82,,
0,bench/30gib-7.bin,483,33554432,658.22,,
0,bench/30gib-7.bin,484,33554432,594.55,,
0,bench/30gib-7.bin,485,33554432,608.26,,
0,bench/30gib-7.bin,486,33554432,921.61,,
0,bench/30gib-7.bin,487,33554432,693.06,,
0,bench/30gib-7.bin,488,33554432,651.27,,
0,bench/30gib-7.bin,489,33554432,709.04,,
0,bench/30gib-7.bin,490,33554432,673.98,,
0,bench/30gib-7.bin,491,33554432,1158.72,,
0,bench/30gib-7.bin,492,33554432,775.79,,
0,bench/30gib-7.bin,493,33554432,1028.40,,
0,bench/30gib-7.bin,494,33554432,689.45,,
0,bench/30gib-7.bin,495,33554432,783.56,,
0,bench/30gib-7.bin,496,33554432,1313.01,,
0,bench/30gib-7.bin,497,33554432,408.04,,
0,bench/30gib-7.bin,498,33554432,548.85,,
0,bench/30gib-7.bin,499,33554432,522.43,,
0,bench/30gib-7.bin,500,33554432,576.72,,
0,bench/30gib-7.bin,501,33554432,849.04,,
0,bench/30gib-7.bin,502,33554432,636.56,,
0,bench/30gib-7.bin,503,33554432,553.41,,
0,bench/30gib-7.bin,504,33554432,621.19,,
0,bench/30gib-7.bin,505,33554432,644.28,,
0,bench/30gib-7.bin,506,33554432,524.50,,
0,bench/30gib-7.bin,507,33554432,763.75,,
0,bench/30gib-7.bin,508,33554432,723.18,,
0,bench/30gib-7.bin,509,33554432,423.04,,
0,bench/30gib-7.bin,510,33554432,485.61,,
0,bench/30gib-7.bin,511,33554432,393.02,,
0,bench/30gib-7.bin,512,33554432,505.76,,
0,bench/30gib-7.bin,513,33554432,524.18,,
0,bench/30gib-7.bin,514,33554432,658.23,,
0,bench/30gib-7.bin,515,33554432,636.55,,
0,bench/30gib-7.bin,516,33554432,607.24,,
0,bench/30gib-7.bin,517,33554432,632.78,,
0,bench/30gib-7.bin,518,33554432,665.26,,
0,bench/30gib-7.bin,519,33554432,825.80,,
0,bench/30gib-7.bin,520,33554432,639.01,,
0,bench/30gib-7.bin,521,33554432,738.70,,
0,bench/30gib-7.bin,522,33554432,650.73,,
0,bench/30gib-7.bin,523,33554432,481.02,,
0,bench/30gib-7.bin,524,33554432,825.33,,
0,bench/30gib-7.bin,525,33554432,776.18,,
0,bench/30gib-7.bin,526,33554432,596.70,,
0,bench/30gib-7.bin,527,33554432,790.91,,
0,bench/30gib-7.bin,528,33554432,941.40,,
0,bench/30gib-7.bin,529,33554432,661.39,,
0,bench/30gib-7.bin,530,33554432,549.03,,
0,bench/30gib-7.bin,531,33554432,552.98,,
0,bench/30gib-7.bin,532,33554432,955.37,,
0,bench/30gib-7.bin,533,33554432,957.28,,
0,bench/30gib-7.bin,534,33554432,889.27,,
0,bench/30gib-7.bin,535,33554432,710.34,,
0,bench/30gib-7.bin,536,33554432,941.05,,
0,bench/30gib-7.bin,537,33554432,597.35,,
0,bench/30gib-7.bin,538,33554432,460.61,,
0,bench/30gib-7.bin,539,33554432,693.47,,
0,bench/30gib-7.bin,540,33554432,687.68,,
0,bench/30gib-7.bin,541,33554432,449.41,,
0,bench/30gib-7.bin,542,33554432,732.38,,
0,bench/30gib-7.bin,543,33554432,496.60,,
0,bench/30gib-7.bin,544,33554432,1059.53,,
0,bench/30gib-7.bin,545,33554432,483.62,,
0,bench/30gib-7.bin,546,33554432,1230.60,,
0,bench/30gib-7.bin,547,33554432,948.24,,
0,bench/30gib-7.bin,548,33554432,587.54,,
0,bench/30gib-7.bin,549,33554432,436.84,,
0,bench/30gib-7.bin,550,33554432,600.62,,
0,bench/30gib-7.bin,551,33554432,643.60,,
0,bench/30gib-7.bin,552,33554432,863.35,,
0,bench/30gib-7.bin,553,33554432,877.72,,
0,bench/30gib-7.bin,554,33554432,683.06,,
0,bench/30gib-7.bin,555,33554432,954.02,,
0,bench/30gib-7.bin,556,33554432,661.67,,
0,bench/30gib-7.bin,557,33554432,711.87,,
0,bench/30gib-7.bin,558,33554432,590.47,,
0,bench/30gib-7.bin,559,33554432,489.56,,
0,bench/30gib-7.bin,560,33554432,691.27,,
0,bench/30gib-7.bin,561,33554432,551.31,,
0,bench/30gib-7.bin,562,33554432,702.05,,
0,bench/30gib-7.bin,563,33554432,753.74,,
0,bench/30gib-7.bin,564,33554432,1321.90,,
0,bench/30gib-7.bin,565,33554432,692.35,,
0,bench/30gib-7.bin,566,33554432,738.48,,
0,bench/30gib-7.bin,567,33554432,444.67,,
0,bench/30gib-7.bin,568,33554432,450.43,,
0,bench/30gib-7.bin,569,33554432,671.26,,
0,bench/30gib-7.bin,570,33554432,889.02,,
0,bench/30gib-7.bin,571,33554432,504.29,,
0,bench/30gib-7.bin,572,33554432,568.44,,
0,bench/30gib-7.bin,573,33554432,487.97,,
0,bench/30gib-7.bin,574,33554432,559.83,,
0,bench/30gib-7.bin,575,33554432,916.22,,
0,bench/30gib-7.bin,576,33554432,783.02,,
0,bench/30gib-7.bin,577,33554432,668.55,,
0,bench/30gib-7.bin,578,33554432,441.89,,
0,bench/30gib-7.bin,579,33554432,446.41,,
0,bench/30gib-7.bin,580,33554432,444.59,,
0,bench/30gib-7.bin,581,33554432,564.22,,
0,bench/30gib-7.bin,582,33554432,764.14,,
0,bench/30gib-7.bin,583,33554432,885.76,,
0,bench/30gib-7.bin,584,33554432,547.04,,
0,bench/30gib-7.bin,585,33554432,610.56,,
0,bench/30gib-7.bin,586,33554432,552.14,,
0,bench/30gib-7.bin,587,33554432,812.04,,
0,bench/30gib-7.bin,588,33554432,2344.93,,
0,bench/30gib-7.bin,589,33554432,494.60,,
0,bench/30gib-7.bin,590,33554432,737.76,,
0,bench/30gib-7.bin,591,33554432,696.23,,
0,bench/30gib-7.bin,592,33554432,518.25,,
0,bench/30gib-7.bin,593,33554432,967.23,,
0,bench/30gib-7.bin,594,33554432,705.93,,
0,bench/30gib-7.bin,595,33554432,1032.93,,
0,bench/30gib-7.bin,596,33554432,668.57,,
0,bench/30gib-7.bin,597,33554432,963.76,,
0,bench/30gib-7.bin,598,33554432,1107.47,,
0,bench/30gib-7.bin,599,33554432,536.45,,
0,bench/30gib-7.bin,600,33554432,471.59,,
0,bench/30gib-7.bin,601,33554432,518.26,,
0,bench/30gib-7.bin,602,33554432,607.37,,
0,bench/30gib-7.bin,603,33554432,557.13,,
0,bench/30gib-7.bin,604,33554432,859.94,,
0,bench/30gib-7.bin,605,33554432,925.24,,
0,bench/30gib-7.bin,606,33554432,731.94,,
0,bench/30gib-7.bin,607,33554432,968.24,,
0,bench/30gib-7.bin,608,33554432,420.14,,
0,bench/30gib-7.bin,609,33554432,388.47,,
0,bench/30gib-7.bin,610,33554432,678.70,,
0,bench/30gib-7.bin,611,33554432,676.63,,
0,bench/30gib-7.bin,612,33554432,666.73,,
0,bench/30gib-7.bin,613,33554432,442.32,,
0,bench/30gib-7.bin,614,33554432,769.92,,
0,bench/30gib-7.bin,615,33554432,626.74,,
0,bench/30gib-7.bin,616,33554432,701.73,,
0,bench/30gib-7.bin,617,33554432,841.65,,
0,bench/30gib-7.bin,618,33554432,673.95,,
0,bench/30gib-7.bin,619,33554432,789.29,,
0,bench/30gib-7.bin,620,33554432,559.28,,
0,bench/30gib-7.bin,621,33554432,556.35,,
0,bench/30gib-7.bin,622,33554432,552.17,,
0,bench/30gib-7.bin,623,33554432,554.59,,
0,bench/30gib-7.bin,624,33554432,778.45,,
0,bench/30gib-7.bin,625,33554432,598.73,,
0,bench/30gib-7.bin,626,33554432,728.45,,
0,bench/30gib-7.bin,627,33554432,441.60,,
0,bench/30gib-7.bin,628,33554432,565.93,,
0,bench/30gib-7.bin,629,33554432,365.92,,
0,bench/30gib-7.bin,630,33554432,517.69,,
0,bench/30gib-7.bin,631,33554432,1268.76,,
0,bench/30gib-7.bin,632,33554432,518.03,,
0,bench/30gib-7.bin,633,33554432,699.07,,
0,bench/30gib-7.bin,634,33554432,1051.43,,
0,bench/30gib-7.bin,635,33554432,742.93,,
0,bench/30gib-7.bin,636,33554432,721.94,,
0,bench/30gib-7.bin,637,33554432,425.03,,
0,bench/30gib-7.bin,638,33554432,1029.98,,
0,bench/30gib-7.bin,639,33554432,683.45,,
0,bench/30gib-7.bin,640,33554432,608.55,,
0,bench/30gib-7.bin,641,33554432,485.69,,
0,bench/30gib-7.bin,642,33554432,637.72,,
0,bench/30gib-7.bin,643,33554432,829.06,,
0,bench/30gib-7.bin,644,33554432,793.91,,
0,bench/30gib-7.bin,645,33554432,637.98,,
0,bench/30gib-7.bin,646,33554432,504.44,,
0,bench/30gib-7.bin,647,33554432,615.40,,
0,bench/30gib-7.bin,648,33554432,763.56,,
0,bench/30gib-7.bin,649,33554432,652.30,,
0,bench/30gib-7.bin,650,33554432,531.72,,
0,bench/30gib-7.bin,651,33554432,847.56,,
0,bench/30gib-7.bin,652,33554432,531.36,,
0,bench/30gib-7.bin,653,33554432,709.67,,
0,bench/30gib-7.bin,654,33554432,771.37,,
0,bench/30gib-7.bin,655,33554432,627.46,,
0,bench/30gib-7.bin,656,33554432,727.32,,
0,bench/30gib-7.bin,657,33554432,632.51,,
0,bench/30gib-7.bin,658,33554432,684.31,,
0,bench/30gib-7.bin,659,33554432,681.87,,
0,bench/30gib-7.bin,660,33554432,501.10,,
0,bench/30gib-7.bin,661,33554432,658.58,,
0,bench/30gib-7.bin,662,33554432,360.55,,
0,bench/30gib-7.bin,663,33554432,532.92,,
0,bench/30gib-7.bin,664,33554432,450.21,,
0,bench/30gib-7.bin,665,33554432,625.37,,
0,bench/30gib-7.bin,666,33554432,834.98,,
0,bench/30gib-7.bin,667,33554432,610.62,,
0,bench/30gib-7.bin,668,33554432,582.59,,
0,bench/30gib-7.bin,669,33554432,1156.64,,
0,bench/30gib-7.bin,670,33554432,682.24,,
0,bench/30gib-7.bin,671,33554432,527.93,,
0,bench/30gib-7.bin,672,33554432,675.41,,
0,bench/30gib-7.bin,673,33554432,484.86,,
0,bench/30gib-7.bin,674,33554432,604.25,,
0,bench/30gib-7.bin,675,33554432,912.73,,
0,bench/30gib-7.bin,676,33554432,489.85,,
0,bench/30gib-7.bin,677,33554432,868.90,,
0,bench/30gib-7.bin,678,33554432,520.38,,
0,bench/30gib-7.bin,679,33554432,731.42,,
0,bench/30gib-7.bin,680,33554432,569.52,,
0,bench/30gib-7.bin,681,33554432,690.51,,
0,bench/30gib-7.bin,682,33554432,791.74,,
0,bench/30gib-7.bin,683,33554432,1019.22,,
0,bench/30gib-7.bin,684,33554432,483.12,,
0,bench/30gib-7.bin,685,33554432,704.77,,
0,bench/30gib-7.bin,686,33554432,650.48,,
0,bench/30gib-7.bin,687,33554432,608.55,,
0,bench/30gib-7.bin,688,33554432,1145.31,,
0,bench/30gib-7.bin,689,33554432,714.85,,
0,bench/30gib-7.bin,690,33554432,635.28,,
0,bench/30gib-7.bin,691,33554432,576.99,,
0,bench/30gib-7.bin,692,33554432,664.53,,
0,bench/30gib-7.bin,693,33554432,1115.64,,
0,bench/30gib-7.bin,694,33554432,947.80,,
0,bench/30gib-7.bin,695,33554432,714.59,,
0,bench/30gib-7.bin,696,33554432,646.66,,
0,bench/30gib-7.bin,697,33554432,710.45,,
0,bench/30gib-7.bin,698,33554432,728.16,,
0,bench/30gib-7.bin,699,33554432,693.74,,
0,bench/30gib-7.bin,700,33554432,558.79,,
0,bench/30gib-7.bin,701,33554432,760.92,,
0,bench/30gib-7.bin,702,33554432,781.15,,
0,bench/30gib-7.bin,703,33554432,728.87,,
0,bench/30gib-7.bin,704,33554432,1104.40,,
0,bench/30gib-7.bin,705,33554432,407.21,,
0,bench/30gib-7.bin,706,33554432,883.78,,
0,bench/30gib-7.bin,707,33554432,586.88,,
0,bench/30gib-7.bin,708,33554432,1083.78,,
0,bench/30gib-7.bin,709,33554432,1081.26,,
0,bench/30gib-7.bin,710,33554432,1043.00,,
0,bench/30gib-7.bin,711,33554432,697.56,,
0,bench/30gib-7.bin,712,33554432,999.47,,
0,bench/30gib-7.bin,713,33554432,703.63,,
0,bench/30gib-7.bin,714,33554432,555.94,,
0,bench/30gib-7.bin,715,33554432,1584.20,,
0,bench/30gib-7.bin,716,33554432,556.12,,
0,bench/30gib-7.bin,717,33554432,566.20,,
0,bench/30gib-7.bin,718,33554432,510.36,,
0,bench/30gib-7.bin,719,33554432,615.25,,
0,bench/30gib-7.bin,720,33554432,587.82,,
0,bench/30gib-7.bin,721,33554432,542.48,,
0,bench/30gib-7.bin,722,33554432,878.19,,
0,bench/30gib-7.bin,723,33554432,700.96,,
0,bench/30gib-7.bin,724,33554432,645.46,,
0,bench/30gib-7.bin,725,33554432,677.54,,
0,bench/30gib-7.bin,726,33554432,743.66,,
0,bench/30gib-7.bin,727,33554432,449.46,,
0,bench/30gib-7.bin,728,33554432,516.58,,
0,bench/30gib-7.bin,729,33554432,719.95,,
0,bench/30gib-7.bin,730,33554432,1008.76,,
0,bench/30gib-7.bin,731,33554432,687.20,,
0,bench/30gib-7.bin,732,33554432,496.97,,
0,bench/30gib-7.bin,733,33554432,865.70,,
0,bench/30gib-7.bin,734,33554432,574.04,,
0,bench/30gib-7.bin,735,33554432,428.33,,
0,bench/30gib-7.bin,736,33554432,706.94,,
0,bench/30gib-7.bin,737,33554432,858.53,,
0,bench/30gib-7.bin,738,33554432,809.09,,
0,bench/30gib-7.bin,739,33554432,673.09,,
0,bench/30gib-7.bin,740,33554432,536.92,,
0,bench/30gib-7.bin,741,33554432,897.44,,
0,bench/30gib-7.bin,742,33554432,1247.94,,
0,bench/30gib-7.bin,743,33554432,780.85,,
0,bench/30gib-7.bin,744,33554432,816.83,,
0,bench/30gib-7.bin,745,33554432,1289.64,,
0,bench/30gib-7.bin,746,33554432,625.35,,
0,bench/30gib-7.bin,747,33554432,710.21,,
0,bench/30gib-7.bin,748,33554432,1196.24,,
0,bench/30gib-7.bin,749,33554432,669.55,,
0,bench/30gib-7.bin,750,33554432,606.29,,
0,bench/30gib-7.bin,751,33554432,1147.49,,
0,bench/30gib-7.bin,752,33554432,721.76,,
0,bench/30gib-7.bin,753,33554432,797.95,,
0,bench/30gib-7.bin,754,33554432,531.94,,
0,bench/30gib-7.bin,755,33554432,870.41,,
0,bench/30gib-7.bin,756,33554432,701.70,,
0,bench/30gib-7.bin,757,33554432,780.76,,
0,bench/30gib-7.bin,758,33554432,875.85,,
0,bench/30gib-7.bin,759,33554432,500.73,,
0,bench/30gib-7.bin,760,33554432,711.85,,
0,bench/30gib-7.bin,761,33554432,649.89,,
0,bench/30gib-7.bin,762,33554432,591.04,,
0,bench/30gib-7.bin,763,33554432,719.74,,
0,bench/30gib-7.bin,764,33554432,756.82,,
0,bench/30gib-7.bin,765,33554432,808.77,,
0,bench/30gib-7.bin,766,33554432,625.13,,
0,bench/30gib-7.bin,767,33554432,960.69,,
0,bench/30gib-7.bin,768,33554432,1027.88,,
0,bench/30gib-7.bin,769,33554432,959.15,,
0,bench/30gib-7.bin,770,33554432,537.36,,
0,bench/30gib-7.bin,771,33554432,600.74,,
0,bench/30gib-7.bin,772,33554432,1054.38,,
0,bench/30gib-7.bin,773,33554432,885.93,,
0,bench/30gib-7.bin,774,33554432,887.49,,
0,bench/30gib-7.bin,775,33554432,1014.47,,
0,bench/30gib-7.bin,776,33554432,663.66,,
0,bench/30gib-7.bin,777,33554432,768.67,,
0,bench/30gib-7.bin,778,33554432,629.28,,
0,bench/30gib-7.bin,779,33554432,605.73,,
0,bench/30gib-7.bin,780,33554432,654.30,,
0,bench/30gib-7.bin,781,33554432,720.53,,
0,bench/30gib-7.bin,782,33554432,541.91,,
0,bench/30gib-7.bin,783,33554432,580.93,,
0,bench/30gib-7.bin,784,33554432,1088.19,,
0,bench/30gib-7.bin,785,33554432,717.34,,
0,bench/30gib-7.bin,786,33554432,746.28,,
0,bench/30gib-7.bin,787,33554432,628.05,,
0,bench/30gib-7.bin,788,33554432,672.97,,
0,bench/30gib-7.bin,789,33554432,1089.30,,
0,bench/30gib-7.bin,790,33554432,589.63,,
0,bench/30gib-7.bin,791,33554432,736.59,,
0,bench/30gib-7.bin,792,33554432,993.68,,
0,bench/30gib-7.bin,793,33554432,1045.16,,
0,bench/30gib-7.bin,794,33554432,808.54,,
0,bench/30gib-7.bin,795,33554432,575.52,,
0,bench/30gib-7.bin,796,33554432,1214.40,,
0,bench/30gib-7.bin,797,33554432,577.24,,
0,bench/30gib-7.bin,798,33554432,593.12,,
0,bench/30gib-7.bin,799,33554432,579.09,,
0,bench/30gib-7.bin,800,33554432,532.32,,
0,bench/30gib-7.bin,801,33554432,592.31,,
0,bench/30gib-7.bin,802,33554432,714.32,,
0,bench/30gib-7.bin,803,33554432,671.99,,
0,bench/30gib-7.bin,804,33554432,549.78,,
0,bench/30gib-7.bin,805,33554432,657.61,,
0,bench/30gib-7.bin,806,33554432,705.43,,
0,bench/30gib-7.bin,807,33554432,824.01,,
0,bench/30gib-7.bin,808,33554432,666.44,,
0,bench/30gib-7.bin,809,33554432,589.57,,
0,bench/30gib-7.bin,810,33554432,629.14,,
0,bench/30gib-7.bin,811,33554432,814.46,,
0,bench/30gib-7.bin,812,33554432,678.01,,
0,bench/30gib-7.bin,813,33554432,855.59,,
0,bench/30gib-7.bin,814,33554432,1146.66,,
0,bench/30gib-7.bin,815,33554432,650.36,,
0,bench/30gib-7.bin,816,33554432,498.26,,
0,bench/30gib-7.bin,817,33554432,769.28,,
0,bench/30gib-7.bin,818,33554432,846.25,,
0,bench/30gib-7.bin,819,33554432,545.93,,
0,bench/30gib-7.bin,820,33554432,688.37,,
0,bench/30gib-7.bin,821,33554432,868.14,,
0,bench/30gib-7.bin,822,33554432,639.96,,
0,bench/30gib-7.bin,823,33554432,725.89,,
0,bench/30gib-7.bin,824,33554432,870.22,,
0,bench/30gib-7.bin,825,33554432,833.31,,
0,bench/30gib-7.bin,826,33554432,566.27,,
0,bench/30gib-7.bin,827,33554432,803.47,,
0,bench/30gib-7.bin,828,33554432,669.53,,
0,bench/30gib-7.bin,829,33554432,589.86,,
0,bench/30gib-7.bin,830,33554432,707.74,,
0,bench/30gib-7.bin,831,33554432,737.18,,
0,bench/30gib-7.bin,832,33554432,571.30,,
0,bench/30gib-7.bin,833,33554432,737.57,,
0,bench/30gib-7.bin,834,33554432,970.10,,
0,bench/30gib-7.bin,835,33554432,1107.76,,
0,bench/30gib-7.bin,836,33554432,548.63,,
0,bench/30gib-7.bin,837,33554432,917.73,,
0,bench/30gib-7.bin,838,33554432,664.70,,
0,bench/30gib-7.bin,839,33554432,1251.20,,
0,bench/30gib-7.bin,840,33554432,897.93,,
0,bench/30gib-7.bin,841,33554432,621.83,,
0,bench/30gib-7.bin,842,33554432,633.71,,
0,bench/30gib-7.bin,843,33554432,593.16,,
0,bench/30gib-7.bin,844,33554432,702.37,,
0,bench/30gib-7.bin,845,33554432,672.02,,
0,bench/30gib-7.bin,846,33554432,569.51,,
0,bench/30gib-7.bin,847,33554432,667.08,,
0,bench/30gib-7.bin,848,33554432,813.77,,
0,bench/30gib-7.bin,849,33554432,1229.08,,
0,bench/30gib-7.bin,850,33554432,1207.10,,
0,bench/30gib-7.bin,851,33554432,869.87,,
0,bench/30gib-7.bin,852,33554432,584.89,,
0,bench/30gib-7.bin,853,33554432,1090.92,,
0,bench/30gib-7.bin,854,33554432,999.52,,
0,bench/30gib-7.bin,855,33554432,564.54,,
0,bench/30gib-7.bin,856,33554432,545.55,,
0,bench/30gib-7.bin,857,33554432,1042.04,,
0,bench/30gib-7.bin,858,33554432,764.65,,
0,bench/30gib-7.bin,859,33554432,544.87,,
0,bench/30gib-7.bin,860,33554432,716.97,,
0,bench/30gib-7.bin,861,33554432,723.62,,
0,bench/30gib-7.bin,862,33554432,750.70,,
0,bench/30gib-7.bin,863,33554432,824.28,,
0,bench/30gib-7.bin,864,33554432,1051.94,,
0,bench/30gib-7.bin,865,33554432,701.37,,
0,bench/30gib-7.bin,866,33554432,736.37,,
0,bench/30gib-7.bin,867,33554432,1224.35,,
0,bench/30gib-7.bin,868,33554432,830.09,,
0,bench/30gib-7.bin,869,33554432,600.48,,
0,bench/30gib-7.bin,870,33554432,552.27,,
0,bench/30gib-7.bin,871,33554432,921.04,,
0,bench/30gib-7.bin,872,33554432,556.98,,
0,bench/30gib-7.bin,873,33554432,670.22,,
0,bench/30gib-7.bin,874,33554432,526.56,,
0,bench/30gib-7.bin,875,33554432,640.43,,
0,bench/30gib-7.bin,876,33554432,862.22,,
0,bench/30gib-7.bin,877,33554432,486.84,,
0,bench/30gib-7.bin,878,33554432,630.12,,
0,bench/30gib-7.bin,879,33554432,565.51,,
0,bench/30gib-7.bin,880,33554432,585.97,,
0,bench/30gib-7.bin,881,33554432,917.09,,
0,bench/30gib-7.bin,882,33554432,1016.23,,
0,bench/30gib-7.bin,883,33554432,638.55,,
0,bench/30gib-7.bin,884,33554432,760.27,,
0,bench/30gib-7.bin,885,33554432,1153.65,,
0,bench/30gib-7.bin,886,33554432,1028.17,,
0,bench/30gib-7.bin,887,33554432,1470.33,,
0,bench/30gib-7.bin,888,33554432,835.87,,
0,bench/30gib-7.bin,889,33554432,823.13,,
0,bench/30gib-7.bin,890,33554432,984.53,,
0,bench/30gib-7.bin,891,33554432,543.13,,
0,bench/30gib-7.bin,892,33554432,662.42,,
0,bench/30gib-7.bin,893,33554432,703.35,,
0,bench/30gib-7.bin,894,33554432,966.21,,
0,bench/30gib-7.bin,895,33554432,643.31,,
0,bench/30gib-7.bin,896,33554432,710.30,,
0,bench/30gib-7.bin,897,33554432,712.55,,
0,bench/30gib-7.bin,898,33554432,540.21,,
0,bench/30gib-7.bin,899,33554432,474.82,,
0,bench/30gib-7.bin,900,33554432,697.95,,
0,bench/30gib-7.bin,901,33554432,467.35,,
0,bench/30gib-7.bin,902,33554432,1118.46,,
0,bench/30gib-7.bin,903,33554432,958.65,,
0,bench/30gib-7.bin,904,33554432,438.88,,
0,bench/30gib-7.bin,905,33554432,639.40,,
0,bench/30gib-7.bin,906,33554432,816.55,,
0,bench/30gib-7.bin,907,33554432,473.59,,
0,bench/30gib-7.bin,908,33554432,511.26,,
0,bench/30gib-7.bin,909,33554432,704.80,,
0,bench/30gib-7.bin,910,33554432,716.50,,
0,bench/30gib-7.bin,911,33554432,930.18,,
0,bench/30gib-7.bin,912,33554432,541.57,,
0,bench/30gib-7.bin,913,33554432,480.53,,
0,bench/30gib-7.bin,914,33554432,549.77,,
0,bench/30gib-7.bin,915,33554432,654.73,,
0,bench/30gib-7.bin,916,33554432,516.73,,
0,bench/30gib-7.bin,917,33554432,610.77,,
0,bench/30gib-7.bin,918,33554432,516.86,,
0,bench/30gib-7.bin,919,33554432,935.38,,
0,bench/30gib-7.bin,920,33554432,732.75,,
0,bench/30gib-7.bin,921,33554432,512.33,,
0,bench/30gib-7.bin,922,33554432,693.18,,
0,bench/30gib-7.bin,923,33554432,638.55,,
0,bench/30gib-7.bin,924,33554432,572.18,,
0,bench/30gib-7.bin,925,33554432,930.32,,
0,bench/30gib-7.bin,926,33554432,452.69,,
0,bench/30gib-7.bin,927,33554432,891.80,,
0,bench/30gib-7.bin,928,33554432,944.89,,
0,bench/30gib-7.bin,929,33554432,849.89,,
0,bench/30gib-7.bin,930,33554432,632.30,,
0,bench/30gib-7.bin,931,33554432,489.59,,
0,bench/30gib-7.bin,932,33554432,638.85,,
0,bench/30gib-7.bin,933,33554432,846.15,,
0,bench/30gib-7.bin,934,33554432,539.20,,
0,bench/30gib-7.bin,935,33554432,466.98,,
0,bench/30gib-7.bin,936,33554432,656.29,,
0,bench/30gib-7.bin,937,33554432,550.16,,
0,bench/30gib-7.bin,938,33554432,779.21,,
0,bench/30gib-7.bin,939,33554432,606.85,,
0,bench/30gib-7.bin,940,33554432,463.73,,
0,bench/30gib-7.bin,941,33554432,601.22,,
0,bench/30gib-7.bin,942,33554432,596.34,,
0,bench/30gib-7.bin,943,33554432,848.13,,
0,bench/30gib-7.bin,944,33554432,589.26,,
0,bench/30gib-7.bin,945,33554432,1052.57,,
0,bench/30gib-7.bin,946,33554432,617.96,,
0,bench/30gib-7.bin,947,33554432,494.89,,
0,bench/30gib-7.bin,948,33554432,638.61,,
0,bench/30gib-7.bin,949,33554432,680.38,,
0,bench/30gib-7.bin,950,33554432,715.40,,
0,bench/30gib-7.bin,951,33554432,439.29,,
0,bench/30gib-7.bin,952,33554432,492.06,,
0,bench/30gib-7.bin,953,33554432,569.76,,
0,bench/30gib-7.bin,954,33554432,478.90,,
0,bench/30gib-7.bin,955,33554432,551.89,,
0,bench/30gib-7.bin,956,33554432,615.68,,
0,bench/30gib-7.bin,957,33554432,575.56,,
0,bench/30gib-7.bin,958,33554432,827.83,,
0,bench/30gib-7.bin,959,33554432,355.16,,
0,bench/30gib-7.bin,960,33554432,584.90,,
0,bench/30gib-8.bin,1,33554432,1293.69,,
0,bench/30gib-8.bin,2,33554432,1502.89,,
0,bench/30gib-8.bin,3,33554432,1279.50,,
0,bench/30gib-8.bin,4,33554432,1465.14,,
0,bench/30gib-8.bin,5,33554432,1172.19,,
0,bench/30gib-8.bin,6,33554432,1098.24,,
0,bench/30gib-8.bin,7,33554432,1628.57,,
0,bench/30gib-8.bin,8,33554432,1284.33,,
0,bench/30gib-8.bin,9,33554432,1190.93,,
0,bench/30gib-8.bin,10,33554432,1440.14,,
0,bench/30gib-8.bin,11,33554432,1247.84,,
0,bench/30gib-8.bin,12,33554432,2769.74,,
0,bench/30gib-8.bin,13,33554432,1933.90,,
0,bench/30gib-8.bin,14,33554432,1409.26,,
0,bench/30gib-8.bin,15,33554432,1421.08,,
0,bench/30gib-8.bin,16,33554432,1202.97,,
0,bench/30gib-8.bin,17,33554432,1169.98,,
0,bench/30gib-8.bin,18,33554432,1671.77,,
0,bench/30gib-8.bin,19,33554432,1367.82,,
0,bench/30gib-8.bin,20,33554432,1449.48,,
0,bench/30gib-8.bin,21,33554432,1097.52,,
0,bench/30gib-8.bin,22,33554432,1543.92,,
0,bench/30gib-8.bin,23,33554432,965.46,,
0,bench/30gib-8.bin,24,33554432,1907.26,,
0,bench/30gib-8.bin,25,33554432,1164.71,,
0,bench/30gib-8.bin,26,33554432,1186.79,,
0,bench/30gib-8.bin,27,33554432,1160.09,,
0,bench/30gib-8.bin,28,33554432,1212.26,,
0,bench/30gib-8.bin,29,33554432,1511.39,,
0,bench/30gib-8.bin,30,33554432,1191.79,,
0,bench/30gib-8.bin,31,33554432,1269.42,,
0,bench/30gib-8.bin,32,33554432,1331.37,,
0,bench/30gib-8.bin,33,33554432,1026.67,,
0,bench/30gib-8.bin,34,33554432,3071.74,,
0,bench/30gib-8.bin,35,33554432,1169.23,,
0,bench/30gib-8.bin,36,33554432,1566.03,,
0,bench/30gib-8.bin,37,33554432,690.52,,
0,bench/30gib-8.bin,38,33554432,1063.03,,
0,bench/30gib-8.bin,39,33554432,832.35,,
0,bench/30gib-8.bin,40,33554432,1141.13,,
0,bench/30gib-8.bin,41,33554432,955.24,,
0,bench/30gib-8.bin,42,33554432,1135.05,,
0,bench/30gib-8.bin,43,33554432,951.19,,
0,bench/30gib-8.bin,44,33554432,854.62,,
0,bench/30gib-8.bin,45,33554432,1428.69,,
0,bench/30gib-8.bin,46,33554432,990.84,,
0,bench/30gib-8.bin,47,33554432,878.97,,
0,bench/30gib-8.bin,48,33554432,930.19,,
0,bench/30gib-8.bin,49,33554432,877.73,,
0,bench/30gib-8.bin,50,33554432,833.88,,
0,bench/30gib-8.bin,51,33554432,1058.95,,
0,bench/30gib-8.bin,52,33554432,888.87,,
0,bench/30gib-8.bin,53,33554432,1139.31,,
0,bench/30gib-8.bin,54,33554432,2861.01,,
0,bench/30gib-8.bin,55,33554432,1082.03,,
0,bench/30gib-8.bin,56,33554432,875.35,,
0,bench/30gib-8.bin,57,33554432,1090.22,,
0,bench/30gib-8.bin,58,33554432,1055.82,,
0,bench/30gib-8.bin,59,33554432,893.27,,
0,bench/30gib-8.bin,60,33554432,1013.99,,
0,bench/30gib-8.bin,61,33554432,948.03,,
0,bench/30gib-8.bin,62,33554432,1173.28,,
0,bench/30gib-8.bin,63,33554432,877.19,,
0,bench/30gib-8.bin,64,33554432,1175.36,,
0,bench/30gib-8.bin,65,33554432,2523.62,,
0,bench/30gib-8.bin,66,33554432,958.68,,
0,bench/30gib-8.bin,67,33554432,848.62,,
0,bench/30gib-8.bin,68,33554432,712.09,,
0,bench/30gib-8.bin,69,33554432,980.76,,
0,bench/30gib-8.bin,70,33554432,639.44,,
0,bench/30gib-8.bin,71,33554432,999.58,,
0,bench/30gib-8.bin,72,33554432,427.55,,
0,bench/30gib-8.bin,73,33554432,752.70,,
0,bench/30gib-8.bin,74,33554432,453.33,,
0,bench/30gib-8.bin,75,33554432,623.51,,
0,bench/30gib-8.bin,76,33554432,609.99,,
0,bench/30gib-8.bin,77,33554432,874.48,,
0,bench/30gib-8.bin,78,33554432,878.32,,
0,bench/30gib-8.bin,79,33554432,541.97,,
0,bench/30gib-8.bin,80,33554432,611.41,,
0,bench/30gib-8.bin,81,33554432,699.82,,
0,bench/30gib-8.bin,82,33554432,841.85,,
0,bench/30gib-8.bin,83,33554432,503.01,,
0,bench/30gib-8.bin,84,33554432,1093.35,,
0,bench/30gib-8.bin,85,33554432,767.49,,
0,bench/30gib-8.bin,86,33554432,529.28,,
0,bench/30gib-8.bin,87,33554432,643.34,,
0,bench/30gib-8.bin,88,33554432,550.62,,
0,bench/30gib-8.bin,89,33554432,656.09,,
0,bench/30gib-8.bin,90,33554432,845.08,,
0,bench/30gib-8.bin,91,33554432,770.82,,
0,bench/30gib-8.bin,92,33554432,847.40,,
0,bench/30gib-8.bin,93,33554432,857.51,,
0,bench/30gib-8.bin,94,33554432,935.60,,
0,bench/30gib-8.bin,95,33554432,785.91,,
0,bench/30gib-8.bin,96,33554432,654.88,,
0,bench/30gib-8.bin,97,33554432,572.88,,
0,bench/30gib-8.bin,98,33554432,519.21,,
0,bench/30gib-8.bin,99,33554432,684.44,,
0,bench/30gib-8.bin,100,33554432,543.61,,
0,bench/30gib-8.bin,101,33554432,696.00,,
0,bench/30gib-8.bin,102,33554432,900.00,,
0,bench/30gib-8.bin,103,33554432,633.21,,
0,bench/30gib-8.bin,104,33554432,1050.61,,
0,bench/30gib-8.bin,105,33554432,731.73,,
0,bench/30gib-8.bin,106,33554432,673.44,,
0,bench/30gib-8.bin,107,33554432,909.85,,
0,bench/30gib-8.bin,108,33554432,1823.77,,
0,bench/30gib-8.bin,109,33554432,595.63,,
0,bench/30gib-8.bin,110,33554432,634.75,,
0,bench/30gib-8.bin,111,33554432,996.87,,
0,bench/30gib-8.bin,112,33554432,574.13,,
0,bench/30gib-8.bin,113,33554432,540.79,,
0,bench/30gib-8.bin,114,33554432,869.09,,
0,bench/30gib-8.bin,115,33554432,399.53,,
0,bench/30gib-8.bin,116,33554432,944.20,,
0,bench/30gib-8.bin,117,33554432,879.03,,
0,bench/30gib-8.bin,118,33554432,629.22,,
0,bench/30gib-8.bin,119,33554432,782.97,,
0,bench/30gib-8.bin,120,33554432,850.96,,
0,bench/30gib-8.bin,121,33554432,1765.17,,
0,bench/30gib-8.bin,122,33554432,1559.34,,
0,bench/30gib-8.bin,123,33554432,620.35,,
0,bench/30gib-8.bin,124,33554432,630.13,,
0,bench/30gib-8.bin,125,33554432,761.06,,
0,bench/30gib-8.bin,126,33554432,592.36,,
0,bench/30gib-8.bin,127,33554432,651.99,,
0,bench/30gib-8.bin,128,33554432,941.90,,
0,bench/30gib-8.bin,129,33554432,735.36,,
0,bench/30gib-8.bin,130,33554432,723.73,,
0,bench/30gib-8.bin,131,33554432,784.65,,
0,bench/30gib-8.bin,132,33554432,1594.44,,
0,bench/30gib-8.bin,133,33554432,1035.63,,
0,bench/30gib-8.bin,134,33554432,581.30,,
0,bench/30gib-8.bin,135,33554432,622.82,,
0,bench/30gib-8.bin,136,33554432,620.26,,
0,bench/30gib-8.bin,137,33554432,835.28,,
0,bench/30gib-8.bin,138,33554432,498.43,,
0,bench/30gib-8.bin,139,33554432,535.28,,
0,bench/30gib-8.bin,140,33554432,502.40,,
0,bench/30gib-8.bin,141,33554432,511.85,,
0,bench/30gib-8.bin,142,33554432,689.15,,
0,bench/30gib-8.bin,143,33554432,532.23,,
0,bench/30gib-8.bin,144,33554432,593.92,,
0,bench/30gib-8.bin,145,33554432,735.20,,
0,bench/30gib-8.bin,146,33554432,688.87,,
0,bench/30gib-8.bin,147,33554432,982.65,,
0,bench/30gib-8.bin,148,33554432,887.87,,
0,bench/30gib-8.bin,149,33554432,727.50,,
0,bench/30gib-8.bin,150,33554432,640.73,,
0,bench/30gib-8.bin,151,33554432,736.93,,
0,bench/30gib-8.bin,152,33554432,689.17,,
0,bench/30gib-8.bin,153,33554432,713.01,,
0,bench/30gib-8.bin,154,33554432,534.80,,
0,bench/30gib-8.bin,155,33554432,958.54,,
0,bench/30gib-8.bin,156,33554432,925.90,,
0,bench/30gib-8.bin,157,33554432,617.59,,
0,bench/30gib-8.bin,158,33554432,766.58,,
0,bench/30gib-8.bin,159,33554432,781.09,,
0,bench/30gib-8.bin,160,33554432,570.82,,
0,bench/30gib-8.bin,161,33554432,770.08,,
0,bench/30gib-8.bin,162,33554432,489.79,,
0,bench/30gib-8.bin,163,33554432,814.94,,
0,bench/30gib-8.bin,164,33554432,820.60,,
0,bench/30gib-8.bin,165,33554432,573.72,,
0,bench/30gib-8.bin,166,33554432,658.61,,
0,bench/30gib-8.bin,167,33554432,451.14,,
0,bench/30gib-8.bin,168,33554432,765.29,,
0,bench/30gib-8.bin,169,33554432,512.81,,
0,bench/30gib-8.bin,170,33554432,461.11,,
0,bench/30gib-8.bin,171,33554432,905.70,,
0,bench/30gib-8.bin,172,33554432,594.78,,
0,bench/30gib-8.bin,173,33554432,800.88,,
0,bench/30gib-8.bin,174,33554432,629.37,,
0,bench/30gib-8.bin,175,33554432,517.17,,
0,bench/30gib-8.bin,176,33554432,629.07,,
0,bench/30gib-8.bin,177,33554432,727.79,,
0,bench/30gib-8.bin,178,33554432,660.84,,
0,bench/30gib-8.bin,179,33554432,757.68,,
0,bench/30gib-8.bin,180,33554432,509.72,,
0,bench/30gib-8.bin,181,33554432,667.14,,
0,bench/30gib-8.bin,182,33554432,751.32,,
0,bench/30gib-8.bin,183,33554432,633.29,,
0,bench/30gib-8.bin,184,33554432,895.27,,
0,bench/30gib-8.bin,185,33554432,769.54,,
0,bench/30gib-8.bin,186,33554432,994.03,,
0,bench/30gib-8.bin,187,33554432,699.67,,
0,bench/30gib-8.bin,188,33554432,463.03,,
0,bench/30gib-8.bin,189,33554432,976.99,,
0,bench/30gib-8.bin,190,33554432,472.25,,
0,bench/30gib-8.bin,191,33554432,498.32,,
0,bench/30gib-8.bin,192,33554432,922.87,,
0,bench/30gib-8.bin,193,33554432,888.15,,
0,bench/30gib-8.bin,194,33554432,468.37,,
0,bench/30gib-8.bin,195,33554432,529.16,,
0,bench/30gib-8.bin,196,33554432,875.37,,
0,bench/30gib-8.bin,197,33554432,620.21,,
0,bench/30gib-8.bin,198,33554432,741.09,,
0,bench/30gib-8.bin,199,33554432,614.79,,
0,bench/30gib-8.bin,200,33554432,695.36,,
0,bench/30gib-8.bin,201,33554432,485.03,,
0,bench/30gib-8.bin,202,33554432,680.19,,
0,bench/30gib-8.bin,203,33554432,528.13,,
0,bench/30gib-8.bin,204,33554432,721.79,,
0,bench/30gib-8.bin,205,33554432,711.80,,
0,bench/30gib-8.bin,206,33554432,721.11,,
0,bench/30gib-8.bin,207,33554432,528.48,,
0,bench/30gib-8.bin,208,33554432,502.17,,
0,bench/30gib-8.bin,209,33554432,852.76,,
0,bench/30gib-8.bin,210,33554432,607.02,,
0,bench/30gib-8.bin,211,33554432,519.65,,
0,bench/30gib-8.bin,212,33554432,545.45,,
0,bench/30gib-8.bin,213,33554432,474.77,,
0,bench/30gib-8.bin,214,33554432,520.16,,
0,bench/30gib-8.bin,215,33554432,427.08,,
0,bench/30gib-8.bin,216,33554432,1006.38,,
0,bench/30gib-8.bin,217,33554432,633.85,,
0,bench/30gib-8.bin,218,33554432,542.24,,
0,bench/30gib-8.bin,219,33554432,950.75,,
0,bench/30gib-8.bin,220,33554432,587.25,,
0,bench/30gib-8.bin,221,33554432,706.08,,
0,bench/30gib-8.bin,222,33554432,1036.75,,
0,bench/30gib-8.bin,223,33554432,507.80,,
0,bench/30gib-8.bin,224,33554432,971.08,,
0,bench/30gib-8.bin,225,33554432,978.77,,
0,bench/30gib-8.bin,226,33554432,590.70,,
0,bench/30gib-8.bin,227,33554432,743.09,,
0,bench/30gib-8.bin,228,33554432,564.74,,
0,bench/30gib-8.bin,229,33554432,984.77,,
0,bench/30gib-8.bin,230,33554432,579.81,,
0,bench/30gib-8.bin,231,33554432,590.57,,
0,bench/30gib-8.bin,232,33554432,838.08,,
0,bench/30gib-8.bin,233,33554432,954.22,,
0,bench/30gib-8.bin,234,33554432,605.66,,
0,bench/30gib-8.bin,235,33554432,508.92,,
0,bench/30gib-8.bin,236,33554432,594.04,,
0,bench/30gib-8.bin,237,33554432,703.76,,
0,bench/30gib-8.bin,238,33554432,473.35,,
0,bench/30gib-8.bin,239,33554432,494.59,,
0,bench/30gib-8.bin,240,33554432,981.22,,
0,bench/30gib-8.bin,241,33554432,530.97,,
0,bench/30gib-8.bin,242,33554432,562.75,,
0,bench/30gib-8.bin,243,33554432,597.20,,
0,bench/30gib-8.bin,244,33554432,625.83,,
0,bench/30gib-8.bin,245,33554432,649.32,,
0,bench/30gib-8.bin,246,33554432,757.03,,
0,bench/30gib-8.bin,247,33554432,490.91,,
0,bench/30gib-8.bin,248,33554432,624.16,,
0,bench/30gib-8.bin,249,33554432,517.11,,
0,bench/30gib-8.bin,250,33554432,530.35,,
0,bench/30gib-8.bin,251,33554432,479.46,,
0,bench/30gib-8.bin,252,33554432,744.49,,
0,bench/30gib-8.bin,253,33554432,757.11,,
0,bench/30gib-8.bin,254,33554432,846.56,,
0,bench/30gib-8.bin,255,33554432,674.45,,
0,bench/30gib-8.bin,256,33554432,815.71,,
0,bench/30gib-8.bin,257,33554432,643.52,,
0,bench/30gib-8.bin,258,33554432,696.50,,
0,bench/30gib-8.bin,259,33554432,688.19,,
0,bench/30gib-8.bin,260,33554432,541.41,,
0,bench/30gib-8.bin,261,33554432,648.35,,
0,bench/30gib-8.bin,262,33554432,545.11,,
0,bench/30gib-8.bin,263,33554432,492.12,,
0,bench/30gib-8.bin,264,33554432,895.39,,
0,bench/30gib-8.bin,265,33554432,879.42,,
0,bench/30gib-8.bin,266,33554432,561.76,,
0,bench/30gib-8.bin,267,33554432,850.31,,
0,bench/30gib-8.bin,268,33554432,444.71,,
0,bench/30gib-8.bin,269,33554432,933.05,,
0,bench/30gib-8.bin,270,33554432,487.63,,
0,bench/30gib-8.bin,271,33554432,1074.28,,
0,bench/30gib-8.bin,272,33554432,573.50,,
0,bench/30gib-8.bin,273,33554432,537.88,,
0,bench/30gib-8.bin,274,33554432,512.11,,
0,bench/30gib-8.bin,275,33554432,1060.46,,
0,bench/30gib-8.bin,276,33554432,460.92,,
0,bench/30gib-8.bin,277,33554432,513.16,,
0,bench/30gib-8.bin,278,33554432,954.65,,
0,bench/30gib-8.bin,279,33554432,608.38,,
0,bench/30gib-8.bin,280,33554432,800.77,,
0,bench/30gib-8.bin,281,33554432,708.12,,
0,bench/30gib-8.bin,282,33554432,805.85,,
0,bench/30gib-8.bin,283,33554432,397.58,,
0,bench/30gib-8.bin,284,33554432,749.71,,
0,bench/30gib-8.bin,285,33554432,877.63,,
0,bench/30gib-8.bin,286,33554432,569.60,,
0,bench/30gib-8.bin,287,33554432,743.11,,
0,bench/30gib-8.bin,288,33554432,545.93,,
0,bench/30gib-8.bin,289,33554432,469.48,,
0,bench/30gib-8.bin,290,33554432,933.48,,
0,bench/30gib-8.bin,291,33554432,965.57,,
0,bench/30gib-8.bin,292,33554432,473.13,,
0,bench/30gib-8.bin,293,33554432,795.62,,
0,bench/30gib-8.bin,294,33554432,555.70,,
0,bench/30gib-8.bin,295,33554432,765.07,,
0,bench/30gib-8.bin,296,33554432,476.41,,
0,bench/30gib-8.bin,297,33554432,653.89,,
0,bench/30gib-8.bin,298,33554432,1030.38,,
0,bench/30gib-8.bin,299,33554432,626.03,,
0,bench/30gib-8.bin,300,33554432,534.77,,
0,bench/30gib-8.bin,301,33554432,871.65,,
0,bench/30gib-8.bin,302,33554432,633.99,,
0,bench/30gib-8.bin,303,33554432,905.71,,
0,bench/30gib-8.bin,304,33554432,351.60,,
0,bench/30gib-8.bin,305,33554432,538.89,,
0,bench/30gib-8.bin,306,33554432,452.47,,
0,bench/30gib-8.bin,307,33554432,478.63,,
0,bench/30gib-8.bin,308,33554432,476.97,,
0,bench/30gib-8.bin,309,33554432,450.46,,
0,bench/30gib-8.bin,310,33554432,666.24,,
0,bench/30gib-8.bin,311,33554432,810.38,,
0,bench/30gib-8.bin,312,33554432,868.01,,
0,bench/30gib-8.bin,313,33554432,1113.45,,
0,bench/30gib-8.bin,314,33554432,732.31,,
0,bench/30gib-8.bin,315,33554432,541.39,,
0,bench/30gib-8.bin,316,33554432,638.90,,
0,bench/30gib-8.bin,317,33554432,595.77,,
0,bench/30gib-8.bin,318,33554432,535.24,,
0,bench/30gib-8.bin,319,33554432,668.17,,
0,bench/30gib-8.bin,320,33554432,793.62,,
0,bench/30gib-8.bin,321,33554432,887.87,,
0,bench/30gib-8.bin,322,33554432,827.28,,
0,bench/30gib-8.bin,323,33554432,628.31,,
0,bench/30gib-8.bin,324,33554432,802.40,,
0,bench/30gib-8.bin,325,33554432,621.16,,
0,bench/30gib-8.bin,326,33554432,956.20,,
0,bench/30gib-8.bin,327,33554432,650.88,,
0,bench/30gib-8.bin,328,33554432,516.55,,
0,bench/30gib-8.bin,329,33554432,1062.11,,
0,bench/30gib-8.bin,330,33554432,720.33,,
0,bench/30gib-8.bin,331,33554432,1126.51,,
0,bench/30gib-8.bin,332,33554432,496.29,,
0,bench/30gib-8.bin,333,33554432,568.05,,
0,bench/30gib-8.bin,334,33554432,1091.38,,
0,bench/30gib-8.bin,335,33554432,551.75,,
0,bench/30gib-8.bin,336,33554432,708.96,,
0,bench/30gib-8.bin,337,33554432,522.35,,
0,bench/30gib-8.bin,338,33554432,413.68,,
0,bench/30gib-8.bin,339,33554432,509.23,,
0,bench/30gib-8.bin,340,33554432,601.31,,
0,bench/30gib-8.bin,341,33554432,844.82,,
0,bench/30gib-8.bin,342,33554432,411.23,,
0,bench/30gib-8.bin,343,33554432,528.56,,
0,bench/30gib-8.bin,344,33554432,543.55,,
0,bench/30gib-8.bin,345,33554432,764.85,,
0,bench/30gib-8.bin,346,33554432,504.92,,
0,bench/30gib-8.bin,347,33554432,810.32,,
0,bench/30gib-8.bin,348,33554432,617.55,,
0,bench/30gib-8.bin,349,33554432,452.25,,
0,bench/30gib-8.bin,350,33554432,464.03,,
0,bench/30gib-8.bin,351,33554432,480.49,,
0,bench/30gib-8.bin,352,33554432,542.86,,
0,bench/30gib-8.bin,353,33554432,948.34,,
0,bench/30gib-8.bin,354,33554432,449.14,,
0,bench/30gib-8.bin,355,33554432,473.68,,
0,bench/30gib-8.bin,356,33554432,848.80,,
0,bench/30gib-8.bin,357,33554432,437.71,,
0,bench/30gib-8.bin,358,33554432,840.13,,
0,bench/30gib-8.bin,359,33554432,577.25,,
0,bench/30gib-8.bin,360,33554432,423.19,,
0,bench/30gib-8.bin,361,33554432,914.50,,
0,bench/30gib-8.bin,362,33554432,652.75,,
0,bench/30gib-8.bin,363,33554432,708.05,,
0,bench/30gib-8.bin,364,33554432,1135.92,,
0,bench/30gib-8.bin,365,33554432,562.99,,
0,bench/30gib-8.bin,366,33554432,744.47,,
0,bench/30gib-8.bin,367,33554432,783.48,,
0,bench/30gib-8.bin,368,33554432,436.39,,
0,bench/30gib-8.bin,369,33554432,554.90,,
0,bench/30gib-8.bin,370,33554432,551.53,,
0,bench/30gib-8.bin,371,33554432,561.16,,
0,bench/30gib-8.bin,372,33554432,837.24,,
0,bench/30gib-8.bin,373,33554432,607.17,,
0,bench/30gib-8.bin,374,33554432,759.81,,
0,bench/30gib-8.bin,375,33554432,639.56,,
0,bench/30gib-8.bin,376,33554432,569.16,,
0,bench/30gib-8.bin,377,33554432,600.42,,
0,bench/30gib-8.bin,378,33554432,904.66,,
0,bench/30gib-8.bin,379,33554432,507.11,,
0,bench/30gib-8.bin,380,33554432,660.91,,
0,bench/30gib-8.bin,381,33554432,454.58,,
0,bench/30gib-8.bin,382,33554432,701.99,,
0,bench/30gib-8.bin,383,33554432,829.38,,
0,bench/30gib-8.bin,384,33554432,607.22,,
0,bench/30gib-8.bin,385,33554432,607.28,,
0,bench/30gib-8.bin,386,33554432,785.73,,
0,bench/30gib-8.bin,387,33554432,958.76,,
0,bench/30gib-8.bin,388,33554432,670.62,,
0,bench/30gib-8.bin,389,33554432,671.73,,
0,bench/30gib-8.bin,390,33554432,790.06,,
0,bench/30gib-8.bin,391,33554432,1150.37,,
0,bench/30gib-8.bin,392,33554432,1114.33,,
0,bench/30gib-8.bin,393,33554432,419.93,,
0,bench/30gib-8.bin,394,33554432,601.67,,
0,bench/30gib-8.bin,395,33554432,531.86,,
0,bench/30gib-8.bin,396,33554432,508.08,,
0,bench/30gib-8.bin,397,33554432,1109.78,,
0,bench/30gib-8.bin,398,33554432,1086.72,,
0,bench/30gib-8.bin,399,33554432,660.20,,
0,bench/30gib-8.bin,400,33554432,643.85,,
0,bench/30gib-8.bin,401,33554432,956.65,,
0,bench/30gib-8.bin,402,33554432,757.59,,
0,bench/30gib-8.bin,403,33554432,511.90,,
0,bench/30gib-8.bin,404,33554432,894.53,,
0,bench/30gib-8.bin,405,33554432,525.00,,
0,bench/30gib-8.bin,406,33554432,528.07,,
0,bench/30gib-8.bin,407,33554432,828.96,,
0,bench/30gib-8.bin,408,33554432,652.26,,
0,bench/30gib-8.bin,409,33554432,558.21,,
0,bench/30gib-8.bin,410,33554432,723.00,,
0,bench/30gib-8.bin,411,33554432,490.54,,
0,bench/30gib-8.bin,412,33554432,673.18,,
0,bench/30gib-8.bin,413,33554432,354.09,,
0,bench/30gib-8.bin,414,33554432,1723.36,,
0,bench/30gib-8.bin,415,33554432,414.35,,
0,bench/30gib-8.bin,416,33554432,865.93,,
0,bench/30gib-8.bin,417,33554432,777.25,,
0,bench/30gib-8.bin,418,33554432,399.98,,
0,bench/30gib-8.bin,419,33554432,458.25,,
0,bench/30gib-8.bin,420,33554432,439.86,,
0,bench/30gib-8.bin,421,33554432,676.11,,
0,bench/30gib-8.bin,422,33554432,597.28,,
0,bench/30gib-8.bin,423,33554432,769.41,,
0,bench/30gib-8.bin,424,33554432,459.73,,
0,bench/30gib-8.bin,425,33554432,372.96,,
0,bench/30gib-8.bin,426,33554432,829.46,,
0,bench/30gib-8.bin,427,33554432,552.25,,
0,bench/30gib-8.bin,428,33554432,503.81,,
0,bench/30gib-8.bin,429,33554432,561.08,,
0,bench/30gib-8.bin,430,33554432,468.88,,
0,bench/30gib-8.bin,431,33554432,825.69,,
0,bench/30gib-8.bin,432,33554432,762.37,,
0,bench/30gib-8.bin,433,33554432,660.61,,
0,bench/30gib-8.bin,434,33554432,757.40,,
0,bench/30gib-8.bin,435,33554432,575.42,,
0,bench/30gib-8.bin,436,33554432,449.56,,
0,bench/30gib-8.bin,437,33554432,502.98,,
0,bench/30gib-8.bin,438,33554432,412.36,,
0,bench/30gib-8.bin,439,33554432,908.41,,
0,bench/30gib-8.bin,440,33554432,386.95,,
0,bench/30gib-8.bin,441,33554432,542.69,,
0,bench/30gib-8.bin,442,33554432,960.04,,
0,bench/30gib-8.bin,443,33554432,1185.01,,
0,bench/30gib-8.bin,444,33554432,760.87,,
0,bench/30gib-8.bin,445,33554432,721.96,,
0,bench/30gib-8.bin,446,33554432,527.58,,
0,bench/30gib-8.bin,447,33554432,640.51,,
0,bench/30gib-8.bin,448,33554432,732.44,,
0,bench/30gib-8.bin,449,33554432,664.07,,
0,bench/30gib-8.bin,450,33554432,801.40,,
0,bench/30gib-8.bin,451,33554432,742.25,,
0,bench/30gib-8.bin,452,33554432,673.56,,
0,bench/30gib-8.bin,453,33554432,545.21,,
0,bench/30gib-8.bin,454,33554432,534.74,,
0,bench/30gib-8.bin,455,33554432,562.28,,
0,bench/30gib-8.bin,456,33554432,641.09,,
0,bench/30gib-8.bin,457,33554432,506.63,,
0,bench/30gib-8.bin,458,33554432,710.89,,
0,bench/30gib-8.bin,459,33554432,543.81,,
0,bench/30gib-8.bin,460,33554432,544.12,,
0,bench/30gib-8.bin,461,33554432,628.10,,
0,bench/30gib-8.bin,462,33554432,591.86,,
0,bench/30gib-8.bin,463,33554432,561.42,,
0,bench/30gib-8.bin,464,33554432,668.20,,
0,bench/30gib-8.bin,465,33554432,586.94,,
0,bench/30gib-8.bin,466,33554432,389.92,,
0,bench/30gib-8.bin,467,33554432,605.02,,
0,bench/30gib-8.bin,468,33554432,644.34,,
0,bench/30gib-8.bin,469,33554432,587.86,,
0,bench/30gib-8.bin,470,33554432,503.25,,
0,bench/30gib-8.bin,471,33554432,502.89,,
0,bench/30gib-8.bin,472,33554432,518.24,,
0,bench/30gib-8.bin,473,33554432,1316.16,,
0,bench/30gib-8.bin,474,33554432,663.33,,
0,bench/30gib-8.bin,475,33554432,825.67,,
0,bench/30gib-8.bin,476,33554432,440.43,,
0,bench/30gib-8.bin,477,33554432,726.00,,
0,bench/30gib-8.bin,478,33554432,620.89,,
0,bench/30gib-8.bin,479,33554432,753.66,,
0,bench/30gib-8.bin,480,33554432,901.34,,
0,bench/30gib-8.bin,481,33554432,624.55,,
0,bench/30gib-8.bin,482,33554432,523.29,,
0,bench/30gib-8.bin,483,33554432,536.17,,
0,bench/30gib-8.bin,484,33554432,1069.76,,
0,bench/30gib-8.bin,485,33554432,562.78,,
0,bench/30gib-8.bin,486,33554432,528.37,,
0,bench/30gib-8.bin,487,33554432,717.85,,
0,bench/30gib-8.bin,488,33554432,617.87,,
0,bench/30gib-8.bin,489,33554432,552.89,,
0,bench/30gib-8.bin,490,33554432,613.20,,
0,bench/30gib-8.bin,491,33554432,650.87,,
0,bench/30gib-8.bin,492,33554432,887.11,,
0,bench/30gib-8.bin,493,33554432,639.11,,
0,bench/30gib-8.bin,494,33554432,477.45,,
0,bench/30gib-8.bin,495,33554432,778.52,,
0,bench/30gib-8.bin,496,33554432,716.27,,
0,bench/30gib-8.bin,497,33554432,447.81,,
0,bench/30gib-8.bin,498,33554432,540.28,,
0,bench/30gib-8.bin,499,33554432,778.16,,
0,bench/30gib-8.bin,500,33554432,669.30,,
0,bench/30gib-8.bin,501,33554432,554.31,,
0,bench/30gib-8.bin,502,33554432,683.45,,
0,bench/30gib-8.bin,503,33554432,652.29,,
0,bench/30gib-8.bin,504,33554432,570.33,,
0,bench/30gib-8.bin,505,33554432,832.14,,
0,bench/30gib-8.bin,506,33554432,1304.94,,
0,bench/30gib-8.bin,507,33554432,472.44,,
0,bench/30gib-8.bin,508,33554432,565.22,,
0,bench/30gib-8.bin,509,33554432,830.40,,
0,bench/30gib-8.bin,510,33554432,540.28,,
0,bench/30gib-8.bin,511,33554432,945.56,,
0,bench/30gib-8.bin,512,33554432,509.35,,
0,bench/30gib-8.bin,513,33554432,692.22,,
0,bench/30gib-8.bin,514,33554432,681.92,,
0,bench/30gib-8.bin,515,33554432,687.18,,
0,bench/30gib-8.bin,516,33554432,828.84,,
0,bench/30gib-8.bin,517,33554432,618.58,,
0,bench/30gib-8.bin,518,33554432,719.04,,
0,bench/30gib-8.bin,519,33554432,636.87,,
0,bench/30gib-8.bin,520,33554432,641.98,,
0,bench/30gib-8.bin,521,33554432,860.80,,
0,bench/30gib-8.bin,522,33554432,593.18,,
0,bench/30gib-8.bin,523,33554432,389.57,,
0,bench/30gib-8.bin,524,33554432,890.46,,
0,bench/30gib-8.bin,525,33554432,731.49,,
0,bench/30gib-8.bin,526,33554432,730.70,,
0,bench/30gib-8.bin,527,33554432,1232.45,,
0,bench/30gib-8.bin,528,33554432,1214.15,,
0,bench/30gib-8.bin,529,33554432,645.64,,
0,bench/30gib-8.bin,530,33554432,742.91,,
0,bench/30gib-8.bin,531,33554432,559.85,,
0,bench/30gib-8.bin,532,33554432,907.35,,
0,bench/30gib-8.bin,533,33554432,889.08,,
0,bench/30gib-8.bin,534,33554432,511.99,,
0,bench/30gib-8.bin,535,33554432,510.68,,
0,bench/30gib-8.bin,536,33554432,678.40,,
0,bench/30gib-8.bin,537,33554432,580.18,,
0,bench/30gib-8.bin,538,33554432,545.12,,
0,bench/30gib-8.bin,539,33554432,541.42,,
0,bench/30gib-8.bin,540,33554432,538.02,,
0,bench/30gib-8.bin,541,33554432,794.97,,
0,bench/30gib-8.bin,542,33554432,1005.29,,
0,bench/30gib-8.bin,543,33554432,969.72,,
0,bench/30gib-8.bin,544,33554432,737.42,,
0,bench/30gib-8.bin,545,33554432,805.54,,
0,bench/30gib-8.bin,546,33554432,775.16,,
0,bench/30gib-8.bin,547,33554432,761.35,,
0,bench/30gib-8.bin,548,33554432,590.64,,
0,bench/30gib-8.bin,549,33554432,1038.11,,
0,bench/30gib-8.bin,550,33554432,752.29,,
0,bench/30gib-8.bin,551,33554432,602.41,,
0,bench/30gib-8.bin,552,33554432,580.02,,
0,bench/30gib-8.bin,553,33554432,892.06,,
0,bench/30gib-8.bin,554,33554432,691.32,,
0,bench/30gib-8.bin,555,33554432,671.91,,
0,bench/30gib-8.bin,556,33554432,697.01,,
0,bench/30gib-8.bin,557,33554432,624.58,,
0,bench/30gib-8.bin,558,33554432,551.60,,
0,bench/30gib-8.bin,559,33554432,680.55,,
0,bench/30gib-8.bin,560,33554432,670.88,,
0,bench/30gib-8.bin,561,33554432,493.47,,
0,bench/30gib-8.bin,562,33554432,1122.88,,
0,bench/30gib-8.bin,563,33554432,1026.95,,
0,bench/30gib-8.bin,564,33554432,597.95,,
0,bench/30gib-8.bin,565,33554432,640.98,,
0,bench/30gib-8.bin,566,33554432,910.82,,
0,bench/30gib-8.bin,567,33554432,395.51,,
0,bench/30gib-8.bin,568,33554432,636.80,,
0,bench/30gib-8.bin,569,33554432,652.76,,
0,bench/30gib-8.bin,570,33554432,741.22,,
0,bench/30gib-8.bin,571,33554432,515.52,,
0,bench/30gib-8.bin,572,33554432,603.54,,
0,bench/30gib-8.bin,573,33554432,593.56,,
0,bench/30gib-8.bin,574,33554432,598.70,,
0,bench/30gib-8.bin,575,33554432,878.81,,
0,bench/30gib-8.bin,576,33554432,1079.43,,
0,bench/30gib-8.bin,577,33554432,641.24,,
0,bench/30gib-8.bin,578,33554432,869.63,,
0,bench/30gib-8.bin,579,33554432,610.55,,
0,bench/30gib-8.bin,580,33554432,829.13,,
0,bench/30gib-8.bin,581,33554432,535.47,,
0,bench/30gib-8.bin,582,33554432,486.20,,
0,bench/30gib-8.bin,583,33554432,970.85,,
0,bench/30gib-8.bin,584,33554432,426.79,,
0,bench/30gib-8.bin,585,33554432,668.84,,
0,bench/30gib-8.bin,586,33554432,709.13,,
0,bench/30gib-8.bin,587,33554432,796.26,,
0,bench/30gib-8.bin,588,33554432,714.56,,
0,bench/30gib-8.bin,589,33554432,867.93,,
0,bench/30gib-8.bin,590,33554432,542.19,,
0,bench/30gib-8.bin,591,33554432,506.56,,
0,bench/30gib-8.bin,592,33554432,1041.05,,
0,bench/30gib-8.bin,593,33554432,1323.34,,
0,bench/30gib-8.bin,594,33554432,1039.55,,
0,bench/30gib-8.bin,595,33554432,528.68,,
0,bench/30gib-8.bin,596,33554432,662.31,,
0,bench/30gib-8.bin,597,33554432,793.49,,
0,bench/30gib-8.bin,598,33554432,635.88,,
0,bench/30gib-8.bin,599,33554432,1405.66,,
0,bench/30gib-8.bin,600,33554432,537.11,,
0,bench/30gib-8.bin,601,33554432,687.28,,
0,bench/30gib-8.bin,602,33554432,538.28,,
0,bench/30gib-8.bin,603,33554432,429.99,,
0,bench/30gib-8.bin,604,33554432,493.71,,
0,bench/30gib-8.bin,605,33554432,484.14,,
0,bench/30gib-8.bin,606,33554432,574.45,,
0,bench/30gib-8.bin,607,33554432,812.67,,
0,bench/30gib-8.bin,608,33554432,746.79,,
0,bench/30gib-8.bin,609,33554432,651.78,,
0,bench/30gib-8.bin,610,33554432,543.83,,
0,bench/30gib-8.bin,611,33554432,721.01,,
0,bench/30gib-8.bin,612,33554432,365.18,,
0,bench/30gib-8.bin,613,33554432,866.92,,
0,bench/30gib-8.bin,614,33554432,512.06,,
0,bench/30gib-8.bin,615,33554432,688.02,,
0,bench/30gib-8.bin,616,33554432,766.41,,
0,bench/30gib-8.bin,617,33554432,622.90,,
0,bench/30gib-8.bin,618,33554432,675.25,,
0,bench/30gib-8.bin,619,33554432,672.83,,
0,bench/30gib-8.bin,620,33554432,905.40,,
0,bench/30gib-8.bin,621,33554432,858.11,,
0,bench/30gib-8.bin,622,33554432,610.85,,
0,bench/30gib-8.bin,623,33554432,659.70,,
0,bench/30gib-8.bin,624,33554432,867.29,,
0,bench/30gib-8.bin,625,33554432,503.20,,
0,bench/30gib-8.bin,626,33554432,648.76,,
0,bench/30gib-8.bin,627,33554432,940.86,,
0,bench/30gib-8.bin,628,33554432,895.56,,
0,bench/30gib-8.bin,629,33554432,492.31,,
0,bench/30gib-8.bin,630,33554432,627.19,,
0,bench/30gib-8.bin,631,33554432,672.64,,
0,bench/30gib-8.bin,632,33554432,984.76,,
0,bench/30gib-8.bin,633,33554432,888.02,,
0,bench/30gib-8.bin,634,33554432,773.80,,
0,bench/30gib-8.bin,635,33554432,430.41,,
0,bench/30gib-8.bin,636,33554432,608.96,,
0,bench/30gib-8.bin,637,33554432,710.34,,
0,bench/30gib-8.bin,638,33554432,806.14,,
0,bench/30gib-8.bin,639,33554432,852.52,,
0,bench/30gib-8.bin,640,33554432,514.99,,
0,bench/30gib-8.bin,641,33554432,1081.19,,
0,bench/30gib-8.bin,642,33554432,598.37,,
0,bench/30gib-8.bin,643,33554432,966.11,,
0,bench/30gib-8.bin,644,33554432,454.51,,
0,bench/30gib-8.bin,645,33554432,814.26,,
0,bench/30gib-8.bin,646,33554432,1066.26,,
0,bench/30gib-8.bin,647,33554432,598.89,,
0,bench/30gib-8.bin,648,33554432,452.09,,
0,bench/30gib-8.bin,649,33554432,897.31,,
0,bench/30gib-8.bin,650,33554432,552.55,,
0,bench/30gib-8.bin,651,33554432,858.53,,
0,bench/30gib-8.bin,652,33554432,709.89,,
0,bench/30gib-8.bin,653,33554432,665.75,,
0,bench/30gib-8.bin,654,33554432,1184.55,,
0,bench/30gib-8.bin,655,33554432,792.80,,
0,bench/30gib-8.bin,656,33554432,618.04,,
0,bench/30gib-8.bin,657,33554432,771.05,,
0,bench/30gib-8.bin,658,33554432,509.57,,
0,bench/30gib-8.bin,659,33554432,668.08,,
0,bench/30gib-8.bin,660,33554432,606.82,,
0,bench/30gib-8.bin,661,33554432,745.20,,
0,bench/30gib-8.bin,662,33554432,682.62,,
0,bench/30gib-8.bin,663,33554432,677.83,,
0,bench/30gib-8.bin,664,33554432,605.90,,
0,bench/30gib-8.bin,665,33554432,570.45,,
0,bench/30gib-8.bin,666,33554432,648.94,,
0,bench/30gib-8.bin,667,33554432,555.26,,
0,bench/30gib-8.bin,668,33554432,790.71,,
0,bench/30gib-8.bin,669,33554432,489.06,,
0,bench/30gib-8.bin,670,33554432,747.36,,
0,bench/30gib-8.bin,671,33554432,594.86,,
0,bench/30gib-8.bin,672,33554432,420.91,,
0,bench/30gib-8.bin,673,33554432,870.34,,
0,bench/30gib-8.bin,674,33554432,862.08,,
0,bench/30gib-8.bin,675,33554432,438.15,,
0,bench/30gib-8.bin,676,33554432,825.16,,
0,bench/30gib-8.bin,677,33554432,832.88,,
0,bench/30gib-8.bin,678,33554432,589.19,,
0,bench/30gib-8.bin,679,33554432,731.11,,
0,bench/30gib-8.bin,680,33554432,787.02,,
0,bench/30gib-8.bin,681,33554432,882.03,,
0,bench/30gib-8.bin,682,33554432,815.77,,
0,bench/30gib-8.bin,683,33554432,872.67,,
0,bench/30gib-8.bin,684,33554432,771.03,,
0,bench/30gib-8.bin,685,33554432,919.64,,
0,bench/30gib-8.bin,686,33554432,798.26,,
0,bench/30gib-8.bin,687,33554432,727.08,,
0,bench/30gib-8.bin,688,33554432,1042.29,,
0,bench/30gib-8.bin,689,33554432,597.40,,
0,bench/30gib-8.bin,690,33554432,719.43,,
0,bench/30gib-8.bin,691,33554432,864.15,,
0,bench/30gib-8.bin,692,33554432,520.69,,
0,bench/30gib-8.bin,693,33554432,715.24,,
0,bench/30gib-8.bin,694,33554432,638.55,,
0,bench/30gib-8.bin,695,33554432,684.50,,
0,bench/30gib-8.bin,696,33554432,493.46,,
0,bench/30gib-8.bin,697,33554432,988.07,,
0,bench/30gib-8.bin,698,33554432,708.59,,
0,bench/30gib-8.bin,699,33554432,440.12,,
0,bench/30gib-8.bin,700,33554432,989.94,,
0,bench/30gib-8.bin,701,33554432,577.23,,
0,bench/30gib-8.bin,702,33554432,732.82,,
0,bench/30gib-8.bin,703,33554432,744.13,,
0,bench/30gib-8.bin,704,33554432,519.67,,
0,bench/30gib-8.bin,705,33554432,621.85,,
0,bench/30gib-8.bin,706,33554432,878.97,,
0,bench/30gib-8.bin,707,33554432,601.49,,
0,bench/30gib-8.bin,708,33554432,790.98,,
0,bench/30gib-8.bin,709,33554432,572.29,,
0,bench/30gib-8.bin,710,33554432,597.45,,
0,bench/30gib-8.bin,711,33554432,868.40,,
0,bench/30gib-8.bin,712,33554432,544.40,,
0,bench/30gib-8.bin,713,33554432,520.01,,
0,bench/30gib-8.bin,714,33554432,475.67,,
0,bench/30gib-8.bin,715,33554432,608.88,,
0,bench/30gib-8.bin,716,33554432,989.89,,
0,bench/30gib-8.bin,717,33554432,750.79,,
0,bench/30gib-8.bin,718,33554432,499.89,,
0,bench/30gib-8.bin,719,33554432,811.33,,
0,bench/30gib-8.bin,720,33554432,638.78,,
0,bench/30gib-8.bin,721,33554432,552.16,,
0,bench/30gib-8.bin,722,33554432,753.07,,
0,bench/30gib-8.bin,723,33554432,487.09,,
0,bench/30gib-8.bin,724,33554432,525.57,,
0,bench/30gib-8.bin,725,33554432,645.38,,
0,bench/30gib-8.bin,726,33554432,977.69,,
0,bench/30gib-8.bin,727,33554432,652.52,,
0,bench/30gib-8.bin,728,33554432,912.03,,
0,bench/30gib-8.bin,729,33554432,724.59,,
0,bench/30gib-8.bin,730,33554432,759.03,,
0,bench/30gib-8.bin,731,33554432,747.21,,
0,bench/30gib-8.bin,732,33554432,833.73,,
0,bench/30gib-8.bin,733,33554432,1054.91,,
0,bench/30gib-8.bin,734,33554432,515.11,,
0,bench/30gib-8.bin,735,33554432,676.25,,
0,bench/30gib-8.bin,736,33554432,741.13,,
0,bench/30gib-8.bin,737,33554432,465.61,,
0,bench/30gib-8.bin,738,33554432,1056.48,,
0,bench/30gib-8.bin,739,33554432,800.49,,
0,bench/30gib-8.bin,740,33554432,687.27,,
0,bench/30gib-8.bin,741,33554432,924.67,,
0,bench/30gib-8.bin,742,33554432,955.12,,
0,bench/30gib-8.bin,743,33554432,823.88,,
0,bench/30gib-8.bin,744,33554432,1014.78,,
0,bench/30gib-8.bin,745,33554432,672.50,,
0,bench/30gib-8.bin,746,33554432,778.89,,
0,bench/30gib-8.bin,747,33554432,576.99,,
0,bench/30gib-8.bin,748,33554432,852.43,,
0,bench/30gib-8.bin,749,33554432,673.32,,
0,bench/30gib-8.bin,750,33554432,498.16,,
0,bench/30gib-8.bin,751,33554432,639.37,,
0,bench/30gib-8.bin,752,33554432,1186.04,,
0,bench/30gib-8.bin,753,33554432,748.44,,
0,bench/30gib-8.bin,754,33554432,786.95,,
0,bench/30gib-8.bin,755,33554432,733.10,,
0,bench/30gib-8.bin,756,33554432,1081.78,,
0,bench/30gib-8.bin,757,33554432,774.43,,
0,bench/30gib-8.bin,758,33554432,563.08,,
0,bench/30gib-8.bin,759,33554432,541.10,,
0,bench/30gib-8.bin,760,33554432,1081.38,,
0,bench/30gib-8.bin,761,33554432,1059.08,,
0,bench/30gib-8.bin,762,33554432,1081.82,,
0,bench/30gib-8.bin,763,33554432,548.84,,
0,bench/30gib-8.bin,764,33554432,677.04,,
0,bench/30gib-8.bin,765,33554432,606.08,,
0,bench/30gib-8.bin,766,33554432,672.31,,
0,bench/30gib-8.bin,767,33554432,586.83,,
0,bench/30gib-8.bin,768,33554432,691.05,,
0,bench/30gib-8.bin,769,33554432,510.55,,
0,bench/30gib-8.bin,770,33554432,1010.61,,
0,bench/30gib-8.bin,771,33554432,890.27,,
0,bench/30gib-8.bin,772,33554432,1047.70,,
0,bench/30gib-8.bin,773,33554432,1027.00,,
0,bench/30gib-8.bin,774,33554432,544.59,,
0,bench/30gib-8.bin,775,33554432,587.48,,
0,bench/30gib-8.bin,776,33554432,969.71,,
0,bench/30gib-8.bin,777,33554432,714.79,,
0,bench/30gib-8.bin,778,33554432,1083.36,,
0,bench/30gib-8.bin,779,33554432,617.10,,
0,bench/30gib-8.bin,780,33554432,525.17,,
0,bench/30gib-8.bin,781,33554432,995.48,,
0,bench/30gib-8.bin,782,33554432,854.09,,
0,bench/30gib-8.bin,783,33554432,720.16,,
0,bench/30gib-8.bin,784,33554432,667.11,,
0,bench/30gib-8.bin,785,33554432,566.05,,
0,bench/30gib-8.bin,786,33554432,610.49,,
0,bench/30gib-8.bin,787,33554432,608.51,,
0,bench/30gib-8.bin,788,33554432,792.60,,
0,bench/30gib-8.bin,789,33554432,583.50,,
0,bench/30gib-8.bin,790,33554432,716.62,,
0,bench/30gib-8.bin,791,33554432,598.10,,
0,bench/30gib-8.bin,792,33554432,648.35,,
0,bench/30gib-8.bin,793,33554432,1252.61,,
0,bench/30gib-8.bin,794,33554432,800.66,,
0,bench/30gib-8.bin,795,33554432,1253.83,,
0,bench/30gib-8.bin,796,33554432,563.64,,
0,bench/30gib-8.bin,797,33554432,772.66,,
0,bench/30gib-8.bin,798,33554432,590.08,,
0,bench/30gib-8.bin,799,33554432,948.68,,
0,bench/30gib-8.bin,800,33554432,790.22,,
0,bench/30gib-8.bin,801,33554432,502.80,,
0,bench/30gib-8.bin,802,33554432,748.54,,
0,bench/30gib-8.bin,803,33554432,796.12,,
0,bench/30gib-8.bin,804,33554432,692.11,,
0,bench/30gib-8.bin,805,33554432,1675.04,,
0,bench/30gib-8.bin,806,33554432,723.94,,
0,bench/30gib-8.bin,807,33554432,593.76,,
0,bench/30gib-8.bin,808,33554432,937.62,,
0,bench/30gib-8.bin,809,33554432,773.66,,
0,bench/30gib-8.bin,810,33554432,697.61,,
0,bench/30gib-8.bin,811,33554432,480.58,,
0,bench/30gib-8.bin,812,33554432,639.78,,
0,bench/30gib-8.bin,813,33554432,858.01,,
0,bench/30gib-8.bin,814,33554432,705.01,,
0,bench/30gib-8.bin,815,33554432,568.18,,
0,bench/30gib-8.bin,816,33554432,619.54,,
0,bench/30gib-8.bin,817,33554432,898.99,,
0,bench/30gib-8.bin,818,33554432,387.38,,
0,bench/30gib-8.bin,819,33554432,625.87,,
0,bench/30gib-8.bin,820,33554432,780.62,,
0,bench/30gib-8.bin,821,33554432,622.95,,
0,bench/30gib-8.bin,822,33554432,910.95,,
0,bench/30gib-8.bin,823,33554432,508.22,,
0,bench/30gib-8.bin,824,33554432,623.80,,
0,bench/30gib-8.bin,825,33554432,804.82,,
0,bench/30gib-8.bin,826,33554432,514.47,,
0,bench/30gib-8.bin,827,33554432,665.94,,
0,bench/30gib-8.bin,828,33554432,690.63,,
0,bench/30gib-8.bin,829,33554432,1359.00,,
0,bench/30gib-8.bin,830,33554432,798.41,,
0,bench/30gib-8.bin,831,33554432,1033.64,,
0,bench/30gib-8.bin,832,33554432,606.66,,
0,bench/30gib-8.bin,833,33554432,616.58,,
0,bench/30gib-8.bin,834,33554432,830.11,,
0,bench/30gib-8.bin,835,33554432,791.92,,
0,bench/30gib-8.bin,836,33554432,1018.79,,
0,bench/30gib-8.bin,837,33554432,428.74,,
0,bench/30gib-8.bin,838,33554432,967.06,,
0,bench/30gib-8.bin,839,33554432,476.19,,
0,bench/30gib-8.bin,840,33554432,473.43,,
0,bench/30gib-8.bin,841,33554432,806.97,,
0,bench/30gib-8.bin,842,33554432,817.34,,
0,bench/30gib-8.bin,843,33554432,869.02,,
0,bench/30gib-8.bin,844,33554432,830.17,,
0,bench/30gib-8.bin,845,33554432,656.70,,
0,bench/30gib-8.bin,846,33554432,634.89,,
0,bench/30gib-8.bin,847,33554432,479.79,,
0,bench/30gib-8.bin,848,33554432,639.39,,
0,bench/30gib-8.bin,849,33554432,732.52,,
0,bench/30gib-8.bin,850,33554432,580.70,,
0,bench/30gib-8.bin,851,33554432,985.28,,
0,bench/30gib-8.bin,852,33554432,600.42,,
0,bench/30gib-8.bin,853,33554432,623.37,,
0,bench/30gib-8.bin,854,33554432,598.30,,
0,bench/30gib-8.bin,855,33554432,662.67,,
0,bench/30gib-8.bin,856,33554432,678.88,,
0,bench/30gib-8.bin,857,33554432,814.70,,
0,bench/30gib-8.bin,858,33554432,757.30,,
0,bench/30gib-8.bin,859,33554432,617.75,,
0,bench/30gib-8.bin,860,33554432,497.01,,
0,bench/30gib-8.bin,861,33554432,1036.32,,
0,bench/30gib-8.bin,862,33554432,809.96,,
0,bench/30gib-8.bin,863,33554432,730.41,,
0,bench/30gib-8.bin,864,33554432,564.72,,
0,bench/30gib-8.bin,865,33554432,963.87,,
0,bench/30gib-8.bin,866,33554432,847.65,,
0,bench/30gib-8.bin,867,33554432,645.91,,
0,bench/30gib-8.bin,868,33554432,1110.87,,
0,bench/30gib-8.bin,869,33554432,863.66,,
0,bench/30gib-8.bin,870,33554432,655.07,,
0,bench/30gib-8.bin,871,33554432,853.62,,
0,bench/30gib-8.bin,872,33554432,666.43,,
0,bench/30gib-8.bin,873,33554432,671.17,,
0,bench/30gib-8.bin,874,33554432,533.01,,
0,bench/30gib-8.bin,875,33554432,646.13,,
0,bench/30gib-8.bin,876,33554432,585.13,,
0,bench/30gib-8.bin,877,33554432,923.50,,
0,bench/30gib-8.bin,878,33554432,644.05,,
0,bench/30gib-8.bin,879,33554432,612.74,,
0,bench/30gib-8.bin,880,33554432,599.09,,
0,bench/30gib-8.bin,881,33554432,666.17,,
0,bench/30gib-8.bin,882,33554432,655.32,,
0,bench/30gib-8.bin,883,33554432,584.49,,
0,bench/30gib-8.bin,884,33554432,804.75,,
0,bench/30gib-8.bin,885,33554432,657.61,,
0,bench/30gib-8.bin,886,33554432,817.72,,
0,bench/30gib-8.bin,887,33554432,635.64,,
0,bench/30gib-8.bin,888,33554432,581.21,,
0,bench/30gib-8.bin,889,33554432,540.36,,
0,bench/30gib-8.bin,890,33554432,692.59,,
0,bench/30gib-8.bin,891,33554432,700.13,,
0,bench/30gib-8.bin,892,33554432,518.21,,
0,bench/30gib-8.bin,893,33554432,892.65,,
0,bench/30gib-8.bin,894,33554432,650.49,,
0,bench/30gib-8.bin,895,33554432,625.07,,
0,bench/30gib-8.bin,896,33554432,553.98,,
0,bench/30gib-8.bin,897,33554432,925.11,,
0,bench/30gib-8.bin,898,33554432,632.03,,
0,bench/30gib-8.bin,899,33554432,611.84,,
0,bench/30gib-8.bin,900,33554432,744.29,,
0,bench/30gib-8.bin,901,33554432,646.71,,
0,bench/30gib-8.bin,902,33554432,423.13,,
0,bench/30gib-8.bin,903,33554432,450.76,,
0,bench/30gib-8.bin,904,33554432,681.45,,
0,bench/30gib-8.bin,905,33554432,473.88,,
0,bench/30gib-8.bin,906,33554432,815.22,,
0,bench/30gib-8.bin,907,33554432,606.12,,
0,bench/30gib-8.bin,908,33554432,405.43,,
0,bench/30gib-8.bin,909,33554432,527.71,,
0,bench/30gib-8.bin,910,33554432,461.34,,
0,bench/30gib-8.bin,911,33554432,607.83,,
0,bench/30gib-8.bin,912,33554432,1105.07,,
0,bench/30gib-8.bin,913,33554432,506.10,,
0,bench/30gib-8.bin,914,33554432,731.35,,
0,bench/30gib-8.bin,915,33554432,601.24,,
0,bench/30gib-8.bin,916,33554432,840.18,,
0,bench/30gib-8.bin,917,33554432,553.47,,
0,bench/30gib-8.bin,918,33554432,724.82,,
0,bench/30gib-8.bin,919,33554432,690.89,,
0,bench/30gib-8.bin,920,33554432,561.01,,
0,bench/30gib-8.bin,921,33554432,429.01,,
0,bench/30gib-8.bin,922,33554432,685.32,,
0,bench/30gib-8.bin,923,33554432,733.36,,
0,bench/30gib-8.bin,924,33554432,708.12,,
0,bench/30gib-8.bin,925,33554432,729.15,,
0,bench/30gib-8.bin,926,33554432,830.09,,
0,bench/30gib-8.bin,927,33554432,584.37,,
0,bench/30gib-8.bin,928,33554432,622.01,,
0,bench/30gib-8.bin,929,33554432,895.92,,
0,bench/30gib-8.bin,930,33554432,486.68,,
0,bench/30gib-8.bin,931,33554432,421.84,,
0,bench/30gib-8.bin,932,33554432,590.35,,
0,bench/30gib-8.bin,933,33554432,810.47,,
0,bench/30gib-8.bin,934,33554432,473.84,,
0,bench/30gib-8.bin,935,33554432,641.56,,
0,bench/30gib-8.bin,936,33554432,454.76,,
0,bench/30gib-8.bin,937,33554432,571.70,,
0,bench/30gib-8.bin,938,33554432,906.14,,
0,bench/30gib-8.bin,939,33554432,1234.30,,
0,bench/30gib-8.bin,940,33554432,940.25,,
0,bench/30gib-8.bin,941,33554432,488.26,,
0,bench/30gib-8.bin,942,33554432,682.20,,
0,bench/30gib-8.bin,943,33554432,418.43,,
0,bench/30gib-8.bin,944,33554432,624.30,,
0,bench/30gib-8.bin,945,33554432,742.88,,
0,bench/30gib-8.bin,946,33554432,1096.63,,
0,bench/30gib-8.bin,947,33554432,633.09,,
0,bench/30gib-8.bin,948,33554432,519.07,,
0,bench/30gib-8.bin,949,33554432,489.93,,
0,bench/30gib-8.bin,950,33554432,748.15,,
0,bench/30gib-8.bin,951,33554432,694.52,,
0,bench/30gib-8.bin,952,33554432,460.59,,
0,bench/30gib-8.bin,953,33554432,449.83,,
0,bench/30gib-8.bin,954,33554432,617.25,,
0,bench/30gib-8.bin,955,33554432,459.96,,
0,bench/30gib-8.bin,956,33554432,572.92,,
0,bench/30gib-8.bin,957,33554432,984.49,,
0,bench/30gib-8.bin,958,33554432,371.85,,
0,bench/30gib-8.bin,959,33554432,534.46,,
0,bench/30gib-8.bin,960,33554432,530.19,,
0,bench/30gib-9.bin,1,33554432,1489.55,,
0,bench/30gib-9.bin,2,33554432,1420.98,,
0,bench/30gib-9.bin,3,33554432,1323.78,,
0,bench/30gib-9.bin,4,33554432,1534.37,,
0,bench/30gib-9.bin,5,33554432,1193.46,,
0,bench/30gib-9.bin,6,33554432,1323.82,,
0,bench/30gib-9.bin,7,33554432,1132.09,,
0,bench/30gib-9.bin,8,33554432,1157.80,,
0,bench/30gib-9.bin,9,33554432,1278.63,,
0,bench/30gib-9.bin,10,33554432,1170.89,,
0,bench/30gib-9.bin,11,33554432,2091.41,,
0,bench/30gib-9.bin,12,33554432,1790.72,,
0,bench/30gib-9.bin,13,33554432,1724.04,,
0,bench/30gib-9.bin,14,33554432,1407.64,,
0,bench/30gib-9.bin,15,33554432,1738.48,,
0,bench/30gib-9.bin,16,33554432,1165.97,,
0,bench/30gib-9.bin,17,33554432,1927.76,,
0,bench/30gib-9.bin,18,33554432,1462.59,,
0,bench/30gib-9.bin,19,33554432,1427.97,,
0,bench/30gib-9.bin,20,33554432,1529.31,,
0,bench/30gib-9.bin,21,33554432,1147.89,,
0,bench/30gib-9.bin,22,33554432,2673.21,,
0,bench/30gib-9.bin,23,33554432,952.48,,
0,bench/30gib-9.bin,24,33554432,1234.47,,
0,bench/30gib-9.bin,25,33554432,1152.16,,
0,bench/30gib-9.bin,26,33554432,1335.95,,
0,bench/30gib-9.bin,27,33554432,1259.13,,
0,bench/30gib-9.bin,28,33554432,1969.68,,
0,bench/30gib-9.bin,29,33554432,1543.92,,
0,bench/30gib-9.bin,30,33554432,1218.59,,
0,bench/30gib-9.bin,31,33554432,1234.63,,
0,bench/30gib-9.bin,32,33554432,2055.68,,
0,bench/30gib-9.bin,33,33554432,1422.66,,
0,bench/30gib-9.bin,34,33554432,1241.36,,
0,bench/30gib-9.bin,35,33554432,1125.04,,
0,bench/30gib-9.bin,36,33554432,1215.31,,
0,bench/30gib-9.bin,37,33554432,747.86,,
0,bench/30gib-9.bin,38,33554432,959.80,,
0,bench/30gib-9.bin,39,33554432,1141.82,,
0,bench/30gib-9.bin,40,33554432,1001.31,,
0,bench/30gib-9.bin,41,33554432,1085.46,,
0,bench/30gib-9.bin,42,33554432,1009.82,,
0,bench/30gib-9.bin,43,33554432,946.61,,
0,bench/30gib-9.bin,44,33554432,855.57,,
0,bench/30gib-9.bin,45,33554432,1110.91,,
0,bench/30gib-9.bin,46,33554432,962.89,,
0,bench/30gib-9.bin,47,33554432,1991.28,,
0,bench/30gib-9.bin,48,33554432,1408.22,,
0,bench/30gib-9.bin,49,33554432,1315.98,,
0,bench/30gib-9.bin,50,33554432,1015.22,,
0,bench/30gib-9.bin,51,33554432,1159.60,,
0,bench/30gib-9.bin,52,33554432,1165.05,,
0,bench/30gib-9.bin,53,33554432,1029.98,,
0,bench/30gib-9.bin,54,33554432,805.39,,
0,bench/30gib-9.bin,55,33554432,1233.69,,
0,bench/30gib-9.bin,56,33554432,1315.87,,
0,bench/30gib-9.bin,57,33554432,990.53,,
0,bench/30gib-9.bin,58,33554432,1273.49,,
0,bench/30gib-9.bin,59,33554432,1067.72,,
0,bench/30gib-9.bin,60,33554432,1115.59,,
0,bench/30gib-9.bin,61,33554432,947.56,,
0,bench/30gib-9.bin,62,33554432,1553.36,,
0,bench/30gib-9.bin,63,33554432,1175.04,,
0,bench/30gib-9.bin,64,33554432,1132.00,,
0,bench/30gib-9.bin,65,33554432,1250.53,,
0,bench/30gib-9.bin,66,33554432,965.13,,
0,bench/30gib-9.bin,67,33554432,472.96,,
0,bench/30gib-9.bin,68,33554432,626.11,,
0,bench/30gib-9.bin,69,33554432,766.79,,
0,bench/30gib-9.bin,70,33554432,1291.71,,
0,bench/30gib-9.bin,71,33554432,628.49,,
0,bench/30gib-9.bin,72,33554432,607.45,,
0,bench/30gib-9.bin,73,33554432,637.98,,
0,bench/30gib-9.bin,74,33554432,611.52,,
0,bench/30gib-9.bin,75,33554432,905.51,,
0,bench/30gib-9.bin,76,33554432,645.37,,
0,bench/30gib-9.bin,77,33554432,934.92,,
0,bench/30gib-9.bin,78,33554432,924.79,,
0,bench/30gib-9.bin,79,33554432,784.43,,
0,bench/30gib-9.bin,80,33554432,829.19,,
0,bench/30gib-9.bin,81,33554432,377.71,,
0,bench/30gib-9.bin,82,33554432,1005.62,,
0,bench/30gib-9.bin,83,33554432,1054.11,,
0,bench/30gib-9.bin,84,33554432,688.56,,
0,bench/30gib-9.bin,85,33554432,727.43,,
0,bench/30gib-9.bin,86,33554432,674.08,,
0,bench/30gib-9.bin,87,33554432,1151.19,,
0,bench/30gib-9.bin,88,33554432,1114.12,,
0,bench/30gib-9.bin,89,33554432,540.90,,
0,bench/30gib-9.bin,90,33554432,1071.08,,
0,bench/30gib-9.bin,91,33554432,434.89,,
0,bench/30gib-9.bin,92,33554432,1080.79,,
0,bench/30gib-9.bin,93,33554432,622.25,,
0,bench/30gib-9.bin,94,33554432,1174.27,,
0,bench/30gib-9.bin,95,33554432,1859.13,,
0,bench/30gib-9.bin,96,33554432,763.35,,
0,bench/30gib-9.bin,97,33554432,569.16,,
0,bench/30gib-9.bin,98,33554432,943.37,,
0,bench/30gib-9.bin,99,33554432,616.47,,
0,bench/30gib-9.bin,100,33554432,879.88,,
0,bench/30gib-9.bin,101,33554432,677.30,,
0,bench/30gib-9.bin,102,33554432,639.11,,
0,bench/30gib-9.bin,103,33554432,876.57,,
0,bench/30gib-9.bin,104,33554432,915.71,,
0,bench/30gib-9.bin,105,33554432,862.64,,
0,bench/30gib-9.bin,106,33554432,544.07,,
0,bench/30gib-9.bin,107,33554432,579.50,,
0,bench/30gib-9.bin,108,33554432,681.89,,
0,bench/30gib-9.bin,109,33554432,886.70,,
0,bench/30gib-9.bin,110,33554432,825.23,,
0,bench/30gib-9.bin,111,33554432,656.46,,
0,bench/30gib-9.bin,112,33554432,871.83,,
0,bench/30gib-9.bin,113,33554432,1044.29,,
0,bench/30gib-9.bin,114,33554432,493.41,,
0,bench/30gib-9.bin,115,33554432,878.72,,
0,bench/30gib-9.bin,116,33554432,600.81,,
0,bench/30gib-9.bin,117,33554432,617.84,,
0,bench/30gib-9.bin,118,33554432,450.14,,
0,bench/30gib-9.bin,119,33554432,677.35,,
0,bench/30gib-9.bin,120,33554432,652.58,,
0,bench/30gib-9.bin,121,33554432,558.71,,
0,bench/30gib-9.bin,122,33554432,729.98,,
0,bench/30gib-9.bin,123,33554432,618.94,,
0,bench/30gib-9.bin,124,33554432,565.88,,
0,bench/30gib-9.bin,125,33554432,957.37,,
0,bench/30gib-9.bin,126,33554432,1039.54,,
0,bench/30gib-9.bin,127,33554432,875.25,,
0,bench/30gib-9.bin,128,33554432,593.55,,
0,bench/30gib-9.bin,129,33554432,774.10,,
0,bench/30gib-9.bin,130,33554432,741.55,,
0,bench/30gib-9.bin,131,33554432,859.55,,
0,bench/30gib-9.bin,132,33554432,694.39,,
0,bench/30gib-9.bin,133,33554432,829.41,,
0,bench/30gib-9.bin,134,33554432,588.90,,
0,bench/30gib-9.bin,135,33554432,836.82,,
0,bench/30gib-9.bin,136,33554432,654.87,,
0,bench/30gib-9.bin,137,33554432,866.25,,
0,bench/30gib-9.bin,138,33554432,824.55,,
0,bench/30gib-9.bin,139,33554432,538.54,,
0,bench/30gib-9.bin,140,33554432,539.94,,
0,bench/30gib-9.bin,141,33554432,929.51,,
0,bench/30gib-9.bin,142,33554432,706.79,,
0,bench/30gib-9.bin,143,33554432,732.24,,
0,bench/30gib-9.bin,144,33554432,630.88,,
0,bench/30gib-9.bin,145,33554432,645.83,,
0,bench/30gib-9.bin,146,33554432,909.14,,
0,bench/30gib-9.bin,147,33554432,829.44,,
0,bench/30gib-9.bin,148,33554432,555.74,,
0,bench/30gib-9.bin,149,33554432,679.76,,
0,bench/30gib-9.bin,150,33554432,563.92,,
0,bench/30gib-9.bin,151,33554432,501.00,,
0,bench/30gib-9.bin,152,33554432,618.77,,
0,bench/30gib-9.bin,153,33554432,635.71,,
0,bench/30gib-9.bin,154,33554432,783.50,,
0,bench/30gib-9.bin,155,33554432,735.48,,
0,bench/30gib-9.bin,156,33554432,885.22,,
0,bench/30gib-9.bin,157,33554432,849.73,,
0,bench/30gib-9.bin,158,33554432,843.31,,
0,bench/30gib-9.bin,159,33554432,836.57,,
0,bench/30gib-9.bin,160,33554432,698.40,,
0,bench/30gib-9.bin,161,33554432,725.32,,
0,bench/30gib-9.bin,162,33554432,642.78,,
0,bench/30gib-9.bin,163,33554432,1326.00,,
0,bench/30gib-9.bin,164,33554432,650.06,,
0,bench/30gib-9.bin,165,33554432,619.29,,
0,bench/30gib-9.bin,166,33554432,1047.55,,
0,bench/30gib-9.bin,167,33554432,414.98,,
0,bench/30gib-9.bin,168,33554432,757.36,,
0,bench/30gib-9.bin,169,33554432,551.13,,
0,bench/30gib-9.bin,170,33554432,752.79,,
0,bench/30gib-9.bin,171,33554432,803.99,,
0,bench/30gib-9.bin,172,33554432,630.94,,
0,bench/30gib-9.bin,173,33554432,1276.79,,
0,bench/30gib-9.bin,174,33554432,655.09,,
0,bench/30gib-9.bin,175,33554432,784.81,,
0,bench/30gib-9.bin,176,33554432,739.61,,
0,bench/30gib-9.bin,177,33554432,1013.61,,
0,bench/30gib-9.bin,178,33554432,610.36,,
0,bench/30gib-9.bin,179,33554432,614.09,,
0,bench/30gib-9.bin,180,33554432,714.65,,
0,bench/30gib-9.bin,181,33554432,747.99,,
0,bench/30gib-9.bin,182,33554432,754.09,,
0,bench/30gib-9.bin,183,33554432,474.18,,
0,bench/30gib-9.bin,184,33554432,635.27,,
0,bench/30gib-9.bin,185,33554432,543.86,,
0,bench/30gib-9.bin,186,33554432,826.20,,
0,bench/30gib-9.bin,187,33554432,499.73,,
0,bench/30gib-9.bin,188,33554432,550.92,,
0,bench/30gib-9.bin,189,33554432,704.98,,
0,bench/30gib-9.bin,190,33554432,944.95,,
0,bench/30gib-9.bin,191,33554432,761.18,,
0,bench/30gib-9.bin,192,33554432,918.95,,
0,bench/30gib-9.bin,193,33554432,912.95,,
0,bench/30gib-9.bin,194,33554432,845.93,,
0,bench/30gib-9.bin,195,33554432,657.69,,
0,bench/30gib-9.bin,196,33554432,617.82,,
0,bench/30gib-9.bin,197,33554432,660.93,,
0,bench/30gib-9.bin,198,33554432,926.21,,
0,bench/30gib-9.bin,199,33554432,919.40,,
0,bench/30gib-9.bin,200,33554432,565.71,,
0,bench/30gib-9.bin,201,33554432,458.76,,
0,bench/30gib-9.bin,202,33554432,652.07,,
0,bench/30gib-9.bin,203,33554432,551.94,,
0,bench/30gib-9.bin,204,33554432,405.00,,
0,bench/30gib-9.bin,205,33554432,577.45,,
0,bench/30gib-9.bin,206,33554432,1160.98,,
0,bench/30gib-9.bin,207,33554432,1755.66,,
0,bench/30gib-9.bin,208,33554432,472.43,,
0,bench/30gib-9.bin,209,33554432,670.23,,
0,bench/30gib-9.bin,210,33554432,747.12,,
0,bench/30gib-9.bin,211,33554432,447.17,,
0,bench/30gib-9.bin,212,33554432,556.01,,
0,bench/30gib-9.bin,213,33554432,801.34,,
0,bench/30gib-9.bin,214,33554432,630.07,,
0,bench/30gib-9.bin,215,33554432,456.22,,
0,bench/30gib-9.bin,216,33554432,787.29,,
0,bench/30gib-9.bin,217,33554432,448.17,,
0,bench/30gib-9.bin,218,33554432,696.05,,
0,bench/30gib-9.bin,219,33554432,551.46,,
0,bench/30gib-9.bin,220,33554432,644.59,,
0,bench/30gib-9.bin,221,33554432,554.02,,
0,bench/30gib-9.bin,222,33554432,596.63,,
0,bench/30gib-9.bin,223,33554432,564.37,,
0,bench/30gib-9.bin,224,33554432,680.22,,
0,bench/30gib-9.bin,225,33554432,531.77,,
0,bench/30gib-9.bin,226,33554432,647.74,,
0,bench/30gib-9.bin,227,33554432,568.88,,
0,bench/30gib-9.bin,228,33554432,752.89,,
0,bench/30gib-9.bin,229,33554432,595.66,,
0,bench/30gib-9.bin,230,33554432,803.50,,
0,bench/30gib-9.bin,231,33554432,684.46,,
0,bench/30gib-9.bin,232,33554432,504.99,,
0,bench/30gib-9.bin,233,33554432,672.61,,
0,bench/30gib-9.bin,234,33554432,630.55,,
0,bench/30gib-9.bin,235,33554432,713.52,,
0,bench/30gib-9.bin,236,33554432,491.80,,
0,bench/30gib-9.bin,237,33554432,611.76,,
0,bench/30gib-9.bin,238,33554432,466.51,,
0,bench/30gib-9.bin,239,33554432,1451.23,,
0,bench/30gib-9.bin,240,33554432,741.72,,
0,bench/30gib-9.bin,241,33554432,473.78,,
0,bench/30gib-9.bin,242,33554432,727.82,,
0,bench/30gib-9.bin,243,33554432,589.80,,
0,bench/30gib-9.bin,244,33554432,375.34,,
0,bench/30gib-9.bin,245,33554432,806.93,,
0,bench/30gib-9.bin,246,33554432,658.03,,
0,bench/30gib-9.bin,247,33554432,528.26,,
0,bench/30gib-9.bin,248,33554432,653.97,,
0,bench/30gib-9.bin,249,33554432,586.88,,
0,bench/30gib-9.bin,250,33554432,1030.63,,
0,bench/30gib-9.bin,251,33554432,628.63,,
0,bench/30gib-9.bin,252,33554432,641.07,,
0,bench/30gib-9.bin,253,33554432,446.62,,
0,bench/30gib-9.bin,254,33554432,555.04,,
0,bench/30gib-9.bin,255,33554432,498.57,,
0,bench/30gib-9.bin,256,33554432,684.64,,
0,bench/30gib-9.bin,257,33554432,636.22,,
0,bench/30gib-9.bin,258,33554432,679.12,,
0,bench/30gib-9.bin,259,33554432,602.92,,
0,bench/30gib-9.bin,260,33554432,528.38,,
0,bench/30gib-9.bin,261,33554432,572.16,,
0,bench/30gib-9.bin,262,33554432,553.54,,
0,bench/30gib-9.bin,263,33554432,745.87,,
0,bench/30gib-9.bin,264,33554432,945.37,,
0,bench/30gib-9.bin,265,33554432,492.02,,
0,bench/30gib-9.bin,266,33554432,858.69,,
0,bench/30gib-9.bin,267,33554432,663.81,,
0,bench/30gib-9.bin,268,33554432,579.21,,
0,bench/30gib-9.bin,269,33554432,620.88,,
0,bench/30gib-9.bin,270,33554432,611.77,,
0,bench/30gib-9.bin,271,33554432,764.86,,
0,bench/30gib-9.bin,272,33554432,537.75,,
0,bench/30gib-9.bin,273,33554432,869.81,,
0,bench/30gib-9.bin,274,33554432,769.25,,
0,bench/30gib-9.bin,275,33554432,1145.15,,
0,bench/30gib-9.bin,276,33554432,716.28,,
0,bench/30gib-9.bin,277,33554432,903.30,,
0,bench/30gib-9.bin,278,33554432,880.99,,
0,bench/30gib-9.bin,279,33554432,1053.28,,
0,bench/30gib-9.bin,280,33554432,601.21,,
0,bench/30gib-9.bin,281,33554432,1022.70,,
0,bench/30gib-9.bin,282,33554432,774.99,,
0,bench/30gib-9.bin,283,33554432,531.04,,
0,bench/30gib-9.bin,284,33554432,605.47,,
0,bench/30gib-9.bin,285,33554432,677.72,,
0,bench/30gib-9.bin,286,33554432,633.76,,
0,bench/30gib-9.bin,287,33554432,670.85,,
0,bench/30gib-9.bin,288,33554432,567.78,,
0,bench/30gib-9.bin,289,33554432,494.67,,
0,bench/30gib-9.bin,290,33554432,700.24,,
0,bench/30gib-9.bin,291,33554432,933.36,,
0,bench/30gib-9.bin,292,33554432,570.42,,
0,bench/30gib-9.bin,293,33554432,701.75,,
0,bench/30gib-9.bin,294,33554432,438.97,,
0,bench/30gib-9.bin,295,33554432,662.25,,
0,bench/30gib-9.bin,296,33554432,631.65,,
0,bench/30gib-9.bin,297,33554432,743.85,,
0,bench/30gib-9.bin,298,33554432,803.41,,
0,bench/30gib-9.bin,299,33554432,596.91,,
0,bench/30gib-9.bin,300,33554432,736.53,,
0,bench/30gib-9.bin,301,33554432,1025.33,,
0,bench/30gib-9.bin,302,33554432,762.18,,
0,bench/30gib-9.bin,303,33554432,489.70,,
0,bench/30gib-9.bin,304,33554432,649.63,,
0,bench/30gib-9.bin,305,33554432,854.22,,
0,bench/30gib-9.bin,306,33554432,835.22,,
0,bench/30gib-9.bin,307,33554432,491.43,,
0,bench/30gib-9.bin,308,33554432,872.10,,
0,bench/30gib-9.bin,309,33554432,671.08,,
0,bench/30gib-9.bin,310,33554432,517.90,,
0,bench/30gib-9.bin,311,33554432,938.36,,
0,bench/30gib-9.bin,312,33554432,989.97,,
0,bench/30gib-9.bin,313,33554432,587.94,,
0,bench/30gib-9.bin,314,33554432,577.14,,
0,bench/30gib-9.bin,315,33554432,475.92,,
0,bench/30gib-9.bin,316,33554432,850.02,,
0,bench/30gib-9.bin,317,33554432,613.33,,
0,bench/30gib-9.bin,318,33554432,890.13,,
0,bench/30gib-9.bin,319,33554432,391.45,,
0,bench/30gib-9.bin,320,33554432,519.52,,
0,bench/30gib-9.bin,321,33554432,567.55,,
0,bench/30gib-9.bin,322,33554432,625.95,,
0,bench/30gib-9.bin,323,33554432,536.40,,
0,bench/30gib-9.bin,324,33554432,358.00,,
0,bench/30gib-9.bin,325,33554432,615.02,,
0,bench/30gib-9.bin,326,33554432,698.02,,
0,bench/30gib-9.bin,327,33554432,1006.48,,
0,bench/30gib-9.bin,328,33554432,796.93,,
0,bench/30gib-9.bin,329,33554432,959.49,,
0,bench/30gib-9.bin,330,33554432,607.78,,
0,bench/30gib-9.bin,331,33554432,581.27,,
0,bench/30gib-9.bin,332,33554432,705.22,,
0,bench/30gib-9.bin,333,33554432,424.54,,
0,bench/30gib-9.bin,334,33554432,566.20,,
0,bench/30gib-9.bin,335,33554432,618.28,,
0,bench/30gib-9.bin,336,33554432,1228.70,,
0,bench/30gib-9.bin,337,33554432,630.63,,
0,bench/30gib-9.bin,338,33554432,619.13,,
0,bench/30gib-9.bin,339,33554432,1155.40,,
0,bench/30gib-9.bin,340,33554432,604.85,,
0,bench/30gib-9.bin,341,33554432,518.06,,
0,bench/30gib-9.bin,342,33554432,546.78,,
0,bench/30gib-9.bin,343,33554432,645.88,,
0,bench/30gib-9.bin,344,33554432,1040.82,,
0,bench/30gib-9.bin,345,33554432,1112.27,,
0,bench/30gib-9.bin,346,33554432,1040.85,,
0,bench/30gib-9.bin,347,33554432,566.97,,
0,bench/30gib-9.bin,348,33554432,1016.18,,
0,bench/30gib-9.bin,349,33554432,712.34,,
0,bench/30gib-9.bin,350,33554432,759.71,,
0,bench/30gib-9.bin,351,33554432,1070.22,,
0,bench/30gib-9.bin,352,33554432,386.19,,
0,bench/30gib-9.bin,353,33554432,967.63,,
0,bench/30gib-9.bin,354,33554432,567.52,,
0,bench/30gib-9.bin,355,33554432,916.28,,
0,bench/30gib-9.bin,356,33554432,525.56,,
0,bench/30gib-9.bin,357,33554432,899.52,,
0,bench/30gib-9.bin,358,33554432,1017.90,,
0,bench/30gib-9.bin,359,33554432,806.78,,
0,bench/30gib-9.bin,360,33554432,756.67,,
0,bench/30gib-9.bin,361,33554432,461.56,,
0,bench/30gib-9.bin,362,33554432,648.75,,
0,bench/30gib-9.bin,363,33554432,451.35,,
0,bench/30gib-9.bin,364,33554432,545.89,,
0,bench/30gib-9.bin,365,33554432,989.97,,
0,bench/30gib-9.bin,366,33554432,765.12,,
0,bench/30gib-9.bin,367,33554432,471.46,,
0,bench/30gib-9.bin,368,33554432,1309.26,,
0,bench/30gib-9.bin,369,33554432,902.94,,
0,bench/30gib-9.bin,370,33554432,549.03,,
0,bench/30gib-9.bin,371,33554432,560.27,,
0,bench/30gib-9.bin,372,33554432,1113.40,,
0,bench/30gib-9.bin,373,33554432,885.48,,
0,bench/30gib-9.bin,374,33554432,635.51,,
0,bench/30gib-9.bin,375,33554432,865.99,,
0,bench/30gib-9.bin,376,33554432,587.99,,
0,bench/30gib-9.bin,377,33554432,841.34,,
0,bench/30gib-9.bin,378,33554432,906.57,,
0,bench/30gib-9.bin,379,33554432,525.33,,
0,bench/30gib-9.bin,380,33554432,637.40,,
0,bench/30gib-9.bin,381,33554432,782.18,,
0,bench/30gib-9.bin,382,33554432,435.62,,
0,bench/30gib-9.bin,383,33554432,1040.26,,
0,bench/30gib-9.bin,384,33554432,636.94,,
0,bench/30gib-9.bin,385,33554432,694.33,,
0,bench/30gib-9.bin,386,33554432,635.06,,
0,bench/30gib-9.bin,387,33554432,646.28,,
0,bench/30gib-9.bin,388,33554432,839.57,,
0,bench/30gib-9.bin,389,33554432,680.65,,
0,bench/30gib-9.bin,390,33554432,1390.01,,
0,bench/30gib-9.bin,391,33554432,774.33,,
0,bench/30gib-9.bin,392,33554432,606.80,,
0,bench/30gib-9.bin,393,33554432,837.06,,
0,bench/30gib-9.bin,394,33554432,611.15,,
0,bench/30gib-9.bin,395,33554432,605.25,,
0,bench/30gib-9.bin,396,33554432,1043.41,,
0,bench/30gib-9.bin,397,33554432,1114.77,,
0,bench/30gib-9.bin,398,33554432,466.05,,
0,bench/30gib-9.bin,399,33554432,789.50,,
0,bench/30gib-9.bin,400,33554432,877.66,,
0,bench/30gib-9.bin,401,33554432,656.48,,
0,bench/30gib-9.bin,402,33554432,623.53,,
0,bench/30gib-9.bin,403,33554432,907.44,,
0,bench/30gib-9.bin,404,33554432,668.26,,
0,bench/30gib-9.bin,405,33554432,534.54,,
0,bench/30gib-9.bin,406,33554432,627.45,,
0,bench/30gib-9.bin,407,33554432,427.90,,
0,bench/30gib-9.bin,408,33554432,548.35,,
0,bench/30gib-9.bin,409,33554432,488.85,,
0,bench/30gib-9.bin,410,33554432,569.93,,
0,bench/30gib-9.bin,411,33554432,673.51,,
0,bench/30gib-9.bin,412,33554432,975.03,,
0,bench/30gib-9.bin,413,33554432,829.20,,
0,bench/30gib-9.bin,414,33554432,1530.45,,
0,bench/30gib-9.bin,415,33554432,567.10,,
0,bench/30gib-9.bin,416,33554432,635.83,,
0,bench/30gib-9.bin,417,33554432,570.22,,
0,bench/30gib-9.bin,418,33554432,717.59,,
0,bench/30gib-9.bin,419,33554432,673.73,,
0,bench/30gib-9.bin,420,33554432,673.97,,
0,bench/30gib-9.bin,421,33554432,785.56,,
0,bench/30gib-9.bin,422,33554432,632.20,,
0,bench/30gib-9.bin,423,33554432,483.33,,
0,bench/30gib-9.bin,424,33554432,751.50,,
0,bench/30gib-9.bin,425,33554432,415.49,,
0,bench/30gib-9.bin,426,33554432,482.96,,
0,bench/30gib-9.bin,427,33554432,678.62,,
0,bench/30gib-9.bin,428,33554432,885.25,,
0,bench/30gib-9.bin,429,33554432,642.63,,
0,bench/30gib-9.bin,430,33554432,562.48,,
0,bench/30gib-9.bin,431,33554432,1026.48,,
0,bench/30gib-9.bin,432,33554432,587.54,,
0,bench/30gib-9.bin,433,33554432,657.68,,
0,bench/30gib-9.bin,434,33554432,575.08,,
0,bench/30gib-9.bin,435,33554432,458.52,,
0,bench/30gib-9.bin,436,33554432,763.36,,
0,bench/30gib-9.bin,437,33554432,712.15,,
0,bench/30gib-9.bin,438,33554432,453.44,,
0,bench/30gib-9.bin,439,33554432,495.62,,
0,bench/30gib-9.bin,440,33554432,1122.75,,
0,bench/30gib-9.bin,441,33554432,950.74,,
0,bench/30gib-9.bin,442,33554432,1076.44,,
0,bench/30gib-9.bin,443,33554432,893.49,,
0,bench/30gib-9.bin,444,33554432,557.31,,
0,bench/30gib-9.bin,445,33554432,756.04,,
0,bench/30gib-9.bin,446,33554432,695.15,,
0,bench/30gib-9.bin,447,33554432,630.20,,
0,bench/30gib-9.bin,448,33554432,1008.03,,
0,bench/30gib-9.bin,449,33554432,639.60,,
0,bench/30gib-9.bin,450,33554432,868.05,,
0,bench/30gib-9.bin,451,33554432,485.98,,
0,bench/30gib-9.bin,452,33554432,564.99,,
0,bench/30gib-9.bin,453,33554432,1006.59,,
0,bench/30gib-9.bin,454,33554432,812.50,,
0,bench/30gib-9.bin,455,33554432,539.31,,
0,bench/30gib-9.bin,456,33554432,860.17,,
0,bench/30gib-9.bin,457,33554432,398.34,,
0,bench/30gib-9.bin,458,33554432,817.01,,
0,bench/30gib-9.bin,459,33554432,614.65,,
0,bench/30gib-9.bin,460,33554432,828.49,,
0,bench/30gib-9.bin,461,33554432,700.41,,
0,bench/30gib-9.bin,462,33554432,544.35,,
0,bench/30gib-9.bin,463,33554432,824.80,,
0,bench/30gib-9.bin,464,33554432,706.60,,
0,bench/30gib-9.bin,465,33554432,614.83,,
0,bench/30gib-9.bin,466,33554432,766.92,,
0,bench/30gib-9.bin,467,33554432,674.35,,
0,bench/30gib-9.bin,468,33554432,1270.66,,
0,bench/30gib-9.bin,469,33554432,631.66,,
0,bench/30gib-9.bin,470,33554432,832.89,,
0,bench/30gib-9.bin,471,33554432,1016.01,,
0,bench/30gib-9.bin,472,33554432,576.36,,
0,bench/30gib-9.bin,473,33554432,532.16,,
0,bench/30gib-9.bin,474,33554432,787.82,,
0,bench/30gib-9.bin,475,33554432,913.07,,
0,bench/30gib-9.bin,476,33554432,533.32,,
0,bench/30gib-9.bin,477,33554432,757.98,,
0,bench/30gib-9.bin,478,33554432,536.06,,
0,bench/30gib-9.bin,479,33554432,946.76,,
0,bench/30gib-9.bin,480,33554432,497.55,,
0,bench/30gib-9.bin,481,33554432,850.20,,
0,bench/30gib-9.bin,482,33554432,641.81,,
0,bench/30gib-9.bin,483,33554432,572.98,,
0,bench/30gib-9.bin,484,33554432,1025.31,,
0,bench/30gib-9.bin,485,33554432,781.17,,
0,bench/30gib-9.bin,486,33554432,875.62,,
0,bench/30gib-9.bin,487,33554432,842.49,,
0,bench/30gib-9.bin,488,33554432,714.53,,
0,bench/30gib-9.bin,489,33554432,545.90,,
0,bench/30gib-9.bin,490,33554432,834.05,,
0,bench/30gib-9.bin,491,33554432,795.62,,
0,bench/30gib-9.bin,492,33554432,970.90,,
0,bench/30gib-9.bin,493,33554432,835.61,,
0,bench/30gib-9.bin,494,33554432,773.93,,
0,bench/30gib-9.bin,495,33554432,618.40,,
0,bench/30gib-9.bin,496,33554432,1114.33,,
0,bench/30gib-9.bin,497,33554432,462.43,,
0,bench/30gib-9.bin,498,33554432,364.19,,
0,bench/30gib-9.bin,499,33554432,538.11,,
0,bench/30gib-9.bin,500,33554432,587.45,,
0,bench/30gib-9.bin,501,33554432,594.66,,
0,bench/30gib-9.bin,502,33554432,567.76,,
0,bench/30gib-9.bin,503,33554432,529.27,,
0,bench/30gib-9.bin,504,33554432,578.04,,
0,bench/30gib-9.bin,505,33554432,633.29,,
0,bench/30gib-9.bin,506,33554432,831.15,,
0,bench/30gib-9.bin,507,33554432,497.56,,
0,bench/30gib-9.bin,508,33554432,398.29,,
0,bench/30gib-9.bin,509,33554432,678.32,,
0,bench/30gib-9.bin,510,33554432,770.83,,
0,bench/30gib-9.bin,511,33554432,530.44,,
0,bench/30gib-9.bin,512,33554432,458.73,,
0,bench/30gib-9.bin,513,33554432,653.41,,
0,bench/30gib-9.bin,514,33554432,964.91,,
0,bench/30gib-9.bin,515,33554432,661.56,,
0,bench/30gib-9.bin,516,33554432,848.25,,
0,bench/30gib-9.bin,517,33554432,855.09,,
0,bench/30gib-9.bin,518,33554432,388.16,,
0,bench/30gib-9.bin,519,33554432,900.29,,
0,bench/30gib-9.bin,520,33554432,546.81,,
0,bench/30gib-9.bin,521,33554432,590.36,,
0,bench/30gib-9.bin,522,33554432,645.94,,
0,bench/30gib-9.bin,523,33554432,676.75,,
0,bench/30gib-9.bin,524,33554432,710.00,,
0,bench/30gib-9.bin,525,33554432,682.90,,
0,bench/30gib-9.bin,526,33554432,529.51,,
0,bench/30gib-9.bin,527,33554432,560.25,,
0,bench/30gib-9.bin,528,33554432,528.60,,
0,bench/30gib-9.bin,529,33554432,641.65,,
0,bench/30gib-9.bin,530,33554432,574.70,,
0,bench/30gib-9.bin,531,33554432,482.06,,
0,bench/30gib-9.bin,532,33554432,566.38,,
0,bench/30gib-9.bin,533,33554432,510.50,,
0,bench/30gib-9.bin,534,33554432,452.92,,
0,bench/30gib-9.bin,535,33554432,477.08,,
0,bench/30gib-9.bin,536,33554432,490.56,,
0,bench/30gib-9.bin,537,33554432,685.42,,
0,bench/30gib-9.bin,538,33554432,678.47,,
0,bench/30gib-9.bin,539,33554432,480.46,,
0,bench/30gib-9.bin,540,33554432,1025.31,,
0,bench/30gib-9.bin,541,33554432,547.77,,
0,bench/30gib-9.bin,542,33554432,773.78,,
0,bench/30gib-9.bin,543,33554432,872.38,,
0,bench/30gib-9.bin,544,33554432,1367.67,,
0,bench/30gib-9.bin,545,33554432,813.48,,
0,bench/30gib-9.bin,546,33554432,989.46,,
0,bench/30gib-9.bin,547,33554432,688.28,,
0,bench/30gib-9.bin,548,33554432,611.08,,
0,bench/30gib-9.bin,549,33554432,568.84,,
0,bench/30gib-9.bin,550,33554432,782.90,,
0,bench/30gib-9.bin,551,33554432,676.74,,
0,bench/30gib-9.bin,552,33554432,506.25,,
0,bench/30gib-9.bin,553,33554432,542.54,,
0,bench/30gib-9.bin,554,33554432,610.30,,
0,bench/30gib-9.bin,555,33554432,961.06,,
0,bench/30gib-9.bin,556,33554432,505.76,,
0,bench/30gib-9.bin,557,33554432,970.90,,
0,bench/30gib-9.bin,558,33554432,645.05,,
0,bench/30gib-9.bin,559,33554432,571.61,,
0,bench/30gib-9.bin,560,33554432,735.82,,
0,bench/30gib-9.bin,561,33554432,700.82,,
0,bench/30gib-9.bin,562,33554432,449.03,,
0,bench/30gib-9.bin,563,33554432,757.10,,
0,bench/30gib-9.bin,564,33554432,484.83,,
0,bench/30gib-9.bin,565,33554432,1341.63,,
0,bench/30gib-9.bin,566,33554432,707.15,,
0,bench/30gib-9.bin,567,33554432,398.89,,
0,bench/30gib-9.bin,568,33554432,636.63,,
0,bench/30gib-9.bin,569,33554432,459.03,,
0,bench/30gib-9.bin,570,33554432,714.45,,
0,bench/30gib-9.bin,571,33554432,597.32,,
0,bench/30gib-9.bin,572,33554432,517.17,,
0,bench/30gib-9.bin,573,33554432,625.46,,
0,bench/30gib-9.bin,574,33554432,673.39,,
0,bench/30gib-9.bin,575,33554432,1111.56,,
0,bench/30gib-9.bin,576,33554432,645.42,,
0,bench/30gib-9.bin,577,33554432,603.26,,
0,bench/30gib-9.bin,578,33554432,718.20,,
0,bench/30gib-9.bin,579,33554432,975.37,,
0,bench/30gib-9.bin,580,33554432,631.29,,
0,bench/30gib-9.bin,581,33554432,622.77,,
0,bench/30gib-9.bin,582,33554432,536.69,,
0,bench/30gib-9.bin,583,33554432,808.91,,
0,bench/30gib-9.bin,584,33554432,660.79,,
0,bench/30gib-9.bin,585,33554432,654.02,,
0,bench/30gib-9.bin,586,33554432,737.31,,
0,bench/30gib-9.bin,587,33554432,614.83,,
0,bench/30gib-9.bin,588,33554432,770.42,,
0,bench/30gib-9.bin,589,33554432,694.92,,
0,bench/30gib-9.bin,590,33554432,609.06,,
0,bench/30gib-9.bin,591,33554432,994.17,,
0,bench/30gib-9.bin,592,33554432,595.05,,
0,bench/30gib-9.bin,593,33554432,548.11,,
0,bench/30gib-9.bin,594,33554432,505.68,,
0,bench/30gib-9.bin,595,33554432,720.15,,
0,bench/30gib-9.bin,596,33554432,1138.04,,
0,bench/30gib-9.bin,597,33554432,1009.52,,
0,bench/30gib-9.bin,598,33554432,634.18,,
0,bench/30gib-9.bin,599,33554432,1135.96,,
0,bench/30gib-9.bin,600,33554432,693.61,,
0,bench/30gib-9.bin,601,33554432,943.30,,
0,bench/30gib-9.bin,602,33554432,474.26,,
0,bench/30gib-9.bin,603,33554432,1135.28,,
0,bench/30gib-9.bin,604,33554432,860.71,,
0,bench/30gib-9.bin,605,33554432,745.15,,
0,bench/30gib-9.bin,606,33554432,613.34,,
0,bench/30gib-9.bin,607,33554432,599.25,,
0,bench/30gib-9.bin,608,33554432,678.37,,
0,bench/30gib-9.bin,609,33554432,1153.46,,
0,bench/30gib-9.bin,610,33554432,481.17,,
0,bench/30gib-9.bin,611,33554432,692.97,,
0,bench/30gib-9.bin,612,33554432,728.05,,
0,bench/30gib-9.bin,613,33554432,563.83,,
0,bench/30gib-9.bin,614,33554432,537.37,,
0,bench/30gib-9.bin,615,33554432,675.84,,
0,bench/30gib-9.bin,616,33554432,457.27,,
0,bench/30gib-9.bin,617,33554432,834.23,,
0,bench/30gib-9.bin,618,33554432,579.56,,
0,bench/30gib-9.bin,619,33554432,708.16,,
0,bench/30gib-9.bin,620,33554432,624.87,,
0,bench/30gib-9.bin,621,33554432,677.86,,
0,bench/30gib-9.bin,622,33554432,604.34,,
0,bench/30gib-9.bin,623,33554432,477.25,,
0,bench/30gib-9.bin,624,33554432,372.00,,
0,bench/30gib-9.bin,625,33554432,887.75,,
0,bench/30gib-9.bin,626,33554432,843.67,,
0,bench/30gib-9.bin,627,33554432,970.39,,
0,bench/30gib-9.bin,628,33554432,841.46,,
0,bench/30gib-9.bin,629,33554432,619.89,,
0,bench/30gib-9.bin,630,33554432,514.19,,
0,bench/30gib-9.bin,631,33554432,570.97,,
0,bench/30gib-9.bin,632,33554432,1248.05,,
0,bench/30gib-9.bin,633,33554432,966.73,,
0,bench/30gib-9.bin,634,33554432,884.73,,
0,bench/30gib-9.bin,635,33554432,553.08,,
0,bench/30gib-9.bin,636,33554432,598.10,,
0,bench/30gib-9.bin,637,33554432,690.94,,
0,bench/30gib-9.bin,638,33554432,529.49,,
0,bench/30gib-9.bin,639,33554432,778.03,,
0,bench/30gib-9.bin,640,33554432,656.99,,
0,bench/30gib-9.bin,641,33554432,706.75,,
0,bench/30gib-9.bin,642,33554432,595.62,,
0,bench/30gib-9.bin,643,33554432,660.72,,
0,bench/30gib-9.bin,644,33554432,574.53,,
0,bench/30gib-9.bin,645,33554432,947.68,,
0,bench/30gib-9.bin,646,33554432,960.95,,
0,bench/30gib-9.bin,647,33554432,594.49,,
0,bench/30gib-9.bin,648,33554432,789.41,,
0,bench/30gib-9.bin,649,33554432,764.74,,
0,bench/30gib-9.bin,650,33554432,1197.87,,
0,bench/30gib-9.bin,651,33554432,462.50,,
0,bench/30gib-9.bin,652,33554432,1277.93,,
0,bench/30gib-9.bin,653,33554432,458.71,,
0,bench/30gib-9.bin,654,33554432,488.86,,
0,bench/30gib-9.bin,655,33554432,813.49,,
0,bench/30gib-9.bin,656,33554432,860.32,,
0,bench/30gib-9.bin,657,33554432,824.50,,
0,bench/30gib-9.bin,658,33554432,479.08,,
0,bench/30gib-9.bin,659,33554432,565.35,,
0,bench/30gib-9.bin,660,33554432,1341.44,,
0,bench/30gib-9.bin,661,33554432,2169.12,,
0,bench/30gib-9.bin,662,33554432,678.45,,
0,bench/30gib-9.bin,663,33554432,566.96,,
0,bench/30gib-9.bin,664,33554432,722.89,,
0,bench/30gib-9.bin,665,33554432,680.50,,
0,bench/30gib-9.bin,666,33554432,615.27,,
0,bench/30gib-9.bin,667,33554432,631.63,,
0,bench/30gib-9.bin,668,33554432,589.40,,
0,bench/30gib-9.bin,669,33554432,538.19,,
0,bench/30gib-9.bin,670,33554432,702.03,,
0,bench/30gib-9.bin,671,33554432,652.63,,
0,bench/30gib-9.bin,672,33554432,458.62,,
0,bench/30gib-9.bin,673,33554432,748.64,,
0,bench/30gib-9.bin,674,33554432,640.30,,
0,bench/30gib-9.bin,675,33554432,548.38,,
0,bench/30gib-9.bin,676,33554432,680.31,,
0,bench/30gib-9.bin,677,33554432,407.58,,
0,bench/30gib-9.bin,678,33554432,518.63,,
0,bench/30gib-9.bin,679,33554432,750.56,,
0,bench/30gib-9.bin,680,33554432,557.68,,
0,bench/30gib-9.bin,681,33554432,844.72,,
0,bench/30gib-9.bin,682,33554432,840.94,,
0,bench/30gib-9.bin,683,33554432,803.93,,
0,bench/30gib-9.bin,684,33554432,1113.55,,
0,bench/30gib-9.bin,685,33554432,1180.63,,
0,bench/30gib-9.bin,686,33554432,821.70,,
0,bench/30gib-9.bin,687,33554432,764.50,,
0,bench/30gib-9.bin,688,33554432,986.59,,
0,bench/30gib-9.bin,689,33554432,694.87,,
0,bench/30gib-9.bin,690,33554432,1272.66,,
0,bench/30gib-9.bin,691,33554432,653.67,,
0,bench/30gib-9.bin,692,33554432,680.45,,
0,bench/30gib-9.bin,693,33554432,507.56,,
0,bench/30gib-9.bin,694,33554432,601.27,,
0,bench/30gib-9.bin,695,33554432,587.76,,
0,bench/30gib-9.bin,696,33554432,643.00,,
0,bench/30gib-9.bin,697,33554432,881.32,,
0,bench/30gib-9.bin,698,33554432,1135.02,,
0,bench/30gib-9.bin,699,33554432,561.81,,
0,bench/30gib-9.bin,700,33554432,634.16,,
0,bench/30gib-9.bin,701,33554432,681.43,,
0,bench/30gib-9.bin,702,33554432,726.94,,
0,bench/30gib-9.bin,703,33554432,885.32,,
0,bench/30gib-9.bin,704,33554432,516.52,,
0,bench/30gib-9.bin,705,33554432,947.50,,
0,bench/30gib-9.bin,706,33554432,601.58,,
0,bench/30gib-9.bin,707,33554432,595.80,,
0,bench/30gib-9.bin,708,33554432,727.98,,
0,bench/30gib-9.bin,709,33554432,731.54,,
0,bench/30gib-9.bin,710,33554432,815.00,,
0,bench/30gib-9.bin,711,33554432,604.44,,
0,bench/30gib-9.bin,712,33554432,623.33,,
0,bench/30gib-9.bin,713,33554432,486.88,,
0,bench/30gib-9.bin,714,33554432,1214.22,,
0,bench/30gib-9.bin,715,33554432,619.83,,
0,bench/30gib-9.bin,716,33554432,468.21,,
0,bench/30gib-9.bin,717,33554432,750.34,,
0,bench/30gib-9.bin,718,33554432,588.74,,
0,bench/30gib-9.bin,719,33554432,894.65,,
0,bench/30gib-9.bin,720,33554432,835.30,,
0,bench/30gib-9.bin,721,33554432,630.33,,
0,bench/30gib-9.bin,722,33554432,877.98,,
0,bench/30gib-9.bin,723,33554432,514.88,,
0,bench/30gib-9.bin,724,33554432,527.61,,
0,bench/30gib-9.bin,725,33554432,760.24,,
0,bench/30gib-9.bin,726,33554432,670.77,,
0,bench/30gib-9.bin,727,33554432,969.13,,
0,bench/30gib-9.bin,728,33554432,680.60,,
0,bench/30gib-9.bin,729,33554432,801.20,,
0,bench/30gib-9.bin,730,33554432,673.62,,
0,bench/30gib-9.bin,731,33554432,608.88,,
0,bench/30gib-9.bin,732,33554432,671.05,,
0,bench/30gib-9.bin,733,33554432,774.51,,
0,bench/30gib-9.bin,734,33554432,818.00,,
0,bench/30gib-9.bin,735,33554432,510.29,,
0,bench/30gib-9.bin,736,33554432,726.02,,
0,bench/30gib-9.bin,737,33554432,608.03,,
0,bench/30gib-9.bin,738,33554432,1178.64,,
0,bench/30gib-9.bin,739,33554432,453.18,,
0,bench/30gib-9.bin,740,33554432,566.73,,
0,bench/30gib-9.bin,741,33554432,679.44,,
0,bench/30gib-9.bin,742,33554432,592.18,,
0,bench/30gib-9.bin,743,33554432,1068.01,,
0,bench/30gib-9.bin,744,33554432,906.02,,
0,bench/30gib-9.bin,745,33554432,791.86,,
0,bench/30gib-9.bin,746,33554432,1099.54,,
0,bench/30gib-9.bin,747,33554432,576.18,,
0,bench/30gib-9.bin,748,33554432,742.52,,
0,bench/30gib-9.bin,749,33554432,703.38,,
0,bench/30gib-9.bin,750,33554432,566.26,,
0,bench/30gib-9.bin,751,33554432,565.41,,
0,bench/30gib-9.bin,752,33554432,581.86,,
0,bench/30gib-9.bin,753,33554432,733.70,,
0,bench/30gib-9.bin,754,33554432,702.71,,
0,bench/30gib-9.bin,755,33554432,1126.45,,
0,bench/30gib-9.bin,756,33554432,1275.23,,
0,bench/30gib-9.bin,757,33554432,626.88,,
0,bench/30gib-9.bin,758,33554432,1076.04,,
0,bench/30gib-9.bin,759,33554432,463.75,,
0,bench/30gib-9.bin,760,33554432,583.31,,
0,bench/30gib-9.bin,761,33554432,500.63,,
0,bench/30gib-9.bin,762,33554432,724.87,,
0,bench/30gib-9.bin,763,33554432,559.61,,
0,bench/30gib-9.bin,764,33554432,661.10,,
0,bench/30gib-9.bin,765,33554432,1119.62,,
0,bench/30gib-9.bin,766,33554432,1325.54,,
0,bench/30gib-9.bin,767,33554432,933.80,,
0,bench/30gib-9.bin,768,33554432,805.95,,
0,bench/30gib-9.bin,769,33554432,814.10,,
0,bench/30gib-9.bin,770,33554432,1120.59,,
0,bench/30gib-9.bin,771,33554432,836.68,,
0,bench/30gib-9.bin,772,33554432,467.55,,
0,bench/30gib-9.bin,773,33554432,619.65,,
0,bench/30gib-9.bin,774,33554432,746.82,,
0,bench/30gib-9.bin,775,33554432,596.70,,
0,bench/30gib-9.bin,776,33554432,727.40,,
0,bench/30gib-9.bin,777,33554432,824.51,,
0,bench/30gib-9.bin,778,33554432,644.94,,
0,bench/30gib-9.bin,779,33554432,491.09,,
0,bench/30gib-9.bin,780,33554432,767.98,,
0,bench/30gib-9.bin,781,33554432,680.67,,
0,bench/30gib-9.bin,782,33554432,633.44,,
0,bench/30gib-9.bin,783,33554432,790.38,,
0,bench/30gib-9.bin,784,33554432,1086.27,,
0,bench/30gib-9.bin,785,33554432,639.70,,
0,bench/30gib-9.bin,786,33554432,752.38,,
0,bench/30gib-9.bin,787,33554432,1065.92,,
0,bench/30gib-9.bin,788,33554432,491.33,,
0,bench/30gib-9.bin,789,33554432,835.82,,
0,bench/30gib-9.bin,790,33554432,1056.76,,
0,bench/30gib-9.bin,791,33554432,1353.52,,
0,bench/30gib-9.bin,792,33554432,604.71,,
0,bench/30gib-9.bin,793,33554432,628.53,,
0,bench/30gib-9.bin,794,33554432,804.53,,
0,bench/30gib-9.bin,795,33554432,468.25,,
0,bench/30gib-9.bin,796,33554432,616.14,,
0,bench/30gib-9.bin,797,33554432,733.51,,
0,bench/30gib-9.bin,798,33554432,763.39,,
0,bench/30gib-9.bin,799,33554432,703.67,,
0,bench/30gib-9.bin,800,33554432,608.71,,
0,bench/30gib-9.bin,801,33554432,733.48,,
0,bench/30gib-9.bin,802,33554432,646.05,,
0,bench/30gib-9.bin,803,33554432,693.89,,
0,bench/30gib-9.bin,804,33554432,737.76,,
0,bench/30gib-9.bin,805,33554432,550.11,,
0,bench/30gib-9.bin,806,33554432,1378.90,,
0,bench/30gib-9.bin,807,33554432,1031.37,,
0,bench/30gib-9.bin,808,33554432,525.81,,
0,bench/30gib-9.bin,809,33554432,476.99,,
0,bench/30gib-9.bin,810,33554432,460.03,,
0,bench/30gib-9.bin,811,33554432,904.15,,
0,bench/30gib-9.bin,812,33554432,672.75,,
0,bench/30gib-9.bin,813,33554432,772.31,,
0,bench/30gib-9.bin,814,33554432,756.79,,
0,bench/30gib-9.bin,815,33554432,798.08,,
0,bench/30gib-9.bin,816,33554432,653.28,,
0,bench/30gib-9.bin,817,33554432,646.34,,
0,bench/30gib-9.bin,818,33554432,613.79,,
0,bench/30gib-9.bin,819,33554432,460.35,,
0,bench/30gib-9.bin,820,33554432,470.86,,
0,bench/30gib-9.bin,821,33554432,559.54,,
0,bench/30gib-9.bin,822,33554432,549.46,,
0,bench/30gib-9.bin,823,33554432,919.41,,
0,bench/30gib-9.bin,824,33554432,615.20,,
0,bench/30gib-9.bin,825,33554432,616.20,,
0,bench/30gib-9.bin,826,33554432,956.21,,
0,bench/30gib-9.bin,827,33554432,1053.45,,
0,bench/30gib-9.bin,828,33554432,510.09,,
0,bench/30gib-9.bin,829,33554432,561.22,,
0,bench/30gib-9.bin,830,33554432,1038.68,,
0,bench/30gib-9.bin,831,33554432,571.04,,
0,bench/30gib-9.bin,832,33554432,382.08,,
0,bench/30gib-9.bin,833,33554432,894.21,,
0,bench/30gib-9.bin,834,33554432,550.90,,
0,bench/30gib-9.bin,835,33554432,962.86,,
0,bench/30gib-9.bin,836,33554432,939.69,,
0,bench/30gib-9.bin,837,33554432,580.84,,
0,bench/30gib-9.bin,838,33554432,827.48,,
0,bench/30gib-9.bin,839,33554432,1074.25,,
0,bench/30gib-9.bin,840,33554432,546.87,,
0,bench/30gib-9.bin,841,33554432,777.93,,
0,bench/30gib-9.bin,842,33554432,591.15,,
0,bench/30gib-9.bin,843,33554432,934.60,,
0,bench/30gib-9.bin,844,33554432,584.05,,
0,bench/30gib-9.bin,845,33554432,706.12,,
0,bench/30gib-9.bin,846,33554432,502.55,,
0,bench/30gib-9.bin,847,33554432,806.84,,
0,bench/30gib-9.bin,848,33554432,884.33,,
0,bench/30gib-9.bin,849,33554432,443.40,,
0,bench/30gib-9.bin,850,33554432,678.76,,
0,bench/30gib-9.bin,851,33554432,1075.26,,
0,bench/30gib-9.bin,852,33554432,650.83,,
0,bench/30gib-9.bin,853,33554432,961.43,,
0,bench/30gib-9.bin,854,33554432,617.37,,
0,bench/30gib-9.bin,855,33554432,608.72,,
0,bench/30gib-9.bin,856,33554432,689.25,,
0,bench/30gib-9.bin,857,33554432,714.59,,
0,bench/30gib-9.bin,858,33554432,1073.49,,
0,bench/30gib-9.bin,859,33554432,657.36,,
0,bench/30gib-9.bin,860,33554432,553.74,,
0,bench/30gib-9.bin,861,33554432,1010.16,,
0,bench/30gib-9.bin,862,33554432,700.74,,
0,bench/30gib-9.bin,863,33554432,534.75,,
0,bench/30gib-9.bin,864,33554432,510.00,,
0,bench/30gib-9.bin,865,33554432,470.16,,
0,bench/30gib-9.bin,866,33554432,614.06,,
0,bench/30gib-9.bin,867,33554432,613.59,,
0,bench/30gib-9.bin,868,33554432,675.48,,
0,bench/30gib-9.bin,869,33554432,970.20,,
0,bench/30gib-9.bin,870,33554432,570.45,,
0,bench/30gib-9.bin,871,33554432,709.30,,
0,bench/30gib-9.bin,872,33554432,1079.01,,
0,bench/30gib-9.bin,873,33554432,588.66,,
0,bench/30gib-9.bin,874,33554432,1310.23,,
0,bench/30gib-9.bin,875,33554432,563.61,,
0,bench/30gib-9.bin,876,33554432,523.94,,
0,bench/30gib-9.bin,877,33554432,662.53,,
0,bench/30gib-9.bin,878,33554432,460.02,,
0,bench/30gib-9.bin,879,33554432,1070.37,,
0,bench/30gib-9.bin,880,33554432,1056.28,,
0,bench/30gib-9.bin,881,33554432,698.22,,
0,bench/30gib-9.bin,882,33554432,584.64,,
0,bench/30gib-9.bin,883,33554432,487.36,,
0,bench/30gib-9.bin,884,33554432,855.32,,
0,bench/30gib-9.bin,885,33554432,1064.11,,
0,bench/30gib-9.bin,886,33554432,1284.71,,
0,bench/30gib-9.bin,887,33554432,536.75,,
0,bench/30gib-9.bin,888,33554432,518.11,,
0,bench/30gib-9.bin,889,33554432,455.90,,
0,bench/30gib-9.bin,890,33554432,682.64,,
0,bench/30gib-9.bin,891,33554432,959.49,,
0,bench/30gib-9.bin,892,33554432,451.00,,
0,bench/30gib-9.bin,893,33554432,746.13,,
0,bench/30gib-9.bin,894,33554432,1622.63,,
0,bench/30gib-9.bin,895,33554432,567.90,,
0,bench/30gib-9.bin,896,33554432,624.30,,
0,bench/30gib-9.bin,897,33554432,559.84,,
0,bench/30gib-9.bin,898,33554432,713.15,,
0,bench/30gib-9.bin,899,33554432,395.66,,
0,bench/30gib-9.bin,900,33554432,531.13,,
0,bench/30gib-9.bin,901,33554432,591.23,,
0,bench/30gib-9.bin,902,33554432,677.42,,
0,bench/30gib-9.bin,903,33554432,610.67,,
0,bench/30gib-9.bin,904,33554432,867.06,,
0,bench/30gib-9.bin,905,33554432,693.88,,
0,bench/30gib-9.bin,906,33554432,585.33,,
0,bench/30gib-9.bin,907,33554432,714.65,,
0,bench/30gib-9.bin,908,33554432,599.47,,
0,bench/30gib-9.bin,909,33554432,855.81,,
0,bench/30gib-9.bin,910,33554432,524.97,,
0,bench/30gib-9.bin,911,33554432,460.38,,
0,bench/30gib-9.bin,912,33554432,865.01,,
0,bench/30gib-9.bin,913,33554432,632.26,,
0,bench/30gib-9.bin,914,33554432,932.69,,
0,bench/30gib-9.bin,915,33554432,630.52,,
0,bench/30gib-9.bin,916,33554432,591.41,,
0,bench/30gib-9.bin,917,33554432,695.31,,
0,bench/30gib-9.bin,918,33554432,705.33,,
0,bench/30gib-9.bin,919,33554432,710.98,,
0,bench/30gib-9.bin,920,33554432,795.31,,
0,bench/30gib-9.bin,921,33554432,1082.51,,
0,bench/30gib-9.bin,922,33554432,592.98,,
0,bench/30gib-9.bin,923,33554432,914.59,,
0,bench/30gib-9.bin,924,33554432,911.87,,
0,bench/30gib-9.bin,925,33554432,401.81,,
0,bench/30gib-9.bin,926,33554432,612.07,,
0,bench/30gib-9.bin,927,33554432,593.55,,
0,bench/30gib-9.bin,928,33554432,815.43,,
0,bench/30gib-9.bin,929,33554432,839.17,,
0,bench/30gib-9.bin,930,33554432,695.79,,
0,bench/30gib-9.bin,931,33554432,817.75,,
0,bench/30gib-9.bin,932,33554432,853.34,,
0,bench/30gib-9.bin,933,33554432,995.87,,
0,bench/30gib-9.bin,934,33554432,846.43,,
0,bench/30gib-9.bin,935,33554432,638.04,,
0,bench/30gib-9.bin,936,33554432,493.00,,
0,bench/30gib-9.bin,937,33554432,903.80,,
0,bench/30gib-9.bin,938,33554432,417.67,,
0,bench/30gib-9.bin,939,33554432,1035.44,,
0,bench/30gib-9.bin,940,33554432,934.27,,
0,bench/30gib-9.bin,941,33554432,559.97,,
0,bench/30gib-9.bin,942,33554432,648.89,,
0,bench/30gib-9.bin,943,33554432,605.99,,
0,bench/30gib-9.bin,944,33554432,647.22,,
0,bench/30gib-9.bin,945,33554432,754.90,,
0,bench/30gib-9.bin,946,33554432,798.75,,
0,bench/30gib-9.bin,947,33554432,720.93,,
0,bench/30gib-9.bin,948,33554432,765.11,,
0,bench/30gib-9.bin,949,33554432,649.19,,
0,bench/30gib-9.bin,950,33554432,696.00,,
0,bench/30gib-9.bin,951,33554432,660.12,,
0,bench/30gib-9.bin,952,33554432,535.60,,
0,bench/30gib-9.bin,953,33554432,593.63,,
0,bench/30gib-9.bin,954,33554432,367.17,,
0,bench/30gib-9.bin,955,33554432,453.90,,
0,bench/30gib-9.bin,956,33554432,467.09,,
0,bench/30gib-9.bin,957,33554432,560.99,,
0,bench/30gib-9.bin,958,33554432,544.90,,
0,bench/30gib-9.bin,959,33554432,489.26,,
0,bench/30gib-9.bin,960,33554432,525.44,,
