iter,key,part_number,bytes,download_ms,vip,conn_id
0,bench/30gib-0.bin,1,33554432,748.47,,
0,bench/30gib-0.bin,2,33554432,828.23,,
0,bench/30gib-0.bin,3,33554432,969.13,,
0,bench/30gib-0.bin,4,33554432,907.44,,
0,bench/30gib-0.bin,5,33554432,906.81,,
0,bench/30gib-0.bin,6,33554432,1578.39,,
0,bench/30gib-0.bin,7,33554432,1618.96,,
0,bench/30gib-0.bin,8,33554432,2033.42,,
0,bench/30gib-0.bin,9,33554432,1415.89,,
0,bench/30gib-0.bin,10,33554432,1782.64,,
0,bench/30gib-0.bin,11,33554432,1524.36,,
0,bench/30gib-0.bin,12,33554432,1152.99,,
0,bench/30gib-0.bin,13,33554432,1650.93,,
0,bench/30gib-0.bin,14,33554432,1603.19,,
0,bench/30gib-0.bin,15,33554432,1258.83,,
0,bench/30gib-0.bin,16,33554432,930.91,,
0,bench/30gib-0.bin,17,33554432,1585.48,,
0,bench/30gib-0.bin,18,33554432,1283.98,,
0,bench/30gib-0.bin,19,33554432,987.20,,
0,bench/30gib-0.bin,20,33554432,1616.23,,
0,bench/30gib-0.bin,21,33554432,2241.85,,
0,bench/30gib-0.bin,22,33554432,1820.02,,
0,bench/30gib-0.bin,23,33554432,1887.99,,
0,bench/30gib-0.bin,24,33554432,1686.60,,
0,bench/30gib-0.bin,25,33554432,610.40,,
0,bench/30gib-0.bin,26,33554432,938.59,,
0,bench/30gib-0.bin,27,33554432,1147.06,,
0,bench/30gib-0.bin,28,33554432,1224.90,,
0,bench/30gib-0.bin,29,33554432,471.70,,
0,bench/30gib-0.bin,30,33554432,604.00,,
0,bench/30gib-0.bin,31,33554432,484.95,,
0,bench/30gib-0.bin,32,33554432,669.82,,
0,bench/30gib-0.bin,33,33554432,606.23,,
0,bench/30gib-0.bin,34,33554432,531.58,,
0,bench/30gib-0.bin,35,33554432,701.44,,
0,bench/30gib-0.bin,36,33554432,729.79,,
0,bench/30gib-0.bin,37,33554432,773.19,,
0,bench/30gib-0.bin,38,33554432,654.33,,
0,bench/30gib-0.bin,39,33554432,1038.59,,
0,bench/30gib-0.bin,40,33554432,636.45,,
0,bench/30gib-0.bin,41,33554432,659.68,,
0,bench/30gib-0.bin,42,33554432,1072.79,,
0,bench/30gib-0.bin,43,33554432,533.45,,
0,bench/30gib-0.bin,44,33554432,538.15,,
0,bench/30gib-0.bin,45,33554432,605.94,,
0,bench/30gib-0.bin,46,33554432,529.13,,
0,bench/30gib-0.bin,47,33554432,553.34,,
0,bench/30gib-0.bin,48,33554432,580.86,,
0,bench/30gib-0.bin,49,33554432,428.58,,
0,bench/30gib-0.bin,50,33554432,424.12,,
0,bench/30gib-0.bin,51,33554432,612.33,,
0,bench/30gib-0.bin,52,33554432,670.70,,
0,bench/30gib-0.bin,53,33554432,785.48,,
0,bench/30gib-0.bin,54,33554432,798.64,,
0,bench/30gib-0.bin,55,33554432,478.60,,
0,bench/30gib-0.bin,56,33554432,452.47,,
0,bench/30gib-0.bin,57,33554432,416.13,,
0,bench/30gib-0.bin,58,33554432,405.08,,
0,bench/30gib-0.bin,59,33554432,516.92,,
0,bench/30gib-0.bin,60,33554432,582.16,,
0,bench/30gib-0.bin,61,33554432,353.55,,
0,bench/30gib-0.bin,62,33554432,557.64,,
0,bench/30gib-0.bin,63,33554432,612.92,,
0,bench/30gib-0.bin,64,33554432,620.10,,
0,bench/30gib-0.bin,65,33554432,569.87,,
0,bench/30gib-0.bin,66,33554432,729.54,,
0,bench/30gib-0.bin,67,33554432,346.33,,
0,bench/30gib-0.bin,68,33554432,640.74,,
0,bench/30gib-0.bin,69,33554432,623.35,,
0,bench/30gib-0.bin,70,33554432,379.60,,
0,bench/30gib-0.bin,71,33554432,341.01,,
0,bench/30gib-0.bin,72,33554432,426.47,,
0,bench/30gib-0.bin,73,33554432,468.18,,
0,bench/30gib-0.bin,74,33554432,356.30,,
0,bench/30gib-0.bin,75,33554432,353.96,,
0,bench/30gib-0.bin,76,33554432,385.75,,
0,bench/30gib-0.bin,77,33554432,525.55,,
0,bench/30gib-0.bin,78,33554432,369.45,,
0,bench/30gib-0.bin,79,33554432,486.46,,
0,bench/30gib-0.bin,80,33554432,499.98,,
0,bench/30gib-0.bin,81,33554432,355.21,,
0,bench/30gib-0.bin,82,33554432,372.26,,
0,bench/30gib-0.bin,83,33554432,482.82,,
0,bench/30gib-0.bin,84,33554432,389.77,,
0,bench/30gib-0.bin,85,33554432,637.40,,
0,bench/30gib-0.bin,86,33554432,494.39,,
0,bench/30gib-0.bin,87,33554432,341.10,,
0,bench/30gib-0.bin,88,33554432,1037.80,,
0,bench/30gib-0.bin,89,33554432,750.33,,
0,bench/30gib-0.bin,90,33554432,402.74,,
0,bench/30gib-0.bin,91,33554432,443.29,,
0,bench/30gib-0.bin,92,33554432,594.78,,
0,bench/30gib-0.bin,93,33554432,343.72,,
0,bench/30gib-0.bin,94,33554432,359.39,,
0,bench/30gib-0.bin,95,33554432,382.23,,
0,bench/30gib-0.bin,96,33554432,385.25,,
0,bench/30gib-0.bin,97,33554432,415.79,,
0,bench/30gib-0.bin,98,33554432,531.70,,
0,bench/30gib-0.bin,99,33554432,406.66,,
0,bench/30gib-0.bin,100,33554432,394.01,,
0,bench/30gib-0.bin,101,33554432,347.40,,
0,bench/30gib-0.bin,102,33554432,411.32,,
0,bench/30gib-0.bin,103,33554432,853.02,,
0,bench/30gib-0.bin,104,33554432,395.80,,
0,bench/30gib-0.bin,105,33554432,677.44,,
0,bench/30gib-0.bin,106,33554432,460.28,,
0,bench/30gib-0.bin,107,33554432,384.38,,
0,bench/30gib-0.bin,108,33554432,446.50,,
0,bench/30gib-0.bin,109,33554432,347.43,,
0,bench/30gib-0.bin,110,33554432,354.41,,
0,bench/30gib-0.bin,111,33554432,373.09,,
0,bench/30gib-0.bin,112,33554432,381.15,,
0,bench/30gib-0.bin,113,33554432,370.97,,
0,bench/30gib-0.bin,114,33554432,348.24,,
0,bench/30gib-0.bin,115,33554432,349.52,,
0,bench/30gib-0.bin,116,33554432,346.08,,
0,bench/30gib-0.bin,117,33554432,478.09,,
0,bench/30gib-0.bin,118,33554432,344.17,,
0,bench/30gib-0.bin,119,33554432,420.52,,
0,bench/30gib-0.bin,120,33554432,514.56,,
0,bench/30gib-0.bin,121,33554432,343.67,,
0,bench/30gib-0.bin,122,33554432,457.13,,
0,bench/30gib-0.bin,123,33554432,382.80,,
0,bench/30gib-0.bin,124,33554432,698.11,,
0,bench/30gib-0.bin,125,33554432,537.15,,
0,bench/30gib-0.bin,126,33554432,451.56,,
0,bench/30gib-0.bin,127,33554432,368.35,,
0,bench/30gib-0.bin,128,33554432,470.73,,
0,bench/30gib-0.bin,129,33554432,392.43,,
0,bench/30gib-0.bin,130,33554432,341.29,,
0,bench/30gib-0.bin,131,33554432,384.46,,
0,bench/30gib-0.bin,132,33554432,375.42,,
0,bench/30gib-0.bin,133,33554432,374.00,,
0,bench/30gib-0.bin,134,33554432,400.58,,
0,bench/30gib-0.bin,135,33554432,436.53,,
0,bench/30gib-0.bin,136,33554432,404.51,,
0,bench/30gib-0.bin,137,33554432,405.68,,
0,bench/30gib-0.bin,138,33554432,406.62,,
0,bench/30gib-0.bin,139,33554432,346.17,,
0,bench/30gib-0.bin,140,33554432,358.11,,
0,bench/30gib-0.bin,141,33554432,475.79,,
0,bench/30gib-0.bin,142,33554432,367.75,,
0,bench/30gib-0.bin,143,33554432,348.73,,
0,bench/30gib-0.bin,144,33554432,439.80,,
0,bench/30gib-0.bin,145,33554432,411.41,,
0,bench/30gib-0.bin,146,33554432,362.66,,
0,bench/30gib-0.bin,147,33554432,732.21,,
0,bench/30gib-0.bin,148,33554432,483.55,,
0,bench/30gib-0.bin,149,33554432,426.43,,
0,bench/30gib-0.bin,150,33554432,745.84,,
0,bench/30gib-0.bin,151,33554432,355.46,,
0,bench/30gib-0.bin,152,33554432,474.79,,
0,bench/30gib-0.bin,153,33554432,415.55,,
0,bench/30gib-0.bin,154,33554432,1129.97,,
0,bench/30gib-0.bin,155,33554432,432.24,,
0,bench/30gib-0.bin,156,33554432,355.39,,
0,bench/30gib-0.bin,157,33554432,494.21,,
0,bench/30gib-0.bin,158,33554432,463.10,,
0,bench/30gib-0.bin,159,33554432,561.40,,
0,bench/30gib-0.bin,160,33554432,377.12,,
0,bench/30gib-0.bin,161,33554432,341.64,,
0,bench/30gib-0.bin,162,33554432,555.63,,
0,bench/30gib-0.bin,163,33554432,364.23,,
0,bench/30gib-0.bin,164,33554432,345.24,,
0,bench/30gib-0.bin,165,33554432,393.71,,
0,bench/30gib-0.bin,166,33554432,462.56,,
0,bench/30gib-0.bin,167,33554432,539.10,,
0,bench/30gib-0.bin,168,33554432,383.66,,
0,bench/30gib-0.bin,169,33554432,446.14,,
0,bench/30gib-0.bin,170,33554432,470.69,,
0,bench/30gib-0.bin,171,33554432,363.79,,
0,bench/30gib-0.bin,172,33554432,417.98,,
0,bench/30gib-0.bin,173,33554432,340.96,,
0,bench/30gib-0.bin,174,33554432,395.43,,
0,bench/30gib-0.bin,175,33554432,347.01,,
0,bench/30gib-0.bin,176,33554432,423.10,,
0,bench/30gib-0.bin,177,33554432,341.96,,
0,bench/30gib-0.bin,178,33554432,494.64,,
0,bench/30gib-0.bin,179,33554432,374.42,,
0,bench/30gib-0.bin,180,33554432,901.84,,
0,bench/30gib-0.bin,181,33554432,393.11,,
0,bench/30gib-0.bin,182,33554432,343.80,,
0,bench/30gib-0.bin,183,33554432,392.94,,
0,bench/30gib-0.bin,184,33554432,568.91,,
0,bench/30gib-0.bin,185,33554432,519.33,,
0,bench/30gib-0.bin,186,33554432,607.90,,
0,bench/30gib-0.bin,187,33554432,390.68,,
0,bench/30gib-0.bin,188,33554432,361.18,,
0,bench/30gib-0.bin,189,33554432,455.03,,
0,bench/30gib-0.bin,190,33554432,339.59,,
0,bench/30gib-0.bin,191,33554432,615.49,,
0,bench/30gib-0.bin,192,33554432,746.83,,
0,bench/30gib-0.bin,193,33554432,592.66,,
0,bench/30gib-0.bin,194,33554432,869.18,,
0,bench/30gib-0.bin,195,33554432,344.81,,
0,bench/30gib-0.bin,196,33554432,362.67,,
0,bench/30gib-0.bin,197,33554432,351.82,,
0,bench/30gib-0.bin,198,33554432,349.22,,
0,bench/30gib-0.bin,199,33554432,416.49,,
0,bench/30gib-0.bin,200,33554432,647.58,,
0,bench/30gib-0.bin,201,33554432,350.38,,
0,bench/30gib-0.bin,202,33554432,370.23,,
0,bench/30gib-0.bin,203,33554432,343.29,,
0,bench/30gib-0.bin,204,33554432,480.31,,
0,bench/30gib-0.bin,205,33554432,349.20,,
0,bench/30gib-0.bin,206,33554432,346.31,,
0,bench/30gib-0.bin,207,33554432,343.09,,
0,bench/30gib-0.bin,208,33554432,342.80,,
0,bench/30gib-0.bin,209,33554432,344.69,,
0,bench/30gib-0.bin,210,33554432,350.99,,
0,bench/30gib-0.bin,211,33554432,763.09,,
0,bench/30gib-0.bin,212,33554432,446.41,,
0,bench/30gib-0.bin,213,33554432,381.30,,
0,bench/30gib-0.bin,214,33554432,574.47,,
0,bench/30gib-0.bin,215,33554432,455.93,,
0,bench/30gib-0.bin,216,33554432,368.82,,
0,bench/30gib-0.bin,217,33554432,344.98,,
0,bench/30gib-0.bin,218,33554432,399.38,,
0,bench/30gib-0.bin,219,33554432,341.62,,
0,bench/30gib-0.bin,220,33554432,346.91,,
0,bench/30gib-0.bin,221,33554432,458.47,,
0,bench/30gib-0.bin,222,33554432,451.06,,
0,bench/30gib-0.bin,223,33554432,850.90,,
0,bench/30gib-0.bin,224,33554432,715.06,,
0,bench/30gib-0.bin,225,33554432,376.79,,
0,bench/30gib-0.bin,226,33554432,345.20,,
0,bench/30gib-0.bin,227,33554432,381.77,,
0,bench/30gib-0.bin,228,33554432,352.83,,
0,bench/30gib-0.bin,229,33554432,347.94,,
0,bench/30gib-0.bin,230,33554432,689.86,,
0,bench/30gib-0.bin,231,33554432,346.84,,
0,bench/30gib-0.bin,232,33554432,703.21,,
0,bench/30gib-0.bin,233,33554432,345.50,,
0,bench/30gib-0.bin,234,33554432,822.43,,
0,bench/30gib-0.bin,235,33554432,347.24,,
0,bench/30gib-0.bin,236,33554432,396.32,,
0,bench/30gib-0.bin,237,33554432,516.81,,
0,bench/30gib-0.bin,238,33554432,464.95,,
0,bench/30gib-0.bin,239,33554432,388.66,,
0,bench/30gib-0.bin,240,33554432,412.01,,
0,bench/30gib-0.bin,241,33554432,345.36,,
0,bench/30gib-0.bin,242,33554432,593.20,,
0,bench/30gib-0.bin,243,33554432,350.47,,
0,bench/30gib-0.bin,244,33554432,556.76,,
0,bench/30gib-0.bin,245,33554432,346.53,,
0,bench/30gib-0.bin,246,33554432,350.28,,
0,bench/30gib-0.bin,247,33554432,412.96,,
0,bench/30gib-0.bin,248,33554432,410.67,,
0,bench/30gib-0.bin,249,33554432,391.19,,
0,bench/30gib-0.bin,250,33554432,347.90,,
0,bench/30gib-0.bin,251,33554432,345.48,,
0,bench/30gib-0.bin,252,33554432,341.98,,
0,bench/30gib-0.bin,253,33554432,633.96,,
0,bench/30gib-0.bin,254,33554432,375.89,,
0,bench/30gib-0.bin,255,33554432,373.16,,
0,bench/30gib-0.bin,256,33554432,457.49,,
0,bench/30gib-0.bin,257,33554432,893.40,,
0,bench/30gib-0.bin,258,33554432,716.96,,
0,bench/30gib-0.bin,259,33554432,384.30,,
0,bench/30gib-0.bin,260,33554432,416.98,,
0,bench/30gib-0.bin,261,33554432,501.83,,
0,bench/30gib-0.bin,262,33554432,553.54,,
0,bench/30gib-0.bin,263,33554432,362.72,,
0,bench/30gib-0.bin,264,33554432,344.26,,
0,bench/30gib-0.bin,265,33554432,427.01,,
0,bench/30gib-0.bin,266,33554432,476.71,,
0,bench/30gib-0.bin,267,33554432,372.43,,
0,bench/30gib-0.bin,268,33554432,352.23,,
0,bench/30gib-0.bin,269,33554432,437.08,,
0,bench/30gib-0.bin,270,33554432,574.99,,
0,bench/30gib-0.bin,271,33554432,706.66,,
0,bench/30gib-0.bin,272,33554432,397.34,,
0,bench/30gib-0.bin,273,33554432,398.21,,
0,bench/30gib-0.bin,274,33554432,573.76,,
0,bench/30gib-0.bin,275,33554432,531.80,,
0,bench/30gib-0.bin,276,33554432,388.74,,
0,bench/30gib-0.bin,277,33554432,360.68,,
0,bench/30gib-0.bin,278,33554432,346.88,,
0,bench/30gib-0.bin,279,33554432,435.81,,
0,bench/30gib-0.bin,280,33554432,345.20,,
0,bench/30gib-0.bin,281,33554432,499.09,,
0,bench/30gib-0.bin,282,33554432,346.82,,
0,bench/30gib-0.bin,283,33554432,344.59,,
0,bench/30gib-0.bin,284,33554432,371.42,,
0,bench/30gib-0.bin,285,33554432,421.83,,
0,bench/30gib-0.bin,286,33554432,561.08,,
0,bench/30gib-0.bin,287,33554432,406.25,,
0,bench/30gib-0.bin,288,33554432,460.59,,
0,bench/30gib-0.bin,289,33554432,344.59,,
0,bench/30gib-0.bin,290,33554432,519.62,,
0,bench/30gib-0.bin,291,33554432,346.50,,
0,bench/30gib-0.bin,292,33554432,461.24,,
0,bench/30gib-0.bin,293,33554432,507.72,,
0,bench/30gib-0.bin,294,33554432,341.89,,
0,bench/30gib-0.bin,295,33554432,703.35,,
0,bench/30gib-0.bin,296,33554432,438.09,,
0,bench/30gib-0.bin,297,33554432,470.87,,
0,bench/30gib-0.bin,298,33554432,341.32,,
0,bench/30gib-0.bin,299,33554432,429.39,,
0,bench/30gib-0.bin,300,33554432,345.15,,
0,bench/30gib-0.bin,301,33554432,527.28,,
0,bench/30gib-0.bin,302,33554432,506.17,,
0,bench/30gib-0.bin,303,33554432,345.41,,
0,bench/30gib-0.bin,304,33554432,356.74,,
0,bench/30gib-0.bin,305,33554432,439.99,,
0,bench/30gib-0.bin,306,33554432,1612.17,,
0,bench/30gib-0.bin,307,33554432,385.69,,
0,bench/30gib-0.bin,308,33554432,468.60,,
0,bench/30gib-0.bin,309,33554432,346.49,,
0,bench/30gib-0.bin,310,33554432,473.08,,
0,bench/30gib-0.bin,311,33554432,372.09,,
0,bench/30gib-0.bin,312,33554432,345.70,,
0,bench/30gib-0.bin,313,33554432,534.57,,
0,bench/30gib-0.bin,314,33554432,464.99,,
0,bench/30gib-0.bin,315,33554432,420.71,,
0,bench/30gib-0.bin,316,33554432,450.51,,
0,bench/30gib-0.bin,317,33554432,425.91,,
0,bench/30gib-0.bin,318,33554432,443.67,,
0,bench/30gib-0.bin,319,33554432,369.67,,
0,bench/30gib-0.bin,320,33554432,478.54,,
0,bench/30gib-0.bin,321,33554432,495.69,,
0,bench/30gib-0.bin,322,33554432,443.30,,
0,bench/30gib-0.bin,323,33554432,347.55,,
0,bench/30gib-0.bin,324,33554432,418.62,,
0,bench/30gib-0.bin,325,33554432,377.87,,
0,bench/30gib-0.bin,326,33554432,390.65,,
0,bench/30gib-0.bin,327,33554432,448.81,,
0,bench/30gib-0.bin,328,33554432,358.35,,
0,bench/30gib-0.bin,329,33554432,352.77,,
0,bench/30gib-0.bin,330,33554432,404.90,,
0,bench/30gib-0.bin,331,33554432,409.52,,
0,bench/30gib-0.bin,332,33554432,494.98,,
0,bench/30gib-0.bin,333,33554432,414.79,,
0,bench/30gib-0.bin,334,33554432,419.40,,
0,bench/30gib-0.bin,335,33554432,530.66,,
0,bench/30gib-0.bin,336,33554432,553.99,,
0,bench/30gib-0.bin,337,33554432,396.31,,
0,bench/30gib-0.bin,338,33554432,888.99,,
0,bench/30gib-0.bin,339,33554432,342.81,,
0,bench/30gib-0.bin,340,33554432,466.25,,
0,bench/30gib-0.bin,341,33554432,467.72,,
0,bench/30gib-0.bin,342,33554432,348.25,,
0,bench/30gib-0.bin,343,33554432,565.76,,
0,bench/30gib-0.bin,344,33554432,441.82,,
0,bench/30gib-0.bin,345,33554432,415.24,,
0,bench/30gib-0.bin,346,33554432,406.70,,
0,bench/30gib-0.bin,347,33554432,399.77,,
0,bench/30gib-0.bin,348,33554432,646.35,,
0,bench/30gib-0.bin,349,33554432,618.54,,
0,bench/30gib-0.bin,350,33554432,342.74,,
0,bench/30gib-0.bin,351,33554432,343.82,,
0,bench/30gib-0.bin,352,33554432,472.79,,
0,bench/30gib-0.bin,353,33554432,357.80,,
0,bench/30gib-0.bin,354,33554432,539.59,,
0,bench/30gib-0.bin,355,33554432,418.22,,
0,bench/30gib-0.bin,356,33554432,575.23,,
0,bench/30gib-0.bin,357,33554432,342.47,,
0,bench/30gib-0.bin,358,33554432,344.30,,
0,bench/30gib-0.bin,359,33554432,389.39,,
0,bench/30gib-0.bin,360,33554432,367.87,,
0,bench/30gib-0.bin,361,33554432,418.06,,
0,bench/30gib-0.bin,362,33554432,369.19,,
0,bench/30gib-0.bin,363,33554432,604.26,,
0,bench/30gib-0.bin,364,33554432,411.03,,
0,bench/30gib-0.bin,365,33554432,341.52,,
0,bench/30gib-0.bin,366,33554432,410.62,,
0,bench/30gib-0.bin,367,33554432,563.70,,
0,bench/30gib-0.bin,368,33554432,373.41,,
0,bench/30gib-0.bin,369,33554432,453.49,,
0,bench/30gib-0.bin,370,33554432,421.27,,
0,bench/30gib-0.bin,371,33554432,344.60,,
0,bench/30gib-0.bin,372,33554432,345.09,,
0,bench/30gib-0.bin,373,33554432,354.90,,
0,bench/30gib-0.bin,374,33554432,431.26,,
0,bench/30gib-0.bin,375,33554432,639.24,,
0,bench/30gib-0.bin,376,33554432,350.73,,
0,bench/30gib-0.bin,377,33554432,349.90,,
0,bench/30gib-0.bin,378,33554432,376.63,,
0,bench/30gib-0.bin,379,33554432,344.80,,
0,bench/30gib-0.bin,380,33554432,410.09,,
0,bench/30gib-0.bin,381,33554432,353.93,,
0,bench/30gib-0.bin,382,33554432,692.31,,
0,bench/30gib-0.bin,383,33554432,393.27,,
0,bench/30gib-0.bin,384,33554432,365.11,,
0,bench/30gib-0.bin,385,33554432,343.12,,
0,bench/30gib-0.bin,386,33554432,350.23,,
0,bench/30gib-0.bin,387,33554432,428.64,,
0,bench/30gib-0.bin,388,33554432,349.25,,
0,bench/30gib-0.bin,389,33554432,441.65,,
0,bench/30gib-0.bin,390,33554432,363.38,,
0,bench/30gib-0.bin,391,33554432,452.43,,
0,bench/30gib-0.bin,392,33554432,450.30,,
0,bench/30gib-0.bin,393,33554432,870.42,,
0,bench/30gib-0.bin,394,33554432,1008.55,,
0,bench/30gib-0.bin,395,33554432,410.18,,
0,bench/30gib-0.bin,396,33554432,397.87,,
0,bench/30gib-0.bin,397,33554432,357.25,,
0,bench/30gib-0.bin,398,33554432,563.10,,
0,bench/30gib-0.bin,399,33554432,388.00,,
0,bench/30gib-0.bin,400,33554432,383.78,,
0,bench/30gib-0.bin,401,33554432,345.19,,
0,bench/30gib-0.bin,402,33554432,404.61,,
0,bench/30gib-0.bin,403,33554432,340.76,,
0,bench/30gib-0.bin,404,33554432,470.05,,
0,bench/30gib-0.bin,405,33554432,507.95,,
0,bench/30gib-0.bin,406,33554432,425.40,,
0,bench/30gib-0.bin,407,33554432,592.50,,
0,bench/30gib-0.bin,408,33554432,543.23,,
0,bench/30gib-0.bin,409,33554432,354.62,,
0,bench/30gib-0.bin,410,33554432,386.38,,
0,bench/30gib-0.bin,411,33554432,343.17,,
0,bench/30gib-0.bin,412,33554432,444.49,,
0,bench/30gib-0.bin,413,33554432,368.22,,
0,bench/30gib-0.bin,414,33554432,408.95,,
0,bench/30gib-0.bin,415,33554432,342.69,,
0,bench/30gib-0.bin,416,33554432,340.62,,
0,bench/30gib-0.bin,417,33554432,442.25,,
0,bench/30gib-0.bin,418,33554432,442.60,,
0,bench/30gib-0.bin,419,33554432,377.76,,
0,bench/30gib-0.bin,420,33554432,362.46,,
0,bench/30gib-0.bin,421,33554432,546.84,,
0,bench/30gib-0.bin,422,33554432,851.61,,
0,bench/30gib-0.bin,423,33554432,365.91,,
0,bench/30gib-0.bin,424,33554432,343.07,,
0,bench/30gib-0.bin,425,33554432,507.10,,
0,bench/30gib-0.bin,426,33554432,370.44,,
0,bench/30gib-0.bin,427,33554432,404.25,,
0,bench/30gib-0.bin,428,33554432,342.79,,
0,bench/30gib-0.bin,429,33554432,543.86,,
0,bench/30gib-0.bin,430,33554432,447.05,,
0,bench/30gib-0.bin,431,33554432,342.73,,
0,bench/30gib-0.bin,432,33554432,390.78,,
0,bench/30gib-0.bin,433,33554432,660.90,,
0,bench/30gib-0.bin,434,33554432,533.74,,
0,bench/30gib-0.bin,435,33554432,602.22,,
0,bench/30gib-0.bin,436,33554432,547.83,,
0,bench/30gib-0.bin,437,33554432,367.33,,
0,bench/30gib-0.bin,438,33554432,393.16,,
0,bench/30gib-0.bin,439,33554432,507.49,,
0,bench/30gib-0.bin,440,33554432,424.49,,
0,bench/30gib-0.bin,441,33554432,447.43,,
0,bench/30gib-0.bin,442,33554432,341.27,,
0,bench/30gib-0.bin,443,33554432,345.37,,
0,bench/30gib-0.bin,444,33554432,465.39,,
0,bench/30gib-0.bin,445,33554432,376.80,,
0,bench/30gib-0.bin,446,33554432,341.59,,
0,bench/30gib-0.bin,447,33554432,551.43,,
0,bench/30gib-0.bin,448,33554432,462.60,,
0,bench/30gib-0.bin,449,33554432,624.35,,
0,bench/30gib-0.bin,450,33554432,395.42,,
0,bench/30gib-0.bin,451,33554432,375.60,,
0,bench/30gib-0.bin,452,33554432,347.14,,
0,bench/30gib-0.bin,453,33554432,501.34,,
0,bench/30gib-0.bin,454,33554432,511.09,,
0,bench/30gib-0.bin,455,33554432,358.98,,
0,bench/30gib-0.bin,456,33554432,456.28,,
0,bench/30gib-0.bin,457,33554432,385.04,,
0,bench/30gib-0.bin,458,33554432,357.21,,
0,bench/30gib-0.bin,459,33554432,344.05,,
0,bench/30gib-0.bin,460,33554432,439.64,,
0,bench/30gib-0.bin,461,33554432,484.87,,
0,bench/30gib-0.bin,462,33554432,372.02,,
0,bench/30gib-0.bin,463,33554432,478.62,,
0,bench/30gib-0.bin,464,33554432,440.58,,
0,bench/30gib-0.bin,465,33554432,361.57,,
0,bench/30gib-0.bin,466,33554432,396.62,,
0,bench/30gib-0.bin,467,33554432,431.83,,
0,bench/30gib-0.bin,468,33554432,377.35,,
0,bench/30gib-0.bin,469,33554432,389.39,,
0,bench/30gib-0.bin,470,33554432,344.46,,
0,bench/30gib-0.bin,471,33554432,686.51,,
0,bench/30gib-0.bin,472,33554432,497.39,,
0,bench/30gib-0.bin,473,33554432,1365.49,,
0,bench/30gib-0.bin,474,33554432,343.03,,
0,bench/30gib-0.bin,475,33554432,438.16,,
0,bench/30gib-0.bin,476,33554432,598.72,,
0,bench/30gib-0.bin,477,33554432,486.24,,
0,bench/30gib-0.bin,478,33554432,379.03,,
0,bench/30gib-0.bin,479,33554432,355.13,,
0,bench/30gib-0.bin,480,33554432,444.36,,
0,bench/30gib-0.bin,481,33554432,352.60,,
0,bench/30gib-0.bin,482,33554432,487.63,,
0,bench/30gib-0.bin,483,33554432,492.58,,
0,bench/30gib-0.bin,484,33554432,424.18,,
0,bench/30gib-0.bin,485,33554432,340.91,,
0,bench/30gib-0.bin,486,33554432,370.33,,
0,bench/30gib-0.bin,487,33554432,505.63,,
0,bench/30gib-0.bin,488,33554432,478.08,,
0,bench/30gib-0.bin,489,33554432,412.12,,
0,bench/30gib-0.bin,490,33554432,455.68,,
0,bench/30gib-0.bin,491,33554432,415.29,,
0,bench/30gib-0.bin,492,33554432,513.22,,
0,bench/30gib-0.bin,493,33554432,561.46,,
0,bench/30gib-0.bin,494,33554432,397.19,,
0,bench/30gib-0.bin,495,33554432,378.56,,
0,bench/30gib-0.bin,496,33554432,485.28,,
0,bench/30gib-0.bin,497,33554432,342.63,,
0,bench/30gib-0.bin,498,33554432,355.99,,
0,bench/30gib-0.bin,499,33554432,363.61,,
0,bench/30gib-0.bin,500,33554432,354.93,,
0,bench/30gib-0.bin,501,33554432,416.52,,
0,bench/30gib-0.bin,502,33554432,469.80,,
0,bench/30gib-0.bin,503,33554432,442.59,,
0,bench/30gib-0.bin,504,33554432,695.45,,
0,bench/30gib-0.bin,505,33554432,375.48,,
0,bench/30gib-0.bin,506,33554432,595.75,,
0,bench/30gib-0.bin,507,33554432,378.13,,
0,bench/30gib-0.bin,508,33554432,424.09,,
0,bench/30gib-0.bin,509,33554432,734.73,,
0,bench/30gib-0.bin,510,33554432,406.83,,
0,bench/30gib-0.bin,511,33554432,359.34,,
0,bench/30gib-0.bin,512,33554432,495.97,,
0,bench/30gib-0.bin,513,33554432,1285.48,,
0,bench/30gib-0.bin,514,33554432,372.88,,
0,bench/30gib-0.bin,515,33554432,1294.69,,
0,bench/30gib-0.bin,516,33554432,400.97,,
0,bench/30gib-0.bin,517,33554432,430.07,,
0,bench/30gib-0.bin,518,33554432,373.01,,
0,bench/30gib-0.bin,519,33554432,423.47,,
0,bench/30gib-0.bin,520,33554432,496.39,,
0,bench/30gib-0.bin,521,33554432,374.89,,
0,bench/30gib-0.bin,522,33554432,884.22,,
0,bench/30gib-0.bin,523,33554432,450.78,,
0,bench/30gib-0.bin,524,33554432,384.44,,
0,bench/30gib-0.bin,525,33554432,374.77,,
0,bench/30gib-0.bin,526,33554432,394.10,,
0,bench/30gib-0.bin,527,33554432,407.20,,
0,bench/30gib-0.bin,528,33554432,374.96,,
0,bench/30gib-0.bin,529,33554432,350.78,,
0,bench/30gib-0.bin,530,33554432,380.38,,
0,bench/30gib-0.bin,531,33554432,612.94,,
0,bench/30gib-0.bin,532,33554432,487.11,,
0,bench/30gib-0.bin,533,33554432,420.27,,
0,bench/30gib-0.bin,534,33554432,349.86,,
0,bench/30gib-0.bin,535,33554432,457.83,,
0,bench/30gib-0.bin,536,33554432,342.13,,
0,bench/30gib-0.bin,537,33554432,365.97,,
0,bench/30gib-0.bin,538,33554432,720.67,,
0,bench/30gib-0.bin,539,33554432,394.15,,
0,bench/30gib-0.bin,540,33554432,502.17,,
0,bench/30gib-0.bin,541,33554432,419.93,,
0,bench/30gib-0.bin,542,33554432,417.88,,
0,bench/30gib-0.bin,543,33554432,403.34,,
0,bench/30gib-0.bin,544,33554432,362.06,,
0,bench/30gib-0.bin,545,33554432,457.31,,
0,bench/30gib-0.bin,546,33554432,390.74,,
0,bench/30gib-0.bin,547,33554432,345.41,,
0,bench/30gib-0.bin,548,33554432,343.28,,
0,bench/30gib-0.bin,549,33554432,386.27,,
0,bench/30gib-0.bin,550,33554432,342.80,,
0,bench/30gib-0.bin,551,33554432,419.06,,
0,bench/30gib-0.bin,552,33554432,426.10,,
0,bench/30gib-0.bin,553,33554432,1432.29,,
0,bench/30gib-0.bin,554,33554432,501.26,,
0,bench/30gib-0.bin,555,33554432,503.31,,
0,bench/30gib-0.bin,556,33554432,361.10,,
0,bench/30gib-0.bin,557,33554432,371.63,,
0,bench/30gib-0.bin,558,33554432,507.55,,
0,bench/30gib-0.bin,559,33554432,348.49,,
0,bench/30gib-0.bin,560,33554432,593.88,,
0,bench/30gib-0.bin,561,33554432,384.42,,
0,bench/30gib-0.bin,562,33554432,453.70,,
0,bench/30gib-0.bin,563,33554432,341.66,,
0,bench/30gib-0.bin,564,33554432,509.36,,
0,bench/30gib-0.bin,565,33554432,401.60,,
0,bench/30gib-0.bin,566,33554432,395.73,,
0,bench/30gib-0.bin,567,33554432,344.65,,
0,bench/30gib-0.bin,568,33554432,344.58,,
0,bench/30gib-0.bin,569,33554432,521.26,,
0,bench/30gib-0.bin,570,33554432,413.91,,
0,bench/30gib-0.bin,571,33554432,392.29,,
0,bench/30gib-0.bin,572,33554432,438.51,,
0,bench/30gib-0.bin,573,33554432,425.83,,
0,bench/30gib-0.bin,574,33554432,1764.96,,
0,bench/30gib-0.bin,575,33554432,430.36,,
0,bench/30gib-0.bin,576,33554432,488.55,,
0,bench/30gib-0.bin,577,33554432,343.35,,
0,bench/30gib-0.bin,578,33554432,340.97,,
0,bench/30gib-0.bin,579,33554432,341.42,,
0,bench/30gib-0.bin,580,33554432,348.63,,
0,bench/30gib-0.bin,581,33554432,340.82,,
0,bench/30gib-0.bin,582,33554432,450.70,,
0,bench/30gib-0.bin,583,33554432,519.00,,
0,bench/30gib-0.bin,584,33554432,404.50,,
0,bench/30gib-0.bin,585,33554432,434.40,,
0,bench/30gib-0.bin,586,33554432,529.78,,
0,bench/30gib-0.bin,587,33554432,375.55,,
0,bench/30gib-0.bin,588,33554432,506.18,,
0,bench/30gib-0.bin,589,33554432,516.32,,
0,bench/30gib-0.bin,590,33554432,359.90,,
0,bench/30gib-0.bin,591,33554432,353.09,,
0,bench/30gib-0.bin,592,33554432,340.41,,
0,bench/30gib-0.bin,593,33554432,417.72,,
0,bench/30gib-0.bin,594,33554432,780.76,,
0,bench/30gib-0.bin,595,33554432,537.50,,
0,bench/30gib-0.bin,596,33554432,486.37,,
0,bench/30gib-0.bin,597,33554432,381.05,,
0,bench/30gib-0.bin,598,33554432,680.74,,
0,bench/30gib-0.bin,599,33554432,445.22,,
0,bench/30gib-0.bin,600,33554432,443.63,,
0,bench/30gib-0.bin,601,33554432,396.93,,
0,bench/30gib-0.bin,602,33554432,424.62,,
0,bench/30gib-0.bin,603,33554432,346.13,,
0,bench/30gib-0.bin,604,33554432,343.34,,
0,bench/30gib-0.bin,605,33554432,341.37,,
0,bench/30gib-0.bin,606,33554432,353.60,,
0,bench/30gib-0.bin,607,33554432,399.49,,
0,bench/30gib-0.bin,608,33554432,466.95,,
0,bench/30gib-0.bin,609,33554432,461.07,,
0,bench/30gib-0.bin,610,33554432,447.14,,
0,bench/30gib-0.bin,611,33554432,354.90,,
0,bench/30gib-0.bin,612,33554432,344.42,,
0,bench/30gib-0.bin,613,33554432,504.56,,
0,bench/30gib-0.bin,614,33554432,405.51,,
0,bench/30gib-0.bin,615,33554432,518.55,,
0,bench/30gib-0.bin,616,33554432,353.59,,
0,bench/30gib-0.bin,617,33554432,468.17,,
0,bench/30gib-0.bin,618,33554432,494.18,,
0,bench/30gib-0.bin,619,33554432,346.34,,
0,bench/30gib-0.bin,620,33554432,368.19,,
0,bench/30gib-0.bin,621,33554432,359.00,,
0,bench/30gib-0.bin,622,33554432,370.67,,
0,bench/30gib-0.bin,623,33554432,427.33,,
0,bench/30gib-0.bin,624,33554432,367.50,,
0,bench/30gib-0.bin,625,33554432,399.12,,
0,bench/30gib-0.bin,626,33554432,346.54,,
0,bench/30gib-0.bin,627,33554432,561.65,,
0,bench/30gib-0.bin,628,33554432,447.07,,
0,bench/30gib-0.bin,629,33554432,367.81,,
0,bench/30gib-0.bin,630,33554432,354.72,,
0,bench/30gib-0.bin,631,33554432,367.59,,
0,bench/30gib-0.bin,632,33554432,382.97,,
0,bench/30gib-0.bin,633,33554432,508.24,,
0,bench/30gib-0.bin,634,33554432,375.62,,
0,bench/30gib-0.bin,635,33554432,561.30,,
0,bench/30gib-0.bin,636,33554432,525.20,,
0,bench/30gib-0.bin,637,33554432,382.51,,
0,bench/30gib-0.bin,638,33554432,348.78,,
0,bench/30gib-0.bin,639,33554432,367.79,,
0,bench/30gib-0.bin,640,33554432,402.45,,
0,bench/30gib-0.bin,641,33554432,351.85,,
0,bench/30gib-0.bin,642,33554432,387.85,,
0,bench/30gib-0.bin,643,33554432,523.02,,
0,bench/30gib-0.bin,644,33554432,356.17,,
0,bench/30gib-0.bin,645,33554432,671.73,,
0,bench/30gib-0.bin,646,33554432,494.11,,
0,bench/30gib-0.bin,647,33554432,362.93,,
0,bench/30gib-0.bin,648,33554432,380.74,,
0,bench/30gib-0.bin,649,33554432,582.75,,
0,bench/30gib-0.bin,650,33554432,352.90,,
0,bench/30gib-0.bin,651,33554432,414.29,,
0,bench/30gib-0.bin,652,33554432,485.78,,
0,bench/30gib-0.bin,653,33554432,441.25,,
0,bench/30gib-0.bin,654,33554432,465.05,,
0,bench/30gib-0.bin,655,33554432,345.07,,
0,bench/30gib-0.bin,656,33554432,514.39,,
0,bench/30gib-0.bin,657,33554432,470.37,,
0,bench/30gib-0.bin,658,33554432,406.63,,
0,bench/30gib-0.bin,659,33554432,440.10,,
0,bench/30gib-0.bin,660,33554432,491.33,,
0,bench/30gib-0.bin,661,33554432,342.93,,
0,bench/30gib-0.bin,662,33554432,415.87,,
0,bench/30gib-0.bin,663,33554432,750.34,,
0,bench/30gib-0.bin,664,33554432,344.47,,
0,bench/30gib-0.bin,665,33554432,409.29,,
0,bench/30gib-0.bin,666,33554432,349.75,,
0,bench/30gib-0.bin,667,33554432,437.06,,
0,bench/30gib-0.bin,668,33554432,343.87,,
0,bench/30gib-0.bin,669,33554432,345.90,,
0,bench/30gib-0.bin,670,33554432,357.52,,
0,bench/30gib-0.bin,671,33554432,392.81,,
0,bench/30gib-0.bin,672,33554432,352.55,,
0,bench/30gib-0.bin,673,33554432,435.32,,
0,bench/30gib-0.bin,674,33554432,410.30,,
0,bench/30gib-0.bin,675,33554432,462.65,,
0,bench/30gib-0.bin,676,33554432,459.70,,
0,bench/30gib-0.bin,677,33554432,341.32,,
0,bench/30gib-0.bin,678,33554432,341.09,,
0,bench/30gib-0.bin,679,33554432,688.77,,
0,bench/30gib-0.bin,680,33554432,367.45,,
0,bench/30gib-0.bin,681,33554432,752.22,,
0,bench/30gib-0.bin,682,33554432,429.59,,
0,bench/30gib-0.bin,683,33554432,390.23,,
0,bench/30gib-0.bin,684,33554432,354.86,,
0,bench/30gib-0.bin,685,33554432,347.55,,
0,bench/30gib-0.bin,686,33554432,507.67,,
0,bench/30gib-0.bin,687,33554432,392.90,,
0,bench/30gib-0.bin,688,33554432,393.82,,
0,bench/30gib-0.bin,689,33554432,437.40,,
0,bench/30gib-0.bin,690,33554432,362.43,,
0,bench/30gib-0.bin,691,33554432,437.02,,
0,bench/30gib-0.bin,692,33554432,515.12,,
0,bench/30gib-0.bin,693,33554432,503.52,,
0,bench/30gib-0.bin,694,33554432,383.71,,
0,bench/30gib-0.bin,695,33554432,384.74,,
0,bench/30gib-0.bin,696,33554432,341.50,,
0,bench/30gib-0.bin,697,33554432,345.72,,
0,bench/30gib-0.bin,698,33554432,352.91,,
0,bench/30gib-0.bin,699,33554432,484.64,,
0,bench/30gib-0.bin,700,33554432,420.05,,
0,bench/30gib-0.bin,701,33554432,529.32,,
0,bench/30gib-0.bin,702,33554432,708.98,,
0,bench/30gib-0.bin,703,33554432,345.79,,
0,bench/30gib-0.bin,704,33554432,340.52,,
0,bench/30gib-0.bin,705,33554432,347.27,,
0,bench/30gib-0.bin,706,33554432,412.71,,
0,bench/30gib-0.bin,707,33554432,343.05,,
0,bench/30gib-0.bin,708,33554432,485.98,,
0,bench/30gib-0.bin,709,33554432,361.44,,
0,bench/30gib-0.bin,710,33554432,596.75,,
0,bench/30gib-0.bin,711,33554432,416.44,,
0,bench/30gib-0.bin,712,33554432,428.52,,
0,bench/30gib-0.bin,713,33554432,577.23,,
0,bench/30gib-0.bin,714,33554432,359.18,,
0,bench/30gib-0.bin,715,33554432,451.42,,
0,bench/30gib-0.bin,716,33554432,404.06,,
0,bench/30gib-0.bin,717,33554432,515.69,,
0,bench/30gib-0.bin,718,33554432,536.38,,
0,bench/30gib-0.bin,719,33554432,674.05,,
0,bench/30gib-0.bin,720,33554432,419.23,,
0,bench/30gib-0.bin,721,33554432,347.02,,
0,bench/30gib-0.bin,722,33554432,353.76,,
0,bench/30gib-0.bin,723,33554432,461.26,,
0,bench/30gib-0.bin,724,33554432,347.33,,
0,bench/30gib-0.bin,725,33554432,522.13,,
0,bench/30gib-0.bin,726,33554432,553.93,,
0,bench/30gib-0.bin,727,33554432,557.07,,
0,bench/30gib-0.bin,728,33554432,424.81,,
0,bench/30gib-0.bin,729,33554432,439.75,,
0,bench/30gib-0.bin,730,33554432,518.38,,
0,bench/30gib-0.bin,731,33554432,459.38,,
0,bench/30gib-0.bin,732,33554432,354.88,,
0,bench/30gib-0.bin,733,33554432,503.29,,
0,bench/30gib-0.bin,734,33554432,517.40,,
0,bench/30gib-0.bin,735,33554432,582.71,,
0,bench/30gib-0.bin,736,33554432,427.82,,
0,bench/30gib-0.bin,737,33554432,408.85,,
0,bench/30gib-0.bin,738,33554432,461.80,,
0,bench/30gib-0.bin,739,33554432,346.74,,
0,bench/30gib-0.bin,740,33554432,411.78,,
0,bench/30gib-0.bin,741,33554432,421.03,,
0,bench/30gib-0.bin,742,33554432,345.41,,
0,bench/30gib-0.bin,743,33554432,363.66,,
0,bench/30gib-0.bin,744,33554432,341.69,,
0,bench/30gib-0.bin,745,33554432,362.26,,
0,bench/30gib-0.bin,746,33554432,436.57,,
0,bench/30gib-0.bin,747,33554432,500.72,,
0,bench/30gib-0.bin,748,33554432,565.38,,
0,bench/30gib-0.bin,749,33554432,342.77,,
0,bench/30gib-0.bin,750,33554432,395.90,,
0,bench/30gib-0.bin,751,33554432,439.97,,
0,bench/30gib-0.bin,752,33554432,348.67,,
0,bench/30gib-0.bin,753,33554432,346.58,,
0,bench/30gib-0.bin,754,33554432,511.00,,
0,bench/30gib-0.bin,755,33554432,523.83,,
0,bench/30gib-0.bin,756,33554432,400.06,,
0,bench/30gib-0.bin,757,33554432,603.33,,
0,bench/30gib-0.bin,758,33554432,515.37,,
0,bench/30gib-0.bin,759,33554432,349.33,,
0,bench/30gib-0.bin,760,33554432,403.76,,
0,bench/30gib-0.bin,761,33554432,382.52,,
0,bench/30gib-0.bin,762,33554432,343.95,,
0,bench/30gib-0.bin,763,33554432,460.40,,
0,bench/30gib-0.bin,764,33554432,345.72,,
0,bench/30gib-0.bin,765,33554432,375.32,,
0,bench/30gib-0.bin,766,33554432,416.42,,
0,bench/30gib-0.bin,767,33554432,389.63,,
0,bench/30gib-0.bin,768,33554432,346.29,,
0,bench/30gib-0.bin,769,33554432,357.06,,
0,bench/30gib-0.bin,770,33554432,344.84,,
0,bench/30gib-0.bin,771,33554432,454.21,,
0,bench/30gib-0.bin,772,33554432,524.31,,
0,bench/30gib-0.bin,773,33554432,341.75,,
0,bench/30gib-0.bin,774,33554432,466.55,,
0,bench/30gib-0.bin,775,33554432,659.20,,
0,bench/30gib-0.bin,776,33554432,567.54,,
0,bench/30gib-0.bin,777,33554432,357.14,,
0,bench/30gib-0.bin,778,33554432,387.78,,
0,bench/30gib-0.bin,779,33554432,347.12,,
0,bench/30gib-0.bin,780,33554432,472.66,,
0,bench/30gib-0.bin,781,33554432,594.77,,
0,bench/30gib-0.bin,782,33554432,496.50,,
0,bench/30gib-0.bin,783,33554432,587.49,,
0,bench/30gib-0.bin,784,33554432,540.01,,
0,bench/30gib-0.bin,785,33554432,359.70,,
0,bench/30gib-0.bin,786,33554432,342.87,,
0,bench/30gib-0.bin,787,33554432,414.43,,
0,bench/30gib-0.bin,788,33554432,377.14,,
0,bench/30gib-0.bin,789,33554432,340.02,,
0,bench/30gib-0.bin,790,33554432,352.01,,
0,bench/30gib-0.bin,791,33554432,421.96,,
0,bench/30gib-0.bin,792,33554432,496.32,,
0,bench/30gib-0.bin,793,33554432,553.06,,
0,bench/30gib-0.bin,794,33554432,511.72,,
0,bench/30gib-0.bin,795,33554432,528.00,,
0,bench/30gib-0.bin,796,33554432,515.06,,
0,bench/30gib-0.bin,797,33554432,590.93,,
0,bench/30gib-0.bin,798,33554432,342.43,,
0,bench/30gib-0.bin,799,33554432,346.03,,
0,bench/30gib-0.bin,800,33554432,403.17,,
0,bench/30gib-0.bin,801,33554432,561.71,,
0,bench/30gib-0.bin,802,33554432,409.61,,
0,bench/30gib-0.bin,803,33554432,493.09,,
0,bench/30gib-0.bin,804,33554432,394.73,,
0,bench/30gib-0.bin,805,33554432,366.57,,
0,bench/30gib-0.bin,806,33554432,442.78,,
0,bench/30gib-0.bin,807,33554432,435.73,,
0,bench/30gib-0.bin,808,33554432,443.46,,
0,bench/30gib-0.bin,809,33554432,386.88,,
0,bench/30gib-0.bin,810,33554432,346.74,,
0,bench/30gib-0.bin,811,33554432,445.34,,
0,bench/30gib-0.bin,812,33554432,390.56,,
0,bench/30gib-0.bin,813,33554432,344.47,,
0,bench/30gib-0.bin,814,33554432,363.63,,
0,bench/30gib-0.bin,815,33554432,413.37,,
0,bench/30gib-0.bin,816,33554432,341.96,,
0,bench/30gib-0.bin,817,33554432,387.24,,
0,bench/30gib-0.bin,818,33554432,347.94,,
0,bench/30gib-0.bin,819,33554432,565.13,,
0,bench/30gib-0.bin,820,33554432,465.20,,
0,bench/30gib-0.bin,821,33554432,433.55,,
0,bench/30gib-0.bin,822,33554432,468.34,,
0,bench/30gib-0.bin,823,33554432,361.42,,
0,bench/30gib-0.bin,824,33554432,368.42,,
0,bench/30gib-0.bin,825,33554432,424.93,,
0,bench/30gib-0.bin,826,33554432,426.99,,
0,bench/30gib-0.bin,827,33554432,436.33,,
0,bench/30gib-0.bin,828,33554432,462.72,,
0,bench/30gib-0.bin,829,33554432,346.96,,
0,bench/30gib-0.bin,830,33554432,444.03,,
0,bench/30gib-0.bin,831,33554432,361.37,,
0,bench/30gib-0.bin,832,33554432,533.83,,
0,bench/30gib-0.bin,833,33554432,418.37,,
0,bench/30gib-0.bin,834,33554432,446.33,,
0,bench/30gib-0.bin,835,33554432,399.94,,
0,bench/30gib-0.bin,836,33554432,539.75,,
0,bench/30gib-0.bin,837,33554432,543.10,,
0,bench/30gib-0.bin,838,33554432,430.01,,
0,bench/30gib-0.bin,839,33554432,345.80,,
0,bench/30gib-0.bin,840,33554432,421.51,,
0,bench/30gib-0.bin,841,33554432,412.99,,
0,bench/30gib-0.bin,842,33554432,341.14,,
0,bench/30gib-0.bin,843,33554432,628.09,,
0,bench/30gib-0.bin,844,33554432,390.33,,
0,bench/30gib-0.bin,845,33554432,567.98,,
0,bench/30gib-0.bin,846,33554432,341.29,,
0,bench/30gib-0.bin,847,33554432,436.23,,
0,bench/30gib-0.bin,848,33554432,346.01,,
0,bench/30gib-0.bin,849,33554432,397.11,,
0,bench/30gib-0.bin,850,33554432,346.75,,
0,bench/30gib-0.bin,851,33554432,566.51,,
0,bench/30gib-0.bin,852,33554432,384.73,,
0,bench/30gib-0.bin,853,33554432,414.38,,
0,bench/30gib-0.bin,854,33554432,506.17,,
0,bench/30gib-0.bin,855,33554432,430.10,,
0,bench/30gib-0.bin,856,33554432,522.77,,
0,bench/30gib-0.bin,857,33554432,531.13,,
0,bench/30gib-0.bin,858,33554432,414.31,,
0,bench/30gib-0.bin,859,33554432,479.15,,
0,bench/30gib-0.bin,860,33554432,491.75,,
0,bench/30gib-0.bin,861,33554432,564.34,,
0,bench/30gib-0.bin,862,33554432,380.27,,
0,bench/30gib-0.bin,863,33554432,396.97,,
0,bench/30gib-0.bin,864,33554432,475.07,,
0,bench/30gib-0.bin,865,33554432,355.00,,
0,bench/30gib-0.bin,866,33554432,507.85,,
0,bench/30gib-0.bin,867,33554432,408.52,,
0,bench/30gib-0.bin,868,33554432,365.74,,
0,bench/30gib-0.bin,869,33554432,363.06,,
0,bench/30gib-0.bin,870,33554432,414.15,,
0,bench/30gib-0.bin,871,33554432,481.94,,
0,bench/30gib-0.bin,872,33554432,430.90,,
0,bench/30gib-0.bin,873,33554432,405.70,,
0,bench/30gib-0.bin,874,33554432,342.37,,
0,bench/30gib-0.bin,875,33554432,349.50,,
0,bench/30gib-0.bin,876,33554432,369.98,,
0,bench/30gib-0.bin,877,33554432,499.58,,
0,bench/30gib-0.bin,878,33554432,349.34,,
0,bench/30gib-0.bin,879,33554432,344.48,,
0,bench/30gib-0.bin,880,33554432,466.67,,
0,bench/30gib-0.bin,881,33554432,399.23,,
0,bench/30gib-0.bin,882,33554432,524.82,,
0,bench/30gib-0.bin,883,33554432,345.83,,
0,bench/30gib-0.bin,884,33554432,486.42,,
0,bench/30gib-0.bin,885,33554432,505.46,,
0,bench/30gib-0.bin,886,33554432,394.21,,
0,bench/30gib-0.bin,887,33554432,426.65,,
0,bench/30gib-0.bin,888,33554432,488.65,,
0,bench/30gib-0.bin,889,33554432,355.07,,
0,bench/30gib-0.bin,890,33554432,421.68,,
0,bench/30gib-0.bin,891,33554432,345.39,,
0,bench/30gib-0.bin,892,33554432,502.24,,
0,bench/30gib-0.bin,893,33554432,425.76,,
0,bench/30gib-0.bin,894,33554432,466.08,,
0,bench/30gib-0.bin,895,33554432,482.06,,
0,bench/30gib-0.bin,896,33554432,344.87,,
0,bench/30gib-0.bin,897,33554432,346.33,,
0,bench/30gib-0.bin,898,33554432,411.89,,
0,bench/30gib-0.bin,899,33554432,737.37,,
0,bench/30gib-0.bin,900,33554432,499.51,,
0,bench/30gib-0.bin,901,33554432,444.54,,
0,bench/30gib-0.bin,902,33554432,342.24,,
0,bench/30gib-0.bin,903,33554432,340.67,,
0,bench/30gib-0.bin,904,33554432,485.77,,
0,bench/30gib-0.bin,905,33554432,414.68,,
0,bench/30gib-0.bin,906,33554432,348.49,,
0,bench/30gib-0.bin,907,33554432,341.98,,
0,bench/30gib-0.bin,908,33554432,370.79,,
0,bench/30gib-0.bin,909,33554432,511.86,,
0,bench/30gib-0.bin,910,33554432,509.11,,
0,bench/30gib-0.bin,911,33554432,419.98,,
0,bench/30gib-0.bin,912,33554432,467.92,,
0,bench/30gib-0.bin,913,33554432,507.98,,
0,bench/30gib-0.bin,914,33554432,446.28,,
0,bench/30gib-0.bin,915,33554432,354.50,,
0,bench/30gib-0.bin,916,33554432,459.81,,
0,bench/30gib-0.bin,917,33554432,342.36,,
0,bench/30gib-0.bin,918,33554432,458.53,,
0,bench/30gib-0.bin,919,33554432,474.96,,
0,bench/30gib-0.bin,920,33554432,429.84,,
0,bench/30gib-0.bin,921,33554432,467.77,,
0,bench/30gib-0.bin,922,33554432,420.82,,
0,bench/30gib-0.bin,923,33554432,554.13,,
0,bench/30gib-0.bin,924,33554432,522.09,,
0,bench/30gib-0.bin,925,33554432,484.01,,
0,bench/30gib-0.bin,926,33554432,448.10,,
0,bench/30gib-0.bin,927,33554432,488.56,,
0,bench/30gib-0.bin,928,33554432,355.29,,
0,bench/30gib-0.bin,929,33554432,364.06,,
0,bench/30gib-0.bin,930,33554432,405.57,,
0,bench/30gib-0.bin,931,33554432,454.39,,
0,bench/30gib-0.bin,932,33554432,383.99,,
0,bench/30gib-0.bin,933,33554432,374.29,,
0,bench/30gib-0.bin,934,33554432,345.22,,
0,bench/30gib-0.bin,935,33554432,361.58,,
0,bench/30gib-0.bin,936,33554432,708.65,,
0,bench/30gib-0.bin,937,33554432,387.75,,
0,bench/30gib-0.bin,938,33554432,352.48,,
0,bench/30gib-0.bin,939,33554432,362.58,,
0,bench/30gib-0.bin,940,33554432,347.20,,
0,bench/30gib-0.bin,941,33554432,411.37,,
0,bench/30gib-0.bin,942,33554432,604.67,,
0,bench/30gib-0.bin,943,33554432,343.11,,
0,bench/30gib-0.bin,944,33554432,483.20,,
0,bench/30gib-0.bin,945,33554432,441.51,,
0,bench/30gib-0.bin,946,33554432,470.26,,
0,bench/30gib-0.bin,947,33554432,490.39,,
0,bench/30gib-0.bin,948,33554432,442.99,,
0,bench/30gib-0.bin,949,33554432,369.13,,
0,bench/30gib-0.bin,950,33554432,343.11,,
0,bench/30gib-0.bin,951,33554432,405.21,,
0,bench/30gib-0.bin,952,33554432,423.97,,
0,bench/30gib-0.bin,953,33554432,343.08,,
0,bench/30gib-0.bin,954,33554432,355.46,,
0,bench/30gib-0.bin,955,33554432,394.65,,
0,bench/30gib-0.bin,956,33554432,343.87,,
0,bench/30gib-0.bin,957,33554432,348.54,,
0,bench/30gib-0.bin,958,33554432,580.75,,
0,bench/30gib-0.bin,959,33554432,480.99,,
0,bench/30gib-0.bin,960,33554432,639.18,,
0,bench/30gib-1.bin,1,33554432,1256.48,,
0,bench/30gib-1.bin,2,33554432,1170.50,,
0,bench/30gib-1.bin,3,33554432,1154.48,,
0,bench/30gib-1.bin,4,33554432,1287.42,,
0,bench/30gib-1.bin,5,33554432,822.31,,
0,bench/30gib-1.bin,6,33554432,2478.91,,
0,bench/30gib-1.bin,7,33554432,1516.52,,
0,bench/30gib-1.bin,8,33554432,2043.61,,
0,bench/30gib-1.bin,9,33554432,983.22,,
0,bench/30gib-1.bin,10,33554432,1107.90,,
0,bench/30gib-1.bin,11,33554432,1560.54,,
0,bench/30gib-1.bin,12,33554432,889.93,,
0,bench/30gib-1.bin,13,33554432,1768.83,,
0,bench/30gib-1.bin,14,33554432,1999.32,,
0,bench/30gib-1.bin,15,33554432,1017.30,,
0,bench/30gib-1.bin,16,33554432,1886.61,,
0,bench/30gib-1.bin,17,33554432,2070.59,,
0,bench/30gib-1.bin,18,33554432,1431.34,,
0,bench/30gib-1.bin,19,33554432,987.60,,
0,bench/30gib-1.bin,20,33554432,1467.81,,
0,bench/30gib-1.bin,21,33554432,1517.83,,
0,bench/30gib-1.bin,22,33554432,2071.62,,
0,bench/30gib-1.bin,23,33554432,2127.15,,
0,bench/30gib-1.bin,24,33554432,1690.16,,
0,bench/30gib-1.bin,25,33554432,1448.80,,
0,bench/30gib-1.bin,26,33554432,1750.85,,
0,bench/30gib-1.bin,27,33554432,759.88,,
0,bench/30gib-1.bin,28,33554432,585.66,,
0,bench/30gib-1.bin,29,33554432,1124.36,,
0,bench/30gib-1.bin,30,33554432,1083.56,,
0,bench/30gib-1.bin,31,33554432,606.05,,
0,bench/30gib-1.bin,32,33554432,866.02,,
0,bench/30gib-1.bin,33,33554432,582.09,,
0,bench/30gib-1.bin,34,33554432,831.55,,
0,bench/30gib-1.bin,35,33554432,608.60,,
0,bench/30gib-1.bin,36,33554432,912.00,,
0,bench/30gib-1.bin,37,33554432,731.61,,
0,bench/30gib-1.bin,38,33554432,861.51,,
0,bench/30gib-1.bin,39,33554432,469.03,,
0,bench/30gib-1.bin,40,33554432,636.18,,
0,bench/30gib-1.bin,41,33554432,912.09,,
0,bench/30gib-1.bin,42,33554432,522.91,,
0,bench/30gib-1.bin,43,33554432,454.85,,
0,bench/30gib-1.bin,44,33554432,651.60,,
0,bench/30gib-1.bin,45,33554432,470.42,,
0,bench/30gib-1.bin,46,33554432,490.99,,
0,bench/30gib-1.bin,47,33554432,661.99,,
0,bench/30gib-1.bin,48,33554432,470.30,,
0,bench/30gib-1.bin,49,33554432,892.00,,
0,bench/30gib-1.bin,50,33554432,864.99,,
0,bench/30gib-1.bin,51,33554432,444.80,,
0,bench/30gib-1.bin,52,33554432,1035.66,,
0,bench/30gib-1.bin,53,33554432,509.32,,
0,bench/30gib-1.bin,54,33554432,416.44,,
0,bench/30gib-1.bin,55,33554432,458.71,,
0,bench/30gib-1.bin,56,33554432,617.69,,
0,bench/30gib-1.bin,57,33554432,718.09,,
0,bench/30gib-1.bin,58,33554432,754.80,,
0,bench/30gib-1.bin,59,33554432,403.08,,
0,bench/30gib-1.bin,60,33554432,681.91,,
0,bench/30gib-1.bin,61,33554432,654.18,,
0,bench/30gib-1.bin,62,33554432,708.07,,
0,bench/30gib-1.bin,63,33554432,687.02,,
0,bench/30gib-1.bin,64,33554432,507.18,,
0,bench/30gib-1.bin,65,33554432,811.43,,
0,bench/30gib-1.bin,66,33554432,445.25,,
0,bench/30gib-1.bin,67,33554432,447.50,,
0,bench/30gib-1.bin,68,33554432,542.50,,
0,bench/30gib-1.bin,69,33554432,428.87,,
0,bench/30gib-1.bin,70,33554432,354.30,,
0,bench/30gib-1.bin,71,33554432,431.20,,
0,bench/30gib-1.bin,72,33554432,504.57,,
0,bench/30gib-1.bin,73,33554432,394.34,,
0,bench/30gib-1.bin,74,33554432,359.99,,
0,bench/30gib-1.bin,75,33554432,341.14,,
0,bench/30gib-1.bin,76,33554432,415.83,,
0,bench/30gib-1.bin,77,33554432,520.92,,
0,bench/30gib-1.bin,78,33554432,419.61,,
0,bench/30gib-1.bin,79,33554432,431.60,,
0,bench/30gib-1.bin,80,33554432,644.34,,
0,bench/30gib-1.bin,81,33554432,512.12,,
0,bench/30gib-1.bin,82,33554432,413.79,,
0,bench/30gib-1.bin,83,33554432,626.69,,
0,bench/30gib-1.bin,84,33554432,459.05,,
0,bench/30gib-1.bin,85,33554432,459.72,,
0,bench/30gib-1.bin,86,33554432,627.75,,
0,bench/30gib-1.bin,87,33554432,498.86,,
0,bench/30gib-1.bin,88,33554432,422.11,,
0,bench/30gib-1.bin,89,33554432,439.65,,
0,bench/30gib-1.bin,90,33554432,438.07,,
0,bench/30gib-1.bin,91,33554432,344.74,,
0,bench/30gib-1.bin,92,33554432,359.47,,
0,bench/30gib-1.bin,93,33554432,348.56,,
0,bench/30gib-1.bin,94,33554432,670.24,,
0,bench/30gib-1.bin,95,33554432,349.50,,
0,bench/30gib-1.bin,96,33554432,483.65,,
0,bench/30gib-1.bin,97,33554432,345.40,,
0,bench/30gib-1.bin,98,33554432,405.45,,
0,bench/30gib-1.bin,99,33554432,480.92,,
0,bench/30gib-1.bin,100,33554432,491.93,,
0,bench/30gib-1.bin,101,33554432,377.97,,
0,bench/30gib-1.bin,102,33554432,471.99,,
0,bench/30gib-1.bin,103,33554432,403.23,,
0,bench/30gib-1.bin,104,33554432,374.97,,
0,bench/30gib-1.bin,105,33554432,344.16,,
0,bench/30gib-1.bin,106,33554432,1324.95,,
0,bench/30gib-1.bin,107,33554432,394.49,,
0,bench/30gib-1.bin,108,33554432,505.41,,
0,bench/30gib-1.bin,109,33554432,392.07,,
0,bench/30gib-1.bin,110,33554432,350.94,,
0,bench/30gib-1.bin,111,33554432,352.51,,
0,bench/30gib-1.bin,112,33554432,368.65,,
0,bench/30gib-1.bin,113,33554432,352.38,,
0,bench/30gib-1.bin,114,33554432,361.85,,
0,bench/30gib-1.bin,115,33554432,349.55,,
0,bench/30gib-1.bin,116,33554432,455.98,,
0,bench/30gib-1.bin,117,33554432,401.31,,
0,bench/30gib-1.bin,118,33554432,371.75,,
0,bench/30gib-1.bin,119,33554432,349.93,,
0,bench/30gib-1.bin,120,33554432,383.71,,
0,bench/30gib-1.bin,121,33554432,458.26,,
0,bench/30gib-1.bin,122,33554432,534.69,,
0,bench/30gib-1.bin,123,33554432,341.84,,
0,bench/30gib-1.bin,124,33554432,346.94,,
0,bench/30gib-1.bin,125,33554432,634.81,,
0,bench/30gib-1.bin,126,33554432,510.05,,
0,bench/30gib-1.bin,127,33554432,356.76,,
0,bench/30gib-1.bin,128,33554432,524.35,,
0,bench/30gib-1.bin,129,33554432,546.53,,
0,bench/30gib-1.bin,130,33554432,341.90,,
0,bench/30gib-1.bin,131,33554432,399.51,,
0,bench/30gib-1.bin,132,33554432,376.38,,
0,bench/30gib-1.bin,133,33554432,700.52,,
0,bench/30gib-1.bin,134,33554432,425.31,,
0,bench/30gib-1.bin,135,33554432,364.21,,
0,bench/30gib-1.bin,136,33554432,375.75,,
0,bench/30gib-1.bin,137,33554432,581.67,,
0,bench/30gib-1.bin,138,33554432,566.00,,
0,bench/30gib-1.bin,139,33554432,388.44,,
0,bench/30gib-1.bin,140,33554432,361.01,,
0,bench/30gib-1.bin,141,33554432,348.29,,
0,bench/30gib-1.bin,142,33554432,344.97,,
0,bench/30gib-1.bin,143,33554432,752.21,,
0,bench/30gib-1.bin,144,33554432,345.15,,
0,bench/30gib-1.bin,145,33554432,412.93,,
0,bench/30gib-1.bin,146,33554432,418.80,,
0,bench/30gib-1.bin,147,33554432,340.82,,
0,bench/30gib-1.bin,148,33554432,587.52,,
0,bench/30gib-1.bin,149,33554432,365.21,,
0,bench/30gib-1.bin,150,33554432,438.62,,
0,bench/30gib-1.bin,151,33554432,481.93,,
0,bench/30gib-1.bin,152,33554432,1329.07,,
0,bench/30gib-1.bin,153,33554432,457.19,,
0,bench/30gib-1.bin,154,33554432,500.66,,
0,bench/30gib-1.bin,155,33554432,389.25,,
0,bench/30gib-1.bin,156,33554432,424.87,,
0,bench/30gib-1.bin,157,33554432,374.23,,
0,bench/30gib-1.bin,158,33554432,369.55,,
0,bench/30gib-1.bin,159,33554432,357.36,,
0,bench/30gib-1.bin,160,33554432,346.17,,
0,bench/30gib-1.bin,161,33554432,363.81,,
0,bench/30gib-1.bin,162,33554432,359.63,,
0,bench/30gib-1.bin,163,33554432,354.33,,
0,bench/30gib-1.bin,164,33554432,362.00,,
0,bench/30gib-1.bin,165,33554432,376.86,,
0,bench/30gib-1.bin,166,33554432,360.52,,
0,bench/30gib-1.bin,167,33554432,343.40,,
0,bench/30gib-1.bin,168,33554432,341.58,,
0,bench/30gib-1.bin,169,33554432,423.89,,
0,bench/30gib-1.bin,170,33554432,405.17,,
0,bench/30gib-1.bin,171,33554432,355.84,,
0,bench/30gib-1.bin,172,33554432,364.68,,
0,bench/30gib-1.bin,173,33554432,420.14,,
0,bench/30gib-1.bin,174,33554432,345.85,,
0,bench/30gib-1.bin,175,33554432,507.45,,
0,bench/30gib-1.bin,176,33554432,343.87,,
0,bench/30gib-1.bin,177,33554432,340.45,,
0,bench/30gib-1.bin,178,33554432,340.63,,
0,bench/30gib-1.bin,179,33554432,419.36,,
0,bench/30gib-1.bin,180,33554432,419.55,,
0,bench/30gib-1.bin,181,33554432,428.01,,
0,bench/30gib-1.bin,182,33554432,628.42,,
0,bench/30gib-1.bin,183,33554432,399.37,,
0,bench/30gib-1.bin,184,33554432,408.90,,
0,bench/30gib-1.bin,185,33554432,412.24,,
0,bench/30gib-1.bin,186,33554432,401.20,,
0,bench/30gib-1.bin,187,33554432,488.50,,
0,bench/30gib-1.bin,188,33554432,438.02,,
0,bench/30gib-1.bin,189,33554432,403.76,,
0,bench/30gib-1.bin,190,33554432,398.44,,
0,bench/30gib-1.bin,191,33554432,392.77,,
0,bench/30gib-1.bin,192,33554432,396.21,,
0,bench/30gib-1.bin,193,33554432,369.59,,
0,bench/30gib-1.bin,194,33554432,401.89,,
0,bench/30gib-1.bin,195,33554432,477.98,,
0,bench/30gib-1.bin,196,33554432,368.72,,
0,bench/30gib-1.bin,197,33554432,426.73,,
0,bench/30gib-1.bin,198,33554432,391.91,,
0,bench/30gib-1.bin,199,33554432,750.76,,
0,bench/30gib-1.bin,200,33554432,375.96,,
0,bench/30gib-1.bin,201,33554432,381.47,,
0,bench/30gib-1.bin,202,33554432,458.55,,
0,bench/30gib-1.bin,203,33554432,342.39,,
0,bench/30gib-1.bin,204,33554432,341.68,,
0,bench/30gib-1.bin,205,33554432,425.91,,
0,bench/30gib-1.bin,206,33554432,348.95,,
0,bench/30gib-1.bin,207,33554432,344.03,,
0,bench/30gib-1.bin,208,33554432,465.69,,
0,bench/30gib-1.bin,209,33554432,381.07,,
0,bench/30gib-1.bin,210,33554432,395.35,,
0,bench/30gib-1.bin,211,33554432,788.50,,
0,bench/30gib-1.bin,212,33554432,341.67,,
0,bench/30gib-1.bin,213,33554432,399.02,,
0,bench/30gib-1.bin,214,33554432,344.03,,
0,bench/30gib-1.bin,215,33554432,439.92,,
0,bench/30gib-1.bin,216,33554432,471.04,,
0,bench/30gib-1.bin,217,33554432,487.23,,
0,bench/30gib-1.bin,218,33554432,348.64,,
0,bench/30gib-1.bin,219,33554432,421.43,,
0,bench/30gib-1.bin,220,33554432,433.97,,
0,bench/30gib-1.bin,221,33554432,392.60,,
0,bench/30gib-1.bin,222,33554432,557.91,,
0,bench/30gib-1.bin,223,33554432,510.05,,
0,bench/30gib-1.bin,224,33554432,369.38,,
0,bench/30gib-1.bin,225,33554432,373.53,,
0,bench/30gib-1.bin,226,33554432,525.41,,
0,bench/30gib-1.bin,227,33554432,342.12,,
0,bench/30gib-1.bin,228,33554432,425.88,,
0,bench/30gib-1.bin,229,33554432,341.45,,
0,bench/30gib-1.bin,230,33554432,346.03,,
0,bench/30gib-1.bin,231,33554432,486.08,,
0,bench/30gib-1.bin,232,33554432,468.13,,
0,bench/30gib-1.bin,233,33554432,412.67,,
0,bench/30gib-1.bin,234,33554432,376.18,,
0,bench/30gib-1.bin,235,33554432,686.06,,
0,bench/30gib-1.bin,236,33554432,497.82,,
0,bench/30gib-1.bin,237,33554432,433.39,,
0,bench/30gib-1.bin,238,33554432,353.45,,
0,bench/30gib-1.bin,239,33554432,425.42,,
0,bench/30gib-1.bin,240,33554432,361.69,,
0,bench/30gib-1.bin,241,33554432,368.51,,
0,bench/30gib-1.bin,242,33554432,436.50,,
0,bench/30gib-1.bin,243,33554432,347.07,,
0,bench/30gib-1.bin,244,33554432,457.59,,
0,bench/30gib-1.bin,245,33554432,346.81,,
0,bench/30gib-1.bin,246,33554432,401.57,,
0,bench/30gib-1.bin,247,33554432,434.33,,
0,bench/30gib-1.bin,248,33554432,463.26,,
0,bench/30gib-1.bin,249,33554432,403.61,,
0,bench/30gib-1.bin,250,33554432,402.50,,
0,bench/30gib-1.bin,251,33554432,413.65,,
0,bench/30gib-1.bin,252,33554432,436.95,,
0,bench/30gib-1.bin,253,33554432,471.15,,
0,bench/30gib-1.bin,254,33554432,508.13,,
0,bench/30gib-1.bin,255,33554432,384.79,,
0,bench/30gib-1.bin,256,33554432,395.61,,
0,bench/30gib-1.bin,257,33554432,397.90,,
0,bench/30gib-1.bin,258,33554432,530.00,,
0,bench/30gib-1.bin,259,33554432,432.51,,
0,bench/30gib-1.bin,260,33554432,384.15,,
0,bench/30gib-1.bin,261,33554432,346.39,,
0,bench/30gib-1.bin,262,33554432,342.27,,
0,bench/30gib-1.bin,263,33554432,549.54,,
0,bench/30gib-1.bin,264,33554432,373.24,,
0,bench/30gib-1.bin,265,33554432,371.33,,
0,bench/30gib-1.bin,266,33554432,348.12,,
0,bench/30gib-1.bin,267,33554432,428.85,,
0,bench/30gib-1.bin,268,33554432,371.74,,
0,bench/30gib-1.bin,269,33554432,376.73,,
0,bench/30gib-1.bin,270,33554432,349.25,,
0,bench/30gib-1.bin,271,33554432,447.67,,
0,bench/30gib-1.bin,272,33554432,459.35,,
0,bench/30gib-1.bin,273,33554432,341.25,,
0,bench/30gib-1.bin,274,33554432,493.90,,
0,bench/30gib-1.bin,275,33554432,455.30,,
0,bench/30gib-1.bin,276,33554432,406.18,,
0,bench/30gib-1.bin,277,33554432,446.10,,
0,bench/30gib-1.bin,278,33554432,406.81,,
0,bench/30gib-1.bin,279,33554432,366.56,,
0,bench/30gib-1.bin,280,33554432,465.21,,
0,bench/30gib-1.bin,281,33554432,512.62,,
0,bench/30gib-1.bin,282,33554432,359.01,,
0,bench/30gib-1.bin,283,33554432,340.22,,
0,bench/30gib-1.bin,284,33554432,355.66,,
0,bench/30gib-1.bin,285,33554432,412.12,,
0,bench/30gib-1.bin,286,33554432,595.19,,
0,bench/30gib-1.bin,287,33554432,343.50,,
0,bench/30gib-1.bin,288,33554432,455.24,,
0,bench/30gib-1.bin,289,33554432,351.37,,
0,bench/30gib-1.bin,290,33554432,421.59,,
0,bench/30gib-1.bin,291,33554432,449.25,,
0,bench/30gib-1.bin,292,33554432,401.21,,
0,bench/30gib-1.bin,293,33554432,452.58,,
0,bench/30gib-1.bin,294,33554432,465.56,,
0,bench/30gib-1.bin,295,33554432,607.99,,
0,bench/30gib-1.bin,296,33554432,403.66,,
0,bench/30gib-1.bin,297,33554432,345.46,,
0,bench/30gib-1.bin,298,33554432,447.56,,
0,bench/30gib-1.bin,299,33554432,347.15,,
0,bench/30gib-1.bin,300,33554432,374.64,,
0,bench/30gib-1.bin,301,33554432,477.29,,
0,bench/30gib-1.bin,302,33554432,570.29,,
0,bench/30gib-1.bin,303,33554432,473.25,,
0,bench/30gib-1.bin,304,33554432,446.22,,
0,bench/30gib-1.bin,305,33554432,388.99,,
0,bench/30gib-1.bin,306,33554432,417.44,,
0,bench/30gib-1.bin,307,33554432,547.55,,
0,bench/30gib-1.bin,308,33554432,524.57,,
0,bench/30gib-1.bin,309,33554432,340.88,,
0,bench/30gib-1.bin,310,33554432,572.73,,
0,bench/30gib-1.bin,311,33554432,455.39,,
0,bench/30gib-1.bin,312,33554432,368.55,,
0,bench/30gib-1.bin,313,33554432,355.65,,
0,bench/30gib-1.bin,314,33554432,433.33,,
0,bench/30gib-1.bin,315,33554432,501.00,,
0,bench/30gib-1.bin,316,33554432,481.28,,
0,bench/30gib-1.bin,317,33554432,473.92,,
0,bench/30gib-1.bin,318,33554432,441.13,,
0,bench/30gib-1.bin,319,33554432,421.58,,
0,bench/30gib-1.bin,320,33554432,419.81,,
0,bench/30gib-1.bin,321,33554432,342.34,,
0,bench/30gib-1.bin,322,33554432,348.51,,
0,bench/30gib-1.bin,323,33554432,388.31,,
0,bench/30gib-1.bin,324,33554432,407.72,,
0,bench/30gib-1.bin,325,33554432,462.68,,
0,bench/30gib-1.bin,326,33554432,375.16,,
0,bench/30gib-1.bin,327,33554432,383.57,,
0,bench/30gib-1.bin,328,33554432,502.72,,
0,bench/30gib-1.bin,329,33554432,460.36,,
0,bench/30gib-1.bin,330,33554432,344.64,,
0,bench/30gib-1.bin,331,33554432,940.16,,
0,bench/30gib-1.bin,332,33554432,788.53,,
0,bench/30gib-1.bin,333,33554432,375.51,,
0,bench/30gib-1.bin,334,33554432,367.02,,
0,bench/30gib-1.bin,335,33554432,414.26,,
0,bench/30gib-1.bin,336,33554432,367.88,,
0,bench/30gib-1.bin,337,33554432,416.99,,
0,bench/30gib-1.bin,338,33554432,532.76,,
0,bench/30gib-1.bin,339,33554432,361.67,,
0,bench/30gib-1.bin,340,33554432,435.54,,
0,bench/30gib-1.bin,341,33554432,448.10,,
0,bench/30gib-1.bin,342,33554432,420.38,,
0,bench/30gib-1.bin,343,33554432,410.44,,
0,bench/30gib-1.bin,344,33554432,386.53,,
0,bench/30gib-1.bin,345,33554432,576.26,,
0,bench/30gib-1.bin,346,33554432,375.77,,
0,bench/30gib-1.bin,347,33554432,339.59,,
0,bench/30gib-1.bin,348,33554432,437.67,,
0,bench/30gib-1.bin,349,33554432,340.88,,
0,bench/30gib-1.bin,350,33554432,434.96,,
0,bench/30gib-1.bin,351,33554432,462.01,,
0,bench/30gib-1.bin,352,33554432,399.63,,
0,bench/30gib-1.bin,353,33554432,390.50,,
0,bench/30gib-1.bin,354,33554432,348.56,,
0,bench/30gib-1.bin,355,33554432,549.30,,
0,bench/30gib-1.bin,356,33554432,419.56,,
0,bench/30gib-1.bin,357,33554432,458.77,,
0,bench/30gib-1.bin,358,33554432,578.54,,
0,bench/30gib-1.bin,359,33554432,400.35,,
0,bench/30gib-1.bin,360,33554432,364.20,,
0,bench/30gib-1.bin,361,33554432,446.47,,
0,bench/30gib-1.bin,362,33554432,1010.80,,
0,bench/30gib-1.bin,363,33554432,578.05,,
0,bench/30gib-1.bin,364,33554432,341.49,,
0,bench/30gib-1.bin,365,33554432,340.00,,
0,bench/30gib-1.bin,366,33554432,347.49,,
0,bench/30gib-1.bin,367,33554432,462.50,,
0,bench/30gib-1.bin,368,33554432,828.12,,
0,bench/30gib-1.bin,369,33554432,532.60,,
0,bench/30gib-1.bin,370,33554432,365.15,,
0,bench/30gib-1.bin,371,33554432,521.51,,
0,bench/30gib-1.bin,372,33554432,442.34,,
0,bench/30gib-1.bin,373,33554432,341.87,,
0,bench/30gib-1.bin,374,33554432,387.52,,
0,bench/30gib-1.bin,375,33554432,374.09,,
0,bench/30gib-1.bin,376,33554432,423.56,,
0,bench/30gib-1.bin,377,33554432,417.13,,
0,bench/30gib-1.bin,378,33554432,358.13,,
0,bench/30gib-1.bin,379,33554432,392.52,,
0,bench/30gib-1.bin,380,33554432,449.15,,
0,bench/30gib-1.bin,381,33554432,437.32,,
0,bench/30gib-1.bin,382,33554432,384.01,,
0,bench/30gib-1.bin,383,33554432,447.68,,
0,bench/30gib-1.bin,384,33554432,456.30,,
0,bench/30gib-1.bin,385,33554432,341.19,,
0,bench/30gib-1.bin,386,33554432,382.80,,
0,bench/30gib-1.bin,387,33554432,475.99,,
0,bench/30gib-1.bin,388,33554432,426.56,,
0,bench/30gib-1.bin,389,33554432,416.64,,
0,bench/30gib-1.bin,390,33554432,387.42,,
0,bench/30gib-1.bin,391,33554432,578.11,,
0,bench/30gib-1.bin,392,33554432,356.18,,
0,bench/30gib-1.bin,393,33554432,450.66,,
0,bench/30gib-1.bin,394,33554432,369.93,,
0,bench/30gib-1.bin,395,33554432,454.88,,
0,bench/30gib-1.bin,396,33554432,521.14,,
0,bench/30gib-1.bin,397,33554432,342.27,,
0,bench/30gib-1.bin,398,33554432,343.31,,
0,bench/30gib-1.bin,399,33554432,671.33,,
0,bench/30gib-1.bin,400,33554432,1249.22,,
0,bench/30gib-1.bin,401,33554432,1493.04,,
0,bench/30gib-1.bin,402,33554432,340.56,,
0,bench/30gib-1.bin,403,33554432,358.57,,
0,bench/30gib-1.bin,404,33554432,349.12,,
0,bench/30gib-1.bin,405,33554432,360.78,,
0,bench/30gib-1.bin,406,33554432,373.05,,
0,bench/30gib-1.bin,407,33554432,440.84,,
0,bench/30gib-1.bin,408,33554432,345.24,,
0,bench/30gib-1.bin,409,33554432,354.80,,
0,bench/30gib-1.bin,410,33554432,444.43,,
0,bench/30gib-1.bin,411,33554432,418.76,,
0,bench/30gib-1.bin,412,33554432,380.73,,
0,bench/30gib-1.bin,413,33554432,539.76,,
0,bench/30gib-1.bin,414,33554432,364.59,,
0,bench/30gib-1.bin,415,33554432,474.86,,
0,bench/30gib-1.bin,416,33554432,544.02,,
0,bench/30gib-1.bin,417,33554432,422.87,,
0,bench/30gib-1.bin,418,33554432,403.58,,
0,bench/30gib-1.bin,419,33554432,369.17,,
0,bench/30gib-1.bin,420,33554432,348.54,,
0,bench/30gib-1.bin,421,33554432,461.76,,
0,bench/30gib-1.bin,422,33554432,429.01,,
0,bench/30gib-1.bin,423,33554432,414.28,,
0,bench/30gib-1.bin,424,33554432,345.78,,
0,bench/30gib-1.bin,425,33554432,393.77,,
0,bench/30gib-1.bin,426,33554432,538.38,,
0,bench/30gib-1.bin,427,33554432,342.78,,
0,bench/30gib-1.bin,428,33554432,359.21,,
0,bench/30gib-1.bin,429,33554432,481.88,,
0,bench/30gib-1.bin,430,33554432,385.68,,
0,bench/30gib-1.bin,431,33554432,706.12,,
0,bench/30gib-1.bin,432,33554432,345.88,,
0,bench/30gib-1.bin,433,33554432,409.03,,
0,bench/30gib-1.bin,434,33554432,496.06,,
0,bench/30gib-1.bin,435,33554432,349.91,,
0,bench/30gib-1.bin,436,33554432,396.15,,
0,bench/30gib-1.bin,437,33554432,342.54,,
0,bench/30gib-1.bin,438,33554432,346.06,,
0,bench/30gib-1.bin,439,33554432,376.98,,
0,bench/30gib-1.bin,440,33554432,382.94,,
0,bench/30gib-1.bin,441,33554432,340.78,,
0,bench/30gib-1.bin,442,33554432,348.28,,
0,bench/30gib-1.bin,443,33554432,494.22,,
0,bench/30gib-1.bin,444,33554432,492.63,,
0,bench/30gib-1.bin,445,33554432,419.08,,
0,bench/30gib-1.bin,446,33554432,485.43,,
0,bench/30gib-1.bin,447,33554432,659.54,,
0,bench/30gib-1.bin,448,33554432,444.50,,
0,bench/30gib-1.bin,449,33554432,351.03,,
0,bench/30gib-1.bin,450,33554432,407.74,,
0,bench/30gib-1.bin,451,33554432,340.43,,
0,bench/30gib-1.bin,452,33554432,376.11,,
0,bench/30gib-1.bin,453,33554432,517.45,,
0,bench/30gib-1.bin,454,33554432,341.54,,
0,bench/30gib-1.bin,455,33554432,370.62,,
0,bench/30gib-1.bin,456,33554432,343.81,,
0,bench/30gib-1.bin,457,33554432,348.02,,
0,bench/30gib-1.bin,458,33554432,379.55,,
0,bench/30gib-1.bin,459,33554432,431.65,,
0,bench/30gib-1.bin,460,33554432,447.18,,
0,bench/30gib-1.bin,461,33554432,526.72,,
0,bench/30gib-1.bin,462,33554432,354.93,,
0,bench/30gib-1.bin,463,33554432,388.25,,
0,bench/30gib-1.bin,464,33554432,343.61,,
0,bench/30gib-1.bin,465,33554432,607.04,,
0,bench/30gib-1.bin,466,33554432,357.71,,
0,bench/30gib-1.bin,467,33554432,460.95,,
0,bench/30gib-1.bin,468,33554432,511.28,,
0,bench/30gib-1.bin,469,33554432,357.08,,
0,bench/30gib-1.bin,470,33554432,343.41,,
0,bench/30gib-1.bin,471,33554432,892.61,,
0,bench/30gib-1.bin,472,33554432,425.33,,
0,bench/30gib-1.bin,473,33554432,342.65,,
0,bench/30gib-1.bin,474,33554432,426.54,,
0,bench/30gib-1.bin,475,33554432,371.33,,
0,bench/30gib-1.bin,476,33554432,861.65,,
0,bench/30gib-1.bin,477,33554432,378.09,,
0,bench/30gib-1.bin,478,33554432,413.37,,
0,bench/30gib-1.bin,479,33554432,533.35,,
0,bench/30gib-1.bin,480,33554432,487.97,,
0,bench/30gib-1.bin,481,33554432,430.37,,
0,bench/30gib-1.bin,482,33554432,346.19,,
0,bench/30gib-1.bin,483,33554432,731.31,,
0,bench/30gib-1.bin,484,33554432,410.02,,
0,bench/30gib-1.bin,485,33554432,390.89,,
0,bench/30gib-1.bin,486,33554432,430.24,,
0,bench/30gib-1.bin,487,33554432,416.13,,
0,bench/30gib-1.bin,488,33554432,341.17,,
0,bench/30gib-1.bin,489,33554432,501.90,,
0,bench/30gib-1.bin,490,33554432,437.36,,
0,bench/30gib-1.bin,491,33554432,501.19,,
0,bench/30gib-1.bin,492,33554432,459.65,,
0,bench/30gib-1.bin,493,33554432,355.83,,
0,bench/30gib-1.bin,494,33554432,1152.72,,
0,bench/30gib-1.bin,495,33554432,438.97,,
0,bench/30gib-1.bin,496,33554432,398.87,,
0,bench/30gib-1.bin,497,33554432,362.71,,
0,bench/30gib-1.bin,498,33554432,422.37,,
0,bench/30gib-1.bin,499,33554432,482.10,,
0,bench/30gib-1.bin,500,33554432,341.11,,
0,bench/30gib-1.bin,501,33554432,555.16,,
0,bench/30gib-1.bin,502,33554432,393.20,,
0,bench/30gib-1.bin,503,33554432,385.97,,
0,bench/30gib-1.bin,504,33554432,415.33,,
0,bench/30gib-1.bin,505,33554432,343.31,,
0,bench/30gib-1.bin,506,33554432,343.36,,
0,bench/30gib-1.bin,507,33554432,592.28,,
0,bench/30gib-1.bin,508,33554432,401.35,,
0,bench/30gib-1.bin,509,33554432,354.08,,
0,bench/30gib-1.bin,510,33554432,621.80,,
0,bench/30gib-1.bin,511,33554432,442.15,,
0,bench/30gib-1.bin,512,33554432,342.05,,
0,bench/30gib-1.bin,513,33554432,342.47,,
0,bench/30gib-1.bin,514,33554432,360.77,,
0,bench/30gib-1.bin,515,33554432,503.24,,
0,bench/30gib-1.bin,516,33554432,458.67,,
0,bench/30gib-1.bin,517,33554432,346.44,,
0,bench/30gib-1.bin,518,33554432,411.76,,
0,bench/30gib-1.bin,519,33554432,341.47,,
0,bench/30gib-1.bin,520,33554432,416.62,,
0,bench/30gib-1.bin,521,33554432,378.16,,
0,bench/30gib-1.bin,522,33554432,342.98,,
0,bench/30gib-1.bin,523,33554432,619.27,,
0,bench/30gib-1.bin,524,33554432,600.85,,
0,bench/30gib-1.bin,525,33554432,480.03,,
0,bench/30gib-1.bin,526,33554432,383.06,,
0,bench/30gib-1.bin,527,33554432,1253.56,,
0,bench/30gib-1.bin,528,33554432,339.89,,
0,bench/30gib-1.bin,529,33554432,489.06,,
0,bench/30gib-1.bin,530,33554432,426.42,,
0,bench/30gib-1.bin,531,33554432,343.42,,
0,bench/30gib-1.bin,532,33554432,694.89,,
0,bench/30gib-1.bin,533,33554432,471.60,,
0,bench/30gib-1.bin,534,33554432,341.30,,
0,bench/30gib-1.bin,535,33554432,510.97,,
0,bench/30gib-1.bin,536,33554432,423.85,,
0,bench/30gib-1.bin,537,33554432,556.74,,
0,bench/30gib-1.bin,538,33554432,414.04,,
0,bench/30gib-1.bin,539,33554432,394.96,,
0,bench/30gib-1.bin,540,33554432,433.81,,
0,bench/30gib-1.bin,541,33554432,453.01,,
0,bench/30gib-1.bin,542,33554432,350.96,,
0,bench/30gib-1.bin,543,33554432,347.09,,
0,bench/30gib-1.bin,544,33554432,344.94,,
0,bench/30gib-1.bin,545,33554432,467.09,,
0,bench/30gib-1.bin,546,33554432,459.62,,
0,bench/30gib-1.bin,547,33554432,388.80,,
0,bench/30gib-1.bin,548,33554432,417.40,,
0,bench/30gib-1.bin,549,33554432,346.56,,
0,bench/30gib-1.bin,550,33554432,345.80,,
0,bench/30gib-1.bin,551,33554432,441.04,,
0,bench/30gib-1.bin,552,33554432,510.54,,
0,bench/30gib-1.bin,553,33554432,526.79,,
0,bench/30gib-1.bin,554,33554432,420.23,,
0,bench/30gib-1.bin,555,33554432,481.31,,
0,bench/30gib-1.bin,556,33554432,356.92,,
0,bench/30gib-1.bin,557,33554432,375.80,,
0,bench/30gib-1.bin,558,33554432,424.07,,
0,bench/30gib-1.bin,559,33554432,555.73,,
0,bench/30gib-1.bin,560,33554432,501.13,,
0,bench/30gib-1.bin,561,33554432,396.67,,
0,bench/30gib-1.bin,562,33554432,371.41,,
0,bench/30gib-1.bin,563,33554432,341.05,,
0,bench/30gib-1.bin,564,33554432,518.19,,
0,bench/30gib-1.bin,565,33554432,366.83,,
0,bench/30gib-1.bin,566,33554432,430.19,,
0,bench/30gib-1.bin,567,33554432,348.50,,
0,bench/30gib-1.bin,568,33554432,558.49,,
0,bench/30gib-1.bin,569,33554432,401.53,,
0,bench/30gib-1.bin,570,33554432,349.36,,
0,bench/30gib-1.bin,571,33554432,393.71,,
0,bench/30gib-1.bin,572,33554432,344.41,,
0,bench/30gib-1.bin,573,33554432,581.58,,
0,bench/30gib-1.bin,574,33554432,420.18,,
0,bench/30gib-1.bin,575,33554432,340.60,,
0,bench/30gib-1.bin,576,33554432,360.16,,
0,bench/30gib-1.bin,577,33554432,478.00,,
0,bench/30gib-1.bin,578,33554432,393.67,,
0,bench/30gib-1.bin,579,33554432,470.69,,
0,bench/30gib-1.bin,580,33554432,467.12,,
0,bench/30gib-1.bin,581,33554432,350.00,,
0,bench/30gib-1.bin,582,33554432,376.65,,
0,bench/30gib-1.bin,583,33554432,510.10,,
0,bench/30gib-1.bin,584,33554432,483.34,,
0,bench/30gib-1.bin,585,33554432,367.19,,
0,bench/30gib-1.bin,586,33554432,345.30,,
0,bench/30gib-1.bin,587,33554432,356.88,,
0,bench/30gib-1.bin,588,33554432,444.26,,
0,bench/30gib-1.bin,589,33554432,393.26,,
0,bench/30gib-1.bin,590,33554432,360.25,,
0,bench/30gib-1.bin,591,33554432,346.89,,
0,bench/30gib-1.bin,592,33554432,350.64,,
0,bench/30gib-1.bin,593,33554432,419.93,,
0,bench/30gib-1.bin,594,33554432,615.13,,
0,bench/30gib-1.bin,595,33554432,432.51,,
0,bench/30gib-1.bin,596,33554432,515.95,,
0,bench/30gib-1.bin,597,33554432,349.53,,
0,bench/30gib-1.bin,598,33554432,662.85,,
0,bench/30gib-1.bin,599,33554432,423.95,,
0,bench/30gib-1.bin,600,33554432,406.12,,
0,bench/30gib-1.bin,601,33554432,496.94,,
0,bench/30gib-1.bin,602,33554432,393.99,,
0,bench/30gib-1.bin,603,33554432,459.18,,
0,bench/30gib-1.bin,604,33554432,452.90,,
0,bench/30gib-1.bin,605,33554432,412.57,,
0,bench/30gib-1.bin,606,33554432,499.15,,
0,bench/30gib-1.bin,607,33554432,412.86,,
0,bench/30gib-1.bin,608,33554432,354.46,,
0,bench/30gib-1.bin,609,33554432,340.96,,
0,bench/30gib-1.bin,610,33554432,434.44,,
0,bench/30gib-1.bin,611,33554432,353.13,,
0,bench/30gib-1.bin,612,33554432,358.10,,
0,bench/30gib-1.bin,613,33554432,402.26,,
0,bench/30gib-1.bin,614,33554432,360.86,,
0,bench/30gib-1.bin,615,33554432,360.61,,
0,bench/30gib-1.bin,616,33554432,346.39,,
0,bench/30gib-1.bin,617,33554432,469.59,,
0,bench/30gib-1.bin,618,33554432,562.63,,
0,bench/30gib-1.bin,619,33554432,340.58,,
0,bench/30gib-1.bin,620,33554432,344.22,,
0,bench/30gib-1.bin,621,33554432,347.07,,
0,bench/30gib-1.bin,622,33554432,563.17,,
0,bench/30gib-1.bin,623,33554432,407.94,,
0,bench/30gib-1.bin,624,33554432,344.22,,
0,bench/30gib-1.bin,625,33554432,420.11,,
0,bench/30gib-1.bin,626,33554432,415.57,,
0,bench/30gib-1.bin,627,33554432,500.93,,
0,bench/30gib-1.bin,628,33554432,344.21,,
0,bench/30gib-1.bin,629,33554432,382.92,,
0,bench/30gib-1.bin,630,33554432,439.47,,
0,bench/30gib-1.bin,631,33554432,472.33,,
0,bench/30gib-1.bin,632,33554432,341.91,,
0,bench/30gib-1.bin,633,33554432,410.96,,
0,bench/30gib-1.bin,634,33554432,407.86,,
0,bench/30gib-1.bin,635,33554432,408.17,,
0,bench/30gib-1.bin,636,33554432,543.76,,
0,bench/30gib-1.bin,637,33554432,1914.22,,
0,bench/30gib-1.bin,638,33554432,345.19,,
0,bench/30gib-1.bin,639,33554432,437.44,,
0,bench/30gib-1.bin,640,33554432,386.67,,
0,bench/30gib-1.bin,641,33554432,431.06,,
0,bench/30gib-1.bin,642,33554432,990.07,,
0,bench/30gib-1.bin,643,33554432,479.52,,
0,bench/30gib-1.bin,644,33554432,374.05,,
0,bench/30gib-1.bin,645,33554432,345.32,,
0,bench/30gib-1.bin,646,33554432,347.76,,
0,bench/30gib-1.bin,647,33554432,373.19,,
0,bench/30gib-1.bin,648,33554432,346.65,,
0,bench/30gib-1.bin,649,33554432,406.55,,
0,bench/30gib-1.bin,650,33554432,484.63,,
0,bench/30gib-1.bin,651,33554432,511.99,,
0,bench/30gib-1.bin,652,33554432,537.36,,
0,bench/30gib-1.bin,653,33554432,387.68,,
0,bench/30gib-1.bin,654,33554432,422.24,,
0,bench/30gib-1.bin,655,33554432,449.09,,
0,bench/30gib-1.bin,656,33554432,355.63,,
0,bench/30gib-1.bin,657,33554432,339.78,,
0,bench/30gib-1.bin,658,33554432,361.02,,
0,bench/30gib-1.bin,659,33554432,594.76,,
0,bench/30gib-1.bin,660,33554432,363.40,,
0,bench/30gib-1.bin,661,33554432,568.36,,
0,bench/30gib-1.bin,662,33554432,606.19,,
0,bench/30gib-1.bin,663,33554432,397.80,,
0,bench/30gib-1.bin,664,33554432,380.71,,
0,bench/30gib-1.bin,665,33554432,345.77,,
0,bench/30gib-1.bin,666,33554432,466.88,,
0,bench/30gib-1.bin,667,33554432,672.51,,
0,bench/30gib-1.bin,668,33554432,347.18,,
0,bench/30gib-1.bin,669,33554432,593.11,,
0,bench/30gib-1.bin,670,33554432,420.57,,
0,bench/30gib-1.bin,671,33554432,416.26,,
0,bench/30gib-1.bin,672,33554432,404.53,,
0,bench/30gib-1.bin,673,33554432,597.56,,
0,bench/30gib-1.bin,674,33554432,347.42,,
0,bench/30gib-1.bin,675,33554432,340.87,,
0,bench/30gib-1.bin,676,33554432,459.78,,
0,bench/30gib-1.bin,677,33554432,345.28,,
0,bench/30gib-1.bin,678,33554432,452.68,,
0,bench/30gib-1.bin,679,33554432,419.08,,
0,bench/30gib-1.bin,680,33554432,358.77,,
0,bench/30gib-1.bin,681,33554432,395.01,,
0,bench/30gib-1.bin,682,33554432,349.83,,
0,bench/30gib-1.bin,683,33554432,427.71,,
0,bench/30gib-1.bin,684,33554432,359.05,,
0,bench/30gib-1.bin,685,33554432,792.37,,
0,bench/30gib-1.bin,686,33554432,500.24,,
0,bench/30gib-1.bin,687,33554432,433.85,,
0,bench/30gib-1.bin,688,33554432,470.45,,
0,bench/30gib-1.bin,689,33554432,397.93,,
0,bench/30gib-1.bin,690,33554432,439.77,,
0,bench/30gib-1.bin,691,33554432,348.55,,
0,bench/30gib-1.bin,692,33554432,533.03,,
0,bench/30gib-1.bin,693,33554432,441.49,,
0,bench/30gib-1.bin,694,33554432,453.28,,
0,bench/30gib-1.bin,695,33554432,538.14,,
0,bench/30gib-1.bin,696,33554432,355.05,,
0,bench/30gib-1.bin,697,33554432,362.29,,
0,bench/30gib-1.bin,698,33554432,342.78,,
0,bench/30gib-1.bin,699,33554432,419.34,,
0,bench/30gib-1.bin,700,33554432,391.22,,
0,bench/30gib-1.bin,701,33554432,367.89,,
0,bench/30gib-1.bin,702,33554432,364.70,,
0,bench/30gib-1.bin,703,33554432,347.09,,
0,bench/30gib-1.bin,704,33554432,442.99,,
0,bench/30gib-1.bin,705,33554432,626.55,,
0,bench/30gib-1.bin,706,33554432,342.09,,
0,bench/30gib-1.bin,707,33554432,485.53,,
0,bench/30gib-1.bin,708,33554432,518.29,,
0,bench/30gib-1.bin,709,33554432,342.27,,
0,bench/30gib-1.bin,710,33554432,441.28,,
0,bench/30gib-1.bin,711,33554432,414.68,,
0,bench/30gib-1.bin,712,33554432,347.96,,
0,bench/30gib-1.bin,713,33554432,342.85,,
0,bench/30gib-1.bin,714,33554432,436.76,,
0,bench/30gib-1.bin,715,33554432,455.45,,
0,bench/30gib-1.bin,716,33554432,398.86,,
0,bench/30gib-1.bin,717,33554432,342.18,,
0,bench/30gib-1.bin,718,33554432,434.30,,
0,bench/30gib-1.bin,719,33554432,414.56,,
0,bench/30gib-1.bin,720,33554432,355.15,,
0,bench/30gib-1.bin,721,33554432,470.55,,
0,bench/30gib-1.bin,722,33554432,416.56,,
0,bench/30gib-1.bin,723,33554432,406.82,,
0,bench/30gib-1.bin,724,33554432,383.86,,
0,bench/30gib-1.bin,725,33554432,344.58,,
0,bench/30gib-1.bin,726,33554432,372.63,,
0,bench/30gib-1.bin,727,33554432,358.96,,
0,bench/30gib-1.bin,728,33554432,346.10,,
0,bench/30gib-1.bin,729,33554432,495.07,,
0,bench/30gib-1.bin,730,33554432,346.20,,
0,bench/30gib-1.bin,731,33554432,369.58,,
0,bench/30gib-1.bin,732,33554432,478.48,,
0,bench/30gib-1.bin,733,33554432,341.92,,
0,bench/30gib-1.bin,734,33554432,586.11,,
0,bench/30gib-1.bin,735,33554432,410.99,,
0,bench/30gib-1.bin,736,33554432,417.73,,
0,bench/30gib-1.bin,737,33554432,371.33,,
0,bench/30gib-1.bin,738,33554432,348.74,,
0,bench/30gib-1.bin,739,33554432,436.59,,
0,bench/30gib-1.bin,740,33554432,381.78,,
0,bench/30gib-1.bin,741,33554432,387.90,,
0,bench/30gib-1.bin,742,33554432,445.21,,
0,bench/30gib-1.bin,743,33554432,360.30,,
0,bench/30gib-1.bin,744,33554432,346.76,,
0,bench/30gib-1.bin,745,33554432,341.54,,
0,bench/30gib-1.bin,746,33554432,413.49,,
0,bench/30gib-1.bin,747,33554432,340.59,,
0,bench/30gib-1.bin,748,33554432,389.81,,
0,bench/30gib-1.bin,749,33554432,396.01,,
0,bench/30gib-1.bin,750,33554432,571.05,,
0,bench/30gib-1.bin,751,33554432,521.85,,
0,bench/30gib-1.bin,752,33554432,377.17,,
0,bench/30gib-1.bin,753,33554432,355.97,,
0,bench/30gib-1.bin,754,33554432,362.11,,
0,bench/30gib-1.bin,755,33554432,379.86,,
0,bench/30gib-1.bin,756,33554432,353.68,,
0,bench/30gib-1.bin,757,33554432,467.94,,
0,bench/30gib-1.bin,758,33554432,441.54,,
0,bench/30gib-1.bin,759,33554432,519.20,,
0,bench/30gib-1.bin,760,33554432,435.78,,
0,bench/30gib-1.bin,761,33554432,748.06,,
0,bench/30gib-1.bin,762,33554432,468.12,,
0,bench/30gib-1.bin,763,33554432,926.05,,
0,bench/30gib-1.bin,764,33554432,504.91,,
0,bench/30gib-1.bin,765,33554432,345.05,,
0,bench/30gib-1.bin,766,33554432,360.96,,
0,bench/30gib-1.bin,767,33554432,596.83,,
0,bench/30gib-1.bin,768,33554432,444.92,,
0,bench/30gib-1.bin,769,33554432,406.55,,
0,bench/30gib-1.bin,770,33554432,410.49,,
0,bench/30gib-1.bin,771,33554432,538.74,,
0,bench/30gib-1.bin,772,33554432,389.34,,
0,bench/30gib-1.bin,773,33554432,619.19,,
0,bench/30gib-1.bin,774,33554432,378.69,,
0,bench/30gib-1.bin,775,33554432,455.03,,
0,bench/30gib-1.bin,776,33554432,662.90,,
0,bench/30gib-1.bin,777,33554432,349.53,,
0,bench/30gib-1.bin,778,33554432,469.21,,
0,bench/30gib-1.bin,779,33554432,387.94,,
0,bench/30gib-1.bin,780,33554432,393.57,,
0,bench/30gib-1.bin,781,33554432,567.60,,
0,bench/30gib-1.bin,782,33554432,475.85,,
0,bench/30gib-1.bin,783,33554432,381.23,,
0,bench/30gib-1.bin,784,33554432,440.07,,
0,bench/30gib-1.bin,785,33554432,388.13,,
0,bench/30gib-1.bin,786,33554432,392.81,,
0,bench/30gib-1.bin,787,33554432,355.45,,
0,bench/30gib-1.bin,788,33554432,373.09,,
0,bench/30gib-1.bin,789,33554432,346.65,,
0,bench/30gib-1.bin,790,33554432,411.38,,
0,bench/30gib-1.bin,791,33554432,348.64,,
0,bench/30gib-1.bin,792,33554432,535.72,,
0,bench/30gib-1.bin,793,33554432,578.37,,
0,bench/30gib-1.bin,794,33554432,481.87,,
0,bench/30gib-1.bin,795,33554432,431.20,,
0,bench/30gib-1.bin,796,33554432,435.11,,
0,bench/30gib-1.bin,797,33554432,352.88,,
0,bench/30gib-1.bin,798,33554432,575.48,,
0,bench/30gib-1.bin,799,33554432,359.24,,
0,bench/30gib-1.bin,800,33554432,471.02,,
0,bench/30gib-1.bin,801,33554432,350.45,,
0,bench/30gib-1.bin,802,33554432,729.28,,
0,bench/30gib-1.bin,803,33554432,401.24,,
0,bench/30gib-1.bin,804,33554432,385.16,,
0,bench/30gib-1.bin,805,33554432,454.88,,
0,bench/30gib-1.bin,806,33554432,340.85,,
0,bench/30gib-1.bin,807,33554432,451.79,,
0,bench/30gib-1.bin,808,33554432,353.76,,
0,bench/30gib-1.bin,809,33554432,422.28,,
0,bench/30gib-1.bin,810,33554432,562.13,,
0,bench/30gib-1.bin,811,33554432,376.18,,
0,bench/30gib-1.bin,812,33554432,386.09,,
0,bench/30gib-1.bin,813,33554432,371.61,,
0,bench/30gib-1.bin,814,33554432,393.44,,
0,bench/30gib-1.bin,815,33554432,341.53,,
0,bench/30gib-1.bin,816,33554432,397.51,,
0,bench/30gib-1.bin,817,33554432,345.67,,
0,bench/30gib-1.bin,818,33554432,374.93,,
0,bench/30gib-1.bin,819,33554432,345.32,,
0,bench/30gib-1.bin,820,33554432,353.80,,
0,bench/30gib-1.bin,821,33554432,430.44,,
0,bench/30gib-1.bin,822,33554432,458.28,,
0,bench/30gib-1.bin,823,33554432,450.97,,
0,bench/30gib-1.bin,824,33554432,437.85,,
0,bench/30gib-1.bin,825,33554432,450.64,,
0,bench/30gib-1.bin,826,33554432,528.20,,
0,bench/30gib-1.bin,827,33554432,418.85,,
0,bench/30gib-1.bin,828,33554432,457.32,,
0,bench/30gib-1.bin,829,33554432,416.53,,
0,bench/30gib-1.bin,830,33554432,546.77,,
0,bench/30gib-1.bin,831,33554432,494.34,,
0,bench/30gib-1.bin,832,33554432,369.97,,
0,bench/30gib-1.bin,833,33554432,385.00,,
0,bench/30gib-1.bin,834,33554432,364.45,,
0,bench/30gib-1.bin,835,33554432,456.23,,
0,bench/30gib-1.bin,836,33554432,668.25,,
0,bench/30gib-1.bin,837,33554432,370.81,,
0,bench/30gib-1.bin,838,33554432,434.06,,
0,bench/30gib-1.bin,839,33554432,349.53,,
0,bench/30gib-1.bin,840,33554432,417.27,,
0,bench/30gib-1.bin,841,33554432,343.88,,
0,bench/30gib-1.bin,842,33554432,343.15,,
0,bench/30gib-1.bin,843,33554432,348.60,,
0,bench/30gib-1.bin,844,33554432,427.76,,
0,bench/30gib-1.bin,845,33554432,487.48,,
0,bench/30gib-1.bin,846,33554432,475.46,,
0,bench/30gib-1.bin,847,33554432,392.74,,
0,bench/30gib-1.bin,848,33554432,426.83,,
0,bench/30gib-1.bin,849,33554432,400.31,,
0,bench/30gib-1.bin,850,33554432,515.87,,
0,bench/30gib-1.bin,851,33554432,342.53,,
0,bench/30gib-1.bin,852,33554432,535.26,,
0,bench/30gib-1.bin,853,33554432,509.72,,
0,bench/30gib-1.bin,854,33554432,384.32,,
0,bench/30gib-1.bin,855,33554432,398.10,,
0,bench/30gib-1.bin,856,33554432,494.14,,
0,bench/30gib-1.bin,857,33554432,415.58,,
0,bench/30gib-1.bin,858,33554432,452.21,,
0,bench/30gib-1.bin,859,33554432,473.31,,
0,bench/30gib-1.bin,860,33554432,560.63,,
0,bench/30gib-1.bin,861,33554432,345.15,,
0,bench/30gib-1.bin,862,33554432,583.00,,
0,bench/30gib-1.bin,863,33554432,616.09,,
0,bench/30gib-1.bin,864,33554432,1175.09,,
0,bench/30gib-1.bin,865,33554432,531.34,,
0,bench/30gib-1.bin,866,33554432,342.30,,
0,bench/30gib-1.bin,867,33554432,355.69,,
0,bench/30gib-1.bin,868,33554432,352.89,,
0,bench/30gib-1.bin,869,33554432,371.83,,
0,bench/30gib-1.bin,870,33554432,406.30,,
0,bench/30gib-1.bin,871,33554432,574.88,,
0,bench/30gib-1.bin,872,33554432,445.57,,
0,bench/30gib-1.bin,873,33554432,463.33,,
0,bench/30gib-1.bin,874,33554432,361.22,,
0,bench/30gib-1.bin,875,33554432,354.73,,
0,bench/30gib-1.bin,876,33554432,402.06,,
0,bench/30gib-1.bin,877,33554432,391.68,,
0,bench/30gib-1.bin,878,33554432,428.83,,
0,bench/30gib-1.bin,879,33554432,367.13,,
0,bench/30gib-1.bin,880,33554432,360.01,,
0,bench/30gib-1.bin,881,33554432,559.01,,
0,bench/30gib-1.bin,882,33554432,368.22,,
0,bench/30gib-1.bin,883,33554432,341.86,,
0,bench/30gib-1.bin,884,33554432,387.51,,
0,bench/30gib-1.bin,885,33554432,355.43,,
0,bench/30gib-1.bin,886,33554432,342.80,,
0,bench/30gib-1.bin,887,33554432,363.99,,
0,bench/30gib-1.bin,888,33554432,343.60,,
0,bench/30gib-1.bin,889,33554432,486.61,,
0,bench/30gib-1.bin,890,33554432,428.50,,
0,bench/30gib-1.bin,891,33554432,506.28,,
0,bench/30gib-1.bin,892,33554432,380.31,,
0,bench/30gib-1.bin,893,33554432,476.90,,
0,bench/30gib-1.bin,894,33554432,345.09,,
0,bench/30gib-1.bin,895,33554432,340.49,,
0,bench/30gib-1.bin,896,33554432,449.91,,
0,bench/30gib-1.bin,897,33554432,395.25,,
0,bench/30gib-1.bin,898,33554432,471.68,,
0,bench/30gib-1.bin,899,33554432,342.12,,
0,bench/30gib-1.bin,900,33554432,366.53,,
0,bench/30gib-1.bin,901,33554432,414.78,,
0,bench/30gib-1.bin,902,33554432,534.57,,
0,bench/30gib-1.bin,903,33554432,430.98,,
0,bench/30gib-1.bin,904,33554432,347.43,,
0,bench/30gib-1.bin,905,33554432,366.62,,
0,bench/30gib-1.bin,906,33554432,341.52,,
0,bench/30gib-1.bin,907,33554432,420.97,,
0,bench/30gib-1.bin,908,33554432,450.83,,
0,bench/30gib-1.bin,909,33554432,348.15,,
0,bench/30gib-1.bin,910,33554432,360.88,,
0,bench/30gib-1.bin,911,33554432,574.89,,
0,bench/30gib-1.bin,912,33554432,551.52,,
0,bench/30gib-1.bin,913,33554432,390.02,,
0,bench/30gib-1.bin,914,33554432,480.56,,
0,bench/30gib-1.bin,915,33554432,453.70,,
0,bench/30gib-1.bin,916,33554432,354.33,,
0,bench/30gib-1.bin,917,33554432,352.28,,
0,bench/30gib-1.bin,918,33554432,432.24,,
0,bench/30gib-1.bin,919,33554432,577.87,,
0,bench/30gib-1.bin,920,33554432,677.66,,
0,bench/30gib-1.bin,921,33554432,347.88,,
0,bench/30gib-1.bin,922,33554432,589.92,,
0,bench/30gib-1.bin,923,33554432,447.03,,
0,bench/30gib-1.bin,924,33554432,465.29,,
0,bench/30gib-1.bin,925,33554432,368.41,,
0,bench/30gib-1.bin,926,33554432,357.73,,
0,bench/30gib-1.bin,927,33554432,483.82,,
0,bench/30gib-1.bin,928,33554432,501.72,,
0,bench/30gib-1.bin,929,33554432,365.28,,
0,bench/30gib-1.bin,930,33554432,675.17,,
0,bench/30gib-1.bin,931,33554432,379.91,,
0,bench/30gib-1.bin,932,33554432,520.68,,
0,bench/30gib-1.bin,933,33554432,342.17,,
0,bench/30gib-1.bin,934,33554432,522.64,,
0,bench/30gib-1.bin,935,33554432,398.20,,
0,bench/30gib-1.bin,936,33554432,499.35,,
0,bench/30gib-1.bin,937,33554432,344.18,,
0,bench/30gib-1.bin,938,33554432,391.50,,
0,bench/30gib-1.bin,939,33554432,347.61,,
0,bench/30gib-1.bin,940,33554432,367.84,,
0,bench/30gib-1.bin,941,33554432,366.34,,
0,bench/30gib-1.bin,942,33554432,437.72,,
0,bench/30gib-1.bin,943,33554432,446.43,,
0,bench/30gib-1.bin,944,33554432,457.64,,
0,bench/30gib-1.bin,945,33554432,345.53,,
0,bench/30gib-1.bin,946,33554432,355.20,,
0,bench/30gib-1.bin,947,33554432,460.86,,
0,bench/30gib-1.bin,948,33554432,386.16,,
0,bench/30gib-1.bin,949,33554432,409.84,,
0,bench/30gib-1.bin,950,33554432,343.15,,
0,bench/30gib-1.bin,951,33554432,344.99,,
0,bench/30gib-1.bin,952,33554432,602.46,,
0,bench/30gib-1.bin,953,33554432,369.43,,
0,bench/30gib-1.bin,954,33554432,357.95,,
0,bench/30gib-1.bin,955,33554432,436.16,,
0,bench/30gib-1.bin,956,33554432,427.45,,
0,bench/30gib-1.bin,957,33554432,375.69,,
0,bench/30gib-1.bin,958,33554432,412.54,,
0,bench/30gib-1.bin,959,33554432,432.61,,
0,bench/30gib-1.bin,960,33554432,521.81,,
0,bench/30gib-2.bin,1,33554432,1496.57,,
0,bench/30gib-2.bin,2,33554432,1017.58,,
0,bench/30gib-2.bin,3,33554432,962.80,,
0,bench/30gib-2.bin,4,33554432,1809.72,,
0,bench/30gib-2.bin,5,33554432,675.05,,
0,bench/30gib-2.bin,6,33554432,1154.89,,
0,bench/30gib-2.bin,7,33554432,1371.47,,
0,bench/30gib-2.bin,8,33554432,1797.85,,
0,bench/30gib-2.bin,9,33554432,1010.41,,
0,bench/30gib-2.bin,10,33554432,1730.81,,
0,bench/30gib-2.bin,11,33554432,1402.65,,
0,bench/30gib-2.bin,12,33554432,1017.41,,
0,bench/30gib-2.bin,13,33554432,1620.20,,
0,bench/30gib-2.bin,14,33554432,1163.05,,
0,bench/30gib-2.bin,15,33554432,893.30,,
0,bench/30gib-2.bin,16,33554432,1136.61,,
0,bench/30gib-2.bin,17,33554432,1704.21,,
0,bench/30gib-2.bin,18,33554432,1944.03,,
0,bench/30gib-2.bin,19,33554432,1369.73,,
0,bench/30gib-2.bin,20,33554432,1386.41,,
0,bench/30gib-2.bin,21,33554432,2098.18,,
0,bench/30gib-2.bin,22,33554432,1238.92,,
0,bench/30gib-2.bin,23,33554432,1745.33,,
0,bench/30gib-2.bin,24,33554432,1555.26,,
0,bench/30gib-2.bin,25,33554432,1751.13,,
0,bench/30gib-2.bin,26,33554432,679.01,,
0,bench/30gib-2.bin,27,33554432,1288.64,,
0,bench/30gib-2.bin,28,33554432,922.81,,
0,bench/30gib-2.bin,29,33554432,781.86,,
0,bench/30gib-2.bin,30,33554432,935.14,,
0,bench/30gib-2.bin,31,33554432,674.47,,
0,bench/30gib-2.bin,32,33554432,826.70,,
0,bench/30gib-2.bin,33,33554432,407.19,,
0,bench/30gib-2.bin,34,33554432,990.43,,
0,bench/30gib-2.bin,35,33554432,388.46,,
0,bench/30gib-2.bin,36,33554432,820.49,,
0,bench/30gib-2.bin,37,33554432,780.23,,
0,bench/30gib-2.bin,38,33554432,700.45,,
0,bench/30gib-2.bin,39,33554432,591.85,,
0,bench/30gib-2.bin,40,33554432,804.09,,
0,bench/30gib-2.bin,41,33554432,421.67,,
0,bench/30gib-2.bin,42,33554432,451.38,,
0,bench/30gib-2.bin,43,33554432,927.55,,
0,bench/30gib-2.bin,44,33554432,746.31,,
0,bench/30gib-2.bin,45,33554432,550.64,,
0,bench/30gib-2.bin,46,33554432,850.55,,
0,bench/30gib-2.bin,47,33554432,738.63,,
0,bench/30gib-2.bin,48,33554432,749.01,,
0,bench/30gib-2.bin,49,33554432,711.24,,
0,bench/30gib-2.bin,50,33554432,766.66,,
0,bench/30gib-2.bin,51,33554432,896.99,,
0,bench/30gib-2.bin,52,33554432,743.79,,
0,bench/30gib-2.bin,53,33554432,788.66,,
0,bench/30gib-2.bin,54,33554432,364.51,,
0,bench/30gib-2.bin,55,33554432,424.77,,
0,bench/30gib-2.bin,56,33554432,783.55,,
0,bench/30gib-2.bin,57,33554432,673.13,,
0,bench/30gib-2.bin,58,33554432,411.94,,
0,bench/30gib-2.bin,59,33554432,453.76,,
0,bench/30gib-2.bin,60,33554432,347.66,,
0,bench/30gib-2.bin,61,33554432,538.07,,
0,bench/30gib-2.bin,62,33554432,713.49,,
0,bench/30gib-2.bin,63,33554432,682.89,,
0,bench/30gib-2.bin,64,33554432,543.41,,
0,bench/30gib-2.bin,65,33554432,391.54,,
0,bench/30gib-2.bin,66,33554432,683.38,,
0,bench/30gib-2.bin,67,33554432,486.72,,
0,bench/30gib-2.bin,68,33554432,405.98,,
0,bench/30gib-2.bin,69,33554432,708.50,,
0,bench/30gib-2.bin,70,33554432,515.50,,
0,bench/30gib-2.bin,71,33554432,679.49,,
0,bench/30gib-2.bin,72,33554432,609.61,,
0,bench/30gib-2.bin,73,33554432,473.34,,
0,bench/30gib-2.bin,74,33554432,643.45,,
0,bench/30gib-2.bin,75,33554432,482.47,,
0,bench/30gib-2.bin,76,33554432,641.38,,
0,bench/30gib-2.bin,77,33554432,488.36,,
0,bench/30gib-2.bin,78,33554432,429.08,,
0,bench/30gib-2.bin,79,33554432,581.25,,
0,bench/30gib-2.bin,80,33554432,373.97,,
0,bench/30gib-2.bin,81,33554432,425.70,,
0,bench/30gib-2.bin,82,33554432,484.88,,
0,bench/30gib-2.bin,83,33554432,448.22,,
0,bench/30gib-2.bin,84,33554432,386.37,,
0,bench/30gib-2.bin,85,33554432,346.52,,
0,bench/30gib-2.bin,86,33554432,382.21,,
0,bench/30gib-2.bin,87,33554432,633.14,,
0,bench/30gib-2.bin,88,33554432,343.84,,
0,bench/30gib-2.bin,89,33554432,402.02,,
0,bench/30gib-2.bin,90,33554432,380.43,,
0,bench/30gib-2.bin,91,33554432,414.44,,
0,bench/30gib-2.bin,92,33554432,420.10,,
0,bench/30gib-2.bin,93,33554432,595.52,,
0,bench/30gib-2.bin,94,33554432,430.67,,
0,bench/30gib-2.bin,95,33554432,875.98,,
0,bench/30gib-2.bin,96,33554432,397.01,,
0,bench/30gib-2.bin,97,33554432,554.81,,
0,bench/30gib-2.bin,98,33554432,414.43,,
0,bench/30gib-2.bin,99,33554432,406.97,,
0,bench/30gib-2.bin,100,33554432,415.20,,
0,bench/30gib-2.bin,101,33554432,376.97,,
0,bench/30gib-2.bin,102,33554432,375.04,,
0,bench/30gib-2.bin,103,33554432,361.21,,
0,bench/30gib-2.bin,104,33554432,500.81,,
0,bench/30gib-2.bin,105,33554432,343.55,,
0,bench/30gib-2.bin,106,33554432,342.42,,
0,bench/30gib-2.bin,107,33554432,487.53,,
0,bench/30gib-2.bin,108,33554432,405.41,,
0,bench/30gib-2.bin,109,33554432,347.43,,
0,bench/30gib-2.bin,110,33554432,408.17,,
0,bench/30gib-2.bin,111,33554432,389.60,,
0,bench/30gib-2.bin,112,33554432,451.61,,
0,bench/30gib-2.bin,113,33554432,492.64,,
0,bench/30gib-2.bin,114,33554432,449.92,,
0,bench/30gib-2.bin,115,33554432,349.08,,
0,bench/30gib-2.bin,116,33554432,344.59,,
0,bench/30gib-2.bin,117,33554432,340.04,,
0,bench/30gib-2.bin,118,33554432,359.78,,
0,bench/30gib-2.bin,119,33554432,474.71,,
0,bench/30gib-2.bin,120,33554432,427.84,,
0,bench/30gib-2.bin,121,33554432,344.64,,
0,bench/30gib-2.bin,122,33554432,452.99,,
0,bench/30gib-2.bin,123,33554432,385.86,,
0,bench/30gib-2.bin,124,33554432,405.32,,
0,bench/30gib-2.bin,125,33554432,411.67,,
0,bench/30gib-2.bin,126,33554432,428.59,,
0,bench/30gib-2.bin,127,33554432,384.55,,
0,bench/30gib-2.bin,128,33554432,414.66,,
0,bench/30gib-2.bin,129,33554432,356.32,,
0,bench/30gib-2.bin,130,33554432,347.38,,
0,bench/30gib-2.bin,131,33554432,434.97,,
0,bench/30gib-2.bin,132,33554432,424.65,,
0,bench/30gib-2.bin,133,33554432,340.49,,
0,bench/30gib-2.bin,134,33554432,346.79,,
0,bench/30gib-2.bin,135,33554432,477.34,,
0,bench/30gib-2.bin,136,33554432,462.46,,
0,bench/30gib-2.bin,137,33554432,359.04,,
0,bench/30gib-2.bin,138,33554432,572.19,,
0,bench/30gib-2.bin,139,33554432,343.65,,
0,bench/30gib-2.bin,140,33554432,440.39,,
0,bench/30gib-2.bin,141,33554432,366.11,,
0,bench/30gib-2.bin,142,33554432,462.37,,
0,bench/30gib-2.bin,143,33554432,483.10,,
0,bench/30gib-2.bin,144,33554432,363.71,,
0,bench/30gib-2.bin,145,33554432,754.44,,
0,bench/30gib-2.bin,146,33554432,349.67,,
0,bench/30gib-2.bin,147,33554432,398.03,,
0,bench/30gib-2.bin,148,33554432,592.68,,
0,bench/30gib-2.bin,149,33554432,595.83,,
0,bench/30gib-2.bin,150,33554432,398.27,,
0,bench/30gib-2.bin,151,33554432,457.54,,
0,bench/30gib-2.bin,152,33554432,341.65,,
0,bench/30gib-2.bin,153,33554432,372.71,,
0,bench/30gib-2.bin,154,33554432,525.04,,
0,bench/30gib-2.bin,155,33554432,388.45,,
0,bench/30gib-2.bin,156,33554432,361.88,,
0,bench/30gib-2.bin,157,33554432,342.61,,
0,bench/30gib-2.bin,158,33554432,442.87,,
0,bench/30gib-2.bin,159,33554432,392.51,,
0,bench/30gib-2.bin,160,33554432,492.82,,
0,bench/30gib-2.bin,161,33554432,393.75,,
0,bench/30gib-2.bin,162,33554432,345.66,,
0,bench/30gib-2.bin,163,33554432,541.07,,
0,bench/30gib-2.bin,164,33554432,391.73,,
0,bench/30gib-2.bin,165,33554432,347.96,,
0,bench/30gib-2.bin,166,33554432,390.02,,
0,bench/30gib-2.bin,167,33554432,352.30,,
0,bench/30gib-2.bin,168,33554432,433.54,,
0,bench/30gib-2.bin,169,33554432,373.48,,
0,bench/30gib-2.bin,170,33554432,382.85,,
0,bench/30gib-2.bin,171,33554432,362.45,,
0,bench/30gib-2.bin,172,33554432,416.02,,
0,bench/30gib-2.bin,173,33554432,341.15,,
0,bench/30gib-2.bin,174,33554432,380.14,,
0,bench/30gib-2.bin,175,33554432,413.16,,
0,bench/30gib-2.bin,176,33554432,368.09,,
0,bench/30gib-2.bin,177,33554432,362.28,,
0,bench/30gib-2.bin,178,33554432,467.54,,
0,bench/30gib-2.bin,179,33554432,384.16,,
0,bench/30gib-2.bin,180,33554432,437.24,,
0,bench/30gib-2.bin,181,33554432,343.51,,
0,bench/30gib-2.bin,182,33554432,341.21,,
0,bench/30gib-2.bin,183,33554432,456.41,,
0,bench/30gib-2.bin,184,33554432,583.69,,
0,bench/30gib-2.bin,185,33554432,341.62,,
0,bench/30gib-2.bin,186,33554432,525.91,,
0,bench/30gib-2.bin,187,33554432,380.28,,
0,bench/30gib-2.bin,188,33554432,342.13,,
0,bench/30gib-2.bin,189,33554432,533.77,,
0,bench/30gib-2.bin,190,33554432,340.47,,
0,bench/30gib-2.bin,191,33554432,367.49,,
0,bench/30gib-2.bin,192,33554432,394.83,,
0,bench/30gib-2.bin,193,33554432,790.33,,
0,bench/30gib-2.bin,194,33554432,341.60,,
0,bench/30gib-2.bin,195,33554432,480.40,,
0,bench/30gib-2.bin,196,33554432,348.11,,
0,bench/30gib-2.bin,197,33554432,401.24,,
0,bench/30gib-2.bin,198,33554432,383.59,,
0,bench/30gib-2.bin,199,33554432,403.63,,
0,bench/30gib-2.bin,200,33554432,406.31,,
0,bench/30gib-2.bin,201,33554432,429.80,,
0,bench/30gib-2.bin,202,33554432,364.28,,
0,bench/30gib-2.bin,203,33554432,384.31,,
0,bench/30gib-2.bin,204,33554432,539.79,,
0,bench/30gib-2.bin,205,33554432,547.04,,
0,bench/30gib-2.bin,206,33554432,394.72,,
0,bench/30gib-2.bin,207,33554432,344.12,,
0,bench/30gib-2.bin,208,33554432,581.75,,
0,bench/30gib-2.bin,209,33554432,519.57,,
0,bench/30gib-2.bin,210,33554432,474.50,,
0,bench/30gib-2.bin,211,33554432,343.72,,
0,bench/30gib-2.bin,212,33554432,402.89,,
0,bench/30gib-2.bin,213,33554432,365.98,,
0,bench/30gib-2.bin,214,33554432,473.97,,
0,bench/30gib-2.bin,215,33554432,389.21,,
0,bench/30gib-2.bin,216,33554432,482.66,,
0,bench/30gib-2.bin,217,33554432,350.66,,
0,bench/30gib-2.bin,218,33554432,471.82,,
0,bench/30gib-2.bin,219,33554432,406.14,,
0,bench/30gib-2.bin,220,33554432,551.29,,
0,bench/30gib-2.bin,221,33554432,345.63,,
0,bench/30gib-2.bin,222,33554432,342.04,,
0,bench/30gib-2.bin,223,33554432,341.11,,
0,bench/30gib-2.bin,224,33554432,637.71,,
0,bench/30gib-2.bin,225,33554432,347.28,,
0,bench/30gib-2.bin,226,33554432,357.41,,
0,bench/30gib-2.bin,227,33554432,416.28,,
0,bench/30gib-2.bin,228,33554432,586.45,,
0,bench/30gib-2.bin,229,33554432,390.18,,
0,bench/30gib-2.bin,230,33554432,345.66,,
0,bench/30gib-2.bin,231,33554432,479.44,,
0,bench/30gib-2.bin,232,33554432,363.28,,
0,bench/30gib-2.bin,233,33554432,485.94,,
0,bench/30gib-2.bin,234,33554432,348.11,,
0,bench/30gib-2.bin,235,33554432,344.68,,
0,bench/30gib-2.bin,236,33554432,364.22,,
0,bench/30gib-2.bin,237,33554432,557.88,,
0,bench/30gib-2.bin,238,33554432,438.47,,
0,bench/30gib-2.bin,239,33554432,599.67,,
0,bench/30gib-2.bin,240,33554432,544.42,,
0,bench/30gib-2.bin,241,33554432,346.18,,
0,bench/30gib-2.bin,242,33554432,362.98,,
0,bench/30gib-2.bin,243,33554432,343.16,,
0,bench/30gib-2.bin,244,33554432,700.95,,
0,bench/30gib-2.bin,245,33554432,481.53,,
0,bench/30gib-2.bin,246,33554432,357.21,,
0,bench/30gib-2.bin,247,33554432,346.03,,
0,bench/30gib-2.bin,248,33554432,527.23,,
0,bench/30gib-2.bin,249,33554432,427.22,,
0,bench/30gib-2.bin,250,33554432,458.54,,
0,bench/30gib-2.bin,251,33554432,432.05,,
0,bench/30gib-2.bin,252,33554432,352.96,,
0,bench/30gib-2.bin,253,33554432,441.65,,
0,bench/30gib-2.bin,254,33554432,360.59,,
0,bench/30gib-2.bin,255,33554432,414.58,,
0,bench/30gib-2.bin,256,33554432,342.75,,
0,bench/30gib-2.bin,257,33554432,343.18,,
0,bench/30gib-2.bin,258,33554432,454.36,,
0,bench/30gib-2.bin,259,33554432,380.70,,
0,bench/30gib-2.bin,260,33554432,505.98,,
0,bench/30gib-2.bin,261,33554432,400.70,,
0,bench/30gib-2.bin,262,33554432,391.07,,
0,bench/30gib-2.bin,263,33554432,344.79,,
0,bench/30gib-2.bin,264,33554432,343.62,,
0,bench/30gib-2.bin,265,33554432,560.66,,
0,bench/30gib-2.bin,266,33554432,365.25,,
0,bench/30gib-2.bin,267,33554432,523.08,,
0,bench/30gib-2.bin,268,33554432,456.79,,
0,bench/30gib-2.bin,269,33554432,343.46,,
0,bench/30gib-2.bin,270,33554432,359.15,,
0,bench/30gib-2.bin,271,33554432,342.36,,
0,bench/30gib-2.bin,272,33554432,435.41,,
0,bench/30gib-2.bin,273,33554432,343.52,,
0,bench/30gib-2.bin,274,33554432,359.59,,
0,bench/30gib-2.bin,275,33554432,362.22,,
0,bench/30gib-2.bin,276,33554432,375.37,,
0,bench/30gib-2.bin,277,33554432,605.76,,
0,bench/30gib-2.bin,278,33554432,421.62,,
0,bench/30gib-2.bin,279,33554432,401.97,,
0,bench/30gib-2.bin,280,33554432,389.35,,
0,bench/30gib-2.bin,281,33554432,381.38,,
0,bench/30gib-2.bin,282,33554432,383.92,,
0,bench/30gib-2.bin,283,33554432,344.49,,
0,bench/30gib-2.bin,284,33554432,392.90,,
0,bench/30gib-2.bin,285,33554432,407.14,,
0,bench/30gib-2.bin,286,33554432,395.39,,
0,bench/30gib-2.bin,287,33554432,390.79,,
0,bench/30gib-2.bin,288,33554432,375.46,,
0,bench/30gib-2.bin,289,33554432,551.93,,
0,bench/30gib-2.bin,290,33554432,395.18,,
0,bench/30gib-2.bin,291,33554432,662.19,,
0,bench/30gib-2.bin,292,33554432,501.61,,
0,bench/30gib-2.bin,293,33554432,502.65,,
0,bench/30gib-2.bin,294,33554432,471.01,,
0,bench/30gib-2.bin,295,33554432,423.94,,
0,bench/30gib-2.bin,296,33554432,352.27,,
0,bench/30gib-2.bin,297,33554432,409.30,,
0,bench/30gib-2.bin,298,33554432,348.03,,
0,bench/30gib-2.bin,299,33554432,454.36,,
0,bench/30gib-2.bin,300,33554432,347.06,,
0,bench/30gib-2.bin,301,33554432,400.56,,
0,bench/30gib-2.bin,302,33554432,355.45,,
0,bench/30gib-2.bin,303,33554432,341.27,,
0,bench/30gib-2.bin,304,33554432,362.62,,
0,bench/30gib-2.bin,305,33554432,379.96,,
0,bench/30gib-2.bin,306,33554432,476.98,,
0,bench/30gib-2.bin,307,33554432,431.01,,
0,bench/30gib-2.bin,308,33554432,464.83,,
0,bench/30gib-2.bin,309,33554432,819.53,,
0,bench/30gib-2.bin,310,33554432,451.11,,
0,bench/30gib-2.bin,311,33554432,347.26,,
0,bench/30gib-2.bin,312,33554432,481.64,,
0,bench/30gib-2.bin,313,33554432,724.11,,
0,bench/30gib-2.bin,314,33554432,483.04,,
0,bench/30gib-2.bin,315,33554432,464.89,,
0,bench/30gib-2.bin,316,33554432,412.10,,
0,bench/30gib-2.bin,317,33554432,446.86,,
0,bench/30gib-2.bin,318,33554432,432.09,,
0,bench/30gib-2.bin,319,33554432,697.19,,
0,bench/30gib-2.bin,320,33554432,341.63,,
0,bench/30gib-2.bin,321,33554432,375.36,,
0,bench/30gib-2.bin,322,33554432,364.12,,
0,bench/30gib-2.bin,323,33554432,404.05,,
0,bench/30gib-2.bin,324,33554432,410.57,,
0,bench/30gib-2.bin,325,33554432,343.72,,
0,bench/30gib-2.bin,326,33554432,758.20,,
0,bench/30gib-2.bin,327,33554432,365.71,,
0,bench/30gib-2.bin,328,33554432,350.65,,
0,bench/30gib-2.bin,329,33554432,343.35,,
0,bench/30gib-2.bin,330,33554432,402.99,,
0,bench/30gib-2.bin,331,33554432,441.06,,
0,bench/30gib-2.bin,332,33554432,550.42,,
0,bench/30gib-2.bin,333,33554432,486.07,,
0,bench/30gib-2.bin,334,33554432,371.41,,
0,bench/30gib-2.bin,335,33554432,425.89,,
0,bench/30gib-2.bin,336,33554432,409.17,,
0,bench/30gib-2.bin,337,33554432,343.56,,
0,bench/30gib-2.bin,338,33554432,381.41,,
0,bench/30gib-2.bin,339,33554432,422.72,,
0,bench/30gib-2.bin,340,33554432,460.78,,
0,bench/30gib-2.bin,341,33554432,596.64,,
0,bench/30gib-2.bin,342,33554432,346.54,,
0,bench/30gib-2.bin,343,33554432,378.83,,
0,bench/30gib-2.bin,344,33554432,456.03,,
0,bench/30gib-2.bin,345,33554432,349.09,,
0,bench/30gib-2.bin,346,33554432,442.72,,
0,bench/30gib-2.bin,347,33554432,359.65,,
0,bench/30gib-2.bin,348,33554432,413.81,,
0,bench/30gib-2.bin,349,33554432,429.13,,
0,bench/30gib-2.bin,350,33554432,449.53,,
0,bench/30gib-2.bin,351,33554432,426.26,,
0,bench/30gib-2.bin,352,33554432,449.43,,
0,bench/30gib-2.bin,353,33554432,341.18,,
0,bench/30gib-2.bin,354,33554432,349.81,,
0,bench/30gib-2.bin,355,33554432,381.79,,
0,bench/30gib-2.bin,356,33554432,345.01,,
0,bench/30gib-2.bin,357,33554432,342.00,,
0,bench/30gib-2.bin,358,33554432,347.27,,
0,bench/30gib-2.bin,359,33554432,344.06,,
0,bench/30gib-2.bin,360,33554432,433.37,,
0,bench/30gib-2.bin,361,33554432,426.93,,
0,bench/30gib-2.bin,362,33554432,340.32,,
0,bench/30gib-2.bin,363,33554432,506.18,,
0,bench/30gib-2.bin,364,33554432,344.05,,
0,bench/30gib-2.bin,365,33554432,448.33,,
0,bench/30gib-2.bin,366,33554432,347.25,,
0,bench/30gib-2.bin,367,33554432,386.19,,
0,bench/30gib-2.bin,368,33554432,342.77,,
0,bench/30gib-2.bin,369,33554432,363.12,,
0,bench/30gib-2.bin,370,33554432,365.16,,
0,bench/30gib-2.bin,371,33554432,350.57,,
0,bench/30gib-2.bin,372,33554432,477.28,,
0,bench/30gib-2.bin,373,33554432,384.76,,
0,bench/30gib-2.bin,374,33554432,426.43,,
0,bench/30gib-2.bin,375,33554432,512.41,,
0,bench/30gib-2.bin,376,33554432,342.95,,
0,bench/30gib-2.bin,377,33554432,381.64,,
0,bench/30gib-2.bin,378,33554432,707.84,,
0,bench/30gib-2.bin,379,33554432,353.98,,
0,bench/30gib-2.bin,380,33554432,398.43,,
0,bench/30gib-2.bin,381,33554432,435.43,,
0,bench/30gib-2.bin,382,33554432,512.75,,
0,bench/30gib-2.bin,383,33554432,428.93,,
0,bench/30gib-2.bin,384,33554432,361.14,,
0,bench/30gib-2.bin,385,33554432,349.25,,
0,bench/30gib-2.bin,386,33554432,391.34,,
0,bench/30gib-2.bin,387,33554432,353.85,,
0,bench/30gib-2.bin,388,33554432,357.60,,
0,bench/30gib-2.bin,389,33554432,347.94,,
0,bench/30gib-2.bin,390,33554432,347.39,,
0,bench/30gib-2.bin,391,33554432,471.74,,
0,bench/30gib-2.bin,392,33554432,371.55,,
0,bench/30gib-2.bin,393,33554432,396.52,,
0,bench/30gib-2.bin,394,33554432,364.45,,
0,bench/30gib-2.bin,395,33554432,341.70,,
0,bench/30gib-2.bin,396,33554432,407.16,,
0,bench/30gib-2.bin,397,33554432,396.02,,
0,bench/30gib-2.bin,398,33554432,396.56,,
0,bench/30gib-2.bin,399,33554432,551.83,,
0,bench/30gib-2.bin,400,33554432,441.74,,
0,bench/30gib-2.bin,401,33554432,436.04,,
0,bench/30gib-2.bin,402,33554432,347.98,,
0,bench/30gib-2.bin,403,33554432,438.68,,
0,bench/30gib-2.bin,404,33554432,342.43,,
0,bench/30gib-2.bin,405,33554432,416.34,,
0,bench/30gib-2.bin,406,33554432,425.06,,
0,bench/30gib-2.bin,407,33554432,351.55,,
0,bench/30gib-2.bin,408,33554432,445.75,,
0,bench/30gib-2.bin,409,33554432,446.74,,
0,bench/30gib-2.bin,410,33554432,363.56,,
0,bench/30gib-2.bin,411,33554432,349.68,,
0,bench/30gib-2.bin,412,33554432,463.15,,
0,bench/30gib-2.bin,413,33554432,368.79,,
0,bench/30gib-2.bin,414,33554432,343.10,,
0,bench/30gib-2.bin,415,33554432,383.32,,
0,bench/30gib-2.bin,416,33554432,340.96,,
0,bench/30gib-2.bin,417,33554432,372.58,,
0,bench/30gib-2.bin,418,33554432,376.87,,
0,bench/30gib-2.bin,419,33554432,458.91,,
0,bench/30gib-2.bin,420,33554432,349.11,,
0,bench/30gib-2.bin,421,33554432,376.68,,
0,bench/30gib-2.bin,422,33554432,345.44,,
0,bench/30gib-2.bin,423,33554432,639.83,,
0,bench/30gib-2.bin,424,33554432,422.54,,
0,bench/30gib-2.bin,425,33554432,438.46,,
0,bench/30gib-2.bin,426,33554432,410.89,,
0,bench/30gib-2.bin,427,33554432,341.77,,
0,bench/30gib-2.bin,428,33554432,356.81,,
0,bench/30gib-2.bin,429,33554432,342.41,,
0,bench/30gib-2.bin,430,33554432,345.35,,
0,bench/30gib-2.bin,431,33554432,349.82,,
0,bench/30gib-2.bin,432,33554432,341.98,,
0,bench/30gib-2.bin,433,33554432,345.15,,
0,bench/30gib-2.bin,434,33554432,353.80,,
0,bench/30gib-2.bin,435,33554432,342.57,,
0,bench/30gib-2.bin,436,33554432,585.46,,
0,bench/30gib-2.bin,437,33554432,961.49,,
0,bench/30gib-2.bin,438,33554432,454.58,,
0,bench/30gib-2.bin,439,33554432,531.60,,
0,bench/30gib-2.bin,440,33554432,402.52,,
0,bench/30gib-2.bin,441,33554432,353.01,,
0,bench/30gib-2.bin,442,33554432,495.11,,
0,bench/30gib-2.bin,443,33554432,350.55,,
0,bench/30gib-2.bin,444,33554432,393.70,,
0,bench/30gib-2.bin,445,33554432,454.30,,
0,bench/30gib-2.bin,446,33554432,434.73,,
0,bench/30gib-2.bin,447,33554432,538.03,,
0,bench/30gib-2.bin,448,33554432,547.31,,
0,bench/30gib-2.bin,449,33554432,381.20,,
0,bench/30gib-2.bin,450,33554432,341.31,,
0,bench/30gib-2.bin,451,33554432,346.51,,
0,bench/30gib-2.bin,452,33554432,366.79,,
0,bench/30gib-2.bin,453,33554432,347.22,,
0,bench/30gib-2.bin,454,33554432,406.41,,
0,bench/30gib-2.bin,455,33554432,572.57,,
0,bench/30gib-2.bin,456,33554432,545.52,,
0,bench/30gib-2.bin,457,33554432,445.23,,
0,bench/30gib-2.bin,458,33554432,341.57,,
0,bench/30gib-2.bin,459,33554432,506.43,,
0,bench/30gib-2.bin,460,33554432,343.40,,
0,bench/30gib-2.bin,461,33554432,461.23,,
0,bench/30gib-2.bin,462,33554432,416.66,,
0,bench/30gib-2.bin,463,33554432,377.30,,
0,bench/30gib-2.bin,464,33554432,402.57,,
0,bench/30gib-2.bin,465,33554432,364.38,,
0,bench/30gib-2.bin,466,33554432,356.76,,
0,bench/30gib-2.bin,467,33554432,361.75,,
0,bench/30gib-2.bin,468,33554432,390.18,,
0,bench/30gib-2.bin,469,33554432,551.33,,
0,bench/30gib-2.bin,470,33554432,343.51,,
0,bench/30gib-2.bin,471,33554432,408.90,,
0,bench/30gib-2.bin,472,33554432,360.54,,
0,bench/30gib-2.bin,473,33554432,341.48,,
0,bench/30gib-2.bin,474,33554432,342.98,,
0,bench/30gib-2.bin,475,33554432,541.71,,
0,bench/30gib-2.bin,476,33554432,343.67,,
0,bench/30gib-2.bin,477,33554432,357.77,,
0,bench/30gib-2.bin,478,33554432,524.84,,
0,bench/30gib-2.bin,479,33554432,473.86,,
0,bench/30gib-2.bin,480,33554432,383.44,,
0,bench/30gib-2.bin,481,33554432,508.86,,
0,bench/30gib-2.bin,482,33554432,343.50,,
0,bench/30gib-2.bin,483,33554432,341.58,,
0,bench/30gib-2.bin,484,33554432,487.23,,
0,bench/30gib-2.bin,485,33554432,548.79,,
0,bench/30gib-2.bin,486,33554432,1471.88,,
0,bench/30gib-2.bin,487,33554432,413.79,,
0,bench/30gib-2.bin,488,33554432,361.36,,
0,bench/30gib-2.bin,489,33554432,707.21,,
0,bench/30gib-2.bin,490,33554432,440.92,,
0,bench/30gib-2.bin,491,33554432,465.72,,
0,bench/30gib-2.bin,492,33554432,491.18,,
0,bench/30gib-2.bin,493,33554432,520.94,,
0,bench/30gib-2.bin,494,33554432,468.61,,
0,bench/30gib-2.bin,495,33554432,642.76,,
0,bench/30gib-2.bin,496,33554432,389.15,,
0,bench/30gib-2.bin,497,33554432,371.19,,
0,bench/30gib-2.bin,498,33554432,423.64,,
0,bench/30gib-2.bin,499,33554432,522.76,,
0,bench/30gib-2.bin,500,33554432,557.65,,
0,bench/30gib-2.bin,501,33554432,342.44,,
0,bench/30gib-2.bin,502,33554432,393.88,,
0,bench/30gib-2.bin,503,33554432,389.60,,
0,bench/30gib-2.bin,504,33554432,428.07,,
0,bench/30gib-2.bin,505,33554432,440.10,,
0,bench/30gib-2.bin,506,33554432,561.32,,
0,bench/30gib-2.bin,507,33554432,343.61,,
0,bench/30gib-2.bin,508,33554432,404.82,,
0,bench/30gib-2.bin,509,33554432,372.20,,
0,bench/30gib-2.bin,510,33554432,341.33,,
0,bench/30gib-2.bin,511,33554432,347.31,,
0,bench/30gib-2.bin,512,33554432,361.42,,
0,bench/30gib-2.bin,513,33554432,543.82,,
0,bench/30gib-2.bin,514,33554432,399.85,,
0,bench/30gib-2.bin,515,33554432,551.28,,
0,bench/30gib-2.bin,516,33554432,345.05,,
0,bench/30gib-2.bin,517,33554432,486.34,,
0,bench/30gib-2.bin,518,33554432,414.42,,
0,bench/30gib-2.bin,519,33554432,398.32,,
0,bench/30gib-2.bin,520,33554432,487.73,,
0,bench/30gib-2.bin,521,33554432,369.82,,
0,bench/30gib-2.bin,522,33554432,459.44,,
0,bench/30gib-2.bin,523,33554432,579.04,,
0,bench/30gib-2.bin,524,33554432,602.47,,
0,bench/30gib-2.bin,525,33554432,362.94,,
0,bench/30gib-2.bin,526,33554432,868.57,,
0,bench/30gib-2.bin,527,33554432,352.05,,
0,bench/30gib-2.bin,528,33554432,1013.60,,
0,bench/30gib-2.bin,529,33554432,432.33,,
0,bench/30gib-2.bin,530,33554432,394.35,,
0,bench/30gib-2.bin,531,33554432,675.32,,
0,bench/30gib-2.bin,532,33554432,372.37,,
0,bench/30gib-2.bin,533,33554432,473.85,,
0,bench/30gib-2.bin,534,33554432,500.47,,
0,bench/30gib-2.bin,535,33554432,342.94,,
0,bench/30gib-2.bin,536,33554432,448.64,,
0,bench/30gib-2.bin,537,33554432,356.51,,
0,bench/30gib-2.bin,538,33554432,644.73,,
0,bench/30gib-2.bin,539,33554432,495.67,,
0,bench/30gib-2.bin,540,33554432,352.54,,
0,bench/30gib-2.bin,541,33554432,474.96,,
0,bench/30gib-2.bin,542,33554432,451.45,,
0,bench/30gib-2.bin,543,33554432,521.12,,
0,bench/30gib-2.bin,544,33554432,411.97,,
0,bench/30gib-2.bin,545,33554432,347.12,,
0,bench/30gib-2.bin,546,33554432,378.03,,
0,bench/30gib-2.bin,547,33554432,447.50,,
0,bench/30gib-2.bin,548,33554432,342.15,,
0,bench/30gib-2.bin,549,33554432,435.05,,
0,bench/30gib-2.bin,550,33554432,345.62,,
0,bench/30gib-2.bin,551,33554432,475.17,,
0,bench/30gib-2.bin,552,33554432,476.61,,
0,bench/30gib-2.bin,553,33554432,447.05,,
0,bench/30gib-2.bin,554,33554432,340.64,,
0,bench/30gib-2.bin,555,33554432,406.45,,
0,bench/30gib-2.bin,556,33554432,420.62,,
0,bench/30gib-2.bin,557,33554432,666.26,,
0,bench/30gib-2.bin,558,33554432,461.27,,
0,bench/30gib-2.bin,559,33554432,428.17,,
0,bench/30gib-2.bin,560,33554432,623.65,,
0,bench/30gib-2.bin,561,33554432,457.28,,
0,bench/30gib-2.bin,562,33554432,352.58,,
0,bench/30gib-2.bin,563,33554432,467.79,,
0,bench/30gib-2.bin,564,33554432,439.46,,
0,bench/30gib-2.bin,565,33554432,513.66,,
0,bench/30gib-2.bin,566,33554432,478.71,,
0,bench/30gib-2.bin,567,33554432,447.46,,
0,bench/30gib-2.bin,568,33554432,339.96,,
0,bench/30gib-2.bin,569,33554432,356.22,,
0,bench/30gib-2.bin,570,33554432,405.17,,
0,bench/30gib-2.bin,571,33554432,343.93,,
0,bench/30gib-2.bin,572,33554432,457.75,,
0,bench/30gib-2.bin,573,33554432,368.88,,
0,bench/30gib-2.bin,574,33554432,379.36,,
0,bench/30gib-2.bin,575,33554432,571.09,,
0,bench/30gib-2.bin,576,33554432,482.18,,
0,bench/30gib-2.bin,577,33554432,408.92,,
0,bench/30gib-2.bin,578,33554432,351.81,,
0,bench/30gib-2.bin,579,33554432,459.37,,
0,bench/30gib-2.bin,580,33554432,427.54,,
0,bench/30gib-2.bin,581,33554432,372.23,,
0,bench/30gib-2.bin,582,33554432,346.86,,
0,bench/30gib-2.bin,583,33554432,355.92,,
0,bench/30gib-2.bin,584,33554432,434.89,,
0,bench/30gib-2.bin,585,33554432,671.82,,
0,bench/30gib-2.bin,586,33554432,342.02,,
0,bench/30gib-2.bin,587,33554432,345.32,,
0,bench/30gib-2.bin,588,33554432,359.37,,
0,bench/30gib-2.bin,589,33554432,488.00,,
0,bench/30gib-2.bin,590,33554432,493.30,,
0,bench/30gib-2.bin,591,33554432,341.56,,
0,bench/30gib-2.bin,592,33554432,391.00,,
0,bench/30gib-2.bin,593,33554432,446.28,,
0,bench/30gib-2.bin,594,33554432,553.41,,
0,bench/30gib-2.bin,595,33554432,600.31,,
0,bench/30gib-2.bin,596,33554432,435.28,,
0,bench/30gib-2.bin,597,33554432,546.66,,
0,bench/30gib-2.bin,598,33554432,426.94,,
0,bench/30gib-2.bin,599,33554432,451.65,,
0,bench/30gib-2.bin,600,33554432,534.69,,
0,bench/30gib-2.bin,601,33554432,436.00,,
0,bench/30gib-2.bin,602,33554432,746.11,,
0,bench/30gib-2.bin,603,33554432,441.42,,
0,bench/30gib-2.bin,604,33554432,424.18,,
0,bench/30gib-2.bin,605,33554432,346.85,,
0,bench/30gib-2.bin,606,33554432,345.86,,
0,bench/30gib-2.bin,607,33554432,453.96,,
0,bench/30gib-2.bin,608,33554432,402.92,,
0,bench/30gib-2.bin,609,33554432,408.70,,
0,bench/30gib-2.bin,610,33554432,371.92,,
0,bench/30gib-2.bin,611,33554432,355.00,,
0,bench/30gib-2.bin,612,33554432,537.30,,
0,bench/30gib-2.bin,613,33554432,460.77,,
0,bench/30gib-2.bin,614,33554432,556.18,,
0,bench/30gib-2.bin,615,33554432,406.05,,
0,bench/30gib-2.bin,616,33554432,402.48,,
0,bench/30gib-2.bin,617,33554432,540.83,,
0,bench/30gib-2.bin,618,33554432,523.93,,
0,bench/30gib-2.bin,619,33554432,542.15,,
0,bench/30gib-2.bin,620,33554432,356.47,,
0,bench/30gib-2.bin,621,33554432,354.08,,
0,bench/30gib-2.bin,622,33554432,444.48,,
0,bench/30gib-2.bin,623,33554432,400.99,,
0,bench/30gib-2.bin,624,33554432,395.04,,
0,bench/30gib-2.bin,625,33554432,478.77,,
0,bench/30gib-2.bin,626,33554432,344.24,,
0,bench/30gib-2.bin,627,33554432,350.10,,
0,bench/30gib-2.bin,628,33554432,783.00,,
0,bench/30gib-2.bin,629,33554432,423.47,,
0,bench/30gib-2.bin,630,33554432,383.18,,
0,bench/30gib-2.bin,631,33554432,796.80,,
0,bench/30gib-2.bin,632,33554432,356.30,,
0,bench/30gib-2.bin,633,33554432,349.26,,
0,bench/30gib-2.bin,634,33554432,364.53,,
0,bench/30gib-2.bin,635,33554432,459.49,,
0,bench/30gib-2.bin,636,33554432,346.03,,
0,bench/30gib-2.bin,637,33554432,459.16,,
0,bench/30gib-2.bin,638,33554432,385.71,,
0,bench/30gib-2.bin,639,33554432,427.75,,
0,bench/30gib-2.bin,640,33554432,463.62,,
0,bench/30gib-2.bin,641,33554432,520.64,,
0,bench/30gib-2.bin,642,33554432,415.42,,
0,bench/30gib-2.bin,643,33554432,344.67,,
0,bench/30gib-2.bin,644,33554432,494.68,,
0,bench/30gib-2.bin,645,33554432,427.40,,
0,bench/30gib-2.bin,646,33554432,362.53,,
0,bench/30gib-2.bin,647,33554432,347.08,,
0,bench/30gib-2.bin,648,33554432,368.92,,
0,bench/30gib-2.bin,649,33554432,396.76,,
0,bench/30gib-2.bin,650,33554432,352.14,,
0,bench/30gib-2.bin,651,33554432,354.51,,
0,bench/30gib-2.bin,652,33554432,451.42,,
0,bench/30gib-2.bin,653,33554432,354.42,,
0,bench/30gib-2.bin,654,33554432,342.59,,
0,bench/30gib-2.bin,655,33554432,350.81,,
0,bench/30gib-2.bin,656,33554432,468.53,,
0,bench/30gib-2.bin,657,33554432,487.40,,
0,bench/30gib-2.bin,658,33554432,482.11,,
0,bench/30gib-2.bin,659,33554432,405.59,,
0,bench/30gib-2.bin,660,33554432,400.68,,
0,bench/30gib-2.bin,661,33554432,356.55,,
0,bench/30gib-2.bin,662,33554432,350.85,,
0,bench/30gib-2.bin,663,33554432,354.83,,
0,bench/30gib-2.bin,664,33554432,504.50,,
0,bench/30gib-2.bin,665,33554432,356.73,,
0,bench/30gib-2.bin,666,33554432,346.35,,
0,bench/30gib-2.bin,667,33554432,380.35,,
0,bench/30gib-2.bin,668,33554432,456.82,,
0,bench/30gib-2.bin,669,33554432,351.84,,
0,bench/30gib-2.bin,670,33554432,388.27,,
0,bench/30gib-2.bin,671,33554432,406.85,,
0,bench/30gib-2.bin,672,33554432,342.42,,
0,bench/30gib-2.bin,673,33554432,712.94,,
0,bench/30gib-2.bin,674,33554432,383.88,,
0,bench/30gib-2.bin,675,33554432,406.83,,
0,bench/30gib-2.bin,676,33554432,415.82,,
0,bench/30gib-2.bin,677,33554432,395.66,,
0,bench/30gib-2.bin,678,33554432,593.71,,
0,bench/30gib-2.bin,679,33554432,348.70,,
0,bench/30gib-2.bin,680,33554432,459.76,,
0,bench/30gib-2.bin,681,33554432,355.55,,
0,bench/30gib-2.bin,682,33554432,345.52,,
0,bench/30gib-2.bin,683,33554432,444.37,,
0,bench/30gib-2.bin,684,33554432,343.44,,
0,bench/30gib-2.bin,685,33554432,582.24,,
0,bench/30gib-2.bin,686,33554432,410.39,,
0,bench/30gib-2.bin,687,33554432,520.06,,
0,bench/30gib-2.bin,688,33554432,440.36,,
0,bench/30gib-2.bin,689,33554432,507.81,,
0,bench/30gib-2.bin,690,33554432,355.36,,
0,bench/30gib-2.bin,691,33554432,344.47,,
0,bench/30gib-2.bin,692,33554432,395.81,,
0,bench/30gib-2.bin,693,33554432,363.13,,
0,bench/30gib-2.bin,694,33554432,351.33,,
0,bench/30gib-2.bin,695,33554432,388.52,,
0,bench/30gib-2.bin,696,33554432,353.39,,
0,bench/30gib-2.bin,697,33554432,348.34,,
0,bench/30gib-2.bin,698,33554432,507.29,,
0,bench/30gib-2.bin,699,33554432,446.49,,
0,bench/30gib-2.bin,700,33554432,345.49,,
0,bench/30gib-2.bin,701,33554432,470.54,,
0,bench/30gib-2.bin,702,33554432,447.43,,
0,bench/30gib-2.bin,703,33554432,448.62,,
0,bench/30gib-2.bin,704,33554432,342.74,,
0,bench/30gib-2.bin,705,33554432,666.63,,
0,bench/30gib-2.bin,706,33554432,388.36,,
0,bench/30gib-2.bin,707,33554432,451.41,,
0,bench/30gib-2.bin,708,33554432,481.07,,
0,bench/30gib-2.bin,709,33554432,699.76,,
0,bench/30gib-2.bin,710,33554432,521.75,,
0,bench/30gib-2.bin,711,33554432,422.73,,
0,bench/30gib-2.bin,712,33554432,470.19,,
0,bench/30gib-2.bin,713,33554432,342.65,,
0,bench/30gib-2.bin,714,33554432,447.41,,
0,bench/30gib-2.bin,715,33554432,543.10,,
0,bench/30gib-2.bin,716,33554432,513.37,,
0,bench/30gib-2.bin,717,33554432,531.42,,
0,bench/30gib-2.bin,718,33554432,341.19,,
0,bench/30gib-2.bin,719,33554432,358.74,,
0,bench/30gib-2.bin,720,33554432,564.25,,
0,bench/30gib-2.bin,721,33554432,343.61,,
0,bench/30gib-2.bin,722,33554432,343.97,,
0,bench/30gib-2.bin,723,33554432,471.17,,
0,bench/30gib-2.bin,724,33554432,437.27,,
0,bench/30gib-2.bin,725,33554432,373.82,,
0,bench/30gib-2.bin,726,33554432,451.46,,
0,bench/30gib-2.bin,727,33554432,390.66,,
0,bench/30gib-2.bin,728,33554432,548.02,,
0,bench/30gib-2.bin,729,33554432,423.50,,
0,bench/30gib-2.bin,730,33554432,459.99,,
0,bench/30gib-2.bin,731,33554432,497.00,,
0,bench/30gib-2.bin,732,33554432,388.89,,
0,bench/30gib-2.bin,733,33554432,345.04,,
0,bench/30gib-2.bin,734,33554432,373.86,,
0,bench/30gib-2.bin,735,33554432,474.12,,
0,bench/30gib-2.bin,736,33554432,355.57,,
0,bench/30gib-2.bin,737,33554432,435.31,,
0,bench/30gib-2.bin,738,33554432,424.87,,
0,bench/30gib-2.bin,739,33554432,358.29,,
0,bench/30gib-2.bin,740,33554432,531.67,,
0,bench/30gib-2.bin,741,33554432,341.03,,
0,bench/30gib-2.bin,742,33554432,372.67,,
0,bench/30gib-2.bin,743,33554432,432.26,,
0,bench/30gib-2.bin,744,33554432,460.78,,
0,bench/30gib-2.bin,745,33554432,534.99,,
0,bench/30gib-2.bin,746,33554432,467.55,,
0,bench/30gib-2.bin,747,33554432,439.55,,
0,bench/30gib-2.bin,748,33554432,384.12,,
0,bench/30gib-2.bin,749,33554432,394.06,,
0,bench/30gib-2.bin,750,33554432,361.26,,
0,bench/30gib-2.bin,751,33554432,583.32,,
0,bench/30gib-2.bin,752,33554432,490.39,,
0,bench/30gib-2.bin,753,33554432,406.62,,
0,bench/30gib-2.bin,754,33554432,406.16,,
0,bench/30gib-2.bin,755,33554432,364.79,,
0,bench/30gib-2.bin,756,33554432,391.81,,
0,bench/30gib-2.bin,757,33554432,451.88,,
0,bench/30gib-2.bin,758,33554432,567.01,,
0,bench/30gib-2.bin,759,33554432,455.94,,
0,bench/30gib-2.bin,760,33554432,457.64,,
0,bench/30gib-2.bin,761,33554432,412.73,,
0,bench/30gib-2.bin,762,33554432,364.38,,
0,bench/30gib-2.bin,763,33554432,419.50,,
0,bench/30gib-2.bin,764,33554432,461.89,,
0,bench/30gib-2.bin,765,33554432,424.21,,
0,bench/30gib-2.bin,766,33554432,413.80,,
0,bench/30gib-2.bin,767,33554432,382.61,,
0,bench/30gib-2.bin,768,33554432,346.62,,
0,bench/30gib-2.bin,769,33554432,343.89,,
0,bench/30gib-2.bin,770,33554432,450.04,,
0,bench/30gib-2.bin,771,33554432,492.00,,
0,bench/30gib-2.bin,772,33554432,444.04,,
0,bench/30gib-2.bin,773,33554432,446.00,,
0,bench/30gib-2.bin,774,33554432,341.67,,
0,bench/30gib-2.bin,775,33554432,447.80,,
0,bench/30gib-2.bin,776,33554432,398.75,,
0,bench/30gib-2.bin,777,33554432,510.98,,
0,bench/30gib-2.bin,778,33554432,397.14,,
0,bench/30gib-2.bin,779,33554432,342.04,,
0,bench/30gib-2.bin,780,33554432,370.16,,
0,bench/30gib-2.bin,781,33554432,340.91,,
0,bench/30gib-2.bin,782,33554432,468.95,,
0,bench/30gib-2.bin,783,33554432,346.11,,
0,bench/30gib-2.bin,784,33554432,367.26,,
0,bench/30gib-2.bin,785,33554432,354.92,,
0,bench/30gib-2.bin,786,33554432,386.88,,
0,bench/30gib-2.bin,787,33554432,349.04,,
0,bench/30gib-2.bin,788,33554432,486.10,,
0,bench/30gib-2.bin,789,33554432,413.61,,
0,bench/30gib-2.bin,790,33554432,354.83,,
0,bench/30gib-2.bin,791,33554432,452.26,,
0,bench/30gib-2.bin,792,33554432,342.92,,
0,bench/30gib-2.bin,793,33554432,379.91,,
0,bench/30gib-2.bin,794,33554432,691.33,,
0,bench/30gib-2.bin,795,33554432,565.64,,
0,bench/30gib-2.bin,796,33554432,489.34,,
0,bench/30gib-2.bin,797,33554432,551.38,,
0,bench/30gib-2.bin,798,33554432,353.23,,
0,bench/30gib-2.bin,799,33554432,468.68,,
0,bench/30gib-2.bin,800,33554432,377.83,,
0,bench/30gib-2.bin,801,33554432,457.91,,
0,bench/30gib-2.bin,802,33554432,350.82,,
0,bench/30gib-2.bin,803,33554432,430.24,,
0,bench/30gib-2.bin,804,33554432,375.09,,
0,bench/30gib-2.bin,805,33554432,342.16,,
0,bench/30gib-2.bin,806,33554432,354.53,,
0,bench/30gib-2.bin,807,33554432,495.34,,
0,bench/30gib-2.bin,808,33554432,340.22,,
0,bench/30gib-2.bin,809,33554432,341.40,,
0,bench/30gib-2.bin,810,33554432,342.75,,
0,bench/30gib-2.bin,811,33554432,344.86,,
0,bench/30gib-2.bin,812,33554432,447.62,,
0,bench/30gib-2.bin,813,33554432,482.64,,
0,bench/30gib-2.bin,814,33554432,471.01,,
0,bench/30gib-2.bin,815,33554432,340.59,,
0,bench/30gib-2.bin,816,33554432,553.28,,
0,bench/30gib-2.bin,817,33554432,396.47,,
0,bench/30gib-2.bin,818,33554432,439.84,,
0,bench/30gib-2.bin,819,33554432,395.42,,
0,bench/30gib-2.bin,820,33554432,411.11,,
0,bench/30gib-2.bin,821,33554432,444.23,,
0,bench/30gib-2.bin,822,33554432,454.78,,
0,bench/30gib-2.bin,823,33554432,341.54,,
0,bench/30gib-2.bin,824,33554432,372.25,,
0,bench/30gib-2.bin,825,33554432,371.28,,
0,bench/30gib-2.bin,826,33554432,459.76,,
0,bench/30gib-2.bin,827,33554432,357.14,,
0,bench/30gib-2.bin,828,33554432,437.04,,
0,bench/30gib-2.bin,829,33554432,350.59,,
0,bench/30gib-2.bin,830,33554432,344.78,,
0,bench/30gib-2.bin,831,33554432,407.02,,
0,bench/30gib-2.bin,832,33554432,515.71,,
0,bench/30gib-2.bin,833,33554432,345.89,,
0,bench/30gib-2.bin,834,33554432,356.34,,
0,bench/30gib-2.bin,835,33554432,364.45,,
0,bench/30gib-2.bin,836,33554432,413.15,,
0,bench/30gib-2.bin,837,33554432,498.24,,
0,bench/30gib-2.bin,838,33554432,342.08,,
0,bench/30gib-2.bin,839,33554432,408.08,,
0,bench/30gib-2.bin,840,33554432,451.28,,
0,bench/30gib-2.bin,841,33554432,402.21,,
0,bench/30gib-2.bin,842,33554432,384.71,,
0,bench/30gib-2.bin,843,33554432,435.32,,
0,bench/30gib-2.bin,844,33554432,381.21,,
0,bench/30gib-2.bin,845,33554432,491.37,,
0,bench/30gib-2.bin,846,33554432,344.08,,
0,bench/30gib-2.bin,847,33554432,354.35,,
0,bench/30gib-2.bin,848,33554432,379.05,,
0,bench/30gib-2.bin,849,33554432,341.18,,
0,bench/30gib-2.bin,850,33554432,345.49,,
0,bench/30gib-2.bin,851,33554432,419.29,,
0,bench/30gib-2.bin,852,33554432,666.07,,
0,bench/30gib-2.bin,853,33554432,491.03,,
0,bench/30gib-2.bin,854,33554432,456.31,,
0,bench/30gib-2.bin,855,33554432,358.07,,
0,bench/30gib-2.bin,856,33554432,364.63,,
0,bench/30gib-2.bin,857,33554432,464.41,,
0,bench/30gib-2.bin,858,33554432,679.42,,
0,bench/30gib-2.bin,859,33554432,571.93,,
0,bench/30gib-2.bin,860,33554432,421.09,,
0,bench/30gib-2.bin,861,33554432,470.30,,
0,bench/30gib-2.bin,862,33554432,841.61,,
0,bench/30gib-2.bin,863,33554432,347.86,,
0,bench/30gib-2.bin,864,33554432,588.23,,
0,bench/30gib-2.bin,865,33554432,401.61,,
0,bench/30gib-2.bin,866,33554432,408.32,,
0,bench/30gib-2.bin,867,33554432,472.71,,
0,bench/30gib-2.bin,868,33554432,451.55,,
0,bench/30gib-2.bin,869,33554432,479.26,,
0,bench/30gib-2.bin,870,33554432,449.46,,
0,bench/30gib-2.bin,871,33554432,351.20,,
0,bench/30gib-2.bin,872,33554432,430.01,,
0,bench/30gib-2.bin,873,33554432,561.02,,
0,bench/30gib-2.bin,874,33554432,414.38,,
0,bench/30gib-2.bin,875,33554432,429.08,,
0,bench/30gib-2.bin,876,33554432,366.19,,
0,bench/30gib-2.bin,877,33554432,853.87,,
0,bench/30gib-2.bin,878,33554432,341.90,,
0,bench/30gib-2.bin,879,33554432,385.40,,
0,bench/30gib-2.bin,880,33554432,344.63,,
0,bench/30gib-2.bin,881,33554432,362.21,,
0,bench/30gib-2.bin,882,33554432,425.57,,
0,bench/30gib-2.bin,883,33554432,433.16,,
0,bench/30gib-2.bin,884,33554432,361.80,,
0,bench/30gib-2.bin,885,33554432,395.90,,
0,bench/30gib-2.bin,886,33554432,342.85,,
0,bench/30gib-2.bin,887,33554432,423.76,,
0,bench/30gib-2.bin,888,33554432,489.53,,
0,bench/30gib-2.bin,889,33554432,345.47,,
0,bench/30gib-2.bin,890,33554432,576.79,,
0,bench/30gib-2.bin,891,33554432,412.69,,
0,bench/30gib-2.bin,892,33554432,344.42,,
0,bench/30gib-2.bin,893,33554432,601.78,,
0,bench/30gib-2.bin,894,33554432,430.56,,
0,bench/30gib-2.bin,895,33554432,426.80,,
0,bench/30gib-2.bin,896,33554432,463.75,,
0,bench/30gib-2.bin,897,33554432,369.80,,
0,bench/30gib-2.bin,898,33554432,342.34,,
0,bench/30gib-2.bin,899,33554432,463.50,,
0,bench/30gib-2.bin,900,33554432,468.33,,
0,bench/30gib-2.bin,901,33554432,368.93,,
0,bench/30gib-2.bin,902,33554432,359.09,,
0,bench/30gib-2.bin,903,33554432,907.86,,
0,bench/30gib-2.bin,904,33554432,377.51,,
0,bench/30gib-2.bin,905,33554432,369.12,,
0,bench/30gib-2.bin,906,33554432,714.33,,
0,bench/30gib-2.bin,907,33554432,541.83,,
0,bench/30gib-2.bin,908,33554432,407.43,,
0,bench/30gib-2.bin,909,33554432,341.80,,
0,bench/30gib-2.bin,910,33554432,341.97,,
0,bench/30gib-2.bin,911,33554432,340.86,,
0,bench/30gib-2.bin,912,33554432,369.21,,
0,bench/30gib-2.bin,913,33554432,365.21,,
0,bench/30gib-2.bin,914,33554432,529.11,,
0,bench/30gib-2.bin,915,33554432,343.37,,
0,bench/30gib-2.bin,916,33554432,1138.07,,
0,bench/30gib-2.bin,917,33554432,474.18,,
0,bench/30gib-2.bin,918,33554432,543.41,,
0,bench/30gib-2.bin,919,33554432,343.27,,
0,bench/30gib-2.bin,920,33554432,347.47,,
0,bench/30gib-2.bin,921,33554432,603.69,,
0,bench/30gib-2.bin,922,33554432,347.25,,
0,bench/30gib-2.bin,923,33554432,462.29,,
0,bench/30gib-2.bin,924,33554432,462.06,,
0,bench/30gib-2.bin,925,33554432,429.48,,
0,bench/30gib-2.bin,926,33554432,472.85,,
0,bench/30gib-2.bin,927,33554432,442.29,,
0,bench/30gib-2.bin,928,33554432,913.12,,
0,bench/30gib-2.bin,929,33554432,399.84,,
0,bench/30gib-2.bin,930,33554432,504.91,,
0,bench/30gib-2.bin,931,33554432,346.23,,
0,bench/30gib-2.bin,932,33554432,510.91,,
0,bench/30gib-2.bin,933,33554432,346.43,,
0,bench/30gib-2.bin,934,33554432,460.00,,
0,bench/30gib-2.bin,935,33554432,374.67,,
0,bench/30gib-2.bin,936,33554432,356.20,,
0,bench/30gib-2.bin,937,33554432,344.63,,
0,bench/30gib-2.bin,938,33554432,467.94,,
0,bench/30gib-2.bin,939,33554432,374.42,,
0,bench/30gib-2.bin,940,33554432,556.18,,
0,bench/30gib-2.bin,941,33554432,407.16,,
0,bench/30gib-2.bin,942,33554432,355.77,,
0,bench/30gib-2.bin,943,33554432,352.10,,
0,bench/30gib-2.bin,944,33554432,349.18,,
0,bench/30gib-2.bin,945,33554432,340.66,,
0,bench/30gib-2.bin,946,33554432,365.42,,
0,bench/30gib-2.bin,947,33554432,399.85,,
0,bench/30gib-2.bin,948,33554432,344.58,,
0,bench/30gib-2.bin,949,33554432,432.20,,
0,bench/30gib-2.bin,950,33554432,380.76,,
0,bench/30gib-2.bin,951,33554432,362.48,,
0,bench/30gib-2.bin,952,33554432,340.71,,
0,bench/30gib-2.bin,953,33554432,452.81,,
0,bench/30gib-2.bin,954,33554432,341.64,,
0,bench/30gib-2.bin,955,33554432,381.52,,
0,bench/30gib-2.bin,956,33554432,489.50,,
0,bench/30gib-2.bin,957,33554432,349.80,,
0,bench/30gib-2.bin,958,33554432,341.49,,
0,bench/30gib-2.bin,959,33554432,340.30,,
0,bench/30gib-2.bin,960,33554432,339.99,,
0,bench/30gib-3.bin,1,33554432,930.72,,
0,bench/30gib-3.bin,2,33554432,1805.91,,
0,bench/30gib-3.bin,3,33554432,888.80,,
0,bench/30gib-3.bin,4,33554432,1796.77,,
0,bench/30gib-3.bin,5,33554432,1675.99,,
0,bench/30gib-3.bin,6,33554432,760.53,,
0,bench/30gib-3.bin,7,33554432,1514.49,,
0,bench/30gib-3.bin,8,33554432,2094.58,,
0,bench/30gib-3.bin,9,33554432,1900.71,,
0,bench/30gib-3.bin,10,33554432,1471.25,,
0,bench/30gib-3.bin,11,33554432,1899.31,,
0,bench/30gib-3.bin,12,33554432,1193.14,,
0,bench/30gib-3.bin,13,33554432,1426.07,,
0,bench/30gib-3.bin,14,33554432,1288.67,,
0,bench/30gib-3.bin,15,33554432,1452.26,,
0,bench/30gib-3.bin,16,33554432,1291.08,,
0,bench/30gib-3.bin,17,33554432,2195.57,,
0,bench/30gib-3.bin,18,33554432,1886.11,,
0,bench/30gib-3.bin,19,33554432,1241.70,,
0,bench/30gib-3.bin,20,33554432,1493.09,,
0,bench/30gib-3.bin,21,33554432,1475.72,,
0,bench/30gib-3.bin,22,33554432,1517.56,,
0,bench/30gib-3.bin,23,33554432,1679.19,,
0,bench/30gib-3.bin,24,33554432,1723.41,,
0,bench/30gib-3.bin,25,33554432,754.07,,
0,bench/30gib-3.bin,26,33554432,608.40,,
0,bench/30gib-3.bin,27,33554432,1022.58,,
0,bench/30gib-3.bin,28,33554432,724.10,,
0,bench/30gib-3.bin,29,33554432,729.08,,
0,bench/30gib-3.bin,30,33554432,578.35,,
0,bench/30gib-3.bin,31,33554432,1199.33,,
0,bench/30gib-3.bin,32,33554432,563.59,,
0,bench/30gib-3.bin,33,33554432,814.27,,
0,bench/30gib-3.bin,34,33554432,696.80,,
0,bench/30gib-3.bin,35,33554432,744.08,,
0,bench/30gib-3.bin,36,33554432,438.03,,
0,bench/30gib-3.bin,37,33554432,911.95,,
0,bench/30gib-3.bin,38,33554432,831.44,,
0,bench/30gib-3.bin,39,33554432,468.78,,
0,bench/30gib-3.bin,40,33554432,742.38,,
0,bench/30gib-3.bin,41,33554432,835.53,,
0,bench/30gib-3.bin,42,33554432,678.28,,
0,bench/30gib-3.bin,43,33554432,1134.40,,
0,bench/30gib-3.bin,44,33554432,369.62,,
0,bench/30gib-3.bin,45,33554432,421.01,,
0,bench/30gib-3.bin,46,33554432,443.70,,
0,bench/30gib-3.bin,47,33554432,1162.17,,
0,bench/30gib-3.bin,48,33554432,619.24,,
0,bench/30gib-3.bin,49,33554432,803.64,,
0,bench/30gib-3.bin,50,33554432,696.85,,
0,bench/30gib-3.bin,51,33554432,690.28,,
0,bench/30gib-3.bin,52,33554432,496.84,,
0,bench/30gib-3.bin,53,33554432,584.33,,
0,bench/30gib-3.bin,54,33554432,362.78,,
0,bench/30gib-3.bin,55,33554432,457.99,,
0,bench/30gib-3.bin,56,33554432,354.20,,
0,bench/30gib-3.bin,57,33554432,509.07,,
0,bench/30gib-3.bin,58,33554432,572.45,,
0,bench/30gib-3.bin,59,33554432,459.73,,
0,bench/30gib-3.bin,60,33554432,382.95,,
0,bench/30gib-3.bin,61,33554432,520.29,,
0,bench/30gib-3.bin,62,33554432,496.78,,
0,bench/30gib-3.bin,63,33554432,507.44,,
0,bench/30gib-3.bin,64,33554432,493.45,,
0,bench/30gib-3.bin,65,33554432,458.73,,
0,bench/30gib-3.bin,66,33554432,541.02,,
0,bench/30gib-3.bin,67,33554432,374.11,,
0,bench/30gib-3.bin,68,33554432,512.87,,
0,bench/30gib-3.bin,69,33554432,486.13,,
0,bench/30gib-3.bin,70,33554432,672.01,,
0,bench/30gib-3.bin,71,33554432,617.00,,
0,bench/30gib-3.bin,72,33554432,425.78,,
0,bench/30gib-3.bin,73,33554432,593.47,,
0,bench/30gib-3.bin,74,33554432,436.26,,
0,bench/30gib-3.bin,75,33554432,553.30,,
0,bench/30gib-3.bin,76,33554432,362.40,,
0,bench/30gib-3.bin,77,33554432,627.85,,
0,bench/30gib-3.bin,78,33554432,393.13,,
0,bench/30gib-3.bin,79,33554432,535.98,,
0,bench/30gib-3.bin,80,33554432,485.07,,
0,bench/30gib-3.bin,81,33554432,597.83,,
0,bench/30gib-3.bin,82,33554432,343.23,,
0,bench/30gib-3.bin,83,33554432,424.63,,
0,bench/30gib-3.bin,84,33554432,563.68,,
0,bench/30gib-3.bin,85,33554432,468.51,,
0,bench/30gib-3.bin,86,33554432,341.64,,
0,bench/30gib-3.bin,87,33554432,465.57,,
0,bench/30gib-3.bin,88,33554432,406.80,,
0,bench/30gib-3.bin,89,33554432,408.02,,
0,bench/30gib-3.bin,90,33554432,400.96,,
0,bench/30gib-3.bin,91,33554432,381.74,,
0,bench/30gib-3.bin,92,33554432,467.70,,
0,bench/30gib-3.bin,93,33554432,451.00,,
0,bench/30gib-3.bin,94,33554432,346.43,,
0,bench/30gib-3.bin,95,33554432,426.35,,
0,bench/30gib-3.bin,96,33554432,507.98,,
0,bench/30gib-3.bin,97,33554432,439.84,,
0,bench/30gib-3.bin,98,33554432,348.42,,
0,bench/30gib-3.bin,99,33554432,436.18,,
0,bench/30gib-3.bin,100,33554432,366.31,,
0,bench/30gib-3.bin,101,33554432,448.52,,
0,bench/30gib-3.bin,102,33554432,428.69,,
0,bench/30gib-3.bin,103,33554432,458.27,,
0,bench/30gib-3.bin,104,33554432,408.59,,
0,bench/30gib-3.bin,105,33554432,479.27,,
0,bench/30gib-3.bin,106,33554432,456.89,,
0,bench/30gib-3.bin,107,33554432,458.00,,
0,bench/30gib-3.bin,108,33554432,414.16,,
0,bench/30gib-3.bin,109,33554432,381.26,,
0,bench/30gib-3.bin,110,33554432,374.82,,
0,bench/30gib-3.bin,111,33554432,472.15,,
0,bench/30gib-3.bin,112,33554432,382.81,,
0,bench/30gib-3.bin,113,33554432,528.63,,
0,bench/30gib-3.bin,114,33554432,560.47,,
0,bench/30gib-3.bin,115,33554432,352.40,,
0,bench/30gib-3.bin,116,33554432,375.16,,
0,bench/30gib-3.bin,117,33554432,486.92,,
0,bench/30gib-3.bin,118,33554432,478.30,,
0,bench/30gib-3.bin,119,33554432,360.56,,
0,bench/30gib-3.bin,120,33554432,413.68,,
0,bench/30gib-3.bin,121,33554432,635.82,,
0,bench/30gib-3.bin,122,33554432,342.22,,
0,bench/30gib-3.bin,123,33554432,373.04,,
0,bench/30gib-3.bin,124,33554432,360.56,,
0,bench/30gib-3.bin,125,33554432,428.05,,
0,bench/30gib-3.bin,126,33554432,353.48,,
0,bench/30gib-3.bin,127,33554432,522.16,,
0,bench/30gib-3.bin,128,33554432,719.62,,
0,bench/30gib-3.bin,129,33554432,397.32,,
0,bench/30gib-3.bin,130,33554432,368.04,,
0,bench/30gib-3.bin,131,33554432,532.75,,
0,bench/30gib-3.bin,132,33554432,340.84,,
0,bench/30gib-3.bin,133,33554432,356.01,,
0,bench/30gib-3.bin,134,33554432,491.55,,
0,bench/30gib-3.bin,135,33554432,344.86,,
0,bench/30gib-3.bin,136,33554432,343.26,,
0,bench/30gib-3.bin,137,33554432,548.15,,
0,bench/30gib-3.bin,138,33554432,446.59,,
0,bench/30gib-3.bin,139,33554432,343.67,,
0,bench/30gib-3.bin,140,33554432,407.41,,
0,bench/30gib-3.bin,141,33554432,484.38,,
0,bench/30gib-3.bin,142,33554432,378.83,,
0,bench/30gib-3.bin,143,33554432,381.01,,
0,bench/30gib-3.bin,144,33554432,407.29,,
0,bench/30gib-3.bin,145,33554432,346.63,,
0,bench/30gib-3.bin,146,33554432,344.28,,
0,bench/30gib-3.bin,147,33554432,568.54,,
0,bench/30gib-3.bin,148,33554432,478.63,,
0,bench/30gib-3.bin,149,33554432,421.35,,
0,bench/30gib-3.bin,150,33554432,346.92,,
0,bench/30gib-3.bin,151,33554432,399.86,,
0,bench/30gib-3.bin,152,33554432,471.34,,
0,bench/30gib-3.bin,153,33554432,1059.16,,
0,bench/30gib-3.bin,154,33554432,360.06,,
0,bench/30gib-3.bin,155,33554432,431.99,,
0,bench/30gib-3.bin,156,33554432,592.50,,
0,bench/30gib-3.bin,157,33554432,383.65,,
0,bench/30gib-3.bin,158,33554432,343.78,,
0,bench/30gib-3.bin,159,33554432,357.81,,
0,bench/30gib-3.bin,160,33554432,865.32,,
0,bench/30gib-3.bin,161,33554432,431.07,,
0,bench/30gib-3.bin,162,33554432,360.02,,
0,bench/30gib-3.bin,163,33554432,398.44,,
0,bench/30gib-3.bin,164,33554432,603.07,,
0,bench/30gib-3.bin,165,33554432,476.11,,
0,bench/30gib-3.bin,166,33554432,591.46,,
0,bench/30gib-3.bin,167,33554432,464.62,,
0,bench/30gib-3.bin,168,33554432,357.90,,
0,bench/30gib-3.bin,169,33554432,493.24,,
0,bench/30gib-3.bin,170,33554432,608.18,,
0,bench/30gib-3.bin,171,33554432,344.38,,
0,bench/30gib-3.bin,172,33554432,442.12,,
0,bench/30gib-3.bin,173,33554432,346.14,,
0,bench/30gib-3.bin,174,33554432,349.91,,
0,bench/30gib-3.bin,175,33554432,347.43,,
0,bench/30gib-3.bin,176,33554432,343.69,,
0,bench/30gib-3.bin,177,33554432,410.41,,
0,bench/30gib-3.bin,178,33554432,429.09,,
0,bench/30gib-3.bin,179,33554432,355.27,,
0,bench/30gib-3.bin,180,33554432,430.52,,
0,bench/30gib-3.bin,181,33554432,350.06,,
0,bench/30gib-3.bin,182,33554432,420.60,,
0,bench/30gib-3.bin,183,33554432,410.18,,
0,bench/30gib-3.bin,184,33554432,403.51,,
0,bench/30gib-3.bin,185,33554432,368.28,,
0,bench/30gib-3.bin,186,33554432,341.48,,
0,bench/30gib-3.bin,187,33554432,343.67,,
0,bench/30gib-3.bin,188,33554432,346.59,,
0,bench/30gib-3.bin,189,33554432,354.63,,
0,bench/30gib-3.bin,190,33554432,473.37,,
0,bench/30gib-3.bin,191,33554432,355.98,,
0,bench/30gib-3.bin,192,33554432,401.95,,
0,bench/30gib-3.bin,193,33554432,420.27,,
0,bench/30gib-3.bin,194,33554432,428.97,,
0,bench/30gib-3.bin,195,33554432,555.25,,
0,bench/30gib-3.bin,196,33554432,585.57,,
0,bench/30gib-3.bin,197,33554432,501.54,,
0,bench/30gib-3.bin,198,33554432,350.19,,
0,bench/30gib-3.bin,199,33554432,407.72,,
0,bench/30gib-3.bin,200,33554432,394.22,,
0,bench/30gib-3.bin,201,33554432,342.09,,
0,bench/30gib-3.bin,202,33554432,343.14,,
0,bench/30gib-3.bin,203,33554432,341.60,,
0,bench/30gib-3.bin,204,33554432,343.94,,
0,bench/30gib-3.bin,205,33554432,721.60,,
0,bench/30gib-3.bin,206,33554432,911.20,,
0,bench/30gib-3.bin,207,33554432,477.26,,
0,bench/30gib-3.bin,208,33554432,348.36,,
0,bench/30gib-3.bin,209,33554432,343.76,,
0,bench/30gib-3.bin,210,33554432,400.46,,
0,bench/30gib-3.bin,211,33554432,500.29,,
0,bench/30gib-3.bin,212,33554432,456.37,,
0,bench/30gib-3.bin,213,33554432,426.77,,
0,bench/30gib-3.bin,214,33554432,541.14,,
0,bench/30gib-3.bin,215,33554432,387.40,,
0,bench/30gib-3.bin,216,33554432,523.01,,
0,bench/30gib-3.bin,217,33554432,471.93,,
0,bench/30gib-3.bin,218,33554432,516.36,,
0,bench/30gib-3.bin,219,33554432,442.08,,
0,bench/30gib-3.bin,220,33554432,423.44,,
0,bench/30gib-3.bin,221,33554432,344.41,,
0,bench/30gib-3.bin,222,33554432,357.51,,
0,bench/30gib-3.bin,223,33554432,382.86,,
0,bench/30gib-3.bin,224,33554432,543.50,,
0,bench/30gib-3.bin,225,33554432,357.86,,
0,bench/30gib-3.bin,226,33554432,386.93,,
0,bench/30gib-3.bin,227,33554432,344.37,,
0,bench/30gib-3.bin,228,33554432,345.49,,
0,bench/30gib-3.bin,229,33554432,366.12,,
0,bench/30gib-3.bin,230,33554432,394.34,,
0,bench/30gib-3.bin,231,33554432,438.61,,
0,bench/30gib-3.bin,232,33554432,419.10,,
0,bench/30gib-3.bin,233,33554432,417.96,,
0,bench/30gib-3.bin,234,33554432,401.55,,
0,bench/30gib-3.bin,235,33554432,392.85,,
0,bench/30gib-3.bin,236,33554432,344.36,,
0,bench/30gib-3.bin,237,33554432,540.97,,
0,bench/30gib-3.bin,238,33554432,396.08,,
0,bench/30gib-3.bin,239,33554432,341.31,,
0,bench/30gib-3.bin,240,33554432,407.42,,
0,bench/30gib-3.bin,241,33554432,435.75,,
0,bench/30gib-3.bin,242,33554432,356.13,,
0,bench/30gib-3.bin,243,33554432,350.87,,
0,bench/30gib-3.bin,244,33554432,410.49,,
0,bench/30gib-3.bin,245,33554432,483.30,,
0,bench/30gib-3.bin,246,33554432,363.81,,
0,bench/30gib-3.bin,247,33554432,362.22,,
0,bench/30gib-3.bin,248,33554432,345.26,,
0,bench/30gib-3.bin,249,33554432,380.14,,
0,bench/30gib-3.bin,250,33554432,470.49,,
0,bench/30gib-3.bin,251,33554432,353.50,,
0,bench/30gib-3.bin,252,33554432,477.10,,
0,bench/30gib-3.bin,253,33554432,357.57,,
0,bench/30gib-3.bin,254,33554432,660.00,,
0,bench/30gib-3.bin,255,33554432,350.50,,
0,bench/30gib-3.bin,256,33554432,480.50,,
0,bench/30gib-3.bin,257,33554432,380.80,,
0,bench/30gib-3.bin,258,33554432,581.65,,
0,bench/30gib-3.bin,259,33554432,351.64,,
0,bench/30gib-3.bin,260,33554432,431.52,,
0,bench/30gib-3.bin,261,33554432,432.42,,
0,bench/30gib-3.bin,262,33554432,473.88,,
0,bench/30gib-3.bin,263,33554432,359.79,,
0,bench/30gib-3.bin,264,33554432,546.63,,
0,bench/30gib-3.bin,265,33554432,428.98,,
0,bench/30gib-3.bin,266,33554432,353.82,,
0,bench/30gib-3.bin,267,33554432,499.09,,
0,bench/30gib-3.bin,268,33554432,485.87,,
0,bench/30gib-3.bin,269,33554432,362.69,,
0,bench/30gib-3.bin,270,33554432,432.91,,
0,bench/30gib-3.bin,271,33554432,348.72,,
0,bench/30gib-3.bin,272,33554432,343.43,,
0,bench/30gib-3.bin,273,33554432,370.36,,
0,bench/30gib-3.bin,274,33554432,429.29,,
0,bench/30gib-3.bin,275,33554432,417.45,,
0,bench/30gib-3.bin,276,33554432,447.90,,
0,bench/30gib-3.bin,277,33554432,392.12,,
0,bench/30gib-3.bin,278,33554432,422.90,,
0,bench/30gib-3.bin,279,33554432,407.28,,
0,bench/30gib-3.bin,280,33554432,389.49,,
0,bench/30gib-3.bin,281,33554432,368.18,,
0,bench/30gib-3.bin,282,33554432,340.59,,
0,bench/30gib-3.bin,283,33554432,355.20,,
0,bench/30gib-3.bin,284,33554432,538.06,,
0,bench/30gib-3.bin,285,33554432,406.46,,
0,bench/30gib-3.bin,286,33554432,427.32,,
0,bench/30gib-3.bin,287,33554432,501.65,,
0,bench/30gib-3.bin,288,33554432,354.52,,
0,bench/30gib-3.bin,289,33554432,450.11,,
0,bench/30gib-3.bin,290,33554432,443.36,,
0,bench/30gib-3.bin,291,33554432,406.33,,
0,bench/30gib-3.bin,292,33554432,476.18,,
0,bench/30gib-3.bin,293,33554432,428.35,,
0,bench/30gib-3.bin,294,33554432,404.58,,
0,bench/30gib-3.bin,295,33554432,563.03,,
0,bench/30gib-3.bin,296,33554432,391.01,,
0,bench/30gib-3.bin,297,33554432,352.33,,
0,bench/30gib-3.bin,298,33554432,389.29,,
0,bench/30gib-3.bin,299,33554432,344.02,,
0,bench/30gib-3.bin,300,33554432,541.77,,
0,bench/30gib-3.bin,301,33554432,515.31,,
0,bench/30gib-3.bin,302,33554432,393.76,,
0,bench/30gib-3.bin,303,33554432,348.81,,
0,bench/30gib-3.bin,304,33554432,868.64,,
0,bench/30gib-3.bin,305,33554432,512.32,,
0,bench/30gib-3.bin,306,33554432,393.94,,
0,bench/30gib-3.bin,307,33554432,506.58,,
0,bench/30gib-3.bin,308,33554432,352.26,,
0,bench/30gib-3.bin,309,33554432,347.68,,
0,bench/30gib-3.bin,310,33554432,365.79,,
0,bench/30gib-3.bin,311,33554432,375.06,,
0,bench/30gib-3.bin,312,33554432,346.86,,
0,bench/30gib-3.bin,313,33554432,523.39,,
0,bench/30gib-3.bin,314,33554432,352.06,,
0,bench/30gib-3.bin,315,33554432,356.73,,
0,bench/30gib-3.bin,316,33554432,575.41,,
0,bench/30gib-3.bin,317,33554432,341.55,,
0,bench/30gib-3.bin,318,33554432,344.78,,
0,bench/30gib-3.bin,319,33554432,352.56,,
0,bench/30gib-3.bin,320,33554432,428.66,,
0,bench/30gib-3.bin,321,33554432,464.77,,
0,bench/30gib-3.bin,322,33554432,410.36,,
0,bench/30gib-3.bin,323,33554432,361.34,,
0,bench/30gib-3.bin,324,33554432,405.43,,
0,bench/30gib-3.bin,325,33554432,379.27,,
0,bench/30gib-3.bin,326,33554432,495.27,,
0,bench/30gib-3.bin,327,33554432,404.78,,
0,bench/30gib-3.bin,328,33554432,374.28,,
0,bench/30gib-3.bin,329,33554432,343.63,,
0,bench/30gib-3.bin,330,33554432,806.81,,
0,bench/30gib-3.bin,331,33554432,453.21,,
0,bench/30gib-3.bin,332,33554432,481.61,,
0,bench/30gib-3.bin,333,33554432,775.89,,
0,bench/30gib-3.bin,334,33554432,356.20,,
0,bench/30gib-3.bin,335,33554432,344.15,,
0,bench/30gib-3.bin,336,33554432,358.07,,
0,bench/30gib-3.bin,337,33554432,1544.81,,
0,bench/30gib-3.bin,338,33554432,343.43,,
0,bench/30gib-3.bin,339,33554432,381.42,,
0,bench/30gib-3.bin,340,33554432,482.90,,
0,bench/30gib-3.bin,341,33554432,399.08,,
0,bench/30gib-3.bin,342,33554432,350.89,,
0,bench/30gib-3.bin,343,33554432,441.52,,
0,bench/30gib-3.bin,344,33554432,342.29,,
0,bench/30gib-3.bin,345,33554432,344.31,,
0,bench/30gib-3.bin,346,33554432,356.80,,
0,bench/30gib-3.bin,347,33554432,467.18,,
0,bench/30gib-3.bin,348,33554432,548.89,,
0,bench/30gib-3.bin,349,33554432,529.06,,
0,bench/30gib-3.bin,350,33554432,578.49,,
0,bench/30gib-3.bin,351,33554432,469.31,,
0,bench/30gib-3.bin,352,33554432,347.33,,
0,bench/30gib-3.bin,353,33554432,441.48,,
0,bench/30gib-3.bin,354,33554432,420.86,,
0,bench/30gib-3.bin,355,33554432,668.41,,
0,bench/30gib-3.bin,356,33554432,470.51,,
0,bench/30gib-3.bin,357,33554432,341.34,,
0,bench/30gib-3.bin,358,33554432,410.16,,
0,bench/30gib-3.bin,359,33554432,574.97,,
0,bench/30gib-3.bin,360,33554432,464.00,,
0,bench/30gib-3.bin,361,33554432,366.76,,
0,bench/30gib-3.bin,362,33554432,343.61,,
0,bench/30gib-3.bin,363,33554432,358.46,,
0,bench/30gib-3.bin,364,33554432,383.36,,
0,bench/30gib-3.bin,365,33554432,423.37,,
0,bench/30gib-3.bin,366,33554432,358.51,,
0,bench/30gib-3.bin,367,33554432,396.97,,
0,bench/30gib-3.bin,368,33554432,342.32,,
0,bench/30gib-3.bin,369,33554432,495.77,,
0,bench/30gib-3.bin,370,33554432,421.97,,
0,bench/30gib-3.bin,371,33554432,359.05,,
0,bench/30gib-3.bin,372,33554432,419.73,,
0,bench/30gib-3.bin,373,33554432,404.57,,
0,bench/30gib-3.bin,374,33554432,450.36,,
0,bench/30gib-3.bin,375,33554432,346.05,,
0,bench/30gib-3.bin,376,33554432,385.63,,
0,bench/30gib-3.bin,377,33554432,989.76,,
0,bench/30gib-3.bin,378,33554432,618.44,,
0,bench/30gib-3.bin,379,33554432,340.62,,
0,bench/30gib-3.bin,380,33554432,378.03,,
0,bench/30gib-3.bin,381,33554432,348.06,,
0,bench/30gib-3.bin,382,33554432,416.88,,
0,bench/30gib-3.bin,383,33554432,444.68,,
0,bench/30gib-3.bin,384,33554432,389.11,,
0,bench/30gib-3.bin,385,33554432,353.64,,
0,bench/30gib-3.bin,386,33554432,481.61,,
0,bench/30gib-3.bin,387,33554432,463.01,,
0,bench/30gib-3.bin,388,33554432,405.01,,
0,bench/30gib-3.bin,389,33554432,443.31,,
0,bench/30gib-3.bin,390,33554432,347.66,,
0,bench/30gib-3.bin,391,33554432,766.76,,
0,bench/30gib-3.bin,392,33554432,379.04,,
0,bench/30gib-3.bin,393,33554432,468.87,,
0,bench/30gib-3.bin,394,33554432,488.89,,
0,bench/30gib-3.bin,395,33554432,609.31,,
0,bench/30gib-3.bin,396,33554432,418.37,,
0,bench/30gib-3.bin,397,33554432,354.56,,
0,bench/30gib-3.bin,398,33554432,342.76,,
0,bench/30gib-3.bin,399,33554432,340.85,,
0,bench/30gib-3.bin,400,33554432,383.47,,
0,bench/30gib-3.bin,401,33554432,361.21,,
0,bench/30gib-3.bin,402,33554432,428.99,,
0,bench/30gib-3.bin,403,33554432,454.23,,
0,bench/30gib-3.bin,404,33554432,342.82,,
0,bench/30gib-3.bin,405,33554432,441.33,,
0,bench/30gib-3.bin,406,33554432,454.61,,
0,bench/30gib-3.bin,407,33554432,352.02,,
0,bench/30gib-3.bin,408,33554432,429.06,,
0,bench/30gib-3.bin,409,33554432,343.23,,
0,bench/30gib-3.bin,410,33554432,463.98,,
0,bench/30gib-3.bin,411,33554432,341.35,,
0,bench/30gib-3.bin,412,33554432,449.17,,
0,bench/30gib-3.bin,413,33554432,345.72,,
0,bench/30gib-3.bin,414,33554432,382.20,,
0,bench/30gib-3.bin,415,33554432,412.58,,
0,bench/30gib-3.bin,416,33554432,341.82,,
0,bench/30gib-3.bin,417,33554432,341.73,,
0,bench/30gib-3.bin,418,33554432,397.36,,
0,bench/30gib-3.bin,419,33554432,357.95,,
0,bench/30gib-3.bin,420,33554432,401.38,,
0,bench/30gib-3.bin,421,33554432,369.86,,
0,bench/30gib-3.bin,422,33554432,352.64,,
0,bench/30gib-3.bin,423,33554432,407.52,,
0,bench/30gib-3.bin,424,33554432,364.19,,
0,bench/30gib-3.bin,425,33554432,348.02,,
0,bench/30gib-3.bin,426,33554432,498.94,,
0,bench/30gib-3.bin,427,33554432,388.35,,
0,bench/30gib-3.bin,428,33554432,377.51,,
0,bench/30gib-3.bin,429,33554432,388.71,,
0,bench/30gib-3.bin,430,33554432,343.89,,
0,bench/30gib-3.bin,431,33554432,491.05,,
0,bench/30gib-3.bin,432,33554432,342.04,,
0,bench/30gib-3.bin,433,33554432,361.85,,
0,bench/30gib-3.bin,434,33554432,538.91,,
0,bench/30gib-3.bin,435,33554432,1160.17,,
0,bench/30gib-3.bin,436,33554432,458.74,,
0,bench/30gib-3.bin,437,33554432,416.31,,
0,bench/30gib-3.bin,438,33554432,415.98,,
0,bench/30gib-3.bin,439,33554432,406.95,,
0,bench/30gib-3.bin,440,33554432,354.29,,
0,bench/30gib-3.bin,441,33554432,478.34,,
0,bench/30gib-3.bin,442,33554432,348.87,,
0,bench/30gib-3.bin,443,33554432,439.99,,
0,bench/30gib-3.bin,444,33554432,348.21,,
0,bench/30gib-3.bin,445,33554432,393.27,,
0,bench/30gib-3.bin,446,33554432,476.51,,
0,bench/30gib-3.bin,447,33554432,512.63,,
0,bench/30gib-3.bin,448,33554432,356.82,,
0,bench/30gib-3.bin,449,33554432,403.17,,
0,bench/30gib-3.bin,450,33554432,461.62,,
0,bench/30gib-3.bin,451,33554432,408.89,,
0,bench/30gib-3.bin,452,33554432,345.27,,
0,bench/30gib-3.bin,453,33554432,415.16,,
0,bench/30gib-3.bin,454,33554432,355.86,,
0,bench/30gib-3.bin,455,33554432,354.05,,
0,bench/30gib-3.bin,456,33554432,348.54,,
0,bench/30gib-3.bin,457,33554432,346.11,,
0,bench/30gib-3.bin,458,33554432,514.36,,
0,bench/30gib-3.bin,459,33554432,392.78,,
0,bench/30gib-3.bin,460,33554432,523.86,,
0,bench/30gib-3.bin,461,33554432,347.28,,
0,bench/30gib-3.bin,462,33554432,435.50,,
0,bench/30gib-3.bin,463,33554432,373.24,,
0,bench/30gib-3.bin,464,33554432,342.25,,
0,bench/30gib-3.bin,465,33554432,350.44,,
0,bench/30gib-3.bin,466,33554432,345.28,,
0,bench/30gib-3.bin,467,33554432,383.56,,
0,bench/30gib-3.bin,468,33554432,395.53,,
0,bench/30gib-3.bin,469,33554432,366.79,,
0,bench/30gib-3.bin,470,33554432,375.21,,
0,bench/30gib-3.bin,471,33554432,504.35,,
0,bench/30gib-3.bin,472,33554432,411.94,,
0,bench/30gib-3.bin,473,33554432,348.68,,
0,bench/30gib-3.bin,474,33554432,358.97,,
0,bench/30gib-3.bin,475,33554432,346.44,,
0,bench/30gib-3.bin,476,33554432,373.08,,
0,bench/30gib-3.bin,477,33554432,358.21,,
0,bench/30gib-3.bin,478,33554432,346.26,,
0,bench/30gib-3.bin,479,33554432,354.99,,
0,bench/30gib-3.bin,480,33554432,355.47,,
0,bench/30gib-3.bin,481,33554432,358.55,,
0,bench/30gib-3.bin,482,33554432,395.89,,
0,bench/30gib-3.bin,483,33554432,341.30,,
0,bench/30gib-3.bin,484,33554432,390.14,,
0,bench/30gib-3.bin,485,33554432,411.26,,
0,bench/30gib-3.bin,486,33554432,442.74,,
0,bench/30gib-3.bin,487,33554432,399.53,,
0,bench/30gib-3.bin,488,33554432,360.73,,
0,bench/30gib-3.bin,489,33554432,406.74,,
0,bench/30gib-3.bin,490,33554432,346.69,,
0,bench/30gib-3.bin,491,33554432,342.14,,
0,bench/30gib-3.bin,492,33554432,423.53,,
0,bench/30gib-3.bin,493,33554432,347.04,,
0,bench/30gib-3.bin,494,33554432,345.05,,
0,bench/30gib-3.bin,495,33554432,362.77,,
0,bench/30gib-3.bin,496,33554432,394.92,,
0,bench/30gib-3.bin,497,33554432,349.17,,
0,bench/30gib-3.bin,498,33554432,524.20,,
0,bench/30gib-3.bin,499,33554432,346.09,,
0,bench/30gib-3.bin,500,33554432,410.46,,
0,bench/30gib-3.bin,501,33554432,340.57,,
0,bench/30gib-3.bin,502,33554432,636.14,,
0,bench/30gib-3.bin,503,33554432,348.84,,
0,bench/30gib-3.bin,504,33554432,412.26,,
0,bench/30gib-3.bin,505,33554432,344.61,,
0,bench/30gib-3.bin,506,33554432,501.53,,
0,bench/30gib-3.bin,507,33554432,344.88,,
0,bench/30gib-3.bin,508,33554432,417.98,,
0,bench/30gib-3.bin,509,33554432,346.41,,
0,bench/30gib-3.bin,510,33554432,385.85,,
0,bench/30gib-3.bin,511,33554432,360.82,,
0,bench/30gib-3.bin,512,33554432,361.58,,
0,bench/30gib-3.bin,513,33554432,344.11,,
0,bench/30gib-3.bin,514,33554432,511.42,,
0,bench/30gib-3.bin,515,33554432,400.27,,
0,bench/30gib-3.bin,516,33554432,342.75,,
0,bench/30gib-3.bin,517,33554432,470.71,,
0,bench/30gib-3.bin,518,33554432,465.45,,
0,bench/30gib-3.bin,519,33554432,409.68,,
0,bench/30gib-3.bin,520,33554432,692.85,,
0,bench/30gib-3.bin,521,33554432,459.62,,
0,bench/30gib-3.bin,522,33554432,509.97,,
0,bench/30gib-3.bin,523,33554432,390.11,,
0,bench/30gib-3.bin,524,33554432,476.29,,
0,bench/30gib-3.bin,525,33554432,349.88,,
0,bench/30gib-3.bin,526,33554432,517.09,,
0,bench/30gib-3.bin,527,33554432,595.36,,
0,bench/30gib-3.bin,528,33554432,345.35,,
0,bench/30gib-3.bin,529,33554432,505.71,,
0,bench/30gib-3.bin,530,33554432,393.77,,
0,bench/30gib-3.bin,531,33554432,528.79,,
0,bench/30gib-3.bin,532,33554432,341.39,,
0,bench/30gib-3.bin,533,33554432,342.73,,
0,bench/30gib-3.bin,534,33554432,347.17,,
0,bench/30gib-3.bin,535,33554432,401.38,,
0,bench/30gib-3.bin,536,33554432,364.64,,
0,bench/30gib-3.bin,537,33554432,343.66,,
0,bench/30gib-3.bin,538,33554432,350.00,,
0,bench/30gib-3.bin,539,33554432,415.11,,
0,bench/30gib-3.bin,540,33554432,514.73,,
0,bench/30gib-3.bin,541,33554432,448.87,,
0,bench/30gib-3.bin,542,33554432,343.60,,
0,bench/30gib-3.bin,543,33554432,344.90,,
0,bench/30gib-3.bin,544,33554432,349.93,,
0,bench/30gib-3.bin,545,33554432,346.34,,
0,bench/30gib-3.bin,546,33554432,364.62,,
0,bench/30gib-3.bin,547,33554432,537.15,,
0,bench/30gib-3.bin,548,33554432,342.02,,
0,bench/30gib-3.bin,549,33554432,370.22,,
0,bench/30gib-3.bin,550,33554432,341.89,,
0,bench/30gib-3.bin,551,33554432,346.64,,
0,bench/30gib-3.bin,552,33554432,579.07,,
0,bench/30gib-3.bin,553,33554432,352.61,,
0,bench/30gib-3.bin,554,33554432,341.57,,
0,bench/30gib-3.bin,555,33554432,360.27,,
0,bench/30gib-3.bin,556,33554432,409.76,,
0,bench/30gib-3.bin,557,33554432,688.72,,
0,bench/30gib-3.bin,558,33554432,355.86,,
0,bench/30gib-3.bin,559,33554432,345.56,,
0,bench/30gib-3.bin,560,33554432,356.25,,
0,bench/30gib-3.bin,561,33554432,347.98,,
0,bench/30gib-3.bin,562,33554432,472.00,,
0,bench/30gib-3.bin,563,33554432,346.10,,
0,bench/30gib-3.bin,564,33554432,346.59,,
0,bench/30gib-3.bin,565,33554432,523.64,,
0,bench/30gib-3.bin,566,33554432,348.31,,
0,bench/30gib-3.bin,567,33554432,350.63,,
0,bench/30gib-3.bin,568,33554432,487.69,,
0,bench/30gib-3.bin,569,33554432,595.97,,
0,bench/30gib-3.bin,570,33554432,531.99,,
0,bench/30gib-3.bin,571,33554432,440.23,,
0,bench/30gib-3.bin,572,33554432,347.99,,
0,bench/30gib-3.bin,573,33554432,412.38,,
0,bench/30gib-3.bin,574,33554432,572.03,,
0,bench/30gib-3.bin,575,33554432,359.36,,
0,bench/30gib-3.bin,576,33554432,452.25,,
0,bench/30gib-3.bin,577,33554432,818.94,,
0,bench/30gib-3.bin,578,33554432,366.86,,
0,bench/30gib-3.bin,579,33554432,596.82,,
0,bench/30gib-3.bin,580,33554432,366.03,,
0,bench/30gib-3.bin,581,33554432,416.91,,
0,bench/30gib-3.bin,582,33554432,351.51,,
0,bench/30gib-3.bin,583,33554432,401.53,,
0,bench/30gib-3.bin,584,33554432,360.51,,
0,bench/30gib-3.bin,585,33554432,340.86,,
0,bench/30gib-3.bin,586,33554432,398.74,,
0,bench/30gib-3.bin,587,33554432,342.99,,
0,bench/30gib-3.bin,588,33554432,471.81,,
0,bench/30gib-3.bin,589,33554432,376.09,,
0,bench/30gib-3.bin,590,33554432,1534.74,,
0,bench/30gib-3.bin,591,33554432,517.45,,
0,bench/30gib-3.bin,592,33554432,398.03,,
0,bench/30gib-3.bin,593,33554432,375.56,,
0,bench/30gib-3.bin,594,33554432,379.68,,
0,bench/30gib-3.bin,595,33554432,424.55,,
0,bench/30gib-3.bin,596,33554432,400.38,,
0,bench/30gib-3.bin,597,33554432,469.09,,
0,bench/30gib-3.bin,598,33554432,464.04,,
0,bench/30gib-3.bin,599,33554432,350.44,,
0,bench/30gib-3.bin,600,33554432,432.91,,
0,bench/30gib-3.bin,601,33554432,392.89,,
0,bench/30gib-3.bin,602,33554432,434.89,,
0,bench/30gib-3.bin,603,33554432,530.85,,
0,bench/30gib-3.bin,604,33554432,401.81,,
0,bench/30gib-3.bin,605,33554432,510.81,,
0,bench/30gib-3.bin,606,33554432,367.88,,
0,bench/30gib-3.bin,607,33554432,354.41,,
0,bench/30gib-3.bin,608,33554432,468.88,,
0,bench/30gib-3.bin,609,33554432,372.13,,
0,bench/30gib-3.bin,610,33554432,388.72,,
0,bench/30gib-3.bin,611,33554432,392.01,,
0,bench/30gib-3.bin,612,33554432,377.53,,
0,bench/30gib-3.bin,613,33554432,340.42,,
0,bench/30gib-3.bin,614,33554432,376.12,,
0,bench/30gib-3.bin,615,33554432,352.92,,
0,bench/30gib-3.bin,616,33554432,428.56,,
0,bench/30gib-3.bin,617,33554432,447.43,,
0,bench/30gib-3.bin,618,33554432,388.58,,
0,bench/30gib-3.bin,619,33554432,400.79,,
0,bench/30gib-3.bin,620,33554432,443.68,,
0,bench/30gib-3.bin,621,33554432,344.30,,
0,bench/30gib-3.bin,622,33554432,393.00,,
0,bench/30gib-3.bin,623,33554432,341.81,,
0,bench/30gib-3.bin,624,33554432,346.37,,
0,bench/30gib-3.bin,625,33554432,471.19,,
0,bench/30gib-3.bin,626,33554432,373.71,,
0,bench/30gib-3.bin,627,33554432,489.80,,
0,bench/30gib-3.bin,628,33554432,345.95,,
0,bench/30gib-3.bin,629,33554432,468.75,,
0,bench/30gib-3.bin,630,33554432,455.15,,
0,bench/30gib-3.bin,631,33554432,441.06,,
0,bench/30gib-3.bin,632,33554432,350.84,,
0,bench/30gib-3.bin,633,33554432,554.36,,
0,bench/30gib-3.bin,634,33554432,391.97,,
0,bench/30gib-3.bin,635,33554432,389.18,,
0,bench/30gib-3.bin,636,33554432,408.42,,
0,bench/30gib-3.bin,637,33554432,483.72,,
0,bench/30gib-3.bin,638,33554432,342.84,,
0,bench/30gib-3.bin,639,33554432,348.22,,
0,bench/30gib-3.bin,640,33554432,342.70,,
0,bench/30gib-3.bin,641,33554432,351.44,,
0,bench/30gib-3.bin,642,33554432,425.32,,
0,bench/30gib-3.bin,643,33554432,407.33,,
0,bench/30gib-3.bin,644,33554432,374.93,,
0,bench/30gib-3.bin,645,33554432,621.12,,
0,bench/30gib-3.bin,646,33554432,532.36,,
0,bench/30gib-3.bin,647,33554432,383.25,,
0,bench/30gib-3.bin,648,33554432,475.87,,
0,bench/30gib-3.bin,649,33554432,483.41,,
0,bench/30gib-3.bin,650,33554432,340.53,,
0,bench/30gib-3.bin,651,33554432,468.09,,
0,bench/30gib-3.bin,652,33554432,408.21,,
0,bench/30gib-3.bin,653,33554432,465.38,,
0,bench/30gib-3.bin,654,33554432,450.17,,
0,bench/30gib-3.bin,655,33554432,345.21,,
0,bench/30gib-3.bin,656,33554432,513.66,,
0,bench/30gib-3.bin,657,33554432,454.02,,
0,bench/30gib-3.bin,658,33554432,404.37,,
0,bench/30gib-3.bin,659,33554432,342.89,,
0,bench/30gib-3.bin,660,33554432,341.03,,
0,bench/30gib-3.bin,661,33554432,462.09,,
0,bench/30gib-3.bin,662,33554432,438.05,,
0,bench/30gib-3.bin,663,33554432,455.41,,
0,bench/30gib-3.bin,664,33554432,406.11,,
0,bench/30gib-3.bin,665,33554432,385.65,,
0,bench/30gib-3.bin,666,33554432,342.96,,
0,bench/30gib-3.bin,667,33554432,422.40,,
0,bench/30gib-3.bin,668,33554432,348.20,,
0,bench/30gib-3.bin,669,33554432,425.90,,
0,bench/30gib-3.bin,670,33554432,547.44,,
0,bench/30gib-3.bin,671,33554432,398.60,,
0,bench/30gib-3.bin,672,33554432,374.93,,
0,bench/30gib-3.bin,673,33554432,469.34,,
0,bench/30gib-3.bin,674,33554432,542.64,,
0,bench/30gib-3.bin,675,33554432,513.33,,
0,bench/30gib-3.bin,676,33554432,458.79,,
0,bench/30gib-3.bin,677,33554432,343.52,,
0,bench/30gib-3.bin,678,33554432,867.41,,
0,bench/30gib-3.bin,679,33554432,384.62,,
0,bench/30gib-3.bin,680,33554432,348.01,,
0,bench/30gib-3.bin,681,33554432,351.96,,
0,bench/30gib-3.bin,682,33554432,721.42,,
0,bench/30gib-3.bin,683,33554432,605.35,,
0,bench/30gib-3.bin,684,33554432,344.82,,
0,bench/30gib-3.bin,685,33554432,551.66,,
0,bench/30gib-3.bin,686,33554432,390.86,,
0,bench/30gib-3.bin,687,33554432,439.87,,
0,bench/30gib-3.bin,688,33554432,546.69,,
0,bench/30gib-3.bin,689,33554432,490.65,,
0,bench/30gib-3.bin,690,33554432,510.45,,
0,bench/30gib-3.bin,691,33554432,449.04,,
0,bench/30gib-3.bin,692,33554432,424.91,,
0,bench/30gib-3.bin,693,33554432,555.88,,
0,bench/30gib-3.bin,694,33554432,473.56,,
0,bench/30gib-3.bin,695,33554432,344.13,,
0,bench/30gib-3.bin,696,33554432,344.64,,
0,bench/30gib-3.bin,697,33554432,399.68,,
0,bench/30gib-3.bin,698,33554432,434.14,,
0,bench/30gib-3.bin,699,33554432,483.94,,
0,bench/30gib-3.bin,700,33554432,382.92,,
0,bench/30gib-3.bin,701,33554432,584.20,,
0,bench/30gib-3.bin,702,33554432,417.67,,
0,bench/30gib-3.bin,703,33554432,365.19,,
0,bench/30gib-3.bin,704,33554432,441.71,,
0,bench/30gib-3.bin,705,33554432,357.48,,
0,bench/30gib-3.bin,706,33554432,449.13,,
0,bench/30gib-3.bin,707,33554432,359.50,,
0,bench/30gib-3.bin,708,33554432,353.62,,
0,bench/30gib-3.bin,709,33554432,414.65,,
0,bench/30gib-3.bin,710,33554432,403.73,,
0,bench/30gib-3.bin,711,33554432,528.55,,
0,bench/30gib-3.bin,712,33554432,594.31,,
0,bench/30gib-3.bin,713,33554432,382.40,,
0,bench/30gib-3.bin,714,33554432,369.82,,
0,bench/30gib-3.bin,715,33554432,382.31,,
0,bench/30gib-3.bin,716,33554432,342.26,,
0,bench/30gib-3.bin,717,33554432,394.71,,
0,bench/30gib-3.bin,718,33554432,353.28,,
0,bench/30gib-3.bin,719,33554432,343.83,,
0,bench/30gib-3.bin,720,33554432,661.72,,
0,bench/30gib-3.bin,721,33554432,411.07,,
0,bench/30gib-3.bin,722,33554432,495.81,,
0,bench/30gib-3.bin,723,33554432,341.46,,
0,bench/30gib-3.bin,724,33554432,520.58,,
0,bench/30gib-3.bin,725,33554432,380.33,,
0,bench/30gib-3.bin,726,33554432,343.17,,
0,bench/30gib-3.bin,727,33554432,342.46,,
0,bench/30gib-3.bin,728,33554432,399.53,,
0,bench/30gib-3.bin,729,33554432,587.03,,
0,bench/30gib-3.bin,730,33554432,555.74,,
0,bench/30gib-3.bin,731,33554432,372.45,,
0,bench/30gib-3.bin,732,33554432,344.24,,
0,bench/30gib-3.bin,733,33554432,344.79,,
0,bench/30gib-3.bin,734,33554432,383.14,,
0,bench/30gib-3.bin,735,33554432,349.56,,
0,bench/30gib-3.bin,736,33554432,341.34,,
0,bench/30gib-3.bin,737,33554432,673.55,,
0,bench/30gib-3.bin,738,33554432,345.71,,
0,bench/30gib-3.bin,739,33554432,476.46,,
0,bench/30gib-3.bin,740,33554432,396.73,,
0,bench/30gib-3.bin,741,33554432,655.51,,
0,bench/30gib-3.bin,742,33554432,340.21,,
0,bench/30gib-3.bin,743,33554432,350.05,,
0,bench/30gib-3.bin,744,33554432,355.38,,
0,bench/30gib-3.bin,745,33554432,382.51,,
0,bench/30gib-3.bin,746,33554432,437.86,,
0,bench/30gib-3.bin,747,33554432,432.94,,
0,bench/30gib-3.bin,748,33554432,480.16,,
0,bench/30gib-3.bin,749,33554432,347.54,,
0,bench/30gib-3.bin,750,33554432,435.63,,
0,bench/30gib-3.bin,751,33554432,463.80,,
0,bench/30gib-3.bin,752,33554432,529.33,,
0,bench/30gib-3.bin,753,33554432,458.12,,
0,bench/30gib-3.bin,754,33554432,592.12,,
0,bench/30gib-3.bin,755,33554432,500.58,,
0,bench/30gib-3.bin,756,33554432,404.59,,
0,bench/30gib-3.bin,757,33554432,411.27,,
0,bench/30gib-3.bin,758,33554432,363.16,,
0,bench/30gib-3.bin,759,33554432,428.01,,
0,bench/30gib-3.bin,760,33554432,372.19,,
0,bench/30gib-3.bin,761,33554432,474.43,,
0,bench/30gib-3.bin,762,33554432,448.72,,
0,bench/30gib-3.bin,763,33554432,354.70,,
0,bench/30gib-3.bin,764,33554432,340.48,,
0,bench/30gib-3.bin,765,33554432,472.00,,
0,bench/30gib-3.bin,766,33554432,362.96,,
0,bench/30gib-3.bin,767,33554432,341.97,,
0,bench/30gib-3.bin,768,33554432,515.30,,
0,bench/30gib-3.bin,769,33554432,478.24,,
0,bench/30gib-3.bin,770,33554432,341.97,,
0,bench/30gib-3.bin,771,33554432,357.88,,
0,bench/30gib-3.bin,772,33554432,345.24,,
0,bench/30gib-3.bin,773,33554432,341.72,,
0,bench/30gib-3.bin,774,33554432,652.70,,
0,bench/30gib-3.bin,775,33554432,341.91,,
0,bench/30gib-3.bin,776,33554432,391.80,,
0,bench/30gib-3.bin,777,33554432,349.50,,
0,bench/30gib-3.bin,778,33554432,385.09,,
0,bench/30gib-3.bin,779,33554432,378.80,,
0,bench/30gib-3.bin,780,33554432,346.55,,
0,bench/30gib-3.bin,781,33554432,583.46,,
0,bench/30gib-3.bin,782,33554432,491.10,,
0,bench/30gib-3.bin,783,33554432,509.44,,
0,bench/30gib-3.bin,784,33554432,393.94,,
0,bench/30gib-3.bin,785,33554432,469.46,,
0,bench/30gib-3.bin,786,33554432,358.03,,
0,bench/30gib-3.bin,787,33554432,386.77,,
0,bench/30gib-3.bin,788,33554432,541.71,,
0,bench/30gib-3.bin,789,33554432,352.07,,
0,bench/30gib-3.bin,790,33554432,409.16,,
0,bench/30gib-3.bin,791,33554432,353.00,,
0,bench/30gib-3.bin,792,33554432,416.88,,
0,bench/30gib-3.bin,793,33554432,586.26,,
0,bench/30gib-3.bin,794,33554432,342.08,,
0,bench/30gib-3.bin,795,33554432,605.24,,
0,bench/30gib-3.bin,796,33554432,551.63,,
0,bench/30gib-3.bin,797,33554432,461.35,,
0,bench/30gib-3.bin,798,33554432,629.19,,
0,bench/30gib-3.bin,799,33554432,406.78,,
0,bench/30gib-3.bin,800,33554432,413.42,,
0,bench/30gib-3.bin,801,33554432,345.78,,
0,bench/30gib-3.bin,802,33554432,464.89,,
0,bench/30gib-3.bin,803,33554432,340.80,,
0,bench/30gib-3.bin,804,33554432,343.34,,
0,bench/30gib-3.bin,805,33554432,417.84,,
0,bench/30gib-3.bin,806,33554432,600.29,,
0,bench/30gib-3.bin,807,33554432,352.02,,
0,bench/30gib-3.bin,808,33554432,401.57,,
0,bench/30gib-3.bin,809,33554432,345.97,,
0,bench/30gib-3.bin,810,33554432,381.28,,
0,bench/30gib-3.bin,811,33554432,366.79,,
0,bench/30gib-3.bin,812,33554432,605.19,,
0,bench/30gib-3.bin,813,33554432,566.58,,
0,bench/30gib-3.bin,814,33554432,341.35,,
0,bench/30gib-3.bin,815,33554432,341.24,,
0,bench/30gib-3.bin,816,33554432,484.36,,
0,bench/30gib-3.bin,817,33554432,505.78,,
0,bench/30gib-3.bin,818,33554432,457.65,,
0,bench/30gib-3.bin,819,33554432,346.87,,
0,bench/30gib-3.bin,820,33554432,366.92,,
0,bench/30gib-3.bin,821,33554432,377.72,,
0,bench/30gib-3.bin,822,33554432,354.94,,
0,bench/30gib-3.bin,823,33554432,446.72,,
0,bench/30gib-3.bin,824,33554432,408.33,,
0,bench/30gib-3.bin,825,33554432,366.05,,
0,bench/30gib-3.bin,826,33554432,352.22,,
0,bench/30gib-3.bin,827,33554432,417.74,,
0,bench/30gib-3.bin,828,33554432,347.44,,
0,bench/30gib-3.bin,829,33554432,611.05,,
0,bench/30gib-3.bin,830,33554432,344.05,,
0,bench/30gib-3.bin,831,33554432,440.19,,
0,bench/30gib-3.bin,832,33554432,400.08,,
0,bench/30gib-3.bin,833,33554432,517.18,,
0,bench/30gib-3.bin,834,33554432,363.86,,
0,bench/30gib-3.bin,835,33554432,343.14,,
0,bench/30gib-3.bin,836,33554432,465.31,,
0,bench/30gib-3.bin,837,33554432,538.93,,
0,bench/30gib-3.bin,838,33554432,371.60,,
0,bench/30gib-3.bin,839,33554432,1004.15,,
0,bench/30gib-3.bin,840,33554432,341.57,,
0,bench/30gib-3.bin,841,33554432,355.12,,
0,bench/30gib-3.bin,842,33554432,341.90,,
0,bench/30gib-3.bin,843,33554432,461.05,,
0,bench/30gib-3.bin,844,33554432,935.04,,
0,bench/30gib-3.bin,845,33554432,374.50,,
0,bench/30gib-3.bin,846,33554432,414.08,,
0,bench/30gib-3.bin,847,33554432,465.41,,
0,bench/30gib-3.bin,848,33554432,484.24,,
0,bench/30gib-3.bin,849,33554432,428.68,,
0,bench/30gib-3.bin,850,33554432,457.27,,
0,bench/30gib-3.bin,851,33554432,437.64,,
0,bench/30gib-3.bin,852,33554432,357.53,,
0,bench/30gib-3.bin,853,33554432,349.17,,
0,bench/30gib-3.bin,854,33554432,521.12,,
0,bench/30gib-3.bin,855,33554432,343.44,,
0,bench/30gib-3.bin,856,33554432,346.29,,
0,bench/30gib-3.bin,857,33554432,768.05,,
0,bench/30gib-3.bin,858,33554432,371.08,,
0,bench/30gib-3.bin,859,33554432,461.97,,
0,bench/30gib-3.bin,860,33554432,375.68,,
0,bench/30gib-3.bin,861,33554432,421.90,,
0,bench/30gib-3.bin,862,33554432,451.75,,
0,bench/30gib-3.bin,863,33554432,352.82,,
0,bench/30gib-3.bin,864,33554432,350.74,,
0,bench/30gib-3.bin,865,33554432,544.22,,
0,bench/30gib-3.bin,866,33554432,352.62,,
0,bench/30gib-3.bin,867,33554432,344.72,,
0,bench/30gib-3.bin,868,33554432,431.04,,
0,bench/30gib-3.bin,869,33554432,469.55,,
0,bench/30gib-3.bin,870,33554432,435.55,,
0,bench/30gib-3.bin,871,33554432,401.80,,
0,bench/30gib-3.bin,872,33554432,396.65,,
0,bench/30gib-3.bin,873,33554432,356.56,,
0,bench/30gib-3.bin,874,33554432,429.12,,
0,bench/30gib-3.bin,875,33554432,398.48,,
0,bench/30gib-3.bin,876,33554432,423.11,,
0,bench/30gib-3.bin,877,33554432,373.40,,
0,bench/30gib-3.bin,878,33554432,499.82,,
0,bench/30gib-3.bin,879,33554432,360.85,,
0,bench/30gib-3.bin,880,33554432,370.83,,
0,bench/30gib-3.bin,881,33554432,354.64,,
0,bench/30gib-3.bin,882,33554432,389.45,,
0,bench/30gib-3.bin,883,33554432,352.50,,
0,bench/30gib-3.bin,884,33554432,345.34,,
0,bench/30gib-3.bin,885,33554432,371.49,,
0,bench/30gib-3.bin,886,33554432,344.76,,
0,bench/30gib-3.bin,887,33554432,342.20,,
0,bench/30gib-3.bin,888,33554432,354.29,,
0,bench/30gib-3.bin,889,33554432,343.16,,
0,bench/30gib-3.bin,890,33554432,344.59,,
0,bench/30gib-3.bin,891,33554432,462.00,,
0,bench/30gib-3.bin,892,33554432,501.59,,
0,bench/30gib-3.bin,893,33554432,521.31,,
0,bench/30gib-3.bin,894,33554432,418.32,,
0,bench/30gib-3.bin,895,33554432,376.83,,
0,bench/30gib-3.bin,896,33554432,340.76,,
0,bench/30gib-3.bin,897,33554432,548.70,,
0,bench/30gib-3.bin,898,33554432,461.82,,
0,bench/30gib-3.bin,899,33554432,341.16,,
0,bench/30gib-3.bin,900,33554432,341.40,,
0,bench/30gib-3.bin,901,33554432,439.57,,
0,bench/30gib-3.bin,902,33554432,522.74,,
0,bench/30gib-3.bin,903,33554432,340.73,,
0,bench/30gib-3.bin,904,33554432,442.56,,
0,bench/30gib-3.bin,905,33554432,471.31,,
0,bench/30gib-3.bin,906,33554432,400.31,,
0,bench/30gib-3.bin,907,33554432,571.11,,
0,bench/30gib-3.bin,908,33554432,567.71,,
0,bench/30gib-3.bin,909,33554432,364.00,,
0,bench/30gib-3.bin,910,33554432,356.05,,
0,bench/30gib-3.bin,911,33554432,540.69,,
0,bench/30gib-3.bin,912,33554432,436.98,,
0,bench/30gib-3.bin,913,33554432,492.10,,
0,bench/30gib-3.bin,914,33554432,420.82,,
0,bench/30gib-3.bin,915,33554432,404.95,,
0,bench/30gib-3.bin,916,33554432,546.80,,
0,bench/30gib-3.bin,917,33554432,398.07,,
0,bench/30gib-3.bin,918,33554432,343.45,,
0,bench/30gib-3.bin,919,33554432,463.69,,
0,bench/30gib-3.bin,920,33554432,421.49,,
0,bench/30gib-3.bin,921,33554432,428.07,,
0,bench/30gib-3.bin,922,33554432,385.79,,
0,bench/30gib-3.bin,923,33554432,341.52,,
0,bench/30gib-3.bin,924,33554432,344.89,,
0,bench/30gib-3.bin,925,33554432,849.28,,
0,bench/30gib-3.bin,926,33554432,394.52,,
0,bench/30gib-3.bin,927,33554432,346.12,,
0,bench/30gib-3.bin,928,33554432,437.51,,
0,bench/30gib-3.bin,929,33554432,524.91,,
0,bench/30gib-3.bin,930,33554432,387.64,,
0,bench/30gib-3.bin,931,33554432,349.74,,
0,bench/30gib-3.bin,932,33554432,457.19,,
0,bench/30gib-3.bin,933,33554432,469.78,,
0,bench/30gib-3.bin,934,33554432,596.93,,
0,bench/30gib-3.bin,935,33554432,410.73,,
0,bench/30gib-3.bin,936,33554432,346.58,,
0,bench/30gib-3.bin,937,33554432,401.39,,
0,bench/30gib-3.bin,938,33554432,414.15,,
0,bench/30gib-3.bin,939,33554432,351.45,,
0,bench/30gib-3.bin,940,33554432,411.97,,
0,bench/30gib-3.bin,941,33554432,353.98,,
0,bench/30gib-3.bin,942,33554432,551.53,,
0,bench/30gib-3.bin,943,33554432,366.29,,
0,bench/30gib-3.bin,944,33554432,353.48,,
0,bench/30gib-3.bin,945,33554432,425.19,,
0,bench/30gib-3.bin,946,33554432,355.18,,
0,bench/30gib-3.bin,947,33554432,361.82,,
0,bench/30gib-3.bin,948,33554432,351.26,,
0,bench/30gib-3.bin,949,33554432,340.48,,
0,bench/30gib-3.bin,950,33554432,360.28,,
0,bench/30gib-3.bin,951,33554432,473.94,,
0,bench/30gib-3.bin,952,33554432,410.68,,
0,bench/30gib-3.bin,953,33554432,353.42,,
0,bench/30gib-3.bin,954,33554432,366.82,,
0,bench/30gib-3.bin,955,33554432,340.97,,
0,bench/30gib-3.bin,956,33554432,400.63,,
0,bench/30gib-3.bin,957,33554432,369.94,,
0,bench/30gib-3.bin,958,33554432,605.74,,
0,bench/30gib-3.bin,959,33554432,430.30,,
0,bench/30gib-3.bin,960,33554432,386.83,,
0,bench/30gib-4.bin,1,33554432,1093.38,,
0,bench/30gib-4.bin,2,33554432,1276.75,,
0,bench/30gib-4.bin,3,33554432,755.62,,
0,bench/30gib-4.bin,4,33554432,1665.43,,
0,bench/30gib-4.bin,5,33554432,1287.12,,
0,bench/30gib-4.bin,6,33554432,866.26,,
0,bench/30gib-4.bin,7,33554432,1656.02,,
0,bench/30gib-4.bin,8,33554432,1850.12,,
0,bench/30gib-4.bin,9,33554432,1233.00,,
0,bench/30gib-4.bin,10,33554432,1182.52,,
0,bench/30gib-4.bin,11,33554432,1275.45,,
0,bench/30gib-4.bin,12,33554432,1180.62,,
0,bench/30gib-4.bin,13,33554432,1787.51,,
0,bench/30gib-4.bin,14,33554432,1122.53,,
0,bench/30gib-4.bin,15,33554432,756.53,,
0,bench/30gib-4.bin,16,33554432,1613.82,,
0,bench/30gib-4.bin,17,33554432,1761.30,,
0,bench/30gib-4.bin,18,33554432,1932.88,,
0,bench/30gib-4.bin,19,33554432,916.24,,
0,bench/30gib-4.bin,20,33554432,3054.66,,
0,bench/30gib-4.bin,21,33554432,1357.94,,
0,bench/30gib-4.bin,22,33554432,2011.05,,
0,bench/30gib-4.bin,23,33554432,1699.33,,
0,bench/30gib-4.bin,24,33554432,1904.47,,
0,bench/30gib-4.bin,25,33554432,1619.05,,
0,bench/30gib-4.bin,26,33554432,1751.20,,
0,bench/30gib-4.bin,27,33554432,1291.79,,
0,bench/30gib-4.bin,28,33554432,866.97,,
0,bench/30gib-4.bin,29,33554432,643.04,,
0,bench/30gib-4.bin,30,33554432,788.47,,
0,bench/30gib-4.bin,31,33554432,937.12,,
0,bench/30gib-4.bin,32,33554432,820.73,,
0,bench/30gib-4.bin,33,33554432,968.55,,
0,bench/30gib-4.bin,34,33554432,545.65,,
0,bench/30gib-4.bin,35,33554432,682.94,,
0,bench/30gib-4.bin,36,33554432,1056.96,,
0,bench/30gib-4.bin,37,33554432,741.78,,
0,bench/30gib-4.bin,38,33554432,530.83,,
0,bench/30gib-4.bin,39,33554432,624.16,,
0,bench/30gib-4.bin,40,33554432,1015.66,,
0,bench/30gib-4.bin,41,33554432,817.30,,
0,bench/30gib-4.bin,42,33554432,563.95,,
0,bench/30gib-4.bin,43,33554432,673.93,,
0,bench/30gib-4.bin,44,33554432,500.39,,
0,bench/30gib-4.bin,45,33554432,731.99,,
0,bench/30gib-4.bin,46,33554432,637.75,,
0,bench/30gib-4.bin,47,33554432,441.15,,
0,bench/30gib-4.bin,48,33554432,475.94,,
0,bench/30gib-4.bin,49,33554432,827.36,,
0,bench/30gib-4.bin,50,33554432,728.68,,
0,bench/30gib-4.bin,51,33554432,533.00,,
0,bench/30gib-4.bin,52,33554432,530.90,,
0,bench/30gib-4.bin,53,33554432,607.36,,
0,bench/30gib-4.bin,54,33554432,841.54,,
0,bench/30gib-4.bin,55,33554432,775.71,,
0,bench/30gib-4.bin,56,33554432,636.72,,
0,bench/30gib-4.bin,57,33554432,568.97,,
0,bench/30gib-4.bin,58,33554432,762.40,,
0,bench/30gib-4.bin,59,33554432,770.34,,
0,bench/30gib-4.bin,60,33554432,527.81,,
0,bench/30gib-4.bin,61,33554432,612.74,,
0,bench/30gib-4.bin,62,33554432,542.48,,
0,bench/30gib-4.bin,63,33554432,655.31,,
0,bench/30gib-4.bin,64,33554432,347.17,,
0,bench/30gib-4.bin,65,33554432,413.16,,
0,bench/30gib-4.bin,66,33554432,389.16,,
0,bench/30gib-4.bin,67,33554432,702.32,,
0,bench/30gib-4.bin,68,33554432,605.70,,
0,bench/30gib-4.bin,69,33554432,523.29,,
0,bench/30gib-4.bin,70,33554432,421.16,,
0,bench/30gib-4.bin,71,33554432,498.16,,
0,bench/30gib-4.bin,72,33554432,1145.53,,
0,bench/30gib-4.bin,73,33554432,593.07,,
0,bench/30gib-4.bin,74,33554432,436.78,,
0,bench/30gib-4.bin,75,33554432,574.03,,
0,bench/30gib-4.bin,76,33554432,341.20,,
0,bench/30gib-4.bin,77,33554432,542.90,,
0,bench/30gib-4.bin,78,33554432,623.83,,
0,bench/30gib-4.bin,79,33554432,390.78,,
0,bench/30gib-4.bin,80,33554432,351.90,,
0,bench/30gib-4.bin,81,33554432,481.43,,
0,bench/30gib-4.bin,82,33554432,597.92,,
0,bench/30gib-4.bin,83,33554432,720.57,,
0,bench/30gib-4.bin,84,33554432,440.06,,
0,bench/30gib-4.bin,85,33554432,661.70,,
0,bench/30gib-4.bin,86,33554432,552.70,,
0,bench/30gib-4.bin,87,33554432,384.42,,
0,bench/30gib-4.bin,88,33554432,589.39,,
0,bench/30gib-4.bin,89,33554432,573.03,,
0,bench/30gib-4.bin,90,33554432,540.50,,
0,bench/30gib-4.bin,91,33554432,398.90,,
0,bench/30gib-4.bin,92,33554432,539.66,,
0,bench/30gib-4.bin,93,33554432,364.65,,
0,bench/30gib-4.bin,94,33554432,471.41,,
0,bench/30gib-4.bin,95,33554432,404.03,,
0,bench/30gib-4.bin,96,33554432,398.22,,
0,bench/30gib-4.bin,97,33554432,457.47,,
0,bench/30gib-4.bin,98,33554432,439.57,,
0,bench/30gib-4.bin,99,33554432,389.72,,
0,bench/30gib-4.bin,100,33554432,345.86,,
0,bench/30gib-4.bin,101,33554432,432.97,,
0,bench/30gib-4.bin,102,33554432,471.84,,
0,bench/30gib-4.bin,103,33554432,527.75,,
0,bench/30gib-4.bin,104,33554432,408.62,,
0,bench/30gib-4.bin,105,33554432,345.73,,
0,bench/30gib-4.bin,106,33554432,543.47,,
0,bench/30gib-4.bin,107,33554432,650.07,,
0,bench/30gib-4.bin,108,33554432,350.53,,
0,bench/30gib-4.bin,109,33554432,469.91,,
0,bench/30gib-4.bin,110,33554432,343.32,,
0,bench/30gib-4.bin,111,33554432,480.73,,
0,bench/30gib-4.bin,112,33554432,345.18,,
0,bench/30gib-4.bin,113,33554432,451.72,,
0,bench/30gib-4.bin,114,33554432,393.66,,
0,bench/30gib-4.bin,115,33554432,359.65,,
0,bench/30gib-4.bin,116,33554432,393.91,,
0,bench/30gib-4.bin,117,33554432,488.20,,
0,bench/30gib-4.bin,118,33554432,345.26,,
0,bench/30gib-4.bin,119,33554432,464.78,,
0,bench/30gib-4.bin,120,33554432,567.17,,
0,bench/30gib-4.bin,121,33554432,369.04,,
0,bench/30gib-4.bin,122,33554432,346.91,,
0,bench/30gib-4.bin,123,33554432,588.85,,
0,bench/30gib-4.bin,124,33554432,478.39,,
0,bench/30gib-4.bin,125,33554432,457.39,,
0,bench/30gib-4.bin,126,33554432,348.66,,
0,bench/30gib-4.bin,127,33554432,498.53,,
0,bench/30gib-4.bin,128,33554432,340.83,,
0,bench/30gib-4.bin,129,33554432,499.52,,
0,bench/30gib-4.bin,130,33554432,504.04,,
0,bench/30gib-4.bin,131,33554432,340.83,,
0,bench/30gib-4.bin,132,33554432,413.54,,
0,bench/30gib-4.bin,133,33554432,601.83,,
0,bench/30gib-4.bin,134,33554432,422.21,,
0,bench/30gib-4.bin,135,33554432,461.76,,
0,bench/30gib-4.bin,136,33554432,366.12,,
0,bench/30gib-4.bin,137,33554432,446.01,,
0,bench/30gib-4.bin,138,33554432,410.22,,
0,bench/30gib-4.bin,139,33554432,491.89,,
0,bench/30gib-4.bin,140,33554432,367.16,,
0,bench/30gib-4.bin,141,33554432,408.82,,
0,bench/30gib-4.bin,142,33554432,348.93,,
0,bench/30gib-4.bin,143,33554432,387.64,,
0,bench/30gib-4.bin,144,33554432,341.31,,
0,bench/30gib-4.bin,145,33554432,348.69,,
0,bench/30gib-4.bin,146,33554432,444.14,,
0,bench/30gib-4.bin,147,33554432,422.64,,
0,bench/30gib-4.bin,148,33554432,376.96,,
0,bench/30gib-4.bin,149,33554432,451.56,,
0,bench/30gib-4.bin,150,33554432,340.62,,
0,bench/30gib-4.bin,151,33554432,551.58,,
0,bench/30gib-4.bin,152,33554432,402.30,,
0,bench/30gib-4.bin,153,33554432,364.65,,
0,bench/30gib-4.bin,154,33554432,360.49,,
0,bench/30gib-4.bin,155,33554432,366.12,,
0,bench/30gib-4.bin,156,33554432,600.40,,
0,bench/30gib-4.bin,157,33554432,357.44,,
0,bench/30gib-4.bin,158,33554432,371.73,,
0,bench/30gib-4.bin,159,33554432,391.86,,
0,bench/30gib-4.bin,160,33554432,428.04,,
0,bench/30gib-4.bin,161,33554432,425.33,,
0,bench/30gib-4.bin,162,33554432,342.32,,
0,bench/30gib-4.bin,163,33554432,481.92,,
0,bench/30gib-4.bin,164,33554432,355.34,,
0,bench/30gib-4.bin,165,33554432,385.57,,
0,bench/30gib-4.bin,166,33554432,414.78,,
0,bench/30gib-4.bin,167,33554432,489.36,,
0,bench/30gib-4.bin,168,33554432,349.57,,
0,bench/30gib-4.bin,169,33554432,509.30,,
0,bench/30gib-4.bin,170,33554432,449.23,,
0,bench/30gib-4.bin,171,33554432,350.67,,
0,bench/30gib-4.bin,172,33554432,517.88,,
0,bench/30gib-4.bin,173,33554432,393.24,,
0,bench/30gib-4.bin,174,33554432,434.88,,
0,bench/30gib-4.bin,175,33554432,356.81,,
0,bench/30gib-4.bin,176,33554432,348.06,,
0,bench/30gib-4.bin,177,33554432,345.95,,
0,bench/30gib-4.bin,178,33554432,365.99,,
0,bench/30gib-4.bin,179,33554432,408.20,,
0,bench/30gib-4.bin,180,33554432,583.54,,
0,bench/30gib-4.bin,181,33554432,1020.54,,
0,bench/30gib-4.bin,182,33554432,528.64,,
0,bench/30gib-4.bin,183,33554432,355.26,,
0,bench/30gib-4.bin,184,33554432,461.83,,
0,bench/30gib-4.bin,185,33554432,343.42,,
0,bench/30gib-4.bin,186,33554432,427.66,,
0,bench/30gib-4.bin,187,33554432,474.97,,
0,bench/30gib-4.bin,188,33554432,515.97,,
0,bench/30gib-4.bin,189,33554432,341.00,,
0,bench/30gib-4.bin,190,33554432,346.43,,
0,bench/30gib-4.bin,191,33554432,349.23,,
0,bench/30gib-4.bin,192,33554432,434.64,,
0,bench/30gib-4.bin,193,33554432,341.00,,
0,bench/30gib-4.bin,194,33554432,412.67,,
0,bench/30gib-4.bin,195,33554432,483.64,,
0,bench/30gib-4.bin,196,33554432,437.20,,
0,bench/30gib-4.bin,197,33554432,455.20,,
0,bench/30gib-4.bin,198,33554432,377.45,,
0,bench/30gib-4.bin,199,33554432,388.31,,
0,bench/30gib-4.bin,200,33554432,347.70,,
0,bench/30gib-4.bin,201,33554432,362.81,,
0,bench/30gib-4.bin,202,33554432,448.42,,
0,bench/30gib-4.bin,203,33554432,418.96,,
0,bench/30gib-4.bin,204,33554432,381.45,,
0,bench/30gib-4.bin,205,33554432,462.78,,
0,bench/30gib-4.bin,206,33554432,406.19,,
0,bench/30gib-4.bin,207,33554432,382.72,,
0,bench/30gib-4.bin,208,33554432,340.86,,
0,bench/30gib-4.bin,209,33554432,386.28,,
0,bench/30gib-4.bin,210,33554432,340.66,,
0,bench/30gib-4.bin,211,33554432,352.06,,
0,bench/30gib-4.bin,212,33554432,420.61,,
0,bench/30gib-4.bin,213,33554432,347.11,,
0,bench/30gib-4.bin,214,33554432,427.05,,
0,bench/30gib-4.bin,215,33554432,350.02,,
0,bench/30gib-4.bin,216,33554432,1046.91,,
0,bench/30gib-4.bin,217,33554432,585.33,,
0,bench/30gib-4.bin,218,33554432,413.55,,
0,bench/30gib-4.bin,219,33554432,424.64,,
0,bench/30gib-4.bin,220,33554432,340.11,,
0,bench/30gib-4.bin,221,33554432,371.65,,
0,bench/30gib-4.bin,222,33554432,343.51,,
0,bench/30gib-4.bin,223,33554432,442.74,,
0,bench/30gib-4.bin,224,33554432,519.65,,
0,bench/30gib-4.bin,225,33554432,449.08,,
0,bench/30gib-4.bin,226,33554432,391.99,,
0,bench/30gib-4.bin,227,33554432,455.84,,
0,bench/30gib-4.bin,228,33554432,364.05,,
0,bench/30gib-4.bin,229,33554432,343.95,,
0,bench/30gib-4.bin,230,33554432,408.72,,
0,bench/30gib-4.bin,231,33554432,342.03,,
0,bench/30gib-4.bin,232,33554432,348.99,,
0,bench/30gib-4.bin,233,33554432,346.17,,
0,bench/30gib-4.bin,234,33554432,360.50,,
0,bench/30gib-4.bin,235,33554432,428.17,,
0,bench/30gib-4.bin,236,33554432,510.25,,
0,bench/30gib-4.bin,237,33554432,429.35,,
0,bench/30gib-4.bin,238,33554432,356.43,,
0,bench/30gib-4.bin,239,33554432,345.83,,
0,bench/30gib-4.bin,240,33554432,440.55,,
0,bench/30gib-4.bin,241,33554432,1001.21,,
0,bench/30gib-4.bin,242,33554432,368.13,,
0,bench/30gib-4.bin,243,33554432,539.30,,
0,bench/30gib-4.bin,244,33554432,406.13,,
0,bench/30gib-4.bin,245,33554432,431.71,,
0,bench/30gib-4.bin,246,33554432,342.36,,
0,bench/30gib-4.bin,247,33554432,371.78,,
0,bench/30gib-4.bin,248,33554432,345.51,,
0,bench/30gib-4.bin,249,33554432,343.82,,
0,bench/30gib-4.bin,250,33554432,474.62,,
0,bench/30gib-4.bin,251,33554432,392.07,,
0,bench/30gib-4.bin,252,33554432,519.47,,
0,bench/30gib-4.bin,253,33554432,405.23,,
0,bench/30gib-4.bin,254,33554432,450.01,,
0,bench/30gib-4.bin,255,33554432,701.78,,
0,bench/30gib-4.bin,256,33554432,341.47,,
0,bench/30gib-4.bin,257,33554432,480.91,,
0,bench/30gib-4.bin,258,33554432,428.29,,
0,bench/30gib-4.bin,259,33554432,400.96,,
0,bench/30gib-4.bin,260,33554432,355.20,,
0,bench/30gib-4.bin,261,33554432,437.37,,
0,bench/30gib-4.bin,262,33554432,346.50,,
0,bench/30gib-4.bin,263,33554432,370.97,,
0,bench/30gib-4.bin,264,33554432,352.02,,
0,bench/30gib-4.bin,265,33554432,429.60,,
0,bench/30gib-4.bin,266,33554432,400.81,,
0,bench/30gib-4.bin,267,33554432,404.62,,
0,bench/30gib-4.bin,268,33554432,403.26,,
0,bench/30gib-4.bin,269,33554432,343.39,,
0,bench/30gib-4.bin,270,33554432,422.57,,
0,bench/30gib-4.bin,271,33554432,344.31,,
0,bench/30gib-4.bin,272,33554432,529.96,,
0,bench/30gib-4.bin,273,33554432,421.44,,
0,bench/30gib-4.bin,274,33554432,376.82,,
0,bench/30gib-4.bin,275,33554432,367.15,,
0,bench/30gib-4.bin,276,33554432,408.88,,
0,bench/30gib-4.bin,277,33554432,422.11,,
0,bench/30gib-4.bin,278,33554432,472.38,,
0,bench/30gib-4.bin,279,33554432,355.97,,
0,bench/30gib-4.bin,280,33554432,386.75,,
0,bench/30gib-4.bin,281,33554432,553.79,,
0,bench/30gib-4.bin,282,33554432,353.86,,
0,bench/30gib-4.bin,283,33554432,517.29,,
0,bench/30gib-4.bin,284,33554432,358.34,,
0,bench/30gib-4.bin,285,33554432,452.48,,
0,bench/30gib-4.bin,286,33554432,422.17,,
0,bench/30gib-4.bin,287,33554432,347.14,,
0,bench/30gib-4.bin,288,33554432,396.96,,
0,bench/30gib-4.bin,289,33554432,345.11,,
0,bench/30gib-4.bin,290,33554432,407.67,,
0,bench/30gib-4.bin,291,33554432,382.18,,
0,bench/30gib-4.bin,292,33554432,478.95,,
0,bench/30gib-4.bin,293,33554432,363.74,,
0,bench/30gib-4.bin,294,33554432,407.88,,
0,bench/30gib-4.bin,295,33554432,372.26,,
0,bench/30gib-4.bin,296,33554432,406.00,,
0,bench/30gib-4.bin,297,33554432,375.20,,
0,bench/30gib-4.bin,298,33554432,440.97,,
0,bench/30gib-4.bin,299,33554432,426.15,,
0,bench/30gib-4.bin,300,33554432,490.22,,
0,bench/30gib-4.bin,301,33554432,355.27,,
0,bench/30gib-4.bin,302,33554432,353.12,,
0,bench/30gib-4.bin,303,33554432,359.37,,
0,bench/30gib-4.bin,304,33554432,346.39,,
0,bench/30gib-4.bin,305,33554432,593.32,,
0,bench/30gib-4.bin,306,33554432,500.55,,
0,bench/30gib-4.bin,307,33554432,458.43,,
0,bench/30gib-4.bin,308,33554432,682.02,,
0,bench/30gib-4.bin,309,33554432,491.51,,
0,bench/30gib-4.bin,310,33554432,532.12,,
0,bench/30gib-4.bin,311,33554432,381.26,,
0,bench/30gib-4.bin,312,33554432,1469.26,,
0,bench/30gib-4.bin,313,33554432,484.46,,
0,bench/30gib-4.bin,314,33554432,390.84,,
0,bench/30gib-4.bin,315,33554432,385.93,,
0,bench/30gib-4.bin,316,33554432,543.61,,
0,bench/30gib-4.bin,317,33554432,509.85,,
0,bench/30gib-4.bin,318,33554432,390.14,,
0,bench/30gib-4.bin,319,33554432,362.05,,
0,bench/30gib-4.bin,320,33554432,411.09,,
0,bench/30gib-4.bin,321,33554432,481.21,,
0,bench/30gib-4.bin,322,33554432,472.72,,
0,bench/30gib-4.bin,323,33554432,423.48,,
0,bench/30gib-4.bin,324,33554432,341.54,,
0,bench/30gib-4.bin,325,33554432,461.58,,
0,bench/30gib-4.bin,326,33554432,394.17,,
0,bench/30gib-4.bin,327,33554432,354.84,,
0,bench/30gib-4.bin,328,33554432,341.86,,
0,bench/30gib-4.bin,329,33554432,657.07,,
0,bench/30gib-4.bin,330,33554432,346.64,,
0,bench/30gib-4.bin,331,33554432,341.76,,
0,bench/30gib-4.bin,332,33554432,339.99,,
0,bench/30gib-4.bin,333,33554432,347.59,,
0,bench/30gib-4.bin,334,33554432,434.26,,
0,bench/30gib-4.bin,335,33554432,455.25,,
0,bench/30gib-4.bin,336,33554432,418.74,,
0,bench/30gib-4.bin,337,33554432,351.90,,
0,bench/30gib-4.bin,338,33554432,457.71,,
0,bench/30gib-4.bin,339,33554432,407.51,,
0,bench/30gib-4.bin,340,33554432,342.28,,
0,bench/30gib-4.bin,341,33554432,346.43,,
0,bench/30gib-4.bin,342,33554432,495.83,,
0,bench/30gib-4.bin,343,33554432,522.01,,
0,bench/30gib-4.bin,344,33554432,387.16,,
0,bench/30gib-4.bin,345,33554432,428.98,,
0,bench/30gib-4.bin,346,33554432,383.99,,
0,bench/30gib-4.bin,347,33554432,376.33,,
0,bench/30gib-4.bin,348,33554432,687.03,,
0,bench/30gib-4.bin,349,33554432,362.75,,
0,bench/30gib-4.bin,350,33554432,443.12,,
0,bench/30gib-4.bin,351,33554432,431.58,,
0,bench/30gib-4.bin,352,33554432,443.70,,
0,bench/30gib-4.bin,353,33554432,402.51,,
0,bench/30gib-4.bin,354,33554432,437.99,,
0,bench/30gib-4.bin,355,33554432,346.49,,
0,bench/30gib-4.bin,356,33554432,358.36,,
0,bench/30gib-4.bin,357,33554432,344.53,,
0,bench/30gib-4.bin,358,33554432,468.14,,
0,bench/30gib-4.bin,359,33554432,347.37,,
0,bench/30gib-4.bin,360,33554432,559.52,,
0,bench/30gib-4.bin,361,33554432,461.24,,
0,bench/30gib-4.bin,362,33554432,580.07,,
0,bench/30gib-4.bin,363,33554432,445.90,,
0,bench/30gib-4.bin,364,33554432,369.43,,
0,bench/30gib-4.bin,365,33554432,408.32,,
0,bench/30gib-4.bin,366,33554432,379.26,,
0,bench/30gib-4.bin,367,33554432,552.81,,
0,bench/30gib-4.bin,368,33554432,350.19,,
0,bench/30gib-4.bin,369,33554432,697.94,,
0,bench/30gib-4.bin,370,33554432,418.74,,
0,bench/30gib-4.bin,371,33554432,355.75,,
0,bench/30gib-4.bin,372,33554432,349.29,,
0,bench/30gib-4.bin,373,33554432,351.05,,
0,bench/30gib-4.bin,374,33554432,455.59,,
0,bench/30gib-4.bin,375,33554432,428.20,,
0,bench/30gib-4.bin,376,33554432,391.67,,
0,bench/30gib-4.bin,377,33554432,423.59,,
0,bench/30gib-4.bin,378,33554432,439.51,,
0,bench/30gib-4.bin,379,33554432,613.11,,
0,bench/30gib-4.bin,380,33554432,635.12,,
0,bench/30gib-4.bin,381,33554432,405.68,,
0,bench/30gib-4.bin,382,33554432,421.26,,
0,bench/30gib-4.bin,383,33554432,449.82,,
0,bench/30gib-4.bin,384,33554432,682.78,,
0,bench/30gib-4.bin,385,33554432,416.61,,
0,bench/30gib-4.bin,386,33554432,463.74,,
0,bench/30gib-4.bin,387,33554432,587.64,,
0,bench/30gib-4.bin,388,33554432,434.45,,
0,bench/30gib-4.bin,389,33554432,863.62,,
0,bench/30gib-4.bin,390,33554432,356.57,,
0,bench/30gib-4.bin,391,33554432,358.73,,
0,bench/30gib-4.bin,392,33554432,419.02,,
0,bench/30gib-4.bin,393,33554432,450.02,,
0,bench/30gib-4.bin,394,33554432,648.05,,
0,bench/30gib-4.bin,395,33554432,359.98,,
0,bench/30gib-4.bin,396,33554432,626.69,,
0,bench/30gib-4.bin,397,33554432,406.85,,
0,bench/30gib-4.bin,398,33554432,343.36,,
0,bench/30gib-4.bin,399,33554432,398.04,,
0,bench/30gib-4.bin,400,33554432,573.44,,
0,bench/30gib-4.bin,401,33554432,378.24,,
0,bench/30gib-4.bin,402,33554432,342.05,,
0,bench/30gib-4.bin,403,33554432,456.33,,
0,bench/30gib-4.bin,404,33554432,392.37,,
0,bench/30gib-4.bin,405,33554432,418.69,,
0,bench/30gib-4.bin,406,33554432,346.47,,
0,bench/30gib-4.bin,407,33554432,340.27,,
0,bench/30gib-4.bin,408,33554432,398.92,,
0,bench/30gib-4.bin,409,33554432,434.36,,
0,bench/30gib-4.bin,410,33554432,475.18,,
0,bench/30gib-4.bin,411,33554432,349.07,,
0,bench/30gib-4.bin,412,33554432,438.11,,
0,bench/30gib-4.bin,413,33554432,343.60,,
0,bench/30gib-4.bin,414,33554432,704.35,,
0,bench/30gib-4.bin,415,33554432,372.17,,
0,bench/30gib-4.bin,416,33554432,436.36,,
0,bench/30gib-4.bin,417,33554432,378.23,,
0,bench/30gib-4.bin,418,33554432,406.68,,
0,bench/30gib-4.bin,419,33554432,375.80,,
0,bench/30gib-4.bin,420,33554432,352.13,,
0,bench/30gib-4.bin,421,33554432,341.33,,
0,bench/30gib-4.bin,422,33554432,872.10,,
0,bench/30gib-4.bin,423,33554432,386.63,,
0,bench/30gib-4.bin,424,33554432,379.39,,
0,bench/30gib-4.bin,425,33554432,1199.93,,
0,bench/30gib-4.bin,426,33554432,377.30,,
0,bench/30gib-4.bin,427,33554432,347.59,,
0,bench/30gib-4.bin,428,33554432,540.73,,
0,bench/30gib-4.bin,429,33554432,448.77,,
0,bench/30gib-4.bin,430,33554432,666.96,,
0,bench/30gib-4.bin,431,33554432,385.40,,
0,bench/30gib-4.bin,432,33554432,359.65,,
0,bench/30gib-4.bin,433,33554432,495.16,,
0,bench/30gib-4.bin,434,33554432,510.10,,
0,bench/30gib-4.bin,435,33554432,428.10,,
0,bench/30gib-4.bin,436,33554432,474.92,,
0,bench/30gib-4.bin,437,33554432,359.40,,
0,bench/30gib-4.bin,438,33554432,566.05,,
0,bench/30gib-4.bin,439,33554432,495.70,,
0,bench/30gib-4.bin,440,33554432,344.34,,
0,bench/30gib-4.bin,441,33554432,486.97,,
0,bench/30gib-4.bin,442,33554432,432.82,,
0,bench/30gib-4.bin,443,33554432,626.02,,
0,bench/30gib-4.bin,444,33554432,339.49,,
0,bench/30gib-4.bin,445,33554432,415.07,,
0,bench/30gib-4.bin,446,33554432,341.49,,
0,bench/30gib-4.bin,447,33554432,341.64,,
0,bench/30gib-4.bin,448,33554432,397.23,,
0,bench/30gib-4.bin,449,33554432,360.29,,
0,bench/30gib-4.bin,450,33554432,523.27,,
0,bench/30gib-4.bin,451,33554432,382.77,,
0,bench/30gib-4.bin,452,33554432,375.53,,
0,bench/30gib-4.bin,453,33554432,455.78,,
0,bench/30gib-4.bin,454,33554432,383.59,,
0,bench/30gib-4.bin,455,33554432,426.52,,
0,bench/30gib-4.bin,456,33554432,512.04,,
0,bench/30gib-4.bin,457,33554432,346.73,,
0,bench/30gib-4.bin,458,33554432,485.35,,
0,bench/30gib-4.bin,459,33554432,342.41,,
0,bench/30gib-4.bin,460,33554432,469.21,,
0,bench/30gib-4.bin,461,33554432,528.29,,
0,bench/30gib-4.bin,462,33554432,353.41,,
0,bench/30gib-4.bin,463,33554432,466.47,,
0,bench/30gib-4.bin,464,33554432,364.30,,
0,bench/30gib-4.bin,465,33554432,435.76,,
0,bench/30gib-4.bin,466,33554432,555.16,,
0,bench/30gib-4.bin,467,33554432,489.99,,
0,bench/30gib-4.bin,468,33554432,350.61,,
0,bench/30gib-4.bin,469,33554432,411.09,,
0,bench/30gib-4.bin,470,33554432,402.19,,
0,bench/30gib-4.bin,471,33554432,344.92,,
0,bench/30gib-4.bin,472,33554432,341.71,,
0,bench/30gib-4.bin,473,33554432,390.06,,
0,bench/30gib-4.bin,474,33554432,349.59,,
0,bench/30gib-4.bin,475,33554432,340.52,,
0,bench/30gib-4.bin,476,33554432,435.72,,
0,bench/30gib-4.bin,477,33554432,348.61,,
0,bench/30gib-4.bin,478,33554432,414.84,,
0,bench/30gib-4.bin,479,33554432,464.75,,
0,bench/30gib-4.bin,480,33554432,403.37,,
0,bench/30gib-4.bin,481,33554432,344.92,,
0,bench/30gib-4.bin,482,33554432,469.01,,
0,bench/30gib-4.bin,483,33554432,342.39,,
0,bench/30gib-4.bin,484,33554432,347.74,,
0,bench/30gib-4.bin,485,33554432,433.59,,
0,bench/30gib-4.bin,486,33554432,350.86,,
0,bench/30gib-4.bin,487,33554432,343.60,,
0,bench/30gib-4.bin,488,33554432,386.63,,
0,bench/30gib-4.bin,489,33554432,715.59,,
0,bench/30gib-4.bin,490,33554432,447.35,,
0,bench/30gib-4.bin,491,33554432,354.83,,
0,bench/30gib-4.bin,492,33554432,368.56,,
0,bench/30gib-4.bin,493,33554432,363.33,,
0,bench/30gib-4.bin,494,33554432,445.60,,
0,bench/30gib-4.bin,495,33554432,419.65,,
0,bench/30gib-4.bin,496,33554432,439.85,,
0,bench/30gib-4.bin,497,33554432,344.09,,
0,bench/30gib-4.bin,498,33554432,416.72,,
0,bench/30gib-4.bin,499,33554432,391.44,,
0,bench/30gib-4.bin,500,33554432,681.16,,
0,bench/30gib-4.bin,501,33554432,529.37,,
0,bench/30gib-4.bin,502,33554432,420.28,,
0,bench/30gib-4.bin,503,33554432,346.74,,
0,bench/30gib-4.bin,504,33554432,351.44,,
0,bench/30gib-4.bin,505,33554432,415.93,,
0,bench/30gib-4.bin,506,33554432,342.19,,
0,bench/30gib-4.bin,507,33554432,342.53,,
0,bench/30gib-4.bin,508,33554432,351.08,,
0,bench/30gib-4.bin,509,33554432,524.17,,
0,bench/30gib-4.bin,510,33554432,346.84,,
0,bench/30gib-4.bin,511,33554432,344.32,,
0,bench/30gib-4.bin,512,33554432,342.07,,
0,bench/30gib-4.bin,513,33554432,487.10,,
0,bench/30gib-4.bin,514,33554432,393.59,,
0,bench/30gib-4.bin,515,33554432,345.44,,
0,bench/30gib-4.bin,516,33554432,341.66,,
0,bench/30gib-4.bin,517,33554432,546.36,,
0,bench/30gib-4.bin,518,33554432,533.74,,
0,bench/30gib-4.bin,519,33554432,461.64,,
0,bench/30gib-4.bin,520,33554432,383.79,,
0,bench/30gib-4.bin,521,33554432,391.56,,
0,bench/30gib-4.bin,522,33554432,339.87,,
0,bench/30gib-4.bin,523,33554432,416.43,,
0,bench/30gib-4.bin,524,33554432,345.33,,
0,bench/30gib-4.bin,525,33554432,342.38,,
0,bench/30gib-4.bin,526,33554432,532.04,,
0,bench/30gib-4.bin,527,33554432,353.24,,
0,bench/30gib-4.bin,528,33554432,357.51,,
0,bench/30gib-4.bin,529,33554432,374.13,,
0,bench/30gib-4.bin,530,33554432,437.31,,
0,bench/30gib-4.bin,531,33554432,351.90,,
0,bench/30gib-4.bin,532,33554432,406.04,,
0,bench/30gib-4.bin,533,33554432,385.75,,
0,bench/30gib-4.bin,534,33554432,378.99,,
0,bench/30gib-4.bin,535,33554432,444.35,,
0,bench/30gib-4.bin,536,33554432,422.44,,
0,bench/30gib-4.bin,537,33554432,362.85,,
0,bench/30gib-4.bin,538,33554432,342.95,,
0,bench/30gib-4.bin,539,33554432,434.54,,
0,bench/30gib-4.bin,540,33554432,349.67,,
0,bench/30gib-4.bin,541,33554432,349.87,,
0,bench/30gib-4.bin,542,33554432,492.01,,
0,bench/30gib-4.bin,543,33554432,384.65,,
0,bench/30gib-4.bin,544,33554432,520.84,,
0,bench/30gib-4.bin,545,33554432,436.78,,
0,bench/30gib-4.bin,546,33554432,384.34,,
0,bench/30gib-4.bin,547,33554432,342.01,,
0,bench/30gib-4.bin,548,33554432,381.37,,
0,bench/30gib-4.bin,549,33554432,452.83,,
0,bench/30gib-4.bin,550,33554432,410.25,,
0,bench/30gib-4.bin,551,33554432,402.32,,
0,bench/30gib-4.bin,552,33554432,343.60,,
0,bench/30gib-4.bin,553,33554432,348.36,,
0,bench/30gib-4.bin,554,33554432,384.72,,
0,bench/30gib-4.bin,555,33554432,429.87,,
0,bench/30gib-4.bin,556,33554432,344.04,,
0,bench/30gib-4.bin,557,33554432,459.80,,
0,bench/30gib-4.bin,558,33554432,416.64,,
0,bench/30gib-4.bin,559,33554432,348.70,,
0,bench/30gib-4.bin,560,33554432,545.11,,
0,bench/30gib-4.bin,561,33554432,381.33,,
0,bench/30gib-4.bin,562,33554432,394.82,,
0,bench/30gib-4.bin,563,33554432,454.99,,
0,bench/30gib-4.bin,564,33554432,478.08,,
0,bench/30gib-4.bin,565,33554432,479.59,,
0,bench/30gib-4.bin,566,33554432,474.07,,
0,bench/30gib-4.bin,567,33554432,353.62,,
0,bench/30gib-4.bin,568,33554432,667.52,,
0,bench/30gib-4.bin,569,33554432,454.97,,
0,bench/30gib-4.bin,570,33554432,472.67,,
0,bench/30gib-4.bin,571,33554432,347.21,,
0,bench/30gib-4.bin,572,33554432,442.31,,
0,bench/30gib-4.bin,573,33554432,475.87,,
0,bench/30gib-4.bin,574,33554432,341.50,,
0,bench/30gib-4.bin,575,33554432,604.88,,
0,bench/30gib-4.bin,576,33554432,446.90,,
0,bench/30gib-4.bin,577,33554432,457.46,,
0,bench/30gib-4.bin,578,33554432,341.02,,
0,bench/30gib-4.bin,579,33554432,482.86,,
0,bench/30gib-4.bin,580,33554432,368.42,,
0,bench/30gib-4.bin,581,33554432,342.67,,
0,bench/30gib-4.bin,582,33554432,433.92,,
0,bench/30gib-4.bin,583,33554432,452.75,,
0,bench/30gib-4.bin,584,33554432,391.09,,
0,bench/30gib-4.bin,585,33554432,348.62,,
0,bench/30gib-4.bin,586,33554432,553.75,,
0,bench/30gib-4.bin,587,33554432,713.29,,
0,bench/30gib-4.bin,588,33554432,372.53,,
0,bench/30gib-4.bin,589,33554432,422.03,,
0,bench/30gib-4.bin,590,33554432,371.60,,
0,bench/30gib-4.bin,591,33554432,347.79,,
0,bench/30gib-4.bin,592,33554432,494.64,,
0,bench/30gib-4.bin,593,33554432,357.34,,
0,bench/30gib-4.bin,594,33554432,420.20,,
0,bench/30gib-4.bin,595,33554432,348.40,,
0,bench/30gib-4.bin,596,33554432,424.13,,
0,bench/30gib-4.bin,597,33554432,355.40,,
0,bench/30gib-4.bin,598,33554432,513.36,,
0,bench/30gib-4.bin,599,33554432,355.41,,
0,bench/30gib-4.bin,600,33554432,340.67,,
0,bench/30gib-4.bin,601,33554432,343.41,,
0,bench/30gib-4.bin,602,33554432,402.49,,
0,bench/30gib-4.bin,603,33554432,344.85,,
0,bench/30gib-4.bin,604,33554432,606.72,,
0,bench/30gib-4.bin,605,33554432,494.06,,
0,bench/30gib-4.bin,606,33554432,351.42,,
0,bench/30gib-4.bin,607,33554432,469.45,,
0,bench/30gib-4.bin,608,33554432,355.81,,
0,bench/30gib-4.bin,609,33554432,355.31,,
0,bench/30gib-4.bin,610,33554432,453.40,,
0,bench/30gib-4.bin,611,33554432,462.97,,
0,bench/30gib-4.bin,612,33554432,437.19,,
0,bench/30gib-4.bin,613,33554432,423.76,,
0,bench/30gib-4.bin,614,33554432,364.31,,
0,bench/30gib-4.bin,615,33554432,436.03,,
0,bench/30gib-4.bin,616,33554432,349.57,,
0,bench/30gib-4.bin,617,33554432,579.29,,
0,bench/30gib-4.bin,618,33554432,463.72,,
0,bench/30gib-4.bin,619,33554432,383.54,,
0,bench/30gib-4.bin,620,33554432,592.22,,
0,bench/30gib-4.bin,621,33554432,388.06,,
0,bench/30gib-4.bin,622,33554432,342.96,,
0,bench/30gib-4.bin,623,33554432,387.04,,
0,bench/30gib-4.bin,624,33554432,951.22,,
0,bench/30gib-4.bin,625,33554432,545.03,,
0,bench/30gib-4.bin,626,33554432,344.56,,
0,bench/30gib-4.bin,627,33554432,429.27,,
0,bench/30gib-4.bin,628,33554432,341.48,,
0,bench/30gib-4.bin,629,33554432,351.62,,
0,bench/30gib-4.bin,630,33554432,420.90,,
0,bench/30gib-4.bin,631,33554432,367.14,,
0,bench/30gib-4.bin,632,33554432,531.58,,
0,bench/30gib-4.bin,633,33554432,352.94,,
0,bench/30gib-4.bin,634,33554432,346.81,,
0,bench/30gib-4.bin,635,33554432,392.54,,
0,bench/30gib-4.bin,636,33554432,342.09,,
0,bench/30gib-4.bin,637,33554432,376.89,,
0,bench/30gib-4.bin,638,33554432,622.99,,
0,bench/30gib-4.bin,639,33554432,390.65,,
0,bench/30gib-4.bin,640,33554432,517.17,,
0,bench/30gib-4.bin,641,33554432,435.23,,
0,bench/30gib-4.bin,642,33554432,387.34,,
0,bench/30gib-4.bin,643,33554432,348.80,,
0,bench/30gib-4.bin,644,33554432,646.38,,
0,bench/30gib-4.bin,645,33554432,341.76,,
0,bench/30gib-4.bin,646,33554432,551.56,,
0,bench/30gib-4.bin,647,33554432,353.96,,
0,bench/30gib-4.bin,648,33554432,382.08,,
0,bench/30gib-4.bin,649,33554432,393.46,,
0,bench/30gib-4.bin,650,33554432,601.20,,
0,bench/30gib-4.bin,651,33554432,916.09,,
0,bench/30gib-4.bin,652,33554432,392.45,,
0,bench/30gib-4.bin,653,33554432,356.60,,
0,bench/30gib-4.bin,654,33554432,426.40,,
0,bench/30gib-4.bin,655,33554432,341.29,,
0,bench/30gib-4.bin,656,33554432,349.82,,
0,bench/30gib-4.bin,657,33554432,463.46,,
0,bench/30gib-4.bin,658,33554432,739.91,,
0,bench/30gib-4.bin,659,33554432,1526.15,,
0,bench/30gib-4.bin,660,33554432,457.41,,
0,bench/30gib-4.bin,661,33554432,496.81,,
0,bench/30gib-4.bin,662,33554432,376.21,,
0,bench/30gib-4.bin,663,33554432,473.59,,
0,bench/30gib-4.bin,664,33554432,366.11,,
0,bench/30gib-4.bin,665,33554432,341.16,,
0,bench/30gib-4.bin,666,33554432,368.94,,
0,bench/30gib-4.bin,667,33554432,577.36,,
0,bench/30gib-4.bin,668,33554432,469.76,,
0,bench/30gib-4.bin,669,33554432,571.59,,
0,bench/30gib-4.bin,670,33554432,507.22,,
0,bench/30gib-4.bin,671,33554432,343.03,,
0,bench/30gib-4.bin,672,33554432,483.40,,
0,bench/30gib-4.bin,673,33554432,496.04,,
0,bench/30gib-4.bin,674,33554432,468.26,,
0,bench/30gib-4.bin,675,33554432,343.43,,
0,bench/30gib-4.bin,676,33554432,349.56,,
0,bench/30gib-4.bin,677,33554432,377.30,,
0,bench/30gib-4.bin,678,33554432,539.69,,
0,bench/30gib-4.bin,679,33554432,345.51,,
0,bench/30gib-4.bin,680,33554432,353.70,,
0,bench/30gib-4.bin,681,33554432,426.14,,
0,bench/30gib-4.bin,682,33554432,406.73,,
0,bench/30gib-4.bin,683,33554432,558.20,,
0,bench/30gib-4.bin,684,33554432,408.48,,
0,bench/30gib-4.bin,685,33554432,341.03,,
0,bench/30gib-4.bin,686,33554432,349.95,,
0,bench/30gib-4.bin,687,33554432,403.19,,
0,bench/30gib-4.bin,688,33554432,421.87,,
0,bench/30gib-4.bin,689,33554432,758.24,,
0,bench/30gib-4.bin,690,33554432,422.08,,
0,bench/30gib-4.bin,691,33554432,342.71,,
0,bench/30gib-4.bin,692,33554432,419.77,,
0,bench/30gib-4.bin,693,33554432,531.05,,
0,bench/30gib-4.bin,694,33554432,356.25,,
0,bench/30gib-4.bin,695,33554432,352.14,,
0,bench/30gib-4.bin,696,33554432,408.46,,
0,bench/30gib-4.bin,697,33554432,479.61,,
0,bench/30gib-4.bin,698,33554432,367.04,,
0,bench/30gib-4.bin,699,33554432,340.58,,
0,bench/30gib-4.bin,700,33554432,405.28,,
0,bench/30gib-4.bin,701,33554432,344.07,,
0,bench/30gib-4.bin,702,33554432,521.06,,
0,bench/30gib-4.bin,703,33554432,388.30,,
0,bench/30gib-4.bin,704,33554432,384.56,,
0,bench/30gib-4.bin,705,33554432,342.10,,
0,bench/30gib-4.bin,706,33554432,462.31,,
0,bench/30gib-4.bin,707,33554432,411.48,,
0,bench/30gib-4.bin,708,33554432,345.59,,
0,bench/30gib-4.bin,709,33554432,346.41,,
0,bench/30gib-4.bin,710,33554432,408.51,,
0,bench/30gib-4.bin,711,33554432,364.49,,
0,bench/30gib-4.bin,712,33554432,399.79,,
0,bench/30gib-4.bin,713,33554432,364.02,,
0,bench/30gib-4.bin,714,33554432,405.79,,
0,bench/30gib-4.bin,715,33554432,410.44,,
0,bench/30gib-4.bin,716,33554432,365.08,,
0,bench/30gib-4.bin,717,33554432,364.69,,
0,bench/30gib-4.bin,718,33554432,346.49,,
0,bench/30gib-4.bin,719,33554432,391.07,,
0,bench/30gib-4.bin,720,33554432,527.44,,
0,bench/30gib-4.bin,721,33554432,353.36,,
0,bench/30gib-4.bin,722,33554432,368.63,,
0,bench/30gib-4.bin,723,33554432,365.09,,
0,bench/30gib-4.bin,724,33554432,342.52,,
0,bench/30gib-4.bin,725,33554432,574.10,,
0,bench/30gib-4.bin,726,33554432,497.27,,
0,bench/30gib-4.bin,727,33554432,353.95,,
0,bench/30gib-4.bin,728,33554432,408.57,,
0,bench/30gib-4.bin,729,33554432,343.37,,
0,bench/30gib-4.bin,730,33554432,495.18,,
0,bench/30gib-4.bin,731,33554432,469.02,,
0,bench/30gib-4.bin,732,33554432,415.28,,
0,bench/30gib-4.bin,733,33554432,343.97,,
0,bench/30gib-4.bin,734,33554432,535.69,,
0,bench/30gib-4.bin,735,33554432,582.66,,
0,bench/30gib-4.bin,736,33554432,428.64,,
0,bench/30gib-4.bin,737,33554432,366.62,,
0,bench/30gib-4.bin,738,33554432,404.50,,
0,bench/30gib-4.bin,739,33554432,418.46,,
0,bench/30gib-4.bin,740,33554432,363.35,,
0,bench/30gib-4.bin,741,33554432,487.50,,
0,bench/30gib-4.bin,742,33554432,365.36,,
0,bench/30gib-4.bin,743,33554432,417.88,,
0,bench/30gib-4.bin,744,33554432,377.44,,
0,bench/30gib-4.bin,745,33554432,373.38,,
0,bench/30gib-4.bin,746,33554432,381.30,,
0,bench/30gib-4.bin,747,33554432,378.35,,
0,bench/30gib-4.bin,748,33554432,370.80,,
0,bench/30gib-4.bin,749,33554432,344.84,,
0,bench/30gib-4.bin,750,33554432,551.30,,
0,bench/30gib-4.bin,751,33554432,581.33,,
0,bench/30gib-4.bin,752,33554432,522.85,,
0,bench/30gib-4.bin,753,33554432,694.72,,
0,bench/30gib-4.bin,754,33554432,397.94,,
0,bench/30gib-4.bin,755,33554432,351.27,,
0,bench/30gib-4.bin,756,33554432,589.01,,
0,bench/30gib-4.bin,757,33554432,427.46,,
0,bench/30gib-4.bin,758,33554432,1226.69,,
0,bench/30gib-4.bin,759,33554432,408.36,,
0,bench/30gib-4.bin,760,33554432,347.72,,
0,bench/30gib-4.bin,761,33554432,469.03,,
0,bench/30gib-4.bin,762,33554432,631.43,,
0,bench/30gib-4.bin,763,33554432,508.82,,
0,bench/30gib-4.bin,764,33554432,387.24,,
0,bench/30gib-4.bin,765,33554432,346.28,,
0,bench/30gib-4.bin,766,33554432,372.04,,
0,bench/30gib-4.bin,767,33554432,482.21,,
0,bench/30gib-4.bin,768,33554432,571.25,,
0,bench/30gib-4.bin,769,33554432,360.52,,
0,bench/30gib-4.bin,770,33554432,383.94,,
0,bench/30gib-4.bin,771,33554432,353.28,,
0,bench/30gib-4.bin,772,33554432,463.00,,
0,bench/30gib-4.bin,773,33554432,566.72,,
0,bench/30gib-4.bin,774,33554432,356.39,,
0,bench/30gib-4.bin,775,33554432,430.07,,
0,bench/30gib-4.bin,776,33554432,510.68,,
0,bench/30gib-4.bin,777,33554432,390.66,,
0,bench/30gib-4.bin,778,33554432,556.82,,
0,bench/30gib-4.bin,779,33554432,492.73,,
0,bench/30gib-4.bin,780,33554432,518.44,,
0,bench/30gib-4.bin,781,33554432,473.27,,
0,bench/30gib-4.bin,782,33554432,467.20,,
0,bench/30gib-4.bin,783,33554432,399.96,,
0,bench/30gib-4.bin,784,33554432,476.93,,
0,bench/30gib-4.bin,785,33554432,439.92,,
0,bench/30gib-4.bin,786,33554432,402.36,,
0,bench/30gib-4.bin,787,33554432,347.50,,
0,bench/30gib-4.bin,788,33554432,430.74,,
0,bench/30gib-4.bin,789,33554432,351.89,,
0,bench/30gib-4.bin,790,33554432,376.99,,
0,bench/30gib-4.bin,791,33554432,390.34,,
0,bench/30gib-4.bin,792,33554432,345.62,,
0,bench/30gib-4.bin,793,33554432,431.67,,
0,bench/30gib-4.bin,794,33554432,376.89,,
0,bench/30gib-4.bin,795,33554432,579.56,,
0,bench/30gib-4.bin,796,33554432,492.23,,
0,bench/30gib-4.bin,797,33554432,394.51,,
0,bench/30gib-4.bin,798,33554432,341.31,,
0,bench/30gib-4.bin,799,33554432,490.81,,
0,bench/30gib-4.bin,800,33554432,343.52,,
0,bench/30gib-4.bin,801,33554432,347.31,,
0,bench/30gib-4.bin,802,33554432,879.93,,
0,bench/30gib-4.bin,803,33554432,351.50,,
0,bench/30gib-4.bin,804,33554432,412.38,,
0,bench/30gib-4.bin,805,33554432,370.48,,
0,bench/30gib-4.bin,806,33554432,359.94,,
0,bench/30gib-4.bin,807,33554432,586.33,,
0,bench/30gib-4.bin,808,33554432,495.79,,
0,bench/30gib-4.bin,809,33554432,358.64,,
0,bench/30gib-4.bin,810,33554432,468.95,,
0,bench/30gib-4.bin,811,33554432,515.92,,
0,bench/30gib-4.bin,812,33554432,385.08,,
0,bench/30gib-4.bin,813,33554432,376.43,,
0,bench/30gib-4.bin,814,33554432,430.69,,
0,bench/30gib-4.bin,815,33554432,497.07,,
0,bench/30gib-4.bin,816,33554432,379.38,,
0,bench/30gib-4.bin,817,33554432,422.38,,
0,bench/30gib-4.bin,818,33554432,545.82,,
0,bench/30gib-4.bin,819,33554432,421.15,,
0,bench/30gib-4.bin,820,33554432,350.14,,
0,bench/30gib-4.bin,821,33554432,341.78,,
0,bench/30gib-4.bin,822,33554432,426.24,,
0,bench/30gib-4.bin,823,33554432,436.86,,
0,bench/30gib-4.bin,824,33554432,381.77,,
0,bench/30gib-4.bin,825,33554432,440.86,,
0,bench/30gib-4.bin,826,33554432,342.31,,
0,bench/30gib-4.bin,827,33554432,429.20,,
0,bench/30gib-4.bin,828,33554432,342.78,,
0,bench/30gib-4.bin,829,33554432,339.54,,
0,bench/30gib-4.bin,830,33554432,349.39,,
0,bench/30gib-4.bin,831,33554432,389.86,,
0,bench/30gib-4.bin,832,33554432,384.57,,
0,bench/30gib-4.bin,833,33554432,551.67,,
0,bench/30gib-4.bin,834,33554432,343.41,,
0,bench/30gib-4.bin,835,33554432,458.62,,
0,bench/30gib-4.bin,836,33554432,496.04,,
0,bench/30gib-4.bin,837,33554432,688.22,,
0,bench/30gib-4.bin,838,33554432,472.10,,
0,bench/30gib-4.bin,839,33554432,350.04,,
0,bench/30gib-4.bin,840,33554432,536.07,,
0,bench/30gib-4.bin,841,33554432,590.13,,
0,bench/30gib-4.bin,842,33554432,427.81,,
0,bench/30gib-4.bin,843,33554432,360.90,,
0,bench/30gib-4.bin,844,33554432,342.92,,
0,bench/30gib-4.bin,845,33554432,348.90,,
0,bench/30gib-4.bin,846,33554432,358.08,,
0,bench/30gib-4.bin,847,33554432,518.97,,
0,bench/30gib-4.bin,848,33554432,374.05,,
0,bench/30gib-4.bin,849,33554432,365.08,,
0,bench/30gib-4.bin,850,33554432,341.25,,
0,bench/30gib-4.bin,851,33554432,477.75,,
0,bench/30gib-4.bin,852,33554432,428.97,,
0,bench/30gib-4.bin,853,33554432,341.29,,
0,bench/30gib-4.bin,854,33554432,587.65,,
0,bench/30gib-4.bin,855,33554432,526.84,,
0,bench/30gib-4.bin,856,33554432,427.30,,
0,bench/30gib-4.bin,857,33554432,640.20,,
0,bench/30gib-4.bin,858,33554432,399.19,,
0,bench/30gib-4.bin,859,33554432,348.47,,
0,bench/30gib-4.bin,860,33554432,340.49,,
0,bench/30gib-4.bin,861,33554432,443.74,,
0,bench/30gib-4.bin,862,33554432,391.53,,
0,bench/30gib-4.bin,863,33554432,649.62,,
0,bench/30gib-4.bin,864,33554432,538.71,,
0,bench/30gib-4.bin,865,33554432,610.38,,
0,bench/30gib-4.bin,866,33554432,471.32,,
0,bench/30gib-4.bin,867,33554432,421.38,,
0,bench/30gib-4.bin,868,33554432,342.21,,
0,bench/30gib-4.bin,869,33554432,486.04,,
0,bench/30gib-4.bin,870,33554432,352.67,,
0,bench/30gib-4.bin,871,33554432,348.89,,
0,bench/30gib-4.bin,872,33554432,388.44,,
0,bench/30gib-4.bin,873,33554432,345.17,,
0,bench/30gib-4.bin,874,33554432,376.19,,
0,bench/30gib-4.bin,875,33554432,363.25,,
0,bench/30gib-4.bin,876,33554432,441.44,,
0,bench/30gib-4.bin,877,33554432,344.97,,
0,bench/30gib-4.bin,878,33554432,359.13,,
0,bench/30gib-4.bin,879,33554432,538.38,,
0,bench/30gib-4.bin,880,33554432,548.92,,
0,bench/30gib-4.bin,881,33554432,452.22,,
0,bench/30gib-4.bin,882,33554432,349.35,,
0,bench/30gib-4.bin,883,33554432,369.36,,
0,bench/30gib-4.bin,884,33554432,508.32,,
0,bench/30gib-4.bin,885,33554432,444.64,,
0,bench/30gib-4.bin,886,33554432,379.50,,
0,bench/30gib-4.bin,887,33554432,373.42,,
0,bench/30gib-4.bin,888,33554432,533.85,,
0,bench/30gib-4.bin,889,33554432,355.59,,
0,bench/30gib-4.bin,890,33554432,454.24,,
0,bench/30gib-4.bin,891,33554432,357.21,,
0,bench/30gib-4.bin,892,33554432,435.77,,
0,bench/30gib-4.bin,893,33554432,414.67,,
0,bench/30gib-4.bin,894,33554432,491.11,,
0,bench/30gib-4.bin,895,33554432,341.34,,
0,bench/30gib-4.bin,896,33554432,546.62,,
0,bench/30gib-4.bin,897,33554432,341.87,,
0,bench/30gib-4.bin,898,33554432,441.16,,
0,bench/30gib-4.bin,899,33554432,389.79,,
0,bench/30gib-4.bin,900,33554432,375.47,,
0,bench/30gib-4.bin,901,33554432,344.95,,
0,bench/30gib-4.bin,902,33554432,345.77,,
0,bench/30gib-4.bin,903,33554432,430.47,,
0,bench/30gib-4.bin,904,33554432,387.01,,
0,bench/30gib-4.bin,905,33554432,478.29,,
0,bench/30gib-4.bin,906,33554432,612.13,,
0,bench/30gib-4.bin,907,33554432,341.70,,
0,bench/30gib-4.bin,908,33554432,401.86,,
0,bench/30gib-4.bin,909,33554432,347.06,,
0,bench/30gib-4.bin,910,33554432,345.08,,
0,bench/30gib-4.bin,911,33554432,479.47,,
0,bench/30gib-4.bin,912,33554432,442.36,,
0,bench/30gib-4.bin,913,33554432,448.13,,
0,bench/30gib-4.bin,914,33554432,513.73,,
0,bench/30gib-4.bin,915,33554432,353.39,,
0,bench/30gib-4.bin,916,33554432,357.48,,
0,bench/30gib-4.bin,917,33554432,357.04,,
0,bench/30gib-4.bin,918,33554432,345.49,,
0,bench/30gib-4.bin,919,33554432,389.49,,
0,bench/30gib-4.bin,920,33554432,447.64,,
0,bench/30gib-4.bin,921,33554432,347.01,,
0,bench/30gib-4.bin,922,33554432,396.11,,
0,bench/30gib-4.bin,923,33554432,343.13,,
0,bench/30gib-4.bin,924,33554432,349.49,,
0,bench/30gib-4.bin,925,33554432,465.35,,
0,bench/30gib-4.bin,926,33554432,346.09,,
0,bench/30gib-4.bin,927,33554432,407.67,,
0,bench/30gib-4.bin,928,33554432,497.77,,
0,bench/30gib-4.bin,929,33554432,653.83,,
0,bench/30gib-4.bin,930,33554432,528.64,,
0,bench/30gib-4.bin,931,33554432,347.47,,
0,bench/30gib-4.bin,932,33554432,361.07,,
0,bench/30gib-4.bin,933,33554432,342.16,,
0,bench/30gib-4.bin,934,33554432,401.16,,
0,bench/30gib-4.bin,935,33554432,345.77,,
0,bench/30gib-4.bin,936,33554432,341.75,,
0,bench/30gib-4.bin,937,33554432,448.10,,
0,bench/30gib-4.bin,938,33554432,386.09,,
0,bench/30gib-4.bin,939,33554432,345.18,,
0,bench/30gib-4.bin,940,33554432,572.44,,
0,bench/30gib-4.bin,941,33554432,455.10,,
0,bench/30gib-4.bin,942,33554432,423.38,,
0,bench/30gib-4.bin,943,33554432,370.18,,
0,bench/30gib-4.bin,944,33554432,626.92,,
0,bench/30gib-4.bin,945,33554432,385.66,,
0,bench/30gib-4.bin,946,33554432,436.77,,
0,bench/30gib-4.bin,947,33554432,404.93,,
0,bench/30gib-4.bin,948,33554432,447.28,,
0,bench/30gib-4.bin,949,33554432,485.33,,
0,bench/30gib-4.bin,950,33554432,341.26,,
0,bench/30gib-4.bin,951,33554432,382.74,,
0,bench/30gib-4.bin,952,33554432,374.04,,
0,bench/30gib-4.bin,953,33554432,428.88,,
0,bench/30gib-4.bin,954,33554432,414.14,,
0,bench/30gib-4.bin,955,33554432,341.79,,
0,bench/30gib-4.bin,956,33554432,359.69,,
0,bench/30gib-4.bin,957,33554432,355.58,,
0,bench/30gib-4.bin,958,33554432,344.20,,
0,bench/30gib-4.bin,959,33554432,442.24,,
0,bench/30gib-4.bin,960,33554432,340.95,,
0,bench/30gib-5.bin,1,33554432,1263.82,,
0,bench/30gib-5.bin,2,33554432,789.57,,
0,bench/30gib-5.bin,3,33554432,822.88,,
0,bench/30gib-5.bin,4,33554432,1719.90,,
0,bench/30gib-5.bin,5,33554432,999.35,,
0,bench/30gib-5.bin,6,33554432,1764.74,,
0,bench/30gib-5.bin,7,33554432,1069.40,,
0,bench/30gib-5.bin,8,33554432,2088.57,,
0,bench/30gib-5.bin,9,33554432,1370.04,,
0,bench/30gib-5.bin,10,33554432,1264.03,,
0,bench/30gib-5.bin,11,33554432,1150.95,,
0,bench/30gib-5.bin,12,33554432,1031.85,,
0,bench/30gib-5.bin,13,33554432,1518.77,,
0,bench/30gib-5.bin,14,33554432,1668.32,,
0,bench/30gib-5.bin,15,33554432,669.50,,
0,bench/30gib-5.bin,16,33554432,1068.68,,
0,bench/30gib-5.bin,17,33554432,1877.50,,
0,bench/30gib-5.bin,18,33554432,1969.32,,
0,bench/30gib-5.bin,19,33554432,1184.90,,
0,bench/30gib-5.bin,20,33554432,1915.79,,
0,bench/30gib-5.bin,21,33554432,975.63,,
0,bench/30gib-5.bin,22,33554432,1793.60,,
0,bench/30gib-5.bin,23,33554432,2086.51,,
0,bench/30gib-5.bin,24,33554432,1373.79,,
0,bench/30gib-5.bin,25,33554432,1809.22,,
0,bench/30gib-5.bin,26,33554432,1754.38,,
0,bench/30gib-5.bin,27,33554432,1018.16,,
0,bench/30gib-5.bin,28,33554432,931.06,,
0,bench/30gib-5.bin,29,33554432,839.05,,
0,bench/30gib-5.bin,30,33554432,1339.26,,
0,bench/30gib-5.bin,31,33554432,768.58,,
0,bench/30gib-5.bin,32,33554432,679.79,,
0,bench/30gib-5.bin,33,33554432,752.42,,
0,bench/30gib-5.bin,34,33554432,765.50,,
0,bench/30gib-5.bin,35,33554432,714.87,,
0,bench/30gib-5.bin,36,33554432,695.78,,
0,bench/30gib-5.bin,37,33554432,437.70,,
0,bench/30gib-5.bin,38,33554432,1235.39,,
0,bench/30gib-5.bin,39,33554432,931.67,,
0,bench/30gib-5.bin,40,33554432,812.01,,
0,bench/30gib-5.bin,41,33554432,441.63,,
0,bench/30gib-5.bin,42,33554432,567.03,,
0,bench/30gib-5.bin,43,33554432,730.18,,
0,bench/30gib-5.bin,44,33554432,435.09,,
0,bench/30gib-5.bin,45,33554432,530.90,,
0,bench/30gib-5.bin,46,33554432,673.51,,
0,bench/30gib-5.bin,47,33554432,643.72,,
0,bench/30gib-5.bin,48,33554432,680.62,,
0,bench/30gib-5.bin,49,33554432,435.47,,
0,bench/30gib-5.bin,50,33554432,556.34,,
0,bench/30gib-5.bin,51,33554432,395.58,,
0,bench/30gib-5.bin,52,33554432,668.48,,
0,bench/30gib-5.bin,53,33554432,506.08,,
0,bench/30gib-5.bin,54,33554432,621.00,,
0,bench/30gib-5.bin,55,33554432,640.96,,
0,bench/30gib-5.bin,56,33554432,675.21,,
0,bench/30gib-5.bin,57,33554432,587.08,,
0,bench/30gib-5.bin,58,33554432,445.65,,
0,bench/30gib-5.bin,59,33554432,567.52,,
0,bench/30gib-5.bin,60,33554432,512.89,,
0,bench/30gib-5.bin,61,33554432,729.15,,
0,bench/30gib-5.bin,62,33554432,633.54,,
0,bench/30gib-5.bin,63,33554432,403.77,,
0,bench/30gib-5.bin,64,33554432,556.50,,
0,bench/30gib-5.bin,65,33554432,478.47,,
0,bench/30gib-5.bin,66,33554432,544.67,,
0,bench/30gib-5.bin,67,33554432,433.21,,
0,bench/30gib-5.bin,68,33554432,506.94,,
0,bench/30gib-5.bin,69,33554432,354.11,,
0,bench/30gib-5.bin,70,33554432,455.07,,
0,bench/30gib-5.bin,71,33554432,479.77,,
0,bench/30gib-5.bin,72,33554432,552.46,,
0,bench/30gib-5.bin,73,33554432,556.81,,
0,bench/30gib-5.bin,74,33554432,350.89,,
0,bench/30gib-5.bin,75,33554432,478.55,,
0,bench/30gib-5.bin,76,33554432,376.95,,
0,bench/30gib-5.bin,77,33554432,488.23,,
0,bench/30gib-5.bin,78,33554432,517.06,,
0,bench/30gib-5.bin,79,33554432,512.51,,
0,bench/30gib-5.bin,80,33554432,481.02,,
0,bench/30gib-5.bin,81,33554432,603.96,,
0,bench/30gib-5.bin,82,33554432,622.70,,
0,bench/30gib-5.bin,83,33554432,362.18,,
0,bench/30gib-5.bin,84,33554432,598.57,,
0,bench/30gib-5.bin,85,33554432,359.44,,
0,bench/30gib-5.bin,86,33554432,424.23,,
0,bench/30gib-5.bin,87,33554432,365.67,,
0,bench/30gib-5.bin,88,33554432,370.39,,
0,bench/30gib-5.bin,89,33554432,517.72,,
0,bench/30gib-5.bin,90,33554432,597.65,,
0,bench/30gib-5.bin,91,33554432,525.28,,
0,bench/30gib-5.bin,92,33554432,562.06,,
0,bench/30gib-5.bin,93,33554432,410.72,,
0,bench/30gib-5.bin,94,33554432,450.51,,
0,bench/30gib-5.bin,95,33554432,502.58,,
0,bench/30gib-5.bin,96,33554432,370.63,,
0,bench/30gib-5.bin,97,33554432,398.48,,
0,bench/30gib-5.bin,98,33554432,398.74,,
0,bench/30gib-5.bin,99,33554432,605.50,,
0,bench/30gib-5.bin,100,33554432,346.95,,
0,bench/30gib-5.bin,101,33554432,349.30,,
0,bench/30gib-5.bin,102,33554432,361.63,,
0,bench/30gib-5.bin,103,33554432,378.51,,
0,bench/30gib-5.bin,104,33554432,346.04,,
0,bench/30gib-5.bin,105,33554432,438.01,,
0,bench/30gib-5.bin,106,33554432,346.39,,
0,bench/30gib-5.bin,107,33554432,345.89,,
0,bench/30gib-5.bin,108,33554432,453.87,,
0,bench/30gib-5.bin,109,33554432,419.99,,
0,bench/30gib-5.bin,110,33554432,345.11,,
0,bench/30gib-5.bin,111,33554432,425.35,,
0,bench/30gib-5.bin,112,33554432,1156.48,,
0,bench/30gib-5.bin,113,33554432,417.98,,
0,bench/30gib-5.bin,114,33554432,454.46,,
0,bench/30gib-5.bin,115,33554432,371.04,,
0,bench/30gib-5.bin,116,33554432,453.31,,
0,bench/30gib-5.bin,117,33554432,343.02,,
0,bench/30gib-5.bin,118,33554432,466.63,,
0,bench/30gib-5.bin,119,33554432,527.70,,
0,bench/30gib-5.bin,120,33554432,346.34,,
0,bench/30gib-5.bin,121,33554432,356.78,,
0,bench/30gib-5.bin,122,33554432,391.17,,
0,bench/30gib-5.bin,123,33554432,373.84,,
0,bench/30gib-5.bin,124,33554432,458.89,,
0,bench/30gib-5.bin,125,33554432,348.68,,
0,bench/30gib-5.bin,126,33554432,360.56,,
0,bench/30gib-5.bin,127,33554432,459.03,,
0,bench/30gib-5.bin,128,33554432,401.79,,
0,bench/30gib-5.bin,129,33554432,356.15,,
0,bench/30gib-5.bin,130,33554432,482.12,,
0,bench/30gib-5.bin,131,33554432,421.83,,
0,bench/30gib-5.bin,132,33554432,354.35,,
0,bench/30gib-5.bin,133,33554432,437.37,,
0,bench/30gib-5.bin,134,33554432,378.55,,
0,bench/30gib-5.bin,135,33554432,418.81,,
0,bench/30gib-5.bin,136,33554432,350.84,,
0,bench/30gib-5.bin,137,33554432,341.67,,
0,bench/30gib-5.bin,138,33554432,349.29,,
0,bench/30gib-5.bin,139,33554432,422.46,,
0,bench/30gib-5.bin,140,33554432,494.74,,
0,bench/30gib-5.bin,141,33554432,513.05,,
0,bench/30gib-5.bin,142,33554432,341.79,,
0,bench/30gib-5.bin,143,33554432,357.39,,
0,bench/30gib-5.bin,144,33554432,340.92,,
0,bench/30gib-5.bin,145,33554432,475.49,,
0,bench/30gib-5.bin,146,33554432,999.18,,
0,bench/30gib-5.bin,147,33554432,390.99,,
0,bench/30gib-5.bin,148,33554432,347.12,,
0,bench/30gib-5.bin,149,33554432,347.58,,
0,bench/30gib-5.bin,150,33554432,433.40,,
0,bench/30gib-5.bin,151,33554432,343.04,,
0,bench/30gib-5.bin,152,33554432,556.18,,
0,bench/30gib-5.bin,153,33554432,525.55,,
0,bench/30gib-5.bin,154,33554432,351.20,,
0,bench/30gib-5.bin,155,33554432,344.98,,
0,bench/30gib-5.bin,156,33554432,433.04,,
0,bench/30gib-5.bin,157,33554432,367.27,,
0,bench/30gib-5.bin,158,33554432,341.85,,
0,bench/30gib-5.bin,159,33554432,345.98,,
0,bench/30gib-5.bin,160,33554432,412.77,,
0,bench/30gib-5.bin,161,33554432,345.05,,
0,bench/30gib-5.bin,162,33554432,459.06,,
0,bench/30gib-5.bin,163,33554432,365.54,,
0,bench/30gib-5.bin,164,33554432,399.06,,
0,bench/30gib-5.bin,165,33554432,397.44,,
0,bench/30gib-5.bin,166,33554432,1355.33,,
0,bench/30gib-5.bin,167,33554432,390.67,,
0,bench/30gib-5.bin,168,33554432,402.93,,
0,bench/30gib-5.bin,169,33554432,401.75,,
0,bench/30gib-5.bin,170,33554432,431.99,,
0,bench/30gib-5.bin,171,33554432,581.03,,
0,bench/30gib-5.bin,172,33554432,340.43,,
0,bench/30gib-5.bin,173,33554432,350.44,,
0,bench/30gib-5.bin,174,33554432,1237.50,,
0,bench/30gib-5.bin,175,33554432,457.45,,
0,bench/30gib-5.bin,176,33554432,377.58,,
0,bench/30gib-5.bin,177,33554432,396.12,,
0,bench/30gib-5.bin,178,33554432,458.68,,
0,bench/30gib-5.bin,179,33554432,356.33,,
0,bench/30gib-5.bin,180,33554432,531.38,,
0,bench/30gib-5.bin,181,33554432,369.16,,
0,bench/30gib-5.bin,182,33554432,448.99,,
0,bench/30gib-5.bin,183,33554432,402.36,,
0,bench/30gib-5.bin,184,33554432,393.03,,
0,bench/30gib-5.bin,185,33554432,423.09,,
0,bench/30gib-5.bin,186,33554432,405.16,,
0,bench/30gib-5.bin,187,33554432,629.18,,
0,bench/30gib-5.bin,188,33554432,349.17,,
0,bench/30gib-5.bin,189,33554432,397.54,,
0,bench/30gib-5.bin,190,33554432,367.08,,
0,bench/30gib-5.bin,191,33554432,519.40,,
0,bench/30gib-5.bin,192,33554432,359.41,,
0,bench/30gib-5.bin,193,33554432,355.33,,
0,bench/30gib-5.bin,194,33554432,407.27,,
0,bench/30gib-5.bin,195,33554432,340.83,,
0,bench/30gib-5.bin,196,33554432,387.75,,
0,bench/30gib-5.bin,197,33554432,386.19,,
0,bench/30gib-5.bin,198,33554432,345.20,,
0,bench/30gib-5.bin,199,33554432,348.64,,
0,bench/30gib-5.bin,200,33554432,393.78,,
0,bench/30gib-5.bin,201,33554432,389.54,,
0,bench/30gib-5.bin,202,33554432,412.62,,
0,bench/30gib-5.bin,203,33554432,380.91,,
0,bench/30gib-5.bin,204,33554432,480.85,,
0,bench/30gib-5.bin,205,33554432,350.32,,
0,bench/30gib-5.bin,206,33554432,409.78,,
0,bench/30gib-5.bin,207,33554432,454.26,,
0,bench/30gib-5.bin,208,33554432,344.86,,
0,bench/30gib-5.bin,209,33554432,342.82,,
0,bench/30gib-5.bin,210,33554432,383.07,,
0,bench/30gib-5.bin,211,33554432,400.36,,
0,bench/30gib-5.bin,212,33554432,394.80,,
0,bench/30gib-5.bin,213,33554432,497.75,,
0,bench/30gib-5.bin,214,33554432,511.11,,
0,bench/30gib-5.bin,215,33554432,406.65,,
0,bench/30gib-5.bin,216,33554432,458.91,,
0,bench/30gib-5.bin,217,33554432,365.77,,
0,bench/30gib-5.bin,218,33554432,454.30,,
0,bench/30gib-5.bin,219,33554432,370.74,,
0,bench/30gib-5.bin,220,33554432,452.39,,
0,bench/30gib-5.bin,221,33554432,365.22,,
0,bench/30gib-5.bin,222,33554432,346.89,,
0,bench/30gib-5.bin,223,33554432,352.86,,
0,bench/30gib-5.bin,224,33554432,632.33,,
0,bench/30gib-5.bin,225,33554432,341.78,,
0,bench/30gib-5.bin,226,33554432,554.62,,
0,bench/30gib-5.bin,227,33554432,520.06,,
0,bench/30gib-5.bin,228,33554432,425.22,,
0,bench/30gib-5.bin,229,33554432,468.17,,
0,bench/30gib-5.bin,230,33554432,514.76,,
0,bench/30gib-5.bin,231,33554432,380.65,,
0,bench/30gib-5.bin,232,33554432,657.49,,
0,bench/30gib-5.bin,233,33554432,456.09,,
0,bench/30gib-5.bin,234,33554432,422.04,,
0,bench/30gib-5.bin,235,33554432,414.29,,
0,bench/30gib-5.bin,236,33554432,430.76,,
0,bench/30gib-5.bin,237,33554432,515.45,,
0,bench/30gib-5.bin,238,33554432,343.12,,
0,bench/30gib-5.bin,239,33554432,397.84,,
0,bench/30gib-5.bin,240,33554432,376.81,,
0,bench/30gib-5.bin,241,33554432,347.26,,
0,bench/30gib-5.bin,242,33554432,426.74,,
0,bench/30gib-5.bin,243,33554432,347.68,,
0,bench/30gib-5.bin,244,33554432,411.52,,
0,bench/30gib-5.bin,245,33554432,396.49,,
0,bench/30gib-5.bin,246,33554432,431.63,,
0,bench/30gib-5.bin,247,33554432,343.10,,
0,bench/30gib-5.bin,248,33554432,340.90,,
0,bench/30gib-5.bin,249,33554432,374.45,,
0,bench/30gib-5.bin,250,33554432,410.09,,
0,bench/30gib-5.bin,251,33554432,399.42,,
0,bench/30gib-5.bin,252,33554432,342.06,,
0,bench/30gib-5.bin,253,33554432,352.80,,
0,bench/30gib-5.bin,254,33554432,876.94,,
0,bench/30gib-5.bin,255,33554432,361.36,,
0,bench/30gib-5.bin,256,33554432,506.03,,
0,bench/30gib-5.bin,257,33554432,345.07,,
0,bench/30gib-5.bin,258,33554432,525.42,,
0,bench/30gib-5.bin,259,33554432,362.60,,
0,bench/30gib-5.bin,260,33554432,368.47,,
0,bench/30gib-5.bin,261,33554432,345.44,,
0,bench/30gib-5.bin,262,33554432,472.81,,
0,bench/30gib-5.bin,263,33554432,444.91,,
0,bench/30gib-5.bin,264,33554432,409.54,,
0,bench/30gib-5.bin,265,33554432,496.19,,
0,bench/30gib-5.bin,266,33554432,390.59,,
0,bench/30gib-5.bin,267,33554432,346.80,,
0,bench/30gib-5.bin,268,33554432,492.49,,
0,bench/30gib-5.bin,269,33554432,377.51,,
0,bench/30gib-5.bin,270,33554432,418.54,,
0,bench/30gib-5.bin,271,33554432,516.88,,
0,bench/30gib-5.bin,272,33554432,519.94,,
0,bench/30gib-5.bin,273,33554432,358.72,,
0,bench/30gib-5.bin,274,33554432,380.59,,
0,bench/30gib-5.bin,275,33554432,375.36,,
0,bench/30gib-5.bin,276,33554432,405.99,,
0,bench/30gib-5.bin,277,33554432,462.48,,
0,bench/30gib-5.bin,278,33554432,1034.38,,
0,bench/30gib-5.bin,279,33554432,394.80,,
0,bench/30gib-5.bin,280,33554432,533.91,,
0,bench/30gib-5.bin,281,33554432,446.16,,
0,bench/30gib-5.bin,282,33554432,400.26,,
0,bench/30gib-5.bin,283,33554432,591.65,,
0,bench/30gib-5.bin,284,33554432,381.22,,
0,bench/30gib-5.bin,285,33554432,561.91,,
0,bench/30gib-5.bin,286,33554432,510.61,,
0,bench/30gib-5.bin,287,33554432,991.28,,
0,bench/30gib-5.bin,288,33554432,350.41,,
0,bench/30gib-5.bin,289,33554432,386.34,,
0,bench/30gib-5.bin,290,33554432,376.61,,
0,bench/30gib-5.bin,291,33554432,345.71,,
0,bench/30gib-5.bin,292,33554432,461.65,,
0,bench/30gib-5.bin,293,33554432,548.17,,
0,bench/30gib-5.bin,294,33554432,547.81,,
0,bench/30gib-5.bin,295,33554432,745.41,,
0,bench/30gib-5.bin,296,33554432,425.68,,
0,bench/30gib-5.bin,297,33554432,531.47,,
0,bench/30gib-5.bin,298,33554432,341.47,,
0,bench/30gib-5.bin,299,33554432,358.08,,
0,bench/30gib-5.bin,300,33554432,431.72,,
0,bench/30gib-5.bin,301,33554432,381.39,,
0,bench/30gib-5.bin,302,33554432,526.42,,
0,bench/30gib-5.bin,303,33554432,460.61,,
0,bench/30gib-5.bin,304,33554432,650.23,,
0,bench/30gib-5.bin,305,33554432,523.61,,
0,bench/30gib-5.bin,306,33554432,344.83,,
0,bench/30gib-5.bin,307,33554432,368.41,,
0,bench/30gib-5.bin,308,33554432,511.06,,
0,bench/30gib-5.bin,309,33554432,351.71,,
0,bench/30gib-5.bin,310,33554432,362.83,,
0,bench/30gib-5.bin,311,33554432,483.45,,
0,bench/30gib-5.bin,312,33554432,452.95,,
0,bench/30gib-5.bin,313,33554432,444.12,,
0,bench/30gib-5.bin,314,33554432,371.71,,
0,bench/30gib-5.bin,315,33554432,1458.23,,
0,bench/30gib-5.bin,316,33554432,393.99,,
0,bench/30gib-5.bin,317,33554432,547.26,,
0,bench/30gib-5.bin,318,33554432,341.41,,
0,bench/30gib-5.bin,319,33554432,342.92,,
0,bench/30gib-5.bin,320,33554432,467.55,,
0,bench/30gib-5.bin,321,33554432,662.50,,
0,bench/30gib-5.bin,322,33554432,439.88,,
0,bench/30gib-5.bin,323,33554432,400.75,,
0,bench/30gib-5.bin,324,33554432,708.76,,
0,bench/30gib-5.bin,325,33554432,394.80,,
0,bench/30gib-5.bin,326,33554432,421.96,,
0,bench/30gib-5.bin,327,33554432,577.86,,
0,bench/30gib-5.bin,328,33554432,578.85,,
0,bench/30gib-5.bin,329,33554432,579.06,,
0,bench/30gib-5.bin,330,33554432,458.29,,
0,bench/30gib-5.bin,331,33554432,497.60,,
0,bench/30gib-5.bin,332,33554432,451.56,,
0,bench/30gib-5.bin,333,33554432,519.65,,
0,bench/30gib-5.bin,334,33554432,342.02,,
0,bench/30gib-5.bin,335,33554432,822.81,,
0,bench/30gib-5.bin,336,33554432,341.07,,
0,bench/30gib-5.bin,337,33554432,355.17,,
0,bench/30gib-5.bin,338,33554432,341.64,,
0,bench/30gib-5.bin,339,33554432,429.80,,
0,bench/30gib-5.bin,340,33554432,417.97,,
0,bench/30gib-5.bin,341,33554432,917.84,,
0,bench/30gib-5.bin,342,33554432,422.40,,
0,bench/30gib-5.bin,343,33554432,345.51,,
0,bench/30gib-5.bin,344,33554432,522.85,,
0,bench/30gib-5.bin,345,33554432,408.76,,
0,bench/30gib-5.bin,346,33554432,750.75,,
0,bench/30gib-5.bin,347,33554432,771.77,,
0,bench/30gib-5.bin,348,33554432,624.94,,
0,bench/30gib-5.bin,349,33554432,431.49,,
0,bench/30gib-5.bin,350,33554432,383.84,,
0,bench/30gib-5.bin,351,33554432,342.97,,
0,bench/30gib-5.bin,352,33554432,422.09,,
0,bench/30gib-5.bin,353,33554432,548.01,,
0,bench/30gib-5.bin,354,33554432,430.96,,
0,bench/30gib-5.bin,355,33554432,341.41,,
0,bench/30gib-5.bin,356,33554432,362.78,,
0,bench/30gib-5.bin,357,33554432,346.44,,
0,bench/30gib-5.bin,358,33554432,437.70,,
0,bench/30gib-5.bin,359,33554432,505.75,,
0,bench/30gib-5.bin,360,33554432,615.64,,
0,bench/30gib-5.bin,361,33554432,433.35,,
0,bench/30gib-5.bin,362,33554432,344.89,,
0,bench/30gib-5.bin,363,33554432,439.38,,
0,bench/30gib-5.bin,364,33554432,342.20,,
0,bench/30gib-5.bin,365,33554432,370.80,,
0,bench/30gib-5.bin,366,33554432,437.00,,
0,bench/30gib-5.bin,367,33554432,456.44,,
0,bench/30gib-5.bin,368,33554432,352.73,,
0,bench/30gib-5.bin,369,33554432,443.90,,
0,bench/30gib-5.bin,370,33554432,472.02,,
0,bench/30gib-5.bin,371,33554432,436.94,,
0,bench/30gib-5.bin,372,33554432,461.11,,
0,bench/30gib-5.bin,373,33554432,473.00,,
0,bench/30gib-5.bin,374,33554432,466.80,,
0,bench/30gib-5.bin,375,33554432,351.33,,
0,bench/30gib-5.bin,376,33554432,419.96,,
0,bench/30gib-5.bin,377,33554432,356.85,,
0,bench/30gib-5.bin,378,33554432,348.77,,
0,bench/30gib-5.bin,379,33554432,357.75,,
0,bench/30gib-5.bin,380,33554432,353.92,,
0,bench/30gib-5.bin,381,33554432,381.37,,
0,bench/30gib-5.bin,382,33554432,343.13,,
0,bench/30gib-5.bin,383,33554432,350.66,,
0,bench/30gib-5.bin,384,33554432,398.33,,
0,bench/30gib-5.bin,385,33554432,342.03,,
0,bench/30gib-5.bin,386,33554432,608.16,,
0,bench/30gib-5.bin,387,33554432,463.71,,
0,bench/30gib-5.bin,388,33554432,341.09,,
0,bench/30gib-5.bin,389,33554432,606.10,,
0,bench/30gib-5.bin,390,33554432,420.05,,
0,bench/30gib-5.bin,391,33554432,412.51,,
0,bench/30gib-5.bin,392,33554432,920.97,,
0,bench/30gib-5.bin,393,33554432,357.09,,
0,bench/30gib-5.bin,394,33554432,420.35,,
0,bench/30gib-5.bin,395,33554432,348.68,,
0,bench/30gib-5.bin,396,33554432,572.89,,
0,bench/30gib-5.bin,397,33554432,411.16,,
0,bench/30gib-5.bin,398,33554432,414.93,,
0,bench/30gib-5.bin,399,33554432,573.73,,
0,bench/30gib-5.bin,400,33554432,533.56,,
0,bench/30gib-5.bin,401,33554432,516.31,,
0,bench/30gib-5.bin,402,33554432,533.19,,
0,bench/30gib-5.bin,403,33554432,414.64,,
0,bench/30gib-5.bin,404,33554432,359.88,,
0,bench/30gib-5.bin,405,33554432,414.22,,
0,bench/30gib-5.bin,406,33554432,435.65,,
0,bench/30gib-5.bin,407,33554432,617.51,,
0,bench/30gib-5.bin,408,33554432,429.10,,
0,bench/30gib-5.bin,409,33554432,534.12,,
0,bench/30gib-5.bin,410,33554432,366.18,,
0,bench/30gib-5.bin,411,33554432,428.47,,
0,bench/30gib-5.bin,412,33554432,350.17,,
0,bench/30gib-5.bin,413,33554432,471.14,,
0,bench/30gib-5.bin,414,33554432,358.08,,
0,bench/30gib-5.bin,415,33554432,385.11,,
0,bench/30gib-5.bin,416,33554432,343.86,,
0,bench/30gib-5.bin,417,33554432,441.36,,
0,bench/30gib-5.bin,418,33554432,377.73,,
0,bench/30gib-5.bin,419,33554432,349.96,,
0,bench/30gib-5.bin,420,33554432,419.89,,
0,bench/30gib-5.bin,421,33554432,355.62,,
0,bench/30gib-5.bin,422,33554432,545.66,,
0,bench/30gib-5.bin,423,33554432,349.22,,
0,bench/30gib-5.bin,424,33554432,473.58,,
0,bench/30gib-5.bin,425,33554432,363.97,,
0,bench/30gib-5.bin,426,33554432,487.11,,
0,bench/30gib-5.bin,427,33554432,487.59,,
0,bench/30gib-5.bin,428,33554432,371.15,,
0,bench/30gib-5.bin,429,33554432,340.82,,
0,bench/30gib-5.bin,430,33554432,414.63,,
0,bench/30gib-5.bin,431,33554432,342.71,,
0,bench/30gib-5.bin,432,33554432,340.11,,
0,bench/30gib-5.bin,433,33554432,463.14,,
0,bench/30gib-5.bin,434,33554432,558.31,,
0,bench/30gib-5.bin,435,33554432,342.76,,
0,bench/30gib-5.bin,436,33554432,401.90,,
0,bench/30gib-5.bin,437,33554432,343.14,,
0,bench/30gib-5.bin,438,33554432,393.18,,
0,bench/30gib-5.bin,439,33554432,344.63,,
0,bench/30gib-5.bin,440,33554432,384.23,,
0,bench/30gib-5.bin,441,33554432,354.52,,
0,bench/30gib-5.bin,442,33554432,500.60,,
0,bench/30gib-5.bin,443,33554432,349.83,,
0,bench/30gib-5.bin,444,33554432,425.23,,
0,bench/30gib-5.bin,445,33554432,522.79,,
0,bench/30gib-5.bin,446,33554432,545.14,,
0,bench/30gib-5.bin,447,33554432,349.80,,
0,bench/30gib-5.bin,448,33554432,1276.29,,
0,bench/30gib-5.bin,449,33554432,544.09,,
0,bench/30gib-5.bin,450,33554432,353.33,,
0,bench/30gib-5.bin,451,33554432,521.62,,
0,bench/30gib-5.bin,452,33554432,445.24,,
0,bench/30gib-5.bin,453,33554432,348.09,,
0,bench/30gib-5.bin,454,33554432,383.73,,
0,bench/30gib-5.bin,455,33554432,379.27,,
0,bench/30gib-5.bin,456,33554432,418.78,,
0,bench/30gib-5.bin,457,33554432,457.38,,
0,bench/30gib-5.bin,458,33554432,371.73,,
0,bench/30gib-5.bin,459,33554432,406.56,,
0,bench/30gib-5.bin,460,33554432,537.89,,
0,bench/30gib-5.bin,461,33554432,404.63,,
0,bench/30gib-5.bin,462,33554432,364.80,,
0,bench/30gib-5.bin,463,33554432,578.58,,
0,bench/30gib-5.bin,464,33554432,344.28,,
0,bench/30gib-5.bin,465,33554432,483.67,,
0,bench/30gib-5.bin,466,33554432,388.15,,
0,bench/30gib-5.bin,467,33554432,413.40,,
0,bench/30gib-5.bin,468,33554432,469.67,,
0,bench/30gib-5.bin,469,33554432,485.17,,
0,bench/30gib-5.bin,470,33554432,607.11,,
0,bench/30gib-5.bin,471,33554432,343.10,,
0,bench/30gib-5.bin,472,33554432,612.90,,
0,bench/30gib-5.bin,473,33554432,350.43,,
0,bench/30gib-5.bin,474,33554432,360.73,,
0,bench/30gib-5.bin,475,33554432,477.30,,
0,bench/30gib-5.bin,476,33554432,376.96,,
0,bench/30gib-5.bin,477,33554432,412.28,,
0,bench/30gib-5.bin,478,33554432,389.16,,
0,bench/30gib-5.bin,479,33554432,430.10,,
0,bench/30gib-5.bin,480,33554432,489.18,,
0,bench/30gib-5.bin,481,33554432,444.34,,
0,bench/30gib-5.bin,482,33554432,496.84,,
0,bench/30gib-5.bin,483,33554432,344.61,,
0,bench/30gib-5.bin,484,33554432,486.77,,
0,bench/30gib-5.bin,485,33554432,348.90,,
0,bench/30gib-5.bin,486,33554432,348.08,,
0,bench/30gib-5.bin,487,33554432,565.18,,
0,bench/30gib-5.bin,488,33554432,377.35,,
0,bench/30gib-5.bin,489,33554432,350.56,,
0,bench/30gib-5.bin,490,33554432,435.06,,
0,bench/30gib-5.bin,491,33554432,346.88,,
0,bench/30gib-5.bin,492,33554432,341.91,,
0,bench/30gib-5.bin,493,33554432,386.35,,
0,bench/30gib-5.bin,494,33554432,461.63,,
0,bench/30gib-5.bin,495,33554432,379.09,,
0,bench/30gib-5.bin,496,33554432,350.34,,
0,bench/30gib-5.bin,497,33554432,362.43,,
0,bench/30gib-5.bin,498,33554432,413.85,,
0,bench/30gib-5.bin,499,33554432,438.35,,
0,bench/30gib-5.bin,500,33554432,496.10,,
0,bench/30gib-5.bin,501,33554432,400.52,,
0,bench/30gib-5.bin,502,33554432,398.86,,
0,bench/30gib-5.bin,503,33554432,341.16,,
0,bench/30gib-5.bin,504,33554432,574.58,,
0,bench/30gib-5.bin,505,33554432,346.52,,
0,bench/30gib-5.bin,506,33554432,464.32,,
0,bench/30gib-5.bin,507,33554432,520.60,,
0,bench/30gib-5.bin,508,33554432,599.17,,
0,bench/30gib-5.bin,509,33554432,479.79,,
0,bench/30gib-5.bin,510,33554432,402.28,,
0,bench/30gib-5.bin,511,33554432,351.46,,
0,bench/30gib-5.bin,512,33554432,361.57,,
0,bench/30gib-5.bin,513,33554432,647.29,,
0,bench/30gib-5.bin,514,33554432,351.71,,
0,bench/30gib-5.bin,515,33554432,483.28,,
0,bench/30gib-5.bin,516,33554432,342.71,,
0,bench/30gib-5.bin,517,33554432,444.70,,
0,bench/30gib-5.bin,518,33554432,426.58,,
0,bench/30gib-5.bin,519,33554432,500.95,,
0,bench/30gib-5.bin,520,33554432,352.15,,
0,bench/30gib-5.bin,521,33554432,499.09,,
0,bench/30gib-5.bin,522,33554432,481.47,,
0,bench/30gib-5.bin,523,33554432,728.10,,
0,bench/30gib-5.bin,524,33554432,352.90,,
0,bench/30gib-5.bin,525,33554432,447.21,,
0,bench/30gib-5.bin,526,33554432,374.30,,
0,bench/30gib-5.bin,527,33554432,406.64,,
0,bench/30gib-5.bin,528,33554432,341.10,,
0,bench/30gib-5.bin,529,33554432,358.18,,
0,bench/30gib-5.bin,530,33554432,674.99,,
0,bench/30gib-5.bin,531,33554432,343.03,,
0,bench/30gib-5.bin,532,33554432,378.58,,
0,bench/30gib-5.bin,533,33554432,383.75,,
0,bench/30gib-5.bin,534,33554432,524.54,,
0,bench/30gib-5.bin,535,33554432,511.05,,
0,bench/30gib-5.bin,536,33554432,418.09,,
0,bench/30gib-5.bin,537,33554432,507.03,,
0,bench/30gib-5.bin,538,33554432,482.59,,
0,bench/30gib-5.bin,539,33554432,367.39,,
0,bench/30gib-5.bin,540,33554432,351.38,,
0,bench/30gib-5.bin,541,33554432,483.60,,
0,bench/30gib-5.bin,542,33554432,344.97,,
0,bench/30gib-5.bin,543,33554432,471.40,,
0,bench/30gib-5.bin,544,33554432,415.60,,
0,bench/30gib-5.bin,545,33554432,423.56,,
0,bench/30gib-5.bin,546,33554432,440.66,,
0,bench/30gib-5.bin,547,33554432,426.64,,
0,bench/30gib-5.bin,548,33554432,343.61,,
0,bench/30gib-5.bin,549,33554432,363.76,,
0,bench/30gib-5.bin,550,33554432,343.60,,
0,bench/30gib-5.bin,551,33554432,345.64,,
0,bench/30gib-5.bin,552,33554432,394.32,,
0,bench/30gib-5.bin,553,33554432,371.49,,
0,bench/30gib-5.bin,554,33554432,345.43,,
0,bench/30gib-5.bin,555,33554432,355.29,,
0,bench/30gib-5.bin,556,33554432,358.73,,
0,bench/30gib-5.bin,557,33554432,396.46,,
0,bench/30gib-5.bin,558,33554432,429.12,,
0,bench/30gib-5.bin,559,33554432,346.59,,
0,bench/30gib-5.bin,560,33554432,549.88,,
0,bench/30gib-5.bin,561,33554432,506.39,,
0,bench/30gib-5.bin,562,33554432,395.79,,
0,bench/30gib-5.bin,563,33554432,433.93,,
0,bench/30gib-5.bin,564,33554432,346.80,,
0,bench/30gib-5.bin,565,33554432,342.66,,
0,bench/30gib-5.bin,566,33554432,344.60,,
0,bench/30gib-5.bin,567,33554432,345.38,,
0,bench/30gib-5.bin,568,33554432,349.87,,
0,bench/30gib-5.bin,569,33554432,540.60,,
0,bench/30gib-5.bin,570,33554432,388.61,,
0,bench/30gib-5.bin,571,33554432,503.03,,
0,bench/30gib-5.bin,572,33554432,502.44,,
0,bench/30gib-5.bin,573,33554432,344.25,,
0,bench/30gib-5.bin,574,33554432,341.05,,
0,bench/30gib-5.bin,575,33554432,595.40,,
0,bench/30gib-5.bin,576,33554432,361.95,,
0,bench/30gib-5.bin,577,33554432,341.50,,
0,bench/30gib-5.bin,578,33554432,421.66,,
0,bench/30gib-5.bin,579,33554432,346.06,,
0,bench/30gib-5.bin,580,33554432,449.95,,
0,bench/30gib-5.bin,581,33554432,526.42,,
0,bench/30gib-5.bin,582,33554432,350.25,,
0,bench/30gib-5.bin,583,33554432,350.45,,
0,bench/30gib-5.bin,584,33554432,342.08,,
0,bench/30gib-5.bin,585,33554432,448.38,,
0,bench/30gib-5.bin,586,33554432,386.87,,
0,bench/30gib-5.bin,587,33554432,502.44,,
0,bench/30gib-5.bin,588,33554432,452.91,,
0,bench/30gib-5.bin,589,33554432,342.79,,
0,bench/30gib-5.bin,590,33554432,1057.31,,
0,bench/30gib-5.bin,591,33554432,421.26,,
0,bench/30gib-5.bin,592,33554432,345.33,,
0,bench/30gib-5.bin,593,33554432,495.44,,
0,bench/30gib-5.bin,594,33554432,638.72,,
0,bench/30gib-5.bin,595,33554432,341.58,,
0,bench/30gib-5.bin,596,33554432,351.75,,
0,bench/30gib-5.bin,597,33554432,489.39,,
0,bench/30gib-5.bin,598,33554432,350.79,,
0,bench/30gib-5.bin,599,33554432,1898.97,,
0,bench/30gib-5.bin,600,33554432,360.47,,
0,bench/30gib-5.bin,601,33554432,362.42,,
0,bench/30gib-5.bin,602,33554432,393.80,,
0,bench/30gib-5.bin,603,33554432,350.56,,
0,bench/30gib-5.bin,604,33554432,345.09,,
0,bench/30gib-5.bin,605,33554432,542.66,,
0,bench/30gib-5.bin,606,33554432,348.31,,
0,bench/30gib-5.bin,607,33554432,346.76,,
0,bench/30gib-5.bin,608,33554432,381.50,,
0,bench/30gib-5.bin,609,33554432,340.25,,
0,bench/30gib-5.bin,610,33554432,509.31,,
0,bench/30gib-5.bin,611,33554432,534.36,,
0,bench/30gib-5.bin,612,33554432,386.06,,
0,bench/30gib-5.bin,613,33554432,341.07,,
0,bench/30gib-5.bin,614,33554432,446.54,,
0,bench/30gib-5.bin,615,33554432,451.49,,
0,bench/30gib-5.bin,616,33554432,369.10,,
0,bench/30gib-5.bin,617,33554432,342.61,,
0,bench/30gib-5.bin,618,33554432,352.10,,
0,bench/30gib-5.bin,619,33554432,421.95,,
0,bench/30gib-5.bin,620,33554432,395.31,,
0,bench/30gib-5.bin,621,33554432,402.03,,
0,bench/30gib-5.bin,622,33554432,510.27,,
0,bench/30gib-5.bin,623,33554432,341.34,,
0,bench/30gib-5.bin,624,33554432,346.23,,
0,bench/30gib-5.bin,625,33554432,606.07,,
0,bench/30gib-5.bin,626,33554432,343.54,,
0,bench/30gib-5.bin,627,33554432,348.84,,
0,bench/30gib-5.bin,628,33554432,512.62,,
0,bench/30gib-5.bin,629,33554432,342.64,,
0,bench/30gib-5.bin,630,33554432,526.97,,
0,bench/30gib-5.bin,631,33554432,340.51,,
0,bench/30gib-5.bin,632,33554432,492.81,,
0,bench/30gib-5.bin,633,33554432,371.79,,
0,bench/30gib-5.bin,634,33554432,409.11,,
0,bench/30gib-5.bin,635,33554432,376.77,,
0,bench/30gib-5.bin,636,33554432,365.43,,
0,bench/30gib-5.bin,637,33554432,548.65,,
0,bench/30gib-5.bin,638,33554432,342.97,,
0,bench/30gib-5.bin,639,33554432,382.71,,
0,bench/30gib-5.bin,640,33554432,386.31,,
0,bench/30gib-5.bin,641,33554432,472.59,,
0,bench/30gib-5.bin,642,33554432,561.25,,
0,bench/30gib-5.bin,643,33554432,342.82,,
0,bench/30gib-5.bin,644,33554432,476.45,,
0,bench/30gib-5.bin,645,33554432,359.00,,
0,bench/30gib-5.bin,646,33554432,458.47,,
0,bench/30gib-5.bin,647,33554432,435.29,,
0,bench/30gib-5.bin,648,33554432,342.86,,
0,bench/30gib-5.bin,649,33554432,350.86,,
0,bench/30gib-5.bin,650,33554432,347.79,,
0,bench/30gib-5.bin,651,33554432,356.52,,
0,bench/30gib-5.bin,652,33554432,478.95,,
0,bench/30gib-5.bin,653,33554432,701.27,,
0,bench/30gib-5.bin,654,33554432,339.94,,
0,bench/30gib-5.bin,655,33554432,550.42,,
0,bench/30gib-5.bin,656,33554432,492.61,,
0,bench/30gib-5.bin,657,33554432,346.97,,
0,bench/30gib-5.bin,658,33554432,342.08,,
0,bench/30gib-5.bin,659,33554432,571.00,,
0,bench/30gib-5.bin,660,33554432,342.37,,
0,bench/30gib-5.bin,661,33554432,348.70,,
0,bench/30gib-5.bin,662,33554432,514.97,,
0,bench/30gib-5.bin,663,33554432,642.45,,
0,bench/30gib-5.bin,664,33554432,388.44,,
0,bench/30gib-5.bin,665,33554432,360.40,,
0,bench/30gib-5.bin,666,33554432,727.10,,
0,bench/30gib-5.bin,667,33554432,401.46,,
0,bench/30gib-5.bin,668,33554432,549.87,,
0,bench/30gib-5.bin,669,33554432,402.05,,
0,bench/30gib-5.bin,670,33554432,377.72,,
0,bench/30gib-5.bin,671,33554432,347.53,,
0,bench/30gib-5.bin,672,33554432,354.92,,
0,bench/30gib-5.bin,673,33554432,340.92,,
0,bench/30gib-5.bin,674,33554432,460.29,,
0,bench/30gib-5.bin,675,33554432,341.28,,
0,bench/30gib-5.bin,676,33554432,367.43,,
0,bench/30gib-5.bin,677,33554432,404.94,,
0,bench/30gib-5.bin,678,33554432,553.36,,
0,bench/30gib-5.bin,679,33554432,1362.43,,
0,bench/30gib-5.bin,680,33554432,368.03,,
0,bench/30gib-5.bin,681,33554432,503.78,,
0,bench/30gib-5.bin,682,33554432,344.95,,
0,bench/30gib-5.bin,683,33554432,369.75,,
0,bench/30gib-5.bin,684,33554432,442.78,,
0,bench/30gib-5.bin,685,33554432,401.01,,
0,bench/30gib-5.bin,686,33554432,343.76,,
0,bench/30gib-5.bin,687,33554432,443.96,,
0,bench/30gib-5.bin,688,33554432,342.27,,
0,bench/30gib-5.bin,689,33554432,440.79,,
0,bench/30gib-5.bin,690,33554432,608.59,,
0,bench/30gib-5.bin,691,33554432,484.99,,
0,bench/30gib-5.bin,692,33554432,454.01,,
0,bench/30gib-5.bin,693,33554432,361.66,,
0,bench/30gib-5.bin,694,33554432,427.26,,
0,bench/30gib-5.bin,695,33554432,524.26,,
0,bench/30gib-5.bin,696,33554432,354.11,,
0,bench/30gib-5.bin,697,33554432,382.34,,
0,bench/30gib-5.bin,698,33554432,340.69,,
0,bench/30gib-5.bin,699,33554432,457.93,,
0,bench/30gib-5.bin,700,33554432,434.56,,
0,bench/30gib-5.bin,701,33554432,379.17,,
0,bench/30gib-5.bin,702,33554432,401.80,,
0,bench/30gib-5.bin,703,33554432,503.38,,
0,bench/30gib-5.bin,704,33554432,512.48,,
0,bench/30gib-5.bin,705,33554432,344.11,,
0,bench/30gib-5.bin,706,33554432,525.12,,
0,bench/30gib-5.bin,707,33554432,473.65,,
0,bench/30gib-5.bin,708,33554432,349.30,,
0,bench/30gib-5.bin,709,33554432,379.35,,
0,bench/30gib-5.bin,710,33554432,339.94,,
0,bench/30gib-5.bin,711,33554432,521.58,,
0,bench/30gib-5.bin,712,33554432,344.71,,
0,bench/30gib-5.bin,713,33554432,360.47,,
0,bench/30gib-5.bin,714,33554432,451.00,,
0,bench/30gib-5.bin,715,33554432,499.82,,
0,bench/30gib-5.bin,716,33554432,420.13,,
0,bench/30gib-5.bin,717,33554432,765.09,,
0,bench/30gib-5.bin,718,33554432,393.80,,
0,bench/30gib-5.bin,719,33554432,430.15,,
0,bench/30gib-5.bin,720,33554432,395.43,,
0,bench/30gib-5.bin,721,33554432,434.92,,
0,bench/30gib-5.bin,722,33554432,344.82,,
0,bench/30gib-5.bin,723,33554432,340.55,,
0,bench/30gib-5.bin,724,33554432,582.00,,
0,bench/30gib-5.bin,725,33554432,480.06,,
0,bench/30gib-5.bin,726,33554432,371.04,,
0,bench/30gib-5.bin,727,33554432,578.10,,
0,bench/30gib-5.bin,728,33554432,344.58,,
0,bench/30gib-5.bin,729,33554432,369.11,,
0,bench/30gib-5.bin,730,33554432,345.49,,
0,bench/30gib-5.bin,731,33554432,436.94,,
0,bench/30gib-5.bin,732,33554432,809.87,,
0,bench/30gib-5.bin,733,33554432,432.60,,
0,bench/30gib-5.bin,734,33554432,488.55,,
0,bench/30gib-5.bin,735,33554432,391.47,,
0,bench/30gib-5.bin,736,33554432,427.12,,
0,bench/30gib-5.bin,737,33554432,353.60,,
0,bench/30gib-5.bin,738,33554432,449.45,,
0,bench/30gib-5.bin,739,33554432,519.17,,
0,bench/30gib-5.bin,740,33554432,483.66,,
0,bench/30gib-5.bin,741,33554432,341.48,,
0,bench/30gib-5.bin,742,33554432,441.98,,
0,bench/30gib-5.bin,743,33554432,549.46,,
0,bench/30gib-5.bin,744,33554432,472.10,,
0,bench/30gib-5.bin,745,33554432,392.91,,
0,bench/30gib-5.bin,746,33554432,370.17,,
0,bench/30gib-5.bin,747,33554432,947.52,,
0,bench/30gib-5.bin,748,33554432,864.57,,
0,bench/30gib-5.bin,749,33554432,493.81,,
0,bench/30gib-5.bin,750,33554432,340.85,,
0,bench/30gib-5.bin,751,33554432,453.72,,
0,bench/30gib-5.bin,752,33554432,344.70,,
0,bench/30gib-5.bin,753,33554432,435.60,,
0,bench/30gib-5.bin,754,33554432,398.03,,
0,bench/30gib-5.bin,755,33554432,404.12,,
0,bench/30gib-5.bin,756,33554432,547.11,,
0,bench/30gib-5.bin,757,33554432,531.11,,
0,bench/30gib-5.bin,758,33554432,347.50,,
0,bench/30gib-5.bin,759,33554432,371.40,,
0,bench/30gib-5.bin,760,33554432,1028.73,,
0,bench/30gib-5.bin,761,33554432,450.78,,
0,bench/30gib-5.bin,762,33554432,432.84,,
0,bench/30gib-5.bin,763,33554432,426.21,,
0,bench/30gib-5.bin,764,33554432,446.93,,
0,bench/30gib-5.bin,765,33554432,355.73,,
0,bench/30gib-5.bin,766,33554432,371.91,,
0,bench/30gib-5.bin,767,33554432,433.48,,
0,bench/30gib-5.bin,768,33554432,356.75,,
0,bench/30gib-5.bin,769,33554432,383.17,,
0,bench/30gib-5.bin,770,33554432,415.30,,
0,bench/30gib-5.bin,771,33554432,342.62,,
0,bench/30gib-5.bin,772,33554432,478.81,,
0,bench/30gib-5.bin,773,33554432,453.07,,
0,bench/30gib-5.bin,774,33554432,430.12,,
0,bench/30gib-5.bin,775,33554432,341.72,,
0,bench/30gib-5.bin,776,33554432,526.46,,
0,bench/30gib-5.bin,777,33554432,436.08,,
0,bench/30gib-5.bin,778,33554432,469.54,,
0,bench/30gib-5.bin,779,33554432,350.53,,
0,bench/30gib-5.bin,780,33554432,384.72,,
0,bench/30gib-5.bin,781,33554432,452.70,,
0,bench/30gib-5.bin,782,33554432,345.86,,
0,bench/30gib-5.bin,783,33554432,376.72,,
0,bench/30gib-5.bin,784,33554432,344.28,,
0,bench/30gib-5.bin,785,33554432,341.35,,
0,bench/30gib-5.bin,786,33554432,435.97,,
0,bench/30gib-5.bin,787,33554432,359.19,,
0,bench/30gib-5.bin,788,33554432,401.35,,
0,bench/30gib-5.bin,789,33554432,391.02,,
0,bench/30gib-5.bin,790,33554432,349.68,,
0,bench/30gib-5.bin,791,33554432,430.71,,
0,bench/30gib-5.bin,792,33554432,398.67,,
0,bench/30gib-5.bin,793,33554432,375.78,,
0,bench/30gib-5.bin,794,33554432,342.26,,
0,bench/30gib-5.bin,795,33554432,429.53,,
0,bench/30gib-5.bin,796,33554432,462.39,,
0,bench/30gib-5.bin,797,33554432,411.46,,
0,bench/30gib-5.bin,798,33554432,384.66,,
0,bench/30gib-5.bin,799,33554432,478.82,,
0,bench/30gib-5.bin,800,33554432,465.99,,
0,bench/30gib-5.bin,801,33554432,381.06,,
0,bench/30gib-5.bin,802,33554432,438.54,,
0,bench/30gib-5.bin,803,33554432,467.82,,
0,bench/30gib-5.bin,804,33554432,465.85,,
0,bench/30gib-5.bin,805,33554432,401.07,,
0,bench/30gib-5.bin,806,33554432,499.52,,
0,bench/30gib-5.bin,807,33554432,564.84,,
0,bench/30gib-5.bin,808,33554432,390.56,,
0,bench/30gib-5.bin,809,33554432,399.36,,
0,bench/30gib-5.bin,810,33554432,384.34,,
0,bench/30gib-5.bin,811,33554432,347.93,,
0,bench/30gib-5.bin,812,33554432,388.57,,
0,bench/30gib-5.bin,813,33554432,624.38,,
0,bench/30gib-5.bin,814,33554432,343.37,,
0,bench/30gib-5.bin,815,33554432,344.30,,
0,bench/30gib-5.bin,816,33554432,424.08,,
0,bench/30gib-5.bin,817,33554432,534.29,,
0,bench/30gib-5.bin,818,33554432,444.11,,
0,bench/30gib-5.bin,819,33554432,486.47,,
0,bench/30gib-5.bin,820,33554432,364.23,,
0,bench/30gib-5.bin,821,33554432,341.71,,
0,bench/30gib-5.bin,822,33554432,344.38,,
0,bench/30gib-5.bin,823,33554432,342.78,,
0,bench/30gib-5.bin,824,33554432,402.00,,
0,bench/30gib-5.bin,825,33554432,475.91,,
0,bench/30gib-5.bin,826,33554432,473.54,,
0,bench/30gib-5.bin,827,33554432,344.91,,
0,bench/30gib-5.bin,828,33554432,480.28,,
0,bench/30gib-5.bin,829,33554432,389.20,,
0,bench/30gib-5.bin,830,33554432,363.40,,
0,bench/30gib-5.bin,831,33554432,391.90,,
0,bench/30gib-5.bin,832,33554432,475.37,,
0,bench/30gib-5.bin,833,33554432,349.00,,
0,bench/30gib-5.bin,834,33554432,383.09,,
0,bench/30gib-5.bin,835,33554432,534.96,,
0,bench/30gib-5.bin,836,33554432,348.17,,
0,bench/30gib-5.bin,837,33554432,462.99,,
0,bench/30gib-5.bin,838,33554432,492.26,,
0,bench/30gib-5.bin,839,33554432,424.62,,
0,bench/30gib-5.bin,840,33554432,349.01,,
0,bench/30gib-5.bin,841,33554432,390.91,,
0,bench/30gib-5.bin,842,33554432,377.83,,
0,bench/30gib-5.bin,843,33554432,380.91,,
0,bench/30gib-5.bin,844,33554432,442.54,,
0,bench/30gib-5.bin,845,33554432,504.03,,
0,bench/30gib-5.bin,846,33554432,394.61,,
0,bench/30gib-5.bin,847,33554432,381.71,,
0,bench/30gib-5.bin,848,33554432,523.19,,
0,bench/30gib-5.bin,849,33554432,373.59,,
0,bench/30gib-5.bin,850,33554432,342.72,,
0,bench/30gib-5.bin,851,33554432,347.12,,
0,bench/30gib-5.bin,852,33554432,385.83,,
0,bench/30gib-5.bin,853,33554432,444.36,,
0,bench/30gib-5.bin,854,33554432,882.18,,
0,bench/30gib-5.bin,855,33554432,350.65,,
0,bench/30gib-5.bin,856,33554432,732.78,,
0,bench/30gib-5.bin,857,33554432,1016.09,,
0,bench/30gib-5.bin,858,33554432,514.41,,
0,bench/30gib-5.bin,859,33554432,399.68,,
0,bench/30gib-5.bin,860,33554432,530.08,,
0,bench/30gib-5.bin,861,33554432,340.85,,
0,bench/30gib-5.bin,862,33554432,349.16,,
0,bench/30gib-5.bin,863,33554432,435.71,,
0,bench/30gib-5.bin,864,33554432,441.42,,
0,bench/30gib-5.bin,865,33554432,522.53,,
0,bench/30gib-5.bin,866,33554432,344.11,,
0,bench/30gib-5.bin,867,33554432,359.27,,
0,bench/30gib-5.bin,868,33554432,416.53,,
0,bench/30gib-5.bin,869,33554432,492.42,,
0,bench/30gib-5.bin,870,33554432,405.22,,
0,bench/30gib-5.bin,871,33554432,422.45,,
0,bench/30gib-5.bin,872,33554432,343.74,,
0,bench/30gib-5.bin,873,33554432,369.04,,
0,bench/30gib-5.bin,874,33554432,399.10,,
0,bench/30gib-5.bin,875,33554432,355.02,,
0,bench/30gib-5.bin,876,33554432,540.72,,
0,bench/30gib-5.bin,877,33554432,494.18,,
0,bench/30gib-5.bin,878,33554432,413.42,,
0,bench/30gib-5.bin,879,33554432,351.72,,
0,bench/30gib-5.bin,880,33554432,369.61,,
0,bench/30gib-5.bin,881,33554432,441.16,,
0,bench/30gib-5.bin,882,33554432,399.44,,
0,bench/30gib-5.bin,883,33554432,459.72,,
0,bench/30gib-5.bin,884,33554432,548.16,,
0,bench/30gib-5.bin,885,33554432,477.25,,
0,bench/30gib-5.bin,886,33554432,462.96,,
0,bench/30gib-5.bin,887,33554432,515.78,,
0,bench/30gib-5.bin,888,33554432,342.33,,
0,bench/30gib-5.bin,889,33554432,523.98,,
0,bench/30gib-5.bin,890,33554432,356.28,,
0,bench/30gib-5.bin,891,33554432,368.25,,
0,bench/30gib-5.bin,892,33554432,502.07,,
0,bench/30gib-5.bin,893,33554432,367.29,,
0,bench/30gib-5.bin,894,33554432,594.03,,
0,bench/30gib-5.bin,895,33554432,341.90,,
0,bench/30gib-5.bin,896,33554432,341.50,,
0,bench/30gib-5.bin,897,33554432,482.91,,
0,bench/30gib-5.bin,898,33554432,351.19,,
0,bench/30gib-5.bin,899,33554432,425.06,,
0,bench/30gib-5.bin,900,33554432,353.35,,
0,bench/30gib-5.bin,901,33554432,455.92,,
0,bench/30gib-5.bin,902,33554432,355.03,,
0,bench/30gib-5.bin,903,33554432,344.50,,
0,bench/30gib-5.bin,904,33554432,458.18,,
0,bench/30gib-5.bin,905,33554432,374.39,,
0,bench/30gib-5.bin,906,33554432,410.28,,
0,bench/30gib-5.bin,907,33554432,342.88,,
0,bench/30gib-5.bin,908,33554432,343.43,,
0,bench/30gib-5.bin,909,33554432,496.68,,
0,bench/30gib-5.bin,910,33554432,374.90,,
0,bench/30gib-5.bin,911,33554432,348.27,,
0,bench/30gib-5.bin,912,33554432,475.91,,
0,bench/30gib-5.bin,913,33554432,340.47,,
0,bench/30gib-5.bin,914,33554432,492.38,,
0,bench/30gib-5.bin,915,33554432,507.15,,
0,bench/30gib-5.bin,916,33554432,356.58,,
0,bench/30gib-5.bin,917,33554432,363.84,,
0,bench/30gib-5.bin,918,33554432,437.07,,
0,bench/30gib-5.bin,919,33554432,453.58,,
0,bench/30gib-5.bin,920,33554432,345.36,,
0,bench/30gib-5.bin,921,33554432,446.96,,
0,bench/30gib-5.bin,922,33554432,465.47,,
0,bench/30gib-5.bin,923,33554432,372.26,,
0,bench/30gib-5.bin,924,33554432,461.54,,
0,bench/30gib-5.bin,925,33554432,339.97,,
0,bench/30gib-5.bin,926,33554432,408.87,,
0,bench/30gib-5.bin,927,33554432,522.96,,
0,bench/30gib-5.bin,928,33554432,449.42,,
0,bench/30gib-5.bin,929,33554432,467.78,,
0,bench/30gib-5.bin,930,33554432,507.25,,
0,bench/30gib-5.bin,931,33554432,381.56,,
0,bench/30gib-5.bin,932,33554432,593.02,,
0,bench/30gib-5.bin,933,33554432,366.83,,
0,bench/30gib-5.bin,934,33554432,409.57,,
0,bench/30gib-5.bin,935,33554432,352.17,,
0,bench/30gib-5.bin,936,33554432,346.44,,
0,bench/30gib-5.bin,937,33554432,570.97,,
0,bench/30gib-5.bin,938,33554432,340.83,,
0,bench/30gib-5.bin,939,33554432,685.05,,
0,bench/30gib-5.bin,940,33554432,340.66,,
0,bench/30gib-5.bin,941,33554432,446.34,,
0,bench/30gib-5.bin,942,33554432,444.81,,
0,bench/30gib-5.bin,943,33554432,363.60,,
0,bench/30gib-5.bin,944,33554432,408.68,,
0,bench/30gib-5.bin,945,33554432,479.43,,
0,bench/30gib-5.bin,946,33554432,422.60,,
0,bench/30gib-5.bin,947,33554432,341.07,,
0,bench/30gib-5.bin,948,33554432,402.30,,
0,bench/30gib-5.bin,949,33554432,404.22,,
0,bench/30gib-5.bin,950,33554432,644.73,,
0,bench/30gib-5.bin,951,33554432,351.31,,
0,bench/30gib-5.bin,952,33554432,353.36,,
0,bench/30gib-5.bin,953,33554432,437.47,,
0,bench/30gib-5.bin,954,33554432,343.36,,
0,bench/30gib-5.bin,955,33554432,340.82,,
0,bench/30gib-5.bin,956,33554432,366.44,,
0,bench/30gib-5.bin,957,33554432,419.39,,
0,bench/30gib-5.bin,958,33554432,411.19,,
0,bench/30gib-5.bin,959,33554432,348.07,,
0,bench/30gib-5.bin,960,33554432,341.59,,
0,bench/30gib-6.bin,1,33554432,1243.97,,
0,bench/30gib-6.bin,2,33554432,1309.32,,
0,bench/30gib-6.bin,3,33554432,1911.54,,
0,bench/30gib-6.bin,4,33554432,1196.08,,
0,bench/30gib-6.bin,5,33554432,1441.51,,
0,bench/30gib-6.bin,6,33554432,926.06,,
0,bench/30gib-6.bin,7,33554432,1140.65,,
0,bench/30gib-6.bin,8,33554432,1521.50,,
0,bench/30gib-6.bin,9,33554432,1304.59,,
0,bench/30gib-6.bin,10,33554432,1259.63,,
0,bench/30gib-6.bin,11,33554432,1197.93,,
0,bench/30gib-6.bin,12,33554432,1908.74,,
0,bench/30gib-6.bin,13,33554432,1740.46,,
0,bench/30gib-6.bin,14,33554432,1022.38,,
0,bench/30gib-6.bin,15,33554432,1539.96,,
0,bench/30gib-6.bin,16,33554432,891.76,,
0,bench/30gib-6.bin,17,33554432,1871.97,,
0,bench/30gib-6.bin,18,33554432,1729.18,,
0,bench/30gib-6.bin,19,33554432,1204.54,,
0,bench/30gib-6.bin,20,33554432,1617.94,,
0,bench/30gib-6.bin,21,33554432,1558.51,,
0,bench/30gib-6.bin,22,33554432,1363.64,,
0,bench/30gib-6.bin,23,33554432,2108.28,,
0,bench/30gib-6.bin,24,33554432,902.52,,
0,bench/30gib-6.bin,25,33554432,1502.04,,
0,bench/30gib-6.bin,26,33554432,1222.40,,
0,bench/30gib-6.bin,27,33554432,852.37,,
0,bench/30gib-6.bin,28,33554432,1281.29,,
0,bench/30gib-6.bin,29,33554432,740.88,,
0,bench/30gib-6.bin,30,33554432,1249.14,,
0,bench/30gib-6.bin,31,33554432,850.07,,
0,bench/30gib-6.bin,32,33554432,702.20,,
0,bench/30gib-6.bin,33,33554432,552.67,,
0,bench/30gib-6.bin,34,33554432,1099.86,,
0,bench/30gib-6.bin,35,33554432,782.23,,
0,bench/30gib-6.bin,36,33554432,705.75,,
0,bench/30gib-6.bin,37,33554432,513.56,,
0,bench/30gib-6.bin,38,33554432,819.47,,
0,bench/30gib-6.bin,39,33554432,683.07,,
0,bench/30gib-6.bin,40,33554432,403.29,,
0,bench/30gib-6.bin,41,33554432,437.02,,
0,bench/30gib-6.bin,42,33554432,400.72,,
0,bench/30gib-6.bin,43,33554432,652.31,,
0,bench/30gib-6.bin,44,33554432,587.25,,
0,bench/30gib-6.bin,45,33554432,776.89,,
0,bench/30gib-6.bin,46,33554432,814.06,,
0,bench/30gib-6.bin,47,33554432,757.11,,
0,bench/30gib-6.bin,48,33554432,704.54,,
0,bench/30gib-6.bin,49,33554432,687.62,,
0,bench/30gib-6.bin,50,33554432,732.95,,
0,bench/30gib-6.bin,51,33554432,469.38,,
0,bench/30gib-6.bin,52,33554432,551.84,,
0,bench/30gib-6.bin,53,33554432,491.06,,
0,bench/30gib-6.bin,54,33554432,661.93,,
0,bench/30gib-6.bin,55,33554432,409.51,,
0,bench/30gib-6.bin,56,33554432,693.37,,
0,bench/30gib-6.bin,57,33554432,384.86,,
0,bench/30gib-6.bin,58,33554432,418.37,,
0,bench/30gib-6.bin,59,33554432,535.55,,
0,bench/30gib-6.bin,60,33554432,483.86,,
0,bench/30gib-6.bin,61,33554432,713.01,,
0,bench/30gib-6.bin,62,33554432,718.22,,
0,bench/30gib-6.bin,63,33554432,694.41,,
0,bench/30gib-6.bin,64,33554432,671.69,,
0,bench/30gib-6.bin,65,33554432,692.29,,
0,bench/30gib-6.bin,66,33554432,473.69,,
0,bench/30gib-6.bin,67,33554432,477.96,,
0,bench/30gib-6.bin,68,33554432,406.95,,
0,bench/30gib-6.bin,69,33554432,341.99,,
0,bench/30gib-6.bin,70,33554432,607.39,,
0,bench/30gib-6.bin,71,33554432,616.39,,
0,bench/30gib-6.bin,72,33554432,471.58,,
0,bench/30gib-6.bin,73,33554432,458.19,,
0,bench/30gib-6.bin,74,33554432,384.31,,
0,bench/30gib-6.bin,75,33554432,490.07,,
0,bench/30gib-6.bin,76,33554432,366.71,,
0,bench/30gib-6.bin,77,33554432,399.21,,
0,bench/30gib-6.bin,78,33554432,387.02,,
0,bench/30gib-6.bin,79,33554432,473.72,,
0,bench/30gib-6.bin,80,33554432,606.70,,
0,bench/30gib-6.bin,81,33554432,411.69,,
0,bench/30gib-6.bin,82,33554432,521.27,,
0,bench/30gib-6.bin,83,33554432,433.42,,
0,bench/30gib-6.bin,84,33554432,445.35,,
0,bench/30gib-6.bin,85,33554432,388.23,,
0,bench/30gib-6.bin,86,33554432,610.70,,
0,bench/30gib-6.bin,87,33554432,427.16,,
0,bench/30gib-6.bin,88,33554432,366.16,,
0,bench/30gib-6.bin,89,33554432,436.19,,
0,bench/30gib-6.bin,90,33554432,357.22,,
0,bench/30gib-6.bin,91,33554432,443.98,,
0,bench/30gib-6.bin,92,33554432,379.48,,
0,bench/30gib-6.bin,93,33554432,413.61,,
0,bench/30gib-6.bin,94,33554432,435.35,,
0,bench/30gib-6.bin,95,33554432,395.87,,
0,bench/30gib-6.bin,96,33554432,350.33,,
0,bench/30gib-6.bin,97,33554432,669.01,,
0,bench/30gib-6.bin,98,33554432,409.72,,
0,bench/30gib-6.bin,99,33554432,487.99,,
0,bench/30gib-6.bin,100,33554432,546.00,,
0,bench/30gib-6.bin,101,33554432,507.03,,
0,bench/30gib-6.bin,102,33554432,363.24,,
0,bench/30gib-6.bin,103,33554432,471.68,,
0,bench/30gib-6.bin,104,33554432,567.39,,
0,bench/30gib-6.bin,105,33554432,430.28,,
0,bench/30gib-6.bin,106,33554432,367.25,,
0,bench/30gib-6.bin,107,33554432,489.81,,
0,bench/30gib-6.bin,108,33554432,500.08,,
0,bench/30gib-6.bin,109,33554432,437.75,,
0,bench/30gib-6.bin,110,33554432,380.62,,
0,bench/30gib-6.bin,111,33554432,372.17,,
0,bench/30gib-6.bin,112,33554432,357.76,,
0,bench/30gib-6.bin,113,33554432,345.86,,
0,bench/30gib-6.bin,114,33554432,388.78,,
0,bench/30gib-6.bin,115,33554432,471.44,,
0,bench/30gib-6.bin,116,33554432,499.74,,
0,bench/30gib-6.bin,117,33554432,516.89,,
0,bench/30gib-6.bin,118,33554432,352.60,,
0,bench/30gib-6.bin,119,33554432,601.52,,
0,bench/30gib-6.bin,120,33554432,357.99,,
0,bench/30gib-6.bin,121,33554432,341.32,,
0,bench/30gib-6.bin,122,33554432,439.79,,
0,bench/30gib-6.bin,123,33554432,453.87,,
0,bench/30gib-6.bin,124,33554432,545.65,,
0,bench/30gib-6.bin,125,33554432,364.87,,
0,bench/30gib-6.bin,126,33554432,543.20,,
0,bench/30gib-6.bin,127,33554432,394.25,,
0,bench/30gib-6.bin,128,33554432,438.34,,
0,bench/30gib-6.bin,129,33554432,384.54,,
0,bench/30gib-6.bin,130,33554432,452.11,,
0,bench/30gib-6.bin,131,33554432,352.96,,
0,bench/30gib-6.bin,132,33554432,400.72,,
0,bench/30gib-6.bin,133,33554432,343.14,,
0,bench/30gib-6.bin,134,33554432,341.94,,
0,bench/30gib-6.bin,135,33554432,383.61,,
0,bench/30gib-6.bin,136,33554432,340.45,,
0,bench/30gib-6.bin,137,33554432,677.84,,
0,bench/30gib-6.bin,138,33554432,396.84,,
0,bench/30gib-6.bin,139,33554432,341.55,,
0,bench/30gib-6.bin,140,33554432,423.50,,
0,bench/30gib-6.bin,141,33554432,428.62,,
0,bench/30gib-6.bin,142,33554432,375.35,,
0,bench/30gib-6.bin,143,33554432,342.69,,
0,bench/30gib-6.bin,144,33554432,344.42,,
0,bench/30gib-6.bin,145,33554432,421.64,,
0,bench/30gib-6.bin,146,33554432,346.27,,
0,bench/30gib-6.bin,147,33554432,349.19,,
0,bench/30gib-6.bin,148,33554432,392.99,,
0,bench/30gib-6.bin,149,33554432,347.21,,
0,bench/30gib-6.bin,150,33554432,374.41,,
0,bench/30gib-6.bin,151,33554432,769.01,,
0,bench/30gib-6.bin,152,33554432,391.12,,
0,bench/30gib-6.bin,153,33554432,645.49,,
0,bench/30gib-6.bin,154,33554432,349.02,,
0,bench/30gib-6.bin,155,33554432,584.29,,
0,bench/30gib-6.bin,156,33554432,343.76,,
0,bench/30gib-6.bin,157,33554432,360.24,,
0,bench/30gib-6.bin,158,33554432,453.86,,
0,bench/30gib-6.bin,159,33554432,402.89,,
0,bench/30gib-6.bin,160,33554432,340.08,,
0,bench/30gib-6.bin,161,33554432,341.57,,
0,bench/30gib-6.bin,162,33554432,395.93,,
0,bench/30gib-6.bin,163,33554432,342.84,,
0,bench/30gib-6.bin,164,33554432,342.33,,
0,bench/30gib-6.bin,165,33554432,342.03,,
0,bench/30gib-6.bin,166,33554432,466.85,,
0,bench/30gib-6.bin,167,33554432,427.24,,
0,bench/30gib-6.bin,168,33554432,402.93,,
0,bench/30gib-6.bin,169,33554432,394.83,,
0,bench/30gib-6.bin,170,33554432,556.88,,
0,bench/30gib-6.bin,171,33554432,443.44,,
0,bench/30gib-6.bin,172,33554432,413.02,,
0,bench/30gib-6.bin,173,33554432,363.64,,
0,bench/30gib-6.bin,174,33554432,388.58,,
0,bench/30gib-6.bin,175,33554432,365.48,,
0,bench/30gib-6.bin,176,33554432,411.73,,
0,bench/30gib-6.bin,177,33554432,456.14,,
0,bench/30gib-6.bin,178,33554432,398.67,,
0,bench/30gib-6.bin,179,33554432,345.22,,
0,bench/30gib-6.bin,180,33554432,832.13,,
0,bench/30gib-6.bin,181,33554432,344.08,,
0,bench/30gib-6.bin,182,33554432,343.86,,
0,bench/30gib-6.bin,183,33554432,343.69,,
0,bench/30gib-6.bin,184,33554432,425.43,,
0,bench/30gib-6.bin,185,33554432,394.73,,
0,bench/30gib-6.bin,186,33554432,530.49,,
0,bench/30gib-6.bin,187,33554432,388.53,,
0,bench/30gib-6.bin,188,33554432,388.72,,
0,bench/30gib-6.bin,189,33554432,354.33,,
0,bench/30gib-6.bin,190,33554432,416.81,,
0,bench/30gib-6.bin,191,33554432,361.52,,
0,bench/30gib-6.bin,192,33554432,661.92,,
0,bench/30gib-6.bin,193,33554432,396.95,,
0,bench/30gib-6.bin,194,33554432,350.35,,
0,bench/30gib-6.bin,195,33554432,426.82,,
0,bench/30gib-6.bin,196,33554432,501.72,,
0,bench/30gib-6.bin,197,33554432,534.84,,
0,bench/30gib-6.bin,198,33554432,365.81,,
0,bench/30gib-6.bin,199,33554432,459.74,,
0,bench/30gib-6.bin,200,33554432,352.17,,
0,bench/30gib-6.bin,201,33554432,432.27,,
0,bench/30gib-6.bin,202,33554432,493.92,,
0,bench/30gib-6.bin,203,33554432,406.87,,
0,bench/30gib-6.bin,204,33554432,366.12,,
0,bench/30gib-6.bin,205,33554432,545.51,,
0,bench/30gib-6.bin,206,33554432,637.37,,
0,bench/30gib-6.bin,207,33554432,340.77,,
0,bench/30gib-6.bin,208,33554432,370.91,,
0,bench/30gib-6.bin,209,33554432,478.64,,
0,bench/30gib-6.bin,210,33554432,354.42,,
0,bench/30gib-6.bin,211,33554432,454.27,,
0,bench/30gib-6.bin,212,33554432,363.13,,
0,bench/30gib-6.bin,213,33554432,397.12,,
0,bench/30gib-6.bin,214,33554432,355.66,,
0,bench/30gib-6.bin,215,33554432,404.48,,
0,bench/30gib-6.bin,216,33554432,380.56,,
0,bench/30gib-6.bin,217,33554432,494.45,,
0,bench/30gib-6.bin,218,33554432,430.30,,
0,bench/30gib-6.bin,219,33554432,342.33,,
0,bench/30gib-6.bin,220,33554432,436.68,,
0,bench/30gib-6.bin,221,33554432,419.80,,
0,bench/30gib-6.bin,222,33554432,425.04,,
0,bench/30gib-6.bin,223,33554432,396.78,,
0,bench/30gib-6.bin,224,33554432,341.23,,
0,bench/30gib-6.bin,225,33554432,529.26,,
0,bench/30gib-6.bin,226,33554432,461.24,,
0,bench/30gib-6.bin,227,33554432,737.49,,
0,bench/30gib-6.bin,228,33554432,414.28,,
0,bench/30gib-6.bin,229,33554432,385.82,,
0,bench/30gib-6.bin,230,33554432,340.51,,
0,bench/30gib-6.bin,231,33554432,368.04,,
0,bench/30gib-6.bin,232,33554432,531.11,,
0,bench/30gib-6.bin,233,33554432,484.11,,
0,bench/30gib-6.bin,234,33554432,472.41,,
0,bench/30gib-6.bin,235,33554432,436.77,,
0,bench/30gib-6.bin,236,33554432,648.14,,
0,bench/30gib-6.bin,237,33554432,429.73,,
0,bench/30gib-6.bin,238,33554432,448.72,,
0,bench/30gib-6.bin,239,33554432,352.95,,
0,bench/30gib-6.bin,240,33554432,418.81,,
0,bench/30gib-6.bin,241,33554432,613.17,,
0,bench/30gib-6.bin,242,33554432,347.90,,
0,bench/30gib-6.bin,243,33554432,343.02,,
0,bench/30gib-6.bin,244,33554432,417.99,,
0,bench/30gib-6.bin,245,33554432,435.88,,
0,bench/30gib-6.bin,246,33554432,421.95,,
0,bench/30gib-6.bin,247,33554432,345.81,,
0,bench/30gib-6.bin,248,33554432,512.36,,
0,bench/30gib-6.bin,249,33554432,526.98,,
0,bench/30gib-6.bin,250,33554432,341.37,,
0,bench/30gib-6.bin,251,33554432,402.21,,
0,bench/30gib-6.bin,252,33554432,531.58,,
0,bench/30gib-6.bin,253,33554432,365.58,,
0,bench/30gib-6.bin,254,33554432,402.55,,
0,bench/30gib-6.bin,255,33554432,346.91,,
0,bench/30gib-6.bin,256,33554432,357.53,,
0,bench/30gib-6.bin,257,33554432,347.85,,
0,bench/30gib-6.bin,258,33554432,542.70,,
0,bench/30gib-6.bin,259,33554432,399.47,,
0,bench/30gib-6.bin,260,33554432,381.07,,
0,bench/30gib-6.bin,261,33554432,347.60,,
0,bench/30gib-6.bin,262,33554432,406.71,,
0,bench/30gib-6.bin,263,33554432,384.31,,
0,bench/30gib-6.bin,264,33554432,348.68,,
0,bench/30gib-6.bin,265,33554432,372.57,,
0,bench/30gib-6.bin,266,33554432,412.96,,
0,bench/30gib-6.bin,267,33554432,715.66,,
0,bench/30gib-6.bin,268,33554432,352.74,,
0,bench/30gib-6.bin,269,33554432,431.76,,
0,bench/30gib-6.bin,270,33554432,358.94,,
0,bench/30gib-6.bin,271,33554432,353.20,,
0,bench/30gib-6.bin,272,33554432,411.96,,
0,bench/30gib-6.bin,273,33554432,483.34,,
0,bench/30gib-6.bin,274,33554432,364.91,,
0,bench/30gib-6.bin,275,33554432,790.55,,
0,bench/30gib-6.bin,276,33554432,428.61,,
0,bench/30gib-6.bin,277,33554432,346.61,,
0,bench/30gib-6.bin,278,33554432,374.74,,
0,bench/30gib-6.bin,279,33554432,365.56,,
0,bench/30gib-6.bin,280,33554432,523.35,,
0,bench/30gib-6.bin,281,33554432,689.32,,
0,bench/30gib-6.bin,282,33554432,409.37,,
0,bench/30gib-6.bin,283,33554432,502.67,,
0,bench/30gib-6.bin,284,33554432,397.93,,
0,bench/30gib-6.bin,285,33554432,342.65,,
0,bench/30gib-6.bin,286,33554432,349.72,,
0,bench/30gib-6.bin,287,33554432,561.89,,
0,bench/30gib-6.bin,288,33554432,393.90,,
0,bench/30gib-6.bin,289,33554432,380.37,,
0,bench/30gib-6.bin,290,33554432,349.61,,
0,bench/30gib-6.bin,291,33554432,385.62,,
0,bench/30gib-6.bin,292,33554432,412.62,,
0,bench/30gib-6.bin,293,33554432,454.85,,
0,bench/30gib-6.bin,294,33554432,481.29,,
0,bench/30gib-6.bin,295,33554432,342.97,,
0,bench/30gib-6.bin,296,33554432,618.84,,
0,bench/30gib-6.bin,297,33554432,429.40,,
0,bench/30gib-6.bin,298,33554432,508.37,,
0,bench/30gib-6.bin,299,33554432,433.22,,
0,bench/30gib-6.bin,300,33554432,343.40,,
0,bench/30gib-6.bin,301,33554432,349.22,,
0,bench/30gib-6.bin,302,33554432,480.73,,
0,bench/30gib-6.bin,303,33554432,358.92,,
0,bench/30gib-6.bin,304,33554432,340.48,,
0,bench/30gib-6.bin,305,33554432,506.36,,
0,bench/30gib-6.bin,306,33554432,428.22,,
0,bench/30gib-6.bin,307,33554432,345.05,,
0,bench/30gib-6.bin,308,33554432,349.38,,
0,bench/30gib-6.bin,309,33554432,514.64,,
0,bench/30gib-6.bin,310,33554432,343.64,,
0,bench/30gib-6.bin,311,33554432,472.51,,
0,bench/30gib-6.bin,312,33554432,342.13,,
0,bench/30gib-6.bin,313,33554432,356.82,,
0,bench/30gib-6.bin,314,33554432,493.63,,
0,bench/30gib-6.bin,315,33554432,585.51,,
0,bench/30gib-6.bin,316,33554432,353.02,,
0,bench/30gib-6.bin,317,33554432,351.07,,
0,bench/30gib-6.bin,318,33554432,379.60,,
0,bench/30gib-6.bin,319,33554432,356.95,,
0,bench/30gib-6.bin,320,33554432,493.76,,
0,bench/30gib-6.bin,321,33554432,409.14,,
0,bench/30gib-6.bin,322,33554432,572.59,,
0,bench/30gib-6.bin,323,33554432,476.50,,
0,bench/30gib-6.bin,324,33554432,475.06,,
0,bench/30gib-6.bin,325,33554432,475.37,,
0,bench/30gib-6.bin,326,33554432,345.17,,
0,bench/30gib-6.bin,327,33554432,355.66,,
0,bench/30gib-6.bin,328,33554432,460.16,,
0,bench/30gib-6.bin,329,33554432,343.78,,
0,bench/30gib-6.bin,330,33554432,366.07,,
0,bench/30gib-6.bin,331,33554432,800.96,,
0,bench/30gib-6.bin,332,33554432,609.27,,
0,bench/30gib-6.bin,333,33554432,445.70,,
0,bench/30gib-6.bin,334,33554432,584.02,,
0,bench/30gib-6.bin,335,33554432,352.78,,
0,bench/30gib-6.bin,336,33554432,368.00,,
0,bench/30gib-6.bin,337,33554432,407.11,,
0,bench/30gib-6.bin,338,33554432,365.74,,
0,bench/30gib-6.bin,339,33554432,342.45,,
0,bench/30gib-6.bin,340,33554432,363.59,,
0,bench/30gib-6.bin,341,33554432,368.44,,
0,bench/30gib-6.bin,342,33554432,377.38,,
0,bench/30gib-6.bin,343,33554432,470.71,,
0,bench/30gib-6.bin,344,33554432,407.87,,
0,bench/30gib-6.bin,345,33554432,392.88,,
0,bench/30gib-6.bin,346,33554432,520.69,,
0,bench/30gib-6.bin,347,33554432,392.47,,
0,bench/30gib-6.bin,348,33554432,379.52,,
0,bench/30gib-6.bin,349,33554432,346.46,,
0,bench/30gib-6.bin,350,33554432,406.32,,
0,bench/30gib-6.bin,351,33554432,461.30,,
0,bench/30gib-6.bin,352,33554432,342.02,,
0,bench/30gib-6.bin,353,33554432,520.06,,
0,bench/30gib-6.bin,354,33554432,387.18,,
0,bench/30gib-6.bin,355,33554432,789.05,,
0,bench/30gib-6.bin,356,33554432,341.93,,
0,bench/30gib-6.bin,357,33554432,340.76,,
0,bench/30gib-6.bin,358,33554432,345.45,,
0,bench/30gib-6.bin,359,33554432,392.26,,
0,bench/30gib-6.bin,360,33554432,377.09,,
0,bench/30gib-6.bin,361,33554432,344.84,,
0,bench/30gib-6.bin,362,33554432,340.46,,
0,bench/30gib-6.bin,363,33554432,517.04,,
0,bench/30gib-6.bin,364,33554432,372.64,,
0,bench/30gib-6.bin,365,33554432,471.49,,
0,bench/30gib-6.bin,366,33554432,345.34,,
0,bench/30gib-6.bin,367,33554432,401.85,,
0,bench/30gib-6.bin,368,33554432,450.83,,
0,bench/30gib-6.bin,369,33554432,343.42,,
0,bench/30gib-6.bin,370,33554432,415.54,,
0,bench/30gib-6.bin,371,33554432,356.76,,
0,bench/30gib-6.bin,372,33554432,457.02,,
0,bench/30gib-6.bin,373,33554432,341.47,,
0,bench/30gib-6.bin,374,33554432,347.53,,
0,bench/30gib-6.bin,375,33554432,569.81,,
0,bench/30gib-6.bin,376,33554432,543.03,,
0,bench/30gib-6.bin,377,33554432,383.23,,
0,bench/30gib-6.bin,378,33554432,561.11,,
0,bench/30gib-6.bin,379,33554432,470.35,,
0,bench/30gib-6.bin,380,33554432,348.35,,
0,bench/30gib-6.bin,381,33554432,426.35,,
0,bench/30gib-6.bin,382,33554432,341.41,,
0,bench/30gib-6.bin,383,33554432,358.04,,
0,bench/30gib-6.bin,384,33554432,475.18,,
0,bench/30gib-6.bin,385,33554432,414.25,,
0,bench/30gib-6.bin,386,33554432,377.55,,
0,bench/30gib-6.bin,387,33554432,444.62,,
0,bench/30gib-6.bin,388,33554432,1236.93,,
0,bench/30gib-6.bin,389,33554432,435.90,,
0,bench/30gib-6.bin,390,33554432,345.79,,
0,bench/30gib-6.bin,391,33554432,416.07,,
0,bench/30gib-6.bin,392,33554432,374.63,,
0,bench/30gib-6.bin,393,33554432,408.70,,
0,bench/30gib-6.bin,394,33554432,408.90,,
0,bench/30gib-6.bin,395,33554432,523.79,,
0,bench/30gib-6.bin,396,33554432,366.59,,
0,bench/30gib-6.bin,397,33554432,379.57,,
0,bench/30gib-6.bin,398,33554432,368.20,,
0,bench/30gib-6.bin,399,33554432,507.72,,
0,bench/30gib-6.bin,400,33554432,391.97,,
0,bench/30gib-6.bin,401,33554432,425.78,,
0,bench/30gib-6.bin,402,33554432,392.46,,
0,bench/30gib-6.bin,403,33554432,505.33,,
0,bench/30gib-6.bin,404,33554432,372.39,,
0,bench/30gib-6.bin,405,33554432,495.74,,
0,bench/30gib-6.bin,406,33554432,426.22,,
0,bench/30gib-6.bin,407,33554432,436.78,,
0,bench/30gib-6.bin,408,33554432,356.40,,
0,bench/30gib-6.bin,409,33554432,347.60,,
0,bench/30gib-6.bin,410,33554432,450.24,,
0,bench/30gib-6.bin,411,33554432,342.54,,
0,bench/30gib-6.bin,412,33554432,376.13,,
0,bench/30gib-6.bin,413,33554432,538.39,,
0,bench/30gib-6.bin,414,33554432,386.37,,
0,bench/30gib-6.bin,415,33554432,457.58,,
0,bench/30gib-6.bin,416,33554432,633.45,,
0,bench/30gib-6.bin,417,33554432,342.04,,
0,bench/30gib-6.bin,418,33554432,552.78,,
0,bench/30gib-6.bin,419,33554432,400.56,,
0,bench/30gib-6.bin,420,33554432,364.57,,
0,bench/30gib-6.bin,421,33554432,456.80,,
0,bench/30gib-6.bin,422,33554432,481.91,,
0,bench/30gib-6.bin,423,33554432,349.26,,
0,bench/30gib-6.bin,424,33554432,372.19,,
0,bench/30gib-6.bin,425,33554432,446.82,,
0,bench/30gib-6.bin,426,33554432,394.95,,
0,bench/30gib-6.bin,427,33554432,390.19,,
0,bench/30gib-6.bin,428,33554432,441.98,,
0,bench/30gib-6.bin,429,33554432,342.12,,
0,bench/30gib-6.bin,430,33554432,526.13,,
0,bench/30gib-6.bin,431,33554432,385.73,,
0,bench/30gib-6.bin,432,33554432,613.23,,
0,bench/30gib-6.bin,433,33554432,378.64,,
0,bench/30gib-6.bin,434,33554432,458.83,,
0,bench/30gib-6.bin,435,33554432,450.54,,
0,bench/30gib-6.bin,436,33554432,343.43,,
0,bench/30gib-6.bin,437,33554432,538.16,,
0,bench/30gib-6.bin,438,33554432,478.25,,
0,bench/30gib-6.bin,439,33554432,443.06,,
0,bench/30gib-6.bin,440,33554432,351.53,,
0,bench/30gib-6.bin,441,33554432,461.51,,
0,bench/30gib-6.bin,442,33554432,535.59,,
0,bench/30gib-6.bin,443,33554432,610.75,,
0,bench/30gib-6.bin,444,33554432,394.14,,
0,bench/30gib-6.bin,445,33554432,343.14,,
0,bench/30gib-6.bin,446,33554432,393.97,,
0,bench/30gib-6.bin,447,33554432,343.38,,
0,bench/30gib-6.bin,448,33554432,433.94,,
0,bench/30gib-6.bin,449,33554432,367.35,,
0,bench/30gib-6.bin,450,33554432,344.76,,
0,bench/30gib-6.bin,451,33554432,447.53,,
0,bench/30gib-6.bin,452,33554432,445.23,,
0,bench/30gib-6.bin,453,33554432,399.47,,
0,bench/30gib-6.bin,454,33554432,406.64,,
0,bench/30gib-6.bin,455,33554432,342.25,,
0,bench/30gib-6.bin,456,33554432,342.30,,
0,bench/30gib-6.bin,457,33554432,381.67,,
0,bench/30gib-6.bin,458,33554432,390.29,,
0,bench/30gib-6.bin,459,33554432,589.91,,
0,bench/30gib-6.bin,460,33554432,471.31,,
0,bench/30gib-6.bin,461,33554432,419.40,,
0,bench/30gib-6.bin,462,33554432,349.24,,
0,bench/30gib-6.bin,463,33554432,521.88,,
0,bench/30gib-6.bin,464,33554432,433.33,,
0,bench/30gib-6.bin,465,33554432,368.21,,
0,bench/30gib-6.bin,466,33554432,390.49,,
0,bench/30gib-6.bin,467,33554432,367.34,,
0,bench/30gib-6.bin,468,33554432,393.81,,
0,bench/30gib-6.bin,469,33554432,347.65,,
0,bench/30gib-6.bin,470,33554432,657.09,,
0,bench/30gib-6.bin,471,33554432,780.57,,
0,bench/30gib-6.bin,472,33554432,470.91,,
0,bench/30gib-6.bin,473,33554432,402.59,,
0,bench/30gib-6.bin,474,33554432,397.86,,
0,bench/30gib-6.bin,475,33554432,456.53,,
0,bench/30gib-6.bin,476,33554432,346.67,,
0,bench/30gib-6.bin,477,33554432,563.11,,
0,bench/30gib-6.bin,478,33554432,425.22,,
0,bench/30gib-6.bin,479,33554432,395.20,,
0,bench/30gib-6.bin,480,33554432,350.70,,
0,bench/30gib-6.bin,481,33554432,500.62,,
0,bench/30gib-6.bin,482,33554432,345.88,,
0,bench/30gib-6.bin,483,33554432,344.85,,
0,bench/30gib-6.bin,484,33554432,359.51,,
0,bench/30gib-6.bin,485,33554432,425.42,,
0,bench/30gib-6.bin,486,33554432,467.11,,
0,bench/30gib-6.bin,487,33554432,346.84,,
0,bench/30gib-6.bin,488,33554432,372.59,,
0,bench/30gib-6.bin,489,33554432,414.02,,
0,bench/30gib-6.bin,490,33554432,350.34,,
0,bench/30gib-6.bin,491,33554432,375.61,,
0,bench/30gib-6.bin,492,33554432,516.56,,
0,bench/30gib-6.bin,493,33554432,426.75,,
0,bench/30gib-6.bin,494,33554432,370.93,,
0,bench/30gib-6.bin,495,33554432,557.37,,
0,bench/30gib-6.bin,496,33554432,371.54,,
0,bench/30gib-6.bin,497,33554432,348.28,,
0,bench/30gib-6.bin,498,33554432,422.33,,
0,bench/30gib-6.bin,499,33554432,514.69,,
0,bench/30gib-6.bin,500,33554432,901.66,,
0,bench/30gib-6.bin,501,33554432,383.84,,
0,bench/30gib-6.bin,502,33554432,345.03,,
0,bench/30gib-6.bin,503,33554432,560.60,,
0,bench/30gib-6.bin,504,33554432,385.54,,
0,bench/30gib-6.bin,505,33554432,372.70,,
0,bench/30gib-6.bin,506,33554432,402.98,,
0,bench/30gib-6.bin,507,33554432,420.80,,
0,bench/30gib-6.bin,508,33554432,428.67,,
0,bench/30gib-6.bin,509,33554432,528.82,,
0,bench/30gib-6.bin,510,33554432,557.02,,
0,bench/30gib-6.bin,511,33554432,341.92,,
0,bench/30gib-6.bin,512,33554432,514.26,,
0,bench/30gib-6.bin,513,33554432,345.45,,
0,bench/30gib-6.bin,514,33554432,346.66,,
0,bench/30gib-6.bin,515,33554432,374.74,,
0,bench/30gib-6.bin,516,33554432,462.73,,
0,bench/30gib-6.bin,517,33554432,428.76,,
0,bench/30gib-6.bin,518,33554432,377.93,,
0,bench/30gib-6.bin,519,33554432,346.67,,
0,bench/30gib-6.bin,520,33554432,340.68,,
0,bench/30gib-6.bin,521,33554432,497.50,,
0,bench/30gib-6.bin,522,33554432,525.26,,
0,bench/30gib-6.bin,523,33554432,388.48,,
0,bench/30gib-6.bin,524,33554432,411.02,,
0,bench/30gib-6.bin,525,33554432,355.29,,
0,bench/30gib-6.bin,526,33554432,383.53,,
0,bench/30gib-6.bin,527,33554432,343.46,,
0,bench/30gib-6.bin,528,33554432,396.65,,
0,bench/30gib-6.bin,529,33554432,345.91,,
0,bench/30gib-6.bin,530,33554432,340.25,,
0,bench/30gib-6.bin,531,33554432,461.14,,
0,bench/30gib-6.bin,532,33554432,401.97,,
0,bench/30gib-6.bin,533,33554432,469.84,,
0,bench/30gib-6.bin,534,33554432,463.13,,
0,bench/30gib-6.bin,535,33554432,346.25,,
0,bench/30gib-6.bin,536,33554432,614.11,,
0,bench/30gib-6.bin,537,33554432,506.92,,
0,bench/30gib-6.bin,538,33554432,399.08,,
0,bench/30gib-6.bin,539,33554432,341.57,,
0,bench/30gib-6.bin,540,33554432,438.41,,
0,bench/30gib-6.bin,541,33554432,520.85,,
0,bench/30gib-6.bin,542,33554432,400.00,,
0,bench/30gib-6.bin,543,33554432,341.45,,
0,bench/30gib-6.bin,544,33554432,425.54,,
0,bench/30gib-6.bin,545,33554432,379.36,,
0,bench/30gib-6.bin,546,33554432,344.55,,
0,bench/30gib-6.bin,547,33554432,420.77,,
0,bench/30gib-6.bin,548,33554432,552.50,,
0,bench/30gib-6.bin,549,33554432,377.53,,
0,bench/30gib-6.bin,550,33554432,394.98,,
0,bench/30gib-6.bin,551,33554432,731.22,,
0,bench/30gib-6.bin,552,33554432,470.14,,
0,bench/30gib-6.bin,553,33554432,462.21,,
0,bench/30gib-6.bin,554,33554432,428.42,,
0,bench/30gib-6.bin,555,33554432,485.59,,
0,bench/30gib-6.bin,556,33554432,390.83,,
0,bench/30gib-6.bin,557,33554432,377.91,,
0,bench/30gib-6.bin,558,33554432,373.00,,
0,bench/30gib-6.bin,559,33554432,352.32,,
0,bench/30gib-6.bin,560,33554432,406.57,,
0,bench/30gib-6.bin,561,33554432,383.60,,
0,bench/30gib-6.bin,562,33554432,351.98,,
0,bench/30gib-6.bin,563,33554432,423.14,,
0,bench/30gib-6.bin,564,33554432,468.68,,
0,bench/30gib-6.bin,565,33554432,404.47,,
0,bench/30gib-6.bin,566,33554432,395.92,,
0,bench/30gib-6.bin,567,33554432,441.44,,
0,bench/30gib-6.bin,568,33554432,739.69,,
0,bench/30gib-6.bin,569,33554432,371.15,,
0,bench/30gib-6.bin,570,33554432,347.76,,
0,bench/30gib-6.bin,571,33554432,355.63,,
0,bench/30gib-6.bin,572,33554432,503.77,,
0,bench/30gib-6.bin,573,33554432,573.78,,
0,bench/30gib-6.bin,574,33554432,647.92,,
0,bench/30gib-6.bin,575,33554432,382.03,,
0,bench/30gib-6.bin,576,33554432,444.71,,
0,bench/30gib-6.bin,577,33554432,439.51,,
0,bench/30gib-6.bin,578,33554432,389.99,,
0,bench/30gib-6.bin,579,33554432,447.34,,
0,bench/30gib-6.bin,580,33554432,341.52,,
0,bench/30gib-6.bin,581,33554432,351.34,,
0,bench/30gib-6.bin,582,33554432,436.17,,
0,bench/30gib-6.bin,583,33554432,346.55,,
0,bench/30gib-6.bin,584,33554432,355.47,,
0,bench/30gib-6.bin,585,33554432,391.80,,
0,bench/30gib-6.bin,586,33554432,383.13,,
0,bench/30gib-6.bin,587,33554432,340.77,,
0,bench/30gib-6.bin,588,33554432,466.15,,
0,bench/30gib-6.bin,589,33554432,340.49,,
0,bench/30gib-6.bin,590,33554432,380.09,,
0,bench/30gib-6.bin,591,33554432,388.34,,
0,bench/30gib-6.bin,592,33554432,346.98,,
0,bench/30gib-6.bin,593,33554432,380.91,,
0,bench/30gib-6.bin,594,33554432,521.00,,
0,bench/30gib-6.bin,595,33554432,414.67,,
0,bench/30gib-6.bin,596,33554432,657.42,,
0,bench/30gib-6.bin,597,33554432,460.84,,
0,bench/30gib-6.bin,598,33554432,378.47,,
0,bench/30gib-6.bin,599,33554432,351.36,,
0,bench/30gib-6.bin,600,33554432,341.56,,
0,bench/30gib-6.bin,601,33554432,478.19,,
0,bench/30gib-6.bin,602,33554432,407.21,,
0,bench/30gib-6.bin,603,33554432,413.24,,
0,bench/30gib-6.bin,604,33554432,342.83,,
0,bench/30gib-6.bin,605,33554432,421.64,,
0,bench/30gib-6.bin,606,33554432,345.68,,
0,bench/30gib-6.bin,607,33554432,508.48,,
0,bench/30gib-6.bin,608,33554432,373.05,,
0,bench/30gib-6.bin,609,33554432,351.25,,
0,bench/30gib-6.bin,610,33554432,398.56,,
0,bench/30gib-6.bin,611,33554432,381.26,,
0,bench/30gib-6.bin,612,33554432,461.47,,
0,bench/30gib-6.bin,613,33554432,346.61,,
0,bench/30gib-6.bin,614,33554432,413.81,,
0,bench/30gib-6.bin,615,33554432,506.53,,
0,bench/30gib-6.bin,616,33554432,395.78,,
0,bench/30gib-6.bin,617,33554432,377.16,,
0,bench/30gib-6.bin,618,33554432,347.04,,
0,bench/30gib-6.bin,619,33554432,400.70,,
0,bench/30gib-6.bin,620,33554432,403.27,,
0,bench/30gib-6.bin,621,33554432,419.31,,
0,bench/30gib-6.bin,622,33554432,486.21,,
0,bench/30gib-6.bin,623,33554432,409.71,,
0,bench/30gib-6.bin,624,33554432,450.81,,
0,bench/30gib-6.bin,625,33554432,395.15,,
0,bench/30gib-6.bin,626,33554432,412.55,,
0,bench/30gib-6.bin,627,33554432,419.38,,
0,bench/30gib-6.bin,628,33554432,565.81,,
0,bench/30gib-6.bin,629,33554432,343.27,,
0,bench/30gib-6.bin,630,33554432,374.78,,
0,bench/30gib-6.bin,631,33554432,743.81,,
0,bench/30gib-6.bin,632,33554432,542.62,,
0,bench/30gib-6.bin,633,33554432,459.74,,
0,bench/30gib-6.bin,634,33554432,430.86,,
0,bench/30gib-6.bin,635,33554432,415.00,,
0,bench/30gib-6.bin,636,33554432,456.42,,
0,bench/30gib-6.bin,637,33554432,469.00,,
0,bench/30gib-6.bin,638,33554432,470.85,,
0,bench/30gib-6.bin,639,33554432,685.39,,
0,bench/30gib-6.bin,640,33554432,356.96,,
0,bench/30gib-6.bin,641,33554432,401.99,,
0,bench/30gib-6.bin,642,33554432,459.68,,
0,bench/30gib-6.bin,643,33554432,347.59,,
0,bench/30gib-6.bin,644,33554432,385.25,,
0,bench/30gib-6.bin,645,33554432,404.54,,
0,bench/30gib-6.bin,646,33554432,463.76,,
0,bench/30gib-6.bin,647,33554432,398.73,,
0,bench/30gib-6.bin,648,33554432,477.41,,
0,bench/30gib-6.bin,649,33554432,441.42,,
0,bench/30gib-6.bin,650,33554432,370.30,,
0,bench/30gib-6.bin,651,33554432,540.88,,
0,bench/30gib-6.bin,652,33554432,394.98,,
0,bench/30gib-6.bin,653,33554432,361.85,,
0,bench/30gib-6.bin,654,33554432,360.89,,
0,bench/30gib-6.bin,655,33554432,476.97,,
0,bench/30gib-6.bin,656,33554432,470.61,,
0,bench/30gib-6.bin,657,33554432,347.17,,
0,bench/30gib-6.bin,658,33554432,472.76,,
0,bench/30gib-6.bin,659,33554432,393.29,,
0,bench/30gib-6.bin,660,33554432,404.72,,
0,bench/30gib-6.bin,661,33554432,403.17,,
0,bench/30gib-6.bin,662,33554432,448.05,,
0,bench/30gib-6.bin,663,33554432,551.72,,
0,bench/30gib-6.bin,664,33554432,431.87,,
0,bench/30gib-6.bin,665,33554432,607.92,,
0,bench/30gib-6.bin,666,33554432,540.46,,
0,bench/30gib-6.bin,667,33554432,353.34,,
0,bench/30gib-6.bin,668,33554432,379.64,,
0,bench/30gib-6.bin,669,33554432,682.67,,
0,bench/30gib-6.bin,670,33554432,379.82,,
0,bench/30gib-6.bin,671,33554432,347.29,,
0,bench/30gib-6.bin,672,33554432,350.86,,
0,bench/30gib-6.bin,673,33554432,342.11,,
0,bench/30gib-6.bin,674,33554432,404.52,,
0,bench/30gib-6.bin,675,33554432,600.95,,
0,bench/30gib-6.bin,676,33554432,374.57,,
0,bench/30gib-6.bin,677,33554432,595.96,,
0,bench/30gib-6.bin,678,33554432,341.87,,
0,bench/30gib-6.bin,679,33554432,360.20,,
0,bench/30gib-6.bin,680,33554432,523.75,,
0,bench/30gib-6.bin,681,33554432,401.79,,
0,bench/30gib-6.bin,682,33554432,349.53,,
0,bench/30gib-6.bin,683,33554432,341.53,,
0,bench/30gib-6.bin,684,33554432,428.56,,
0,bench/30gib-6.bin,685,33554432,359.67,,
0,bench/30gib-6.bin,686,33554432,431.05,,
0,bench/30gib-6.bin,687,33554432,372.61,,
0,bench/30gib-6.bin,688,33554432,361.67,,
0,bench/30gib-6.bin,689,33554432,341.34,,
0,bench/30gib-6.bin,690,33554432,345.69,,
0,bench/30gib-6.bin,691,33554432,556.62,,
0,bench/30gib-6.bin,692,33554432,509.52,,
0,bench/30gib-6.bin,693,33554432,360.62,,
0,bench/30gib-6.bin,694,33554432,342.35,,
0,bench/30gib-6.bin,695,33554432,426.75,,
0,bench/30gib-6.bin,696,33554432,454.73,,
0,bench/30gib-6.bin,697,33554432,400.67,,
0,bench/30gib-6.bin,698,33554432,456.81,,
0,bench/30gib-6.bin,699,33554432,498.35,,
0,bench/30gib-6.bin,700,33554432,853.11,,
0,bench/30gib-6.bin,701,33554432,350.26,,
0,bench/30gib-6.bin,702,33554432,502.05,,
0,bench/30gib-6.bin,703,33554432,499.43,,
0,bench/30gib-6.bin,704,33554432,346.77,,
0,bench/30gib-6.bin,705,33554432,484.28,,
0,bench/30gib-6.bin,706,33554432,444.90,,
0,bench/30gib-6.bin,707,33554432,406.02,,
0,bench/30gib-6.bin,708,33554432,476.59,,
0,bench/30gib-6.bin,709,33554432,344.74,,
0,bench/30gib-6.bin,710,33554432,413.97,,
0,bench/30gib-6.bin,711,33554432,471.67,,
0,bench/30gib-6.bin,712,33554432,352.44,,
0,bench/30gib-6.bin,713,33554432,347.16,,
0,bench/30gib-6.bin,714,33554432,379.18,,
0,bench/30gib-6.bin,715,33554432,374.45,,
0,bench/30gib-6.bin,716,33554432,565.16,,
0,bench/30gib-6.bin,717,33554432,495.67,,
0,bench/30gib-6.bin,718,33554432,404.37,,
0,bench/30gib-6.bin,719,33554432,371.22,,
0,bench/30gib-6.bin,720,33554432,505.09,,
0,bench/30gib-6.bin,721,33554432,342.91,,
0,bench/30gib-6.bin,722,33554432,510.48,,
0,bench/30gib-6.bin,723,33554432,341.86,,
0,bench/30gib-6.bin,724,33554432,348.06,,
0,bench/30gib-6.bin,725,33554432,425.37,,
0,bench/30gib-6.bin,726,33554432,344.61,,
0,bench/30gib-6.bin,727,33554432,357.58,,
0,bench/30gib-6.bin,728,33554432,444.40,,
0,bench/30gib-6.bin,729,33554432,462.15,,
0,bench/30gib-6.bin,730,33554432,435.42,,
0,bench/30gib-6.bin,731,33554432,403.57,,
0,bench/30gib-6.bin,732,33554432,386.15,,
0,bench/30gib-6.bin,733,33554432,362.89,,
0,bench/30gib-6.bin,734,33554432,429.82,,
0,bench/30gib-6.bin,735,33554432,521.30,,
0,bench/30gib-6.bin,736,33554432,455.53,,
0,bench/30gib-6.bin,737,33554432,343.44,,
0,bench/30gib-6.bin,738,33554432,377.19,,
0,bench/30gib-6.bin,739,33554432,352.30,,
0,bench/30gib-6.bin,740,33554432,459.08,,
0,bench/30gib-6.bin,741,33554432,439.39,,
0,bench/30gib-6.bin,742,33554432,343.81,,
0,bench/30gib-6.bin,743,33554432,348.33,,
0,bench/30gib-6.bin,744,33554432,477.62,,
0,bench/30gib-6.bin,745,33554432,347.06,,
0,bench/30gib-6.bin,746,33554432,340.62,,
0,bench/30gib-6.bin,747,33554432,343.57,,
0,bench/30gib-6.bin,748,33554432,341.69,,
0,bench/30gib-6.bin,749,33554432,345.25,,
0,bench/30gib-6.bin,750,33554432,377.95,,
0,bench/30gib-6.bin,751,33554432,385.39,,
0,bench/30gib-6.bin,752,33554432,371.79,,
0,bench/30gib-6.bin,753,33554432,560.78,,
0,bench/30gib-6.bin,754,33554432,366.22,,
0,bench/30gib-6.bin,755,33554432,401.82,,
0,bench/30gib-6.bin,756,33554432,426.62,,
0,bench/30gib-6.bin,757,33554432,435.49,,
0,bench/30gib-6.bin,758,33554432,591.96,,
0,bench/30gib-6.bin,759,33554432,390.69,,
0,bench/30gib-6.bin,760,33554432,351.48,,
0,bench/30gib-6.bin,761,33554432,349.85,,
0,bench/30gib-6.bin,762,33554432,349.07,,
0,bench/30gib-6.bin,763,33554432,432.32,,
0,bench/30gib-6.bin,764,33554432,503.30,,
0,bench/30gib-6.bin,765,33554432,345.84,,
0,bench/30gib-6.bin,766,33554432,342.86,,
0,bench/30gib-6.bin,767,33554432,441.53,,
0,bench/30gib-6.bin,768,33554432,542.20,,
0,bench/30gib-6.bin,769,33554432,494.22,,
0,bench/30gib-6.bin,770,33554432,372.11,,
0,bench/30gib-6.bin,771,33554432,379.20,,
0,bench/30gib-6.bin,772,33554432,625.73,,
0,bench/30gib-6.bin,773,33554432,346.33,,
0,bench/30gib-6.bin,774,33554432,407.96,,
0,bench/30gib-6.bin,775,33554432,342.41,,
0,bench/30gib-6.bin,776,33554432,407.15,,
0,bench/30gib-6.bin,777,33554432,386.91,,
0,bench/30gib-6.bin,778,33554432,344.05,,
0,bench/30gib-6.bin,779,33554432,345.59,,
0,bench/30gib-6.bin,780,33554432,342.75,,
0,bench/30gib-6.bin,781,33554432,344.33,,
0,bench/30gib-6.bin,782,33554432,371.61,,
0,bench/30gib-6.bin,783,33554432,530.04,,
0,bench/30gib-6.bin,784,33554432,346.43,,
0,bench/30gib-6.bin,785,33554432,483.60,,
0,bench/30gib-6.bin,786,33554432,361.05,,
0,bench/30gib-6.bin,787,33554432,727.36,,
0,bench/30gib-6.bin,788,33554432,366.92,,
0,bench/30gib-6.bin,789,33554432,351.93,,
0,bench/30gib-6.bin,790,33554432,471.00,,
0,bench/30gib-6.bin,791,33554432,390.39,,
0,bench/30gib-6.bin,792,33554432,536.41,,
0,bench/30gib-6.bin,793,33554432,346.72,,
0,bench/30gib-6.bin,794,33554432,342.44,,
0,bench/30gib-6.bin,795,33554432,492.91,,
0,bench/30gib-6.bin,796,33554432,341.36,,
0,bench/30gib-6.bin,797,33554432,448.45,,
0,bench/30gib-6.bin,798,33554432,345.04,,
0,bench/30gib-6.bin,799,33554432,342.13,,
0,bench/30gib-6.bin,800,33554432,554.23,,
0,bench/30gib-6.bin,801,33554432,358.41,,
0,bench/30gib-6.bin,802,33554432,401.17,,
0,bench/30gib-6.bin,803,33554432,415.49,,
0,bench/30gib-6.bin,804,33554432,353.70,,
0,bench/30gib-6.bin,805,33554432,392.41,,
0,bench/30gib-6.bin,806,33554432,405.00,,
0,bench/30gib-6.bin,807,33554432,345.79,,
0,bench/30gib-6.bin,808,33554432,522.54,,
0,bench/30gib-6.bin,809,33554432,432.88,,
0,bench/30gib-6.bin,810,33554432,405.38,,
0,bench/30gib-6.bin,811,33554432,394.21,,
0,bench/30gib-6.bin,812,33554432,668.94,,
0,bench/30gib-6.bin,813,33554432,628.93,,
0,bench/30gib-6.bin,814,33554432,454.05,,
0,bench/30gib-6.bin,815,33554432,422.87,,
0,bench/30gib-6.bin,816,33554432,343.82,,
0,bench/30gib-6.bin,817,33554432,342.79,,
0,bench/30gib-6.bin,818,33554432,655.58,,
0,bench/30gib-6.bin,819,33554432,398.59,,
0,bench/30gib-6.bin,820,33554432,718.60,,
0,bench/30gib-6.bin,821,33554432,501.14,,
0,bench/30gib-6.bin,822,33554432,391.28,,
0,bench/30gib-6.bin,823,33554432,479.28,,
0,bench/30gib-6.bin,824,33554432,475.01,,
0,bench/30gib-6.bin,825,33554432,416.65,,
0,bench/30gib-6.bin,826,33554432,386.63,,
0,bench/30gib-6.bin,827,33554432,397.24,,
0,bench/30gib-6.bin,828,33554432,373.57,,
0,bench/30gib-6.bin,829,33554432,404.05,,
0,bench/30gib-6.bin,830,33554432,420.39,,
0,bench/30gib-6.bin,831,33554432,558.05,,
0,bench/30gib-6.bin,832,33554432,423.81,,
0,bench/30gib-6.bin,833,33554432,440.84,,
0,bench/30gib-6.bin,834,33554432,454.63,,
0,bench/30gib-6.bin,835,33554432,594.40,,
0,bench/30gib-6.bin,836,33554432,546.27,,
0,bench/30gib-6.bin,837,33554432,671.07,,
0,bench/30gib-6.bin,838,33554432,431.99,,
0,bench/30gib-6.bin,839,33554432,557.47,,
0,bench/30gib-6.bin,840,33554432,342.04,,
0,bench/30gib-6.bin,841,33554432,519.82,,
0,bench/30gib-6.bin,842,33554432,393.41,,
0,bench/30gib-6.bin,843,33554432,381.08,,
0,bench/30gib-6.bin,844,33554432,342.93,,
0,bench/30gib-6.bin,845,33554432,380.80,,
0,bench/30gib-6.bin,846,33554432,593.42,,
0,bench/30gib-6.bin,847,33554432,371.11,,
0,bench/30gib-6.bin,848,33554432,348.14,,
0,bench/30gib-6.bin,849,33554432,378.04,,
0,bench/30gib-6.bin,850,33554432,362.93,,
0,bench/30gib-6.bin,851,33554432,350.90,,
0,bench/30gib-6.bin,852,33554432,347.59,,
0,bench/30gib-6.bin,853,33554432,397.00,,
0,bench/30gib-6.bin,854,33554432,458.28,,
0,bench/30gib-6.bin,855,33554432,408.07,,
0,bench/30gib-6.bin,856,33554432,435.34,,
0,bench/30gib-6.bin,857,33554432,341.88,,
0,bench/30gib-6.bin,858,33554432,380.60,,
0,bench/30gib-6.bin,859,33554432,558.67,,
0,bench/30gib-6.bin,860,33554432,346.79,,
0,bench/30gib-6.bin,861,33554432,364.28,,
0,bench/30gib-6.bin,862,33554432,384.77,,
0,bench/30gib-6.bin,863,33554432,362.36,,
0,bench/30gib-6.bin,864,33554432,367.58,,
0,bench/30gib-6.bin,865,33554432,363.73,,
0,bench/30gib-6.bin,866,33554432,482.14,,
0,bench/30gib-6.bin,867,33554432,414.60,,
0,bench/30gib-6.bin,868,33554432,342.78,,
0,bench/30gib-6.bin,869,33554432,372.65,,
0,bench/30gib-6.bin,870,33554432,376.17,,
0,bench/30gib-6.bin,871,33554432,417.81,,
0,bench/30gib-6.bin,872,33554432,453.26,,
0,bench/30gib-6.bin,873,33554432,352.38,,
0,bench/30gib-6.bin,874,33554432,342.54,,
0,bench/30gib-6.bin,875,33554432,373.83,,
0,bench/30gib-6.bin,876,33554432,343.41,,
0,bench/30gib-6.bin,877,33554432,558.85,,
0,bench/30gib-6.bin,878,33554432,417.66,,
0,bench/30gib-6.bin,879,33554432,342.17,,
0,bench/30gib-6.bin,880,33554432,350.57,,
0,bench/30gib-6.bin,881,33554432,411.76,,
0,bench/30gib-6.bin,882,33554432,345.56,,
0,bench/30gib-6.bin,883,33554432,346.83,,
0,bench/30gib-6.bin,884,33554432,474.05,,
0,bench/30gib-6.bin,885,33554432,508.70,,
0,bench/30gib-6.bin,886,33554432,526.58,,
0,bench/30gib-6.bin,887,33554432,344.11,,
0,bench/30gib-6.bin,888,33554432,450.64,,
0,bench/30gib-6.bin,889,33554432,341.10,,
0,bench/30gib-6.bin,890,33554432,398.66,,
0,bench/30gib-6.bin,891,33554432,481.61,,
0,bench/30gib-6.bin,892,33554432,378.29,,
0,bench/30gib-6.bin,893,33554432,396.20,,
0,bench/30gib-6.bin,894,33554432,459.29,,
0,bench/30gib-6.bin,895,33554432,348.57,,
0,bench/30gib-6.bin,896,33554432,478.31,,
0,bench/30gib-6.bin,897,33554432,346.27,,
0,bench/30gib-6.bin,898,33554432,614.11,,
0,bench/30gib-6.bin,899,33554432,340.77,,
0,bench/30gib-6.bin,900,33554432,410.15,,
0,bench/30gib-6.bin,901,33554432,376.11,,
0,bench/30gib-6.bin,902,33554432,342.05,,
0,bench/30gib-6.bin,903,33554432,381.65,,
0,bench/30gib-6.bin,904,33554432,349.28,,
0,bench/30gib-6.bin,905,33554432,366.98,,
0,bench/30gib-6.bin,906,33554432,491.01,,
0,bench/30gib-6.bin,907,33554432,384.45,,
0,bench/30gib-6.bin,908,33554432,431.44,,
0,bench/30gib-6.bin,909,33554432,403.39,,
0,bench/30gib-6.bin,910,33554432,426.77,,
0,bench/30gib-6.bin,911,33554432,343.80,,
0,bench/30gib-6.bin,912,33554432,831.42,,
0,bench/30gib-6.bin,913,33554432,518.11,,
0,bench/30gib-6.bin,914,33554432,371.66,,
0,bench/30gib-6.bin,915,33554432,386.73,,
0,bench/30gib-6.bin,916,33554432,471.87,,
0,bench/30gib-6.bin,917,33554432,505.07,,
0,bench/30gib-6.bin,918,33554432,347.22,,
0,bench/30gib-6.bin,919,33554432,344.96,,
0,bench/30gib-6.bin,920,33554432,442.82,,
0,bench/30gib-6.bin,921,33554432,469.85,,
0,bench/30gib-6.bin,922,33554432,498.63,,
0,bench/30gib-6.bin,923,33554432,340.68,,
0,bench/30gib-6.bin,924,33554432,343.71,,
0,bench/30gib-6.bin,925,33554432,546.73,,
0,bench/30gib-6.bin,926,33554432,420.97,,
0,bench/30gib-6.bin,927,33554432,403.64,,
0,bench/30gib-6.bin,928,33554432,430.36,,
0,bench/30gib-6.bin,929,33554432,477.05,,
0,bench/30gib-6.bin,930,33554432,346.69,,
0,bench/30gib-6.bin,931,33554432,413.46,,
0,bench/30gib-6.bin,932,33554432,416.44,,
0,bench/30gib-6.bin,933,33554432,343.33,,
0,bench/30gib-6.bin,934,33554432,868.26,,
0,bench/30gib-6.bin,935,33554432,391.87,,
0,bench/30gib-6.bin,936,33554432,398.02,,
0,bench/30gib-6.bin,937,33554432,347.08,,
0,bench/30gib-6.bin,938,33554432,385.39,,
0,bench/30gib-6.bin,939,33554432,341.29,,
0,bench/30gib-6.bin,940,33554432,356.38,,
0,bench/30gib-6.bin,941,33554432,395.79,,
0,bench/30gib-6.bin,942,33554432,587.19,,
0,bench/30gib-6.bin,943,33554432,343.46,,
0,bench/30gib-6.bin,944,33554432,489.94,,
0,bench/30gib-6.bin,945,33554432,347.29,,
0,bench/30gib-6.bin,946,33554432,448.10,,
0,bench/30gib-6.bin,947,33554432,468.53,,
0,bench/30gib-6.bin,948,33554432,386.32,,
0,bench/30gib-6.bin,949,33554432,599.67,,
0,bench/30gib-6.bin,950,33554432,349.37,,
0,bench/30gib-6.bin,951,33554432,502.93,,
0,bench/30gib-6.bin,952,33554432,343.54,,
0,bench/30gib-6.bin,953,33554432,350.88,,
0,bench/30gib-6.bin,954,33554432,427.88,,
0,bench/30gib-6.bin,955,33554432,423.40,,
0,bench/30gib-6.bin,956,33554432,530.29,,
0,bench/30gib-6.bin,957,33554432,403.40,,
0,bench/30gib-6.bin,958,33554432,341.32,,
0,bench/30gib-6.bin,959,33554432,339.19,,
0,bench/30gib-6.bin,960,33554432,371.57,,
0,bench/30gib-7.bin,1,33554432,1163.25,,
0,bench/30gib-7.bin,2,33554432,1588.62,,
0,bench/30gib-7.bin,3,33554432,1903.57,,
0,bench/30gib-7.bin,4,33554432,1335.60,,
0,bench/30gib-7.bin,5,33554432,917.71,,
0,bench/30gib-7.bin,6,33554432,1082.67,,
0,bench/30gib-7.bin,7,33554432,2483.96,,
0,bench/30gib-7.bin,8,33554432,1442.28,,
0,bench/30gib-7.bin,9,33554432,1151.81,,
0,bench/30gib-7.bin,10,33554432,2217.87,,
0,bench/30gib-7.bin,11,33554432,1338.04,,
0,bench/30gib-7.bin,12,33554432,1710.07,,
0,bench/30gib-7.bin,13,33554432,2176.81,,
0,bench/30gib-7.bin,14,33554432,1072.82,,
0,bench/30gib-7.bin,15,33554432,1838.63,,
0,bench/30gib-7.bin,16,33554432,1419.69,,
0,bench/30gib-7.bin,17,33554432,1942.35,,
0,bench/30gib-7.bin,18,33554432,1888.58,,
0,bench/30gib-7.bin,19,33554432,1321.40,,
0,bench/30gib-7.bin,20,33554432,1894.94,,
0,bench/30gib-7.bin,21,33554432,2502.59,,
0,bench/30gib-7.bin,22,33554432,1777.57,,
0,bench/30gib-7.bin,23,33554432,1872.31,,
0,bench/30gib-7.bin,24,33554432,1228.43,,
0,bench/30gib-7.bin,25,33554432,2132.40,,
0,bench/30gib-7.bin,26,33554432,1305.26,,
0,bench/30gib-7.bin,27,33554432,789.11,,
0,bench/30gib-7.bin,28,33554432,665.61,,
0,bench/30gib-7.bin,29,33554432,828.22,,
0,bench/30gib-7.bin,30,33554432,1109.44,,
0,bench/30gib-7.bin,31,33554432,1040.97,,
0,bench/30gib-7.bin,32,33554432,663.16,,
0,bench/30gib-7.bin,33,33554432,827.63,,
0,bench/30gib-7.bin,34,33554432,573.89,,
0,bench/30gib-7.bin,35,33554432,1041.88,,
0,bench/30gib-7.bin,36,33554432,595.26,,
0,bench/30gib-7.bin,37,33554432,630.20,,
0,bench/30gib-7.bin,38,33554432,657.61,,
0,bench/30gib-7.bin,39,33554432,594.58,,
0,bench/30gib-7.bin,40,33554432,367.83,,
0,bench/30gib-7.bin,41,33554432,824.00,,
0,bench/30gib-7.bin,42,33554432,1013.28,,
0,bench/30gib-7.bin,43,33554432,981.49,,
0,bench/30gib-7.bin,44,33554432,509.25,,
0,bench/30gib-7.bin,45,33554432,786.82,,
0,bench/30gib-7.bin,46,33554432,416.88,,
0,bench/30gib-7.bin,47,33554432,534.78,,
0,bench/30gib-7.bin,48,33554432,707.35,,
0,bench/30gib-7.bin,49,33554432,506.91,,
0,bench/30gib-7.bin,50,33554432,448.76,,
0,bench/30gib-7.bin,51,33554432,719.92,,
0,bench/30gib-7.bin,52,33554432,578.21,,
0,bench/30gib-7.bin,53,33554432,708.19,,
0,bench/30gib-7.bin,54,33554432,567.67,,
0,bench/30gib-7.bin,55,33554432,359.53,,
0,bench/30gib-7.bin,56,33554432,585.23,,
0,bench/30gib-7.bin,57,33554432,640.35,,
0,bench/30gib-7.bin,58,33554432,675.96,,
0,bench/30gib-7.bin,59,33554432,521.03,,
0,bench/30gib-7.bin,60,33554432,499.04,,
0,bench/30gib-7.bin,61,33554432,628.18,,
0,bench/30gib-7.bin,62,33554432,476.05,,
0,bench/30gib-7.bin,63,33554432,585.63,,
0,bench/30gib-7.bin,64,33554432,545.49,,
0,bench/30gib-7.bin,65,33554432,456.71,,
0,bench/30gib-7.bin,66,33554432,668.15,,
0,bench/30gib-7.bin,67,33554432,485.51,,
0,bench/30gib-7.bin,68,33554432,469.02,,
0,bench/30gib-7.bin,69,33554432,598.46,,
0,bench/30gib-7.bin,70,33554432,643.02,,
0,bench/30gib-7.bin,71,33554432,423.13,,
0,bench/30gib-7.bin,72,33554432,681.89,,
0,bench/30gib-7.bin,73,33554432,370.66,,
0,bench/30gib-7.bin,74,33554432,440.08,,
0,bench/30gib-7.bin,75,33554432,649.68,,
0,bench/30gib-7.bin,76,33554432,645.65,,
0,bench/30gib-7.bin,77,33554432,450.44,,
0,bench/30gib-7.bin,78,33554432,345.33,,
0,bench/30gib-7.bin,79,33554432,497.10,,
0,bench/30gib-7.bin,80,33554432,460.65,,
0,bench/30gib-7.bin,81,33554432,467.68,,
0,bench/30gib-7.bin,82,33554432,375.73,,
0,bench/30gib-7.bin,83,33554432,422.62,,
0,bench/30gib-7.bin,84,33554432,672.29,,
0,bench/30gib-7.bin,85,33554432,482.99,,
0,bench/30gib-7.bin,86,33554432,364.54,,
0,bench/30gib-7.bin,87,33554432,451.33,,
0,bench/30gib-7.bin,88,33554432,347.97,,
0,bench/30gib-7.bin,89,33554432,445.07,,
0,bench/30gib-7.bin,90,33554432,379.20,,
0,bench/30gib-7.bin,91,33554432,345.16,,
0,bench/30gib-7.bin,92,33554432,418.87,,
0,bench/30gib-7.bin,93,33554432,344.93,,
0,bench/30gib-7.bin,94,33554432,346.11,,
0,bench/30gib-7.bin,95,33554432,347.23,,
0,bench/30gib-7.bin,96,33554432,486.19,,
0,bench/30gib-7.bin,97,33554432,383.53,,
0,bench/30gib-7.bin,98,33554432,523.72,,
0,bench/30gib-7.bin,99,33554432,410.99,,
0,bench/30gib-7.bin,100,33554432,495.61,,
0,bench/30gib-7.bin,101,33554432,381.60,,
0,bench/30gib-7.bin,102,33554432,417.34,,
0,bench/30gib-7.bin,103,33554432,1209.79,,
0,bench/30gib-7.bin,104,33554432,481.11,,
0,bench/30gib-7.bin,105,33554432,362.38,,
0,bench/30gib-7.bin,106,33554432,345.97,,
0,bench/30gib-7.bin,107,33554432,510.19,,
0,bench/30gib-7.bin,108,33554432,1176.90,,
0,bench/30gib-7.bin,109,33554432,439.07,,
0,bench/30gib-7.bin,110,33554432,430.94,,
0,bench/30gib-7.bin,111,33554432,422.47,,
0,bench/30gib-7.bin,112,33554432,423.24,,
0,bench/30gib-7.bin,113,33554432,389.99,,
0,bench/30gib-7.bin,114,33554432,368.38,,
0,bench/30gib-7.bin,115,33554432,432.58,,
0,bench/30gib-7.bin,116,33554432,344.09,,
0,bench/30gib-7.bin,117,33554432,381.96,,
0,bench/30gib-7.bin,118,33554432,361.32,,
0,bench/30gib-7.bin,119,33554432,441.00,,
0,bench/30gib-7.bin,120,33554432,432.03,,
0,bench/30gib-7.bin,121,33554432,409.73,,
0,bench/30gib-7.bin,122,33554432,342.56,,
0,bench/30gib-7.bin,123,33554432,350.52,,
0,bench/30gib-7.bin,124,33554432,425.62,,
0,bench/30gib-7.bin,125,33554432,571.72,,
0,bench/30gib-7.bin,126,33554432,397.81,,
0,bench/30gib-7.bin,127,33554432,387.51,,
0,bench/30gib-7.bin,128,33554432,692.01,,
0,bench/30gib-7.bin,129,33554432,351.49,,
0,bench/30gib-7.bin,130,33554432,517.80,,
0,bench/30gib-7.bin,131,33554432,548.45,,
0,bench/30gib-7.bin,132,33554432,466.86,,
0,bench/30gib-7.bin,133,33554432,445.32,,
0,bench/30gib-7.bin,134,33554432,342.93,,
0,bench/30gib-7.bin,135,33554432,356.15,,
0,bench/30gib-7.bin,136,33554432,367.03,,
0,bench/30gib-7.bin,137,33554432,458.79,,
0,bench/30gib-7.bin,138,33554432,360.97,,
0,bench/30gib-7.bin,139,33554432,340.57,,
0,bench/30gib-7.bin,140,33554432,397.62,,
0,bench/30gib-7.bin,141,33554432,382.11,,
0,bench/30gib-7.bin,142,33554432,405.90,,
0,bench/30gib-7.bin,143,33554432,365.98,,
0,bench/30gib-7.bin,144,33554432,468.20,,
0,bench/30gib-7.bin,145,33554432,463.24,,
0,bench/30gib-7.bin,146,33554432,450.96,,
0,bench/30gib-7.bin,147,33554432,423.22,,
0,bench/30gib-7.bin,148,33554432,392.94,,
0,bench/30gib-7.bin,149,33554432,606.86,,
0,bench/30gib-7.bin,150,33554432,349.85,,
0,bench/30gib-7.bin,151,33554432,486.62,,
0,bench/30gib-7.bin,152,33554432,428.15,,
0,bench/30gib-7.bin,153,33554432,348.70,,
0,bench/30gib-7.bin,154,33554432,376.68,,
0,bench/30gib-7.bin,155,33554432,343.38,,
0,bench/30gib-7.bin,156,33554432,508.67,,
0,bench/30gib-7.bin,157,33554432,355.17,,
0,bench/30gib-7.bin,158,33554432,668.11,,
0,bench/30gib-7.bin,159,33554432,405.89,,
0,bench/30gib-7.bin,160,33554432,348.25,,
0,bench/30gib-7.bin,161,33554432,358.54,,
0,bench/30gib-7.bin,162,33554432,684.06,,
0,bench/30gib-7.bin,163,33554432,405.65,,
0,bench/30gib-7.bin,164,33554432,797.06,,
0,bench/30gib-7.bin,165,33554432,347.62,,
0,bench/30gib-7.bin,166,33554432,483.09,,
0,bench/30gib-7.bin,167,33554432,416.45,,
0,bench/30gib-7.bin,168,33554432,347.84,,
0,bench/30gib-7.bin,169,33554432,364.93,,
0,bench/30gib-7.bin,170,33554432,343.61,,
0,bench/30gib-7.bin,171,33554432,346.23,,
0,bench/30gib-7.bin,172,33554432,579.47,,
0,bench/30gib-7.bin,173,33554432,521.00,,
0,bench/30gib-7.bin,174,33554432,492.77,,
0,bench/30gib-7.bin,175,33554432,374.97,,
0,bench/30gib-7.bin,176,33554432,407.98,,
0,bench/30gib-7.bin,177,33554432,431.49,,
0,bench/30gib-7.bin,178,33554432,750.01,,
0,bench/30gib-7.bin,179,33554432,397.08,,
0,bench/30gib-7.bin,180,33554432,496.15,,
0,bench/30gib-7.bin,181,33554432,408.72,,
0,bench/30gib-7.bin,182,33554432,363.47,,
0,bench/30gib-7.bin,183,33554432,437.48,,
0,bench/30gib-7.bin,184,33554432,504.74,,
0,bench/30gib-7.bin,185,33554432,498.68,,
0,bench/30gib-7.bin,186,33554432,399.46,,
0,bench/30gib-7.bin,187,33554432,349.20,,
0,bench/30gib-7.bin,188,33554432,373.61,,
0,bench/30gib-7.bin,189,33554432,341.06,,
0,bench/30gib-7.bin,190,33554432,389.76,,
0,bench/30gib-7.bin,191,33554432,357.26,,
0,bench/30gib-7.bin,192,33554432,344.73,,
0,bench/30gib-7.bin,193,33554432,362.80,,
0,bench/30gib-7.bin,194,33554432,342.73,,
0,bench/30gib-7.bin,195,33554432,349.49,,
0,bench/30gib-7.bin,196,33554432,356.47,,
0,bench/30gib-7.bin,197,33554432,389.24,,
0,bench/30gib-7.bin,198,33554432,475.28,,
0,bench/30gib-7.bin,199,33554432,538.04,,
0,bench/30gib-7.bin,200,33554432,385.50,,
0,bench/30gib-7.bin,201,33554432,369.58,,
0,bench/30gib-7.bin,202,33554432,340.41,,
0,bench/30gib-7.bin,203,33554432,467.20,,
0,bench/30gib-7.bin,204,33554432,383.46,,
0,bench/30gib-7.bin,205,33554432,342.63,,
0,bench/30gib-7.bin,206,33554432,416.74,,
0,bench/30gib-7.bin,207,33554432,348.78,,
0,bench/30gib-7.bin,208,33554432,363.58,,
0,bench/30gib-7.bin,209,33554432,452.90,,
0,bench/30gib-7.bin,210,33554432,424.91,,
0,bench/30gib-7.bin,211,33554432,488.61,,
0,bench/30gib-7.bin,212,33554432,357.68,,
0,bench/30gib-7.bin,213,33554432,385.75,,
0,bench/30gib-7.bin,214,33554432,420.55,,
0,bench/30gib-7.bin,215,33554432,352.57,,
0,bench/30gib-7.bin,216,33554432,451.08,,
0,bench/30gib-7.bin,217,33554432,408.37,,
0,bench/30gib-7.bin,218,33554432,428.96,,
0,bench/30gib-7.bin,219,33554432,353.54,,
0,bench/30gib-7.bin,220,33554432,356.14,,
0,bench/30gib-7.bin,221,33554432,478.13,,
0,bench/30gib-7.bin,222,33554432,394.88,,
0,bench/30gib-7.bin,223,33554432,443.49,,
0,bench/30gib-7.bin,224,33554432,430.85,,
0,bench/30gib-7.bin,225,33554432,392.49,,
0,bench/30gib-7.bin,226,33554432,450.10,,
0,bench/30gib-7.bin,227,33554432,405.95,,
0,bench/30gib-7.bin,228,33554432,380.88,,
0,bench/30gib-7.bin,229,33554432,426.47,,
0,bench/30gib-7.bin,230,33554432,417.30,,
0,bench/30gib-7.bin,231,33554432,1359.72,,
0,bench/30gib-7.bin,232,33554432,392.18,,
0,bench/30gib-7.bin,233,33554432,419.96,,
0,bench/30gib-7.bin,234,33554432,385.12,,
0,bench/30gib-7.bin,235,33554432,405.65,,
0,bench/30gib-7.bin,236,33554432,472.46,,
0,bench/30gib-7.bin,237,33554432,368.06,,
0,bench/30gib-7.bin,238,33554432,457.99,,
0,bench/30gib-7.bin,239,33554432,493.55,,
0,bench/30gib-7.bin,240,33554432,344.89,,
0,bench/30gib-7.bin,241,33554432,345.86,,
0,bench/30gib-7.bin,242,33554432,498.09,,
0,bench/30gib-7.bin,243,33554432,342.65,,
0,bench/30gib-7.bin,244,33554432,351.00,,
0,bench/30gib-7.bin,245,33554432,342.05,,
0,bench/30gib-7.bin,246,33554432,456.20,,
0,bench/30gib-7.bin,247,33554432,460.55,,
0,bench/30gib-7.bin,248,33554432,378.85,,
0,bench/30gib-7.bin,249,33554432,558.93,,
0,bench/30gib-7.bin,250,33554432,392.70,,
0,bench/30gib-7.bin,251,33554432,399.03,,
0,bench/30gib-7.bin,252,33554432,592.71,,
0,bench/30gib-7.bin,253,33554432,427.20,,
0,bench/30gib-7.bin,254,33554432,362.55,,
0,bench/30gib-7.bin,255,33554432,411.28,,
0,bench/30gib-7.bin,256,33554432,343.50,,
0,bench/30gib-7.bin,257,33554432,383.27,,
0,bench/30gib-7.bin,258,33554432,450.38,,
0,bench/30gib-7.bin,259,33554432,379.18,,
0,bench/30gib-7.bin,260,33554432,349.60,,
0,bench/30gib-7.bin,261,33554432,358.30,,
0,bench/30gib-7.bin,262,33554432,477.08,,
0,bench/30gib-7.bin,263,33554432,342.72,,
0,bench/30gib-7.bin,264,33554432,423.21,,
0,bench/30gib-7.bin,265,33554432,343.45,,
0,bench/30gib-7.bin,266,33554432,341.22,,
0,bench/30gib-7.bin,267,33554432,361.57,,
0,bench/30gib-7.bin,268,33554432,457.31,,
0,bench/30gib-7.bin,269,33554432,373.47,,
0,bench/30gib-7.bin,270,33554432,564.80,,
0,bench/30gib-7.bin,271,33554432,354.80,,
0,bench/30gib-7.bin,272,33554432,571.82,,
0,bench/30gib-7.bin,273,33554432,603.12,,
0,bench/30gib-7.bin,274,33554432,341.42,,
0,bench/30gib-7.bin,275,33554432,372.09,,
0,bench/30gib-7.bin,276,33554432,376.33,,
0,bench/30gib-7.bin,277,33554432,451.49,,
0,bench/30gib-7.bin,278,33554432,380.66,,
0,bench/30gib-7.bin,279,33554432,416.96,,
0,bench/30gib-7.bin,280,33554432,354.76,,
0,bench/30gib-7.bin,281,33554432,385.64,,
0,bench/30gib-7.bin,282,33554432,347.64,,
0,bench/30gib-7.bin,283,33554432,450.83,,
0,bench/30gib-7.bin,284,33554432,464.39,,
0,bench/30gib-7.bin,285,33554432,446.35,,
0,bench/30gib-7.bin,286,33554432,425.82,,
0,bench/30gib-7.bin,287,33554432,352.77,,
0,bench/30gib-7.bin,288,33554432,345.17,,
0,bench/30gib-7.bin,289,33554432,371.88,,
0,bench/30gib-7.bin,290,33554432,375.11,,
0,bench/30gib-7.bin,291,33554432,346.44,,
0,bench/30gib-7.bin,292,33554432,364.30,,
0,bench/30gib-7.bin,293,33554432,664.57,,
0,bench/30gib-7.bin,294,33554432,342.82,,
0,bench/30gib-7.bin,295,33554432,407.02,,
0,bench/30gib-7.bin,296,33554432,462.61,,
0,bench/30gib-7.bin,297,33554432,438.67,,
0,bench/30gib-7.bin,298,33554432,416.74,,
0,bench/30gib-7.bin,299,33554432,361.84,,
0,bench/30gib-7.bin,300,33554432,349.94,,
0,bench/30gib-7.bin,301,33554432,341.81,,
0,bench/30gib-7.bin,302,33554432,394.54,,
0,bench/30gib-7.bin,303,33554432,401.14,,
0,bench/30gib-7.bin,304,33554432,415.58,,
0,bench/30gib-7.bin,305,33554432,509.70,,
0,bench/30gib-7.bin,306,33554432,686.75,,
0,bench/30gib-7.bin,307,33554432,403.45,,
0,bench/30gib-7.bin,308,33554432,585.64,,
0,bench/30gib-7.bin,309,33554432,506.76,,
0,bench/30gib-7.bin,310,33554432,373.08,,
0,bench/30gib-7.bin,311,33554432,426.31,,
0,bench/30gib-7.bin,312,33554432,447.45,,
0,bench/30gib-7.bin,313,33554432,341.10,,
0,bench/30gib-7.bin,314,33554432,345.98,,
0,bench/30gib-7.bin,315,33554432,467.61,,
0,bench/30gib-7.bin,316,33554432,424.41,,
0,bench/30gib-7.bin,317,33554432,401.07,,
0,bench/30gib-7.bin,318,33554432,470.72,,
0,bench/30gib-7.bin,319,33554432,373.81,,
0,bench/30gib-7.bin,320,33554432,517.16,,
0,bench/30gib-7.bin,321,33554432,425.31,,
0,bench/30gib-7.bin,322,33554432,392.16,,
0,bench/30gib-7.bin,323,33554432,419.79,,
0,bench/30gib-7.bin,324,33554432,436.85,,
0,bench/30gib-7.bin,325,33554432,380.13,,
0,bench/30gib-7.bin,326,33554432,482.63,,
0,bench/30gib-7.bin,327,33554432,526.73,,
0,bench/30gib-7.bin,328,33554432,359.26,,
0,bench/30gib-7.bin,329,33554432,342.94,,
0,bench/30gib-7.bin,330,33554432,368.80,,
0,bench/30gib-7.bin,331,33554432,537.03,,
0,bench/30gib-7.bin,332,33554432,345.55,,
0,bench/30gib-7.bin,333,33554432,449.66,,
0,bench/30gib-7.bin,334,33554432,341.03,,
0,bench/30gib-7.bin,335,33554432,436.83,,
0,bench/30gib-7.bin,336,33554432,438.71,,
0,bench/30gib-7.bin,337,33554432,360.22,,
0,bench/30gib-7.bin,338,33554432,344.91,,
0,bench/30gib-7.bin,339,33554432,412.02,,
0,bench/30gib-7.bin,340,33554432,449.35,,
0,bench/30gib-7.bin,341,33554432,545.35,,
0,bench/30gib-7.bin,342,33554432,367.94,,
0,bench/30gib-7.bin,343,33554432,344.11,,
0,bench/30gib-7.bin,344,33554432,460.93,,
0,bench/30gib-7.bin,345,33554432,388.47,,
0,bench/30gib-7.bin,346,33554432,384.10,,
0,bench/30gib-7.bin,347,33554432,437.40,,
0,bench/30gib-7.bin,348,33554432,451.06,,
0,bench/30gib-7.bin,349,33554432,461.98,,
0,bench/30gib-7.bin,350,33554432,344.04,,
0,bench/30gib-7.bin,351,33554432,450.41,,
0,bench/30gib-7.bin,352,33554432,349.11,,
0,bench/30gib-7.bin,353,33554432,440.71,,
0,bench/30gib-7.bin,354,33554432,393.16,,
0,bench/30gib-7.bin,355,33554432,369.84,,
0,bench/30gib-7.bin,356,33554432,347.18,,
0,bench/30gib-7.bin,357,33554432,461.90,,
0,bench/30gib-7.bin,358,33554432,353.62,,
0,bench/30gib-7.bin,359,33554432,355.34,,
0,bench/30gib-7.bin,360,33554432,445.27,,
0,bench/30gib-7.bin,361,33554432,341.88,,
0,bench/30gib-7.bin,362,33554432,357.11,,
0,bench/30gib-7.bin,363,33554432,348.95,,
0,bench/30gib-7.bin,364,33554432,457.44,,
0,bench/30gib-7.bin,365,33554432,342.73,,
0,bench/30gib-7.bin,366,33554432,538.52,,
0,bench/30gib-7.bin,367,33554432,404.92,,
0,bench/30gib-7.bin,368,33554432,448.85,,
0,bench/30gib-7.bin,369,33554432,376.19,,
0,bench/30gib-7.bin,370,33554432,341.38,,
0,bench/30gib-7.bin,371,33554432,432.16,,
0,bench/30gib-7.bin,372,33554432,358.70,,
0,bench/30gib-7.bin,373,33554432,349.21,,
0,bench/30gib-7.bin,374,33554432,402.90,,
0,bench/30gib-7.bin,375,33554432,388.71,,
0,bench/30gib-7.bin,376,33554432,407.75,,
0,bench/30gib-7.bin,377,33554432,342.44,,
0,bench/30gib-7.bin,378,33554432,340.76,,
0,bench/30gib-7.bin,379,33554432,349.66,,
0,bench/30gib-7.bin,380,33554432,451.75,,
0,bench/30gib-7.bin,381,33554432,375.58,,
0,bench/30gib-7.bin,382,33554432,346.11,,
0,bench/30gib-7.bin,383,33554432,444.48,,
0,bench/30gib-7.bin,384,33554432,341.93,,
0,bench/30gib-7.bin,385,33554432,408.48,,
0,bench/30gib-7.bin,386,33554432,445.13,,
0,bench/30gib-7.bin,387,33554432,598.44,,
0,bench/30gib-7.bin,388,33554432,779.84,,
0,bench/30gib-7.bin,389,33554432,511.19,,
0,bench/30gib-7.bin,390,33554432,437.05,,
0,bench/30gib-7.bin,391,33554432,453.53,,
0,bench/30gib-7.bin,392,33554432,340.61,,
0,bench/30gib-7.bin,393,33554432,359.39,,
0,bench/30gib-7.bin,394,33554432,343.31,,
0,bench/30gib-7.bin,395,33554432,339.85,,
0,bench/30gib-7.bin,396,33554432,385.04,,
0,bench/30gib-7.bin,397,33554432,1349.80,,
0,bench/30gib-7.bin,398,33554432,400.26,,
0,bench/30gib-7.bin,399,33554432,348.60,,
0,bench/30gib-7.bin,400,33554432,400.24,,
0,bench/30gib-7.bin,401,33554432,395.98,,
0,bench/30gib-7.bin,402,33554432,364.76,,
0,bench/30gib-7.bin,403,33554432,420.26,,
0,bench/30gib-7.bin,404,33554432,422.49,,
0,bench/30gib-7.bin,405,33554432,397.49,,
0,bench/30gib-7.bin,406,33554432,402.44,,
0,bench/30gib-7.bin,407,33554432,342.58,,
0,bench/30gib-7.bin,408,33554432,371.34,,
0,bench/30gib-7.bin,409,33554432,664.52,,
0,bench/30gib-7.bin,410,33554432,387.88,,
0,bench/30gib-7.bin,411,33554432,436.52,,
0,bench/30gib-7.bin,412,33554432,420.80,,
0,bench/30gib-7.bin,413,33554432,715.50,,
0,bench/30gib-7.bin,414,33554432,417.34,,
0,bench/30gib-7.bin,415,33554432,378.63,,
0,bench/30gib-7.bin,416,33554432,416.84,,
0,bench/30gib-7.bin,417,33554432,399.15,,
0,bench/30gib-7.bin,418,33554432,397.12,,
0,bench/30gib-7.bin,419,33554432,388.46,,
0,bench/30gib-7.bin,420,33554432,431.63,,
0,bench/30gib-7.bin,421,33554432,485.12,,
0,bench/30gib-7.bin,422,33554432,452.82,,
0,bench/30gib-7.bin,423,33554432,470.57,,
0,bench/30gib-7.bin,424,33554432,426.93,,
0,bench/30gib-7.bin,425,33554432,356.42,,
0,bench/30gib-7.bin,426,33554432,350.09,,
0,bench/30gib-7.bin,427,33554432,421.01,,
0,bench/30gib-7.bin,428,33554432,620.98,,
0,bench/30gib-7.bin,429,33554432,342.02,,
0,bench/30gib-7.bin,430,33554432,456.24,,
0,bench/30gib-7.bin,431,33554432,526.91,,
0,bench/30gib-7.bin,432,33554432,714.16,,
0,bench/30gib-7.bin,433,33554432,431.84,,
0,bench/30gib-7.bin,434,33554432,454.66,,
0,bench/30gib-7.bin,435,33554432,343.77,,
0,bench/30gib-7.bin,436,33554432,541.05,,
0,bench/30gib-7.bin,437,33554432,367.52,,
0,bench/30gib-7.bin,438,33554432,949.83,,
0,bench/30gib-7.bin,439,33554432,348.80,,
0,bench/30gib-7.bin,440,33554432,476.74,,
0,bench/30gib-7.bin,441,33554432,344.51,,
0,bench/30gib-7.bin,442,33554432,424.81,,
0,bench/30gib-7.bin,443,33554432,423.75,,
0,bench/30gib-7.bin,444,33554432,363.50,,
0,bench/30gib-7.bin,445,33554432,379.00,,
0,bench/30gib-7.bin,446,33554432,352.64,,
0,bench/30gib-7.bin,447,33554432,540.74,,
0,bench/30gib-7.bin,448,33554432,493.72,,
0,bench/30gib-7.bin,449,33554432,548.16,,
0,bench/30gib-7.bin,450,33554432,341.32,,
0,bench/30gib-7.bin,451,33554432,347.84,,
0,bench/30gib-7.bin,452,33554432,732.03,,
0,bench/30gib-7.bin,453,33554432,449.76,,
0,bench/30gib-7.bin,454,33554432,400.56,,
0,bench/30gib-7.bin,455,33554432,484.21,,
0,bench/30gib-7.bin,456,33554432,389.82,,
0,bench/30gib-7.bin,457,33554432,648.98,,
0,bench/30gib-7.bin,458,33554432,413.92,,
0,bench/30gib-7.bin,459,33554432,418.20,,
0,bench/30gib-7.bin,460,33554432,369.37,,
0,bench/30gib-7.bin,461,33554432,482.45,,
0,bench/30gib-7.bin,462,33554432,341.67,,
0,bench/30gib-7.bin,463,33554432,401.97,,
0,bench/30gib-7.bin,464,33554432,358.05,,
0,bench/30gib-7.bin,465,33554432,468.80,,
0,bench/30gib-7.bin,466,33554432,408.14,,
0,bench/30gib-7.bin,467,33554432,460.60,,
0,bench/30gib-7.bin,468,33554432,345.01,,
0,bench/30gib-7.bin,469,33554432,610.67,,
0,bench/30gib-7.bin,470,33554432,485.09,,
0,bench/30gib-7.bin,471,33554432,471.98,,
0,bench/30gib-7.bin,472,33554432,696.38,,
0,bench/30gib-7.bin,473,33554432,461.18,,
0,bench/30gib-7.bin,474,33554432,372.41,,
0,bench/30gib-7.bin,475,33554432,342.17,,
0,bench/30gib-7.bin,476,33554432,505.31,,
0,bench/30gib-7.bin,477,33554432,787.71,,
0,bench/30gib-7.bin,478,33554432,352.65,,
0,bench/30gib-7.bin,479,33554432,346.68,,
0,bench/30gib-7.bin,480,33554432,387.72,,
0,bench/30gib-7.bin,481,33554432,453.86,,
0,bench/30gib-7.bin,482,33554432,352.12,,
0,bench/30gib-7.bin,483,33554432,344.39,,
0,bench/30gib-7.bin,484,33554432,796.20,,
0,bench/30gib-7.bin,485,33554432,405.66,,
0,bench/30gib-7.bin,486,33554432,601.39,,
0,bench/30gib-7.bin,487,33554432,343.40,,
0,bench/30gib-7.bin,488,33554432,344.51,,
0,bench/30gib-7.bin,489,33554432,342.43,,
0,bench/30gib-7.bin,490,33554432,439.65,,
0,bench/30gib-7.bin,491,33554432,380.28,,
0,bench/30gib-7.bin,492,33554432,388.26,,
0,bench/30gib-7.bin,493,33554432,422.80,,
0,bench/30gib-7.bin,494,33554432,723.29,,
0,bench/30gib-7.bin,495,33554432,355.35,,
0,bench/30gib-7.bin,496,33554432,343.80,,
0,bench/30gib-7.bin,497,33554432,427.65,,
0,bench/30gib-7.bin,498,33554432,407.71,,
0,bench/30gib-7.bin,499,33554432,501.89,,
0,bench/30gib-7.bin,500,33554432,351.09,,
0,bench/30gib-7.bin,501,33554432,350.79,,
0,bench/30gib-7.bin,502,33554432,384.45,,
0,bench/30gib-7.bin,503,33554432,341.79,,
0,bench/30gib-7.bin,504,33554432,716.36,,
0,bench/30gib-7.bin,505,33554432,444.91,,
0,bench/30gib-7.bin,506,33554432,346.85,,
0,bench/30gib-7.bin,507,33554432,384.41,,
0,bench/30gib-7.bin,508,33554432,454.87,,
0,bench/30gib-7.bin,509,33554432,345.47,,
0,bench/30gib-7.bin,510,33554432,378.26,,
0,bench/30gib-7.bin,511,33554432,436.02,,
0,bench/30gib-7.bin,512,33554432,342.06,,
0,bench/30gib-7.bin,513,33554432,361.25,,
0,bench/30gib-7.bin,514,33554432,340.98,,
0,bench/30gib-7.bin,515,33554432,487.44,,
0,bench/30gib-7.bin,516,33554432,575.84,,
0,bench/30gib-7.bin,517,33554432,413.45,,
0,bench/30gib-7.bin,518,33554432,418.99,,
0,bench/30gib-7.bin,519,33554432,500.75,,
0,bench/30gib-7.bin,520,33554432,624.62,,
0,bench/30gib-7.bin,521,33554432,527.92,,
0,bench/30gib-7.bin,522,33554432,357.03,,
0,bench/30gib-7.bin,523,33554432,352.13,,
0,bench/30gib-7.bin,524,33554432,343.52,,
0,bench/30gib-7.bin,525,33554432,415.90,,
0,bench/30gib-7.bin,526,33554432,355.89,,
0,bench/30gib-7.bin,527,33554432,503.66,,
0,bench/30gib-7.bin,528,33554432,444.44,,
0,bench/30gib-7.bin,529,33554432,365.35,,
0,bench/30gib-7.bin,530,33554432,395.03,,
0,bench/30gib-7.bin,531,33554432,344.74,,
0,bench/30gib-7.bin,532,33554432,348.49,,
0,bench/30gib-7.bin,533,33554432,347.53,,
0,bench/30gib-7.bin,534,33554432,433.99,,
0,bench/30gib-7.bin,535,33554432,404.64,,
0,bench/30gib-7.bin,536,33554432,564.89,,
0,bench/30gib-7.bin,537,33554432,344.08,,
0,bench/30gib-7.bin,538,33554432,346.17,,
0,bench/30gib-7.bin,539,33554432,367.84,,
0,bench/30gib-7.bin,540,33554432,409.92,,
0,bench/30gib-7.bin,541,33554432,370.12,,
0,bench/30gib-7.bin,542,33554432,549.05,,
0,bench/30gib-7.bin,543,33554432,345.20,,
0,bench/30gib-7.bin,544,33554432,504.58,,
0,bench/30gib-7.bin,545,33554432,344.04,,
0,bench/30gib-7.bin,546,33554432,398.01,,
0,bench/30gib-7.bin,547,33554432,402.27,,
0,bench/30gib-7.bin,548,33554432,583.98,,
0,bench/30gib-7.bin,549,33554432,451.59,,
0,bench/30gib-7.bin,550,33554432,415.65,,
0,bench/30gib-7.bin,551,33554432,403.06,,
0,bench/30gib-7.bin,552,33554432,558.76,,
0,bench/30gib-7.bin,553,33554432,416.48,,
0,bench/30gib-7.bin,554,33554432,470.82,,
0,bench/30gib-7.bin,555,33554432,473.59,,
0,bench/30gib-7.bin,556,33554432,375.38,,
0,bench/30gib-7.bin,557,33554432,342.68,,
0,bench/30gib-7.bin,558,33554432,408.72,,
0,bench/30gib-7.bin,559,33554432,365.85,,
0,bench/30gib-7.bin,560,33554432,340.14,,
0,bench/30gib-7.bin,561,33554432,546.90,,
0,bench/30gib-7.bin,562,33554432,351.95,,
0,bench/30gib-7.bin,563,33554432,352.75,,
0,bench/30gib-7.bin,564,33554432,344.73,,
0,bench/30gib-7.bin,565,33554432,563.39,,
0,bench/30gib-7.bin,566,33554432,371.02,,
0,bench/30gib-7.bin,567,33554432,501.56,,
0,bench/30gib-7.bin,568,33554432,452.98,,
0,bench/30gib-7.bin,569,33554432,402.58,,
0,bench/30gib-7.bin,570,33554432,523.17,,
0,bench/30gib-7.bin,571,33554432,350.74,,
0,bench/30gib-7.bin,572,33554432,953.40,,
0,bench/30gib-7.bin,573,33554432,361.19,,
0,bench/30gib-7.bin,574,33554432,341.76,,
0,bench/30gib-7.bin,575,33554432,464.74,,
0,bench/30gib-7.bin,576,33554432,508.51,,
0,bench/30gib-7.bin,577,33554432,560.23,,
0,bench/30gib-7.bin,578,33554432,495.65,,
0,bench/30gib-7.bin,579,33554432,435.02,,
0,bench/30gib-7.bin,580,33554432,398.98,,
0,bench/30gib-7.bin,581,33554432,536.45,,
0,bench/30gib-7.bin,582,33554432,404.98,,
0,bench/30gib-7.bin,583,33554432,521.78,,
0,bench/30gib-7.bin,584,33554432,539.02,,
0,bench/30gib-7.bin,585,33554432,459.15,,
0,bench/30gib-7.bin,586,33554432,342.08,,
0,bench/30gib-7.bin,587,33554432,404.89,,
0,bench/30gib-7.bin,588,33554432,694.12,,
0,bench/30gib-7.bin,589,33554432,384.53,,
0,bench/30gib-7.bin,590,33554432,563.12,,
0,bench/30gib-7.bin,591,33554432,341.69,,
0,bench/30gib-7.bin,592,33554432,343.57,,
0,bench/30gib-7.bin,593,33554432,340.92,,
0,bench/30gib-7.bin,594,33554432,340.06,,
0,bench/30gib-7.bin,595,33554432,347.58,,
0,bench/30gib-7.bin,596,33554432,353.27,,
0,bench/30gib-7.bin,597,33554432,477.18,,
0,bench/30gib-7.bin,598,33554432,532.89,,
0,bench/30gib-7.bin,599,33554432,342.83,,
0,bench/30gib-7.bin,600,33554432,424.75,,
0,bench/30gib-7.bin,601,33554432,366.91,,
0,bench/30gib-7.bin,602,33554432,507.51,,
0,bench/30gib-7.bin,603,33554432,346.22,,
0,bench/30gib-7.bin,604,33554432,414.31,,
0,bench/30gib-7.bin,605,33554432,469.79,,
0,bench/30gib-7.bin,606,33554432,345.53,,
0,bench/30gib-7.bin,607,33554432,341.21,,
0,bench/30gib-7.bin,608,33554432,701.60,,
0,bench/30gib-7.bin,609,33554432,417.71,,
0,bench/30gib-7.bin,610,33554432,365.51,,
0,bench/30gib-7.bin,611,33554432,397.66,,
0,bench/30gib-7.bin,612,33554432,368.15,,
0,bench/30gib-7.bin,613,33554432,824.30,,
0,bench/30gib-7.bin,614,33554432,496.46,,
0,bench/30gib-7.bin,615,33554432,406.90,,
0,bench/30gib-7.bin,616,33554432,393.76,,
0,bench/30gib-7.bin,617,33554432,341.35,,
0,bench/30gib-7.bin,618,33554432,393.38,,
0,bench/30gib-7.bin,619,33554432,347.40,,
0,bench/30gib-7.bin,620,33554432,362.29,,
0,bench/30gib-7.bin,621,33554432,594.88,,
0,bench/30gib-7.bin,622,33554432,489.71,,
0,bench/30gib-7.bin,623,33554432,357.61,,
0,bench/30gib-7.bin,624,33554432,343.79,,
0,bench/30gib-7.bin,625,33554432,600.48,,
0,bench/30gib-7.bin,626,33554432,568.26,,
0,bench/30gib-7.bin,627,33554432,412.35,,
0,bench/30gib-7.bin,628,33554432,409.91,,
0,bench/30gib-7.bin,629,33554432,359.37,,
0,bench/30gib-7.bin,630,33554432,348.75,,
0,bench/30gib-7.bin,631,33554432,345.25,,
0,bench/30gib-7.bin,632,33554432,354.96,,
0,bench/30gib-7.bin,633,33554432,352.40,,
0,bench/30gib-7.bin,634,33554432,346.23,,
0,bench/30gib-7.bin,635,33554432,344.21,,
0,bench/30gib-7.bin,636,33554432,350.38,,
0,bench/30gib-7.bin,637,33554432,388.83,,
0,bench/30gib-7.bin,638,33554432,349.84,,
0,bench/30gib-7.bin,639,33554432,346.06,,
0,bench/30gib-7.bin,640,33554432,362.54,,
0,bench/30gib-7.bin,641,33554432,579.04,,
0,bench/30gib-7.bin,642,33554432,579.99,,
0,bench/30gib-7.bin,643,33554432,352.85,,
0,bench/30gib-7.bin,644,33554432,492.09,,
0,bench/30gib-7.bin,645,33554432,399.60,,
0,bench/30gib-7.bin,646,33554432,365.51,,
0,bench/30gib-7.bin,647,33554432,369.81,,
0,bench/30gib-7.bin,648,33554432,385.33,,
0,bench/30gib-7.bin,649,33554432,418.93,,
0,bench/30gib-7.bin,650,33554432,937.36,,
0,bench/30gib-7.bin,651,33554432,381.55,,
0,bench/30gib-7.bin,652,33554432,527.59,,
0,bench/30gib-7.bin,653,33554432,392.23,,
0,bench/30gib-7.bin,654,33554432,480.24,,
0,bench/30gib-7.bin,655,33554432,454.20,,
0,bench/30gib-7.bin,656,33554432,435.00,,
0,bench/30gib-7.bin,657,33554432,445.68,,
0,bench/30gib-7.bin,658,33554432,414.49,,
0,bench/30gib-7.bin,659,33554432,481.93,,
0,bench/30gib-7.bin,660,33554432,420.53,,
0,bench/30gib-7.bin,661,33554432,397.00,,
0,bench/30gib-7.bin,662,33554432,345.68,,
0,bench/30gib-7.bin,663,33554432,347.85,,
0,bench/30gib-7.bin,664,33554432,423.75,,
0,bench/30gib-7.bin,665,33554432,380.75,,
0,bench/30gib-7.bin,666,33554432,406.12,,
0,bench/30gib-7.bin,667,33554432,494.74,,
0,bench/30gib-7.bin,668,33554432,341.01,,
0,bench/30gib-7.bin,669,33554432,344.01,,
0,bench/30gib-7.bin,670,33554432,375.73,,
0,bench/30gib-7.bin,671,33554432,350.15,,
0,bench/30gib-7.bin,672,33554432,341.40,,
0,bench/30gib-7.bin,673,33554432,497.56,,
0,bench/30gib-7.bin,674,33554432,443.26,,
0,bench/30gib-7.bin,675,33554432,342.37,,
0,bench/30gib-7.bin,676,33554432,1484.38,,
0,bench/30gib-7.bin,677,33554432,339.62,,
0,bench/30gib-7.bin,678,33554432,344.03,,
0,bench/30gib-7.bin,679,33554432,558.00,,
0,bench/30gib-7.bin,680,33554432,348.22,,
0,bench/30gib-7.bin,681,33554432,341.70,,
0,bench/30gib-7.bin,682,33554432,422.88,,
0,bench/30gib-7.bin,683,33554432,410.04,,
0,bench/30gib-7.bin,684,33554432,340.77,,
0,bench/30gib-7.bin,685,33554432,342.40,,
0,bench/30gib-7.bin,686,33554432,515.18,,
0,bench/30gib-7.bin,687,33554432,391.05,,
0,bench/30gib-7.bin,688,33554432,342.12,,
0,bench/30gib-7.bin,689,33554432,464.87,,
0,bench/30gib-7.bin,690,33554432,399.79,,
0,bench/30gib-7.bin,691,33554432,347.62,,
0,bench/30gib-7.bin,692,33554432,418.39,,
0,bench/30gib-7.bin,693,33554432,478.31,,
0,bench/30gib-7.bin,694,33554432,440.65,,
0,bench/30gib-7.bin,695,33554432,390.76,,
0,bench/30gib-7.bin,696,33554432,400.23,,
0,bench/30gib-7.bin,697,33554432,535.30,,
0,bench/30gib-7.bin,698,33554432,350.90,,
0,bench/30gib-7.bin,699,33554432,373.44,,
0,bench/30gib-7.bin,700,33554432,476.88,,
0,bench/30gib-7.bin,701,33554432,524.82,,
0,bench/30gib-7.bin,702,33554432,411.49,,
0,bench/30gib-7.bin,703,33554432,340.32,,
0,bench/30gib-7.bin,704,33554432,499.35,,
0,bench/30gib-7.bin,705,33554432,529.23,,
0,bench/30gib-7.bin,706,33554432,479.22,,
0,bench/30gib-7.bin,707,33554432,391.11,,
0,bench/30gib-7.bin,708,33554432,620.93,,
0,bench/30gib-7.bin,709,33554432,378.25,,
0,bench/30gib-7.bin,710,33554432,365.98,,
0,bench/30gib-7.bin,711,33554432,345.50,,
0,bench/30gib-7.bin,712,33554432,476.83,,
0,bench/30gib-7.bin,713,33554432,361.95,,
0,bench/30gib-7.bin,714,33554432,345.76,,
0,bench/30gib-7.bin,715,33554432,346.66,,
0,bench/30gib-7.bin,716,33554432,395.19,,
0,bench/30gib-7.bin,717,33554432,344.26,,
0,bench/30gib-7.bin,718,33554432,392.67,,
0,bench/30gib-7.bin,719,33554432,397.51,,
0,bench/30gib-7.bin,720,33554432,341.61,,
0,bench/30gib-7.bin,721,33554432,349.16,,
0,bench/30gib-7.bin,722,33554432,413.05,,
0,bench/30gib-7.bin,723,33554432,420.99,,
0,bench/30gib-7.bin,724,33554432,427.54,,
0,bench/30gib-7.bin,725,33554432,542.09,,
0,bench/30gib-7.bin,726,33554432,345.13,,
0,bench/30gib-7.bin,727,33554432,343.01,,
0,bench/30gib-7.bin,728,33554432,354.76,,
0,bench/30gib-7.bin,729,33554432,500.91,,
0,bench/30gib-7.bin,730,33554432,428.84,,
0,bench/30gib-7.bin,731,33554432,388.46,,
0,bench/30gib-7.bin,732,33554432,399.04,,
0,bench/30gib-7.bin,733,33554432,400.93,,
0,bench/30gib-7.bin,734,33554432,344.21,,
0,bench/30gib-7.bin,735,33554432,433.43,,
0,bench/30gib-7.bin,736,33554432,343.96,,
0,bench/30gib-7.bin,737,33554432,349.59,,
0,bench/30gib-7.bin,738,33554432,434.11,,
0,bench/30gib-7.bin,739,33554432,349.51,,
0,bench/30gib-7.bin,740,33554432,351.14,,
0,bench/30gib-7.bin,741,33554432,542.96,,
0,bench/30gib-7.bin,742,33554432,502.30,,
0,bench/30gib-7.bin,743,33554432,488.48,,
0,bench/30gib-7.bin,744,33554432,585.91,,
0,bench/30gib-7.bin,745,33554432,344.83,,
0,bench/30gib-7.bin,746,33554432,415.70,,
0,bench/30gib-7.bin,747,33554432,623.04,,
0,bench/30gib-7.bin,748,33554432,363.17,,
0,bench/30gib-7.bin,749,33554432,531.69,,
0,bench/30gib-7.bin,750,33554432,395.84,,
0,bench/30gib-7.bin,751,33554432,350.57,,
0,bench/30gib-7.bin,752,33554432,352.11,,
0,bench/30gib-7.bin,753,33554432,402.06,,
0,bench/30gib-7.bin,754,33554432,475.80,,
0,bench/30gib-7.bin,755,33554432,344.40,,
0,bench/30gib-7.bin,756,33554432,580.91,,
0,bench/30gib-7.bin,757,33554432,343.73,,
0,bench/30gib-7.bin,758,33554432,373.96,,
0,bench/30gib-7.bin,759,33554432,467.34,,
0,bench/30gib-7.bin,760,33554432,441.08,,
0,bench/30gib-7.bin,761,33554432,443.67,,
0,bench/30gib-7.bin,762,33554432,1035.61,,
0,bench/30gib-7.bin,763,33554432,375.56,,
0,bench/30gib-7.bin,764,33554432,582.32,,
0,bench/30gib-7.bin,765,33554432,421.83,,
0,bench/30gib-7.bin,766,33554432,393.01,,
0,bench/30gib-7.bin,767,33554432,342.23,,
0,bench/30gib-7.bin,768,33554432,441.81,,
0,bench/30gib-7.bin,769,33554432,390.24,,
0,bench/30gib-7.bin,770,33554432,570.64,,
0,bench/30gib-7.bin,771,33554432,393.22,,
0,bench/30gib-7.bin,772,33554432,1095.48,,
0,bench/30gib-7.bin,773,33554432,374.94,,
0,bench/30gib-7.bin,774,33554432,461.50,,
0,bench/30gib-7.bin,775,33554432,447.43,,
0,bench/30gib-7.bin,776,33554432,456.47,,
0,bench/30gib-7.bin,777,33554432,578.21,,
0,bench/30gib-7.bin,778,33554432,658.81,,
0,bench/30gib-7.bin,779,33554432,461.72,,
0,bench/30gib-7.bin,780,33554432,437.05,,
0,bench/30gib-7.bin,781,33554432,352.03,,
0,bench/30gib-7.bin,782,33554432,470.71,,
0,bench/30gib-7.bin,783,33554432,348.46,,
0,bench/30gib-7.bin,784,33554432,487.72,,
0,bench/30gib-7.bin,785,33554432,357.25,,
0,bench/30gib-7.bin,786,33554432,638.29,,
0,bench/30gib-7.bin,787,33554432,380.48,,
0,bench/30gib-7.bin,788,33554432,341.13,,
0,bench/30gib-7.bin,789,33554432,354.30,,
0,bench/30gib-7.bin,790,33554432,414.20,,
0,bench/30gib-7.bin,791,33554432,578.99,,
0,bench/30gib-7.bin,792,33554432,420.55,,
0,bench/30gib-7.bin,793,33554432,400.96,,
0,bench/30gib-7.bin,794,33554432,381.43,,
0,bench/30gib-7.bin,795,33554432,698.93,,
0,bench/30gib-7.bin,796,33554432,386.06,,
0,bench/30gib-7.bin,797,33554432,525.80,,
0,bench/30gib-7.bin,798,33554432,552.87,,
0,bench/30gib-7.bin,799,33554432,437.02,,
0,bench/30gib-7.bin,800,33554432,342.41,,
0,bench/30gib-7.bin,801,33554432,340.98,,
0,bench/30gib-7.bin,802,33554432,347.89,,
0,bench/30gib-7.bin,803,33554432,350.87,,
0,bench/30gib-7.bin,804,33554432,342.91,,
0,bench/30gib-7.bin,805,33554432,447.84,,
0,bench/30gib-7.bin,806,33554432,420.28,,
0,bench/30gib-7.bin,807,33554432,423.59,,
0,bench/30gib-7.bin,808,33554432,348.32,,
0,bench/30gib-7.bin,809,33554432,353.50,,
0,bench/30gib-7.bin,810,33554432,345.46,,
0,bench/30gib-7.bin,811,33554432,696.88,,
0,bench/30gib-7.bin,812,33554432,379.07,,
0,bench/30gib-7.bin,813,33554432,395.91,,
0,bench/30gib-7.bin,814,33554432,341.23,,
0,bench/30gib-7.bin,815,33554432,1075.46,,
0,bench/30gib-7.bin,816,33554432,819.27,,
0,bench/30gib-7.bin,817,33554432,453.39,,
0,bench/30gib-7.bin,818,33554432,453.71,,
0,bench/30gib-7.bin,819,33554432,467.12,,
0,bench/30gib-7.bin,820,33554432,396.51,,
0,bench/30gib-7.bin,821,33554432,341.17,,
0,bench/30gib-7.bin,822,33554432,347.14,,
0,bench/30gib-7.bin,823,33554432,345.73,,
0,bench/30gib-7.bin,824,33554432,399.49,,
0,bench/30gib-7.bin,825,33554432,345.88,,
0,bench/30gib-7.bin,826,33554432,456.38,,
0,bench/30gib-7.bin,827,33554432,433.02,,
0,bench/30gib-7.bin,828,33554432,342.58,,
0,bench/30gib-7.bin,829,33554432,612.01,,
0,bench/30gib-7.bin,830,33554432,375.49,,
0,bench/30gib-7.bin,831,33554432,349.21,,
0,bench/30gib-7.bin,832,33554432,399.77,,
0,bench/30gib-7.bin,833,33554432,402.48,,
0,bench/30gib-7.bin,834,33554432,422.24,,
0,bench/30gib-7.bin,835,33554432,379.73,,
0,bench/30gib-7.bin,836,33554432,345.92,,
0,bench/30gib-7.bin,837,33554432,504.85,,
0,bench/30gib-7.bin,838,33554432,638.04,,
0,bench/30gib-7.bin,839,33554432,406.66,,
0,bench/30gib-7.bin,840,33554432,349.88,,
0,bench/30gib-7.bin,841,33554432,508.07,,
0,bench/30gib-7.bin,842,33554432,561.37,,
0,bench/30gib-7.bin,843,33554432,343.80,,
0,bench/30gib-7.bin,844,33554432,423.02,,
0,bench/30gib-7.bin,845,33554432,436.38,,
0,bench/30gib-7.bin,846,33554432,342.71,,
0,bench/30gib-7.bin,847,33554432,367.89,,
0,bench/30gib-7.bin,848,33554432,366.23,,
0,bench/30gib-7.bin,849,33554432,339.99,,
0,bench/30gib-7.bin,850,33554432,359.42,,
0,bench/30gib-7.bin,851,33554432,388.38,,
0,bench/30gib-7.bin,852,33554432,477.79,,
0,bench/30gib-7.bin,853,33554432,343.68,,
0,bench/30gib-7.bin,854,33554432,368.36,,
0,bench/30gib-7.bin,855,33554432,342.58,,
0,bench/30gib-7.bin,856,33554432,342.00,,
0,bench/30gib-7.bin,857,33554432,342.87,,
0,bench/30gib-7.bin,858,33554432,370.00,,
0,bench/30gib-7.bin,859,33554432,343.12,,
0,bench/30gib-7.bin,860,33554432,379.99,,
0,bench/30gib-7.bin,861,33554432,347.81,,
0,bench/30gib-7.bin,862,33554432,366.83,,
0,bench/30gib-7.bin,863,33554432,367.62,,
0,bench/30gib-7.bin,864,33554432,492.52,,
0,bench/30gib-7.bin,865,33554432,385.48,,
0,bench/30gib-7.bin,866,33554432,371.47,,
0,bench/30gib-7.bin,867,33554432,432.47,,
0,bench/30gib-7.bin,868,33554432,356.81,,
0,bench/30gib-7.bin,869,33554432,698.35,,
0,bench/30gib-7.bin,870,33554432,341.60,,
0,bench/30gib-7.bin,871,33554432,437.84,,
0,bench/30gib-7.bin,872,33554432,341.25,,
0,bench/30gib-7.bin,873,33554432,378.96,,
0,bench/30gib-7.bin,874,33554432,502.07,,
0,bench/30gib-7.bin,875,33554432,377.44,,
0,bench/30gib-7.bin,876,33554432,555.38,,
0,bench/30gib-7.bin,877,33554432,381.49,,
0,bench/30gib-7.bin,878,33554432,341.22,,
0,bench/30gib-7.bin,879,33554432,417.79,,
0,bench/30gib-7.bin,880,33554432,537.63,,
0,bench/30gib-7.bin,881,33554432,405.42,,
0,bench/30gib-7.bin,882,33554432,534.62,,
0,bench/30gib-7.bin,883,33554432,350.40,,
0,bench/30gib-7.bin,884,33554432,406.39,,
0,bench/30gib-7.bin,885,33554432,389.52,,
0,bench/30gib-7.bin,886,33554432,412.27,,
0,bench/30gib-7.bin,887,33554432,530.09,,
0,bench/30gib-7.bin,888,33554432,405.47,,
0,bench/30gib-7.bin,889,33554432,346.31,,
0,bench/30gib-7.bin,890,33554432,557.26,,
0,bench/30gib-7.bin,891,33554432,473.29,,
0,bench/30gib-7.bin,892,33554432,379.39,,
0,bench/30gib-7.bin,893,33554432,589.16,,
0,bench/30gib-7.bin,894,33554432,372.15,,
0,bench/30gib-7.bin,895,33554432,417.80,,
0,bench/30gib-7.bin,896,33554432,579.36,,
0,bench/30gib-7.bin,897,33554432,362.30,,
0,bench/30gib-7.bin,898,33554432,570.54,,
0,bench/30gib-7.bin,899,33554432,421.60,,
0,bench/30gib-7.bin,900,33554432,414.62,,
0,bench/30gib-7.bin,901,33554432,425.80,,
0,bench/30gib-7.bin,902,33554432,1432.81,,
0,bench/30gib-7.bin,903,33554432,459.11,,
0,bench/30gib-7.bin,904,33554432,471.97,,
0,bench/30gib-7.bin,905,33554432,341.13,,
0,bench/30gib-7.bin,906,33554432,350.63,,
0,bench/30gib-7.bin,907,33554432,431.38,,
0,bench/30gib-7.bin,908,33554432,695.37,,
0,bench/30gib-7.bin,909,33554432,341.85,,
0,bench/30gib-7.bin,910,33554432,399.30,,
0,bench/30gib-7.bin,911,33554432,342.78,,
0,bench/30gib-7.bin,912,33554432,340.73,,
0,bench/30gib-7.bin,913,33554432,481.40,,
0,bench/30gib-7.bin,914,33554432,347.02,,
0,bench/30gib-7.bin,915,33554432,342.71,,
0,bench/30gib-7.bin,916,33554432,342.96,,
0,bench/30gib-7.bin,917,33554432,409.77,,
0,bench/30gib-7.bin,918,33554432,355.78,,
0,bench/30gib-7.bin,919,33554432,435.30,,
0,bench/30gib-7.bin,920,33554432,407.38,,
0,bench/30gib-7.bin,921,33554432,397.25,,
0,bench/30gib-7.bin,922,33554432,340.58,,
0,bench/30gib-7.bin,923,33554432,457.24,,
0,bench/30gib-7.bin,924,33554432,374.45,,
0,bench/30gib-7.bin,925,33554432,443.65,,
0,bench/30gib-7.bin,926,33554432,428.18,,
0,bench/30gib-7.bin,927,33554432,344.00,,
0,bench/30gib-7.bin,928,33554432,529.92,,
0,bench/30gib-7.bin,929,33554432,352.28,,
0,bench/30gib-7.bin,930,33554432,354.88,,
0,bench/30gib-7.bin,931,33554432,390.15,,
0,bench/30gib-7.bin,932,33554432,560.50,,
0,bench/30gib-7.bin,933,33554432,421.59,,
0,bench/30gib-7.bin,934,33554432,341.55,,
0,bench/30gib-7.bin,935,33554432,934.55,,
0,bench/30gib-7.bin,936,33554432,341.53,,
0,bench/30gib-7.bin,937,33554432,475.07,,
0,bench/30gib-7.bin,938,33554432,349.91,,
0,bench/30gib-7.bin,939,33554432,436.04,,
0,bench/30gib-7.bin,940,33554432,390.36,,
0,bench/30gib-7.bin,941,33554432,463.96,,
0,bench/30gib-7.bin,942,33554432,524.68,,
0,bench/30gib-7.bin,943,33554432,352.39,,
0,bench/30gib-7.bin,944,33554432,391.30,,
0,bench/30gib-7.bin,945,33554432,524.59,,
0,bench/30gib-7.bin,946,33554432,400.14,,
0,bench/30gib-7.bin,947,33554432,368.17,,
0,bench/30gib-7.bin,948,33554432,437.16,,
0,bench/30gib-7.bin,949,33554432,346.12,,
0,bench/30gib-7.bin,950,33554432,376.33,,
0,bench/30gib-7.bin,951,33554432,360.56,,
0,bench/30gib-7.bin,952,33554432,415.57,,
0,bench/30gib-7.bin,953,33554432,436.52,,
0,bench/30gib-7.bin,954,33554432,396.24,,
0,bench/30gib-7.bin,955,33554432,341.64,,
0,bench/30gib-7.bin,956,33554432,349.19,,
0,bench/30gib-7.bin,957,33554432,388.50,,
0,bench/30gib-7.bin,958,33554432,381.62,,
0,bench/30gib-7.bin,959,33554432,596.54,,
0,bench/30gib-7.bin,960,33554432,510.62,,
0,bench/30gib-8.bin,1,33554432,948.36,,
0,bench/30gib-8.bin,2,33554432,1341.47,,
0,bench/30gib-8.bin,3,33554432,1933.43,,
0,bench/30gib-8.bin,4,33554432,1403.75,,
0,bench/30gib-8.bin,5,33554432,1774.66,,
0,bench/30gib-8.bin,6,33554432,1180.58,,
0,bench/30gib-8.bin,7,33554432,2008.93,,
0,bench/30gib-8.bin,8,33554432,1632.18,,
0,bench/30gib-8.bin,9,33554432,1330.53,,
0,bench/30gib-8.bin,10,33554432,1269.54,,
0,bench/30gib-8.bin,11,33554432,989.87,,
0,bench/30gib-8.bin,12,33554432,1711.24,,
0,bench/30gib-8.bin,13,33554432,2224.53,,
0,bench/30gib-8.bin,14,33554432,756.88,,
0,bench/30gib-8.bin,15,33554432,1048.08,,
0,bench/30gib-8.bin,16,33554432,761.29,,
0,bench/30gib-8.bin,17,33554432,1815.13,,
0,bench/30gib-8.bin,18,33554432,1754.12,,
0,bench/30gib-8.bin,19,33554432,1645.92,,
0,bench/30gib-8.bin,20,33554432,2574.96,,
0,bench/30gib-8.bin,21,33554432,1951.10,,
0,bench/30gib-8.bin,22,33554432,1452.53,,
0,bench/30gib-8.bin,23,33554432,2167.80,,
0,bench/30gib-8.bin,24,33554432,1053.89,,
0,bench/30gib-8.bin,25,33554432,1565.05,,
0,bench/30gib-8.bin,26,33554432,917.66,,
0,bench/30gib-8.bin,27,33554432,1186.61,,
0,bench/30gib-8.bin,28,33554432,915.59,,
0,bench/30gib-8.bin,29,33554432,830.77,,
0,bench/30gib-8.bin,30,33554432,806.88,,
0,bench/30gib-8.bin,31,33554432,645.22,,
0,bench/30gib-8.bin,32,33554432,875.03,,
0,bench/30gib-8.bin,33,33554432,775.03,,
0,bench/30gib-8.bin,34,33554432,793.45,,
0,bench/30gib-8.bin,35,33554432,1067.29,,
0,bench/30gib-8.bin,36,33554432,715.63,,
0,bench/30gib-8.bin,37,33554432,1068.55,,
0,bench/30gib-8.bin,38,33554432,834.21,,
0,bench/30gib-8.bin,39,33554432,700.76,,
0,bench/30gib-8.bin,40,33554432,584.71,,
0,bench/30gib-8.bin,41,33554432,536.11,,
0,bench/30gib-8.bin,42,33554432,426.68,,
0,bench/30gib-8.bin,43,33554432,912.79,,
0,bench/30gib-8.bin,44,33554432,602.89,,
0,bench/30gib-8.bin,45,33554432,1071.76,,
0,bench/30gib-8.bin,46,33554432,499.92,,
0,bench/30gib-8.bin,47,33554432,380.68,,
0,bench/30gib-8.bin,48,33554432,814.83,,
0,bench/30gib-8.bin,49,33554432,541.47,,
0,bench/30gib-8.bin,50,33554432,565.24,,
0,bench/30gib-8.bin,51,33554432,801.37,,
0,bench/30gib-8.bin,52,33554432,1097.26,,
0,bench/30gib-8.bin,53,33554432,425.19,,
0,bench/30gib-8.bin,54,33554432,494.77,,
0,bench/30gib-8.bin,55,33554432,376.61,,
0,bench/30gib-8.bin,56,33554432,637.26,,
0,bench/30gib-8.bin,57,33554432,358.19,,
0,bench/30gib-8.bin,58,33554432,395.37,,
0,bench/30gib-8.bin,59,33554432,553.51,,
0,bench/30gib-8.bin,60,33554432,488.55,,
0,bench/30gib-8.bin,61,33554432,695.50,,
0,bench/30gib-8.bin,62,33554432,523.26,,
0,bench/30gib-8.bin,63,33554432,507.06,,
0,bench/30gib-8.bin,64,33554432,374.92,,
0,bench/30gib-8.bin,65,33554432,473.38,,
0,bench/30gib-8.bin,66,33554432,414.54,,
0,bench/30gib-8.bin,67,33554432,582.96,,
0,bench/30gib-8.bin,68,33554432,530.26,,
0,bench/30gib-8.bin,69,33554432,581.77,,
0,bench/30gib-8.bin,70,33554432,376.51,,
0,bench/30gib-8.bin,71,33554432,352.75,,
0,bench/30gib-8.bin,72,33554432,498.88,,
0,bench/30gib-8.bin,73,33554432,372.47,,
0,bench/30gib-8.bin,74,33554432,351.90,,
0,bench/30gib-8.bin,75,33554432,375.13,,
0,bench/30gib-8.bin,76,33554432,1066.96,,
0,bench/30gib-8.bin,77,33554432,373.50,,
0,bench/30gib-8.bin,78,33554432,485.78,,
0,bench/30gib-8.bin,79,33554432,351.31,,
0,bench/30gib-8.bin,80,33554432,488.91,,
0,bench/30gib-8.bin,81,33554432,419.54,,
0,bench/30gib-8.bin,82,33554432,359.59,,
0,bench/30gib-8.bin,83,33554432,452.19,,
0,bench/30gib-8.bin,84,33554432,384.44,,
0,bench/30gib-8.bin,85,33554432,347.83,,
0,bench/30gib-8.bin,86,33554432,440.90,,
0,bench/30gib-8.bin,87,33554432,540.19,,
0,bench/30gib-8.bin,88,33554432,397.80,,
0,bench/30gib-8.bin,89,33554432,408.50,,
0,bench/30gib-8.bin,90,33554432,461.98,,
0,bench/30gib-8.bin,91,33554432,475.17,,
0,bench/30gib-8.bin,92,33554432,359.53,,
0,bench/30gib-8.bin,93,33554432,489.27,,
0,bench/30gib-8.bin,94,33554432,562.86,,
0,bench/30gib-8.bin,95,33554432,343.32,,
0,bench/30gib-8.bin,96,33554432,398.23,,
0,bench/30gib-8.bin,97,33554432,413.60,,
0,bench/30gib-8.bin,98,33554432,359.09,,
0,bench/30gib-8.bin,99,33554432,374.67,,
0,bench/30gib-8.bin,100,33554432,625.18,,
0,bench/30gib-8.bin,101,33554432,354.99,,
0,bench/30gib-8.bin,102,33554432,413.41,,
0,bench/30gib-8.bin,103,33554432,439.63,,
0,bench/30gib-8.bin,104,33554432,516.27,,
0,bench/30gib-8.bin,105,33554432,481.34,,
0,bench/30gib-8.bin,106,33554432,367.64,,
0,bench/30gib-8.bin,107,33554432,391.44,,
0,bench/30gib-8.bin,108,33554432,398.02,,
0,bench/30gib-8.bin,109,33554432,372.50,,
0,bench/30gib-8.bin,110,33554432,352.88,,
0,bench/30gib-8.bin,111,33554432,349.23,,
0,bench/30gib-8.bin,112,33554432,417.41,,
0,bench/30gib-8.bin,113,33554432,341.22,,
0,bench/30gib-8.bin,114,33554432,340.33,,
0,bench/30gib-8.bin,115,33554432,365.09,,
0,bench/30gib-8.bin,116,33554432,379.03,,
0,bench/30gib-8.bin,117,33554432,465.31,,
0,bench/30gib-8.bin,118,33554432,344.98,,
0,bench/30gib-8.bin,119,33554432,363.49,,
0,bench/30gib-8.bin,120,33554432,423.57,,
0,bench/30gib-8.bin,121,33554432,434.15,,
0,bench/30gib-8.bin,122,33554432,419.79,,
0,bench/30gib-8.bin,123,33554432,586.32,,
0,bench/30gib-8.bin,124,33554432,342.33,,
0,bench/30gib-8.bin,125,33554432,351.45,,
0,bench/30gib-8.bin,126,33554432,511.13,,
0,bench/30gib-8.bin,127,33554432,412.74,,
0,bench/30gib-8.bin,128,33554432,422.13,,
0,bench/30gib-8.bin,129,33554432,343.50,,
0,bench/30gib-8.bin,130,33554432,477.73,,
0,bench/30gib-8.bin,131,33554432,420.92,,
0,bench/30gib-8.bin,132,33554432,343.06,,
0,bench/30gib-8.bin,133,33554432,417.62,,
0,bench/30gib-8.bin,134,33554432,572.52,,
0,bench/30gib-8.bin,135,33554432,340.04,,
0,bench/30gib-8.bin,136,33554432,427.81,,
0,bench/30gib-8.bin,137,33554432,604.45,,
0,bench/30gib-8.bin,138,33554432,369.95,,
0,bench/30gib-8.bin,139,33554432,352.46,,
0,bench/30gib-8.bin,140,33554432,494.05,,
0,bench/30gib-8.bin,141,33554432,377.46,,
0,bench/30gib-8.bin,142,33554432,356.16,,
0,bench/30gib-8.bin,143,33554432,520.75,,
0,bench/30gib-8.bin,144,33554432,371.54,,
0,bench/30gib-8.bin,145,33554432,489.13,,
0,bench/30gib-8.bin,146,33554432,588.14,,
0,bench/30gib-8.bin,147,33554432,484.64,,
0,bench/30gib-8.bin,148,33554432,475.70,,
0,bench/30gib-8.bin,149,33554432,733.69,,
0,bench/30gib-8.bin,150,33554432,442.01,,
0,bench/30gib-8.bin,151,33554432,588.31,,
0,bench/30gib-8.bin,152,33554432,428.86,,
0,bench/30gib-8.bin,153,33554432,369.31,,
0,bench/30gib-8.bin,154,33554432,401.16,,
0,bench/30gib-8.bin,155,33554432,377.50,,
0,bench/30gib-8.bin,156,33554432,408.14,,
0,bench/30gib-8.bin,157,33554432,365.94,,
0,bench/30gib-8.bin,158,33554432,410.94,,
0,bench/30gib-8.bin,159,33554432,381.66,,
0,bench/30gib-8.bin,160,33554432,519.78,,
0,bench/30gib-8.bin,161,33554432,464.39,,
0,bench/30gib-8.bin,162,33554432,568.16,,
0,bench/30gib-8.bin,163,33554432,404.56,,
0,bench/30gib-8.bin,164,33554432,508.43,,
0,bench/30gib-8.bin,165,33554432,340.76,,
0,bench/30gib-8.bin,166,33554432,435.66,,
0,bench/30gib-8.bin,167,33554432,472.28,,
0,bench/30gib-8.bin,168,33554432,496.75,,
0,bench/30gib-8.bin,169,33554432,435.04,,
0,bench/30gib-8.bin,170,33554432,340.45,,
0,bench/30gib-8.bin,171,33554432,347.77,,
0,bench/30gib-8.bin,172,33554432,351.47,,
0,bench/30gib-8.bin,173,33554432,384.93,,
0,bench/30gib-8.bin,174,33554432,401.84,,
0,bench/30gib-8.bin,175,33554432,343.21,,
0,bench/30gib-8.bin,176,33554432,697.35,,
0,bench/30gib-8.bin,177,33554432,340.61,,
0,bench/30gib-8.bin,178,33554432,354.66,,
0,bench/30gib-8.bin,179,33554432,489.42,,
0,bench/30gib-8.bin,180,33554432,388.64,,
0,bench/30gib-8.bin,181,33554432,492.20,,
0,bench/30gib-8.bin,182,33554432,424.53,,
0,bench/30gib-8.bin,183,33554432,343.03,,
0,bench/30gib-8.bin,184,33554432,1189.84,,
0,bench/30gib-8.bin,185,33554432,359.56,,
0,bench/30gib-8.bin,186,33554432,498.28,,
0,bench/30gib-8.bin,187,33554432,451.87,,
0,bench/30gib-8.bin,188,33554432,391.29,,
0,bench/30gib-8.bin,189,33554432,386.48,,
0,bench/30gib-8.bin,190,33554432,343.16,,
0,bench/30gib-8.bin,191,33554432,447.03,,
0,bench/30gib-8.bin,192,33554432,425.07,,
0,bench/30gib-8.bin,193,33554432,627.20,,
0,bench/30gib-8.bin,194,33554432,490.71,,
0,bench/30gib-8.bin,195,33554432,409.70,,
0,bench/30gib-8.bin,196,33554432,369.20,,
0,bench/30gib-8.bin,197,33554432,392.16,,
0,bench/30gib-8.bin,198,33554432,360.87,,
0,bench/30gib-8.bin,199,33554432,358.46,,
0,bench/30gib-8.bin,200,33554432,573.49,,
0,bench/30gib-8.bin,201,33554432,448.92,,
0,bench/30gib-8.bin,202,33554432,341.36,,
0,bench/30gib-8.bin,203,33554432,341.70,,
0,bench/30gib-8.bin,204,33554432,470.29,,
0,bench/30gib-8.bin,205,33554432,404.92,,
0,bench/30gib-8.bin,206,33554432,347.01,,
0,bench/30gib-8.bin,207,33554432,396.06,,
0,bench/30gib-8.bin,208,33554432,359.10,,
0,bench/30gib-8.bin,209,33554432,341.43,,
0,bench/30gib-8.bin,210,33554432,342.35,,
0,bench/30gib-8.bin,211,33554432,447.59,,
0,bench/30gib-8.bin,212,33554432,414.00,,
0,bench/30gib-8.bin,213,33554432,349.62,,
0,bench/30gib-8.bin,214,33554432,505.81,,
0,bench/30gib-8.bin,215,33554432,340.74,,
0,bench/30gib-8.bin,216,33554432,599.35,,
0,bench/30gib-8.bin,217,33554432,577.39,,
0,bench/30gib-8.bin,218,33554432,404.19,,
0,bench/30gib-8.bin,219,33554432,440.31,,
0,bench/30gib-8.bin,220,33554432,411.65,,
0,bench/30gib-8.bin,221,33554432,361.32,,
0,bench/30gib-8.bin,222,33554432,360.51,,
0,bench/30gib-8.bin,223,33554432,356.96,,
0,bench/30gib-8.bin,224,33554432,398.37,,
0,bench/30gib-8.bin,225,33554432,344.82,,
0,bench/30gib-8.bin,226,33554432,367.84,,
0,bench/30gib-8.bin,227,33554432,460.79,,
0,bench/30gib-8.bin,228,33554432,424.74,,
0,bench/30gib-8.bin,229,33554432,387.24,,
0,bench/30gib-8.bin,230,33554432,345.50,,
0,bench/30gib-8.bin,231,33554432,343.76,,
0,bench/30gib-8.bin,232,33554432,397.04,,
0,bench/30gib-8.bin,233,33554432,472.24,,
0,bench/30gib-8.bin,234,33554432,346.55,,
0,bench/30gib-8.bin,235,33554432,378.27,,
0,bench/30gib-8.bin,236,33554432,506.10,,
0,bench/30gib-8.bin,237,33554432,358.10,,
0,bench/30gib-8.bin,238,33554432,341.57,,
0,bench/30gib-8.bin,239,33554432,445.75,,
0,bench/30gib-8.bin,240,33554432,432.19,,
0,bench/30gib-8.bin,241,33554432,384.67,,
0,bench/30gib-8.bin,242,33554432,428.12,,
0,bench/30gib-8.bin,243,33554432,597.11,,
0,bench/30gib-8.bin,244,33554432,414.06,,
0,bench/30gib-8.bin,245,33554432,625.82,,
0,bench/30gib-8.bin,246,33554432,508.52,,
0,bench/30gib-8.bin,247,33554432,417.96,,
0,bench/30gib-8.bin,248,33554432,1095.24,,
0,bench/30gib-8.bin,249,33554432,388.00,,
0,bench/30gib-8.bin,250,33554432,353.61,,
0,bench/30gib-8.bin,251,33554432,348.79,,
0,bench/30gib-8.bin,252,33554432,361.45,,
0,bench/30gib-8.bin,253,33554432,495.91,,
0,bench/30gib-8.bin,254,33554432,496.57,,
0,bench/30gib-8.bin,255,33554432,438.58,,
0,bench/30gib-8.bin,256,33554432,342.82,,
0,bench/30gib-8.bin,257,33554432,393.91,,
0,bench/30gib-8.bin,258,33554432,477.04,,
0,bench/30gib-8.bin,259,33554432,591.61,,
0,bench/30gib-8.bin,260,33554432,470.32,,
0,bench/30gib-8.bin,261,33554432,372.71,,
0,bench/30gib-8.bin,262,33554432,383.60,,
0,bench/30gib-8.bin,263,33554432,359.82,,
0,bench/30gib-8.bin,264,33554432,345.13,,
0,bench/30gib-8.bin,265,33554432,433.95,,
0,bench/30gib-8.bin,266,33554432,444.03,,
0,bench/30gib-8.bin,267,33554432,341.32,,
0,bench/30gib-8.bin,268,33554432,449.78,,
0,bench/30gib-8.bin,269,33554432,346.42,,
0,bench/30gib-8.bin,270,33554432,343.06,,
0,bench/30gib-8.bin,271,33554432,616.66,,
0,bench/30gib-8.bin,272,33554432,380.00,,
0,bench/30gib-8.bin,273,33554432,514.69,,
0,bench/30gib-8.bin,274,33554432,473.52,,
0,bench/30gib-8.bin,275,33554432,340.71,,
0,bench/30gib-8.bin,276,33554432,429.05,,
0,bench/30gib-8.bin,277,33554432,349.86,,
0,bench/30gib-8.bin,278,33554432,415.49,,
0,bench/30gib-8.bin,279,33554432,443.97,,
0,bench/30gib-8.bin,280,33554432,381.65,,
0,bench/30gib-8.bin,281,33554432,394.78,,
0,bench/30gib-8.bin,282,33554432,341.46,,
0,bench/30gib-8.bin,283,33554432,377.13,,
0,bench/30gib-8.bin,284,33554432,401.74,,
0,bench/30gib-8.bin,285,33554432,341.37,,
0,bench/30gib-8.bin,286,33554432,354.83,,
0,bench/30gib-8.bin,287,33554432,430.06,,
0,bench/30gib-8.bin,288,33554432,429.43,,
0,bench/30gib-8.bin,289,33554432,390.73,,
0,bench/30gib-8.bin,290,33554432,540.09,,
0,bench/30gib-8.bin,291,33554432,374.72,,
0,bench/30gib-8.bin,292,33554432,428.99,,
0,bench/30gib-8.bin,293,33554432,376.81,,
0,bench/30gib-8.bin,294,33554432,369.99,,
0,bench/30gib-8.bin,295,33554432,520.34,,
0,bench/30gib-8.bin,296,33554432,394.35,,
0,bench/30gib-8.bin,297,33554432,348.67,,
0,bench/30gib-8.bin,298,33554432,340.49,,
0,bench/30gib-8.bin,299,33554432,472.09,,
0,bench/30gib-8.bin,300,33554432,598.11,,
0,bench/30gib-8.bin,301,33554432,413.30,,
0,bench/30gib-8.bin,302,33554432,343.73,,
0,bench/30gib-8.bin,303,33554432,442.06,,
0,bench/30gib-8.bin,304,33554432,417.67,,
0,bench/30gib-8.bin,305,33554432,501.69,,
0,bench/30gib-8.bin,306,33554432,456.59,,
0,bench/30gib-8.bin,307,33554432,408.36,,
0,bench/30gib-8.bin,308,33554432,410.45,,
0,bench/30gib-8.bin,309,33554432,344.65,,
0,bench/30gib-8.bin,310,33554432,390.80,,
0,bench/30gib-8.bin,311,33554432,379.67,,
0,bench/30gib-8.bin,312,33554432,346.10,,
0,bench/30gib-8.bin,313,33554432,386.25,,
0,bench/30gib-8.bin,314,33554432,339.52,,
0,bench/30gib-8.bin,315,33554432,480.82,,
0,bench/30gib-8.bin,316,33554432,407.54,,
0,bench/30gib-8.bin,317,33554432,350.63,,
0,bench/30gib-8.bin,318,33554432,382.03,,
0,bench/30gib-8.bin,319,33554432,345.01,,
0,bench/30gib-8.bin,320,33554432,345.79,,
0,bench/30gib-8.bin,321,33554432,375.40,,
0,bench/30gib-8.bin,322,33554432,450.08,,
0,bench/30gib-8.bin,323,33554432,360.79,,
0,bench/30gib-8.bin,324,33554432,342.17,,
0,bench/30gib-8.bin,325,33554432,342.66,,
0,bench/30gib-8.bin,326,33554432,444.96,,
0,bench/30gib-8.bin,327,33554432,453.04,,
0,bench/30gib-8.bin,328,33554432,435.66,,
0,bench/30gib-8.bin,329,33554432,343.30,,
0,bench/30gib-8.bin,330,33554432,349.31,,
0,bench/30gib-8.bin,331,33554432,364.17,,
0,bench/30gib-8.bin,332,33554432,344.26,,
0,bench/30gib-8.bin,333,33554432,347.21,,
0,bench/30gib-8.bin,334,33554432,366.15,,
0,bench/30gib-8.bin,335,33554432,431.26,,
0,bench/30gib-8.bin,336,33554432,357.27,,
0,bench/30gib-8.bin,337,33554432,527.49,,
0,bench/30gib-8.bin,338,33554432,418.20,,
0,bench/30gib-8.bin,339,33554432,418.47,,
0,bench/30gib-8.bin,340,33554432,341.60,,
0,bench/30gib-8.bin,341,33554432,566.85,,
0,bench/30gib-8.bin,342,33554432,345.30,,
0,bench/30gib-8.bin,343,33554432,491.74,,
0,bench/30gib-8.bin,344,33554432,390.88,,
0,bench/30gib-8.bin,345,33554432,452.84,,
0,bench/30gib-8.bin,346,33554432,424.31,,
0,bench/30gib-8.bin,347,33554432,380.48,,
0,bench/30gib-8.bin,348,33554432,407.91,,
0,bench/30gib-8.bin,349,33554432,373.30,,
0,bench/30gib-8.bin,350,33554432,435.33,,
0,bench/30gib-8.bin,351,33554432,433.96,,
0,bench/30gib-8.bin,352,33554432,391.79,,
0,bench/30gib-8.bin,353,33554432,343.16,,
0,bench/30gib-8.bin,354,33554432,342.11,,
0,bench/30gib-8.bin,355,33554432,489.45,,
0,bench/30gib-8.bin,356,33554432,519.51,,
0,bench/30gib-8.bin,357,33554432,558.17,,
0,bench/30gib-8.bin,358,33554432,443.09,,
0,bench/30gib-8.bin,359,33554432,385.62,,
0,bench/30gib-8.bin,360,33554432,398.25,,
0,bench/30gib-8.bin,361,33554432,401.48,,
0,bench/30gib-8.bin,362,33554432,677.43,,
0,bench/30gib-8.bin,363,33554432,454.78,,
0,bench/30gib-8.bin,364,33554432,384.50,,
0,bench/30gib-8.bin,365,33554432,442.34,,
0,bench/30gib-8.bin,366,33554432,345.11,,
0,bench/30gib-8.bin,367,33554432,396.53,,
0,bench/30gib-8.bin,368,33554432,368.55,,
0,bench/30gib-8.bin,369,33554432,349.78,,
0,bench/30gib-8.bin,370,33554432,454.70,,
0,bench/30gib-8.bin,371,33554432,348.67,,
0,bench/30gib-8.bin,372,33554432,349.83,,
0,bench/30gib-8.bin,373,33554432,342.42,,
0,bench/30gib-8.bin,374,33554432,363.53,,
0,bench/30gib-8.bin,375,33554432,402.06,,
0,bench/30gib-8.bin,376,33554432,368.53,,
0,bench/30gib-8.bin,377,33554432,714.68,,
0,bench/30gib-8.bin,378,33554432,348.52,,
0,bench/30gib-8.bin,379,33554432,439.16,,
0,bench/30gib-8.bin,380,33554432,464.25,,
0,bench/30gib-8.bin,381,33554432,420.44,,
0,bench/30gib-8.bin,382,33554432,421.97,,
0,bench/30gib-8.bin,383,33554432,500.89,,
0,bench/30gib-8.bin,384,33554432,355.52,,
0,bench/30gib-8.bin,385,33554432,406.44,,
0,bench/30gib-8.bin,386,33554432,459.07,,
0,bench/30gib-8.bin,387,33554432,343.72,,
0,bench/30gib-8.bin,388,33554432,347.87,,
0,bench/30gib-8.bin,389,33554432,506.21,,
0,bench/30gib-8.bin,390,33554432,373.16,,
0,bench/30gib-8.bin,391,33554432,415.87,,
0,bench/30gib-8.bin,392,33554432,446.39,,
0,bench/30gib-8.bin,393,33554432,460.69,,
0,bench/30gib-8.bin,394,33554432,359.91,,
0,bench/30gib-8.bin,395,33554432,386.65,,
0,bench/30gib-8.bin,396,33554432,346.86,,
0,bench/30gib-8.bin,397,33554432,345.12,,
0,bench/30gib-8.bin,398,33554432,416.73,,
0,bench/30gib-8.bin,399,33554432,394.44,,
0,bench/30gib-8.bin,400,33554432,342.21,,
0,bench/30gib-8.bin,401,33554432,349.49,,
0,bench/30gib-8.bin,402,33554432,385.33,,
0,bench/30gib-8.bin,403,33554432,341.13,,
0,bench/30gib-8.bin,404,33554432,390.31,,
0,bench/30gib-8.bin,405,33554432,360.21,,
0,bench/30gib-8.bin,406,33554432,349.63,,
0,bench/30gib-8.bin,407,33554432,350.33,,
0,bench/30gib-8.bin,408,33554432,412.90,,
0,bench/30gib-8.bin,409,33554432,411.30,,
0,bench/30gib-8.bin,410,33554432,343.10,,
0,bench/30gib-8.bin,411,33554432,406.55,,
0,bench/30gib-8.bin,412,33554432,492.29,,
0,bench/30gib-8.bin,413,33554432,434.61,,
0,bench/30gib-8.bin,414,33554432,535.12,,
0,bench/30gib-8.bin,415,33554432,381.36,,
0,bench/30gib-8.bin,416,33554432,500.06,,
0,bench/30gib-8.bin,417,33554432,355.32,,
0,bench/30gib-8.bin,418,33554432,340.50,,
0,bench/30gib-8.bin,419,33554432,372.53,,
0,bench/30gib-8.bin,420,33554432,472.59,,
0,bench/30gib-8.bin,421,33554432,506.15,,
0,bench/30gib-8.bin,422,33554432,343.87,,
0,bench/30gib-8.bin,423,33554432,382.91,,
0,bench/30gib-8.bin,424,33554432,342.75,,
0,bench/30gib-8.bin,425,33554432,416.34,,
0,bench/30gib-8.bin,426,33554432,425.50,,
0,bench/30gib-8.bin,427,33554432,1487.69,,
0,bench/30gib-8.bin,428,33554432,508.61,,
0,bench/30gib-8.bin,429,33554432,366.45,,
0,bench/30gib-8.bin,430,33554432,560.06,,
0,bench/30gib-8.bin,431,33554432,344.60,,
0,bench/30gib-8.bin,432,33554432,342.66,,
0,bench/30gib-8.bin,433,33554432,392.51,,
0,bench/30gib-8.bin,434,33554432,343.30,,
0,bench/30gib-8.bin,435,33554432,453.60,,
0,bench/30gib-8.bin,436,33554432,341.81,,
0,bench/30gib-8.bin,437,33554432,494.64,,
0,bench/30gib-8.bin,438,33554432,492.68,,
0,bench/30gib-8.bin,439,33554432,351.89,,
0,bench/30gib-8.bin,440,33554432,454.65,,
0,bench/30gib-8.bin,441,33554432,449.67,,
0,bench/30gib-8.bin,442,33554432,448.35,,
0,bench/30gib-8.bin,443,33554432,504.72,,
0,bench/30gib-8.bin,444,33554432,341.41,,
0,bench/30gib-8.bin,445,33554432,432.60,,
0,bench/30gib-8.bin,446,33554432,346.91,,
0,bench/30gib-8.bin,447,33554432,403.62,,
0,bench/30gib-8.bin,448,33554432,429.54,,
0,bench/30gib-8.bin,449,33554432,395.39,,
0,bench/30gib-8.bin,450,33554432,343.74,,
0,bench/30gib-8.bin,451,33554432,411.12,,
0,bench/30gib-8.bin,452,33554432,342.57,,
0,bench/30gib-8.bin,453,33554432,440.16,,
0,bench/30gib-8.bin,454,33554432,368.90,,
0,bench/30gib-8.bin,455,33554432,406.82,,
0,bench/30gib-8.bin,456,33554432,387.65,,
0,bench/30gib-8.bin,457,33554432,489.83,,
0,bench/30gib-8.bin,458,33554432,341.52,,
0,bench/30gib-8.bin,459,33554432,379.05,,
0,bench/30gib-8.bin,460,33554432,417.10,,
0,bench/30gib-8.bin,461,33554432,467.58,,
0,bench/30gib-8.bin,462,33554432,356.42,,
0,bench/30gib-8.bin,463,33554432,344.61,,
0,bench/30gib-8.bin,464,33554432,403.23,,
0,bench/30gib-8.bin,465,33554432,431.05,,
0,bench/30gib-8.bin,466,33554432,459.00,,
0,bench/30gib-8.bin,467,33554432,341.91,,
0,bench/30gib-8.bin,468,33554432,364.85,,
0,bench/30gib-8.bin,469,33554432,345.26,,
0,bench/30gib-8.bin,470,33554432,701.35,,
0,bench/30gib-8.bin,471,33554432,345.49,,
0,bench/30gib-8.bin,472,33554432,347.84,,
0,bench/30gib-8.bin,473,33554432,526.10,,
0,bench/30gib-8.bin,474,33554432,353.50,,
0,bench/30gib-8.bin,475,33554432,363.58,,
0,bench/30gib-8.bin,476,33554432,346.32,,
0,bench/30gib-8.bin,477,33554432,342.94,,
0,bench/30gib-8.bin,478,33554432,407.36,,
0,bench/30gib-8.bin,479,33554432,374.28,,
0,bench/30gib-8.bin,480,33554432,477.99,,
0,bench/30gib-8.bin,481,33554432,340.28,,
0,bench/30gib-8.bin,482,33554432,348.46,,
0,bench/30gib-8.bin,483,33554432,368.64,,
0,bench/30gib-8.bin,484,33554432,513.86,,
0,bench/30gib-8.bin,485,33554432,350.95,,
0,bench/30gib-8.bin,486,33554432,360.00,,
0,bench/30gib-8.bin,487,33554432,397.13,,
0,bench/30gib-8.bin,488,33554432,433.82,,
0,bench/30gib-8.bin,489,33554432,397.16,,
0,bench/30gib-8.bin,490,33554432,341.54,,
0,bench/30gib-8.bin,491,33554432,444.36,,
0,bench/30gib-8.bin,492,33554432,556.91,,
0,bench/30gib-8.bin,493,33554432,417.94,,
0,bench/30gib-8.bin,494,33554432,340.42,,
0,bench/30gib-8.bin,495,33554432,706.06,,
0,bench/30gib-8.bin,496,33554432,414.89,,
0,bench/30gib-8.bin,497,33554432,342.31,,
0,bench/30gib-8.bin,498,33554432,425.16,,
0,bench/30gib-8.bin,499,33554432,345.98,,
0,bench/30gib-8.bin,500,33554432,357.54,,
0,bench/30gib-8.bin,501,33554432,448.95,,
0,bench/30gib-8.bin,502,33554432,370.76,,
0,bench/30gib-8.bin,503,33554432,430.58,,
0,bench/30gib-8.bin,504,33554432,379.63,,
0,bench/30gib-8.bin,505,33554432,406.83,,
0,bench/30gib-8.bin,506,33554432,403.89,,
0,bench/30gib-8.bin,507,33554432,413.34,,
0,bench/30gib-8.bin,508,33554432,369.83,,
0,bench/30gib-8.bin,509,33554432,508.00,,
0,bench/30gib-8.bin,510,33554432,419.86,,
0,bench/30gib-8.bin,511,33554432,374.01,,
0,bench/30gib-8.bin,512,33554432,356.28,,
0,bench/30gib-8.bin,513,33554432,344.58,,
0,bench/30gib-8.bin,514,33554432,358.17,,
0,bench/30gib-8.bin,515,33554432,450.80,,
0,bench/30gib-8.bin,516,33554432,400.63,,
0,bench/30gib-8.bin,517,33554432,409.01,,
0,bench/30gib-8.bin,518,33554432,557.57,,
0,bench/30gib-8.bin,519,33554432,478.04,,
0,bench/30gib-8.bin,520,33554432,668.04,,
0,bench/30gib-8.bin,521,33554432,434.76,,
0,bench/30gib-8.bin,522,33554432,347.54,,
0,bench/30gib-8.bin,523,33554432,352.46,,
0,bench/30gib-8.bin,524,33554432,483.83,,
0,bench/30gib-8.bin,525,33554432,432.43,,
0,bench/30gib-8.bin,526,33554432,387.04,,
0,bench/30gib-8.bin,527,33554432,344.61,,
0,bench/30gib-8.bin,528,33554432,489.08,,
0,bench/30gib-8.bin,529,33554432,351.93,,
0,bench/30gib-8.bin,530,33554432,395.37,,
0,bench/30gib-8.bin,531,33554432,390.73,,
0,bench/30gib-8.bin,532,33554432,348.13,,
0,bench/30gib-8.bin,533,33554432,348.42,,
0,bench/30gib-8.bin,534,33554432,356.69,,
0,bench/30gib-8.bin,535,33554432,427.70,,
0,bench/30gib-8.bin,536,33554432,416.81,,
0,bench/30gib-8.bin,537,33554432,374.10,,
0,bench/30gib-8.bin,538,33554432,434.28,,
0,bench/30gib-8.bin,539,33554432,360.19,,
0,bench/30gib-8.bin,540,33554432,446.64,,
0,bench/30gib-8.bin,541,33554432,454.06,,
0,bench/30gib-8.bin,542,33554432,504.69,,
0,bench/30gib-8.bin,543,33554432,422.42,,
0,bench/30gib-8.bin,544,33554432,362.91,,
0,bench/30gib-8.bin,545,33554432,379.85,,
0,bench/30gib-8.bin,546,33554432,469.14,,
0,bench/30gib-8.bin,547,33554432,341.58,,
0,bench/30gib-8.bin,548,33554432,437.74,,
0,bench/30gib-8.bin,549,33554432,404.62,,
0,bench/30gib-8.bin,550,33554432,436.64,,
0,bench/30gib-8.bin,551,33554432,439.19,,
0,bench/30gib-8.bin,552,33554432,420.46,,
0,bench/30gib-8.bin,553,33554432,367.94,,
0,bench/30gib-8.bin,554,33554432,341.14,,
0,bench/30gib-8.bin,555,33554432,464.28,,
0,bench/30gib-8.bin,556,33554432,391.93,,
0,bench/30gib-8.bin,557,33554432,402.16,,
0,bench/30gib-8.bin,558,33554432,550.33,,
0,bench/30gib-8.bin,559,33554432,341.80,,
0,bench/30gib-8.bin,560,33554432,1935.25,,
0,bench/30gib-8.bin,561,33554432,379.76,,
0,bench/30gib-8.bin,562,33554432,342.93,,
0,bench/30gib-8.bin,563,33554432,375.83,,
0,bench/30gib-8.bin,564,33554432,386.41,,
0,bench/30gib-8.bin,565,33554432,388.97,,
0,bench/30gib-8.bin,566,33554432,347.66,,
0,bench/30gib-8.bin,567,33554432,371.88,,
0,bench/30gib-8.bin,568,33554432,528.45,,
0,bench/30gib-8.bin,569,33554432,381.23,,
0,bench/30gib-8.bin,570,33554432,417.06,,
0,bench/30gib-8.bin,571,33554432,663.77,,
0,bench/30gib-8.bin,572,33554432,349.03,,
0,bench/30gib-8.bin,573,33554432,437.06,,
0,bench/30gib-8.bin,574,33554432,341.98,,
0,bench/30gib-8.bin,575,33554432,344.46,,
0,bench/30gib-8.bin,576,33554432,416.97,,
0,bench/30gib-8.bin,577,33554432,341.97,,
0,bench/30gib-8.bin,578,33554432,345.04,,
0,bench/30gib-8.bin,579,33554432,347.34,,
0,bench/30gib-8.bin,580,33554432,349.64,,
0,bench/30gib-8.bin,581,33554432,356.24,,
0,bench/30gib-8.bin,582,33554432,351.12,,
0,bench/30gib-8.bin,583,33554432,352.81,,
0,bench/30gib-8.bin,584,33554432,354.10,,
0,bench/30gib-8.bin,585,33554432,357.68,,
0,bench/30gib-8.bin,586,33554432,342.81,,
0,bench/30gib-8.bin,587,33554432,1196.34,,
0,bench/30gib-8.bin,588,33554432,361.06,,
0,bench/30gib-8.bin,589,33554432,510.42,,
0,bench/30gib-8.bin,590,33554432,343.01,,
0,bench/30gib-8.bin,591,33554432,345.85,,
0,bench/30gib-8.bin,592,33554432,485.05,,
0,bench/30gib-8.bin,593,33554432,383.88,,
0,bench/30gib-8.bin,594,33554432,408.73,,
0,bench/30gib-8.bin,595,33554432,426.81,,
0,bench/30gib-8.bin,596,33554432,487.91,,
0,bench/30gib-8.bin,597,33554432,469.55,,
0,bench/30gib-8.bin,598,33554432,561.62,,
0,bench/30gib-8.bin,599,33554432,479.82,,
0,bench/30gib-8.bin,600,33554432,615.29,,
0,bench/30gib-8.bin,601,33554432,387.92,,
0,bench/30gib-8.bin,602,33554432,448.92,,
0,bench/30gib-8.bin,603,33554432,354.42,,
0,bench/30gib-8.bin,604,33554432,423.44,,
0,bench/30gib-8.bin,605,33554432,343.22,,
0,bench/30gib-8.bin,606,33554432,347.39,,
0,bench/30gib-8.bin,607,33554432,459.02,,
0,bench/30gib-8.bin,608,33554432,473.89,,
0,bench/30gib-8.bin,609,33554432,381.08,,
0,bench/30gib-8.bin,610,33554432,435.78,,
0,bench/30gib-8.bin,611,33554432,374.47,,
0,bench/30gib-8.bin,612,33554432,377.30,,
0,bench/30gib-8.bin,613,33554432,626.83,,
0,bench/30gib-8.bin,614,33554432,343.53,,
0,bench/30gib-8.bin,615,33554432,490.90,,
0,bench/30gib-8.bin,616,33554432,426.01,,
0,bench/30gib-8.bin,617,33554432,485.40,,
0,bench/30gib-8.bin,618,33554432,362.17,,
0,bench/30gib-8.bin,619,33554432,368.10,,
0,bench/30gib-8.bin,620,33554432,347.64,,
0,bench/30gib-8.bin,621,33554432,449.08,,
0,bench/30gib-8.bin,622,33554432,342.45,,
0,bench/30gib-8.bin,623,33554432,352.37,,
0,bench/30gib-8.bin,624,33554432,384.12,,
0,bench/30gib-8.bin,625,33554432,521.49,,
0,bench/30gib-8.bin,626,33554432,345.02,,
0,bench/30gib-8.bin,627,33554432,340.61,,
0,bench/30gib-8.bin,628,33554432,528.71,,
0,bench/30gib-8.bin,629,33554432,340.99,,
0,bench/30gib-8.bin,630,33554432,553.05,,
0,bench/30gib-8.bin,631,33554432,379.17,,
0,bench/30gib-8.bin,632,33554432,528.32,,
0,bench/30gib-8.bin,633,33554432,345.74,,
0,bench/30gib-8.bin,634,33554432,478.84,,
0,bench/30gib-8.bin,635,33554432,496.29,,
0,bench/30gib-8.bin,636,33554432,563.98,,
0,bench/30gib-8.bin,637,33554432,340.62,,
0,bench/30gib-8.bin,638,33554432,438.85,,
0,bench/30gib-8.bin,639,33554432,836.17,,
0,bench/30gib-8.bin,640,33554432,387.34,,
0,bench/30gib-8.bin,641,33554432,372.73,,
0,bench/30gib-8.bin,642,33554432,373.02,,
0,bench/30gib-8.bin,643,33554432,344.57,,
0,bench/30gib-8.bin,644,33554432,369.78,,
0,bench/30gib-8.bin,645,33554432,380.80,,
0,bench/30gib-8.bin,646,33554432,340.35,,
0,bench/30gib-8.bin,647,33554432,355.83,,
0,bench/30gib-8.bin,648,33554432,381.26,,
0,bench/30gib-8.bin,649,33554432,424.93,,
0,bench/30gib-8.bin,650,33554432,467.24,,
0,bench/30gib-8.bin,651,33554432,341.98,,
0,bench/30gib-8.bin,652,33554432,416.93,,
0,bench/30gib-8.bin,653,33554432,411.54,,
0,bench/30gib-8.bin,654,33554432,451.63,,
0,bench/30gib-8.bin,655,33554432,515.76,,
0,bench/30gib-8.bin,656,33554432,452.62,,
0,bench/30gib-8.bin,657,33554432,533.46,,
0,bench/30gib-8.bin,658,33554432,420.93,,
0,bench/30gib-8.bin,659,33554432,531.63,,
0,bench/30gib-8.bin,660,33554432,553.56,,
0,bench/30gib-8.bin,661,33554432,368.42,,
0,bench/30gib-8.bin,662,33554432,367.32,,
0,bench/30gib-8.bin,663,33554432,351.59,,
0,bench/30gib-8.bin,664,33554432,576.38,,
0,bench/30gib-8.bin,665,33554432,450.54,,
0,bench/30gib-8.bin,666,33554432,370.44,,
0,bench/30gib-8.bin,667,33554432,386.04,,
0,bench/30gib-8.bin,668,33554432,574.83,,
0,bench/30gib-8.bin,669,33554432,394.35,,
0,bench/30gib-8.bin,670,33554432,433.26,,
0,bench/30gib-8.bin,671,33554432,354.41,,
0,bench/30gib-8.bin,672,33554432,514.65,,
0,bench/30gib-8.bin,673,33554432,1692.10,,
0,bench/30gib-8.bin,674,33554432,370.76,,
0,bench/30gib-8.bin,675,33554432,404.45,,
0,bench/30gib-8.bin,676,33554432,346.66,,
0,bench/30gib-8.bin,677,33554432,359.09,,
0,bench/30gib-8.bin,678,33554432,344.81,,
0,bench/30gib-8.bin,679,33554432,501.09,,
0,bench/30gib-8.bin,680,33554432,466.06,,
0,bench/30gib-8.bin,681,33554432,512.46,,
0,bench/30gib-8.bin,682,33554432,600.21,,
0,bench/30gib-8.bin,683,33554432,345.44,,
0,bench/30gib-8.bin,684,33554432,390.76,,
0,bench/30gib-8.bin,685,33554432,361.41,,
0,bench/30gib-8.bin,686,33554432,390.94,,
0,bench/30gib-8.bin,687,33554432,348.50,,
0,bench/30gib-8.bin,688,33554432,357.10,,
0,bench/30gib-8.bin,689,33554432,479.68,,
0,bench/30gib-8.bin,690,33554432,430.16,,
0,bench/30gib-8.bin,691,33554432,552.79,,
0,bench/30gib-8.bin,692,33554432,345.38,,
0,bench/30gib-8.bin,693,33554432,612.27,,
0,bench/30gib-8.bin,694,33554432,402.49,,
0,bench/30gib-8.bin,695,33554432,491.38,,
0,bench/30gib-8.bin,696,33554432,470.78,,
0,bench/30gib-8.bin,697,33554432,446.10,,
0,bench/30gib-8.bin,698,33554432,437.13,,
0,bench/30gib-8.bin,699,33554432,500.41,,
0,bench/30gib-8.bin,700,33554432,532.70,,
0,bench/30gib-8.bin,701,33554432,342.28,,
0,bench/30gib-8.bin,702,33554432,403.75,,
0,bench/30gib-8.bin,703,33554432,448.71,,
0,bench/30gib-8.bin,704,33554432,341.82,,
0,bench/30gib-8.bin,705,33554432,504.05,,
0,bench/30gib-8.bin,706,33554432,446.14,,
0,bench/30gib-8.bin,707,33554432,351.00,,
0,bench/30gib-8.bin,708,33554432,453.06,,
0,bench/30gib-8.bin,709,33554432,534.15,,
0,bench/30gib-8.bin,710,33554432,403.90,,
0,bench/30gib-8.bin,711,33554432,1756.24,,
0,bench/30gib-8.bin,712,33554432,471.15,,
0,bench/30gib-8.bin,713,33554432,345.86,,
0,bench/30gib-8.bin,714,33554432,347.10,,
0,bench/30gib-8.bin,715,33554432,372.43,,
0,bench/30gib-8.bin,716,33554432,436.63,,
0,bench/30gib-8.bin,717,33554432,384.74,,
0,bench/30gib-8.bin,718,33554432,505.08,,
0,bench/30gib-8.bin,719,33554432,388.29,,
0,bench/30gib-8.bin,720,33554432,358.62,,
0,bench/30gib-8.bin,721,33554432,559.92,,
0,bench/30gib-8.bin,722,33554432,342.34,,
0,bench/30gib-8.bin,723,33554432,387.12,,
0,bench/30gib-8.bin,724,33554432,367.07,,
0,bench/30gib-8.bin,725,33554432,383.84,,
0,bench/30gib-8.bin,726,33554432,409.48,,
0,bench/30gib-8.bin,727,33554432,447.86,,
0,bench/30gib-8.bin,728,33554432,343.51,,
0,bench/30gib-8.bin,729,33554432,481.98,,
0,bench/30gib-8.bin,730,33554432,385.80,,
0,bench/30gib-8.bin,731,33554432,593.07,,
0,bench/30gib-8.bin,732,33554432,913.81,,
0,bench/30gib-8.bin,733,33554432,373.22,,
0,bench/30gib-8.bin,734,33554432,486.49,,
0,bench/30gib-8.bin,735,33554432,430.77,,
0,bench/30gib-8.bin,736,33554432,468.56,,
0,bench/30gib-8.bin,737,33554432,427.19,,
0,bench/30gib-8.bin,738,33554432,431.16,,
0,bench/30gib-8.bin,739,33554432,433.03,,
0,bench/30gib-8.bin,740,33554432,392.41,,
0,bench/30gib-8.bin,741,33554432,401.18,,
0,bench/30gib-8.bin,742,33554432,354.20,,
0,bench/30gib-8.bin,743,33554432,351.94,,
0,bench/30gib-8.bin,744,33554432,428.12,,
0,bench/30gib-8.bin,745,33554432,370.72,,
0,bench/30gib-8.bin,746,33554432,990.45,,
0,bench/30gib-8.bin,747,33554432,576.73,,
0,bench/30gib-8.bin,748,33554432,394.10,,
0,bench/30gib-8.bin,749,33554432,341.80,,
0,bench/30gib-8.bin,750,33554432,342.93,,
0,bench/30gib-8.bin,751,33554432,347.86,,
0,bench/30gib-8.bin,752,33554432,349.45,,
0,bench/30gib-8.bin,753,33554432,417.49,,
0,bench/30gib-8.bin,754,33554432,610.00,,
0,bench/30gib-8.bin,755,33554432,565.85,,
0,bench/30gib-8.bin,756,33554432,343.22,,
0,bench/30gib-8.bin,757,33554432,349.26,,
0,bench/30gib-8.bin,758,33554432,346.32,,
0,bench/30gib-8.bin,759,33554432,381.30,,
0,bench/30gib-8.bin,760,33554432,454.99,,
0,bench/30gib-8.bin,761,33554432,603.14,,
0,bench/30gib-8.bin,762,33554432,343.07,,
0,bench/30gib-8.bin,763,33554432,360.70,,
0,bench/30gib-8.bin,764,33554432,422.96,,
0,bench/30gib-8.bin,765,33554432,439.14,,
0,bench/30gib-8.bin,766,33554432,354.71,,
0,bench/30gib-8.bin,767,33554432,370.59,,
0,bench/30gib-8.bin,768,33554432,460.85,,
0,bench/30gib-8.bin,769,33554432,550.95,,
0,bench/30gib-8.bin,770,33554432,514.28,,
0,bench/30gib-8.bin,771,33554432,399.30,,
0,bench/30gib-8.bin,772,33554432,344.37,,
0,bench/30gib-8.bin,773,33554432,392.35,,
0,bench/30gib-8.bin,774,33554432,461.20,,
0,bench/30gib-8.bin,775,33554432,369.87,,
0,bench/30gib-8.bin,776,33554432,387.10,,
0,bench/30gib-8.bin,777,33554432,472.99,,
0,bench/30gib-8.bin,778,33554432,451.51,,
0,bench/30gib-8.bin,779,33554432,602.58,,
0,bench/30gib-8.bin,780,33554432,432.50,,
0,bench/30gib-8.bin,781,33554432,343.08,,
0,bench/30gib-8.bin,782,33554432,477.52,,
0,bench/30gib-8.bin,783,33554432,385.23,,
0,bench/30gib-8.bin,784,33554432,363.03,,
0,bench/30gib-8.bin,785,33554432,381.66,,
0,bench/30gib-8.bin,786,33554432,393.03,,
0,bench/30gib-8.bin,787,33554432,434.53,,
0,bench/30gib-8.bin,788,33554432,342.32,,
0,bench/30gib-8.bin,789,33554432,359.07,,
0,bench/30gib-8.bin,790,33554432,557.21,,
0,bench/30gib-8.bin,791,33554432,493.02,,
0,bench/30gib-8.bin,792,33554432,375.22,,
0,bench/30gib-8.bin,793,33554432,482.22,,
0,bench/30gib-8.bin,794,33554432,353.21,,
0,bench/30gib-8.bin,795,33554432,522.05,,
0,bench/30gib-8.bin,796,33554432,342.66,,
0,bench/30gib-8.bin,797,33554432,444.00,,
0,bench/30gib-8.bin,798,33554432,347.21,,
0,bench/30gib-8.bin,799,33554432,466.44,,
0,bench/30gib-8.bin,800,33554432,484.21,,
0,bench/30gib-8.bin,801,33554432,430.46,,
0,bench/30gib-8.bin,802,33554432,568.73,,
0,bench/30gib-8.bin,803,33554432,342.59,,
0,bench/30gib-8.bin,804,33554432,346.40,,
0,bench/30gib-8.bin,805,33554432,341.20,,
0,bench/30gib-8.bin,806,33554432,340.60,,
0,bench/30gib-8.bin,807,33554432,424.80,,
0,bench/30gib-8.bin,808,33554432,342.65,,
0,bench/30gib-8.bin,809,33554432,404.30,,
0,bench/30gib-8.bin,810,33554432,408.66,,
0,bench/30gib-8.bin,811,33554432,475.39,,
0,bench/30gib-8.bin,812,33554432,593.72,,
0,bench/30gib-8.bin,813,33554432,356.14,,
0,bench/30gib-8.bin,814,33554432,375.63,,
0,bench/30gib-8.bin,815,33554432,511.10,,
0,bench/30gib-8.bin,816,33554432,346.79,,
0,bench/30gib-8.bin,817,33554432,446.50,,
0,bench/30gib-8.bin,818,33554432,342.96,,
0,bench/30gib-8.bin,819,33554432,383.97,,
0,bench/30gib-8.bin,820,33554432,494.08,,
0,bench/30gib-8.bin,821,33554432,648.91,,
0,bench/30gib-8.bin,822,33554432,1322.99,,
0,bench/30gib-8.bin,823,33554432,415.40,,
0,bench/30gib-8.bin,824,33554432,341.40,,
0,bench/30gib-8.bin,825,33554432,484.81,,
0,bench/30gib-8.bin,826,33554432,355.77,,
0,bench/30gib-8.bin,827,33554432,387.00,,
0,bench/30gib-8.bin,828,33554432,340.63,,
0,bench/30gib-8.bin,829,33554432,382.18,,
0,bench/30gib-8.bin,830,33554432,385.43,,
0,bench/30gib-8.bin,831,33554432,462.78,,
0,bench/30gib-8.bin,832,33554432,424.72,,
0,bench/30gib-8.bin,833,33554432,448.26,,
0,bench/30gib-8.bin,834,33554432,407.26,,
0,bench/30gib-8.bin,835,33554432,345.95,,
0,bench/30gib-8.bin,836,33554432,468.82,,
0,bench/30gib-8.bin,837,33554432,492.68,,
0,bench/30gib-8.bin,838,33554432,472.74,,
0,bench/30gib-8.bin,839,33554432,440.64,,
0,bench/30gib-8.bin,840,33554432,530.06,,
0,bench/30gib-8.bin,841,33554432,436.48,,
0,bench/30gib-8.bin,842,33554432,554.41,,
0,bench/30gib-8.bin,843,33554432,344.25,,
0,bench/30gib-8.bin,844,33554432,504.09,,
0,bench/30gib-8.bin,845,33554432,360.31,,
0,bench/30gib-8.bin,846,33554432,359.15,,
0,bench/30gib-8.bin,847,33554432,345.38,,
0,bench/30gib-8.bin,848,33554432,374.79,,
0,bench/30gib-8.bin,849,33554432,366.08,,
0,bench/30gib-8.bin,850,33554432,409.47,,
0,bench/30gib-8.bin,851,33554432,369.55,,
0,bench/30gib-8.bin,852,33554432,398.55,,
0,bench/30gib-8.bin,853,33554432,342.30,,
0,bench/30gib-8.bin,854,33554432,393.56,,
0,bench/30gib-8.bin,855,33554432,425.55,,
0,bench/30gib-8.bin,856,33554432,369.64,,
0,bench/30gib-8.bin,857,33554432,341.74,,
0,bench/30gib-8.bin,858,33554432,344.54,,
0,bench/30gib-8.bin,859,33554432,444.94,,
0,bench/30gib-8.bin,860,33554432,413.62,,
0,bench/30gib-8.bin,861,33554432,346.32,,
0,bench/30gib-8.bin,862,33554432,510.88,,
0,bench/30gib-8.bin,863,33554432,366.24,,
0,bench/30gib-8.bin,864,33554432,436.07,,
0,bench/30gib-8.bin,865,33554432,493.52,,
0,bench/30gib-8.bin,866,33554432,399.86,,
0,bench/30gib-8.bin,867,33554432,343.51,,
0,bench/30gib-8.bin,868,33554432,344.04,,
0,bench/30gib-8.bin,869,33554432,574.20,,
0,bench/30gib-8.bin,870,33554432,483.94,,
0,bench/30gib-8.bin,871,33554432,458.11,,
0,bench/30gib-8.bin,872,33554432,518.67,,
0,bench/30gib-8.bin,873,33554432,386.10,,
0,bench/30gib-8.bin,874,33554432,349.35,,
0,bench/30gib-8.bin,875,33554432,342.76,,
0,bench/30gib-8.bin,876,33554432,340.50,,
0,bench/30gib-8.bin,877,33554432,351.00,,
0,bench/30gib-8.bin,878,33554432,442.30,,
0,bench/30gib-8.bin,879,33554432,612.16,,
0,bench/30gib-8.bin,880,33554432,377.74,,
0,bench/30gib-8.bin,881,33554432,387.98,,
0,bench/30gib-8.bin,882,33554432,400.43,,
0,bench/30gib-8.bin,883,33554432,603.43,,
0,bench/30gib-8.bin,884,33554432,354.75,,
0,bench/30gib-8.bin,885,33554432,349.00,,
0,bench/30gib-8.bin,886,33554432,347.83,,
0,bench/30gib-8.bin,887,33554432,352.19,,
0,bench/30gib-8.bin,888,33554432,344.07,,
0,bench/30gib-8.bin,889,33554432,380.95,,
0,bench/30gib-8.bin,890,33554432,425.38,,
0,bench/30gib-8.bin,891,33554432,455.87,,
0,bench/30gib-8.bin,892,33554432,423.66,,
0,bench/30gib-8.bin,893,33554432,359.82,,
0,bench/30gib-8.bin,894,33554432,352.59,,
0,bench/30gib-8.bin,895,33554432,439.04,,
0,bench/30gib-8.bin,896,33554432,408.25,,
0,bench/30gib-8.bin,897,33554432,460.70,,
0,bench/30gib-8.bin,898,33554432,436.86,,
0,bench/30gib-8.bin,899,33554432,392.38,,
0,bench/30gib-8.bin,900,33554432,448.21,,
0,bench/30gib-8.bin,901,33554432,475.06,,
0,bench/30gib-8.bin,902,33554432,499.41,,
0,bench/30gib-8.bin,903,33554432,687.11,,
0,bench/30gib-8.bin,904,33554432,391.88,,
0,bench/30gib-8.bin,905,33554432,449.16,,
0,bench/30gib-8.bin,906,33554432,840.64,,
0,bench/30gib-8.bin,907,33554432,515.23,,
0,bench/30gib-8.bin,908,33554432,442.22,,
0,bench/30gib-8.bin,909,33554432,390.90,,
0,bench/30gib-8.bin,910,33554432,380.25,,
0,bench/30gib-8.bin,911,33554432,388.62,,
0,bench/30gib-8.bin,912,33554432,346.92,,
0,bench/30gib-8.bin,913,33554432,346.68,,
0,bench/30gib-8.bin,914,33554432,348.11,,
0,bench/30gib-8.bin,915,33554432,483.08,,
0,bench/30gib-8.bin,916,33554432,387.99,,
0,bench/30gib-8.bin,917,33554432,550.45,,
0,bench/30gib-8.bin,918,33554432,453.96,,
0,bench/30gib-8.bin,919,33554432,461.31,,
0,bench/30gib-8.bin,920,33554432,427.64,,
0,bench/30gib-8.bin,921,33554432,434.60,,
0,bench/30gib-8.bin,922,33554432,443.47,,
0,bench/30gib-8.bin,923,33554432,496.43,,
0,bench/30gib-8.bin,924,33554432,355.88,,
0,bench/30gib-8.bin,925,33554432,361.66,,
0,bench/30gib-8.bin,926,33554432,409.25,,
0,bench/30gib-8.bin,927,33554432,433.90,,
0,bench/30gib-8.bin,928,33554432,342.69,,
0,bench/30gib-8.bin,929,33554432,464.67,,
0,bench/30gib-8.bin,930,33554432,368.04,,
0,bench/30gib-8.bin,931,33554432,402.17,,
0,bench/30gib-8.bin,932,33554432,480.56,,
0,bench/30gib-8.bin,933,33554432,560.69,,
0,bench/30gib-8.bin,934,33554432,398.28,,
0,bench/30gib-8.bin,935,33554432,523.29,,
0,bench/30gib-8.bin,936,33554432,342.50,,
0,bench/30gib-8.bin,937,33554432,347.47,,
0,bench/30gib-8.bin,938,33554432,528.89,,
0,bench/30gib-8.bin,939,33554432,398.00,,
0,bench/30gib-8.bin,940,33554432,521.93,,
0,bench/30gib-8.bin,941,33554432,508.51,,
0,bench/30gib-8.bin,942,33554432,341.22,,
0,bench/30gib-8.bin,943,33554432,508.20,,
0,bench/30gib-8.bin,944,33554432,412.41,,
0,bench/30gib-8.bin,945,33554432,428.44,,
0,bench/30gib-8.bin,946,33554432,350.00,,
0,bench/30gib-8.bin,947,33554432,534.81,,
0,bench/30gib-8.bin,948,33554432,467.05,,
0,bench/30gib-8.bin,949,33554432,345.82,,
0,bench/30gib-8.bin,950,33554432,349.46,,
0,bench/30gib-8.bin,951,33554432,342.54,,
0,bench/30gib-8.bin,952,33554432,341.10,,
0,bench/30gib-8.bin,953,33554432,432.34,,
0,bench/30gib-8.bin,954,33554432,359.70,,
0,bench/30gib-8.bin,955,33554432,406.04,,
0,bench/30gib-8.bin,956,33554432,394.53,,
0,bench/30gib-8.bin,957,33554432,463.56,,
0,bench/30gib-8.bin,958,33554432,418.66,,
0,bench/30gib-8.bin,959,33554432,372.40,,
0,bench/30gib-8.bin,960,33554432,341.47,,
0,bench/30gib-9.bin,1,33554432,1201.68,,
0,bench/30gib-9.bin,2,33554432,1228.16,,
0,bench/30gib-9.bin,3,33554432,1059.60,,
0,bench/30gib-9.bin,4,33554432,1194.55,,
0,bench/30gib-9.bin,5,33554432,1551.81,,
0,bench/30gib-9.bin,6,33554432,1421.95,,
0,bench/30gib-9.bin,7,33554432,2003.88,,
0,bench/30gib-9.bin,8,33554432,1079.49,,
0,bench/30gib-9.bin,9,33554432,1602.66,,
0,bench/30gib-9.bin,10,33554432,3000.84,,
0,bench/30gib-9.bin,11,33554432,1513.45,,
0,bench/30gib-9.bin,12,33554432,2337.90,,
0,bench/30gib-9.bin,13,33554432,1862.75,,
0,bench/30gib-9.bin,14,33554432,1243.20,,
0,bench/30gib-9.bin,15,33554432,1091.66,,
0,bench/30gib-9.bin,16,33554432,1330.61,,
0,bench/30gib-9.bin,17,33554432,1171.32,,
0,bench/30gib-9.bin,18,33554432,1539.29,,
0,bench/30gib-9.bin,19,33554432,1805.48,,
0,bench/30gib-9.bin,20,33554432,1542.12,,
0,bench/30gib-9.bin,21,33554432,2009.48,,
0,bench/30gib-9.bin,22,33554432,1245.01,,
0,bench/30gib-9.bin,23,33554432,1450.86,,
0,bench/30gib-9.bin,24,33554432,1008.44,,
0,bench/30gib-9.bin,25,33554432,1541.86,,
0,bench/30gib-9.bin,26,33554432,1213.59,,
0,bench/30gib-9.bin,27,33554432,1117.28,,
0,bench/30gib-9.bin,28,33554432,905.24,,
0,bench/30gib-9.bin,29,33554432,868.19,,
0,bench/30gib-9.bin,30,33554432,569.05,,
0,bench/30gib-9.bin,31,33554432,619.56,,
0,bench/30gib-9.bin,32,33554432,691.37,,
0,bench/30gib-9.bin,33,33554432,777.87,,
0,bench/30gib-9.bin,34,33554432,731.46,,
0,bench/30gib-9.bin,35,33554432,1755.62,,
0,bench/30gib-9.bin,36,33554432,425.02,,
0,bench/30gib-9.bin,37,33554432,695.65,,
0,bench/30gib-9.bin,38,33554432,803.71,,
0,bench/30gib-9.bin,39,33554432,985.11,,
0,bench/30gib-9.bin,40,33554432,588.05,,
0,bench/30gib-9.bin,41,33554432,935.88,,
0,bench/30gib-9.bin,42,33554432,695.73,,
0,bench/30gib-9.bin,43,33554432,555.32,,
0,bench/30gib-9.bin,44,33554432,358.95,,
0,bench/30gib-9.bin,45,33554432,641.59,,
0,bench/30gib-9.bin,46,33554432,579.39,,
0,bench/30gib-9.bin,47,33554432,410.68,,
0,bench/30gib-9.bin,48,33554432,540.50,,
0,bench/30gib-9.bin,49,33554432,729.27,,
0,bench/30gib-9.bin,50,33554432,561.79,,
0,bench/30gib-9.bin,51,33554432,413.70,,
0,bench/30gib-9.bin,52,33554432,507.01,,
0,bench/30gib-9.bin,53,33554432,404.07,,
0,bench/30gib-9.bin,54,33554432,745.13,,
0,bench/30gib-9.bin,55,33554432,788.80,,
0,bench/30gib-9.bin,56,33554432,443.49,,
0,bench/30gib-9.bin,57,33554432,964.91,,
0,bench/30gib-9.bin,58,33554432,588.18,,
0,bench/30gib-9.bin,59,33554432,568.63,,
0,bench/30gib-9.bin,60,33554432,580.88,,
0,bench/30gib-9.bin,61,33554432,497.40,,
0,bench/30gib-9.bin,62,33554432,665.76,,
0,bench/30gib-9.bin,63,33554432,441.66,,
0,bench/30gib-9.bin,64,33554432,379.90,,
0,bench/30gib-9.bin,65,33554432,417.63,,
0,bench/30gib-9.bin,66,33554432,357.39,,
0,bench/30gib-9.bin,67,33554432,461.02,,
0,bench/30gib-9.bin,68,33554432,632.43,,
0,bench/30gib-9.bin,69,33554432,532.71,,
0,bench/30gib-9.bin,70,33554432,388.97,,
0,bench/30gib-9.bin,71,33554432,437.10,,
0,bench/30gib-9.bin,72,33554432,430.05,,
0,bench/30gib-9.bin,73,33554432,346.55,,
0,bench/30gib-9.bin,74,33554432,527.86,,
0,bench/30gib-9.bin,75,33554432,456.81,,
0,bench/30gib-9.bin,76,33554432,347.59,,
0,bench/30gib-9.bin,77,33554432,412.66,,
0,bench/30gib-9.bin,78,33554432,479.25,,
0,bench/30gib-9.bin,79,33554432,619.18,,
0,bench/30gib-9.bin,80,33554432,406.77,,
0,bench/30gib-9.bin,81,33554432,349.58,,
0,bench/30gib-9.bin,82,33554432,483.72,,
0,bench/30gib-9.bin,83,33554432,562.99,,
0,bench/30gib-9.bin,84,33554432,354.83,,
0,bench/30gib-9.bin,85,33554432,392.76,,
0,bench/30gib-9.bin,86,33554432,437.32,,
0,bench/30gib-9.bin,87,33554432,478.27,,
0,bench/30gib-9.bin,88,33554432,376.18,,
0,bench/30gib-9.bin,89,33554432,369.32,,
0,bench/30gib-9.bin,90,33554432,357.09,,
0,bench/30gib-9.bin,91,33554432,343.35,,
0,bench/30gib-9.bin,92,33554432,385.14,,
0,bench/30gib-9.bin,93,33554432,342.21,,
0,bench/30gib-9.bin,94,33554432,487.91,,
0,bench/30gib-9.bin,95,33554432,522.23,,
0,bench/30gib-9.bin,96,33554432,363.02,,
0,bench/30gib-9.bin,97,33554432,444.69,,
0,bench/30gib-9.bin,98,33554432,385.02,,
0,bench/30gib-9.bin,99,33554432,350.85,,
0,bench/30gib-9.bin,100,33554432,386.83,,
0,bench/30gib-9.bin,101,33554432,361.74,,
0,bench/30gib-9.bin,102,33554432,553.72,,
0,bench/30gib-9.bin,103,33554432,350.89,,
0,bench/30gib-9.bin,104,33554432,590.44,,
0,bench/30gib-9.bin,105,33554432,383.60,,
0,bench/30gib-9.bin,106,33554432,367.06,,
0,bench/30gib-9.bin,107,33554432,508.25,,
0,bench/30gib-9.bin,108,33554432,406.89,,
0,bench/30gib-9.bin,109,33554432,357.05,,
0,bench/30gib-9.bin,110,33554432,434.43,,
0,bench/30gib-9.bin,111,33554432,394.15,,
0,bench/30gib-9.bin,112,33554432,469.40,,
0,bench/30gib-9.bin,113,33554432,469.91,,
0,bench/30gib-9.bin,114,33554432,363.67,,
0,bench/30gib-9.bin,115,33554432,367.36,,
0,bench/30gib-9.bin,116,33554432,437.46,,
0,bench/30gib-9.bin,117,33554432,400.11,,
0,bench/30gib-9.bin,118,33554432,381.98,,
0,bench/30gib-9.bin,119,33554432,351.10,,
0,bench/30gib-9.bin,120,33554432,344.96,,
0,bench/30gib-9.bin,121,33554432,994.47,,
0,bench/30gib-9.bin,122,33554432,537.29,,
0,bench/30gib-9.bin,123,33554432,378.44,,
0,bench/30gib-9.bin,124,33554432,346.29,,
0,bench/30gib-9.bin,125,33554432,406.79,,
0,bench/30gib-9.bin,126,33554432,493.18,,
0,bench/30gib-9.bin,127,33554432,439.63,,
0,bench/30gib-9.bin,128,33554432,384.58,,
0,bench/30gib-9.bin,129,33554432,349.58,,
0,bench/30gib-9.bin,130,33554432,346.13,,
0,bench/30gib-9.bin,131,33554432,398.86,,
0,bench/30gib-9.bin,132,33554432,404.94,,
0,bench/30gib-9.bin,133,33554432,359.02,,
0,bench/30gib-9.bin,134,33554432,420.00,,
0,bench/30gib-9.bin,135,33554432,346.83,,
0,bench/30gib-9.bin,136,33554432,463.39,,
0,bench/30gib-9.bin,137,33554432,356.38,,
0,bench/30gib-9.bin,138,33554432,346.35,,
0,bench/30gib-9.bin,139,33554432,413.68,,
0,bench/30gib-9.bin,140,33554432,414.26,,
0,bench/30gib-9.bin,141,33554432,399.88,,
0,bench/30gib-9.bin,142,33554432,352.15,,
0,bench/30gib-9.bin,143,33554432,398.10,,
0,bench/30gib-9.bin,144,33554432,530.32,,
0,bench/30gib-9.bin,145,33554432,634.84,,
0,bench/30gib-9.bin,146,33554432,350.69,,
0,bench/30gib-9.bin,147,33554432,445.95,,
0,bench/30gib-9.bin,148,33554432,378.00,,
0,bench/30gib-9.bin,149,33554432,378.38,,
0,bench/30gib-9.bin,150,33554432,344.49,,
0,bench/30gib-9.bin,151,33554432,365.32,,
0,bench/30gib-9.bin,152,33554432,484.58,,
0,bench/30gib-9.bin,153,33554432,348.30,,
0,bench/30gib-9.bin,154,33554432,491.51,,
0,bench/30gib-9.bin,155,33554432,351.11,,
0,bench/30gib-9.bin,156,33554432,350.72,,
0,bench/30gib-9.bin,157,33554432,386.20,,
0,bench/30gib-9.bin,158,33554432,417.90,,
0,bench/30gib-9.bin,159,33554432,354.72,,
0,bench/30gib-9.bin,160,33554432,446.90,,
0,bench/30gib-9.bin,161,33554432,353.92,,
0,bench/30gib-9.bin,162,33554432,384.00,,
0,bench/30gib-9.bin,163,33554432,471.21,,
0,bench/30gib-9.bin,164,33554432,342.01,,
0,bench/30gib-9.bin,165,33554432,427.72,,
0,bench/30gib-9.bin,166,33554432,380.08,,
0,bench/30gib-9.bin,167,33554432,364.03,,
0,bench/30gib-9.bin,168,33554432,344.70,,
0,bench/30gib-9.bin,169,33554432,1997.96,,
0,bench/30gib-9.bin,170,33554432,365.14,,
0,bench/30gib-9.bin,171,33554432,488.68,,
0,bench/30gib-9.bin,172,33554432,453.01,,
0,bench/30gib-9.bin,173,33554432,405.22,,
0,bench/30gib-9.bin,174,33554432,515.20,,
0,bench/30gib-9.bin,175,33554432,768.11,,
0,bench/30gib-9.bin,176,33554432,348.62,,
0,bench/30gib-9.bin,177,33554432,380.56,,
0,bench/30gib-9.bin,178,33554432,553.24,,
0,bench/30gib-9.bin,179,33554432,345.36,,
0,bench/30gib-9.bin,180,33554432,679.56,,
0,bench/30gib-9.bin,181,33554432,341.28,,
0,bench/30gib-9.bin,182,33554432,362.32,,
0,bench/30gib-9.bin,183,33554432,345.68,,
0,bench/30gib-9.bin,184,33554432,423.30,,
0,bench/30gib-9.bin,185,33554432,342.10,,
0,bench/30gib-9.bin,186,33554432,341.16,,
0,bench/30gib-9.bin,187,33554432,518.22,,
0,bench/30gib-9.bin,188,33554432,552.88,,
0,bench/30gib-9.bin,189,33554432,424.49,,
0,bench/30gib-9.bin,190,33554432,344.60,,
0,bench/30gib-9.bin,191,33554432,394.77,,
0,bench/30gib-9.bin,192,33554432,436.16,,
0,bench/30gib-9.bin,193,33554432,354.16,,
0,bench/30gib-9.bin,194,33554432,372.79,,
0,bench/30gib-9.bin,195,33554432,349.75,,
0,bench/30gib-9.bin,196,33554432,355.06,,
0,bench/30gib-9.bin,197,33554432,400.46,,
0,bench/30gib-9.bin,198,33554432,375.74,,
0,bench/30gib-9.bin,199,33554432,401.54,,
0,bench/30gib-9.bin,200,33554432,353.78,,
0,bench/30gib-9.bin,201,33554432,344.06,,
0,bench/30gib-9.bin,202,33554432,381.84,,
0,bench/30gib-9.bin,203,33554432,362.59,,
0,bench/30gib-9.bin,204,33554432,343.95,,
0,bench/30gib-9.bin,205,33554432,512.60,,
0,bench/30gib-9.bin,206,33554432,343.61,,
0,bench/30gib-9.bin,207,33554432,341.26,,
0,bench/30gib-9.bin,208,33554432,350.06,,
0,bench/30gib-9.bin,209,33554432,378.15,,
0,bench/30gib-9.bin,210,33554432,486.98,,
0,bench/30gib-9.bin,211,33554432,529.97,,
0,bench/30gib-9.bin,212,33554432,458.13,,
0,bench/30gib-9.bin,213,33554432,344.24,,
0,bench/30gib-9.bin,214,33554432,460.32,,
0,bench/30gib-9.bin,215,33554432,697.92,,
0,bench/30gib-9.bin,216,33554432,346.62,,
0,bench/30gib-9.bin,217,33554432,446.89,,
0,bench/30gib-9.bin,218,33554432,350.86,,
0,bench/30gib-9.bin,219,33554432,472.64,,
0,bench/30gib-9.bin,220,33554432,430.85,,
0,bench/30gib-9.bin,221,33554432,690.31,,
0,bench/30gib-9.bin,222,33554432,361.82,,
0,bench/30gib-9.bin,223,33554432,489.02,,
0,bench/30gib-9.bin,224,33554432,342.91,,
0,bench/30gib-9.bin,225,33554432,412.62,,
0,bench/30gib-9.bin,226,33554432,347.35,,
0,bench/30gib-9.bin,227,33554432,410.75,,
0,bench/30gib-9.bin,228,33554432,410.66,,
0,bench/30gib-9.bin,229,33554432,443.60,,
0,bench/30gib-9.bin,230,33554432,586.64,,
0,bench/30gib-9.bin,231,33554432,549.46,,
0,bench/30gib-9.bin,232,33554432,341.79,,
0,bench/30gib-9.bin,233,33554432,342.56,,
0,bench/30gib-9.bin,234,33554432,345.62,,
0,bench/30gib-9.bin,235,33554432,399.48,,
0,bench/30gib-9.bin,236,33554432,384.76,,
0,bench/30gib-9.bin,237,33554432,346.10,,
0,bench/30gib-9.bin,238,33554432,371.13,,
0,bench/30gib-9.bin,239,33554432,379.30,,
0,bench/30gib-9.bin,240,33554432,499.09,,
0,bench/30gib-9.bin,241,33554432,427.11,,
0,bench/30gib-9.bin,242,33554432,395.63,,
0,bench/30gib-9.bin,243,33554432,1196.68,,
0,bench/30gib-9.bin,244,33554432,374.89,,
0,bench/30gib-9.bin,245,33554432,432.73,,
0,bench/30gib-9.bin,246,33554432,393.99,,
0,bench/30gib-9.bin,247,33554432,434.46,,
0,bench/30gib-9.bin,248,33554432,349.12,,
0,bench/30gib-9.bin,249,33554432,559.25,,
0,bench/30gib-9.bin,250,33554432,363.92,,
0,bench/30gib-9.bin,251,33554432,358.72,,
0,bench/30gib-9.bin,252,33554432,341.10,,
0,bench/30gib-9.bin,253,33554432,412.20,,
0,bench/30gib-9.bin,254,33554432,360.72,,
0,bench/30gib-9.bin,255,33554432,464.22,,
0,bench/30gib-9.bin,256,33554432,349.77,,
0,bench/30gib-9.bin,257,33554432,341.61,,
0,bench/30gib-9.bin,258,33554432,428.06,,
0,bench/30gib-9.bin,259,33554432,384.04,,
0,bench/30gib-9.bin,260,33554432,500.31,,
0,bench/30gib-9.bin,261,33554432,362.04,,
0,bench/30gib-9.bin,262,33554432,393.92,,
0,bench/30gib-9.bin,263,33554432,382.74,,
0,bench/30gib-9.bin,264,33554432,368.41,,
0,bench/30gib-9.bin,265,33554432,353.34,,
0,bench/30gib-9.bin,266,33554432,487.08,,
0,bench/30gib-9.bin,267,33554432,376.53,,
0,bench/30gib-9.bin,268,33554432,351.41,,
0,bench/30gib-9.bin,269,33554432,398.96,,
0,bench/30gib-9.bin,270,33554432,390.59,,
0,bench/30gib-9.bin,271,33554432,611.10,,
0,bench/30gib-9.bin,272,33554432,341.69,,
0,bench/30gib-9.bin,273,33554432,371.67,,
0,bench/30gib-9.bin,274,33554432,499.24,,
0,bench/30gib-9.bin,275,33554432,403.29,,
0,bench/30gib-9.bin,276,33554432,474.70,,
0,bench/30gib-9.bin,277,33554432,376.84,,
0,bench/30gib-9.bin,278,33554432,343.25,,
0,bench/30gib-9.bin,279,33554432,345.12,,
0,bench/30gib-9.bin,280,33554432,1161.11,,
0,bench/30gib-9.bin,281,33554432,342.28,,
0,bench/30gib-9.bin,282,33554432,528.92,,
0,bench/30gib-9.bin,283,33554432,433.80,,
0,bench/30gib-9.bin,284,33554432,358.96,,
0,bench/30gib-9.bin,285,33554432,387.20,,
0,bench/30gib-9.bin,286,33554432,400.19,,
0,bench/30gib-9.bin,287,33554432,358.83,,
0,bench/30gib-9.bin,288,33554432,564.06,,
0,bench/30gib-9.bin,289,33554432,344.13,,
0,bench/30gib-9.bin,290,33554432,487.11,,
0,bench/30gib-9.bin,291,33554432,482.29,,
0,bench/30gib-9.bin,292,33554432,386.51,,
0,bench/30gib-9.bin,293,33554432,542.82,,
0,bench/30gib-9.bin,294,33554432,413.98,,
0,bench/30gib-9.bin,295,33554432,395.97,,
0,bench/30gib-9.bin,296,33554432,444.39,,
0,bench/30gib-9.bin,297,33554432,361.48,,
0,bench/30gib-9.bin,298,33554432,625.53,,
0,bench/30gib-9.bin,299,33554432,466.53,,
0,bench/30gib-9.bin,300,33554432,373.51,,
0,bench/30gib-9.bin,301,33554432,505.84,,
0,bench/30gib-9.bin,302,33554432,343.76,,
0,bench/30gib-9.bin,303,33554432,409.73,,
0,bench/30gib-9.bin,304,33554432,395.45,,
0,bench/30gib-9.bin,305,33554432,350.35,,
0,bench/30gib-9.bin,306,33554432,448.77,,
0,bench/30gib-9.bin,307,33554432,369.45,,
0,bench/30gib-9.bin,308,33554432,402.39,,
0,bench/30gib-9.bin,309,33554432,480.72,,
0,bench/30gib-9.bin,310,33554432,476.23,,
0,bench/30gib-9.bin,311,33554432,343.64,,
0,bench/30gib-9.bin,312,33554432,612.19,,
0,bench/30gib-9.bin,313,33554432,344.29,,
0,bench/30gib-9.bin,314,33554432,343.27,,
0,bench/30gib-9.bin,315,33554432,482.48,,
0,bench/30gib-9.bin,316,33554432,342.70,,
0,bench/30gib-9.bin,317,33554432,341.08,,
0,bench/30gib-9.bin,318,33554432,482.28,,
0,bench/30gib-9.bin,319,33554432,414.38,,
0,bench/30gib-9.bin,320,33554432,418.30,,
0,bench/30gib-9.bin,321,33554432,708.81,,
0,bench/30gib-9.bin,322,33554432,367.28,,
0,bench/30gib-9.bin,323,33554432,455.08,,
0,bench/30gib-9.bin,324,33554432,475.61,,
0,bench/30gib-9.bin,325,33554432,350.76,,
0,bench/30gib-9.bin,326,33554432,346.48,,
0,bench/30gib-9.bin,327,33554432,1056.76,,
0,bench/30gib-9.bin,328,33554432,376.45,,
0,bench/30gib-9.bin,329,33554432,365.04,,
0,bench/30gib-9.bin,330,33554432,463.70,,
0,bench/30gib-9.bin,331,33554432,622.44,,
0,bench/30gib-9.bin,332,33554432,417.52,,
0,bench/30gib-9.bin,333,33554432,434.69,,
0,bench/30gib-9.bin,334,33554432,343.75,,
0,bench/30gib-9.bin,335,33554432,450.12,,
0,bench/30gib-9.bin,336,33554432,430.12,,
0,bench/30gib-9.bin,337,33554432,351.24,,
0,bench/30gib-9.bin,338,33554432,345.00,,
0,bench/30gib-9.bin,339,33554432,374.12,,
0,bench/30gib-9.bin,340,33554432,463.67,,
0,bench/30gib-9.bin,341,33554432,446.77,,
0,bench/30gib-9.bin,342,33554432,396.72,,
0,bench/30gib-9.bin,343,33554432,407.81,,
0,bench/30gib-9.bin,344,33554432,487.75,,
0,bench/30gib-9.bin,345,33554432,347.36,,
0,bench/30gib-9.bin,346,33554432,430.05,,
0,bench/30gib-9.bin,347,33554432,347.00,,
0,bench/30gib-9.bin,348,33554432,386.28,,
0,bench/30gib-9.bin,349,33554432,340.61,,
0,bench/30gib-9.bin,350,33554432,467.54,,
0,bench/30gib-9.bin,351,33554432,470.07,,
0,bench/30gib-9.bin,352,33554432,483.85,,
0,bench/30gib-9.bin,353,33554432,343.16,,
0,bench/30gib-9.bin,354,33554432,1421.45,,
0,bench/30gib-9.bin,355,33554432,588.82,,
0,bench/30gib-9.bin,356,33554432,440.89,,
0,bench/30gib-9.bin,357,33554432,341.74,,
0,bench/30gib-9.bin,358,33554432,485.56,,
0,bench/30gib-9.bin,359,33554432,352.35,,
0,bench/30gib-9.bin,360,33554432,401.02,,
0,bench/30gib-9.bin,361,33554432,477.65,,
0,bench/30gib-9.bin,362,33554432,511.11,,
0,bench/30gib-9.bin,363,33554432,355.69,,
0,bench/30gib-9.bin,364,33554432,427.11,,
0,bench/30gib-9.bin,365,33554432,390.42,,
0,bench/30gib-9.bin,366,33554432,363.42,,
0,bench/30gib-9.bin,367,33554432,450.05,,
0,bench/30gib-9.bin,368,33554432,453.18,,
0,bench/30gib-9.bin,369,33554432,343.01,,
0,bench/30gib-9.bin,370,33554432,365.18,,
0,bench/30gib-9.bin,371,33554432,354.85,,
0,bench/30gib-9.bin,372,33554432,361.32,,
0,bench/30gib-9.bin,373,33554432,342.05,,
0,bench/30gib-9.bin,374,33554432,350.49,,
0,bench/30gib-9.bin,375,33554432,346.73,,
0,bench/30gib-9.bin,376,33554432,646.03,,
0,bench/30gib-9.bin,377,33554432,340.57,,
0,bench/30gib-9.bin,378,33554432,342.39,,
0,bench/30gib-9.bin,379,33554432,359.81,,
0,bench/30gib-9.bin,380,33554432,376.75,,
0,bench/30gib-9.bin,381,33554432,556.07,,
0,bench/30gib-9.bin,382,33554432,717.61,,
0,bench/30gib-9.bin,383,33554432,636.82,,
0,bench/30gib-9.bin,384,33554432,396.97,,
0,bench/30gib-9.bin,385,33554432,433.35,,
0,bench/30gib-9.bin,386,33554432,361.17,,
0,bench/30gib-9.bin,387,33554432,382.77,,
0,bench/30gib-9.bin,388,33554432,381.75,,
0,bench/30gib-9.bin,389,33554432,346.11,,
0,bench/30gib-9.bin,390,33554432,462.23,,
0,bench/30gib-9.bin,391,33554432,351.34,,
0,bench/30gib-9.bin,392,33554432,555.78,,
0,bench/30gib-9.bin,393,33554432,346.50,,
0,bench/30gib-9.bin,394,33554432,343.19,,
0,bench/30gib-9.bin,395,33554432,489.86,,
0,bench/30gib-9.bin,396,33554432,342.95,,
0,bench/30gib-9.bin,397,33554432,591.74,,
0,bench/30gib-9.bin,398,33554432,343.09,,
0,bench/30gib-9.bin,399,33554432,519.51,,
0,bench/30gib-9.bin,400,33554432,504.01,,
0,bench/30gib-9.bin,401,33554432,396.81,,
0,bench/30gib-9.bin,402,33554432,342.30,,
0,bench/30gib-9.bin,403,33554432,354.64,,
0,bench/30gib-9.bin,404,33554432,401.73,,
0,bench/30gib-9.bin,405,33554432,371.17,,
0,bench/30gib-9.bin,406,33554432,390.91,,
0,bench/30gib-9.bin,407,33554432,460.52,,
0,bench/30gib-9.bin,408,33554432,532.13,,
0,bench/30gib-9.bin,409,33554432,357.98,,
0,bench/30gib-9.bin,410,33554432,343.76,,
0,bench/30gib-9.bin,411,33554432,587.69,,
0,bench/30gib-9.bin,412,33554432,533.41,,
0,bench/30gib-9.bin,413,33554432,382.94,,
0,bench/30gib-9.bin,414,33554432,513.26,,
0,bench/30gib-9.bin,415,33554432,534.93,,
0,bench/30gib-9.bin,416,33554432,419.20,,
0,bench/30gib-9.bin,417,33554432,395.84,,
0,bench/30gib-9.bin,418,33554432,342.18,,
0,bench/30gib-9.bin,419,33554432,348.66,,
0,bench/30gib-9.bin,420,33554432,423.62,,
0,bench/30gib-9.bin,421,33554432,393.52,,
0,bench/30gib-9.bin,422,33554432,942.85,,
0,bench/30gib-9.bin,423,33554432,343.56,,
0,bench/30gib-9.bin,424,33554432,471.41,,
0,bench/30gib-9.bin,425,33554432,348.06,,
0,bench/30gib-9.bin,426,33554432,419.04,,
0,bench/30gib-9.bin,427,33554432,480.29,,
0,bench/30gib-9.bin,428,33554432,373.59,,
0,bench/30gib-9.bin,429,33554432,346.92,,
0,bench/30gib-9.bin,430,33554432,353.16,,
0,bench/30gib-9.bin,431,33554432,499.11,,
0,bench/30gib-9.bin,432,33554432,439.24,,
0,bench/30gib-9.bin,433,33554432,368.06,,
0,bench/30gib-9.bin,434,33554432,377.86,,
0,bench/30gib-9.bin,435,33554432,341.64,,
0,bench/30gib-9.bin,436,33554432,374.98,,
0,bench/30gib-9.bin,437,33554432,340.65,,
0,bench/30gib-9.bin,438,33554432,382.08,,
0,bench/30gib-9.bin,439,33554432,400.88,,
0,bench/30gib-9.bin,440,33554432,367.84,,
0,bench/30gib-9.bin,441,33554432,434.84,,
0,bench/30gib-9.bin,442,33554432,346.35,,
0,bench/30gib-9.bin,443,33554432,427.26,,
0,bench/30gib-9.bin,444,33554432,685.78,,
0,bench/30gib-9.bin,445,33554432,544.42,,
0,bench/30gib-9.bin,446,33554432,420.45,,
0,bench/30gib-9.bin,447,33554432,445.98,,
0,bench/30gib-9.bin,448,33554432,459.27,,
0,bench/30gib-9.bin,449,33554432,547.51,,
0,bench/30gib-9.bin,450,33554432,339.01,,
0,bench/30gib-9.bin,451,33554432,497.73,,
0,bench/30gib-9.bin,452,33554432,389.36,,
0,bench/30gib-9.bin,453,33554432,709.86,,
0,bench/30gib-9.bin,454,33554432,461.19,,
0,bench/30gib-9.bin,455,33554432,386.01,,
0,bench/30gib-9.bin,456,33554432,348.42,,
0,bench/30gib-9.bin,457,33554432,342.15,,
0,bench/30gib-9.bin,458,33554432,435.39,,
0,bench/30gib-9.bin,459,33554432,463.57,,
0,bench/30gib-9.bin,460,33554432,445.95,,
0,bench/30gib-9.bin,461,33554432,612.67,,
0,bench/30gib-9.bin,462,33554432,360.63,,
0,bench/30gib-9.bin,463,33554432,484.84,,
0,bench/30gib-9.bin,464,33554432,524.61,,
0,bench/30gib-9.bin,465,33554432,448.19,,
0,bench/30gib-9.bin,466,33554432,427.69,,
0,bench/30gib-9.bin,467,33554432,427.67,,
0,bench/30gib-9.bin,468,33554432,420.65,,
0,bench/30gib-9.bin,469,33554432,341.69,,
0,bench/30gib-9.bin,470,33554432,349.63,,
0,bench/30gib-9.bin,471,33554432,381.73,,
0,bench/30gib-9.bin,472,33554432,484.82,,
0,bench/30gib-9.bin,473,33554432,340.36,,
0,bench/30gib-9.bin,474,33554432,564.19,,
0,bench/30gib-9.bin,475,33554432,344.24,,
0,bench/30gib-9.bin,476,33554432,371.58,,
0,bench/30gib-9.bin,477,33554432,344.85,,
0,bench/30gib-9.bin,478,33554432,419.93,,
0,bench/30gib-9.bin,479,33554432,370.81,,
0,bench/30gib-9.bin,480,33554432,348.27,,
0,bench/30gib-9.bin,481,33554432,363.85,,
0,bench/30gib-9.bin,482,33554432,480.16,,
0,bench/30gib-9.bin,483,33554432,388.13,,
0,bench/30gib-9.bin,484,33554432,474.33,,
0,bench/30gib-9.bin,485,33554432,385.76,,
0,bench/30gib-9.bin,486,33554432,546.67,,
0,bench/30gib-9.bin,487,33554432,503.75,,
0,bench/30gib-9.bin,488,33554432,412.73,,
0,bench/30gib-9.bin,489,33554432,431.94,,
0,bench/30gib-9.bin,490,33554432,361.54,,
0,bench/30gib-9.bin,491,33554432,346.34,,
0,bench/30gib-9.bin,492,33554432,370.86,,
0,bench/30gib-9.bin,493,33554432,424.52,,
0,bench/30gib-9.bin,494,33554432,379.93,,
0,bench/30gib-9.bin,495,33554432,342.86,,
0,bench/30gib-9.bin,496,33554432,527.46,,
0,bench/30gib-9.bin,497,33554432,372.49,,
0,bench/30gib-9.bin,498,33554432,348.62,,
0,bench/30gib-9.bin,499,33554432,393.70,,
0,bench/30gib-9.bin,500,33554432,343.68,,
0,bench/30gib-9.bin,501,33554432,344.79,,
0,bench/30gib-9.bin,502,33554432,350.39,,
0,bench/30gib-9.bin,503,33554432,1124.09,,
0,bench/30gib-9.bin,504,33554432,460.59,,
0,bench/30gib-9.bin,505,33554432,444.59,,
0,bench/30gib-9.bin,506,33554432,437.07,,
0,bench/30gib-9.bin,507,33554432,373.94,,
0,bench/30gib-9.bin,508,33554432,629.14,,
0,bench/30gib-9.bin,509,33554432,341.14,,
0,bench/30gib-9.bin,510,33554432,538.76,,
0,bench/30gib-9.bin,511,33554432,497.10,,
0,bench/30gib-9.bin,512,33554432,384.77,,
0,bench/30gib-9.bin,513,33554432,351.49,,
0,bench/30gib-9.bin,514,33554432,512.79,,
0,bench/30gib-9.bin,515,33554432,382.68,,
0,bench/30gib-9.bin,516,33554432,369.38,,
0,bench/30gib-9.bin,517,33554432,345.22,,
0,bench/30gib-9.bin,518,33554432,570.74,,
0,bench/30gib-9.bin,519,33554432,355.52,,
0,bench/30gib-9.bin,520,33554432,340.58,,
0,bench/30gib-9.bin,521,33554432,389.77,,
0,bench/30gib-9.bin,522,33554432,349.15,,
0,bench/30gib-9.bin,523,33554432,426.57,,
0,bench/30gib-9.bin,524,33554432,360.59,,
0,bench/30gib-9.bin,525,33554432,363.42,,
0,bench/30gib-9.bin,526,33554432,340.65,,
0,bench/30gib-9.bin,527,33554432,734.67,,
0,bench/30gib-9.bin,528,33554432,344.90,,
0,bench/30gib-9.bin,529,33554432,366.61,,
0,bench/30gib-9.bin,530,33554432,357.16,,
0,bench/30gib-9.bin,531,33554432,409.63,,
0,bench/30gib-9.bin,532,33554432,400.61,,
0,bench/30gib-9.bin,533,33554432,342.19,,
0,bench/30gib-9.bin,534,33554432,420.50,,
0,bench/30gib-9.bin,535,33554432,447.57,,
0,bench/30gib-9.bin,536,33554432,561.99,,
0,bench/30gib-9.bin,537,33554432,341.09,,
0,bench/30gib-9.bin,538,33554432,448.11,,
0,bench/30gib-9.bin,539,33554432,343.57,,
0,bench/30gib-9.bin,540,33554432,435.12,,
0,bench/30gib-9.bin,541,33554432,461.23,,
0,bench/30gib-9.bin,542,33554432,465.31,,
0,bench/30gib-9.bin,543,33554432,682.77,,
0,bench/30gib-9.bin,544,33554432,356.38,,
0,bench/30gib-9.bin,545,33554432,489.76,,
0,bench/30gib-9.bin,546,33554432,346.22,,
0,bench/30gib-9.bin,547,33554432,391.50,,
0,bench/30gib-9.bin,548,33554432,535.45,,
0,bench/30gib-9.bin,549,33554432,403.99,,
0,bench/30gib-9.bin,550,33554432,394.24,,
0,bench/30gib-9.bin,551,33554432,382.05,,
0,bench/30gib-9.bin,552,33554432,378.99,,
0,bench/30gib-9.bin,553,33554432,351.37,,
0,bench/30gib-9.bin,554,33554432,340.77,,
0,bench/30gib-9.bin,555,33554432,396.78,,
0,bench/30gib-9.bin,556,33554432,382.06,,
0,bench/30gib-9.bin,557,33554432,367.45,,
0,bench/30gib-9.bin,558,33554432,410.66,,
0,bench/30gib-9.bin,559,33554432,340.15,,
0,bench/30gib-9.bin,560,33554432,465.79,,
0,bench/30gib-9.bin,561,33554432,341.89,,
0,bench/30gib-9.bin,562,33554432,583.32,,
0,bench/30gib-9.bin,563,33554432,414.79,,
0,bench/30gib-9.bin,564,33554432,476.95,,
0,bench/30gib-9.bin,565,33554432,403.53,,
0,bench/30gib-9.bin,566,33554432,484.92,,
0,bench/30gib-9.bin,567,33554432,342.15,,
0,bench/30gib-9.bin,568,33554432,433.70,,
0,bench/30gib-9.bin,569,33554432,525.56,,
0,bench/30gib-9.bin,570,33554432,349.12,,
0,bench/30gib-9.bin,571,33554432,764.12,,
0,bench/30gib-9.bin,572,33554432,341.09,,
0,bench/30gib-9.bin,573,33554432,496.64,,
0,bench/30gib-9.bin,574,33554432,366.08,,
0,bench/30gib-9.bin,575,33554432,344.08,,
0,bench/30gib-9.bin,576,33554432,443.58,,
0,bench/30gib-9.bin,577,33554432,738.07,,
0,bench/30gib-9.bin,578,33554432,471.97,,
0,bench/30gib-9.bin,579,33554432,526.51,,
0,bench/30gib-9.bin,580,33554432,443.81,,
0,bench/30gib-9.bin,581,33554432,437.70,,
0,bench/30gib-9.bin,582,33554432,343.27,,
0,bench/30gib-9.bin,583,33554432,578.41,,
0,bench/30gib-9.bin,584,33554432,341.33,,
0,bench/30gib-9.bin,585,33554432,714.11,,
0,bench/30gib-9.bin,586,33554432,350.99,,
0,bench/30gib-9.bin,587,33554432,366.36,,
0,bench/30gib-9.bin,588,33554432,479.64,,
0,bench/30gib-9.bin,589,33554432,347.36,,
0,bench/30gib-9.bin,590,33554432,507.18,,
0,bench/30gib-9.bin,591,33554432,344.50,,
0,bench/30gib-9.bin,592,33554432,345.91,,
0,bench/30gib-9.bin,593,33554432,349.99,,
0,bench/30gib-9.bin,594,33554432,570.95,,
0,bench/30gib-9.bin,595,33554432,361.83,,
0,bench/30gib-9.bin,596,33554432,402.90,,
0,bench/30gib-9.bin,597,33554432,357.34,,
0,bench/30gib-9.bin,598,33554432,367.39,,
0,bench/30gib-9.bin,599,33554432,356.63,,
0,bench/30gib-9.bin,600,33554432,399.51,,
0,bench/30gib-9.bin,601,33554432,559.16,,
0,bench/30gib-9.bin,602,33554432,349.56,,
0,bench/30gib-9.bin,603,33554432,460.18,,
0,bench/30gib-9.bin,604,33554432,340.41,,
0,bench/30gib-9.bin,605,33554432,652.43,,
0,bench/30gib-9.bin,606,33554432,344.01,,
0,bench/30gib-9.bin,607,33554432,384.45,,
0,bench/30gib-9.bin,608,33554432,341.54,,
0,bench/30gib-9.bin,609,33554432,359.82,,
0,bench/30gib-9.bin,610,33554432,385.00,,
0,bench/30gib-9.bin,611,33554432,342.98,,
0,bench/30gib-9.bin,612,33554432,540.79,,
0,bench/30gib-9.bin,613,33554432,345.40,,
0,bench/30gib-9.bin,614,33554432,385.49,,
0,bench/30gib-9.bin,615,33554432,345.58,,
0,bench/30gib-9.bin,616,33554432,589.90,,
0,bench/30gib-9.bin,617,33554432,422.98,,
0,bench/30gib-9.bin,618,33554432,378.80,,
0,bench/30gib-9.bin,619,33554432,417.69,,
0,bench/30gib-9.bin,620,33554432,451.98,,
0,bench/30gib-9.bin,621,33554432,341.92,,
0,bench/30gib-9.bin,622,33554432,380.82,,
0,bench/30gib-9.bin,623,33554432,515.13,,
0,bench/30gib-9.bin,624,33554432,411.31,,
0,bench/30gib-9.bin,625,33554432,612.87,,
0,bench/30gib-9.bin,626,33554432,367.18,,
0,bench/30gib-9.bin,627,33554432,340.88,,
0,bench/30gib-9.bin,628,33554432,522.77,,
0,bench/30gib-9.bin,629,33554432,463.41,,
0,bench/30gib-9.bin,630,33554432,356.56,,
0,bench/30gib-9.bin,631,33554432,556.26,,
0,bench/30gib-9.bin,632,33554432,357.91,,
0,bench/30gib-9.bin,633,33554432,454.10,,
0,bench/30gib-9.bin,634,33554432,526.76,,
0,bench/30gib-9.bin,635,33554432,345.34,,
0,bench/30gib-9.bin,636,33554432,346.20,,
0,bench/30gib-9.bin,637,33554432,342.61,,
0,bench/30gib-9.bin,638,33554432,345.07,,
0,bench/30gib-9.bin,639,33554432,377.64,,
0,bench/30gib-9.bin,640,33554432,439.80,,
0,bench/30gib-9.bin,641,33554432,416.59,,
0,bench/30gib-9.bin,642,33554432,395.24,,
0,bench/30gib-9.bin,643,33554432,345.42,,
0,bench/30gib-9.bin,644,33554432,342.69,,
0,bench/30gib-9.bin,645,33554432,424.75,,
0,bench/30gib-9.bin,646,33554432,370.98,,
0,bench/30gib-9.bin,647,33554432,468.46,,
0,bench/30gib-9.bin,648,33554432,475.33,,
0,bench/30gib-9.bin,649,33554432,527.13,,
0,bench/30gib-9.bin,650,33554432,376.15,,
0,bench/30gib-9.bin,651,33554432,433.71,,
0,bench/30gib-9.bin,652,33554432,349.25,,
0,bench/30gib-9.bin,653,33554432,480.57,,
0,bench/30gib-9.bin,654,33554432,507.21,,
0,bench/30gib-9.bin,655,33554432,367.69,,
0,bench/30gib-9.bin,656,33554432,340.49,,
0,bench/30gib-9.bin,657,33554432,516.40,,
0,bench/30gib-9.bin,658,33554432,481.66,,
0,bench/30gib-9.bin,659,33554432,385.90,,
0,bench/30gib-9.bin,660,33554432,368.02,,
0,bench/30gib-9.bin,661,33554432,489.16,,
0,bench/30gib-9.bin,662,33554432,501.70,,
0,bench/30gib-9.bin,663,33554432,392.79,,
0,bench/30gib-9.bin,664,33554432,343.56,,
0,bench/30gib-9.bin,665,33554432,463.73,,
0,bench/30gib-9.bin,666,33554432,352.50,,
0,bench/30gib-9.bin,667,33554432,493.18,,
0,bench/30gib-9.bin,668,33554432,342.47,,
0,bench/30gib-9.bin,669,33554432,353.01,,
0,bench/30gib-9.bin,670,33554432,416.71,,
0,bench/30gib-9.bin,671,33554432,351.16,,
0,bench/30gib-9.bin,672,33554432,344.26,,
0,bench/30gib-9.bin,673,33554432,367.08,,
0,bench/30gib-9.bin,674,33554432,429.63,,
0,bench/30gib-9.bin,675,33554432,484.95,,
0,bench/30gib-9.bin,676,33554432,373.00,,
0,bench/30gib-9.bin,677,33554432,364.70,,
0,bench/30gib-9.bin,678,33554432,361.33,,
0,bench/30gib-9.bin,679,33554432,804.35,,
0,bench/30gib-9.bin,680,33554432,482.08,,
0,bench/30gib-9.bin,681,33554432,519.26,,
0,bench/30gib-9.bin,682,33554432,412.98,,
0,bench/30gib-9.bin,683,33554432,570.60,,
0,bench/30gib-9.bin,684,33554432,341.16,,
0,bench/30gib-9.bin,685,33554432,346.33,,
0,bench/30gib-9.bin,686,33554432,367.04,,
0,bench/30gib-9.bin,687,33554432,373.24,,
0,bench/30gib-9.bin,688,33554432,540.35,,
0,bench/30gib-9.bin,689,33554432,470.95,,
0,bench/30gib-9.bin,690,33554432,411.29,,
0,bench/30gib-9.bin,691,33554432,427.33,,
0,bench/30gib-9.bin,692,33554432,371.30,,
0,bench/30gib-9.bin,693,33554432,445.69,,
0,bench/30gib-9.bin,694,33554432,446.44,,
0,bench/30gib-9.bin,695,33554432,345.17,,
0,bench/30gib-9.bin,696,33554432,497.92,,
0,bench/30gib-9.bin,697,33554432,348.30,,
0,bench/30gib-9.bin,698,33554432,393.36,,
0,bench/30gib-9.bin,699,33554432,486.78,,
0,bench/30gib-9.bin,700,33554432,493.28,,
0,bench/30gib-9.bin,701,33554432,516.01,,
0,bench/30gib-9.bin,702,33554432,637.66,,
0,bench/30gib-9.bin,703,33554432,532.50,,
0,bench/30gib-9.bin,704,33554432,375.68,,
0,bench/30gib-9.bin,705,33554432,416.71,,
0,bench/30gib-9.bin,706,33554432,390.33,,
0,bench/30gib-9.bin,707,33554432,458.05,,
0,bench/30gib-9.bin,708,33554432,443.15,,
0,bench/30gib-9.bin,709,33554432,526.06,,
0,bench/30gib-9.bin,710,33554432,381.92,,
0,bench/30gib-9.bin,711,33554432,455.03,,
0,bench/30gib-9.bin,712,33554432,473.33,,
0,bench/30gib-9.bin,713,33554432,351.70,,
0,bench/30gib-9.bin,714,33554432,490.72,,
0,bench/30gib-9.bin,715,33554432,367.52,,
0,bench/30gib-9.bin,716,33554432,435.06,,
0,bench/30gib-9.bin,717,33554432,392.58,,
0,bench/30gib-9.bin,718,33554432,398.67,,
0,bench/30gib-9.bin,719,33554432,441.27,,
0,bench/30gib-9.bin,720,33554432,378.19,,
0,bench/30gib-9.bin,721,33554432,455.64,,
0,bench/30gib-9.bin,722,33554432,474.90,,
0,bench/30gib-9.bin,723,33554432,392.62,,
0,bench/30gib-9.bin,724,33554432,393.05,,
0,bench/30gib-9.bin,725,33554432,376.96,,
0,bench/30gib-9.bin,726,33554432,379.01,,
0,bench/30gib-9.bin,727,33554432,484.39,,
0,bench/30gib-9.bin,728,33554432,597.99,,
0,bench/30gib-9.bin,729,33554432,366.96,,
0,bench/30gib-9.bin,730,33554432,339.75,,
0,bench/30gib-9.bin,731,33554432,480.69,,
0,bench/30gib-9.bin,732,33554432,368.61,,
0,bench/30gib-9.bin,733,33554432,342.81,,
0,bench/30gib-9.bin,734,33554432,423.01,,
0,bench/30gib-9.bin,735,33554432,686.40,,
0,bench/30gib-9.bin,736,33554432,418.54,,
0,bench/30gib-9.bin,737,33554432,366.32,,
0,bench/30gib-9.bin,738,33554432,346.67,,
0,bench/30gib-9.bin,739,33554432,537.35,,
0,bench/30gib-9.bin,740,33554432,363.95,,
0,bench/30gib-9.bin,741,33554432,344.03,,
0,bench/30gib-9.bin,742,33554432,349.86,,
0,bench/30gib-9.bin,743,33554432,374.98,,
0,bench/30gib-9.bin,744,33554432,477.29,,
0,bench/30gib-9.bin,745,33554432,382.82,,
0,bench/30gib-9.bin,746,33554432,373.88,,
0,bench/30gib-9.bin,747,33554432,355.65,,
0,bench/30gib-9.bin,748,33554432,340.92,,
0,bench/30gib-9.bin,749,33554432,408.35,,
0,bench/30gib-9.bin,750,33554432,389.23,,
0,bench/30gib-9.bin,751,33554432,345.29,,
0,bench/30gib-9.bin,752,33554432,341.51,,
0,bench/30gib-9.bin,753,33554432,411.65,,
0,bench/30gib-9.bin,754,33554432,431.08,,
0,bench/30gib-9.bin,755,33554432,394.23,,
0,bench/30gib-9.bin,756,33554432,425.48,,
0,bench/30gib-9.bin,757,33554432,363.91,,
0,bench/30gib-9.bin,758,33554432,453.65,,
0,bench/30gib-9.bin,759,33554432,598.13,,
0,bench/30gib-9.bin,760,33554432,345.11,,
0,bench/30gib-9.bin,761,33554432,461.66,,
0,bench/30gib-9.bin,762,33554432,427.56,,
0,bench/30gib-9.bin,763,33554432,473.51,,
0,bench/30gib-9.bin,764,33554432,345.75,,
0,bench/30gib-9.bin,765,33554432,369.24,,
0,bench/30gib-9.bin,766,33554432,422.80,,
0,bench/30gib-9.bin,767,33554432,342.91,,
0,bench/30gib-9.bin,768,33554432,392.27,,
0,bench/30gib-9.bin,769,33554432,399.73,,
0,bench/30gib-9.bin,770,33554432,340.82,,
0,bench/30gib-9.bin,771,33554432,342.36,,
0,bench/30gib-9.bin,772,33554432,451.91,,
0,bench/30gib-9.bin,773,33554432,374.35,,
0,bench/30gib-9.bin,774,33554432,455.82,,
0,bench/30gib-9.bin,775,33554432,420.03,,
0,bench/30gib-9.bin,776,33554432,417.95,,
0,bench/30gib-9.bin,777,33554432,370.92,,
0,bench/30gib-9.bin,778,33554432,374.03,,
0,bench/30gib-9.bin,779,33554432,342.83,,
0,bench/30gib-9.bin,780,33554432,351.06,,
0,bench/30gib-9.bin,781,33554432,352.83,,
0,bench/30gib-9.bin,782,33554432,353.26,,
0,bench/30gib-9.bin,783,33554432,348.77,,
0,bench/30gib-9.bin,784,33554432,398.00,,
0,bench/30gib-9.bin,785,33554432,343.28,,
0,bench/30gib-9.bin,786,33554432,347.77,,
0,bench/30gib-9.bin,787,33554432,384.49,,
0,bench/30gib-9.bin,788,33554432,422.41,,
0,bench/30gib-9.bin,789,33554432,518.60,,
0,bench/30gib-9.bin,790,33554432,348.83,,
0,bench/30gib-9.bin,791,33554432,379.54,,
0,bench/30gib-9.bin,792,33554432,447.08,,
0,bench/30gib-9.bin,793,33554432,348.51,,
0,bench/30gib-9.bin,794,33554432,343.50,,
0,bench/30gib-9.bin,795,33554432,519.92,,
0,bench/30gib-9.bin,796,33554432,454.09,,
0,bench/30gib-9.bin,797,33554432,386.38,,
0,bench/30gib-9.bin,798,33554432,342.55,,
0,bench/30gib-9.bin,799,33554432,409.55,,
0,bench/30gib-9.bin,800,33554432,344.74,,
0,bench/30gib-9.bin,801,33554432,629.62,,
0,bench/30gib-9.bin,802,33554432,523.96,,
0,bench/30gib-9.bin,803,33554432,1019.24,,
0,bench/30gib-9.bin,804,33554432,469.90,,
0,bench/30gib-9.bin,805,33554432,342.10,,
0,bench/30gib-9.bin,806,33554432,413.87,,
0,bench/30gib-9.bin,807,33554432,342.05,,
0,bench/30gib-9.bin,808,33554432,492.01,,
0,bench/30gib-9.bin,809,33554432,366.95,,
0,bench/30gib-9.bin,810,33554432,602.79,,
0,bench/30gib-9.bin,811,33554432,496.25,,
0,bench/30gib-9.bin,812,33554432,509.39,,
0,bench/30gib-9.bin,813,33554432,344.45,,
0,bench/30gib-9.bin,814,33554432,433.43,,
0,bench/30gib-9.bin,815,33554432,512.73,,
0,bench/30gib-9.bin,816,33554432,519.70,,
0,bench/30gib-9.bin,817,33554432,768.08,,
0,bench/30gib-9.bin,818,33554432,342.06,,
0,bench/30gib-9.bin,819,33554432,432.03,,
0,bench/30gib-9.bin,820,33554432,476.54,,
0,bench/30gib-9.bin,821,33554432,344.56,,
0,bench/30gib-9.bin,822,33554432,423.71,,
0,bench/30gib-9.bin,823,33554432,463.48,,
0,bench/30gib-9.bin,824,33554432,343.31,,
0,bench/30gib-9.bin,825,33554432,362.81,,
0,bench/30gib-9.bin,826,33554432,492.88,,
0,bench/30gib-9.bin,827,33554432,406.16,,
0,bench/30gib-9.bin,828,33554432,343.07,,
0,bench/30gib-9.bin,829,33554432,406.75,,
0,bench/30gib-9.bin,830,33554432,343.34,,
0,bench/30gib-9.bin,831,33554432,372.06,,
0,bench/30gib-9.bin,832,33554432,346.04,,
0,bench/30gib-9.bin,833,33554432,480.88,,
0,bench/30gib-9.bin,834,33554432,352.27,,
0,bench/30gib-9.bin,835,33554432,417.21,,
0,bench/30gib-9.bin,836,33554432,508.18,,
0,bench/30gib-9.bin,837,33554432,357.46,,
0,bench/30gib-9.bin,838,33554432,352.57,,
0,bench/30gib-9.bin,839,33554432,396.61,,
0,bench/30gib-9.bin,840,33554432,342.48,,
0,bench/30gib-9.bin,841,33554432,430.60,,
0,bench/30gib-9.bin,842,33554432,350.37,,
0,bench/30gib-9.bin,843,33554432,343.38,,
0,bench/30gib-9.bin,844,33554432,346.51,,
0,bench/30gib-9.bin,845,33554432,473.02,,
0,bench/30gib-9.bin,846,33554432,364.37,,
0,bench/30gib-9.bin,847,33554432,519.94,,
0,bench/30gib-9.bin,848,33554432,500.59,,
0,bench/30gib-9.bin,849,33554432,364.73,,
0,bench/30gib-9.bin,850,33554432,344.13,,
0,bench/30gib-9.bin,851,33554432,372.47,,
0,bench/30gib-9.bin,852,33554432,438.97,,
0,bench/30gib-9.bin,853,33554432,341.62,,
0,bench/30gib-9.bin,854,33554432,345.25,,
0,bench/30gib-9.bin,855,33554432,597.93,,
0,bench/30gib-9.bin,856,33554432,340.82,,
0,bench/30gib-9.bin,857,33554432,342.91,,
0,bench/30gib-9.bin,858,33554432,619.14,,
0,bench/30gib-9.bin,859,33554432,403.24,,
0,bench/30gib-9.bin,860,33554432,365.45,,
0,bench/30gib-9.bin,861,33554432,352.02,,
0,bench/30gib-9.bin,862,33554432,352.49,,
0,bench/30gib-9.bin,863,33554432,468.18,,
0,bench/30gib-9.bin,864,33554432,686.74,,
0,bench/30gib-9.bin,865,33554432,342.34,,
0,bench/30gib-9.bin,866,33554432,356.95,,
0,bench/30gib-9.bin,867,33554432,409.13,,
0,bench/30gib-9.bin,868,33554432,480.84,,
0,bench/30gib-9.bin,869,33554432,394.89,,
0,bench/30gib-9.bin,870,33554432,341.15,,
0,bench/30gib-9.bin,871,33554432,366.66,,
0,bench/30gib-9.bin,872,33554432,476.31,,
0,bench/30gib-9.bin,873,33554432,344.34,,
0,bench/30gib-9.bin,874,33554432,344.58,,
0,bench/30gib-9.bin,875,33554432,351.63,,
0,bench/30gib-9.bin,876,33554432,346.67,,
0,bench/30gib-9.bin,877,33554432,396.10,,
0,bench/30gib-9.bin,878,33554432,961.22,,
0,bench/30gib-9.bin,879,33554432,387.68,,
0,bench/30gib-9.bin,880,33554432,450.85,,
0,bench/30gib-9.bin,881,33554432,365.80,,
0,bench/30gib-9.bin,882,33554432,541.90,,
0,bench/30gib-9.bin,883,33554432,347.45,,
0,bench/30gib-9.bin,884,33554432,344.52,,
0,bench/30gib-9.bin,885,33554432,438.17,,
0,bench/30gib-9.bin,886,33554432,499.64,,
0,bench/30gib-9.bin,887,33554432,496.83,,
0,bench/30gib-9.bin,888,33554432,359.31,,
0,bench/30gib-9.bin,889,33554432,384.17,,
0,bench/30gib-9.bin,890,33554432,511.15,,
0,bench/30gib-9.bin,891,33554432,389.10,,
0,bench/30gib-9.bin,892,33554432,397.52,,
0,bench/30gib-9.bin,893,33554432,362.58,,
0,bench/30gib-9.bin,894,33554432,422.48,,
0,bench/30gib-9.bin,895,33554432,543.37,,
0,bench/30gib-9.bin,896,33554432,341.61,,
0,bench/30gib-9.bin,897,33554432,390.99,,
0,bench/30gib-9.bin,898,33554432,341.65,,
0,bench/30gib-9.bin,899,33554432,371.15,,
0,bench/30gib-9.bin,900,33554432,411.16,,
0,bench/30gib-9.bin,901,33554432,432.12,,
0,bench/30gib-9.bin,902,33554432,340.16,,
0,bench/30gib-9.bin,903,33554432,391.85,,
0,bench/30gib-9.bin,904,33554432,659.55,,
0,bench/30gib-9.bin,905,33554432,342.00,,
0,bench/30gib-9.bin,906,33554432,377.42,,
0,bench/30gib-9.bin,907,33554432,397.35,,
0,bench/30gib-9.bin,908,33554432,372.26,,
0,bench/30gib-9.bin,909,33554432,341.74,,
0,bench/30gib-9.bin,910,33554432,401.01,,
0,bench/30gib-9.bin,911,33554432,451.94,,
0,bench/30gib-9.bin,912,33554432,346.66,,
0,bench/30gib-9.bin,913,33554432,421.78,,
0,bench/30gib-9.bin,914,33554432,374.57,,
0,bench/30gib-9.bin,915,33554432,547.82,,
0,bench/30gib-9.bin,916,33554432,506.09,,
0,bench/30gib-9.bin,917,33554432,457.99,,
0,bench/30gib-9.bin,918,33554432,385.77,,
0,bench/30gib-9.bin,919,33554432,425.84,,
0,bench/30gib-9.bin,920,33554432,403.71,,
0,bench/30gib-9.bin,921,33554432,613.42,,
0,bench/30gib-9.bin,922,33554432,346.67,,
0,bench/30gib-9.bin,923,33554432,387.97,,
0,bench/30gib-9.bin,924,33554432,454.23,,
0,bench/30gib-9.bin,925,33554432,585.55,,
0,bench/30gib-9.bin,926,33554432,348.43,,
0,bench/30gib-9.bin,927,33554432,522.90,,
0,bench/30gib-9.bin,928,33554432,570.12,,
0,bench/30gib-9.bin,929,33554432,504.24,,
0,bench/30gib-9.bin,930,33554432,348.94,,
0,bench/30gib-9.bin,931,33554432,593.95,,
0,bench/30gib-9.bin,932,33554432,457.82,,
0,bench/30gib-9.bin,933,33554432,373.37,,
0,bench/30gib-9.bin,934,33554432,660.49,,
0,bench/30gib-9.bin,935,33554432,345.81,,
0,bench/30gib-9.bin,936,33554432,345.94,,
0,bench/30gib-9.bin,937,33554432,361.04,,
0,bench/30gib-9.bin,938,33554432,342.06,,
0,bench/30gib-9.bin,939,33554432,430.57,,
0,bench/30gib-9.bin,940,33554432,350.33,,
0,bench/30gib-9.bin,941,33554432,372.23,,
0,bench/30gib-9.bin,942,33554432,350.70,,
0,bench/30gib-9.bin,943,33554432,641.85,,
0,bench/30gib-9.bin,944,33554432,342.20,,
0,bench/30gib-9.bin,945,33554432,378.95,,
0,bench/30gib-9.bin,946,33554432,577.72,,
0,bench/30gib-9.bin,947,33554432,440.32,,
0,bench/30gib-9.bin,948,33554432,482.14,,
0,bench/30gib-9.bin,949,33554432,481.48,,
0,bench/30gib-9.bin,950,33554432,417.03,,
0,bench/30gib-9.bin,951,33554432,382.67,,
0,bench/30gib-9.bin,952,33554432,387.66,,
0,bench/30gib-9.bin,953,33554432,355.84,,
0,bench/30gib-9.bin,954,33554432,374.37,,
0,bench/30gib-9.bin,955,33554432,817.60,,
0,bench/30gib-9.bin,956,33554432,343.47,,
0,bench/30gib-9.bin,957,33554432,354.21,,
0,bench/30gib-9.bin,958,33554432,370.52,,
0,bench/30gib-9.bin,959,33554432,444.88,,
0,bench/30gib-9.bin,960,33554432,392.12,,
