iter,key,part_number,bytes,download_ms,vip,conn_id
0,bench/30gib-0.bin,1,33554432,1784.28,,
0,bench/30gib-0.bin,2,33554432,1447.13,,
0,bench/30gib-0.bin,3,33554432,1328.77,,
0,bench/30gib-0.bin,4,33554432,1193.93,,
0,bench/30gib-0.bin,5,33554432,1525.36,,
0,bench/30gib-0.bin,6,33554432,1626.55,,
0,bench/30gib-0.bin,7,33554432,1546.16,,
0,bench/30gib-0.bin,8,33554432,1329.42,,
0,bench/30gib-0.bin,9,33554432,1950.66,,
0,bench/30gib-0.bin,10,33554432,1419.92,,
0,bench/30gib-0.bin,11,33554432,1351.12,,
0,bench/30gib-0.bin,12,33554432,1823.11,,
0,bench/30gib-0.bin,13,33554432,973.12,,
0,bench/30gib-0.bin,14,33554432,1126.52,,
0,bench/30gib-0.bin,15,33554432,1340.55,,
0,bench/30gib-0.bin,16,33554432,1500.37,,
0,bench/30gib-0.bin,17,33554432,1629.08,,
0,bench/30gib-0.bin,18,33554432,1338.04,,
0,bench/30gib-0.bin,19,33554432,1391.51,,
0,bench/30gib-0.bin,20,33554432,1619.08,,
0,bench/30gib-0.bin,21,33554432,1644.10,,
0,bench/30gib-0.bin,22,33554432,1563.15,,
0,bench/30gib-0.bin,23,33554432,1346.89,,
0,bench/30gib-0.bin,24,33554432,1442.23,,
0,bench/30gib-0.bin,25,33554432,1583.88,,
0,bench/30gib-0.bin,26,33554432,1511.64,,
0,bench/30gib-0.bin,27,33554432,1546.65,,
0,bench/30gib-0.bin,28,33554432,1837.97,,
0,bench/30gib-0.bin,29,33554432,1149.03,,
0,bench/30gib-0.bin,30,33554432,1266.52,,
0,bench/30gib-0.bin,31,33554432,1275.30,,
0,bench/30gib-0.bin,32,33554432,1889.26,,
0,bench/30gib-0.bin,33,33554432,2087.37,,
0,bench/30gib-0.bin,34,33554432,1448.76,,
0,bench/30gib-0.bin,35,33554432,1618.42,,
0,bench/30gib-0.bin,36,33554432,1460.69,,
0,bench/30gib-0.bin,37,33554432,583.43,,
0,bench/30gib-0.bin,38,33554432,1006.27,,
0,bench/30gib-0.bin,39,33554432,1149.21,,
0,bench/30gib-0.bin,40,33554432,1118.62,,
0,bench/30gib-0.bin,41,33554432,1048.91,,
0,bench/30gib-0.bin,42,33554432,1047.64,,
0,bench/30gib-0.bin,43,33554432,729.71,,
0,bench/30gib-0.bin,44,33554432,1283.33,,
0,bench/30gib-0.bin,45,33554432,1521.02,,
0,bench/30gib-0.bin,46,33554432,715.29,,
0,bench/30gib-0.bin,47,33554432,684.07,,
0,bench/30gib-0.bin,48,33554432,1235.56,,
0,bench/30gib-0.bin,49,33554432,765.49,,
0,bench/30gib-0.bin,50,33554432,684.59,,
0,bench/30gib-0.bin,51,33554432,945.48,,
0,bench/30gib-0.bin,52,33554432,861.84,,
0,bench/30gib-0.bin,53,33554432,535.23,,
0,bench/30gib-0.bin,54,33554432,749.96,,
0,bench/30gib-0.bin,55,33554432,1119.69,,
0,bench/30gib-0.bin,56,33554432,731.09,,
0,bench/30gib-0.bin,57,33554432,1466.46,,
0,bench/30gib-0.bin,58,33554432,1378.20,,
0,bench/30gib-0.bin,59,33554432,726.96,,
0,bench/30gib-0.bin,60,33554432,570.70,,
0,bench/30gib-0.bin,61,33554432,894.78,,
0,bench/30gib-0.bin,62,33554432,877.00,,
0,bench/30gib-0.bin,63,33554432,886.50,,
0,bench/30gib-0.bin,64,33554432,831.34,,
0,bench/30gib-0.bin,65,33554432,607.77,,
0,bench/30gib-0.bin,66,33554432,1069.72,,
0,bench/30gib-0.bin,67,33554432,848.29,,
0,bench/30gib-0.bin,68,33554432,1100.67,,
0,bench/30gib-0.bin,69,33554432,1039.15,,
0,bench/30gib-0.bin,70,33554432,914.18,,
0,bench/30gib-0.bin,71,33554432,468.03,,
0,bench/30gib-0.bin,72,33554432,547.36,,
0,bench/30gib-0.bin,73,33554432,1038.15,,
0,bench/30gib-0.bin,74,33554432,588.27,,
0,bench/30gib-0.bin,75,33554432,583.31,,
0,bench/30gib-0.bin,76,33554432,668.86,,
0,bench/30gib-0.bin,77,33554432,598.39,,
0,bench/30gib-0.bin,78,33554432,1042.28,,
0,bench/30gib-0.bin,79,33554432,605.19,,
0,bench/30gib-0.bin,80,33554432,465.47,,
0,bench/30gib-0.bin,81,33554432,497.19,,
0,bench/30gib-0.bin,82,33554432,639.85,,
0,bench/30gib-0.bin,83,33554432,509.05,,
0,bench/30gib-0.bin,84,33554432,566.85,,
0,bench/30gib-0.bin,85,33554432,672.96,,
0,bench/30gib-0.bin,86,33554432,755.43,,
0,bench/30gib-0.bin,87,33554432,490.58,,
0,bench/30gib-0.bin,88,33554432,1081.00,,
0,bench/30gib-0.bin,89,33554432,488.07,,
0,bench/30gib-0.bin,90,33554432,855.76,,
0,bench/30gib-0.bin,91,33554432,488.04,,
0,bench/30gib-0.bin,92,33554432,563.73,,
0,bench/30gib-0.bin,93,33554432,485.62,,
0,bench/30gib-0.bin,94,33554432,516.59,,
0,bench/30gib-0.bin,95,33554432,501.13,,
0,bench/30gib-0.bin,96,33554432,920.70,,
0,bench/30gib-0.bin,97,33554432,508.26,,
0,bench/30gib-0.bin,98,33554432,799.34,,
0,bench/30gib-0.bin,99,33554432,478.48,,
0,bench/30gib-0.bin,100,33554432,685.07,,
0,bench/30gib-0.bin,101,33554432,733.72,,
0,bench/30gib-0.bin,102,33554432,468.14,,
0,bench/30gib-0.bin,103,33554432,796.18,,
0,bench/30gib-0.bin,104,33554432,770.68,,
0,bench/30gib-0.bin,105,33554432,477.06,,
0,bench/30gib-0.bin,106,33554432,457.27,,
0,bench/30gib-0.bin,107,33554432,722.81,,
0,bench/30gib-0.bin,108,33554432,803.03,,
0,bench/30gib-0.bin,109,33554432,818.26,,
0,bench/30gib-0.bin,110,33554432,426.50,,
0,bench/30gib-0.bin,111,33554432,631.26,,
0,bench/30gib-0.bin,112,33554432,711.76,,
0,bench/30gib-0.bin,113,33554432,797.13,,
0,bench/30gib-0.bin,114,33554432,671.82,,
0,bench/30gib-0.bin,115,33554432,631.01,,
0,bench/30gib-0.bin,116,33554432,545.60,,
0,bench/30gib-0.bin,117,33554432,659.18,,
0,bench/30gib-0.bin,118,33554432,885.75,,
0,bench/30gib-0.bin,119,33554432,619.08,,
0,bench/30gib-0.bin,120,33554432,739.20,,
0,bench/30gib-0.bin,121,33554432,733.86,,
0,bench/30gib-0.bin,122,33554432,854.75,,
0,bench/30gib-0.bin,123,33554432,716.24,,
0,bench/30gib-0.bin,124,33554432,765.51,,
0,bench/30gib-0.bin,125,33554432,695.19,,
0,bench/30gib-0.bin,126,33554432,783.37,,
0,bench/30gib-0.bin,127,33554432,760.92,,
0,bench/30gib-0.bin,128,33554432,412.54,,
0,bench/30gib-0.bin,129,33554432,680.28,,
0,bench/30gib-0.bin,130,33554432,593.90,,
0,bench/30gib-0.bin,131,33554432,468.26,,
0,bench/30gib-0.bin,132,33554432,594.74,,
0,bench/30gib-0.bin,133,33554432,627.62,,
0,bench/30gib-0.bin,134,33554432,575.16,,
0,bench/30gib-0.bin,135,33554432,813.24,,
0,bench/30gib-0.bin,136,33554432,671.19,,
0,bench/30gib-0.bin,137,33554432,630.45,,
0,bench/30gib-0.bin,138,33554432,577.80,,
0,bench/30gib-0.bin,139,33554432,961.08,,
0,bench/30gib-0.bin,140,33554432,685.97,,
0,bench/30gib-0.bin,141,33554432,539.38,,
0,bench/30gib-0.bin,142,33554432,568.04,,
0,bench/30gib-0.bin,143,33554432,557.67,,
0,bench/30gib-0.bin,144,33554432,944.01,,
0,bench/30gib-0.bin,145,33554432,525.02,,
0,bench/30gib-0.bin,146,33554432,436.50,,
0,bench/30gib-0.bin,147,33554432,640.02,,
0,bench/30gib-0.bin,148,33554432,450.79,,
0,bench/30gib-0.bin,149,33554432,577.28,,
0,bench/30gib-0.bin,150,33554432,587.95,,
0,bench/30gib-0.bin,151,33554432,736.27,,
0,bench/30gib-0.bin,152,33554432,560.64,,
0,bench/30gib-0.bin,153,33554432,414.72,,
0,bench/30gib-0.bin,154,33554432,888.98,,
0,bench/30gib-0.bin,155,33554432,835.98,,
0,bench/30gib-0.bin,156,33554432,687.47,,
0,bench/30gib-0.bin,157,33554432,528.05,,
0,bench/30gib-0.bin,158,33554432,562.39,,
0,bench/30gib-0.bin,159,33554432,717.41,,
0,bench/30gib-0.bin,160,33554432,556.88,,
0,bench/30gib-0.bin,161,33554432,387.68,,
0,bench/30gib-0.bin,162,33554432,863.16,,
0,bench/30gib-0.bin,163,33554432,1378.81,,
0,bench/30gib-0.bin,164,33554432,547.56,,
0,bench/30gib-0.bin,165,33554432,741.83,,
0,bench/30gib-0.bin,166,33554432,658.59,,
0,bench/30gib-0.bin,167,33554432,882.55,,
0,bench/30gib-0.bin,168,33554432,498.64,,
0,bench/30gib-0.bin,169,33554432,844.76,,
0,bench/30gib-0.bin,170,33554432,463.70,,
0,bench/30gib-0.bin,171,33554432,651.98,,
0,bench/30gib-0.bin,172,33554432,641.33,,
0,bench/30gib-0.bin,173,33554432,795.30,,
0,bench/30gib-0.bin,174,33554432,1022.46,,
0,bench/30gib-0.bin,175,33554432,738.77,,
0,bench/30gib-0.bin,176,33554432,729.23,,
0,bench/30gib-0.bin,177,33554432,973.64,,
0,bench/30gib-0.bin,178,33554432,600.83,,
0,bench/30gib-0.bin,179,33554432,437.87,,
0,bench/30gib-0.bin,180,33554432,379.53,,
0,bench/30gib-0.bin,181,33554432,534.61,,
0,bench/30gib-0.bin,182,33554432,547.26,,
0,bench/30gib-0.bin,183,33554432,593.16,,
0,bench/30gib-0.bin,184,33554432,526.36,,
0,bench/30gib-0.bin,185,33554432,452.45,,
0,bench/30gib-0.bin,186,33554432,539.38,,
0,bench/30gib-0.bin,187,33554432,892.09,,
0,bench/30gib-0.bin,188,33554432,819.87,,
0,bench/30gib-0.bin,189,33554432,812.53,,
0,bench/30gib-0.bin,190,33554432,497.33,,
0,bench/30gib-0.bin,191,33554432,771.32,,
0,bench/30gib-0.bin,192,33554432,960.46,,
0,bench/30gib-0.bin,193,33554432,702.06,,
0,bench/30gib-0.bin,194,33554432,926.05,,
0,bench/30gib-0.bin,195,33554432,649.02,,
0,bench/30gib-0.bin,196,33554432,797.27,,
0,bench/30gib-0.bin,197,33554432,660.83,,
0,bench/30gib-0.bin,198,33554432,728.07,,
0,bench/30gib-0.bin,199,33554432,792.21,,
0,bench/30gib-0.bin,200,33554432,613.14,,
0,bench/30gib-0.bin,201,33554432,580.48,,
0,bench/30gib-0.bin,202,33554432,601.51,,
0,bench/30gib-0.bin,203,33554432,399.60,,
0,bench/30gib-0.bin,204,33554432,648.33,,
0,bench/30gib-0.bin,205,33554432,551.83,,
0,bench/30gib-0.bin,206,33554432,504.73,,
0,bench/30gib-0.bin,207,33554432,446.19,,
0,bench/30gib-0.bin,208,33554432,373.16,,
0,bench/30gib-0.bin,209,33554432,534.30,,
0,bench/30gib-0.bin,210,33554432,602.76,,
0,bench/30gib-0.bin,211,33554432,623.67,,
0,bench/30gib-0.bin,212,33554432,433.24,,
0,bench/30gib-0.bin,213,33554432,865.36,,
0,bench/30gib-0.bin,214,33554432,399.79,,
0,bench/30gib-0.bin,215,33554432,655.04,,
0,bench/30gib-0.bin,216,33554432,804.31,,
0,bench/30gib-0.bin,217,33554432,525.29,,
0,bench/30gib-0.bin,218,33554432,607.07,,
0,bench/30gib-0.bin,219,33554432,500.08,,
0,bench/30gib-0.bin,220,33554432,832.41,,
0,bench/30gib-0.bin,221,33554432,525.23,,
0,bench/30gib-0.bin,222,33554432,830.69,,
0,bench/30gib-0.bin,223,33554432,556.03,,
0,bench/30gib-0.bin,224,33554432,540.24,,
0,bench/30gib-0.bin,225,33554432,514.00,,
0,bench/30gib-0.bin,226,33554432,514.81,,
0,bench/30gib-0.bin,227,33554432,842.02,,
0,bench/30gib-0.bin,228,33554432,628.85,,
0,bench/30gib-0.bin,229,33554432,607.09,,
0,bench/30gib-0.bin,230,33554432,451.48,,
0,bench/30gib-0.bin,231,33554432,731.94,,
0,bench/30gib-0.bin,232,33554432,919.63,,
0,bench/30gib-0.bin,233,33554432,722.20,,
0,bench/30gib-0.bin,234,33554432,616.22,,
0,bench/30gib-0.bin,235,33554432,965.15,,
0,bench/30gib-0.bin,236,33554432,673.40,,
0,bench/30gib-0.bin,237,33554432,461.49,,
0,bench/30gib-0.bin,238,33554432,739.84,,
0,bench/30gib-0.bin,239,33554432,438.52,,
0,bench/30gib-0.bin,240,33554432,535.22,,
0,bench/30gib-0.bin,241,33554432,472.92,,
0,bench/30gib-0.bin,242,33554432,550.66,,
0,bench/30gib-0.bin,243,33554432,648.91,,
0,bench/30gib-0.bin,244,33554432,492.18,,
0,bench/30gib-0.bin,245,33554432,551.53,,
0,bench/30gib-0.bin,246,33554432,515.98,,
0,bench/30gib-0.bin,247,33554432,392.01,,
0,bench/30gib-0.bin,248,33554432,662.85,,
0,bench/30gib-0.bin,249,33554432,434.89,,
0,bench/30gib-0.bin,250,33554432,778.14,,
0,bench/30gib-0.bin,251,33554432,602.63,,
0,bench/30gib-0.bin,252,33554432,506.06,,
0,bench/30gib-0.bin,253,33554432,553.12,,
0,bench/30gib-0.bin,254,33554432,907.75,,
0,bench/30gib-0.bin,255,33554432,494.72,,
0,bench/30gib-0.bin,256,33554432,619.32,,
0,bench/30gib-0.bin,257,33554432,479.98,,
0,bench/30gib-0.bin,258,33554432,582.58,,
0,bench/30gib-0.bin,259,33554432,485.56,,
0,bench/30gib-0.bin,260,33554432,711.99,,
0,bench/30gib-0.bin,261,33554432,620.01,,
0,bench/30gib-0.bin,262,33554432,711.90,,
0,bench/30gib-0.bin,263,33554432,741.33,,
0,bench/30gib-0.bin,264,33554432,614.23,,
0,bench/30gib-0.bin,265,33554432,496.92,,
0,bench/30gib-0.bin,266,33554432,691.99,,
0,bench/30gib-0.bin,267,33554432,702.31,,
0,bench/30gib-0.bin,268,33554432,579.40,,
0,bench/30gib-0.bin,269,33554432,611.39,,
0,bench/30gib-0.bin,270,33554432,638.72,,
0,bench/30gib-0.bin,271,33554432,574.46,,
0,bench/30gib-0.bin,272,33554432,504.38,,
0,bench/30gib-0.bin,273,33554432,654.77,,
0,bench/30gib-0.bin,274,33554432,598.85,,
0,bench/30gib-0.bin,275,33554432,535.88,,
0,bench/30gib-0.bin,276,33554432,715.49,,
0,bench/30gib-0.bin,277,33554432,827.89,,
0,bench/30gib-0.bin,278,33554432,603.53,,
0,bench/30gib-0.bin,279,33554432,514.86,,
0,bench/30gib-0.bin,280,33554432,734.61,,
0,bench/30gib-0.bin,281,33554432,742.59,,
0,bench/30gib-0.bin,282,33554432,806.77,,
0,bench/30gib-0.bin,283,33554432,697.27,,
0,bench/30gib-0.bin,284,33554432,653.67,,
0,bench/30gib-0.bin,285,33554432,489.90,,
0,bench/30gib-0.bin,286,33554432,727.46,,
0,bench/30gib-0.bin,287,33554432,709.40,,
0,bench/30gib-0.bin,288,33554432,772.77,,
0,bench/30gib-0.bin,289,33554432,632.88,,
0,bench/30gib-0.bin,290,33554432,516.18,,
0,bench/30gib-0.bin,291,33554432,705.46,,
0,bench/30gib-0.bin,292,33554432,875.67,,
0,bench/30gib-0.bin,293,33554432,546.38,,
0,bench/30gib-0.bin,294,33554432,610.04,,
0,bench/30gib-0.bin,295,33554432,668.85,,
0,bench/30gib-0.bin,296,33554432,444.10,,
0,bench/30gib-0.bin,297,33554432,602.23,,
0,bench/30gib-0.bin,298,33554432,536.62,,
0,bench/30gib-0.bin,299,33554432,566.58,,
0,bench/30gib-0.bin,300,33554432,499.93,,
0,bench/30gib-0.bin,301,33554432,749.12,,
0,bench/30gib-0.bin,302,33554432,525.87,,
0,bench/30gib-0.bin,303,33554432,598.10,,
0,bench/30gib-0.bin,304,33554432,734.00,,
0,bench/30gib-0.bin,305,33554432,831.16,,
0,bench/30gib-0.bin,306,33554432,842.65,,
0,bench/30gib-0.bin,307,33554432,550.73,,
0,bench/30gib-0.bin,308,33554432,459.68,,
0,bench/30gib-0.bin,309,33554432,450.70,,
0,bench/30gib-0.bin,310,33554432,704.23,,
0,bench/30gib-0.bin,311,33554432,403.71,,
0,bench/30gib-0.bin,312,33554432,413.56,,
0,bench/30gib-0.bin,313,33554432,559.08,,
0,bench/30gib-0.bin,314,33554432,469.52,,
0,bench/30gib-0.bin,315,33554432,586.45,,
0,bench/30gib-0.bin,316,33554432,561.43,,
0,bench/30gib-0.bin,317,33554432,727.79,,
0,bench/30gib-0.bin,318,33554432,836.00,,
0,bench/30gib-0.bin,319,33554432,685.04,,
0,bench/30gib-0.bin,320,33554432,856.70,,
0,bench/30gib-0.bin,321,33554432,678.00,,
0,bench/30gib-0.bin,322,33554432,830.30,,
0,bench/30gib-0.bin,323,33554432,806.20,,
0,bench/30gib-0.bin,324,33554432,375.12,,
0,bench/30gib-0.bin,325,33554432,446.84,,
0,bench/30gib-0.bin,326,33554432,489.13,,
0,bench/30gib-0.bin,327,33554432,478.72,,
0,bench/30gib-0.bin,328,33554432,728.58,,
0,bench/30gib-0.bin,329,33554432,466.76,,
0,bench/30gib-0.bin,330,33554432,801.05,,
0,bench/30gib-0.bin,331,33554432,611.85,,
0,bench/30gib-0.bin,332,33554432,540.69,,
0,bench/30gib-0.bin,333,33554432,557.45,,
0,bench/30gib-0.bin,334,33554432,780.37,,
0,bench/30gib-0.bin,335,33554432,455.99,,
0,bench/30gib-0.bin,336,33554432,415.94,,
0,bench/30gib-0.bin,337,33554432,495.02,,
0,bench/30gib-0.bin,338,33554432,497.10,,
0,bench/30gib-0.bin,339,33554432,520.27,,
0,bench/30gib-0.bin,340,33554432,633.45,,
0,bench/30gib-0.bin,341,33554432,653.61,,
0,bench/30gib-0.bin,342,33554432,557.12,,
0,bench/30gib-0.bin,343,33554432,577.65,,
0,bench/30gib-0.bin,344,33554432,561.79,,
0,bench/30gib-0.bin,345,33554432,661.92,,
0,bench/30gib-0.bin,346,33554432,549.36,,
0,bench/30gib-0.bin,347,33554432,463.41,,
0,bench/30gib-0.bin,348,33554432,511.25,,
0,bench/30gib-0.bin,349,33554432,591.37,,
0,bench/30gib-0.bin,350,33554432,534.02,,
0,bench/30gib-0.bin,351,33554432,421.93,,
0,bench/30gib-0.bin,352,33554432,554.21,,
0,bench/30gib-0.bin,353,33554432,1145.59,,
0,bench/30gib-0.bin,354,33554432,560.66,,
0,bench/30gib-0.bin,355,33554432,554.44,,
0,bench/30gib-0.bin,356,33554432,603.98,,
0,bench/30gib-0.bin,357,33554432,479.61,,
0,bench/30gib-0.bin,358,33554432,623.44,,
0,bench/30gib-0.bin,359,33554432,553.80,,
0,bench/30gib-0.bin,360,33554432,496.88,,
0,bench/30gib-0.bin,361,33554432,701.35,,
0,bench/30gib-0.bin,362,33554432,471.29,,
0,bench/30gib-0.bin,363,33554432,876.99,,
0,bench/30gib-0.bin,364,33554432,454.08,,
0,bench/30gib-0.bin,365,33554432,683.79,,
0,bench/30gib-0.bin,366,33554432,578.78,,
0,bench/30gib-0.bin,367,33554432,977.31,,
0,bench/30gib-0.bin,368,33554432,984.00,,
0,bench/30gib-0.bin,369,33554432,673.53,,
0,bench/30gib-0.bin,370,33554432,831.71,,
0,bench/30gib-0.bin,371,33554432,439.52,,
0,bench/30gib-0.bin,372,33554432,804.37,,
0,bench/30gib-0.bin,373,33554432,1037.66,,
0,bench/30gib-0.bin,374,33554432,603.36,,
0,bench/30gib-0.bin,375,33554432,719.10,,
0,bench/30gib-0.bin,376,33554432,736.95,,
0,bench/30gib-0.bin,377,33554432,670.37,,
0,bench/30gib-0.bin,378,33554432,534.66,,
0,bench/30gib-0.bin,379,33554432,435.67,,
0,bench/30gib-0.bin,380,33554432,638.85,,
0,bench/30gib-0.bin,381,33554432,820.60,,
0,bench/30gib-0.bin,382,33554432,745.85,,
0,bench/30gib-0.bin,383,33554432,723.51,,
0,bench/30gib-0.bin,384,33554432,519.96,,
0,bench/30gib-0.bin,385,33554432,884.62,,
0,bench/30gib-0.bin,386,33554432,758.23,,
0,bench/30gib-0.bin,387,33554432,686.33,,
0,bench/30gib-0.bin,388,33554432,604.66,,
0,bench/30gib-0.bin,389,33554432,635.36,,
0,bench/30gib-0.bin,390,33554432,471.90,,
0,bench/30gib-0.bin,391,33554432,727.28,,
0,bench/30gib-0.bin,392,33554432,637.18,,
0,bench/30gib-0.bin,393,33554432,551.89,,
0,bench/30gib-0.bin,394,33554432,768.49,,
0,bench/30gib-0.bin,395,33554432,468.05,,
0,bench/30gib-0.bin,396,33554432,652.63,,
0,bench/30gib-0.bin,397,33554432,670.49,,
0,bench/30gib-0.bin,398,33554432,642.23,,
0,bench/30gib-0.bin,399,33554432,634.98,,
0,bench/30gib-0.bin,400,33554432,919.14,,
0,bench/30gib-0.bin,401,33554432,622.64,,
0,bench/30gib-0.bin,402,33554432,616.13,,
0,bench/30gib-0.bin,403,33554432,855.84,,
0,bench/30gib-0.bin,404,33554432,454.55,,
0,bench/30gib-0.bin,405,33554432,580.56,,
0,bench/30gib-0.bin,406,33554432,703.07,,
0,bench/30gib-0.bin,407,33554432,608.52,,
0,bench/30gib-0.bin,408,33554432,759.23,,
0,bench/30gib-0.bin,409,33554432,843.57,,
0,bench/30gib-0.bin,410,33554432,642.98,,
0,bench/30gib-0.bin,411,33554432,524.49,,
0,bench/30gib-0.bin,412,33554432,1003.75,,
0,bench/30gib-0.bin,413,33554432,544.05,,
0,bench/30gib-0.bin,414,33554432,548.09,,
0,bench/30gib-0.bin,415,33554432,594.75,,
0,bench/30gib-0.bin,416,33554432,828.74,,
0,bench/30gib-0.bin,417,33554432,641.94,,
0,bench/30gib-0.bin,418,33554432,693.68,,
0,bench/30gib-0.bin,419,33554432,505.69,,
0,bench/30gib-0.bin,420,33554432,494.08,,
0,bench/30gib-0.bin,421,33554432,616.62,,
0,bench/30gib-0.bin,422,33554432,496.87,,
0,bench/30gib-0.bin,423,33554432,724.61,,
0,bench/30gib-0.bin,424,33554432,809.29,,
0,bench/30gib-0.bin,425,33554432,671.85,,
0,bench/30gib-0.bin,426,33554432,435.24,,
0,bench/30gib-0.bin,427,33554432,839.94,,
0,bench/30gib-0.bin,428,33554432,561.95,,
0,bench/30gib-0.bin,429,33554432,587.44,,
0,bench/30gib-0.bin,430,33554432,608.86,,
0,bench/30gib-0.bin,431,33554432,608.34,,
0,bench/30gib-0.bin,432,33554432,609.00,,
0,bench/30gib-0.bin,433,33554432,709.61,,
0,bench/30gib-0.bin,434,33554432,883.49,,
0,bench/30gib-0.bin,435,33554432,671.58,,
0,bench/30gib-0.bin,436,33554432,668.97,,
0,bench/30gib-0.bin,437,33554432,522.29,,
0,bench/30gib-0.bin,438,33554432,480.35,,
0,bench/30gib-0.bin,439,33554432,511.40,,
0,bench/30gib-0.bin,440,33554432,641.85,,
0,bench/30gib-0.bin,441,33554432,864.09,,
0,bench/30gib-0.bin,442,33554432,702.72,,
0,bench/30gib-0.bin,443,33554432,641.79,,
0,bench/30gib-0.bin,444,33554432,646.05,,
0,bench/30gib-0.bin,445,33554432,766.58,,
0,bench/30gib-0.bin,446,33554432,544.36,,
0,bench/30gib-0.bin,447,33554432,986.82,,
0,bench/30gib-0.bin,448,33554432,666.15,,
0,bench/30gib-0.bin,449,33554432,636.79,,
0,bench/30gib-0.bin,450,33554432,783.19,,
0,bench/30gib-0.bin,451,33554432,699.93,,
0,bench/30gib-0.bin,452,33554432,846.58,,
0,bench/30gib-0.bin,453,33554432,583.97,,
0,bench/30gib-0.bin,454,33554432,620.19,,
0,bench/30gib-0.bin,455,33554432,655.46,,
0,bench/30gib-0.bin,456,33554432,567.45,,
0,bench/30gib-0.bin,457,33554432,739.92,,
0,bench/30gib-0.bin,458,33554432,702.93,,
0,bench/30gib-0.bin,459,33554432,549.12,,
0,bench/30gib-0.bin,460,33554432,525.41,,
0,bench/30gib-0.bin,461,33554432,726.47,,
0,bench/30gib-0.bin,462,33554432,439.76,,
0,bench/30gib-0.bin,463,33554432,761.53,,
0,bench/30gib-0.bin,464,33554432,892.41,,
0,bench/30gib-0.bin,465,33554432,538.63,,
0,bench/30gib-0.bin,466,33554432,672.76,,
0,bench/30gib-0.bin,467,33554432,829.66,,
0,bench/30gib-0.bin,468,33554432,831.75,,
0,bench/30gib-0.bin,469,33554432,476.19,,
0,bench/30gib-0.bin,470,33554432,687.33,,
0,bench/30gib-0.bin,471,33554432,613.27,,
0,bench/30gib-0.bin,472,33554432,709.74,,
0,bench/30gib-0.bin,473,33554432,503.15,,
0,bench/30gib-0.bin,474,33554432,832.24,,
0,bench/30gib-0.bin,475,33554432,504.46,,
0,bench/30gib-0.bin,476,33554432,630.24,,
0,bench/30gib-0.bin,477,33554432,659.00,,
0,bench/30gib-0.bin,478,33554432,943.67,,
0,bench/30gib-0.bin,479,33554432,532.98,,
0,bench/30gib-0.bin,480,33554432,532.61,,
0,bench/30gib-0.bin,481,33554432,607.06,,
0,bench/30gib-0.bin,482,33554432,504.14,,
0,bench/30gib-0.bin,483,33554432,533.05,,
0,bench/30gib-0.bin,484,33554432,386.18,,
0,bench/30gib-0.bin,485,33554432,500.19,,
0,bench/30gib-0.bin,486,33554432,807.71,,
0,bench/30gib-0.bin,487,33554432,457.01,,
0,bench/30gib-0.bin,488,33554432,736.56,,
0,bench/30gib-0.bin,489,33554432,558.38,,
0,bench/30gib-0.bin,490,33554432,570.83,,
0,bench/30gib-0.bin,491,33554432,809.47,,
0,bench/30gib-0.bin,492,33554432,800.58,,
0,bench/30gib-0.bin,493,33554432,539.03,,
0,bench/30gib-0.bin,494,33554432,664.36,,
0,bench/30gib-0.bin,495,33554432,590.14,,
0,bench/30gib-0.bin,496,33554432,812.72,,
0,bench/30gib-0.bin,497,33554432,518.53,,
0,bench/30gib-0.bin,498,33554432,729.22,,
0,bench/30gib-0.bin,499,33554432,541.37,,
0,bench/30gib-0.bin,500,33554432,647.20,,
0,bench/30gib-0.bin,501,33554432,523.78,,
0,bench/30gib-0.bin,502,33554432,535.74,,
0,bench/30gib-0.bin,503,33554432,588.46,,
0,bench/30gib-0.bin,504,33554432,496.46,,
0,bench/30gib-0.bin,505,33554432,685.77,,
0,bench/30gib-0.bin,506,33554432,551.67,,
0,bench/30gib-0.bin,507,33554432,715.19,,
0,bench/30gib-0.bin,508,33554432,778.49,,
0,bench/30gib-0.bin,509,33554432,1010.22,,
0,bench/30gib-0.bin,510,33554432,1012.25,,
0,bench/30gib-0.bin,511,33554432,579.26,,
0,bench/30gib-0.bin,512,33554432,588.88,,
0,bench/30gib-0.bin,513,33554432,767.84,,
0,bench/30gib-0.bin,514,33554432,707.79,,
0,bench/30gib-0.bin,515,33554432,505.41,,
0,bench/30gib-0.bin,516,33554432,1057.31,,
0,bench/30gib-0.bin,517,33554432,515.60,,
0,bench/30gib-0.bin,518,33554432,776.04,,
0,bench/30gib-0.bin,519,33554432,582.61,,
0,bench/30gib-0.bin,520,33554432,759.86,,
0,bench/30gib-0.bin,521,33554432,521.15,,
0,bench/30gib-0.bin,522,33554432,490.04,,
0,bench/30gib-0.bin,523,33554432,497.40,,
0,bench/30gib-0.bin,524,33554432,626.22,,
0,bench/30gib-0.bin,525,33554432,442.70,,
0,bench/30gib-0.bin,526,33554432,816.07,,
0,bench/30gib-0.bin,527,33554432,614.46,,
0,bench/30gib-0.bin,528,33554432,609.96,,
0,bench/30gib-0.bin,529,33554432,982.44,,
0,bench/30gib-0.bin,530,33554432,520.52,,
0,bench/30gib-0.bin,531,33554432,718.25,,
0,bench/30gib-0.bin,532,33554432,533.98,,
0,bench/30gib-0.bin,533,33554432,511.91,,
0,bench/30gib-0.bin,534,33554432,899.47,,
0,bench/30gib-0.bin,535,33554432,436.33,,
0,bench/30gib-0.bin,536,33554432,681.92,,
0,bench/30gib-0.bin,537,33554432,972.89,,
0,bench/30gib-0.bin,538,33554432,527.23,,
0,bench/30gib-0.bin,539,33554432,531.77,,
0,bench/30gib-0.bin,540,33554432,463.01,,
0,bench/30gib-0.bin,541,33554432,596.36,,
0,bench/30gib-0.bin,542,33554432,838.50,,
0,bench/30gib-0.bin,543,33554432,865.97,,
0,bench/30gib-0.bin,544,33554432,621.21,,
0,bench/30gib-0.bin,545,33554432,502.96,,
0,bench/30gib-0.bin,546,33554432,988.54,,
0,bench/30gib-0.bin,547,33554432,948.80,,
0,bench/30gib-0.bin,548,33554432,575.74,,
0,bench/30gib-0.bin,549,33554432,813.32,,
0,bench/30gib-0.bin,550,33554432,430.84,,
0,bench/30gib-0.bin,551,33554432,722.07,,
0,bench/30gib-0.bin,552,33554432,534.97,,
0,bench/30gib-0.bin,553,33554432,580.67,,
0,bench/30gib-0.bin,554,33554432,545.20,,
0,bench/30gib-0.bin,555,33554432,736.21,,
0,bench/30gib-0.bin,556,33554432,564.35,,
0,bench/30gib-0.bin,557,33554432,520.36,,
0,bench/30gib-0.bin,558,33554432,837.69,,
0,bench/30gib-0.bin,559,33554432,491.56,,
0,bench/30gib-0.bin,560,33554432,576.03,,
0,bench/30gib-0.bin,561,33554432,938.61,,
0,bench/30gib-0.bin,562,33554432,537.04,,
0,bench/30gib-0.bin,563,33554432,637.50,,
0,bench/30gib-0.bin,564,33554432,635.69,,
0,bench/30gib-0.bin,565,33554432,634.78,,
0,bench/30gib-0.bin,566,33554432,656.47,,
0,bench/30gib-0.bin,567,33554432,526.99,,
0,bench/30gib-0.bin,568,33554432,931.98,,
0,bench/30gib-0.bin,569,33554432,886.95,,
0,bench/30gib-0.bin,570,33554432,843.20,,
0,bench/30gib-0.bin,571,33554432,844.88,,
0,bench/30gib-0.bin,572,33554432,613.07,,
0,bench/30gib-0.bin,573,33554432,826.55,,
0,bench/30gib-0.bin,574,33554432,576.38,,
0,bench/30gib-0.bin,575,33554432,588.74,,
0,bench/30gib-0.bin,576,33554432,767.91,,
0,bench/30gib-0.bin,577,33554432,593.47,,
0,bench/30gib-0.bin,578,33554432,539.19,,
0,bench/30gib-0.bin,579,33554432,1120.70,,
0,bench/30gib-0.bin,580,33554432,617.88,,
0,bench/30gib-0.bin,581,33554432,492.16,,
0,bench/30gib-0.bin,582,33554432,535.85,,
0,bench/30gib-0.bin,583,33554432,593.78,,
0,bench/30gib-0.bin,584,33554432,718.15,,
0,bench/30gib-0.bin,585,33554432,803.37,,
0,bench/30gib-0.bin,586,33554432,498.83,,
0,bench/30gib-0.bin,587,33554432,481.98,,
0,bench/30gib-0.bin,588,33554432,549.18,,
0,bench/30gib-0.bin,589,33554432,690.11,,
0,bench/30gib-0.bin,590,33554432,737.49,,
0,bench/30gib-0.bin,591,33554432,780.19,,
0,bench/30gib-0.bin,592,33554432,493.71,,
0,bench/30gib-0.bin,593,33554432,583.42,,
0,bench/30gib-0.bin,594,33554432,532.06,,
0,bench/30gib-0.bin,595,33554432,767.87,,
0,bench/30gib-0.bin,596,33554432,549.76,,
0,bench/30gib-0.bin,597,33554432,681.38,,
0,bench/30gib-0.bin,598,33554432,475.45,,
0,bench/30gib-0.bin,599,33554432,918.64,,
0,bench/30gib-0.bin,600,33554432,593.12,,
0,bench/30gib-0.bin,601,33554432,695.82,,
0,bench/30gib-0.bin,602,33554432,765.45,,
0,bench/30gib-0.bin,603,33554432,623.10,,
0,bench/30gib-0.bin,604,33554432,497.57,,
0,bench/30gib-0.bin,605,33554432,527.01,,
0,bench/30gib-0.bin,606,33554432,508.84,,
0,bench/30gib-0.bin,607,33554432,673.18,,
0,bench/30gib-0.bin,608,33554432,720.75,,
0,bench/30gib-0.bin,609,33554432,596.05,,
0,bench/30gib-0.bin,610,33554432,450.73,,
0,bench/30gib-0.bin,611,33554432,587.12,,
0,bench/30gib-0.bin,612,33554432,691.00,,
0,bench/30gib-0.bin,613,33554432,537.64,,
0,bench/30gib-0.bin,614,33554432,506.06,,
0,bench/30gib-0.bin,615,33554432,949.44,,
0,bench/30gib-0.bin,616,33554432,519.15,,
0,bench/30gib-0.bin,617,33554432,459.63,,
0,bench/30gib-0.bin,618,33554432,569.54,,
0,bench/30gib-0.bin,619,33554432,750.40,,
0,bench/30gib-0.bin,620,33554432,544.88,,
0,bench/30gib-0.bin,621,33554432,625.05,,
0,bench/30gib-0.bin,622,33554432,623.18,,
0,bench/30gib-0.bin,623,33554432,811.66,,
0,bench/30gib-0.bin,624,33554432,1007.93,,
0,bench/30gib-0.bin,625,33554432,638.19,,
0,bench/30gib-0.bin,626,33554432,574.09,,
0,bench/30gib-0.bin,627,33554432,662.62,,
0,bench/30gib-0.bin,628,33554432,555.64,,
0,bench/30gib-0.bin,629,33554432,976.08,,
0,bench/30gib-0.bin,630,33554432,633.66,,
0,bench/30gib-0.bin,631,33554432,562.78,,
0,bench/30gib-0.bin,632,33554432,737.16,,
0,bench/30gib-0.bin,633,33554432,756.30,,
0,bench/30gib-0.bin,634,33554432,562.73,,
0,bench/30gib-0.bin,635,33554432,950.04,,
0,bench/30gib-0.bin,636,33554432,545.47,,
0,bench/30gib-0.bin,637,33554432,422.02,,
0,bench/30gib-0.bin,638,33554432,541.47,,
0,bench/30gib-0.bin,639,33554432,534.36,,
0,bench/30gib-0.bin,640,33554432,580.19,,
0,bench/30gib-0.bin,641,33554432,551.77,,
0,bench/30gib-0.bin,642,33554432,861.78,,
0,bench/30gib-0.bin,643,33554432,527.94,,
0,bench/30gib-0.bin,644,33554432,643.17,,
0,bench/30gib-0.bin,645,33554432,539.60,,
0,bench/30gib-0.bin,646,33554432,675.15,,
0,bench/30gib-0.bin,647,33554432,823.52,,
0,bench/30gib-0.bin,648,33554432,571.70,,
0,bench/30gib-0.bin,649,33554432,568.13,,
0,bench/30gib-0.bin,650,33554432,680.54,,
0,bench/30gib-0.bin,651,33554432,654.56,,
0,bench/30gib-0.bin,652,33554432,543.43,,
0,bench/30gib-0.bin,653,33554432,497.40,,
0,bench/30gib-0.bin,654,33554432,474.42,,
0,bench/30gib-0.bin,655,33554432,558.25,,
0,bench/30gib-0.bin,656,33554432,954.31,,
0,bench/30gib-0.bin,657,33554432,531.47,,
0,bench/30gib-0.bin,658,33554432,564.90,,
0,bench/30gib-0.bin,659,33554432,575.86,,
0,bench/30gib-0.bin,660,33554432,636.41,,
0,bench/30gib-0.bin,661,33554432,820.05,,
0,bench/30gib-0.bin,662,33554432,415.02,,
0,bench/30gib-0.bin,663,33554432,584.80,,
0,bench/30gib-0.bin,664,33554432,569.16,,
0,bench/30gib-0.bin,665,33554432,852.68,,
0,bench/30gib-0.bin,666,33554432,500.12,,
0,bench/30gib-0.bin,667,33554432,502.25,,
0,bench/30gib-0.bin,668,33554432,711.98,,
0,bench/30gib-0.bin,669,33554432,702.10,,
0,bench/30gib-0.bin,670,33554432,853.08,,
0,bench/30gib-0.bin,671,33554432,560.98,,
0,bench/30gib-0.bin,672,33554432,724.45,,
0,bench/30gib-0.bin,673,33554432,532.36,,
0,bench/30gib-0.bin,674,33554432,470.71,,
0,bench/30gib-0.bin,675,33554432,761.72,,
0,bench/30gib-0.bin,676,33554432,587.53,,
0,bench/30gib-0.bin,677,33554432,497.89,,
0,bench/30gib-0.bin,678,33554432,684.18,,
0,bench/30gib-0.bin,679,33554432,556.48,,
0,bench/30gib-0.bin,680,33554432,761.64,,
0,bench/30gib-0.bin,681,33554432,527.75,,
0,bench/30gib-0.bin,682,33554432,442.04,,
0,bench/30gib-0.bin,683,33554432,542.74,,
0,bench/30gib-0.bin,684,33554432,622.06,,
0,bench/30gib-0.bin,685,33554432,472.93,,
0,bench/30gib-0.bin,686,33554432,704.27,,
0,bench/30gib-0.bin,687,33554432,819.78,,
0,bench/30gib-0.bin,688,33554432,789.98,,
0,bench/30gib-0.bin,689,33554432,588.95,,
0,bench/30gib-0.bin,690,33554432,845.91,,
0,bench/30gib-0.bin,691,33554432,726.04,,
0,bench/30gib-0.bin,692,33554432,684.76,,
0,bench/30gib-0.bin,693,33554432,657.29,,
0,bench/30gib-0.bin,694,33554432,456.68,,
0,bench/30gib-0.bin,695,33554432,847.59,,
0,bench/30gib-0.bin,696,33554432,559.60,,
0,bench/30gib-0.bin,697,33554432,531.37,,
0,bench/30gib-0.bin,698,33554432,572.44,,
0,bench/30gib-0.bin,699,33554432,706.03,,
0,bench/30gib-0.bin,700,33554432,466.03,,
0,bench/30gib-0.bin,701,33554432,595.10,,
0,bench/30gib-0.bin,702,33554432,617.74,,
0,bench/30gib-0.bin,703,33554432,347.09,,
0,bench/30gib-0.bin,704,33554432,687.75,,
0,bench/30gib-0.bin,705,33554432,956.20,,
0,bench/30gib-0.bin,706,33554432,536.31,,
0,bench/30gib-0.bin,707,33554432,564.59,,
0,bench/30gib-0.bin,708,33554432,981.08,,
0,bench/30gib-0.bin,709,33554432,771.42,,
0,bench/30gib-0.bin,710,33554432,471.06,,
0,bench/30gib-0.bin,711,33554432,615.67,,
0,bench/30gib-0.bin,712,33554432,800.79,,
0,bench/30gib-0.bin,713,33554432,660.32,,
0,bench/30gib-0.bin,714,33554432,777.28,,
0,bench/30gib-0.bin,715,33554432,641.24,,
0,bench/30gib-0.bin,716,33554432,767.08,,
0,bench/30gib-0.bin,717,33554432,793.22,,
0,bench/30gib-0.bin,718,33554432,554.24,,
0,bench/30gib-0.bin,719,33554432,840.70,,
0,bench/30gib-0.bin,720,33554432,684.88,,
0,bench/30gib-0.bin,721,33554432,476.60,,
0,bench/30gib-0.bin,722,33554432,525.16,,
0,bench/30gib-0.bin,723,33554432,929.98,,
0,bench/30gib-0.bin,724,33554432,881.41,,
0,bench/30gib-0.bin,725,33554432,523.18,,
0,bench/30gib-0.bin,726,33554432,691.31,,
0,bench/30gib-0.bin,727,33554432,562.49,,
0,bench/30gib-0.bin,728,33554432,927.41,,
0,bench/30gib-0.bin,729,33554432,741.53,,
0,bench/30gib-0.bin,730,33554432,588.14,,
0,bench/30gib-0.bin,731,33554432,597.04,,
0,bench/30gib-0.bin,732,33554432,517.31,,
0,bench/30gib-0.bin,733,33554432,725.39,,
0,bench/30gib-0.bin,734,33554432,553.13,,
0,bench/30gib-0.bin,735,33554432,702.76,,
0,bench/30gib-0.bin,736,33554432,437.09,,
0,bench/30gib-0.bin,737,33554432,460.31,,
0,bench/30gib-0.bin,738,33554432,695.44,,
0,bench/30gib-0.bin,739,33554432,558.67,,
0,bench/30gib-0.bin,740,33554432,588.64,,
0,bench/30gib-0.bin,741,33554432,876.23,,
0,bench/30gib-0.bin,742,33554432,1044.68,,
0,bench/30gib-0.bin,743,33554432,524.82,,
0,bench/30gib-0.bin,744,33554432,492.85,,
0,bench/30gib-0.bin,745,33554432,498.76,,
0,bench/30gib-0.bin,746,33554432,640.65,,
0,bench/30gib-0.bin,747,33554432,687.08,,
0,bench/30gib-0.bin,748,33554432,528.44,,
0,bench/30gib-0.bin,749,33554432,509.41,,
0,bench/30gib-0.bin,750,33554432,655.86,,
0,bench/30gib-0.bin,751,33554432,725.53,,
0,bench/30gib-0.bin,752,33554432,428.85,,
0,bench/30gib-0.bin,753,33554432,533.58,,
0,bench/30gib-0.bin,754,33554432,509.63,,
0,bench/30gib-0.bin,755,33554432,659.76,,
0,bench/30gib-0.bin,756,33554432,676.53,,
0,bench/30gib-0.bin,757,33554432,631.93,,
0,bench/30gib-0.bin,758,33554432,500.75,,
0,bench/30gib-0.bin,759,33554432,751.47,,
0,bench/30gib-0.bin,760,33554432,578.28,,
0,bench/30gib-0.bin,761,33554432,741.77,,
0,bench/30gib-0.bin,762,33554432,695.24,,
0,bench/30gib-0.bin,763,33554432,688.82,,
0,bench/30gib-0.bin,764,33554432,707.60,,
0,bench/30gib-0.bin,765,33554432,499.95,,
0,bench/30gib-0.bin,766,33554432,739.37,,
0,bench/30gib-0.bin,767,33554432,611.73,,
0,bench/30gib-0.bin,768,33554432,657.67,,
0,bench/30gib-0.bin,769,33554432,879.25,,
0,bench/30gib-0.bin,770,33554432,735.32,,
0,bench/30gib-0.bin,771,33554432,555.13,,
0,bench/30gib-0.bin,772,33554432,406.84,,
0,bench/30gib-0.bin,773,33554432,432.58,,
0,bench/30gib-0.bin,774,33554432,675.52,,
0,bench/30gib-0.bin,775,33554432,517.38,,
0,bench/30gib-0.bin,776,33554432,521.37,,
0,bench/30gib-0.bin,777,33554432,1029.72,,
0,bench/30gib-0.bin,778,33554432,644.61,,
0,bench/30gib-0.bin,779,33554432,423.58,,
0,bench/30gib-0.bin,780,33554432,672.81,,
0,bench/30gib-0.bin,781,33554432,567.53,,
0,bench/30gib-0.bin,782,33554432,612.06,,
0,bench/30gib-0.bin,783,33554432,635.07,,
0,bench/30gib-0.bin,784,33554432,578.40,,
0,bench/30gib-0.bin,785,33554432,573.80,,
0,bench/30gib-0.bin,786,33554432,569.21,,
0,bench/30gib-0.bin,787,33554432,600.61,,
0,bench/30gib-0.bin,788,33554432,590.98,,
0,bench/30gib-0.bin,789,33554432,693.35,,
0,bench/30gib-0.bin,790,33554432,560.09,,
0,bench/30gib-0.bin,791,33554432,938.76,,
0,bench/30gib-0.bin,792,33554432,966.10,,
0,bench/30gib-0.bin,793,33554432,794.28,,
0,bench/30gib-0.bin,794,33554432,725.73,,
0,bench/30gib-0.bin,795,33554432,621.86,,
0,bench/30gib-0.bin,796,33554432,582.30,,
0,bench/30gib-0.bin,797,33554432,592.61,,
0,bench/30gib-0.bin,798,33554432,669.58,,
0,bench/30gib-0.bin,799,33554432,553.16,,
0,bench/30gib-0.bin,800,33554432,521.93,,
0,bench/30gib-0.bin,801,33554432,508.65,,
0,bench/30gib-0.bin,802,33554432,678.31,,
0,bench/30gib-0.bin,803,33554432,552.66,,
0,bench/30gib-0.bin,804,33554432,580.18,,
0,bench/30gib-0.bin,805,33554432,391.25,,
0,bench/30gib-0.bin,806,33554432,609.16,,
0,bench/30gib-0.bin,807,33554432,635.91,,
0,bench/30gib-0.bin,808,33554432,629.72,,
0,bench/30gib-0.bin,809,33554432,453.59,,
0,bench/30gib-0.bin,810,33554432,538.96,,
0,bench/30gib-0.bin,811,33554432,736.72,,
0,bench/30gib-0.bin,812,33554432,752.93,,
0,bench/30gib-0.bin,813,33554432,847.39,,
0,bench/30gib-0.bin,814,33554432,668.09,,
0,bench/30gib-0.bin,815,33554432,450.48,,
0,bench/30gib-0.bin,816,33554432,602.96,,
0,bench/30gib-0.bin,817,33554432,556.64,,
0,bench/30gib-0.bin,818,33554432,607.01,,
0,bench/30gib-0.bin,819,33554432,1001.44,,
0,bench/30gib-0.bin,820,33554432,493.33,,
0,bench/30gib-0.bin,821,33554432,566.04,,
0,bench/30gib-0.bin,822,33554432,531.19,,
0,bench/30gib-0.bin,823,33554432,490.79,,
0,bench/30gib-0.bin,824,33554432,588.58,,
0,bench/30gib-0.bin,825,33554432,540.13,,
0,bench/30gib-0.bin,826,33554432,709.02,,
0,bench/30gib-0.bin,827,33554432,919.58,,
0,bench/30gib-0.bin,828,33554432,628.84,,
0,bench/30gib-0.bin,829,33554432,628.61,,
0,bench/30gib-0.bin,830,33554432,884.38,,
0,bench/30gib-0.bin,831,33554432,623.18,,
0,bench/30gib-0.bin,832,33554432,677.85,,
0,bench/30gib-0.bin,833,33554432,769.60,,
0,bench/30gib-0.bin,834,33554432,610.87,,
0,bench/30gib-0.bin,835,33554432,553.30,,
0,bench/30gib-0.bin,836,33554432,539.76,,
0,bench/30gib-0.bin,837,33554432,598.86,,
0,bench/30gib-0.bin,838,33554432,700.77,,
0,bench/30gib-0.bin,839,33554432,738.82,,
0,bench/30gib-0.bin,840,33554432,593.39,,
0,bench/30gib-0.bin,841,33554432,746.16,,
0,bench/30gib-0.bin,842,33554432,667.26,,
0,bench/30gib-0.bin,843,33554432,726.96,,
0,bench/30gib-0.bin,844,33554432,682.21,,
0,bench/30gib-0.bin,845,33554432,606.33,,
0,bench/30gib-0.bin,846,33554432,722.96,,
0,bench/30gib-0.bin,847,33554432,718.62,,
0,bench/30gib-0.bin,848,33554432,746.41,,
0,bench/30gib-0.bin,849,33554432,857.58,,
0,bench/30gib-0.bin,850,33554432,906.39,,
0,bench/30gib-0.bin,851,33554432,672.65,,
0,bench/30gib-0.bin,852,33554432,507.79,,
0,bench/30gib-0.bin,853,33554432,469.86,,
0,bench/30gib-0.bin,854,33554432,673.17,,
0,bench/30gib-0.bin,855,33554432,560.24,,
0,bench/30gib-0.bin,856,33554432,529.47,,
0,bench/30gib-0.bin,857,33554432,461.57,,
0,bench/30gib-0.bin,858,33554432,737.43,,
0,bench/30gib-0.bin,859,33554432,560.67,,
0,bench/30gib-0.bin,860,33554432,622.80,,
0,bench/30gib-0.bin,861,33554432,577.61,,
0,bench/30gib-0.bin,862,33554432,585.43,,
0,bench/30gib-0.bin,863,33554432,520.48,,
0,bench/30gib-0.bin,864,33554432,446.80,,
0,bench/30gib-0.bin,865,33554432,494.39,,
0,bench/30gib-0.bin,866,33554432,745.40,,
0,bench/30gib-0.bin,867,33554432,636.33,,
0,bench/30gib-0.bin,868,33554432,476.13,,
0,bench/30gib-0.bin,869,33554432,506.25,,
0,bench/30gib-0.bin,870,33554432,646.29,,
0,bench/30gib-0.bin,871,33554432,581.70,,
0,bench/30gib-0.bin,872,33554432,517.57,,
0,bench/30gib-0.bin,873,33554432,548.81,,
0,bench/30gib-0.bin,874,33554432,617.80,,
0,bench/30gib-0.bin,875,33554432,700.14,,
0,bench/30gib-0.bin,876,33554432,852.60,,
0,bench/30gib-0.bin,877,33554432,814.19,,
0,bench/30gib-0.bin,878,33554432,652.07,,
0,bench/30gib-0.bin,879,33554432,694.49,,
0,bench/30gib-0.bin,880,33554432,798.32,,
0,bench/30gib-0.bin,881,33554432,582.08,,
0,bench/30gib-0.bin,882,33554432,611.27,,
0,bench/30gib-0.bin,883,33554432,830.28,,
0,bench/30gib-0.bin,884,33554432,764.63,,
0,bench/30gib-0.bin,885,33554432,1151.96,,
0,bench/30gib-0.bin,886,33554432,724.26,,
0,bench/30gib-0.bin,887,33554432,747.15,,
0,bench/30gib-0.bin,888,33554432,637.15,,
0,bench/30gib-0.bin,889,33554432,977.96,,
0,bench/30gib-0.bin,890,33554432,1106.78,,
0,bench/30gib-0.bin,891,33554432,544.52,,
0,bench/30gib-0.bin,892,33554432,597.86,,
0,bench/30gib-0.bin,893,33554432,894.51,,
0,bench/30gib-0.bin,894,33554432,791.20,,
0,bench/30gib-0.bin,895,33554432,614.68,,
0,bench/30gib-0.bin,896,33554432,544.21,,
0,bench/30gib-0.bin,897,33554432,541.39,,
0,bench/30gib-0.bin,898,33554432,836.72,,
0,bench/30gib-0.bin,899,33554432,563.54,,
0,bench/30gib-0.bin,900,33554432,801.56,,
0,bench/30gib-0.bin,901,33554432,652.53,,
0,bench/30gib-0.bin,902,33554432,461.57,,
0,bench/30gib-0.bin,903,33554432,712.02,,
0,bench/30gib-0.bin,904,33554432,455.61,,
0,bench/30gib-0.bin,905,33554432,850.47,,
0,bench/30gib-0.bin,906,33554432,621.75,,
0,bench/30gib-0.bin,907,33554432,589.19,,
0,bench/30gib-0.bin,908,33554432,683.63,,
0,bench/30gib-0.bin,909,33554432,447.67,,
0,bench/30gib-0.bin,910,33554432,499.33,,
0,bench/30gib-0.bin,911,33554432,635.18,,
0,bench/30gib-0.bin,912,33554432,445.89,,
0,bench/30gib-0.bin,913,33554432,674.05,,
0,bench/30gib-0.bin,914,33554432,924.05,,
0,bench/30gib-0.bin,915,33554432,565.59,,
0,bench/30gib-0.bin,916,33554432,444.40,,
0,bench/30gib-0.bin,917,33554432,693.52,,
0,bench/30gib-0.bin,918,33554432,644.90,,
0,bench/30gib-0.bin,919,33554432,444.53,,
0,bench/30gib-0.bin,920,33554432,530.25,,
0,bench/30gib-0.bin,921,33554432,480.15,,
0,bench/30gib-0.bin,922,33554432,503.01,,
0,bench/30gib-0.bin,923,33554432,849.03,,
0,bench/30gib-0.bin,924,33554432,478.60,,
0,bench/30gib-0.bin,925,33554432,906.57,,
0,bench/30gib-0.bin,926,33554432,487.95,,
0,bench/30gib-0.bin,927,33554432,665.06,,
0,bench/30gib-0.bin,928,33554432,530.82,,
0,bench/30gib-0.bin,929,33554432,613.67,,
0,bench/30gib-0.bin,930,33554432,905.19,,
0,bench/30gib-0.bin,931,33554432,542.98,,
0,bench/30gib-0.bin,932,33554432,561.98,,
0,bench/30gib-0.bin,933,33554432,461.33,,
0,bench/30gib-0.bin,934,33554432,846.14,,
0,bench/30gib-0.bin,935,33554432,699.08,,
0,bench/30gib-0.bin,936,33554432,564.57,,
0,bench/30gib-0.bin,937,33554432,619.14,,
0,bench/30gib-0.bin,938,33554432,532.87,,
0,bench/30gib-0.bin,939,33554432,573.64,,
0,bench/30gib-0.bin,940,33554432,452.70,,
0,bench/30gib-0.bin,941,33554432,587.99,,
0,bench/30gib-0.bin,942,33554432,539.01,,
0,bench/30gib-0.bin,943,33554432,815.59,,
0,bench/30gib-0.bin,944,33554432,585.21,,
0,bench/30gib-0.bin,945,33554432,753.20,,
0,bench/30gib-0.bin,946,33554432,534.34,,
0,bench/30gib-0.bin,947,33554432,565.58,,
0,bench/30gib-0.bin,948,33554432,545.79,,
0,bench/30gib-0.bin,949,33554432,587.37,,
0,bench/30gib-0.bin,950,33554432,684.02,,
0,bench/30gib-0.bin,951,33554432,635.33,,
0,bench/30gib-0.bin,952,33554432,709.69,,
0,bench/30gib-0.bin,953,33554432,536.35,,
0,bench/30gib-0.bin,954,33554432,595.46,,
0,bench/30gib-0.bin,955,33554432,488.96,,
0,bench/30gib-0.bin,956,33554432,632.61,,
0,bench/30gib-0.bin,957,33554432,685.55,,
0,bench/30gib-0.bin,958,33554432,606.81,,
0,bench/30gib-0.bin,959,33554432,357.81,,
0,bench/30gib-0.bin,960,33554432,517.84,,
0,bench/30gib-1.bin,1,33554432,1560.44,,
0,bench/30gib-1.bin,2,33554432,1108.05,,
0,bench/30gib-1.bin,3,33554432,1504.29,,
0,bench/30gib-1.bin,4,33554432,1422.40,,
0,bench/30gib-1.bin,5,33554432,1438.96,,
0,bench/30gib-1.bin,6,33554432,1517.40,,
0,bench/30gib-1.bin,7,33554432,1196.50,,
0,bench/30gib-1.bin,8,33554432,1705.36,,
0,bench/30gib-1.bin,9,33554432,1944.38,,
0,bench/30gib-1.bin,10,33554432,1324.17,,
0,bench/30gib-1.bin,11,33554432,1738.40,,
0,bench/30gib-1.bin,12,33554432,1778.22,,
0,bench/30gib-1.bin,13,33554432,1436.75,,
0,bench/30gib-1.bin,14,33554432,1311.75,,
0,bench/30gib-1.bin,15,33554432,1335.98,,
0,bench/30gib-1.bin,16,33554432,1564.54,,
0,bench/30gib-1.bin,17,33554432,1537.26,,
0,bench/30gib-1.bin,18,33554432,1271.84,,
0,bench/30gib-1.bin,19,33554432,1685.75,,
0,bench/30gib-1.bin,20,33554432,1616.40,,
0,bench/30gib-1.bin,21,33554432,1720.13,,
0,bench/30gib-1.bin,22,33554432,1643.18,,
0,bench/30gib-1.bin,23,33554432,1347.62,,
0,bench/30gib-1.bin,24,33554432,1619.94,,
0,bench/30gib-1.bin,25,33554432,1571.01,,
0,bench/30gib-1.bin,26,33554432,1383.04,,
0,bench/30gib-1.bin,27,33554432,1637.43,,
0,bench/30gib-1.bin,28,33554432,1758.19,,
0,bench/30gib-1.bin,29,33554432,1174.73,,
0,bench/30gib-1.bin,30,33554432,1295.91,,
0,bench/30gib-1.bin,31,33554432,1037.66,,
0,bench/30gib-1.bin,32,33554432,1886.95,,
0,bench/30gib-1.bin,33,33554432,1118.63,,
0,bench/30gib-1.bin,34,33554432,1872.69,,
0,bench/30gib-1.bin,35,33554432,1560.41,,
0,bench/30gib-1.bin,36,33554432,1328.03,,
0,bench/30gib-1.bin,37,33554432,983.32,,
0,bench/30gib-1.bin,38,33554432,936.52,,
0,bench/30gib-1.bin,39,33554432,958.81,,
0,bench/30gib-1.bin,40,33554432,1144.28,,
0,bench/30gib-1.bin,41,33554432,1088.27,,
0,bench/30gib-1.bin,42,33554432,935.45,,
0,bench/30gib-1.bin,43,33554432,727.21,,
0,bench/30gib-1.bin,44,33554432,1167.68,,
0,bench/30gib-1.bin,45,33554432,1014.57,,
0,bench/30gib-1.bin,46,33554432,928.52,,
0,bench/30gib-1.bin,47,33554432,1085.37,,
0,bench/30gib-1.bin,48,33554432,1200.95,,
0,bench/30gib-1.bin,49,33554432,802.26,,
0,bench/30gib-1.bin,50,33554432,1071.04,,
0,bench/30gib-1.bin,51,33554432,880.68,,
0,bench/30gib-1.bin,52,33554432,1138.40,,
0,bench/30gib-1.bin,53,33554432,990.65,,
0,bench/30gib-1.bin,54,33554432,1104.42,,
0,bench/30gib-1.bin,55,33554432,981.47,,
0,bench/30gib-1.bin,56,33554432,853.71,,
0,bench/30gib-1.bin,57,33554432,1413.74,,
0,bench/30gib-1.bin,58,33554432,669.64,,
0,bench/30gib-1.bin,59,33554432,1282.81,,
0,bench/30gib-1.bin,60,33554432,826.28,,
0,bench/30gib-1.bin,61,33554432,878.83,,
0,bench/30gib-1.bin,62,33554432,948.21,,
0,bench/30gib-1.bin,63,33554432,722.53,,
0,bench/30gib-1.bin,64,33554432,784.86,,
0,bench/30gib-1.bin,65,33554432,679.67,,
0,bench/30gib-1.bin,66,33554432,1265.26,,
0,bench/30gib-1.bin,67,33554432,797.73,,
0,bench/30gib-1.bin,68,33554432,969.73,,
0,bench/30gib-1.bin,69,33554432,366.23,,
0,bench/30gib-1.bin,70,33554432,908.90,,
0,bench/30gib-1.bin,71,33554432,1233.67,,
0,bench/30gib-1.bin,72,33554432,549.15,,
0,bench/30gib-1.bin,73,33554432,797.75,,
0,bench/30gib-1.bin,74,33554432,778.45,,
0,bench/30gib-1.bin,75,33554432,420.65,,
0,bench/30gib-1.bin,76,33554432,710.55,,
0,bench/30gib-1.bin,77,33554432,628.07,,
0,bench/30gib-1.bin,78,33554432,1086.96,,
0,bench/30gib-1.bin,79,33554432,410.91,,
0,bench/30gib-1.bin,80,33554432,631.65,,
0,bench/30gib-1.bin,81,33554432,779.41,,
0,bench/30gib-1.bin,82,33554432,684.24,,
0,bench/30gib-1.bin,83,33554432,758.78,,
0,bench/30gib-1.bin,84,33554432,486.54,,
0,bench/30gib-1.bin,85,33554432,1014.33,,
0,bench/30gib-1.bin,86,33554432,461.66,,
0,bench/30gib-1.bin,87,33554432,441.30,,
0,bench/30gib-1.bin,88,33554432,675.80,,
0,bench/30gib-1.bin,89,33554432,492.14,,
0,bench/30gib-1.bin,90,33554432,845.04,,
0,bench/30gib-1.bin,91,33554432,1134.45,,
0,bench/30gib-1.bin,92,33554432,1123.31,,
0,bench/30gib-1.bin,93,33554432,602.97,,
0,bench/30gib-1.bin,94,33554432,844.57,,
0,bench/30gib-1.bin,95,33554432,599.49,,
0,bench/30gib-1.bin,96,33554432,844.03,,
0,bench/30gib-1.bin,97,33554432,494.17,,
0,bench/30gib-1.bin,98,33554432,780.16,,
0,bench/30gib-1.bin,99,33554432,955.72,,
0,bench/30gib-1.bin,100,33554432,938.87,,
0,bench/30gib-1.bin,101,33554432,691.07,,
0,bench/30gib-1.bin,102,33554432,837.24,,
0,bench/30gib-1.bin,103,33554432,532.46,,
0,bench/30gib-1.bin,104,33554432,791.66,,
0,bench/30gib-1.bin,105,33554432,776.60,,
0,bench/30gib-1.bin,106,33554432,531.53,,
0,bench/30gib-1.bin,107,33554432,469.10,,
0,bench/30gib-1.bin,108,33554432,794.96,,
0,bench/30gib-1.bin,109,33554432,527.51,,
0,bench/30gib-1.bin,110,33554432,858.59,,
0,bench/30gib-1.bin,111,33554432,577.65,,
0,bench/30gib-1.bin,112,33554432,983.85,,
0,bench/30gib-1.bin,113,33554432,625.12,,
0,bench/30gib-1.bin,114,33554432,602.25,,
0,bench/30gib-1.bin,115,33554432,531.77,,
0,bench/30gib-1.bin,116,33554432,526.38,,
0,bench/30gib-1.bin,117,33554432,687.52,,
0,bench/30gib-1.bin,118,33554432,521.43,,
0,bench/30gib-1.bin,119,33554432,902.55,,
0,bench/30gib-1.bin,120,33554432,560.89,,
0,bench/30gib-1.bin,121,33554432,428.97,,
0,bench/30gib-1.bin,122,33554432,877.51,,
0,bench/30gib-1.bin,123,33554432,343.74,,
0,bench/30gib-1.bin,124,33554432,783.52,,
0,bench/30gib-1.bin,125,33554432,676.74,,
0,bench/30gib-1.bin,126,33554432,823.28,,
0,bench/30gib-1.bin,127,33554432,542.58,,
0,bench/30gib-1.bin,128,33554432,443.61,,
0,bench/30gib-1.bin,129,33554432,820.94,,
0,bench/30gib-1.bin,130,33554432,813.57,,
0,bench/30gib-1.bin,131,33554432,479.94,,
0,bench/30gib-1.bin,132,33554432,471.17,,
0,bench/30gib-1.bin,133,33554432,452.90,,
0,bench/30gib-1.bin,134,33554432,661.38,,
0,bench/30gib-1.bin,135,33554432,591.79,,
0,bench/30gib-1.bin,136,33554432,483.79,,
0,bench/30gib-1.bin,137,33554432,684.84,,
0,bench/30gib-1.bin,138,33554432,582.34,,
0,bench/30gib-1.bin,139,33554432,812.55,,
0,bench/30gib-1.bin,140,33554432,522.33,,
0,bench/30gib-1.bin,141,33554432,552.91,,
0,bench/30gib-1.bin,142,33554432,717.75,,
0,bench/30gib-1.bin,143,33554432,521.81,,
0,bench/30gib-1.bin,144,33554432,777.59,,
0,bench/30gib-1.bin,145,33554432,644.99,,
0,bench/30gib-1.bin,146,33554432,844.17,,
0,bench/30gib-1.bin,147,33554432,528.77,,
0,bench/30gib-1.bin,148,33554432,437.05,,
0,bench/30gib-1.bin,149,33554432,674.65,,
0,bench/30gib-1.bin,150,33554432,523.32,,
0,bench/30gib-1.bin,151,33554432,835.61,,
0,bench/30gib-1.bin,152,33554432,446.83,,
0,bench/30gib-1.bin,153,33554432,760.17,,
0,bench/30gib-1.bin,154,33554432,811.78,,
0,bench/30gib-1.bin,155,33554432,591.94,,
0,bench/30gib-1.bin,156,33554432,568.25,,
0,bench/30gib-1.bin,157,33554432,623.98,,
0,bench/30gib-1.bin,158,33554432,523.91,,
0,bench/30gib-1.bin,159,33554432,361.62,,
0,bench/30gib-1.bin,160,33554432,708.43,,
0,bench/30gib-1.bin,161,33554432,415.84,,
0,bench/30gib-1.bin,162,33554432,546.82,,
0,bench/30gib-1.bin,163,33554432,673.09,,
0,bench/30gib-1.bin,164,33554432,538.75,,
0,bench/30gib-1.bin,165,33554432,617.73,,
0,bench/30gib-1.bin,166,33554432,896.72,,
0,bench/30gib-1.bin,167,33554432,735.25,,
0,bench/30gib-1.bin,168,33554432,372.42,,
0,bench/30gib-1.bin,169,33554432,412.05,,
0,bench/30gib-1.bin,170,33554432,393.26,,
0,bench/30gib-1.bin,171,33554432,607.37,,
0,bench/30gib-1.bin,172,33554432,472.36,,
0,bench/30gib-1.bin,173,33554432,647.49,,
0,bench/30gib-1.bin,174,33554432,1010.11,,
0,bench/30gib-1.bin,175,33554432,558.96,,
0,bench/30gib-1.bin,176,33554432,733.20,,
0,bench/30gib-1.bin,177,33554432,949.62,,
0,bench/30gib-1.bin,178,33554432,638.74,,
0,bench/30gib-1.bin,179,33554432,1002.06,,
0,bench/30gib-1.bin,180,33554432,849.98,,
0,bench/30gib-1.bin,181,33554432,758.26,,
0,bench/30gib-1.bin,182,33554432,511.50,,
0,bench/30gib-1.bin,183,33554432,571.34,,
0,bench/30gib-1.bin,184,33554432,587.90,,
0,bench/30gib-1.bin,185,33554432,467.10,,
0,bench/30gib-1.bin,186,33554432,637.93,,
0,bench/30gib-1.bin,187,33554432,748.19,,
0,bench/30gib-1.bin,188,33554432,916.42,,
0,bench/30gib-1.bin,189,33554432,689.87,,
0,bench/30gib-1.bin,190,33554432,653.24,,
0,bench/30gib-1.bin,191,33554432,647.46,,
0,bench/30gib-1.bin,192,33554432,505.34,,
0,bench/30gib-1.bin,193,33554432,607.12,,
0,bench/30gib-1.bin,194,33554432,702.74,,
0,bench/30gib-1.bin,195,33554432,554.74,,
0,bench/30gib-1.bin,196,33554432,549.81,,
0,bench/30gib-1.bin,197,33554432,641.52,,
0,bench/30gib-1.bin,198,33554432,782.39,,
0,bench/30gib-1.bin,199,33554432,489.32,,
0,bench/30gib-1.bin,200,33554432,632.00,,
0,bench/30gib-1.bin,201,33554432,452.31,,
0,bench/30gib-1.bin,202,33554432,512.73,,
0,bench/30gib-1.bin,203,33554432,488.86,,
0,bench/30gib-1.bin,204,33554432,868.72,,
0,bench/30gib-1.bin,205,33554432,497.94,,
0,bench/30gib-1.bin,206,33554432,552.20,,
0,bench/30gib-1.bin,207,33554432,717.31,,
0,bench/30gib-1.bin,208,33554432,711.60,,
0,bench/30gib-1.bin,209,33554432,525.34,,
0,bench/30gib-1.bin,210,33554432,586.13,,
0,bench/30gib-1.bin,211,33554432,666.84,,
0,bench/30gib-1.bin,212,33554432,544.13,,
0,bench/30gib-1.bin,213,33554432,625.02,,
0,bench/30gib-1.bin,214,33554432,701.81,,
0,bench/30gib-1.bin,215,33554432,570.38,,
0,bench/30gib-1.bin,216,33554432,802.42,,
0,bench/30gib-1.bin,217,33554432,736.09,,
0,bench/30gib-1.bin,218,33554432,562.87,,
0,bench/30gib-1.bin,219,33554432,788.10,,
0,bench/30gib-1.bin,220,33554432,560.43,,
0,bench/30gib-1.bin,221,33554432,828.04,,
0,bench/30gib-1.bin,222,33554432,823.50,,
0,bench/30gib-1.bin,223,33554432,629.66,,
0,bench/30gib-1.bin,224,33554432,541.28,,
0,bench/30gib-1.bin,225,33554432,790.93,,
0,bench/30gib-1.bin,226,33554432,490.67,,
0,bench/30gib-1.bin,227,33554432,825.52,,
0,bench/30gib-1.bin,228,33554432,488.68,,
0,bench/30gib-1.bin,229,33554432,586.45,,
0,bench/30gib-1.bin,230,33554432,535.99,,
0,bench/30gib-1.bin,231,33554432,518.80,,
0,bench/30gib-1.bin,232,33554432,555.76,,
0,bench/30gib-1.bin,233,33554432,710.28,,
0,bench/30gib-1.bin,234,33554432,679.18,,
0,bench/30gib-1.bin,235,33554432,681.59,,
0,bench/30gib-1.bin,236,33554432,887.82,,
0,bench/30gib-1.bin,237,33554432,744.44,,
0,bench/30gib-1.bin,238,33554432,591.36,,
0,bench/30gib-1.bin,239,33554432,759.87,,
0,bench/30gib-1.bin,240,33554432,526.50,,
0,bench/30gib-1.bin,241,33554432,506.70,,
0,bench/30gib-1.bin,242,33554432,485.92,,
0,bench/30gib-1.bin,243,33554432,555.99,,
0,bench/30gib-1.bin,244,33554432,412.47,,
0,bench/30gib-1.bin,245,33554432,810.27,,
0,bench/30gib-1.bin,246,33554432,485.38,,
0,bench/30gib-1.bin,247,33554432,618.51,,
0,bench/30gib-1.bin,248,33554432,656.24,,
0,bench/30gib-1.bin,249,33554432,780.93,,
0,bench/30gib-1.bin,250,33554432,719.26,,
0,bench/30gib-1.bin,251,33554432,583.92,,
0,bench/30gib-1.bin,252,33554432,571.62,,
0,bench/30gib-1.bin,253,33554432,818.94,,
0,bench/30gib-1.bin,254,33554432,789.24,,
0,bench/30gib-1.bin,255,33554432,366.55,,
0,bench/30gib-1.bin,256,33554432,472.98,,
0,bench/30gib-1.bin,257,33554432,558.58,,
0,bench/30gib-1.bin,258,33554432,493.65,,
0,bench/30gib-1.bin,259,33554432,676.69,,
0,bench/30gib-1.bin,260,33554432,726.67,,
0,bench/30gib-1.bin,261,33554432,511.59,,
0,bench/30gib-1.bin,262,33554432,448.52,,
0,bench/30gib-1.bin,263,33554432,594.42,,
0,bench/30gib-1.bin,264,33554432,633.29,,
0,bench/30gib-1.bin,265,33554432,623.57,,
0,bench/30gib-1.bin,266,33554432,541.40,,
0,bench/30gib-1.bin,267,33554432,594.03,,
0,bench/30gib-1.bin,268,33554432,458.12,,
0,bench/30gib-1.bin,269,33554432,1024.00,,
0,bench/30gib-1.bin,270,33554432,983.35,,
0,bench/30gib-1.bin,271,33554432,788.69,,
0,bench/30gib-1.bin,272,33554432,656.95,,
0,bench/30gib-1.bin,273,33554432,557.58,,
0,bench/30gib-1.bin,274,33554432,546.24,,
0,bench/30gib-1.bin,275,33554432,650.29,,
0,bench/30gib-1.bin,276,33554432,814.38,,
0,bench/30gib-1.bin,277,33554432,806.21,,
0,bench/30gib-1.bin,278,33554432,730.61,,
0,bench/30gib-1.bin,279,33554432,767.84,,
0,bench/30gib-1.bin,280,33554432,629.65,,
0,bench/30gib-1.bin,281,33554432,1133.61,,
0,bench/30gib-1.bin,282,33554432,747.53,,
0,bench/30gib-1.bin,283,33554432,536.84,,
0,bench/30gib-1.bin,284,33554432,638.36,,
0,bench/30gib-1.bin,285,33554432,677.63,,
0,bench/30gib-1.bin,286,33554432,568.64,,
0,bench/30gib-1.bin,287,33554432,538.93,,
0,bench/30gib-1.bin,288,33554432,554.72,,
0,bench/30gib-1.bin,289,33554432,613.92,,
0,bench/30gib-1.bin,290,33554432,790.19,,
0,bench/30gib-1.bin,291,33554432,651.11,,
0,bench/30gib-1.bin,292,33554432,834.56,,
0,bench/30gib-1.bin,293,33554432,436.62,,
0,bench/30gib-1.bin,294,33554432,1122.63,,
0,bench/30gib-1.bin,295,33554432,589.91,,
0,bench/30gib-1.bin,296,33554432,537.58,,
0,bench/30gib-1.bin,297,33554432,573.87,,
0,bench/30gib-1.bin,298,33554432,528.39,,
0,bench/30gib-1.bin,299,33554432,672.14,,
0,bench/30gib-1.bin,300,33554432,584.34,,
0,bench/30gib-1.bin,301,33554432,483.18,,
0,bench/30gib-1.bin,302,33554432,716.31,,
0,bench/30gib-1.bin,303,33554432,538.49,,
0,bench/30gib-1.bin,304,33554432,732.80,,
0,bench/30gib-1.bin,305,33554432,633.22,,
0,bench/30gib-1.bin,306,33554432,476.77,,
0,bench/30gib-1.bin,307,33554432,742.44,,
0,bench/30gib-1.bin,308,33554432,603.88,,
0,bench/30gib-1.bin,309,33554432,828.52,,
0,bench/30gib-1.bin,310,33554432,791.55,,
0,bench/30gib-1.bin,311,33554432,474.04,,
0,bench/30gib-1.bin,312,33554432,443.70,,
0,bench/30gib-1.bin,313,33554432,411.01,,
0,bench/30gib-1.bin,314,33554432,804.72,,
0,bench/30gib-1.bin,315,33554432,583.77,,
0,bench/30gib-1.bin,316,33554432,746.36,,
0,bench/30gib-1.bin,317,33554432,597.74,,
0,bench/30gib-1.bin,318,33554432,721.45,,
0,bench/30gib-1.bin,319,33554432,978.57,,
0,bench/30gib-1.bin,320,33554432,887.18,,
0,bench/30gib-1.bin,321,33554432,919.25,,
0,bench/30gib-1.bin,322,33554432,594.50,,
0,bench/30gib-1.bin,323,33554432,615.40,,
0,bench/30gib-1.bin,324,33554432,634.34,,
0,bench/30gib-1.bin,325,33554432,961.34,,
0,bench/30gib-1.bin,326,33554432,812.75,,
0,bench/30gib-1.bin,327,33554432,889.44,,
0,bench/30gib-1.bin,328,33554432,654.36,,
0,bench/30gib-1.bin,329,33554432,810.47,,
0,bench/30gib-1.bin,330,33554432,612.23,,
0,bench/30gib-1.bin,331,33554432,612.50,,
0,bench/30gib-1.bin,332,33554432,531.44,,
0,bench/30gib-1.bin,333,33554432,577.75,,
0,bench/30gib-1.bin,334,33554432,631.17,,
0,bench/30gib-1.bin,335,33554432,521.53,,
0,bench/30gib-1.bin,336,33554432,542.09,,
0,bench/30gib-1.bin,337,33554432,521.20,,
0,bench/30gib-1.bin,338,33554432,696.79,,
0,bench/30gib-1.bin,339,33554432,593.79,,
0,bench/30gib-1.bin,340,33554432,723.54,,
0,bench/30gib-1.bin,341,33554432,609.64,,
0,bench/30gib-1.bin,342,33554432,917.94,,
0,bench/30gib-1.bin,343,33554432,688.54,,
0,bench/30gib-1.bin,344,33554432,563.45,,
0,bench/30gib-1.bin,345,33554432,743.23,,
0,bench/30gib-1.bin,346,33554432,561.71,,
0,bench/30gib-1.bin,347,33554432,596.35,,
0,bench/30gib-1.bin,348,33554432,497.23,,
0,bench/30gib-1.bin,349,33554432,729.90,,
0,bench/30gib-1.bin,350,33554432,590.31,,
0,bench/30gib-1.bin,351,33554432,582.18,,
0,bench/30gib-1.bin,352,33554432,874.68,,
0,bench/30gib-1.bin,353,33554432,518.56,,
0,bench/30gib-1.bin,354,33554432,551.21,,
0,bench/30gib-1.bin,355,33554432,454.08,,
0,bench/30gib-1.bin,356,33554432,601.09,,
0,bench/30gib-1.bin,357,33554432,669.69,,
0,bench/30gib-1.bin,358,33554432,613.43,,
0,bench/30gib-1.bin,359,33554432,682.33,,
0,bench/30gib-1.bin,360,33554432,682.07,,
0,bench/30gib-1.bin,361,33554432,744.16,,
0,bench/30gib-1.bin,362,33554432,480.91,,
0,bench/30gib-1.bin,363,33554432,897.30,,
0,bench/30gib-1.bin,364,33554432,516.58,,
0,bench/30gib-1.bin,365,33554432,677.65,,
0,bench/30gib-1.bin,366,33554432,989.11,,
0,bench/30gib-1.bin,367,33554432,440.16,,
0,bench/30gib-1.bin,368,33554432,794.06,,
0,bench/30gib-1.bin,369,33554432,671.03,,
0,bench/30gib-1.bin,370,33554432,491.89,,
0,bench/30gib-1.bin,371,33554432,731.61,,
0,bench/30gib-1.bin,372,33554432,715.94,,
0,bench/30gib-1.bin,373,33554432,789.90,,
0,bench/30gib-1.bin,374,33554432,504.59,,
0,bench/30gib-1.bin,375,33554432,518.99,,
0,bench/30gib-1.bin,376,33554432,653.80,,
0,bench/30gib-1.bin,377,33554432,661.84,,
0,bench/30gib-1.bin,378,33554432,610.14,,
0,bench/30gib-1.bin,379,33554432,553.36,,
0,bench/30gib-1.bin,380,33554432,473.40,,
0,bench/30gib-1.bin,381,33554432,833.94,,
0,bench/30gib-1.bin,382,33554432,491.26,,
0,bench/30gib-1.bin,383,33554432,610.60,,
0,bench/30gib-1.bin,384,33554432,571.11,,
0,bench/30gib-1.bin,385,33554432,697.98,,
0,bench/30gib-1.bin,386,33554432,719.58,,
0,bench/30gib-1.bin,387,33554432,639.34,,
0,bench/30gib-1.bin,388,33554432,588.96,,
0,bench/30gib-1.bin,389,33554432,678.35,,
0,bench/30gib-1.bin,390,33554432,608.72,,
0,bench/30gib-1.bin,391,33554432,665.69,,
0,bench/30gib-1.bin,392,33554432,631.64,,
0,bench/30gib-1.bin,393,33554432,631.20,,
0,bench/30gib-1.bin,394,33554432,548.95,,
0,bench/30gib-1.bin,395,33554432,656.90,,
0,bench/30gib-1.bin,396,33554432,704.87,,
0,bench/30gib-1.bin,397,33554432,644.21,,
0,bench/30gib-1.bin,398,33554432,883.09,,
0,bench/30gib-1.bin,399,33554432,569.47,,
0,bench/30gib-1.bin,400,33554432,620.48,,
0,bench/30gib-1.bin,401,33554432,650.05,,
0,bench/30gib-1.bin,402,33554432,715.97,,
0,bench/30gib-1.bin,403,33554432,647.04,,
0,bench/30gib-1.bin,404,33554432,717.55,,
0,bench/30gib-1.bin,405,33554432,457.42,,
0,bench/30gib-1.bin,406,33554432,657.88,,
0,bench/30gib-1.bin,407,33554432,625.08,,
0,bench/30gib-1.bin,408,33554432,650.85,,
0,bench/30gib-1.bin,409,33554432,619.89,,
0,bench/30gib-1.bin,410,33554432,896.64,,
0,bench/30gib-1.bin,411,33554432,481.35,,
0,bench/30gib-1.bin,412,33554432,712.72,,
0,bench/30gib-1.bin,413,33554432,557.83,,
0,bench/30gib-1.bin,414,33554432,706.03,,
0,bench/30gib-1.bin,415,33554432,747.78,,
0,bench/30gib-1.bin,416,33554432,536.83,,
0,bench/30gib-1.bin,417,33554432,969.22,,
0,bench/30gib-1.bin,418,33554432,569.11,,
0,bench/30gib-1.bin,419,33554432,701.97,,
0,bench/30gib-1.bin,420,33554432,438.81,,
0,bench/30gib-1.bin,421,33554432,896.38,,
0,bench/30gib-1.bin,422,33554432,729.60,,
0,bench/30gib-1.bin,423,33554432,587.87,,
0,bench/30gib-1.bin,424,33554432,557.29,,
0,bench/30gib-1.bin,425,33554432,435.22,,
0,bench/30gib-1.bin,426,33554432,720.97,,
0,bench/30gib-1.bin,427,33554432,972.61,,
0,bench/30gib-1.bin,428,33554432,854.87,,
0,bench/30gib-1.bin,429,33554432,631.12,,
0,bench/30gib-1.bin,430,33554432,568.10,,
0,bench/30gib-1.bin,431,33554432,558.14,,
0,bench/30gib-1.bin,432,33554432,521.04,,
0,bench/30gib-1.bin,433,33554432,427.72,,
0,bench/30gib-1.bin,434,33554432,445.74,,
0,bench/30gib-1.bin,435,33554432,560.74,,
0,bench/30gib-1.bin,436,33554432,794.14,,
0,bench/30gib-1.bin,437,33554432,813.08,,
0,bench/30gib-1.bin,438,33554432,768.60,,
0,bench/30gib-1.bin,439,33554432,559.39,,
0,bench/30gib-1.bin,440,33554432,607.67,,
0,bench/30gib-1.bin,441,33554432,620.16,,
0,bench/30gib-1.bin,442,33554432,863.41,,
0,bench/30gib-1.bin,443,33554432,888.68,,
0,bench/30gib-1.bin,444,33554432,808.21,,
0,bench/30gib-1.bin,445,33554432,484.15,,
0,bench/30gib-1.bin,446,33554432,660.06,,
0,bench/30gib-1.bin,447,33554432,757.80,,
0,bench/30gib-1.bin,448,33554432,589.17,,
0,bench/30gib-1.bin,449,33554432,485.85,,
0,bench/30gib-1.bin,450,33554432,669.42,,
0,bench/30gib-1.bin,451,33554432,504.53,,
0,bench/30gib-1.bin,452,33554432,567.09,,
0,bench/30gib-1.bin,453,33554432,779.97,,
0,bench/30gib-1.bin,454,33554432,626.07,,
0,bench/30gib-1.bin,455,33554432,545.77,,
0,bench/30gib-1.bin,456,33554432,637.34,,
0,bench/30gib-1.bin,457,33554432,787.57,,
0,bench/30gib-1.bin,458,33554432,613.28,,
0,bench/30gib-1.bin,459,33554432,700.50,,
0,bench/30gib-1.bin,460,33554432,485.03,,
0,bench/30gib-1.bin,461,33554432,619.37,,
0,bench/30gib-1.bin,462,33554432,571.64,,
0,bench/30gib-1.bin,463,33554432,555.62,,
0,bench/30gib-1.bin,464,33554432,854.22,,
0,bench/30gib-1.bin,465,33554432,537.89,,
0,bench/30gib-1.bin,466,33554432,487.68,,
0,bench/30gib-1.bin,467,33554432,459.49,,
0,bench/30gib-1.bin,468,33554432,542.29,,
0,bench/30gib-1.bin,469,33554432,1113.19,,
0,bench/30gib-1.bin,470,33554432,489.80,,
0,bench/30gib-1.bin,471,33554432,619.01,,
0,bench/30gib-1.bin,472,33554432,502.44,,
0,bench/30gib-1.bin,473,33554432,807.95,,
0,bench/30gib-1.bin,474,33554432,807.38,,
0,bench/30gib-1.bin,475,33554432,743.01,,
0,bench/30gib-1.bin,476,33554432,670.81,,
0,bench/30gib-1.bin,477,33554432,675.18,,
0,bench/30gib-1.bin,478,33554432,557.10,,
0,bench/30gib-1.bin,479,33554432,435.90,,
0,bench/30gib-1.bin,480,33554432,652.45,,
0,bench/30gib-1.bin,481,33554432,597.12,,
0,bench/30gib-1.bin,482,33554432,824.34,,
0,bench/30gib-1.bin,483,33554432,1012.68,,
0,bench/30gib-1.bin,484,33554432,640.82,,
0,bench/30gib-1.bin,485,33554432,550.28,,
0,bench/30gib-1.bin,486,33554432,971.09,,
0,bench/30gib-1.bin,487,33554432,583.48,,
0,bench/30gib-1.bin,488,33554432,538.48,,
0,bench/30gib-1.bin,489,33554432,819.47,,
0,bench/30gib-1.bin,490,33554432,773.64,,
0,bench/30gib-1.bin,491,33554432,471.63,,
0,bench/30gib-1.bin,492,33554432,1031.69,,
0,bench/30gib-1.bin,493,33554432,588.37,,
0,bench/30gib-1.bin,494,33554432,658.06,,
0,bench/30gib-1.bin,495,33554432,763.53,,
0,bench/30gib-1.bin,496,33554432,467.96,,
0,bench/30gib-1.bin,497,33554432,799.97,,
0,bench/30gib-1.bin,498,33554432,670.99,,
0,bench/30gib-1.bin,499,33554432,485.34,,
0,bench/30gib-1.bin,500,33554432,561.53,,
0,bench/30gib-1.bin,501,33554432,388.52,,
0,bench/30gib-1.bin,502,33554432,454.72,,
0,bench/30gib-1.bin,503,33554432,455.99,,
0,bench/30gib-1.bin,504,33554432,684.55,,
0,bench/30gib-1.bin,505,33554432,514.23,,
0,bench/30gib-1.bin,506,33554432,543.45,,
0,bench/30gib-1.bin,507,33554432,468.69,,
0,bench/30gib-1.bin,508,33554432,423.34,,
0,bench/30gib-1.bin,509,33554432,453.10,,
0,bench/30gib-1.bin,510,33554432,770.32,,
0,bench/30gib-1.bin,511,33554432,611.78,,
0,bench/30gib-1.bin,512,33554432,404.11,,
0,bench/30gib-1.bin,513,33554432,379.97,,
0,bench/30gib-1.bin,514,33554432,573.28,,
0,bench/30gib-1.bin,515,33554432,734.58,,
0,bench/30gib-1.bin,516,33554432,709.15,,
0,bench/30gib-1.bin,517,33554432,550.07,,
0,bench/30gib-1.bin,518,33554432,509.28,,
0,bench/30gib-1.bin,519,33554432,505.11,,
0,bench/30gib-1.bin,520,33554432,674.67,,
0,bench/30gib-1.bin,521,33554432,534.31,,
0,bench/30gib-1.bin,522,33554432,545.44,,
0,bench/30gib-1.bin,523,33554432,725.57,,
0,bench/30gib-1.bin,524,33554432,783.69,,
0,bench/30gib-1.bin,525,33554432,783.33,,
0,bench/30gib-1.bin,526,33554432,756.18,,
0,bench/30gib-1.bin,527,33554432,615.08,,
0,bench/30gib-1.bin,528,33554432,419.21,,
0,bench/30gib-1.bin,529,33554432,663.23,,
0,bench/30gib-1.bin,530,33554432,501.59,,
0,bench/30gib-1.bin,531,33554432,734.18,,
0,bench/30gib-1.bin,532,33554432,782.66,,
0,bench/30gib-1.bin,533,33554432,838.92,,
0,bench/30gib-1.bin,534,33554432,531.73,,
0,bench/30gib-1.bin,535,33554432,496.97,,
0,bench/30gib-1.bin,536,33554432,519.70,,
0,bench/30gib-1.bin,537,33554432,772.62,,
0,bench/30gib-1.bin,538,33554432,567.40,,
0,bench/30gib-1.bin,539,33554432,600.70,,
0,bench/30gib-1.bin,540,33554432,518.01,,
0,bench/30gib-1.bin,541,33554432,544.36,,
0,bench/30gib-1.bin,542,33554432,466.13,,
0,bench/30gib-1.bin,543,33554432,627.92,,
0,bench/30gib-1.bin,544,33554432,863.10,,
0,bench/30gib-1.bin,545,33554432,426.11,,
0,bench/30gib-1.bin,546,33554432,722.70,,
0,bench/30gib-1.bin,547,33554432,538.10,,
0,bench/30gib-1.bin,548,33554432,616.62,,
0,bench/30gib-1.bin,549,33554432,619.95,,
0,bench/30gib-1.bin,550,33554432,578.37,,
0,bench/30gib-1.bin,551,33554432,619.62,,
0,bench/30gib-1.bin,552,33554432,539.90,,
0,bench/30gib-1.bin,553,33554432,552.84,,
0,bench/30gib-1.bin,554,33554432,831.47,,
0,bench/30gib-1.bin,555,33554432,880.04,,
0,bench/30gib-1.bin,556,33554432,761.67,,
0,bench/30gib-1.bin,557,33554432,549.89,,
0,bench/30gib-1.bin,558,33554432,656.07,,
0,bench/30gib-1.bin,559,33554432,726.93,,
0,bench/30gib-1.bin,560,33554432,453.14,,
0,bench/30gib-1.bin,561,33554432,905.78,,
0,bench/30gib-1.bin,562,33554432,416.17,,
0,bench/30gib-1.bin,563,33554432,565.25,,
0,bench/30gib-1.bin,564,33554432,540.37,,
0,bench/30gib-1.bin,565,33554432,712.59,,
0,bench/30gib-1.bin,566,33554432,709.53,,
0,bench/30gib-1.bin,567,33554432,783.45,,
0,bench/30gib-1.bin,568,33554432,574.20,,
0,bench/30gib-1.bin,569,33554432,397.86,,
0,bench/30gib-1.bin,570,33554432,555.60,,
0,bench/30gib-1.bin,571,33554432,897.46,,
0,bench/30gib-1.bin,572,33554432,623.88,,
0,bench/30gib-1.bin,573,33554432,774.38,,
0,bench/30gib-1.bin,574,33554432,599.20,,
0,bench/30gib-1.bin,575,33554432,976.18,,
0,bench/30gib-1.bin,576,33554432,500.07,,
0,bench/30gib-1.bin,577,33554432,519.84,,
0,bench/30gib-1.bin,578,33554432,518.98,,
0,bench/30gib-1.bin,579,33554432,559.35,,
0,bench/30gib-1.bin,580,33554432,761.11,,
0,bench/30gib-1.bin,581,33554432,699.30,,
0,bench/30gib-1.bin,582,33554432,566.46,,
0,bench/30gib-1.bin,583,33554432,549.95,,
0,bench/30gib-1.bin,584,33554432,517.41,,
0,bench/30gib-1.bin,585,33554432,444.04,,
0,bench/30gib-1.bin,586,33554432,580.26,,
0,bench/30gib-1.bin,587,33554432,658.71,,
0,bench/30gib-1.bin,588,33554432,859.39,,
0,bench/30gib-1.bin,589,33554432,453.17,,
0,bench/30gib-1.bin,590,33554432,563.59,,
0,bench/30gib-1.bin,591,33554432,701.66,,
0,bench/30gib-1.bin,592,33554432,685.75,,
0,bench/30gib-1.bin,593,33554432,675.39,,
0,bench/30gib-1.bin,594,33554432,584.22,,
0,bench/30gib-1.bin,595,33554432,585.75,,
0,bench/30gib-1.bin,596,33554432,548.30,,
0,bench/30gib-1.bin,597,33554432,893.27,,
0,bench/30gib-1.bin,598,33554432,686.51,,
0,bench/30gib-1.bin,599,33554432,789.74,,
0,bench/30gib-1.bin,600,33554432,904.23,,
0,bench/30gib-1.bin,601,33554432,528.85,,
0,bench/30gib-1.bin,602,33554432,593.57,,
0,bench/30gib-1.bin,603,33554432,494.33,,
0,bench/30gib-1.bin,604,33554432,563.99,,
0,bench/30gib-1.bin,605,33554432,560.72,,
0,bench/30gib-1.bin,606,33554432,607.77,,
0,bench/30gib-1.bin,607,33554432,674.58,,
0,bench/30gib-1.bin,608,33554432,772.04,,
0,bench/30gib-1.bin,609,33554432,531.05,,
0,bench/30gib-1.bin,610,33554432,590.32,,
0,bench/30gib-1.bin,611,33554432,581.90,,
0,bench/30gib-1.bin,612,33554432,572.25,,
0,bench/30gib-1.bin,613,33554432,590.54,,
0,bench/30gib-1.bin,614,33554432,529.20,,
0,bench/30gib-1.bin,615,33554432,532.26,,
0,bench/30gib-1.bin,616,33554432,582.96,,
0,bench/30gib-1.bin,617,33554432,700.05,,
0,bench/30gib-1.bin,618,33554432,937.59,,
0,bench/30gib-1.bin,619,33554432,836.03,,
0,bench/30gib-1.bin,620,33554432,611.51,,
0,bench/30gib-1.bin,621,33554432,701.43,,
0,bench/30gib-1.bin,622,33554432,628.61,,
0,bench/30gib-1.bin,623,33554432,540.86,,
0,bench/30gib-1.bin,624,33554432,591.94,,
0,bench/30gib-1.bin,625,33554432,617.91,,
0,bench/30gib-1.bin,626,33554432,482.86,,
0,bench/30gib-1.bin,627,33554432,663.02,,
0,bench/30gib-1.bin,628,33554432,521.91,,
0,bench/30gib-1.bin,629,33554432,660.96,,
0,bench/30gib-1.bin,630,33554432,428.62,,
0,bench/30gib-1.bin,631,33554432,780.31,,
0,bench/30gib-1.bin,632,33554432,700.94,,
0,bench/30gib-1.bin,633,33554432,492.73,,
0,bench/30gib-1.bin,634,33554432,444.89,,
0,bench/30gib-1.bin,635,33554432,609.05,,
0,bench/30gib-1.bin,636,33554432,501.18,,
0,bench/30gib-1.bin,637,33554432,613.66,,
0,bench/30gib-1.bin,638,33554432,622.39,,
0,bench/30gib-1.bin,639,33554432,824.82,,
0,bench/30gib-1.bin,640,33554432,795.28,,
0,bench/30gib-1.bin,641,33554432,612.27,,
0,bench/30gib-1.bin,642,33554432,559.84,,
0,bench/30gib-1.bin,643,33554432,527.80,,
0,bench/30gib-1.bin,644,33554432,558.70,,
0,bench/30gib-1.bin,645,33554432,677.55,,
0,bench/30gib-1.bin,646,33554432,763.38,,
0,bench/30gib-1.bin,647,33554432,654.97,,
0,bench/30gib-1.bin,648,33554432,507.13,,
0,bench/30gib-1.bin,649,33554432,658.38,,
0,bench/30gib-1.bin,650,33554432,551.24,,
0,bench/30gib-1.bin,651,33554432,530.03,,
0,bench/30gib-1.bin,652,33554432,486.09,,
0,bench/30gib-1.bin,653,33554432,626.21,,
0,bench/30gib-1.bin,654,33554432,866.41,,
0,bench/30gib-1.bin,655,33554432,525.10,,
0,bench/30gib-1.bin,656,33554432,440.14,,
0,bench/30gib-1.bin,657,33554432,556.26,,
0,bench/30gib-1.bin,658,33554432,587.71,,
0,bench/30gib-1.bin,659,33554432,608.58,,
0,bench/30gib-1.bin,660,33554432,770.27,,
0,bench/30gib-1.bin,661,33554432,696.18,,
0,bench/30gib-1.bin,662,33554432,565.43,,
0,bench/30gib-1.bin,663,33554432,643.38,,
0,bench/30gib-1.bin,664,33554432,537.38,,
0,bench/30gib-1.bin,665,33554432,564.00,,
0,bench/30gib-1.bin,666,33554432,657.58,,
0,bench/30gib-1.bin,667,33554432,618.10,,
0,bench/30gib-1.bin,668,33554432,710.33,,
0,bench/30gib-1.bin,669,33554432,642.23,,
0,bench/30gib-1.bin,670,33554432,789.77,,
0,bench/30gib-1.bin,671,33554432,674.83,,
0,bench/30gib-1.bin,672,33554432,605.86,,
0,bench/30gib-1.bin,673,33554432,644.66,,
0,bench/30gib-1.bin,674,33554432,790.16,,
0,bench/30gib-1.bin,675,33554432,425.54,,
0,bench/30gib-1.bin,676,33554432,505.39,,
0,bench/30gib-1.bin,677,33554432,427.78,,
0,bench/30gib-1.bin,678,33554432,405.10,,
0,bench/30gib-1.bin,679,33554432,843.04,,
0,bench/30gib-1.bin,680,33554432,866.95,,
0,bench/30gib-1.bin,681,33554432,754.11,,
0,bench/30gib-1.bin,682,33554432,623.44,,
0,bench/30gib-1.bin,683,33554432,793.15,,
0,bench/30gib-1.bin,684,33554432,745.51,,
0,bench/30gib-1.bin,685,33554432,744.03,,
0,bench/30gib-1.bin,686,33554432,693.77,,
0,bench/30gib-1.bin,687,33554432,680.38,,
0,bench/30gib-1.bin,688,33554432,841.09,,
0,bench/30gib-1.bin,689,33554432,655.50,,
0,bench/30gib-1.bin,690,33554432,513.67,,
0,bench/30gib-1.bin,691,33554432,718.83,,
0,bench/30gib-1.bin,692,33554432,559.31,,
0,bench/30gib-1.bin,693,33554432,548.43,,
0,bench/30gib-1.bin,694,33554432,551.43,,
0,bench/30gib-1.bin,695,33554432,873.23,,
0,bench/30gib-1.bin,696,33554432,533.17,,
0,bench/30gib-1.bin,697,33554432,774.74,,
0,bench/30gib-1.bin,698,33554432,503.70,,
0,bench/30gib-1.bin,699,33554432,823.99,,
0,bench/30gib-1.bin,700,33554432,557.33,,
0,bench/30gib-1.bin,701,33554432,544.56,,
0,bench/30gib-1.bin,702,33554432,739.16,,
0,bench/30gib-1.bin,703,33554432,591.41,,
0,bench/30gib-1.bin,704,33554432,500.89,,
0,bench/30gib-1.bin,705,33554432,570.15,,
0,bench/30gib-1.bin,706,33554432,546.23,,
0,bench/30gib-1.bin,707,33554432,758.47,,
0,bench/30gib-1.bin,708,33554432,910.94,,
0,bench/30gib-1.bin,709,33554432,916.81,,
0,bench/30gib-1.bin,710,33554432,519.55,,
0,bench/30gib-1.bin,711,33554432,951.39,,
0,bench/30gib-1.bin,712,33554432,676.02,,
0,bench/30gib-1.bin,713,33554432,522.00,,
0,bench/30gib-1.bin,714,33554432,845.75,,
0,bench/30gib-1.bin,715,33554432,693.74,,
0,bench/30gib-1.bin,716,33554432,428.86,,
0,bench/30gib-1.bin,717,33554432,578.06,,
0,bench/30gib-1.bin,718,33554432,516.51,,
0,bench/30gib-1.bin,719,33554432,869.14,,
0,bench/30gib-1.bin,720,33554432,653.61,,
0,bench/30gib-1.bin,721,33554432,540.09,,
0,bench/30gib-1.bin,722,33554432,800.84,,
0,bench/30gib-1.bin,723,33554432,539.24,,
0,bench/30gib-1.bin,724,33554432,529.26,,
0,bench/30gib-1.bin,725,33554432,902.08,,
0,bench/30gib-1.bin,726,33554432,1037.19,,
0,bench/30gib-1.bin,727,33554432,591.18,,
0,bench/30gib-1.bin,728,33554432,761.49,,
0,bench/30gib-1.bin,729,33554432,790.43,,
0,bench/30gib-1.bin,730,33554432,872.77,,
0,bench/30gib-1.bin,731,33554432,599.06,,
0,bench/30gib-1.bin,732,33554432,759.82,,
0,bench/30gib-1.bin,733,33554432,520.89,,
0,bench/30gib-1.bin,734,33554432,635.85,,
0,bench/30gib-1.bin,735,33554432,715.65,,
0,bench/30gib-1.bin,736,33554432,913.08,,
0,bench/30gib-1.bin,737,33554432,571.19,,
0,bench/30gib-1.bin,738,33554432,582.91,,
0,bench/30gib-1.bin,739,33554432,537.96,,
0,bench/30gib-1.bin,740,33554432,584.44,,
0,bench/30gib-1.bin,741,33554432,527.11,,
0,bench/30gib-1.bin,742,33554432,852.07,,
0,bench/30gib-1.bin,743,33554432,580.71,,
0,bench/30gib-1.bin,744,33554432,556.87,,
0,bench/30gib-1.bin,745,33554432,671.55,,
0,bench/30gib-1.bin,746,33554432,479.89,,
0,bench/30gib-1.bin,747,33554432,547.37,,
0,bench/30gib-1.bin,748,33554432,551.56,,
0,bench/30gib-1.bin,749,33554432,971.47,,
0,bench/30gib-1.bin,750,33554432,627.88,,
0,bench/30gib-1.bin,751,33554432,618.95,,
0,bench/30gib-1.bin,752,33554432,526.44,,
0,bench/30gib-1.bin,753,33554432,508.29,,
0,bench/30gib-1.bin,754,33554432,646.88,,
0,bench/30gib-1.bin,755,33554432,729.08,,
0,bench/30gib-1.bin,756,33554432,720.21,,
0,bench/30gib-1.bin,757,33554432,618.71,,
0,bench/30gib-1.bin,758,33554432,703.56,,
0,bench/30gib-1.bin,759,33554432,506.54,,
0,bench/30gib-1.bin,760,33554432,666.05,,
0,bench/30gib-1.bin,761,33554432,582.23,,
0,bench/30gib-1.bin,762,33554432,451.56,,
0,bench/30gib-1.bin,763,33554432,637.64,,
0,bench/30gib-1.bin,764,33554432,632.41,,
0,bench/30gib-1.bin,765,33554432,707.42,,
0,bench/30gib-1.bin,766,33554432,734.48,,
0,bench/30gib-1.bin,767,33554432,674.29,,
0,bench/30gib-1.bin,768,33554432,698.41,,
0,bench/30gib-1.bin,769,33554432,588.62,,
0,bench/30gib-1.bin,770,33554432,447.85,,
0,bench/30gib-1.bin,771,33554432,572.87,,
0,bench/30gib-1.bin,772,33554432,891.44,,
0,bench/30gib-1.bin,773,33554432,655.99,,
0,bench/30gib-1.bin,774,33554432,683.66,,
0,bench/30gib-1.bin,775,33554432,529.48,,
0,bench/30gib-1.bin,776,33554432,489.06,,
0,bench/30gib-1.bin,777,33554432,696.68,,
0,bench/30gib-1.bin,778,33554432,709.35,,
0,bench/30gib-1.bin,779,33554432,515.16,,
0,bench/30gib-1.bin,780,33554432,699.12,,
0,bench/30gib-1.bin,781,33554432,610.86,,
0,bench/30gib-1.bin,782,33554432,657.30,,
0,bench/30gib-1.bin,783,33554432,388.87,,
0,bench/30gib-1.bin,784,33554432,674.55,,
0,bench/30gib-1.bin,785,33554432,683.27,,
0,bench/30gib-1.bin,786,33554432,744.05,,
0,bench/30gib-1.bin,787,33554432,707.67,,
0,bench/30gib-1.bin,788,33554432,633.62,,
0,bench/30gib-1.bin,789,33554432,564.49,,
0,bench/30gib-1.bin,790,33554432,606.05,,
0,bench/30gib-1.bin,791,33554432,617.74,,
0,bench/30gib-1.bin,792,33554432,810.37,,
0,bench/30gib-1.bin,793,33554432,755.17,,
0,bench/30gib-1.bin,794,33554432,647.32,,
0,bench/30gib-1.bin,795,33554432,916.31,,
0,bench/30gib-1.bin,796,33554432,554.78,,
0,bench/30gib-1.bin,797,33554432,844.57,,
0,bench/30gib-1.bin,798,33554432,523.60,,
0,bench/30gib-1.bin,799,33554432,842.40,,
0,bench/30gib-1.bin,800,33554432,741.07,,
0,bench/30gib-1.bin,801,33554432,623.84,,
0,bench/30gib-1.bin,802,33554432,580.80,,
0,bench/30gib-1.bin,803,33554432,856.15,,
0,bench/30gib-1.bin,804,33554432,637.38,,
0,bench/30gib-1.bin,805,33554432,745.31,,
0,bench/30gib-1.bin,806,33554432,878.40,,
0,bench/30gib-1.bin,807,33554432,668.52,,
0,bench/30gib-1.bin,808,33554432,661.84,,
0,bench/30gib-1.bin,809,33554432,576.09,,
0,bench/30gib-1.bin,810,33554432,633.00,,
0,bench/30gib-1.bin,811,33554432,590.27,,
0,bench/30gib-1.bin,812,33554432,682.35,,
0,bench/30gib-1.bin,813,33554432,655.12,,
0,bench/30gib-1.bin,814,33554432,652.12,,
0,bench/30gib-1.bin,815,33554432,636.28,,
0,bench/30gib-1.bin,816,33554432,623.59,,
0,bench/30gib-1.bin,817,33554432,690.85,,
0,bench/30gib-1.bin,818,33554432,620.84,,
0,bench/30gib-1.bin,819,33554432,425.71,,
0,bench/30gib-1.bin,820,33554432,503.54,,
0,bench/30gib-1.bin,821,33554432,742.47,,
0,bench/30gib-1.bin,822,33554432,558.96,,
0,bench/30gib-1.bin,823,33554432,450.91,,
0,bench/30gib-1.bin,824,33554432,907.28,,
0,bench/30gib-1.bin,825,33554432,588.47,,
0,bench/30gib-1.bin,826,33554432,870.96,,
0,bench/30gib-1.bin,827,33554432,479.90,,
0,bench/30gib-1.bin,828,33554432,677.76,,
0,bench/30gib-1.bin,829,33554432,575.92,,
0,bench/30gib-1.bin,830,33554432,495.26,,
0,bench/30gib-1.bin,831,33554432,806.43,,
0,bench/30gib-1.bin,832,33554432,679.32,,
0,bench/30gib-1.bin,833,33554432,554.10,,
0,bench/30gib-1.bin,834,33554432,764.06,,
0,bench/30gib-1.bin,835,33554432,626.37,,
0,bench/30gib-1.bin,836,33554432,576.35,,
0,bench/30gib-1.bin,837,33554432,486.38,,
0,bench/30gib-1.bin,838,33554432,626.15,,
0,bench/30gib-1.bin,839,33554432,849.57,,
0,bench/30gib-1.bin,840,33554432,697.15,,
0,bench/30gib-1.bin,841,33554432,758.24,,
0,bench/30gib-1.bin,842,33554432,656.18,,
0,bench/30gib-1.bin,843,33554432,474.12,,
0,bench/30gib-1.bin,844,33554432,797.95,,
0,bench/30gib-1.bin,845,33554432,761.14,,
0,bench/30gib-1.bin,846,33554432,453.83,,
0,bench/30gib-1.bin,847,33554432,561.72,,
0,bench/30gib-1.bin,848,33554432,714.74,,
0,bench/30gib-1.bin,849,33554432,569.35,,
0,bench/30gib-1.bin,850,33554432,710.01,,
0,bench/30gib-1.bin,851,33554432,806.57,,
0,bench/30gib-1.bin,852,33554432,568.78,,
0,bench/30gib-1.bin,853,33554432,510.45,,
0,bench/30gib-1.bin,854,33554432,628.39,,
0,bench/30gib-1.bin,855,33554432,770.49,,
0,bench/30gib-1.bin,856,33554432,744.81,,
0,bench/30gib-1.bin,857,33554432,515.54,,
0,bench/30gib-1.bin,858,33554432,882.70,,
0,bench/30gib-1.bin,859,33554432,571.63,,
0,bench/30gib-1.bin,860,33554432,527.25,,
0,bench/30gib-1.bin,861,33554432,636.13,,
0,bench/30gib-1.bin,862,33554432,849.67,,
0,bench/30gib-1.bin,863,33554432,488.33,,
0,bench/30gib-1.bin,864,33554432,477.63,,
0,bench/30gib-1.bin,865,33554432,813.78,,
0,bench/30gib-1.bin,866,33554432,694.79,,
0,bench/30gib-1.bin,867,33554432,936.21,,
0,bench/30gib-1.bin,868,33554432,739.02,,
0,bench/30gib-1.bin,869,33554432,577.68,,
0,bench/30gib-1.bin,870,33554432,597.77,,
0,bench/30gib-1.bin,871,33554432,625.82,,
0,bench/30gib-1.bin,872,33554432,546.30,,
0,bench/30gib-1.bin,873,33554432,642.68,,
0,bench/30gib-1.bin,874,33554432,768.65,,
0,bench/30gib-1.bin,875,33554432,610.19,,
0,bench/30gib-1.bin,876,33554432,542.55,,
0,bench/30gib-1.bin,877,33554432,718.77,,
0,bench/30gib-1.bin,878,33554432,455.65,,
0,bench/30gib-1.bin,879,33554432,645.97,,
0,bench/30gib-1.bin,880,33554432,596.25,,
0,bench/30gib-1.bin,881,33554432,614.32,,
0,bench/30gib-1.bin,882,33554432,740.07,,
0,bench/30gib-1.bin,883,33554432,536.23,,
0,bench/30gib-1.bin,884,33554432,910.12,,
0,bench/30gib-1.bin,885,33554432,841.85,,
0,bench/30gib-1.bin,886,33554432,840.15,,
0,bench/30gib-1.bin,887,33554432,450.56,,
0,bench/30gib-1.bin,888,33554432,922.24,,
0,bench/30gib-1.bin,889,33554432,764.74,,
0,bench/30gib-1.bin,890,33554432,679.78,,
0,bench/30gib-1.bin,891,33554432,975.48,,
0,bench/30gib-1.bin,892,33554432,629.01,,
0,bench/30gib-1.bin,893,33554432,567.34,,
0,bench/30gib-1.bin,894,33554432,564.59,,
0,bench/30gib-1.bin,895,33554432,585.80,,
0,bench/30gib-1.bin,896,33554432,568.82,,
0,bench/30gib-1.bin,897,33554432,550.63,,
0,bench/30gib-1.bin,898,33554432,655.51,,
0,bench/30gib-1.bin,899,33554432,531.54,,
0,bench/30gib-1.bin,900,33554432,672.18,,
0,bench/30gib-1.bin,901,33554432,449.29,,
0,bench/30gib-1.bin,902,33554432,606.56,,
0,bench/30gib-1.bin,903,33554432,526.30,,
0,bench/30gib-1.bin,904,33554432,532.28,,
0,bench/30gib-1.bin,905,33554432,623.04,,
0,bench/30gib-1.bin,906,33554432,586.48,,
0,bench/30gib-1.bin,907,33554432,595.44,,
0,bench/30gib-1.bin,908,33554432,687.13,,
0,bench/30gib-1.bin,909,33554432,676.79,,
0,bench/30gib-1.bin,910,33554432,479.15,,
0,bench/30gib-1.bin,911,33554432,729.39,,
0,bench/30gib-1.bin,912,33554432,607.03,,
0,bench/30gib-1.bin,913,33554432,756.31,,
0,bench/30gib-1.bin,914,33554432,719.01,,
0,bench/30gib-1.bin,915,33554432,864.15,,
0,bench/30gib-1.bin,916,33554432,647.58,,
0,bench/30gib-1.bin,917,33554432,760.42,,
0,bench/30gib-1.bin,918,33554432,680.44,,
0,bench/30gib-1.bin,919,33554432,763.36,,
0,bench/30gib-1.bin,920,33554432,736.39,,
0,bench/30gib-1.bin,921,33554432,749.57,,
0,bench/30gib-1.bin,922,33554432,650.78,,
0,bench/30gib-1.bin,923,33554432,670.43,,
0,bench/30gib-1.bin,924,33554432,792.75,,
0,bench/30gib-1.bin,925,33554432,411.82,,
0,bench/30gib-1.bin,926,33554432,582.99,,
0,bench/30gib-1.bin,927,33554432,508.15,,
0,bench/30gib-1.bin,928,33554432,546.28,,
0,bench/30gib-1.bin,929,33554432,569.13,,
0,bench/30gib-1.bin,930,33554432,448.73,,
0,bench/30gib-1.bin,931,33554432,583.18,,
0,bench/30gib-1.bin,932,33554432,504.28,,
0,bench/30gib-1.bin,933,33554432,538.15,,
0,bench/30gib-1.bin,934,33554432,533.34,,
0,bench/30gib-1.bin,935,33554432,584.82,,
0,bench/30gib-1.bin,936,33554432,453.17,,
0,bench/30gib-1.bin,937,33554432,582.92,,
0,bench/30gib-1.bin,938,33554432,522.84,,
0,bench/30gib-1.bin,939,33554432,616.62,,
0,bench/30gib-1.bin,940,33554432,559.35,,
0,bench/30gib-1.bin,941,33554432,601.39,,
0,bench/30gib-1.bin,942,33554432,781.56,,
0,bench/30gib-1.bin,943,33554432,634.09,,
0,bench/30gib-1.bin,944,33554432,558.61,,
0,bench/30gib-1.bin,945,33554432,733.37,,
0,bench/30gib-1.bin,946,33554432,630.41,,
0,bench/30gib-1.bin,947,33554432,568.43,,
0,bench/30gib-1.bin,948,33554432,361.40,,
0,bench/30gib-1.bin,949,33554432,697.51,,
0,bench/30gib-1.bin,950,33554432,560.94,,
0,bench/30gib-1.bin,951,33554432,515.79,,
0,bench/30gib-1.bin,952,33554432,430.13,,
0,bench/30gib-1.bin,953,33554432,514.18,,
0,bench/30gib-1.bin,954,33554432,663.40,,
0,bench/30gib-1.bin,955,33554432,525.35,,
0,bench/30gib-1.bin,956,33554432,556.80,,
0,bench/30gib-1.bin,957,33554432,539.27,,
0,bench/30gib-1.bin,958,33554432,471.47,,
0,bench/30gib-1.bin,959,33554432,407.59,,
0,bench/30gib-1.bin,960,33554432,529.12,,
0,bench/30gib-2.bin,1,33554432,1563.18,,
0,bench/30gib-2.bin,2,33554432,1490.01,,
0,bench/30gib-2.bin,3,33554432,1638.83,,
0,bench/30gib-2.bin,4,33554432,1608.35,,
0,bench/30gib-2.bin,5,33554432,1429.15,,
0,bench/30gib-2.bin,6,33554432,1508.66,,
0,bench/30gib-2.bin,7,33554432,1488.89,,
0,bench/30gib-2.bin,8,33554432,1547.54,,
0,bench/30gib-2.bin,9,33554432,1899.46,,
0,bench/30gib-2.bin,10,33554432,1408.12,,
0,bench/30gib-2.bin,11,33554432,1169.68,,
0,bench/30gib-2.bin,12,33554432,1600.09,,
0,bench/30gib-2.bin,13,33554432,1219.29,,
0,bench/30gib-2.bin,14,33554432,1496.92,,
0,bench/30gib-2.bin,15,33554432,1129.46,,
0,bench/30gib-2.bin,16,33554432,1131.33,,
0,bench/30gib-2.bin,17,33554432,1258.85,,
0,bench/30gib-2.bin,18,33554432,1564.68,,
0,bench/30gib-2.bin,19,33554432,1323.26,,
0,bench/30gib-2.bin,20,33554432,1503.56,,
0,bench/30gib-2.bin,21,33554432,1721.41,,
0,bench/30gib-2.bin,22,33554432,1842.99,,
0,bench/30gib-2.bin,23,33554432,1375.46,,
0,bench/30gib-2.bin,24,33554432,1501.46,,
0,bench/30gib-2.bin,25,33554432,1461.93,,
0,bench/30gib-2.bin,26,33554432,1768.71,,
0,bench/30gib-2.bin,27,33554432,1781.36,,
0,bench/30gib-2.bin,28,33554432,2617.87,,
0,bench/30gib-2.bin,29,33554432,1741.97,,
0,bench/30gib-2.bin,30,33554432,1926.37,,
0,bench/30gib-2.bin,31,33554432,1146.06,,
0,bench/30gib-2.bin,32,33554432,1215.46,,
0,bench/30gib-2.bin,33,33554432,1221.35,,
0,bench/30gib-2.bin,34,33554432,1208.61,,
0,bench/30gib-2.bin,35,33554432,1157.72,,
0,bench/30gib-2.bin,36,33554432,1315.16,,
0,bench/30gib-2.bin,37,33554432,926.69,,
0,bench/30gib-2.bin,38,33554432,1249.06,,
0,bench/30gib-2.bin,39,33554432,1147.41,,
0,bench/30gib-2.bin,40,33554432,651.50,,
0,bench/30gib-2.bin,41,33554432,1015.09,,
0,bench/30gib-2.bin,42,33554432,1305.92,,
0,bench/30gib-2.bin,43,33554432,816.57,,
0,bench/30gib-2.bin,44,33554432,915.11,,
0,bench/30gib-2.bin,45,33554432,923.99,,
0,bench/30gib-2.bin,46,33554432,796.57,,
0,bench/30gib-2.bin,47,33554432,610.32,,
0,bench/30gib-2.bin,48,33554432,1019.88,,
0,bench/30gib-2.bin,49,33554432,964.55,,
0,bench/30gib-2.bin,50,33554432,1095.85,,
0,bench/30gib-2.bin,51,33554432,920.43,,
0,bench/30gib-2.bin,52,33554432,977.65,,
0,bench/30gib-2.bin,53,33554432,1075.08,,
0,bench/30gib-2.bin,54,33554432,672.12,,
0,bench/30gib-2.bin,55,33554432,1018.58,,
0,bench/30gib-2.bin,56,33554432,794.13,,
0,bench/30gib-2.bin,57,33554432,858.57,,
0,bench/30gib-2.bin,58,33554432,831.96,,
0,bench/30gib-2.bin,59,33554432,550.19,,
0,bench/30gib-2.bin,60,33554432,986.80,,
0,bench/30gib-2.bin,61,33554432,671.09,,
0,bench/30gib-2.bin,62,33554432,861.42,,
0,bench/30gib-2.bin,63,33554432,1474.02,,
0,bench/30gib-2.bin,64,33554432,772.64,,
0,bench/30gib-2.bin,65,33554432,623.35,,
0,bench/30gib-2.bin,66,33554432,782.72,,
0,bench/30gib-2.bin,67,33554432,1203.77,,
0,bench/30gib-2.bin,68,33554432,845.82,,
0,bench/30gib-2.bin,69,33554432,774.98,,
0,bench/30gib-2.bin,70,33554432,709.82,,
0,bench/30gib-2.bin,71,33554432,711.36,,
0,bench/30gib-2.bin,72,33554432,1201.08,,
0,bench/30gib-2.bin,73,33554432,692.91,,
0,bench/30gib-2.bin,74,33554432,604.21,,
0,bench/30gib-2.bin,75,33554432,836.96,,
0,bench/30gib-2.bin,76,33554432,741.95,,
0,bench/30gib-2.bin,77,33554432,590.64,,
0,bench/30gib-2.bin,78,33554432,555.00,,
0,bench/30gib-2.bin,79,33554432,366.84,,
0,bench/30gib-2.bin,80,33554432,560.77,,
0,bench/30gib-2.bin,81,33554432,716.98,,
0,bench/30gib-2.bin,82,33554432,794.00,,
0,bench/30gib-2.bin,83,33554432,572.96,,
0,bench/30gib-2.bin,84,33554432,756.56,,
0,bench/30gib-2.bin,85,33554432,580.84,,
0,bench/30gib-2.bin,86,33554432,409.87,,
0,bench/30gib-2.bin,87,33554432,893.21,,
0,bench/30gib-2.bin,88,33554432,523.88,,
0,bench/30gib-2.bin,89,33554432,750.97,,
0,bench/30gib-2.bin,90,33554432,718.98,,
0,bench/30gib-2.bin,91,33554432,725.68,,
0,bench/30gib-2.bin,92,33554432,631.16,,
0,bench/30gib-2.bin,93,33554432,555.35,,
0,bench/30gib-2.bin,94,33554432,783.83,,
0,bench/30gib-2.bin,95,33554432,957.38,,
0,bench/30gib-2.bin,96,33554432,537.07,,
0,bench/30gib-2.bin,97,33554432,900.42,,
0,bench/30gib-2.bin,98,33554432,752.57,,
0,bench/30gib-2.bin,99,33554432,423.80,,
0,bench/30gib-2.bin,100,33554432,723.43,,
0,bench/30gib-2.bin,101,33554432,988.55,,
0,bench/30gib-2.bin,102,33554432,731.50,,
0,bench/30gib-2.bin,103,33554432,396.99,,
0,bench/30gib-2.bin,104,33554432,462.51,,
0,bench/30gib-2.bin,105,33554432,834.03,,
0,bench/30gib-2.bin,106,33554432,703.53,,
0,bench/30gib-2.bin,107,33554432,653.56,,
0,bench/30gib-2.bin,108,33554432,737.59,,
0,bench/30gib-2.bin,109,33554432,668.66,,
0,bench/30gib-2.bin,110,33554432,661.46,,
0,bench/30gib-2.bin,111,33554432,699.29,,
0,bench/30gib-2.bin,112,33554432,607.35,,
0,bench/30gib-2.bin,113,33554432,649.36,,
0,bench/30gib-2.bin,114,33554432,688.89,,
0,bench/30gib-2.bin,115,33554432,875.54,,
0,bench/30gib-2.bin,116,33554432,812.75,,
0,bench/30gib-2.bin,117,33554432,727.18,,
0,bench/30gib-2.bin,118,33554432,766.10,,
0,bench/30gib-2.bin,119,33554432,776.55,,
0,bench/30gib-2.bin,120,33554432,654.54,,
0,bench/30gib-2.bin,121,33554432,695.42,,
0,bench/30gib-2.bin,122,33554432,554.29,,
0,bench/30gib-2.bin,123,33554432,713.51,,
0,bench/30gib-2.bin,124,33554432,411.23,,
0,bench/30gib-2.bin,125,33554432,844.00,,
0,bench/30gib-2.bin,126,33554432,567.20,,
0,bench/30gib-2.bin,127,33554432,694.18,,
0,bench/30gib-2.bin,128,33554432,471.35,,
0,bench/30gib-2.bin,129,33554432,814.08,,
0,bench/30gib-2.bin,130,33554432,702.29,,
0,bench/30gib-2.bin,131,33554432,799.20,,
0,bench/30gib-2.bin,132,33554432,568.26,,
0,bench/30gib-2.bin,133,33554432,743.59,,
0,bench/30gib-2.bin,134,33554432,533.09,,
0,bench/30gib-2.bin,135,33554432,547.92,,
0,bench/30gib-2.bin,136,33554432,694.26,,
0,bench/30gib-2.bin,137,33554432,723.49,,
0,bench/30gib-2.bin,138,33554432,536.24,,
0,bench/30gib-2.bin,139,33554432,892.96,,
0,bench/30gib-2.bin,140,33554432,793.61,,
0,bench/30gib-2.bin,141,33554432,413.48,,
0,bench/30gib-2.bin,142,33554432,731.60,,
0,bench/30gib-2.bin,143,33554432,514.75,,
0,bench/30gib-2.bin,144,33554432,833.21,,
0,bench/30gib-2.bin,145,33554432,505.68,,
0,bench/30gib-2.bin,146,33554432,586.21,,
0,bench/30gib-2.bin,147,33554432,534.16,,
0,bench/30gib-2.bin,148,33554432,670.56,,
0,bench/30gib-2.bin,149,33554432,541.07,,
0,bench/30gib-2.bin,150,33554432,531.82,,
0,bench/30gib-2.bin,151,33554432,410.77,,
0,bench/30gib-2.bin,152,33554432,767.01,,
0,bench/30gib-2.bin,153,33554432,637.99,,
0,bench/30gib-2.bin,154,33554432,383.27,,
0,bench/30gib-2.bin,155,33554432,848.56,,
0,bench/30gib-2.bin,156,33554432,505.65,,
0,bench/30gib-2.bin,157,33554432,836.88,,
0,bench/30gib-2.bin,158,33554432,788.81,,
0,bench/30gib-2.bin,159,33554432,486.85,,
0,bench/30gib-2.bin,160,33554432,531.36,,
0,bench/30gib-2.bin,161,33554432,562.83,,
0,bench/30gib-2.bin,162,33554432,543.02,,
0,bench/30gib-2.bin,163,33554432,598.46,,
0,bench/30gib-2.bin,164,33554432,505.86,,
0,bench/30gib-2.bin,165,33554432,452.55,,
0,bench/30gib-2.bin,166,33554432,629.23,,
0,bench/30gib-2.bin,167,33554432,731.55,,
0,bench/30gib-2.bin,168,33554432,699.84,,
0,bench/30gib-2.bin,169,33554432,412.74,,
0,bench/30gib-2.bin,170,33554432,496.41,,
0,bench/30gib-2.bin,171,33554432,772.78,,
0,bench/30gib-2.bin,172,33554432,526.53,,
0,bench/30gib-2.bin,173,33554432,573.14,,
0,bench/30gib-2.bin,174,33554432,677.61,,
0,bench/30gib-2.bin,175,33554432,563.18,,
0,bench/30gib-2.bin,176,33554432,572.25,,
0,bench/30gib-2.bin,177,33554432,463.00,,
0,bench/30gib-2.bin,178,33554432,649.02,,
0,bench/30gib-2.bin,179,33554432,823.32,,
0,bench/30gib-2.bin,180,33554432,541.58,,
0,bench/30gib-2.bin,181,33554432,673.05,,
0,bench/30gib-2.bin,182,33554432,677.42,,
0,bench/30gib-2.bin,183,33554432,584.07,,
0,bench/30gib-2.bin,184,33554432,851.93,,
0,bench/30gib-2.bin,185,33554432,418.97,,
0,bench/30gib-2.bin,186,33554432,485.53,,
0,bench/30gib-2.bin,187,33554432,689.19,,
0,bench/30gib-2.bin,188,33554432,540.55,,
0,bench/30gib-2.bin,189,33554432,591.74,,
0,bench/30gib-2.bin,190,33554432,794.72,,
0,bench/30gib-2.bin,191,33554432,789.37,,
0,bench/30gib-2.bin,192,33554432,770.15,,
0,bench/30gib-2.bin,193,33554432,645.48,,
0,bench/30gib-2.bin,194,33554432,684.20,,
0,bench/30gib-2.bin,195,33554432,603.40,,
0,bench/30gib-2.bin,196,33554432,585.51,,
0,bench/30gib-2.bin,197,33554432,466.58,,
0,bench/30gib-2.bin,198,33554432,696.50,,
0,bench/30gib-2.bin,199,33554432,577.15,,
0,bench/30gib-2.bin,200,33554432,608.61,,
0,bench/30gib-2.bin,201,33554432,758.32,,
0,bench/30gib-2.bin,202,33554432,456.24,,
0,bench/30gib-2.bin,203,33554432,614.63,,
0,bench/30gib-2.bin,204,33554432,553.55,,
0,bench/30gib-2.bin,205,33554432,723.01,,
0,bench/30gib-2.bin,206,33554432,631.22,,
0,bench/30gib-2.bin,207,33554432,459.70,,
0,bench/30gib-2.bin,208,33554432,683.77,,
0,bench/30gib-2.bin,209,33554432,795.31,,
0,bench/30gib-2.bin,210,33554432,602.43,,
0,bench/30gib-2.bin,211,33554432,531.68,,
0,bench/30gib-2.bin,212,33554432,925.13,,
0,bench/30gib-2.bin,213,33554432,594.24,,
0,bench/30gib-2.bin,214,33554432,755.91,,
0,bench/30gib-2.bin,215,33554432,677.90,,
0,bench/30gib-2.bin,216,33554432,654.84,,
0,bench/30gib-2.bin,217,33554432,402.30,,
0,bench/30gib-2.bin,218,33554432,655.27,,
0,bench/30gib-2.bin,219,33554432,582.85,,
0,bench/30gib-2.bin,220,33554432,660.11,,
0,bench/30gib-2.bin,221,33554432,739.29,,
0,bench/30gib-2.bin,222,33554432,591.84,,
0,bench/30gib-2.bin,223,33554432,704.38,,
0,bench/30gib-2.bin,224,33554432,813.40,,
0,bench/30gib-2.bin,225,33554432,818.99,,
0,bench/30gib-2.bin,226,33554432,475.81,,
0,bench/30gib-2.bin,227,33554432,469.80,,
0,bench/30gib-2.bin,228,33554432,894.51,,
0,bench/30gib-2.bin,229,33554432,601.95,,
0,bench/30gib-2.bin,230,33554432,579.94,,
0,bench/30gib-2.bin,231,33554432,896.40,,
0,bench/30gib-2.bin,232,33554432,658.08,,
0,bench/30gib-2.bin,233,33554432,823.28,,
0,bench/30gib-2.bin,234,33554432,1049.20,,
0,bench/30gib-2.bin,235,33554432,614.20,,
0,bench/30gib-2.bin,236,33554432,585.80,,
0,bench/30gib-2.bin,237,33554432,882.78,,
0,bench/30gib-2.bin,238,33554432,837.24,,
0,bench/30gib-2.bin,239,33554432,484.05,,
0,bench/30gib-2.bin,240,33554432,739.81,,
0,bench/30gib-2.bin,241,33554432,560.40,,
0,bench/30gib-2.bin,242,33554432,546.15,,
0,bench/30gib-2.bin,243,33554432,553.62,,
0,bench/30gib-2.bin,244,33554432,473.84,,
0,bench/30gib-2.bin,245,33554432,496.26,,
0,bench/30gib-2.bin,246,33554432,520.49,,
0,bench/30gib-2.bin,247,33554432,743.26,,
0,bench/30gib-2.bin,248,33554432,798.28,,
0,bench/30gib-2.bin,249,33554432,773.06,,
0,bench/30gib-2.bin,250,33554432,745.51,,
0,bench/30gib-2.bin,251,33554432,745.90,,
0,bench/30gib-2.bin,252,33554432,610.92,,
0,bench/30gib-2.bin,253,33554432,464.62,,
0,bench/30gib-2.bin,254,33554432,712.32,,
0,bench/30gib-2.bin,255,33554432,608.41,,
0,bench/30gib-2.bin,256,33554432,537.94,,
0,bench/30gib-2.bin,257,33554432,510.57,,
0,bench/30gib-2.bin,258,33554432,540.78,,
0,bench/30gib-2.bin,259,33554432,650.50,,
0,bench/30gib-2.bin,260,33554432,477.30,,
0,bench/30gib-2.bin,261,33554432,638.26,,
0,bench/30gib-2.bin,262,33554432,875.86,,
0,bench/30gib-2.bin,263,33554432,651.76,,
0,bench/30gib-2.bin,264,33554432,554.62,,
0,bench/30gib-2.bin,265,33554432,535.33,,
0,bench/30gib-2.bin,266,33554432,766.60,,
0,bench/30gib-2.bin,267,33554432,573.39,,
0,bench/30gib-2.bin,268,33554432,1027.63,,
0,bench/30gib-2.bin,269,33554432,664.96,,
0,bench/30gib-2.bin,270,33554432,392.12,,
0,bench/30gib-2.bin,271,33554432,560.71,,
0,bench/30gib-2.bin,272,33554432,655.97,,
0,bench/30gib-2.bin,273,33554432,565.79,,
0,bench/30gib-2.bin,274,33554432,743.19,,
0,bench/30gib-2.bin,275,33554432,824.67,,
0,bench/30gib-2.bin,276,33554432,795.62,,
0,bench/30gib-2.bin,277,33554432,526.07,,
0,bench/30gib-2.bin,278,33554432,663.05,,
0,bench/30gib-2.bin,279,33554432,771.18,,
0,bench/30gib-2.bin,280,33554432,801.36,,
0,bench/30gib-2.bin,281,33554432,542.70,,
0,bench/30gib-2.bin,282,33554432,572.57,,
0,bench/30gib-2.bin,283,33554432,515.25,,
0,bench/30gib-2.bin,284,33554432,645.45,,
0,bench/30gib-2.bin,285,33554432,732.04,,
0,bench/30gib-2.bin,286,33554432,498.09,,
0,bench/30gib-2.bin,287,33554432,806.44,,
0,bench/30gib-2.bin,288,33554432,688.48,,
0,bench/30gib-2.bin,289,33554432,418.54,,
0,bench/30gib-2.bin,290,33554432,679.35,,
0,bench/30gib-2.bin,291,33554432,564.00,,
0,bench/30gib-2.bin,292,33554432,562.34,,
0,bench/30gib-2.bin,293,33554432,446.16,,
0,bench/30gib-2.bin,294,33554432,529.86,,
0,bench/30gib-2.bin,295,33554432,495.19,,
0,bench/30gib-2.bin,296,33554432,572.81,,
0,bench/30gib-2.bin,297,33554432,686.10,,
0,bench/30gib-2.bin,298,33554432,951.70,,
0,bench/30gib-2.bin,299,33554432,606.89,,
0,bench/30gib-2.bin,300,33554432,1110.90,,
0,bench/30gib-2.bin,301,33554432,825.15,,
0,bench/30gib-2.bin,302,33554432,549.92,,
0,bench/30gib-2.bin,303,33554432,517.18,,
0,bench/30gib-2.bin,304,33554432,555.39,,
0,bench/30gib-2.bin,305,33554432,535.35,,
0,bench/30gib-2.bin,306,33554432,749.88,,
0,bench/30gib-2.bin,307,33554432,514.68,,
0,bench/30gib-2.bin,308,33554432,639.68,,
0,bench/30gib-2.bin,309,33554432,837.46,,
0,bench/30gib-2.bin,310,33554432,457.34,,
0,bench/30gib-2.bin,311,33554432,493.22,,
0,bench/30gib-2.bin,312,33554432,888.87,,
0,bench/30gib-2.bin,313,33554432,773.72,,
0,bench/30gib-2.bin,314,33554432,888.36,,
0,bench/30gib-2.bin,315,33554432,628.75,,
0,bench/30gib-2.bin,316,33554432,571.58,,
0,bench/30gib-2.bin,317,33554432,527.01,,
0,bench/30gib-2.bin,318,33554432,574.14,,
0,bench/30gib-2.bin,319,33554432,939.22,,
0,bench/30gib-2.bin,320,33554432,552.02,,
0,bench/30gib-2.bin,321,33554432,891.93,,
0,bench/30gib-2.bin,322,33554432,633.28,,
0,bench/30gib-2.bin,323,33554432,913.75,,
0,bench/30gib-2.bin,324,33554432,871.34,,
0,bench/30gib-2.bin,325,33554432,774.46,,
0,bench/30gib-2.bin,326,33554432,842.19,,
0,bench/30gib-2.bin,327,33554432,416.61,,
0,bench/30gib-2.bin,328,33554432,512.92,,
0,bench/30gib-2.bin,329,33554432,696.21,,
0,bench/30gib-2.bin,330,33554432,585.08,,
0,bench/30gib-2.bin,331,33554432,482.29,,
0,bench/30gib-2.bin,332,33554432,768.84,,
0,bench/30gib-2.bin,333,33554432,798.69,,
0,bench/30gib-2.bin,334,33554432,606.09,,
0,bench/30gib-2.bin,335,33554432,763.87,,
0,bench/30gib-2.bin,336,33554432,720.23,,
0,bench/30gib-2.bin,337,33554432,700.15,,
0,bench/30gib-2.bin,338,33554432,585.26,,
0,bench/30gib-2.bin,339,33554432,657.33,,
0,bench/30gib-2.bin,340,33554432,361.58,,
0,bench/30gib-2.bin,341,33554432,717.96,,
0,bench/30gib-2.bin,342,33554432,598.20,,
0,bench/30gib-2.bin,343,33554432,679.16,,
0,bench/30gib-2.bin,344,33554432,514.33,,
0,bench/30gib-2.bin,345,33554432,674.56,,
0,bench/30gib-2.bin,346,33554432,589.56,,
0,bench/30gib-2.bin,347,33554432,833.38,,
0,bench/30gib-2.bin,348,33554432,483.17,,
0,bench/30gib-2.bin,349,33554432,644.48,,
0,bench/30gib-2.bin,350,33554432,590.67,,
0,bench/30gib-2.bin,351,33554432,566.65,,
0,bench/30gib-2.bin,352,33554432,557.65,,
0,bench/30gib-2.bin,353,33554432,501.23,,
0,bench/30gib-2.bin,354,33554432,787.39,,
0,bench/30gib-2.bin,355,33554432,660.83,,
0,bench/30gib-2.bin,356,33554432,611.81,,
0,bench/30gib-2.bin,357,33554432,576.52,,
0,bench/30gib-2.bin,358,33554432,562.52,,
0,bench/30gib-2.bin,359,33554432,615.95,,
0,bench/30gib-2.bin,360,33554432,635.03,,
0,bench/30gib-2.bin,361,33554432,827.31,,
0,bench/30gib-2.bin,362,33554432,707.73,,
0,bench/30gib-2.bin,363,33554432,584.90,,
0,bench/30gib-2.bin,364,33554432,502.51,,
0,bench/30gib-2.bin,365,33554432,640.67,,
0,bench/30gib-2.bin,366,33554432,636.40,,
0,bench/30gib-2.bin,367,33554432,655.96,,
0,bench/30gib-2.bin,368,33554432,635.13,,
0,bench/30gib-2.bin,369,33554432,913.64,,
0,bench/30gib-2.bin,370,33554432,606.75,,
0,bench/30gib-2.bin,371,33554432,475.43,,
0,bench/30gib-2.bin,372,33554432,490.18,,
0,bench/30gib-2.bin,373,33554432,740.68,,
0,bench/30gib-2.bin,374,33554432,744.85,,
0,bench/30gib-2.bin,375,33554432,491.82,,
0,bench/30gib-2.bin,376,33554432,849.38,,
0,bench/30gib-2.bin,377,33554432,801.37,,
0,bench/30gib-2.bin,378,33554432,706.23,,
0,bench/30gib-2.bin,379,33554432,465.96,,
0,bench/30gib-2.bin,380,33554432,445.65,,
0,bench/30gib-2.bin,381,33554432,513.44,,
0,bench/30gib-2.bin,382,33554432,544.10,,
0,bench/30gib-2.bin,383,33554432,500.08,,
0,bench/30gib-2.bin,384,33554432,604.34,,
0,bench/30gib-2.bin,385,33554432,581.97,,
0,bench/30gib-2.bin,386,33554432,504.91,,
0,bench/30gib-2.bin,387,33554432,552.02,,
0,bench/30gib-2.bin,388,33554432,688.14,,
0,bench/30gib-2.bin,389,33554432,478.80,,
0,bench/30gib-2.bin,390,33554432,589.16,,
0,bench/30gib-2.bin,391,33554432,695.66,,
0,bench/30gib-2.bin,392,33554432,646.09,,
0,bench/30gib-2.bin,393,33554432,605.36,,
0,bench/30gib-2.bin,394,33554432,561.03,,
0,bench/30gib-2.bin,395,33554432,436.08,,
0,bench/30gib-2.bin,396,33554432,812.70,,
0,bench/30gib-2.bin,397,33554432,619.61,,
0,bench/30gib-2.bin,398,33554432,517.34,,
0,bench/30gib-2.bin,399,33554432,514.71,,
0,bench/30gib-2.bin,400,33554432,675.86,,
0,bench/30gib-2.bin,401,33554432,884.29,,
0,bench/30gib-2.bin,402,33554432,889.33,,
0,bench/30gib-2.bin,403,33554432,919.76,,
0,bench/30gib-2.bin,404,33554432,682.29,,
0,bench/30gib-2.bin,405,33554432,934.51,,
0,bench/30gib-2.bin,406,33554432,746.48,,
0,bench/30gib-2.bin,407,33554432,506.80,,
0,bench/30gib-2.bin,408,33554432,600.52,,
0,bench/30gib-2.bin,409,33554432,672.27,,
0,bench/30gib-2.bin,410,33554432,646.23,,
0,bench/30gib-2.bin,411,33554432,497.21,,
0,bench/30gib-2.bin,412,33554432,680.60,,
0,bench/30gib-2.bin,413,33554432,583.53,,
0,bench/30gib-2.bin,414,33554432,665.06,,
0,bench/30gib-2.bin,415,33554432,507.38,,
0,bench/30gib-2.bin,416,33554432,522.85,,
0,bench/30gib-2.bin,417,33554432,689.49,,
0,bench/30gib-2.bin,418,33554432,712.04,,
0,bench/30gib-2.bin,419,33554432,703.85,,
0,bench/30gib-2.bin,420,33554432,500.61,,
0,bench/30gib-2.bin,421,33554432,840.39,,
0,bench/30gib-2.bin,422,33554432,725.73,,
0,bench/30gib-2.bin,423,33554432,544.86,,
0,bench/30gib-2.bin,424,33554432,518.68,,
0,bench/30gib-2.bin,425,33554432,489.47,,
0,bench/30gib-2.bin,426,33554432,497.32,,
0,bench/30gib-2.bin,427,33554432,730.22,,
0,bench/30gib-2.bin,428,33554432,514.01,,
0,bench/30gib-2.bin,429,33554432,530.18,,
0,bench/30gib-2.bin,430,33554432,599.75,,
0,bench/30gib-2.bin,431,33554432,536.19,,
0,bench/30gib-2.bin,432,33554432,1030.21,,
0,bench/30gib-2.bin,433,33554432,659.69,,
0,bench/30gib-2.bin,434,33554432,432.08,,
0,bench/30gib-2.bin,435,33554432,504.58,,
0,bench/30gib-2.bin,436,33554432,783.18,,
0,bench/30gib-2.bin,437,33554432,475.36,,
0,bench/30gib-2.bin,438,33554432,648.51,,
0,bench/30gib-2.bin,439,33554432,558.02,,
0,bench/30gib-2.bin,440,33554432,781.96,,
0,bench/30gib-2.bin,441,33554432,518.05,,
0,bench/30gib-2.bin,442,33554432,905.97,,
0,bench/30gib-2.bin,443,33554432,570.78,,
0,bench/30gib-2.bin,444,33554432,617.66,,
0,bench/30gib-2.bin,445,33554432,578.52,,
0,bench/30gib-2.bin,446,33554432,427.27,,
0,bench/30gib-2.bin,447,33554432,478.92,,
0,bench/30gib-2.bin,448,33554432,671.49,,
0,bench/30gib-2.bin,449,33554432,860.68,,
0,bench/30gib-2.bin,450,33554432,1002.11,,
0,bench/30gib-2.bin,451,33554432,1007.65,,
0,bench/30gib-2.bin,452,33554432,637.52,,
0,bench/30gib-2.bin,453,33554432,629.29,,
0,bench/30gib-2.bin,454,33554432,543.75,,
0,bench/30gib-2.bin,455,33554432,681.02,,
0,bench/30gib-2.bin,456,33554432,509.78,,
0,bench/30gib-2.bin,457,33554432,800.06,,
0,bench/30gib-2.bin,458,33554432,717.22,,
0,bench/30gib-2.bin,459,33554432,618.09,,
0,bench/30gib-2.bin,460,33554432,762.50,,
0,bench/30gib-2.bin,461,33554432,554.60,,
0,bench/30gib-2.bin,462,33554432,708.84,,
0,bench/30gib-2.bin,463,33554432,724.17,,
0,bench/30gib-2.bin,464,33554432,816.12,,
0,bench/30gib-2.bin,465,33554432,851.51,,
0,bench/30gib-2.bin,466,33554432,744.26,,
0,bench/30gib-2.bin,467,33554432,507.73,,
0,bench/30gib-2.bin,468,33554432,657.93,,
0,bench/30gib-2.bin,469,33554432,960.83,,
0,bench/30gib-2.bin,470,33554432,877.58,,
0,bench/30gib-2.bin,471,33554432,616.65,,
0,bench/30gib-2.bin,472,33554432,630.90,,
0,bench/30gib-2.bin,473,33554432,386.73,,
0,bench/30gib-2.bin,474,33554432,669.65,,
0,bench/30gib-2.bin,475,33554432,668.34,,
0,bench/30gib-2.bin,476,33554432,479.93,,
0,bench/30gib-2.bin,477,33554432,585.18,,
0,bench/30gib-2.bin,478,33554432,709.05,,
0,bench/30gib-2.bin,479,33554432,740.83,,
0,bench/30gib-2.bin,480,33554432,489.30,,
0,bench/30gib-2.bin,481,33554432,651.29,,
0,bench/30gib-2.bin,482,33554432,513.90,,
0,bench/30gib-2.bin,483,33554432,1076.59,,
0,bench/30gib-2.bin,484,33554432,687.98,,
0,bench/30gib-2.bin,485,33554432,457.87,,
0,bench/30gib-2.bin,486,33554432,622.48,,
0,bench/30gib-2.bin,487,33554432,552.67,,
0,bench/30gib-2.bin,488,33554432,406.56,,
0,bench/30gib-2.bin,489,33554432,572.04,,
0,bench/30gib-2.bin,490,33554432,508.24,,
0,bench/30gib-2.bin,491,33554432,513.63,,
0,bench/30gib-2.bin,492,33554432,585.65,,
0,bench/30gib-2.bin,493,33554432,635.35,,
0,bench/30gib-2.bin,494,33554432,676.13,,
0,bench/30gib-2.bin,495,33554432,536.12,,
0,bench/30gib-2.bin,496,33554432,580.22,,
0,bench/30gib-2.bin,497,33554432,717.69,,
0,bench/30gib-2.bin,498,33554432,960.88,,
0,bench/30gib-2.bin,499,33554432,750.33,,
0,bench/30gib-2.bin,500,33554432,863.98,,
0,bench/30gib-2.bin,501,33554432,433.87,,
0,bench/30gib-2.bin,502,33554432,573.64,,
0,bench/30gib-2.bin,503,33554432,787.15,,
0,bench/30gib-2.bin,504,33554432,564.50,,
0,bench/30gib-2.bin,505,33554432,740.35,,
0,bench/30gib-2.bin,506,33554432,667.29,,
0,bench/30gib-2.bin,507,33554432,668.16,,
0,bench/30gib-2.bin,508,33554432,579.77,,
0,bench/30gib-2.bin,509,33554432,464.40,,
0,bench/30gib-2.bin,510,33554432,709.96,,
0,bench/30gib-2.bin,511,33554432,585.16,,
0,bench/30gib-2.bin,512,33554432,529.03,,
0,bench/30gib-2.bin,513,33554432,860.23,,
0,bench/30gib-2.bin,514,33554432,708.83,,
0,bench/30gib-2.bin,515,33554432,718.69,,
0,bench/30gib-2.bin,516,33554432,437.37,,
0,bench/30gib-2.bin,517,33554432,507.92,,
0,bench/30gib-2.bin,518,33554432,442.02,,
0,bench/30gib-2.bin,519,33554432,827.33,,
0,bench/30gib-2.bin,520,33554432,531.80,,
0,bench/30gib-2.bin,521,33554432,439.92,,
0,bench/30gib-2.bin,522,33554432,558.83,,
0,bench/30gib-2.bin,523,33554432,518.74,,
0,bench/30gib-2.bin,524,33554432,501.94,,
0,bench/30gib-2.bin,525,33554432,692.53,,
0,bench/30gib-2.bin,526,33554432,632.08,,
0,bench/30gib-2.bin,527,33554432,1037.25,,
0,bench/30gib-2.bin,528,33554432,743.58,,
0,bench/30gib-2.bin,529,33554432,535.88,,
0,bench/30gib-2.bin,530,33554432,592.24,,
0,bench/30gib-2.bin,531,33554432,525.49,,
0,bench/30gib-2.bin,532,33554432,1079.22,,
0,bench/30gib-2.bin,533,33554432,474.17,,
0,bench/30gib-2.bin,534,33554432,756.81,,
0,bench/30gib-2.bin,535,33554432,545.73,,
0,bench/30gib-2.bin,536,33554432,598.14,,
0,bench/30gib-2.bin,537,33554432,759.95,,
0,bench/30gib-2.bin,538,33554432,946.63,,
0,bench/30gib-2.bin,539,33554432,1090.62,,
0,bench/30gib-2.bin,540,33554432,732.67,,
0,bench/30gib-2.bin,541,33554432,707.66,,
0,bench/30gib-2.bin,542,33554432,928.65,,
0,bench/30gib-2.bin,543,33554432,1013.17,,
0,bench/30gib-2.bin,544,33554432,464.02,,
0,bench/30gib-2.bin,545,33554432,543.15,,
0,bench/30gib-2.bin,546,33554432,631.76,,
0,bench/30gib-2.bin,547,33554432,572.63,,
0,bench/30gib-2.bin,548,33554432,509.68,,
0,bench/30gib-2.bin,549,33554432,527.55,,
0,bench/30gib-2.bin,550,33554432,551.99,,
0,bench/30gib-2.bin,551,33554432,550.12,,
0,bench/30gib-2.bin,552,33554432,479.55,,
0,bench/30gib-2.bin,553,33554432,525.30,,
0,bench/30gib-2.bin,554,33554432,521.73,,
0,bench/30gib-2.bin,555,33554432,560.68,,
0,bench/30gib-2.bin,556,33554432,527.98,,
0,bench/30gib-2.bin,557,33554432,527.70,,
0,bench/30gib-2.bin,558,33554432,820.19,,
0,bench/30gib-2.bin,559,33554432,473.08,,
0,bench/30gib-2.bin,560,33554432,539.49,,
0,bench/30gib-2.bin,561,33554432,803.66,,
0,bench/30gib-2.bin,562,33554432,490.63,,
0,bench/30gib-2.bin,563,33554432,961.33,,
0,bench/30gib-2.bin,564,33554432,556.68,,
0,bench/30gib-2.bin,565,33554432,500.26,,
0,bench/30gib-2.bin,566,33554432,931.75,,
0,bench/30gib-2.bin,567,33554432,930.16,,
0,bench/30gib-2.bin,568,33554432,638.07,,
0,bench/30gib-2.bin,569,33554432,837.96,,
0,bench/30gib-2.bin,570,33554432,506.43,,
0,bench/30gib-2.bin,571,33554432,715.84,,
0,bench/30gib-2.bin,572,33554432,690.68,,
0,bench/30gib-2.bin,573,33554432,806.92,,
0,bench/30gib-2.bin,574,33554432,539.36,,
0,bench/30gib-2.bin,575,33554432,908.05,,
0,bench/30gib-2.bin,576,33554432,694.63,,
0,bench/30gib-2.bin,577,33554432,402.38,,
0,bench/30gib-2.bin,578,33554432,435.67,,
0,bench/30gib-2.bin,579,33554432,419.51,,
0,bench/30gib-2.bin,580,33554432,512.29,,
0,bench/30gib-2.bin,581,33554432,820.31,,
0,bench/30gib-2.bin,582,33554432,416.96,,
0,bench/30gib-2.bin,583,33554432,455.15,,
0,bench/30gib-2.bin,584,33554432,726.06,,
0,bench/30gib-2.bin,585,33554432,647.68,,
0,bench/30gib-2.bin,586,33554432,570.18,,
0,bench/30gib-2.bin,587,33554432,711.97,,
0,bench/30gib-2.bin,588,33554432,835.45,,
0,bench/30gib-2.bin,589,33554432,748.67,,
0,bench/30gib-2.bin,590,33554432,431.72,,
0,bench/30gib-2.bin,591,33554432,647.80,,
0,bench/30gib-2.bin,592,33554432,636.00,,
0,bench/30gib-2.bin,593,33554432,553.04,,
0,bench/30gib-2.bin,594,33554432,816.14,,
0,bench/30gib-2.bin,595,33554432,611.20,,
0,bench/30gib-2.bin,596,33554432,704.03,,
0,bench/30gib-2.bin,597,33554432,472.20,,
0,bench/30gib-2.bin,598,33554432,652.90,,
0,bench/30gib-2.bin,599,33554432,454.98,,
0,bench/30gib-2.bin,600,33554432,612.23,,
0,bench/30gib-2.bin,601,33554432,625.10,,
0,bench/30gib-2.bin,602,33554432,601.03,,
0,bench/30gib-2.bin,603,33554432,726.61,,
0,bench/30gib-2.bin,604,33554432,690.19,,
0,bench/30gib-2.bin,605,33554432,701.89,,
0,bench/30gib-2.bin,606,33554432,687.84,,
0,bench/30gib-2.bin,607,33554432,448.09,,
0,bench/30gib-2.bin,608,33554432,613.51,,
0,bench/30gib-2.bin,609,33554432,519.46,,
0,bench/30gib-2.bin,610,33554432,593.84,,
0,bench/30gib-2.bin,611,33554432,546.54,,
0,bench/30gib-2.bin,612,33554432,910.46,,
0,bench/30gib-2.bin,613,33554432,563.11,,
0,bench/30gib-2.bin,614,33554432,575.71,,
0,bench/30gib-2.bin,615,33554432,659.70,,
0,bench/30gib-2.bin,616,33554432,530.50,,
0,bench/30gib-2.bin,617,33554432,487.08,,
0,bench/30gib-2.bin,618,33554432,671.19,,
0,bench/30gib-2.bin,619,33554432,412.64,,
0,bench/30gib-2.bin,620,33554432,709.58,,
0,bench/30gib-2.bin,621,33554432,534.80,,
0,bench/30gib-2.bin,622,33554432,846.62,,
0,bench/30gib-2.bin,623,33554432,755.86,,
0,bench/30gib-2.bin,624,33554432,580.58,,
0,bench/30gib-2.bin,625,33554432,573.49,,
0,bench/30gib-2.bin,626,33554432,477.82,,
0,bench/30gib-2.bin,627,33554432,897.72,,
0,bench/30gib-2.bin,628,33554432,902.17,,
0,bench/30gib-2.bin,629,33554432,649.26,,
0,bench/30gib-2.bin,630,33554432,815.92,,
0,bench/30gib-2.bin,631,33554432,613.38,,
0,bench/30gib-2.bin,632,33554432,469.44,,
0,bench/30gib-2.bin,633,33554432,794.53,,
0,bench/30gib-2.bin,634,33554432,688.22,,
0,bench/30gib-2.bin,635,33554432,463.19,,
0,bench/30gib-2.bin,636,33554432,471.14,,
0,bench/30gib-2.bin,637,33554432,642.09,,
0,bench/30gib-2.bin,638,33554432,603.42,,
0,bench/30gib-2.bin,639,33554432,905.45,,
0,bench/30gib-2.bin,640,33554432,730.28,,
0,bench/30gib-2.bin,641,33554432,617.37,,
0,bench/30gib-2.bin,642,33554432,707.72,,
0,bench/30gib-2.bin,643,33554432,729.18,,
0,bench/30gib-2.bin,644,33554432,572.04,,
0,bench/30gib-2.bin,645,33554432,721.75,,
0,bench/30gib-2.bin,646,33554432,550.09,,
0,bench/30gib-2.bin,647,33554432,586.26,,
0,bench/30gib-2.bin,648,33554432,766.67,,
0,bench/30gib-2.bin,649,33554432,680.81,,
0,bench/30gib-2.bin,650,33554432,618.44,,
0,bench/30gib-2.bin,651,33554432,743.89,,
0,bench/30gib-2.bin,652,33554432,615.66,,
0,bench/30gib-2.bin,653,33554432,659.51,,
0,bench/30gib-2.bin,654,33554432,542.70,,
0,bench/30gib-2.bin,655,33554432,690.47,,
0,bench/30gib-2.bin,656,33554432,543.65,,
0,bench/30gib-2.bin,657,33554432,532.67,,
0,bench/30gib-2.bin,658,33554432,546.19,,
0,bench/30gib-2.bin,659,33554432,695.39,,
0,bench/30gib-2.bin,660,33554432,665.61,,
0,bench/30gib-2.bin,661,33554432,584.56,,
0,bench/30gib-2.bin,662,33554432,656.48,,
0,bench/30gib-2.bin,663,33554432,572.14,,
0,bench/30gib-2.bin,664,33554432,814.68,,
0,bench/30gib-2.bin,665,33554432,597.81,,
0,bench/30gib-2.bin,666,33554432,890.40,,
0,bench/30gib-2.bin,667,33554432,574.06,,
0,bench/30gib-2.bin,668,33554432,637.48,,
0,bench/30gib-2.bin,669,33554432,1012.52,,
0,bench/30gib-2.bin,670,33554432,530.02,,
0,bench/30gib-2.bin,671,33554432,759.87,,
0,bench/30gib-2.bin,672,33554432,763.07,,
0,bench/30gib-2.bin,673,33554432,787.61,,
0,bench/30gib-2.bin,674,33554432,590.20,,
0,bench/30gib-2.bin,675,33554432,453.50,,
0,bench/30gib-2.bin,676,33554432,690.04,,
0,bench/30gib-2.bin,677,33554432,687.73,,
0,bench/30gib-2.bin,678,33554432,711.86,,
0,bench/30gib-2.bin,679,33554432,662.28,,
0,bench/30gib-2.bin,680,33554432,499.94,,
0,bench/30gib-2.bin,681,33554432,462.04,,
0,bench/30gib-2.bin,682,33554432,735.69,,
0,bench/30gib-2.bin,683,33554432,805.63,,
0,bench/30gib-2.bin,684,33554432,472.19,,
0,bench/30gib-2.bin,685,33554432,501.68,,
0,bench/30gib-2.bin,686,33554432,652.41,,
0,bench/30gib-2.bin,687,33554432,607.01,,
0,bench/30gib-2.bin,688,33554432,647.21,,
0,bench/30gib-2.bin,689,33554432,606.77,,
0,bench/30gib-2.bin,690,33554432,787.95,,
0,bench/30gib-2.bin,691,33554432,746.78,,
0,bench/30gib-2.bin,692,33554432,469.70,,
0,bench/30gib-2.bin,693,33554432,772.28,,
0,bench/30gib-2.bin,694,33554432,459.74,,
0,bench/30gib-2.bin,695,33554432,873.93,,
0,bench/30gib-2.bin,696,33554432,876.92,,
0,bench/30gib-2.bin,697,33554432,939.21,,
0,bench/30gib-2.bin,698,33554432,476.86,,
0,bench/30gib-2.bin,699,33554432,759.92,,
0,bench/30gib-2.bin,700,33554432,794.50,,
0,bench/30gib-2.bin,701,33554432,545.69,,
0,bench/30gib-2.bin,702,33554432,726.61,,
0,bench/30gib-2.bin,703,33554432,637.57,,
0,bench/30gib-2.bin,704,33554432,435.04,,
0,bench/30gib-2.bin,705,33554432,696.96,,
0,bench/30gib-2.bin,706,33554432,576.79,,
0,bench/30gib-2.bin,707,33554432,597.74,,
0,bench/30gib-2.bin,708,33554432,582.21,,
0,bench/30gib-2.bin,709,33554432,871.48,,
0,bench/30gib-2.bin,710,33554432,879.52,,
0,bench/30gib-2.bin,711,33554432,530.25,,
0,bench/30gib-2.bin,712,33554432,548.11,,
0,bench/30gib-2.bin,713,33554432,753.36,,
0,bench/30gib-2.bin,714,33554432,715.50,,
0,bench/30gib-2.bin,715,33554432,952.98,,
0,bench/30gib-2.bin,716,33554432,677.74,,
0,bench/30gib-2.bin,717,33554432,576.90,,
0,bench/30gib-2.bin,718,33554432,755.55,,
0,bench/30gib-2.bin,719,33554432,474.96,,
0,bench/30gib-2.bin,720,33554432,521.11,,
0,bench/30gib-2.bin,721,33554432,785.92,,
0,bench/30gib-2.bin,722,33554432,547.67,,
0,bench/30gib-2.bin,723,33554432,829.03,,
0,bench/30gib-2.bin,724,33554432,547.57,,
0,bench/30gib-2.bin,725,33554432,596.60,,
0,bench/30gib-2.bin,726,33554432,644.64,,
0,bench/30gib-2.bin,727,33554432,928.25,,
0,bench/30gib-2.bin,728,33554432,485.29,,
0,bench/30gib-2.bin,729,33554432,469.67,,
0,bench/30gib-2.bin,730,33554432,518.57,,
0,bench/30gib-2.bin,731,33554432,649.82,,
0,bench/30gib-2.bin,732,33554432,551.56,,
0,bench/30gib-2.bin,733,33554432,788.51,,
0,bench/30gib-2.bin,734,33554432,708.81,,
0,bench/30gib-2.bin,735,33554432,452.78,,
0,bench/30gib-2.bin,736,33554432,958.43,,
0,bench/30gib-2.bin,737,33554432,809.55,,
0,bench/30gib-2.bin,738,33554432,491.69,,
0,bench/30gib-2.bin,739,33554432,603.40,,
0,bench/30gib-2.bin,740,33554432,769.85,,
0,bench/30gib-2.bin,741,33554432,899.77,,
0,bench/30gib-2.bin,742,33554432,906.58,,
0,bench/30gib-2.bin,743,33554432,685.83,,
0,bench/30gib-2.bin,744,33554432,541.77,,
0,bench/30gib-2.bin,745,33554432,510.73,,
0,bench/30gib-2.bin,746,33554432,900.08,,
0,bench/30gib-2.bin,747,33554432,524.55,,
0,bench/30gib-2.bin,748,33554432,503.81,,
0,bench/30gib-2.bin,749,33554432,688.71,,
0,bench/30gib-2.bin,750,33554432,672.59,,
0,bench/30gib-2.bin,751,33554432,765.44,,
0,bench/30gib-2.bin,752,33554432,489.47,,
0,bench/30gib-2.bin,753,33554432,615.56,,
0,bench/30gib-2.bin,754,33554432,560.55,,
0,bench/30gib-2.bin,755,33554432,531.45,,
0,bench/30gib-2.bin,756,33554432,706.58,,
0,bench/30gib-2.bin,757,33554432,532.53,,
0,bench/30gib-2.bin,758,33554432,450.24,,
0,bench/30gib-2.bin,759,33554432,517.39,,
0,bench/30gib-2.bin,760,33554432,620.71,,
0,bench/30gib-2.bin,761,33554432,603.40,,
0,bench/30gib-2.bin,762,33554432,723.46,,
0,bench/30gib-2.bin,763,33554432,673.20,,
0,bench/30gib-2.bin,764,33554432,730.40,,
0,bench/30gib-2.bin,765,33554432,787.11,,
0,bench/30gib-2.bin,766,33554432,559.70,,
0,bench/30gib-2.bin,767,33554432,735.88,,
0,bench/30gib-2.bin,768,33554432,768.77,,
0,bench/30gib-2.bin,769,33554432,642.80,,
0,bench/30gib-2.bin,770,33554432,607.68,,
0,bench/30gib-2.bin,771,33554432,686.61,,
0,bench/30gib-2.bin,772,33554432,514.58,,
0,bench/30gib-2.bin,773,33554432,736.74,,
0,bench/30gib-2.bin,774,33554432,563.56,,
0,bench/30gib-2.bin,775,33554432,513.84,,
0,bench/30gib-2.bin,776,33554432,962.97,,
0,bench/30gib-2.bin,777,33554432,580.92,,
0,bench/30gib-2.bin,778,33554432,502.34,,
0,bench/30gib-2.bin,779,33554432,997.01,,
0,bench/30gib-2.bin,780,33554432,442.15,,
0,bench/30gib-2.bin,781,33554432,563.04,,
0,bench/30gib-2.bin,782,33554432,636.22,,
0,bench/30gib-2.bin,783,33554432,535.64,,
0,bench/30gib-2.bin,784,33554432,712.48,,
0,bench/30gib-2.bin,785,33554432,625.50,,
0,bench/30gib-2.bin,786,33554432,618.24,,
0,bench/30gib-2.bin,787,33554432,688.13,,
0,bench/30gib-2.bin,788,33554432,613.41,,
0,bench/30gib-2.bin,789,33554432,577.05,,
0,bench/30gib-2.bin,790,33554432,564.66,,
0,bench/30gib-2.bin,791,33554432,699.48,,
0,bench/30gib-2.bin,792,33554432,987.85,,
0,bench/30gib-2.bin,793,33554432,634.14,,
0,bench/30gib-2.bin,794,33554432,550.10,,
0,bench/30gib-2.bin,795,33554432,555.59,,
0,bench/30gib-2.bin,796,33554432,962.05,,
0,bench/30gib-2.bin,797,33554432,354.92,,
0,bench/30gib-2.bin,798,33554432,577.88,,
0,bench/30gib-2.bin,799,33554432,490.03,,
0,bench/30gib-2.bin,800,33554432,759.16,,
0,bench/30gib-2.bin,801,33554432,766.20,,
0,bench/30gib-2.bin,802,33554432,603.11,,
0,bench/30gib-2.bin,803,33554432,630.35,,
0,bench/30gib-2.bin,804,33554432,671.54,,
0,bench/30gib-2.bin,805,33554432,632.72,,
0,bench/30gib-2.bin,806,33554432,525.79,,
0,bench/30gib-2.bin,807,33554432,537.08,,
0,bench/30gib-2.bin,808,33554432,487.39,,
0,bench/30gib-2.bin,809,33554432,546.25,,
0,bench/30gib-2.bin,810,33554432,541.79,,
0,bench/30gib-2.bin,811,33554432,586.53,,
0,bench/30gib-2.bin,812,33554432,897.26,,
0,bench/30gib-2.bin,813,33554432,486.06,,
0,bench/30gib-2.bin,814,33554432,647.46,,
0,bench/30gib-2.bin,815,33554432,641.92,,
0,bench/30gib-2.bin,816,33554432,618.40,,
0,bench/30gib-2.bin,817,33554432,613.44,,
0,bench/30gib-2.bin,818,33554432,696.27,,
0,bench/30gib-2.bin,819,33554432,607.75,,
0,bench/30gib-2.bin,820,33554432,632.96,,
0,bench/30gib-2.bin,821,33554432,489.89,,
0,bench/30gib-2.bin,822,33554432,552.08,,
0,bench/30gib-2.bin,823,33554432,565.33,,
0,bench/30gib-2.bin,824,33554432,578.26,,
0,bench/30gib-2.bin,825,33554432,532.17,,
0,bench/30gib-2.bin,826,33554432,892.84,,
0,bench/30gib-2.bin,827,33554432,698.27,,
0,bench/30gib-2.bin,828,33554432,478.63,,
0,bench/30gib-2.bin,829,33554432,693.49,,
0,bench/30gib-2.bin,830,33554432,682.11,,
0,bench/30gib-2.bin,831,33554432,519.48,,
0,bench/30gib-2.bin,832,33554432,879.80,,
0,bench/30gib-2.bin,833,33554432,518.79,,
0,bench/30gib-2.bin,834,33554432,625.00,,
0,bench/30gib-2.bin,835,33554432,598.58,,
0,bench/30gib-2.bin,836,33554432,758.12,,
0,bench/30gib-2.bin,837,33554432,739.90,,
0,bench/30gib-2.bin,838,33554432,715.72,,
0,bench/30gib-2.bin,839,33554432,697.55,,
0,bench/30gib-2.bin,840,33554432,956.46,,
0,bench/30gib-2.bin,841,33554432,489.04,,
0,bench/30gib-2.bin,842,33554432,521.17,,
0,bench/30gib-2.bin,843,33554432,971.00,,
0,bench/30gib-2.bin,844,33554432,567.14,,
0,bench/30gib-2.bin,845,33554432,955.24,,
0,bench/30gib-2.bin,846,33554432,777.01,,
0,bench/30gib-2.bin,847,33554432,510.60,,
0,bench/30gib-2.bin,848,33554432,656.34,,
0,bench/30gib-2.bin,849,33554432,561.93,,
0,bench/30gib-2.bin,850,33554432,622.93,,
0,bench/30gib-2.bin,851,33554432,677.38,,
0,bench/30gib-2.bin,852,33554432,659.42,,
0,bench/30gib-2.bin,853,33554432,868.93,,
0,bench/30gib-2.bin,854,33554432,489.94,,
0,bench/30gib-2.bin,855,33554432,571.05,,
0,bench/30gib-2.bin,856,33554432,615.87,,
0,bench/30gib-2.bin,857,33554432,576.65,,
0,bench/30gib-2.bin,858,33554432,884.19,,
0,bench/30gib-2.bin,859,33554432,887.62,,
0,bench/30gib-2.bin,860,33554432,503.59,,
0,bench/30gib-2.bin,861,33554432,543.51,,
0,bench/30gib-2.bin,862,33554432,532.02,,
0,bench/30gib-2.bin,863,33554432,792.69,,
0,bench/30gib-2.bin,864,33554432,462.87,,
0,bench/30gib-2.bin,865,33554432,750.37,,
0,bench/30gib-2.bin,866,33554432,564.68,,
0,bench/30gib-2.bin,867,33554432,738.84,,
0,bench/30gib-2.bin,868,33554432,591.44,,
0,bench/30gib-2.bin,869,33554432,533.94,,
0,bench/30gib-2.bin,870,33554432,809.53,,
0,bench/30gib-2.bin,871,33554432,558.83,,
0,bench/30gib-2.bin,872,33554432,688.28,,
0,bench/30gib-2.bin,873,33554432,452.97,,
0,bench/30gib-2.bin,874,33554432,472.87,,
0,bench/30gib-2.bin,875,33554432,528.54,,
0,bench/30gib-2.bin,876,33554432,368.53,,
0,bench/30gib-2.bin,877,33554432,680.66,,
0,bench/30gib-2.bin,878,33554432,559.50,,
0,bench/30gib-2.bin,879,33554432,802.39,,
0,bench/30gib-2.bin,880,33554432,804.47,,
0,bench/30gib-2.bin,881,33554432,551.68,,
0,bench/30gib-2.bin,882,33554432,771.67,,
0,bench/30gib-2.bin,883,33554432,658.04,,
0,bench/30gib-2.bin,884,33554432,793.02,,
0,bench/30gib-2.bin,885,33554432,864.43,,
0,bench/30gib-2.bin,886,33554432,898.25,,
0,bench/30gib-2.bin,887,33554432,1010.67,,
0,bench/30gib-2.bin,888,33554432,395.93,,
0,bench/30gib-2.bin,889,33554432,491.07,,
0,bench/30gib-2.bin,890,33554432,884.39,,
0,bench/30gib-2.bin,891,33554432,843.75,,
0,bench/30gib-2.bin,892,33554432,497.31,,
0,bench/30gib-2.bin,893,33554432,526.23,,
0,bench/30gib-2.bin,894,33554432,712.46,,
0,bench/30gib-2.bin,895,33554432,578.21,,
0,bench/30gib-2.bin,896,33554432,425.12,,
0,bench/30gib-2.bin,897,33554432,615.31,,
0,bench/30gib-2.bin,898,33554432,573.60,,
0,bench/30gib-2.bin,899,33554432,611.42,,
0,bench/30gib-2.bin,900,33554432,622.09,,
0,bench/30gib-2.bin,901,33554432,625.71,,
0,bench/30gib-2.bin,902,33554432,701.87,,
0,bench/30gib-2.bin,903,33554432,719.15,,
0,bench/30gib-2.bin,904,33554432,626.25,,
0,bench/30gib-2.bin,905,33554432,517.19,,
0,bench/30gib-2.bin,906,33554432,397.44,,
0,bench/30gib-2.bin,907,33554432,780.59,,
0,bench/30gib-2.bin,908,33554432,704.12,,
0,bench/30gib-2.bin,909,33554432,673.52,,
0,bench/30gib-2.bin,910,33554432,541.79,,
0,bench/30gib-2.bin,911,33554432,751.11,,
0,bench/30gib-2.bin,912,33554432,585.54,,
0,bench/30gib-2.bin,913,33554432,671.38,,
0,bench/30gib-2.bin,914,33554432,594.51,,
0,bench/30gib-2.bin,915,33554432,575.53,,
0,bench/30gib-2.bin,916,33554432,476.17,,
0,bench/30gib-2.bin,917,33554432,575.17,,
0,bench/30gib-2.bin,918,33554432,583.23,,
0,bench/30gib-2.bin,919,33554432,593.30,,
0,bench/30gib-2.bin,920,33554432,665.84,,
0,bench/30gib-2.bin,921,33554432,1109.02,,
0,bench/30gib-2.bin,922,33554432,598.32,,
0,bench/30gib-2.bin,923,33554432,735.52,,
0,bench/30gib-2.bin,924,33554432,631.24,,
0,bench/30gib-2.bin,925,33554432,788.58,,
0,bench/30gib-2.bin,926,33554432,489.36,,
0,bench/30gib-2.bin,927,33554432,791.90,,
0,bench/30gib-2.bin,928,33554432,597.56,,
0,bench/30gib-2.bin,929,33554432,708.61,,
0,bench/30gib-2.bin,930,33554432,654.67,,
0,bench/30gib-2.bin,931,33554432,672.19,,
0,bench/30gib-2.bin,932,33554432,405.85,,
0,bench/30gib-2.bin,933,33554432,727.49,,
0,bench/30gib-2.bin,934,33554432,630.53,,
0,bench/30gib-2.bin,935,33554432,812.17,,
0,bench/30gib-2.bin,936,33554432,548.00,,
0,bench/30gib-2.bin,937,33554432,484.78,,
0,bench/30gib-2.bin,938,33554432,515.80,,
0,bench/30gib-2.bin,939,33554432,481.15,,
0,bench/30gib-2.bin,940,33554432,629.75,,
0,bench/30gib-2.bin,941,33554432,751.63,,
0,bench/30gib-2.bin,942,33554432,551.34,,
0,bench/30gib-2.bin,943,33554432,820.65,,
0,bench/30gib-2.bin,944,33554432,727.96,,
0,bench/30gib-2.bin,945,33554432,753.30,,
0,bench/30gib-2.bin,946,33554432,568.12,,
0,bench/30gib-2.bin,947,33554432,518.43,,
0,bench/30gib-2.bin,948,33554432,423.65,,
0,bench/30gib-2.bin,949,33554432,619.79,,
0,bench/30gib-2.bin,950,33554432,484.53,,
0,bench/30gib-2.bin,951,33554432,558.42,,
0,bench/30gib-2.bin,952,33554432,607.46,,
0,bench/30gib-2.bin,953,33554432,647.07,,
0,bench/30gib-2.bin,954,33554432,659.88,,
0,bench/30gib-2.bin,955,33554432,403.87,,
0,bench/30gib-2.bin,956,33554432,372.84,,
0,bench/30gib-2.bin,957,33554432,373.26,,
0,bench/30gib-2.bin,958,33554432,564.37,,
0,bench/30gib-2.bin,959,33554432,593.50,,
0,bench/30gib-2.bin,960,33554432,499.54,,
0,bench/30gib-3.bin,1,33554432,1541.64,,
0,bench/30gib-3.bin,2,33554432,1617.38,,
0,bench/30gib-3.bin,3,33554432,1469.11,,
0,bench/30gib-3.bin,4,33554432,1419.17,,
0,bench/30gib-3.bin,5,33554432,1639.57,,
0,bench/30gib-3.bin,6,33554432,1416.72,,
0,bench/30gib-3.bin,7,33554432,1498.41,,
0,bench/30gib-3.bin,8,33554432,1363.60,,
0,bench/30gib-3.bin,9,33554432,2196.30,,
0,bench/30gib-3.bin,10,33554432,1076.62,,
0,bench/30gib-3.bin,11,33554432,1138.14,,
0,bench/30gib-3.bin,12,33554432,1313.60,,
0,bench/30gib-3.bin,13,33554432,1200.03,,
0,bench/30gib-3.bin,14,33554432,1384.38,,
0,bench/30gib-3.bin,15,33554432,1237.97,,
0,bench/30gib-3.bin,16,33554432,1608.97,,
0,bench/30gib-3.bin,17,33554432,1317.47,,
0,bench/30gib-3.bin,18,33554432,1613.63,,
0,bench/30gib-3.bin,19,33554432,1184.38,,
0,bench/30gib-3.bin,20,33554432,1162.06,,
0,bench/30gib-3.bin,21,33554432,1729.52,,
0,bench/30gib-3.bin,22,33554432,1356.17,,
0,bench/30gib-3.bin,23,33554432,1617.51,,
0,bench/30gib-3.bin,24,33554432,1573.81,,
0,bench/30gib-3.bin,25,33554432,1570.08,,
0,bench/30gib-3.bin,26,33554432,1601.85,,
0,bench/30gib-3.bin,27,33554432,1843.65,,
0,bench/30gib-3.bin,28,33554432,1596.85,,
0,bench/30gib-3.bin,29,33554432,1003.56,,
0,bench/30gib-3.bin,30,33554432,1368.03,,
0,bench/30gib-3.bin,31,33554432,1726.05,,
0,bench/30gib-3.bin,32,33554432,1765.85,,
0,bench/30gib-3.bin,33,33554432,1430.87,,
0,bench/30gib-3.bin,34,33554432,1424.75,,
0,bench/30gib-3.bin,35,33554432,1153.58,,
0,bench/30gib-3.bin,36,33554432,1416.23,,
0,bench/30gib-3.bin,37,33554432,1098.67,,
0,bench/30gib-3.bin,38,33554432,614.82,,
0,bench/30gib-3.bin,39,33554432,843.18,,
0,bench/30gib-3.bin,40,33554432,904.00,,
0,bench/30gib-3.bin,41,33554432,826.34,,
0,bench/30gib-3.bin,42,33554432,840.81,,
0,bench/30gib-3.bin,43,33554432,820.23,,
0,bench/30gib-3.bin,44,33554432,1220.52,,
0,bench/30gib-3.bin,45,33554432,1596.58,,
0,bench/30gib-3.bin,46,33554432,1437.24,,
0,bench/30gib-3.bin,47,33554432,1049.63,,
0,bench/30gib-3.bin,48,33554432,1111.93,,
0,bench/30gib-3.bin,49,33554432,705.30,,
0,bench/30gib-3.bin,50,33554432,1238.91,,
0,bench/30gib-3.bin,51,33554432,1064.53,,
0,bench/30gib-3.bin,52,33554432,1368.90,,
0,bench/30gib-3.bin,53,33554432,998.76,,
0,bench/30gib-3.bin,54,33554432,876.16,,
0,bench/30gib-3.bin,55,33554432,878.57,,
0,bench/30gib-3.bin,56,33554432,1383.38,,
0,bench/30gib-3.bin,57,33554432,1081.13,,
0,bench/30gib-3.bin,58,33554432,677.17,,
0,bench/30gib-3.bin,59,33554432,644.05,,
0,bench/30gib-3.bin,60,33554432,1138.60,,
0,bench/30gib-3.bin,61,33554432,580.67,,
0,bench/30gib-3.bin,62,33554432,1302.72,,
0,bench/30gib-3.bin,63,33554432,795.36,,
0,bench/30gib-3.bin,64,33554432,766.82,,
0,bench/30gib-3.bin,65,33554432,872.01,,
0,bench/30gib-3.bin,66,33554432,942.99,,
0,bench/30gib-3.bin,67,33554432,979.30,,
0,bench/30gib-3.bin,68,33554432,810.30,,
0,bench/30gib-3.bin,69,33554432,605.66,,
0,bench/30gib-3.bin,70,33554432,1191.24,,
0,bench/30gib-3.bin,71,33554432,712.69,,
0,bench/30gib-3.bin,72,33554432,816.05,,
0,bench/30gib-3.bin,73,33554432,562.30,,
0,bench/30gib-3.bin,74,33554432,639.92,,
0,bench/30gib-3.bin,75,33554432,578.95,,
0,bench/30gib-3.bin,76,33554432,619.59,,
0,bench/30gib-3.bin,77,33554432,473.53,,
0,bench/30gib-3.bin,78,33554432,707.14,,
0,bench/30gib-3.bin,79,33554432,577.91,,
0,bench/30gib-3.bin,80,33554432,529.37,,
0,bench/30gib-3.bin,81,33554432,788.20,,
0,bench/30gib-3.bin,82,33554432,527.23,,
0,bench/30gib-3.bin,83,33554432,564.30,,
0,bench/30gib-3.bin,84,33554432,558.21,,
0,bench/30gib-3.bin,85,33554432,883.42,,
0,bench/30gib-3.bin,86,33554432,611.23,,
0,bench/30gib-3.bin,87,33554432,546.21,,
0,bench/30gib-3.bin,88,33554432,508.46,,
0,bench/30gib-3.bin,89,33554432,493.74,,
0,bench/30gib-3.bin,90,33554432,903.51,,
0,bench/30gib-3.bin,91,33554432,574.62,,
0,bench/30gib-3.bin,92,33554432,507.76,,
0,bench/30gib-3.bin,93,33554432,546.76,,
0,bench/30gib-3.bin,94,33554432,660.58,,
0,bench/30gib-3.bin,95,33554432,996.66,,
0,bench/30gib-3.bin,96,33554432,733.35,,
0,bench/30gib-3.bin,97,33554432,522.84,,
0,bench/30gib-3.bin,98,33554432,1022.28,,
0,bench/30gib-3.bin,99,33554432,831.21,,
0,bench/30gib-3.bin,100,33554432,929.62,,
0,bench/30gib-3.bin,101,33554432,610.68,,
0,bench/30gib-3.bin,102,33554432,438.49,,
0,bench/30gib-3.bin,103,33554432,1057.47,,
0,bench/30gib-3.bin,104,33554432,843.31,,
0,bench/30gib-3.bin,105,33554432,832.02,,
0,bench/30gib-3.bin,106,33554432,583.57,,
0,bench/30gib-3.bin,107,33554432,650.72,,
0,bench/30gib-3.bin,108,33554432,524.81,,
0,bench/30gib-3.bin,109,33554432,735.69,,
0,bench/30gib-3.bin,110,33554432,848.80,,
0,bench/30gib-3.bin,111,33554432,938.61,,
0,bench/30gib-3.bin,112,33554432,576.00,,
0,bench/30gib-3.bin,113,33554432,557.86,,
0,bench/30gib-3.bin,114,33554432,835.63,,
0,bench/30gib-3.bin,115,33554432,1066.22,,
0,bench/30gib-3.bin,116,33554432,809.53,,
0,bench/30gib-3.bin,117,33554432,385.54,,
0,bench/30gib-3.bin,118,33554432,765.70,,
0,bench/30gib-3.bin,119,33554432,775.17,,
0,bench/30gib-3.bin,120,33554432,830.14,,
0,bench/30gib-3.bin,121,33554432,534.11,,
0,bench/30gib-3.bin,122,33554432,790.99,,
0,bench/30gib-3.bin,123,33554432,611.22,,
0,bench/30gib-3.bin,124,33554432,492.66,,
0,bench/30gib-3.bin,125,33554432,493.95,,
0,bench/30gib-3.bin,126,33554432,579.18,,
0,bench/30gib-3.bin,127,33554432,382.53,,
0,bench/30gib-3.bin,128,33554432,902.72,,
0,bench/30gib-3.bin,129,33554432,412.90,,
0,bench/30gib-3.bin,130,33554432,676.95,,
0,bench/30gib-3.bin,131,33554432,475.67,,
0,bench/30gib-3.bin,132,33554432,534.20,,
0,bench/30gib-3.bin,133,33554432,486.57,,
0,bench/30gib-3.bin,134,33554432,865.17,,
0,bench/30gib-3.bin,135,33554432,646.36,,
0,bench/30gib-3.bin,136,33554432,728.35,,
0,bench/30gib-3.bin,137,33554432,725.18,,
0,bench/30gib-3.bin,138,33554432,559.15,,
0,bench/30gib-3.bin,139,33554432,581.06,,
0,bench/30gib-3.bin,140,33554432,452.21,,
0,bench/30gib-3.bin,141,33554432,358.19,,
0,bench/30gib-3.bin,142,33554432,442.81,,
0,bench/30gib-3.bin,143,33554432,859.79,,
0,bench/30gib-3.bin,144,33554432,712.77,,
0,bench/30gib-3.bin,145,33554432,539.11,,
0,bench/30gib-3.bin,146,33554432,812.30,,
0,bench/30gib-3.bin,147,33554432,562.33,,
0,bench/30gib-3.bin,148,33554432,386.48,,
0,bench/30gib-3.bin,149,33554432,633.87,,
0,bench/30gib-3.bin,150,33554432,606.93,,
0,bench/30gib-3.bin,151,33554432,511.79,,
0,bench/30gib-3.bin,152,33554432,1130.83,,
0,bench/30gib-3.bin,153,33554432,824.31,,
0,bench/30gib-3.bin,154,33554432,597.44,,
0,bench/30gib-3.bin,155,33554432,497.31,,
0,bench/30gib-3.bin,156,33554432,626.22,,
0,bench/30gib-3.bin,157,33554432,833.16,,
0,bench/30gib-3.bin,158,33554432,622.49,,
0,bench/30gib-3.bin,159,33554432,544.84,,
0,bench/30gib-3.bin,160,33554432,505.25,,
0,bench/30gib-3.bin,161,33554432,534.57,,
0,bench/30gib-3.bin,162,33554432,570.55,,
0,bench/30gib-3.bin,163,33554432,475.19,,
0,bench/30gib-3.bin,164,33554432,552.56,,
0,bench/30gib-3.bin,165,33554432,684.93,,
0,bench/30gib-3.bin,166,33554432,602.60,,
0,bench/30gib-3.bin,167,33554432,816.13,,
0,bench/30gib-3.bin,168,33554432,577.89,,
0,bench/30gib-3.bin,169,33554432,655.56,,
0,bench/30gib-3.bin,170,33554432,748.31,,
0,bench/30gib-3.bin,171,33554432,752.47,,
0,bench/30gib-3.bin,172,33554432,518.58,,
0,bench/30gib-3.bin,173,33554432,587.37,,
0,bench/30gib-3.bin,174,33554432,676.04,,
0,bench/30gib-3.bin,175,33554432,821.65,,
0,bench/30gib-3.bin,176,33554432,658.25,,
0,bench/30gib-3.bin,177,33554432,743.53,,
0,bench/30gib-3.bin,178,33554432,650.33,,
0,bench/30gib-3.bin,179,33554432,689.97,,
0,bench/30gib-3.bin,180,33554432,795.50,,
0,bench/30gib-3.bin,181,33554432,765.95,,
0,bench/30gib-3.bin,182,33554432,579.46,,
0,bench/30gib-3.bin,183,33554432,698.44,,
0,bench/30gib-3.bin,184,33554432,469.66,,
0,bench/30gib-3.bin,185,33554432,381.84,,
0,bench/30gib-3.bin,186,33554432,448.78,,
0,bench/30gib-3.bin,187,33554432,712.06,,
0,bench/30gib-3.bin,188,33554432,430.90,,
0,bench/30gib-3.bin,189,33554432,713.93,,
0,bench/30gib-3.bin,190,33554432,568.27,,
0,bench/30gib-3.bin,191,33554432,706.33,,
0,bench/30gib-3.bin,192,33554432,708.77,,
0,bench/30gib-3.bin,193,33554432,583.35,,
0,bench/30gib-3.bin,194,33554432,594.11,,
0,bench/30gib-3.bin,195,33554432,616.37,,
0,bench/30gib-3.bin,196,33554432,564.74,,
0,bench/30gib-3.bin,197,33554432,686.21,,
0,bench/30gib-3.bin,198,33554432,738.17,,
0,bench/30gib-3.bin,199,33554432,615.69,,
0,bench/30gib-3.bin,200,33554432,867.12,,
0,bench/30gib-3.bin,201,33554432,504.03,,
0,bench/30gib-3.bin,202,33554432,788.50,,
0,bench/30gib-3.bin,203,33554432,475.85,,
0,bench/30gib-3.bin,204,33554432,645.87,,
0,bench/30gib-3.bin,205,33554432,652.24,,
0,bench/30gib-3.bin,206,33554432,731.54,,
0,bench/30gib-3.bin,207,33554432,499.55,,
0,bench/30gib-3.bin,208,33554432,723.95,,
0,bench/30gib-3.bin,209,33554432,763.82,,
0,bench/30gib-3.bin,210,33554432,732.76,,
0,bench/30gib-3.bin,211,33554432,528.86,,
0,bench/30gib-3.bin,212,33554432,653.64,,
0,bench/30gib-3.bin,213,33554432,991.86,,
0,bench/30gib-3.bin,214,33554432,827.48,,
0,bench/30gib-3.bin,215,33554432,751.24,,
0,bench/30gib-3.bin,216,33554432,851.79,,
0,bench/30gib-3.bin,217,33554432,496.76,,
0,bench/30gib-3.bin,218,33554432,714.02,,
0,bench/30gib-3.bin,219,33554432,543.05,,
0,bench/30gib-3.bin,220,33554432,493.99,,
0,bench/30gib-3.bin,221,33554432,671.25,,
0,bench/30gib-3.bin,222,33554432,791.97,,
0,bench/30gib-3.bin,223,33554432,540.75,,
0,bench/30gib-3.bin,224,33554432,502.47,,
0,bench/30gib-3.bin,225,33554432,718.49,,
0,bench/30gib-3.bin,226,33554432,682.37,,
0,bench/30gib-3.bin,227,33554432,506.34,,
0,bench/30gib-3.bin,228,33554432,562.32,,
0,bench/30gib-3.bin,229,33554432,768.23,,
0,bench/30gib-3.bin,230,33554432,581.30,,
0,bench/30gib-3.bin,231,33554432,792.82,,
0,bench/30gib-3.bin,232,33554432,616.95,,
0,bench/30gib-3.bin,233,33554432,526.21,,
0,bench/30gib-3.bin,234,33554432,600.14,,
0,bench/30gib-3.bin,235,33554432,630.65,,
0,bench/30gib-3.bin,236,33554432,702.41,,
0,bench/30gib-3.bin,237,33554432,1017.29,,
0,bench/30gib-3.bin,238,33554432,594.07,,
0,bench/30gib-3.bin,239,33554432,832.76,,
0,bench/30gib-3.bin,240,33554432,711.37,,
0,bench/30gib-3.bin,241,33554432,481.68,,
0,bench/30gib-3.bin,242,33554432,548.98,,
0,bench/30gib-3.bin,243,33554432,762.45,,
0,bench/30gib-3.bin,244,33554432,621.00,,
0,bench/30gib-3.bin,245,33554432,504.27,,
0,bench/30gib-3.bin,246,33554432,536.96,,
0,bench/30gib-3.bin,247,33554432,616.06,,
0,bench/30gib-3.bin,248,33554432,488.56,,
0,bench/30gib-3.bin,249,33554432,485.12,,
0,bench/30gib-3.bin,250,33554432,471.61,,
0,bench/30gib-3.bin,251,33554432,600.16,,
0,bench/30gib-3.bin,252,33554432,581.21,,
0,bench/30gib-3.bin,253,33554432,539.29,,
0,bench/30gib-3.bin,254,33554432,481.00,,
0,bench/30gib-3.bin,255,33554432,552.24,,
0,bench/30gib-3.bin,256,33554432,567.14,,
0,bench/30gib-3.bin,257,33554432,641.83,,
0,bench/30gib-3.bin,258,33554432,531.24,,
0,bench/30gib-3.bin,259,33554432,456.48,,
0,bench/30gib-3.bin,260,33554432,483.15,,
0,bench/30gib-3.bin,261,33554432,459.36,,
0,bench/30gib-3.bin,262,33554432,624.85,,
0,bench/30gib-3.bin,263,33554432,775.03,,
0,bench/30gib-3.bin,264,33554432,581.40,,
0,bench/30gib-3.bin,265,33554432,454.29,,
0,bench/30gib-3.bin,266,33554432,474.31,,
0,bench/30gib-3.bin,267,33554432,612.88,,
0,bench/30gib-3.bin,268,33554432,554.57,,
0,bench/30gib-3.bin,269,33554432,993.11,,
0,bench/30gib-3.bin,270,33554432,1023.63,,
0,bench/30gib-3.bin,271,33554432,472.49,,
0,bench/30gib-3.bin,272,33554432,537.83,,
0,bench/30gib-3.bin,273,33554432,730.01,,
0,bench/30gib-3.bin,274,33554432,958.55,,
0,bench/30gib-3.bin,275,33554432,689.42,,
0,bench/30gib-3.bin,276,33554432,817.22,,
0,bench/30gib-3.bin,277,33554432,894.93,,
0,bench/30gib-3.bin,278,33554432,676.61,,
0,bench/30gib-3.bin,279,33554432,537.20,,
0,bench/30gib-3.bin,280,33554432,419.23,,
0,bench/30gib-3.bin,281,33554432,564.65,,
0,bench/30gib-3.bin,282,33554432,508.20,,
0,bench/30gib-3.bin,283,33554432,590.25,,
0,bench/30gib-3.bin,284,33554432,751.64,,
0,bench/30gib-3.bin,285,33554432,718.58,,
0,bench/30gib-3.bin,286,33554432,640.01,,
0,bench/30gib-3.bin,287,33554432,477.95,,
0,bench/30gib-3.bin,288,33554432,724.97,,
0,bench/30gib-3.bin,289,33554432,511.11,,
0,bench/30gib-3.bin,290,33554432,667.78,,
0,bench/30gib-3.bin,291,33554432,577.72,,
0,bench/30gib-3.bin,292,33554432,506.50,,
0,bench/30gib-3.bin,293,33554432,574.22,,
0,bench/30gib-3.bin,294,33554432,522.43,,
0,bench/30gib-3.bin,295,33554432,592.93,,
0,bench/30gib-3.bin,296,33554432,544.50,,
0,bench/30gib-3.bin,297,33554432,451.08,,
0,bench/30gib-3.bin,298,33554432,539.61,,
0,bench/30gib-3.bin,299,33554432,561.42,,
0,bench/30gib-3.bin,300,33554432,1008.46,,
0,bench/30gib-3.bin,301,33554432,445.00,,
0,bench/30gib-3.bin,302,33554432,491.82,,
0,bench/30gib-3.bin,303,33554432,669.95,,
0,bench/30gib-3.bin,304,33554432,591.49,,
0,bench/30gib-3.bin,305,33554432,435.65,,
0,bench/30gib-3.bin,306,33554432,836.33,,
0,bench/30gib-3.bin,307,33554432,571.49,,
0,bench/30gib-3.bin,308,33554432,765.72,,
0,bench/30gib-3.bin,309,33554432,737.99,,
0,bench/30gib-3.bin,310,33554432,345.30,,
0,bench/30gib-3.bin,311,33554432,746.91,,
0,bench/30gib-3.bin,312,33554432,625.36,,
0,bench/30gib-3.bin,313,33554432,439.44,,
0,bench/30gib-3.bin,314,33554432,667.38,,
0,bench/30gib-3.bin,315,33554432,821.97,,
0,bench/30gib-3.bin,316,33554432,428.95,,
0,bench/30gib-3.bin,317,33554432,656.89,,
0,bench/30gib-3.bin,318,33554432,497.99,,
0,bench/30gib-3.bin,319,33554432,543.78,,
0,bench/30gib-3.bin,320,33554432,759.53,,
0,bench/30gib-3.bin,321,33554432,522.36,,
0,bench/30gib-3.bin,322,33554432,416.16,,
0,bench/30gib-3.bin,323,33554432,700.98,,
0,bench/30gib-3.bin,324,33554432,592.42,,
0,bench/30gib-3.bin,325,33554432,623.00,,
0,bench/30gib-3.bin,326,33554432,662.34,,
0,bench/30gib-3.bin,327,33554432,499.27,,
0,bench/30gib-3.bin,328,33554432,620.15,,
0,bench/30gib-3.bin,329,33554432,489.05,,
0,bench/30gib-3.bin,330,33554432,558.84,,
0,bench/30gib-3.bin,331,33554432,756.63,,
0,bench/30gib-3.bin,332,33554432,485.14,,
0,bench/30gib-3.bin,333,33554432,456.67,,
0,bench/30gib-3.bin,334,33554432,543.28,,
0,bench/30gib-3.bin,335,33554432,580.62,,
0,bench/30gib-3.bin,336,33554432,670.68,,
0,bench/30gib-3.bin,337,33554432,571.32,,
0,bench/30gib-3.bin,338,33554432,580.97,,
0,bench/30gib-3.bin,339,33554432,639.85,,
0,bench/30gib-3.bin,340,33554432,727.83,,
0,bench/30gib-3.bin,341,33554432,697.44,,
0,bench/30gib-3.bin,342,33554432,644.95,,
0,bench/30gib-3.bin,343,33554432,940.89,,
0,bench/30gib-3.bin,344,33554432,515.70,,
0,bench/30gib-3.bin,345,33554432,653.57,,
0,bench/30gib-3.bin,346,33554432,638.30,,
0,bench/30gib-3.bin,347,33554432,614.74,,
0,bench/30gib-3.bin,348,33554432,608.29,,
0,bench/30gib-3.bin,349,33554432,536.84,,
0,bench/30gib-3.bin,350,33554432,556.15,,
0,bench/30gib-3.bin,351,33554432,701.37,,
0,bench/30gib-3.bin,352,33554432,604.87,,
0,bench/30gib-3.bin,353,33554432,806.17,,
0,bench/30gib-3.bin,354,33554432,513.56,,
0,bench/30gib-3.bin,355,33554432,516.16,,
0,bench/30gib-3.bin,356,33554432,805.74,,
0,bench/30gib-3.bin,357,33554432,753.24,,
0,bench/30gib-3.bin,358,33554432,648.98,,
0,bench/30gib-3.bin,359,33554432,484.03,,
0,bench/30gib-3.bin,360,33554432,837.81,,
0,bench/30gib-3.bin,361,33554432,762.86,,
0,bench/30gib-3.bin,362,33554432,778.94,,
0,bench/30gib-3.bin,363,33554432,945.88,,
0,bench/30gib-3.bin,364,33554432,580.36,,
0,bench/30gib-3.bin,365,33554432,676.38,,
0,bench/30gib-3.bin,366,33554432,634.65,,
0,bench/30gib-3.bin,367,33554432,678.39,,
0,bench/30gib-3.bin,368,33554432,585.72,,
0,bench/30gib-3.bin,369,33554432,686.66,,
0,bench/30gib-3.bin,370,33554432,584.14,,
0,bench/30gib-3.bin,371,33554432,465.47,,
0,bench/30gib-3.bin,372,33554432,737.55,,
0,bench/30gib-3.bin,373,33554432,718.71,,
0,bench/30gib-3.bin,374,33554432,548.38,,
0,bench/30gib-3.bin,375,33554432,698.64,,
0,bench/30gib-3.bin,376,33554432,779.66,,
0,bench/30gib-3.bin,377,33554432,435.58,,
0,bench/30gib-3.bin,378,33554432,576.88,,
0,bench/30gib-3.bin,379,33554432,829.87,,
0,bench/30gib-3.bin,380,33554432,500.78,,
0,bench/30gib-3.bin,381,33554432,517.87,,
0,bench/30gib-3.bin,382,33554432,474.05,,
0,bench/30gib-3.bin,383,33554432,582.85,,
0,bench/30gib-3.bin,384,33554432,443.87,,
0,bench/30gib-3.bin,385,33554432,812.59,,
0,bench/30gib-3.bin,386,33554432,599.72,,
0,bench/30gib-3.bin,387,33554432,725.25,,
0,bench/30gib-3.bin,388,33554432,666.12,,
0,bench/30gib-3.bin,389,33554432,619.30,,
0,bench/30gib-3.bin,390,33554432,532.10,,
0,bench/30gib-3.bin,391,33554432,595.61,,
0,bench/30gib-3.bin,392,33554432,730.29,,
0,bench/30gib-3.bin,393,33554432,623.58,,
0,bench/30gib-3.bin,394,33554432,637.60,,
0,bench/30gib-3.bin,395,33554432,470.33,,
0,bench/30gib-3.bin,396,33554432,778.10,,
0,bench/30gib-3.bin,397,33554432,547.03,,
0,bench/30gib-3.bin,398,33554432,560.87,,
0,bench/30gib-3.bin,399,33554432,578.30,,
0,bench/30gib-3.bin,400,33554432,673.62,,
0,bench/30gib-3.bin,401,33554432,638.45,,
0,bench/30gib-3.bin,402,33554432,491.29,,
0,bench/30gib-3.bin,403,33554432,558.74,,
0,bench/30gib-3.bin,404,33554432,552.20,,
0,bench/30gib-3.bin,405,33554432,861.07,,
0,bench/30gib-3.bin,406,33554432,865.65,,
0,bench/30gib-3.bin,407,33554432,579.57,,
0,bench/30gib-3.bin,408,33554432,619.54,,
0,bench/30gib-3.bin,409,33554432,557.37,,
0,bench/30gib-3.bin,410,33554432,553.13,,
0,bench/30gib-3.bin,411,33554432,730.08,,
0,bench/30gib-3.bin,412,33554432,694.38,,
0,bench/30gib-3.bin,413,33554432,593.42,,
0,bench/30gib-3.bin,414,33554432,987.65,,
0,bench/30gib-3.bin,415,33554432,997.35,,
0,bench/30gib-3.bin,416,33554432,772.17,,
0,bench/30gib-3.bin,417,33554432,714.08,,
0,bench/30gib-3.bin,418,33554432,697.36,,
0,bench/30gib-3.bin,419,33554432,642.31,,
0,bench/30gib-3.bin,420,33554432,469.58,,
0,bench/30gib-3.bin,421,33554432,939.78,,
0,bench/30gib-3.bin,422,33554432,510.60,,
0,bench/30gib-3.bin,423,33554432,661.47,,
0,bench/30gib-3.bin,424,33554432,495.06,,
0,bench/30gib-3.bin,425,33554432,482.48,,
0,bench/30gib-3.bin,426,33554432,368.96,,
0,bench/30gib-3.bin,427,33554432,725.76,,
0,bench/30gib-3.bin,428,33554432,386.10,,
0,bench/30gib-3.bin,429,33554432,628.04,,
0,bench/30gib-3.bin,430,33554432,564.06,,
0,bench/30gib-3.bin,431,33554432,676.51,,
0,bench/30gib-3.bin,432,33554432,687.71,,
0,bench/30gib-3.bin,433,33554432,519.94,,
0,bench/30gib-3.bin,434,33554432,597.52,,
0,bench/30gib-3.bin,435,33554432,863.05,,
0,bench/30gib-3.bin,436,33554432,525.52,,
0,bench/30gib-3.bin,437,33554432,497.04,,
0,bench/30gib-3.bin,438,33554432,530.74,,
0,bench/30gib-3.bin,439,33554432,503.04,,
0,bench/30gib-3.bin,440,33554432,481.69,,
0,bench/30gib-3.bin,441,33554432,945.15,,
0,bench/30gib-3.bin,442,33554432,470.88,,
0,bench/30gib-3.bin,443,33554432,978.60,,
0,bench/30gib-3.bin,444,33554432,739.95,,
0,bench/30gib-3.bin,445,33554432,881.99,,
0,bench/30gib-3.bin,446,33554432,487.14,,
0,bench/30gib-3.bin,447,33554432,601.54,,
0,bench/30gib-3.bin,448,33554432,553.23,,
0,bench/30gib-3.bin,449,33554432,503.68,,
0,bench/30gib-3.bin,450,33554432,802.98,,
0,bench/30gib-3.bin,451,33554432,620.68,,
0,bench/30gib-3.bin,452,33554432,921.31,,
0,bench/30gib-3.bin,453,33554432,583.44,,
0,bench/30gib-3.bin,454,33554432,489.11,,
0,bench/30gib-3.bin,455,33554432,706.69,,
0,bench/30gib-3.bin,456,33554432,950.93,,
0,bench/30gib-3.bin,457,33554432,527.23,,
0,bench/30gib-3.bin,458,33554432,567.67,,
0,bench/30gib-3.bin,459,33554432,560.95,,
0,bench/30gib-3.bin,460,33554432,560.61,,
0,bench/30gib-3.bin,461,33554432,547.36,,
0,bench/30gib-3.bin,462,33554432,719.08,,
0,bench/30gib-3.bin,463,33554432,739.86,,
0,bench/30gib-3.bin,464,33554432,857.39,,
0,bench/30gib-3.bin,465,33554432,930.47,,
0,bench/30gib-3.bin,466,33554432,721.72,,
0,bench/30gib-3.bin,467,33554432,704.49,,
0,bench/30gib-3.bin,468,33554432,662.33,,
0,bench/30gib-3.bin,469,33554432,480.34,,
0,bench/30gib-3.bin,470,33554432,483.45,,
0,bench/30gib-3.bin,471,33554432,673.70,,
0,bench/30gib-3.bin,472,33554432,674.31,,
0,bench/30gib-3.bin,473,33554432,560.08,,
0,bench/30gib-3.bin,474,33554432,691.35,,
0,bench/30gib-3.bin,475,33554432,588.38,,
0,bench/30gib-3.bin,476,33554432,641.65,,
0,bench/30gib-3.bin,477,33554432,457.48,,
0,bench/30gib-3.bin,478,33554432,720.07,,
0,bench/30gib-3.bin,479,33554432,555.56,,
0,bench/30gib-3.bin,480,33554432,724.74,,
0,bench/30gib-3.bin,481,33554432,901.44,,
0,bench/30gib-3.bin,482,33554432,919.21,,
0,bench/30gib-3.bin,483,33554432,437.85,,
0,bench/30gib-3.bin,484,33554432,570.07,,
0,bench/30gib-3.bin,485,33554432,991.67,,
0,bench/30gib-3.bin,486,33554432,546.16,,
0,bench/30gib-3.bin,487,33554432,493.47,,
0,bench/30gib-3.bin,488,33554432,784.37,,
0,bench/30gib-3.bin,489,33554432,608.87,,
0,bench/30gib-3.bin,490,33554432,628.35,,
0,bench/30gib-3.bin,491,33554432,595.93,,
0,bench/30gib-3.bin,492,33554432,632.38,,
0,bench/30gib-3.bin,493,33554432,565.59,,
0,bench/30gib-3.bin,494,33554432,608.91,,
0,bench/30gib-3.bin,495,33554432,762.70,,
0,bench/30gib-3.bin,496,33554432,591.87,,
0,bench/30gib-3.bin,497,33554432,461.67,,
0,bench/30gib-3.bin,498,33554432,921.80,,
0,bench/30gib-3.bin,499,33554432,541.83,,
0,bench/30gib-3.bin,500,33554432,590.33,,
0,bench/30gib-3.bin,501,33554432,482.99,,
0,bench/30gib-3.bin,502,33554432,845.37,,
0,bench/30gib-3.bin,503,33554432,850.66,,
0,bench/30gib-3.bin,504,33554432,488.15,,
0,bench/30gib-3.bin,505,33554432,773.84,,
0,bench/30gib-3.bin,506,33554432,694.94,,
0,bench/30gib-3.bin,507,33554432,580.14,,
0,bench/30gib-3.bin,508,33554432,610.70,,
0,bench/30gib-3.bin,509,33554432,419.54,,
0,bench/30gib-3.bin,510,33554432,856.10,,
0,bench/30gib-3.bin,511,33554432,711.50,,
0,bench/30gib-3.bin,512,33554432,506.10,,
0,bench/30gib-3.bin,513,33554432,746.15,,
0,bench/30gib-3.bin,514,33554432,738.01,,
0,bench/30gib-3.bin,515,33554432,711.53,,
0,bench/30gib-3.bin,516,33554432,524.99,,
0,bench/30gib-3.bin,517,33554432,521.87,,
0,bench/30gib-3.bin,518,33554432,509.75,,
0,bench/30gib-3.bin,519,33554432,706.98,,
0,bench/30gib-3.bin,520,33554432,472.54,,
0,bench/30gib-3.bin,521,33554432,472.47,,
0,bench/30gib-3.bin,522,33554432,829.01,,
0,bench/30gib-3.bin,523,33554432,586.10,,
0,bench/30gib-3.bin,524,33554432,606.75,,
0,bench/30gib-3.bin,525,33554432,901.60,,
0,bench/30gib-3.bin,526,33554432,550.58,,
0,bench/30gib-3.bin,527,33554432,677.36,,
0,bench/30gib-3.bin,528,33554432,704.45,,
0,bench/30gib-3.bin,529,33554432,806.59,,
0,bench/30gib-3.bin,530,33554432,988.90,,
0,bench/30gib-3.bin,531,33554432,516.97,,
0,bench/30gib-3.bin,532,33554432,766.45,,
0,bench/30gib-3.bin,533,33554432,491.07,,
0,bench/30gib-3.bin,534,33554432,637.23,,
0,bench/30gib-3.bin,535,33554432,455.49,,
0,bench/30gib-3.bin,536,33554432,514.33,,
0,bench/30gib-3.bin,537,33554432,470.29,,
0,bench/30gib-3.bin,538,33554432,654.37,,
0,bench/30gib-3.bin,539,33554432,660.52,,
0,bench/30gib-3.bin,540,33554432,532.51,,
0,bench/30gib-3.bin,541,33554432,727.12,,
0,bench/30gib-3.bin,542,33554432,949.20,,
0,bench/30gib-3.bin,543,33554432,465.01,,
0,bench/30gib-3.bin,544,33554432,885.00,,
0,bench/30gib-3.bin,545,33554432,725.06,,
0,bench/30gib-3.bin,546,33554432,830.90,,
0,bench/30gib-3.bin,547,33554432,477.44,,
0,bench/30gib-3.bin,548,33554432,564.71,,
0,bench/30gib-3.bin,549,33554432,472.61,,
0,bench/30gib-3.bin,550,33554432,712.30,,
0,bench/30gib-3.bin,551,33554432,550.99,,
0,bench/30gib-3.bin,552,33554432,723.17,,
0,bench/30gib-3.bin,553,33554432,518.48,,
0,bench/30gib-3.bin,554,33554432,574.88,,
0,bench/30gib-3.bin,555,33554432,515.45,,
0,bench/30gib-3.bin,556,33554432,626.79,,
0,bench/30gib-3.bin,557,33554432,550.13,,
0,bench/30gib-3.bin,558,33554432,657.93,,
0,bench/30gib-3.bin,559,33554432,576.38,,
0,bench/30gib-3.bin,560,33554432,691.65,,
0,bench/30gib-3.bin,561,33554432,549.40,,
0,bench/30gib-3.bin,562,33554432,680.24,,
0,bench/30gib-3.bin,563,33554432,562.40,,
0,bench/30gib-3.bin,564,33554432,977.42,,
0,bench/30gib-3.bin,565,33554432,453.14,,
0,bench/30gib-3.bin,566,33554432,522.86,,
0,bench/30gib-3.bin,567,33554432,773.23,,
0,bench/30gib-3.bin,568,33554432,547.16,,
0,bench/30gib-3.bin,569,33554432,819.70,,
0,bench/30gib-3.bin,570,33554432,885.48,,
0,bench/30gib-3.bin,571,33554432,572.37,,
0,bench/30gib-3.bin,572,33554432,657.23,,
0,bench/30gib-3.bin,573,33554432,600.41,,
0,bench/30gib-3.bin,574,33554432,484.95,,
0,bench/30gib-3.bin,575,33554432,670.89,,
0,bench/30gib-3.bin,576,33554432,742.69,,
0,bench/30gib-3.bin,577,33554432,601.76,,
0,bench/30gib-3.bin,578,33554432,739.01,,
0,bench/30gib-3.bin,579,33554432,551.28,,
0,bench/30gib-3.bin,580,33554432,915.01,,
0,bench/30gib-3.bin,581,33554432,506.47,,
0,bench/30gib-3.bin,582,33554432,714.10,,
0,bench/30gib-3.bin,583,33554432,439.46,,
0,bench/30gib-3.bin,584,33554432,747.83,,
0,bench/30gib-3.bin,585,33554432,466.00,,
0,bench/30gib-3.bin,586,33554432,868.23,,
0,bench/30gib-3.bin,587,33554432,555.35,,
0,bench/30gib-3.bin,588,33554432,542.80,,
0,bench/30gib-3.bin,589,33554432,635.75,,
0,bench/30gib-3.bin,590,33554432,563.93,,
0,bench/30gib-3.bin,591,33554432,897.82,,
0,bench/30gib-3.bin,592,33554432,1074.57,,
0,bench/30gib-3.bin,593,33554432,596.19,,
0,bench/30gib-3.bin,594,33554432,575.81,,
0,bench/30gib-3.bin,595,33554432,528.06,,
0,bench/30gib-3.bin,596,33554432,473.04,,
0,bench/30gib-3.bin,597,33554432,639.21,,
0,bench/30gib-3.bin,598,33554432,494.39,,
0,bench/30gib-3.bin,599,33554432,799.77,,
0,bench/30gib-3.bin,600,33554432,468.09,,
0,bench/30gib-3.bin,601,33554432,764.56,,
0,bench/30gib-3.bin,602,33554432,541.58,,
0,bench/30gib-3.bin,603,33554432,501.08,,
0,bench/30gib-3.bin,604,33554432,673.79,,
0,bench/30gib-3.bin,605,33554432,547.46,,
0,bench/30gib-3.bin,606,33554432,615.04,,
0,bench/30gib-3.bin,607,33554432,839.67,,
0,bench/30gib-3.bin,608,33554432,602.64,,
0,bench/30gib-3.bin,609,33554432,649.35,,
0,bench/30gib-3.bin,610,33554432,561.16,,
0,bench/30gib-3.bin,611,33554432,474.40,,
0,bench/30gib-3.bin,612,33554432,517.47,,
0,bench/30gib-3.bin,613,33554432,512.05,,
0,bench/30gib-3.bin,614,33554432,390.63,,
0,bench/30gib-3.bin,615,33554432,673.60,,
0,bench/30gib-3.bin,616,33554432,507.92,,
0,bench/30gib-3.bin,617,33554432,562.02,,
0,bench/30gib-3.bin,618,33554432,534.70,,
0,bench/30gib-3.bin,619,33554432,929.21,,
0,bench/30gib-3.bin,620,33554432,642.96,,
0,bench/30gib-3.bin,621,33554432,573.15,,
0,bench/30gib-3.bin,622,33554432,808.79,,
0,bench/30gib-3.bin,623,33554432,848.61,,
0,bench/30gib-3.bin,624,33554432,567.05,,
0,bench/30gib-3.bin,625,33554432,1101.95,,
0,bench/30gib-3.bin,626,33554432,591.51,,
0,bench/30gib-3.bin,627,33554432,913.53,,
0,bench/30gib-3.bin,628,33554432,546.51,,
0,bench/30gib-3.bin,629,33554432,637.51,,
0,bench/30gib-3.bin,630,33554432,742.99,,
0,bench/30gib-3.bin,631,33554432,548.04,,
0,bench/30gib-3.bin,632,33554432,414.44,,
0,bench/30gib-3.bin,633,33554432,417.51,,
0,bench/30gib-3.bin,634,33554432,698.03,,
0,bench/30gib-3.bin,635,33554432,780.51,,
0,bench/30gib-3.bin,636,33554432,587.33,,
0,bench/30gib-3.bin,637,33554432,737.33,,
0,bench/30gib-3.bin,638,33554432,610.85,,
0,bench/30gib-3.bin,639,33554432,498.58,,
0,bench/30gib-3.bin,640,33554432,677.32,,
0,bench/30gib-3.bin,641,33554432,612.43,,
0,bench/30gib-3.bin,642,33554432,913.16,,
0,bench/30gib-3.bin,643,33554432,630.52,,
0,bench/30gib-3.bin,644,33554432,875.26,,
0,bench/30gib-3.bin,645,33554432,751.43,,
0,bench/30gib-3.bin,646,33554432,577.01,,
0,bench/30gib-3.bin,647,33554432,842.65,,
0,bench/30gib-3.bin,648,33554432,558.31,,
0,bench/30gib-3.bin,649,33554432,624.94,,
0,bench/30gib-3.bin,650,33554432,834.53,,
0,bench/30gib-3.bin,651,33554432,524.44,,
0,bench/30gib-3.bin,652,33554432,899.53,,
0,bench/30gib-3.bin,653,33554432,853.10,,
0,bench/30gib-3.bin,654,33554432,895.89,,
0,bench/30gib-3.bin,655,33554432,515.56,,
0,bench/30gib-3.bin,656,33554432,553.11,,
0,bench/30gib-3.bin,657,33554432,696.53,,
0,bench/30gib-3.bin,658,33554432,731.36,,
0,bench/30gib-3.bin,659,33554432,747.73,,
0,bench/30gib-3.bin,660,33554432,497.61,,
0,bench/30gib-3.bin,661,33554432,507.09,,
0,bench/30gib-3.bin,662,33554432,459.98,,
0,bench/30gib-3.bin,663,33554432,548.39,,
0,bench/30gib-3.bin,664,33554432,1060.26,,
0,bench/30gib-3.bin,665,33554432,825.04,,
0,bench/30gib-3.bin,666,33554432,703.84,,
0,bench/30gib-3.bin,667,33554432,873.20,,
0,bench/30gib-3.bin,668,33554432,573.08,,
0,bench/30gib-3.bin,669,33554432,642.28,,
0,bench/30gib-3.bin,670,33554432,957.46,,
0,bench/30gib-3.bin,671,33554432,664.33,,
0,bench/30gib-3.bin,672,33554432,818.19,,
0,bench/30gib-3.bin,673,33554432,761.75,,
0,bench/30gib-3.bin,674,33554432,622.11,,
0,bench/30gib-3.bin,675,33554432,677.20,,
0,bench/30gib-3.bin,676,33554432,668.09,,
0,bench/30gib-3.bin,677,33554432,482.04,,
0,bench/30gib-3.bin,678,33554432,709.55,,
0,bench/30gib-3.bin,679,33554432,537.70,,
0,bench/30gib-3.bin,680,33554432,607.93,,
0,bench/30gib-3.bin,681,33554432,834.31,,
0,bench/30gib-3.bin,682,33554432,751.66,,
0,bench/30gib-3.bin,683,33554432,894.56,,
0,bench/30gib-3.bin,684,33554432,767.95,,
0,bench/30gib-3.bin,685,33554432,736.36,,
0,bench/30gib-3.bin,686,33554432,712.26,,
0,bench/30gib-3.bin,687,33554432,810.16,,
0,bench/30gib-3.bin,688,33554432,611.95,,
0,bench/30gib-3.bin,689,33554432,779.25,,
0,bench/30gib-3.bin,690,33554432,626.99,,
0,bench/30gib-3.bin,691,33554432,763.82,,
0,bench/30gib-3.bin,692,33554432,731.86,,
0,bench/30gib-3.bin,693,33554432,669.91,,
0,bench/30gib-3.bin,694,33554432,730.49,,
0,bench/30gib-3.bin,695,33554432,492.34,,
0,bench/30gib-3.bin,696,33554432,779.74,,
0,bench/30gib-3.bin,697,33554432,462.96,,
0,bench/30gib-3.bin,698,33554432,486.37,,
0,bench/30gib-3.bin,699,33554432,636.21,,
0,bench/30gib-3.bin,700,33554432,647.44,,
0,bench/30gib-3.bin,701,33554432,439.90,,
0,bench/30gib-3.bin,702,33554432,507.49,,
0,bench/30gib-3.bin,703,33554432,771.47,,
0,bench/30gib-3.bin,704,33554432,553.37,,
0,bench/30gib-3.bin,705,33554432,591.09,,
0,bench/30gib-3.bin,706,33554432,644.62,,
0,bench/30gib-3.bin,707,33554432,566.29,,
0,bench/30gib-3.bin,708,33554432,793.07,,
0,bench/30gib-3.bin,709,33554432,783.69,,
0,bench/30gib-3.bin,710,33554432,538.09,,
0,bench/30gib-3.bin,711,33554432,407.63,,
0,bench/30gib-3.bin,712,33554432,709.63,,
0,bench/30gib-3.bin,713,33554432,585.13,,
0,bench/30gib-3.bin,714,33554432,1069.43,,
0,bench/30gib-3.bin,715,33554432,528.41,,
0,bench/30gib-3.bin,716,33554432,624.19,,
0,bench/30gib-3.bin,717,33554432,649.42,,
0,bench/30gib-3.bin,718,33554432,448.66,,
0,bench/30gib-3.bin,719,33554432,514.12,,
0,bench/30gib-3.bin,720,33554432,596.96,,
0,bench/30gib-3.bin,721,33554432,565.25,,
0,bench/30gib-3.bin,722,33554432,756.82,,
0,bench/30gib-3.bin,723,33554432,583.89,,
0,bench/30gib-3.bin,724,33554432,547.69,,
0,bench/30gib-3.bin,725,33554432,471.92,,
0,bench/30gib-3.bin,726,33554432,574.37,,
0,bench/30gib-3.bin,727,33554432,537.58,,
0,bench/30gib-3.bin,728,33554432,491.65,,
0,bench/30gib-3.bin,729,33554432,582.73,,
0,bench/30gib-3.bin,730,33554432,489.61,,
0,bench/30gib-3.bin,731,33554432,595.59,,
0,bench/30gib-3.bin,732,33554432,870.11,,
0,bench/30gib-3.bin,733,33554432,806.92,,
0,bench/30gib-3.bin,734,33554432,526.61,,
0,bench/30gib-3.bin,735,33554432,994.21,,
0,bench/30gib-3.bin,736,33554432,855.36,,
0,bench/30gib-3.bin,737,33554432,500.33,,
0,bench/30gib-3.bin,738,33554432,529.25,,
0,bench/30gib-3.bin,739,33554432,381.45,,
0,bench/30gib-3.bin,740,33554432,725.64,,
0,bench/30gib-3.bin,741,33554432,539.99,,
0,bench/30gib-3.bin,742,33554432,547.65,,
0,bench/30gib-3.bin,743,33554432,576.47,,
0,bench/30gib-3.bin,744,33554432,862.72,,
0,bench/30gib-3.bin,745,33554432,776.13,,
0,bench/30gib-3.bin,746,33554432,465.03,,
0,bench/30gib-3.bin,747,33554432,503.72,,
0,bench/30gib-3.bin,748,33554432,539.82,,
0,bench/30gib-3.bin,749,33554432,600.41,,
0,bench/30gib-3.bin,750,33554432,493.89,,
0,bench/30gib-3.bin,751,33554432,583.42,,
0,bench/30gib-3.bin,752,33554432,445.41,,
0,bench/30gib-3.bin,753,33554432,947.98,,
0,bench/30gib-3.bin,754,33554432,612.52,,
0,bench/30gib-3.bin,755,33554432,600.68,,
0,bench/30gib-3.bin,756,33554432,450.26,,
0,bench/30gib-3.bin,757,33554432,540.58,,
0,bench/30gib-3.bin,758,33554432,616.02,,
0,bench/30gib-3.bin,759,33554432,558.65,,
0,bench/30gib-3.bin,760,33554432,524.02,,
0,bench/30gib-3.bin,761,33554432,758.34,,
0,bench/30gib-3.bin,762,33554432,639.21,,
0,bench/30gib-3.bin,763,33554432,552.64,,
0,bench/30gib-3.bin,764,33554432,624.12,,
0,bench/30gib-3.bin,765,33554432,841.67,,
0,bench/30gib-3.bin,766,33554432,623.78,,
0,bench/30gib-3.bin,767,33554432,926.49,,
0,bench/30gib-3.bin,768,33554432,534.48,,
0,bench/30gib-3.bin,769,33554432,693.32,,
0,bench/30gib-3.bin,770,33554432,706.06,,
0,bench/30gib-3.bin,771,33554432,473.46,,
0,bench/30gib-3.bin,772,33554432,589.38,,
0,bench/30gib-3.bin,773,33554432,829.82,,
0,bench/30gib-3.bin,774,33554432,549.96,,
0,bench/30gib-3.bin,775,33554432,625.48,,
0,bench/30gib-3.bin,776,33554432,524.03,,
0,bench/30gib-3.bin,777,33554432,473.64,,
0,bench/30gib-3.bin,778,33554432,539.27,,
0,bench/30gib-3.bin,779,33554432,803.83,,
0,bench/30gib-3.bin,780,33554432,524.65,,
0,bench/30gib-3.bin,781,33554432,483.75,,
0,bench/30gib-3.bin,782,33554432,713.50,,
0,bench/30gib-3.bin,783,33554432,597.68,,
0,bench/30gib-3.bin,784,33554432,460.71,,
0,bench/30gib-3.bin,785,33554432,518.63,,
0,bench/30gib-3.bin,786,33554432,894.85,,
0,bench/30gib-3.bin,787,33554432,562.48,,
0,bench/30gib-3.bin,788,33554432,408.79,,
0,bench/30gib-3.bin,789,33554432,683.14,,
0,bench/30gib-3.bin,790,33554432,971.67,,
0,bench/30gib-3.bin,791,33554432,762.85,,
0,bench/30gib-3.bin,792,33554432,868.72,,
0,bench/30gib-3.bin,793,33554432,951.31,,
0,bench/30gib-3.bin,794,33554432,795.76,,
0,bench/30gib-3.bin,795,33554432,849.79,,
0,bench/30gib-3.bin,796,33554432,481.22,,
0,bench/30gib-3.bin,797,33554432,557.73,,
0,bench/30gib-3.bin,798,33554432,436.06,,
0,bench/30gib-3.bin,799,33554432,579.26,,
0,bench/30gib-3.bin,800,33554432,714.41,,
0,bench/30gib-3.bin,801,33554432,815.50,,
0,bench/30gib-3.bin,802,33554432,470.49,,
0,bench/30gib-3.bin,803,33554432,677.36,,
0,bench/30gib-3.bin,804,33554432,710.09,,
0,bench/30gib-3.bin,805,33554432,852.70,,
0,bench/30gib-3.bin,806,33554432,684.94,,
0,bench/30gib-3.bin,807,33554432,959.91,,
0,bench/30gib-3.bin,808,33554432,502.86,,
0,bench/30gib-3.bin,809,33554432,570.22,,
0,bench/30gib-3.bin,810,33554432,527.57,,
0,bench/30gib-3.bin,811,33554432,681.04,,
0,bench/30gib-3.bin,812,33554432,494.80,,
0,bench/30gib-3.bin,813,33554432,492.39,,
0,bench/30gib-3.bin,814,33554432,718.88,,
0,bench/30gib-3.bin,815,33554432,641.23,,
0,bench/30gib-3.bin,816,33554432,607.29,,
0,bench/30gib-3.bin,817,33554432,434.51,,
0,bench/30gib-3.bin,818,33554432,478.74,,
0,bench/30gib-3.bin,819,33554432,730.67,,
0,bench/30gib-3.bin,820,33554432,605.28,,
0,bench/30gib-3.bin,821,33554432,758.20,,
0,bench/30gib-3.bin,822,33554432,941.39,,
0,bench/30gib-3.bin,823,33554432,612.78,,
0,bench/30gib-3.bin,824,33554432,667.41,,
0,bench/30gib-3.bin,825,33554432,617.88,,
0,bench/30gib-3.bin,826,33554432,717.00,,
0,bench/30gib-3.bin,827,33554432,558.39,,
0,bench/30gib-3.bin,828,33554432,634.25,,
0,bench/30gib-3.bin,829,33554432,504.42,,
0,bench/30gib-3.bin,830,33554432,433.25,,
0,bench/30gib-3.bin,831,33554432,750.63,,
0,bench/30gib-3.bin,832,33554432,630.17,,
0,bench/30gib-3.bin,833,33554432,693.38,,
0,bench/30gib-3.bin,834,33554432,913.74,,
0,bench/30gib-3.bin,835,33554432,656.01,,
0,bench/30gib-3.bin,836,33554432,650.73,,
0,bench/30gib-3.bin,837,33554432,933.90,,
0,bench/30gib-3.bin,838,33554432,589.79,,
0,bench/30gib-3.bin,839,33554432,732.54,,
0,bench/30gib-3.bin,840,33554432,607.60,,
0,bench/30gib-3.bin,841,33554432,571.38,,
0,bench/30gib-3.bin,842,33554432,935.51,,
0,bench/30gib-3.bin,843,33554432,713.58,,
0,bench/30gib-3.bin,844,33554432,511.90,,
0,bench/30gib-3.bin,845,33554432,520.73,,
0,bench/30gib-3.bin,846,33554432,547.06,,
0,bench/30gib-3.bin,847,33554432,610.62,,
0,bench/30gib-3.bin,848,33554432,633.81,,
0,bench/30gib-3.bin,849,33554432,451.13,,
0,bench/30gib-3.bin,850,33554432,882.69,,
0,bench/30gib-3.bin,851,33554432,791.07,,
0,bench/30gib-3.bin,852,33554432,634.60,,
0,bench/30gib-3.bin,853,33554432,594.35,,
0,bench/30gib-3.bin,854,33554432,528.24,,
0,bench/30gib-3.bin,855,33554432,527.18,,
0,bench/30gib-3.bin,856,33554432,886.27,,
0,bench/30gib-3.bin,857,33554432,474.32,,
0,bench/30gib-3.bin,858,33554432,683.64,,
0,bench/30gib-3.bin,859,33554432,804.46,,
0,bench/30gib-3.bin,860,33554432,899.56,,
0,bench/30gib-3.bin,861,33554432,577.06,,
0,bench/30gib-3.bin,862,33554432,546.18,,
0,bench/30gib-3.bin,863,33554432,535.58,,
0,bench/30gib-3.bin,864,33554432,774.05,,
0,bench/30gib-3.bin,865,33554432,820.24,,
0,bench/30gib-3.bin,866,33554432,506.87,,
0,bench/30gib-3.bin,867,33554432,615.34,,
0,bench/30gib-3.bin,868,33554432,606.41,,
0,bench/30gib-3.bin,869,33554432,652.25,,
0,bench/30gib-3.bin,870,33554432,892.55,,
0,bench/30gib-3.bin,871,33554432,747.11,,
0,bench/30gib-3.bin,872,33554432,606.18,,
0,bench/30gib-3.bin,873,33554432,594.88,,
0,bench/30gib-3.bin,874,33554432,554.93,,
0,bench/30gib-3.bin,875,33554432,695.04,,
0,bench/30gib-3.bin,876,33554432,544.68,,
0,bench/30gib-3.bin,877,33554432,608.58,,
0,bench/30gib-3.bin,878,33554432,605.61,,
0,bench/30gib-3.bin,879,33554432,555.98,,
0,bench/30gib-3.bin,880,33554432,600.05,,
0,bench/30gib-3.bin,881,33554432,974.30,,
0,bench/30gib-3.bin,882,33554432,820.49,,
0,bench/30gib-3.bin,883,33554432,538.86,,
0,bench/30gib-3.bin,884,33554432,925.55,,
0,bench/30gib-3.bin,885,33554432,359.57,,
0,bench/30gib-3.bin,886,33554432,904.52,,
0,bench/30gib-3.bin,887,33554432,963.66,,
0,bench/30gib-3.bin,888,33554432,904.52,,
0,bench/30gib-3.bin,889,33554432,1093.01,,
0,bench/30gib-3.bin,890,33554432,876.46,,
0,bench/30gib-3.bin,891,33554432,594.78,,
0,bench/30gib-3.bin,892,33554432,465.51,,
0,bench/30gib-3.bin,893,33554432,531.10,,
0,bench/30gib-3.bin,894,33554432,574.79,,
0,bench/30gib-3.bin,895,33554432,550.55,,
0,bench/30gib-3.bin,896,33554432,556.37,,
0,bench/30gib-3.bin,897,33554432,634.32,,
0,bench/30gib-3.bin,898,33554432,823.29,,
0,bench/30gib-3.bin,899,33554432,528.60,,
0,bench/30gib-3.bin,900,33554432,405.50,,
0,bench/30gib-3.bin,901,33554432,781.09,,
0,bench/30gib-3.bin,902,33554432,454.19,,
0,bench/30gib-3.bin,903,33554432,558.80,,
0,bench/30gib-3.bin,904,33554432,598.51,,
0,bench/30gib-3.bin,905,33554432,475.06,,
0,bench/30gib-3.bin,906,33554432,583.72,,
0,bench/30gib-3.bin,907,33554432,421.40,,
0,bench/30gib-3.bin,908,33554432,902.53,,
0,bench/30gib-3.bin,909,33554432,698.13,,
0,bench/30gib-3.bin,910,33554432,569.49,,
0,bench/30gib-3.bin,911,33554432,759.83,,
0,bench/30gib-3.bin,912,33554432,548.59,,
0,bench/30gib-3.bin,913,33554432,514.84,,
0,bench/30gib-3.bin,914,33554432,601.26,,
0,bench/30gib-3.bin,915,33554432,591.08,,
0,bench/30gib-3.bin,916,33554432,581.82,,
0,bench/30gib-3.bin,917,33554432,612.10,,
0,bench/30gib-3.bin,918,33554432,570.22,,
0,bench/30gib-3.bin,919,33554432,556.61,,
0,bench/30gib-3.bin,920,33554432,464.38,,
0,bench/30gib-3.bin,921,33554432,907.55,,
0,bench/30gib-3.bin,922,33554432,589.54,,
0,bench/30gib-3.bin,923,33554432,679.91,,
0,bench/30gib-3.bin,924,33554432,597.50,,
0,bench/30gib-3.bin,925,33554432,508.22,,
0,bench/30gib-3.bin,926,33554432,826.98,,
0,bench/30gib-3.bin,927,33554432,592.38,,
0,bench/30gib-3.bin,928,33554432,565.81,,
0,bench/30gib-3.bin,929,33554432,537.72,,
0,bench/30gib-3.bin,930,33554432,464.28,,
0,bench/30gib-3.bin,931,33554432,578.11,,
0,bench/30gib-3.bin,932,33554432,524.38,,
0,bench/30gib-3.bin,933,33554432,693.23,,
0,bench/30gib-3.bin,934,33554432,555.37,,
0,bench/30gib-3.bin,935,33554432,475.29,,
0,bench/30gib-3.bin,936,33554432,668.87,,
0,bench/30gib-3.bin,937,33554432,636.16,,
0,bench/30gib-3.bin,938,33554432,529.18,,
0,bench/30gib-3.bin,939,33554432,514.74,,
0,bench/30gib-3.bin,940,33554432,845.82,,
0,bench/30gib-3.bin,941,33554432,585.74,,
0,bench/30gib-3.bin,942,33554432,768.71,,
0,bench/30gib-3.bin,943,33554432,571.09,,
0,bench/30gib-3.bin,944,33554432,571.24,,
0,bench/30gib-3.bin,945,33554432,738.87,,
0,bench/30gib-3.bin,946,33554432,592.43,,
0,bench/30gib-3.bin,947,33554432,604.59,,
0,bench/30gib-3.bin,948,33554432,528.11,,
0,bench/30gib-3.bin,949,33554432,600.07,,
0,bench/30gib-3.bin,950,33554432,551.38,,
0,bench/30gib-3.bin,951,33554432,421.41,,
0,bench/30gib-3.bin,952,33554432,466.88,,
0,bench/30gib-3.bin,953,33554432,467.98,,
0,bench/30gib-3.bin,954,33554432,512.70,,
0,bench/30gib-3.bin,955,33554432,502.89,,
0,bench/30gib-3.bin,956,33554432,602.64,,
0,bench/30gib-3.bin,957,33554432,518.23,,
0,bench/30gib-3.bin,958,33554432,401.33,,
0,bench/30gib-3.bin,959,33554432,380.03,,
0,bench/30gib-3.bin,960,33554432,440.74,,
0,bench/30gib-4.bin,1,33554432,1622.61,,
0,bench/30gib-4.bin,2,33554432,1581.04,,
0,bench/30gib-4.bin,3,33554432,1628.35,,
0,bench/30gib-4.bin,4,33554432,1413.29,,
0,bench/30gib-4.bin,5,33554432,1682.49,,
0,bench/30gib-4.bin,6,33554432,1485.33,,
0,bench/30gib-4.bin,7,33554432,1483.03,,
0,bench/30gib-4.bin,8,33554432,1471.92,,
0,bench/30gib-4.bin,9,33554432,1733.15,,
0,bench/30gib-4.bin,10,33554432,1805.26,,
0,bench/30gib-4.bin,11,33554432,1162.68,,
0,bench/30gib-4.bin,12,33554432,1249.63,,
0,bench/30gib-4.bin,13,33554432,1256.97,,
0,bench/30gib-4.bin,14,33554432,1388.66,,
0,bench/30gib-4.bin,15,33554432,1656.90,,
0,bench/30gib-4.bin,16,33554432,1455.28,,
0,bench/30gib-4.bin,17,33554432,1524.59,,
0,bench/30gib-4.bin,18,33554432,1309.82,,
0,bench/30gib-4.bin,19,33554432,1372.11,,
0,bench/30gib-4.bin,20,33554432,1291.88,,
0,bench/30gib-4.bin,21,33554432,1098.06,,
0,bench/30gib-4.bin,22,33554432,1545.30,,
0,bench/30gib-4.bin,23,33554432,1646.00,,
0,bench/30gib-4.bin,24,33554432,1654.61,,
0,bench/30gib-4.bin,25,33554432,1582.82,,
0,bench/30gib-4.bin,26,33554432,1674.07,,
0,bench/30gib-4.bin,27,33554432,1265.64,,
0,bench/30gib-4.bin,28,33554432,1803.01,,
0,bench/30gib-4.bin,29,33554432,1248.99,,
0,bench/30gib-4.bin,30,33554432,1743.74,,
0,bench/30gib-4.bin,31,33554432,1729.66,,
0,bench/30gib-4.bin,32,33554432,1071.62,,
0,bench/30gib-4.bin,33,33554432,2464.01,,
0,bench/30gib-4.bin,34,33554432,1494.90,,
0,bench/30gib-4.bin,35,33554432,2133.40,,
0,bench/30gib-4.bin,36,33554432,1371.27,,
0,bench/30gib-4.bin,37,33554432,976.81,,
0,bench/30gib-4.bin,38,33554432,433.08,,
0,bench/30gib-4.bin,39,33554432,627.73,,
0,bench/30gib-4.bin,40,33554432,802.97,,
0,bench/30gib-4.bin,41,33554432,1039.53,,
0,bench/30gib-4.bin,42,33554432,1187.27,,
0,bench/30gib-4.bin,43,33554432,865.26,,
0,bench/30gib-4.bin,44,33554432,1081.93,,
0,bench/30gib-4.bin,45,33554432,813.93,,
0,bench/30gib-4.bin,46,33554432,1403.92,,
0,bench/30gib-4.bin,47,33554432,800.66,,
0,bench/30gib-4.bin,48,33554432,1083.31,,
0,bench/30gib-4.bin,49,33554432,875.50,,
0,bench/30gib-4.bin,50,33554432,1038.85,,
0,bench/30gib-4.bin,51,33554432,816.53,,
0,bench/30gib-4.bin,52,33554432,884.94,,
0,bench/30gib-4.bin,53,33554432,1040.68,,
0,bench/30gib-4.bin,54,33554432,1108.59,,
0,bench/30gib-4.bin,55,33554432,837.30,,
0,bench/30gib-4.bin,56,33554432,1118.91,,
0,bench/30gib-4.bin,57,33554432,1732.20,,
0,bench/30gib-4.bin,58,33554432,1285.50,,
0,bench/30gib-4.bin,59,33554432,784.72,,
0,bench/30gib-4.bin,60,33554432,1092.73,,
0,bench/30gib-4.bin,61,33554432,654.74,,
0,bench/30gib-4.bin,62,33554432,1080.14,,
0,bench/30gib-4.bin,63,33554432,632.71,,
0,bench/30gib-4.bin,64,33554432,1070.10,,
0,bench/30gib-4.bin,65,33554432,888.42,,
0,bench/30gib-4.bin,66,33554432,901.65,,
0,bench/30gib-4.bin,67,33554432,1151.62,,
0,bench/30gib-4.bin,68,33554432,810.34,,
0,bench/30gib-4.bin,69,33554432,1264.06,,
0,bench/30gib-4.bin,70,33554432,510.76,,
0,bench/30gib-4.bin,71,33554432,638.05,,
0,bench/30gib-4.bin,72,33554432,1219.20,,
0,bench/30gib-4.bin,73,33554432,540.20,,
0,bench/30gib-4.bin,74,33554432,657.50,,
0,bench/30gib-4.bin,75,33554432,854.32,,
0,bench/30gib-4.bin,76,33554432,610.73,,
0,bench/30gib-4.bin,77,33554432,946.57,,
0,bench/30gib-4.bin,78,33554432,616.87,,
0,bench/30gib-4.bin,79,33554432,639.08,,
0,bench/30gib-4.bin,80,33554432,645.77,,
0,bench/30gib-4.bin,81,33554432,675.16,,
0,bench/30gib-4.bin,82,33554432,601.07,,
0,bench/30gib-4.bin,83,33554432,763.49,,
0,bench/30gib-4.bin,84,33554432,549.76,,
0,bench/30gib-4.bin,85,33554432,827.87,,
0,bench/30gib-4.bin,86,33554432,659.08,,
0,bench/30gib-4.bin,87,33554432,561.76,,
0,bench/30gib-4.bin,88,33554432,826.11,,
0,bench/30gib-4.bin,89,33554432,766.52,,
0,bench/30gib-4.bin,90,33554432,396.64,,
0,bench/30gib-4.bin,91,33554432,849.88,,
0,bench/30gib-4.bin,92,33554432,549.71,,
0,bench/30gib-4.bin,93,33554432,880.50,,
0,bench/30gib-4.bin,94,33554432,1056.35,,
0,bench/30gib-4.bin,95,33554432,429.18,,
0,bench/30gib-4.bin,96,33554432,551.09,,
0,bench/30gib-4.bin,97,33554432,791.99,,
0,bench/30gib-4.bin,98,33554432,677.02,,
0,bench/30gib-4.bin,99,33554432,661.80,,
0,bench/30gib-4.bin,100,33554432,1065.14,,
0,bench/30gib-4.bin,101,33554432,544.72,,
0,bench/30gib-4.bin,102,33554432,789.63,,
0,bench/30gib-4.bin,103,33554432,541.23,,
0,bench/30gib-4.bin,104,33554432,714.64,,
0,bench/30gib-4.bin,105,33554432,441.46,,
0,bench/30gib-4.bin,106,33554432,581.36,,
0,bench/30gib-4.bin,107,33554432,858.44,,
0,bench/30gib-4.bin,108,33554432,650.18,,
0,bench/30gib-4.bin,109,33554432,833.37,,
0,bench/30gib-4.bin,110,33554432,440.64,,
0,bench/30gib-4.bin,111,33554432,738.41,,
0,bench/30gib-4.bin,112,33554432,806.83,,
0,bench/30gib-4.bin,113,33554432,479.79,,
0,bench/30gib-4.bin,114,33554432,562.36,,
0,bench/30gib-4.bin,115,33554432,775.80,,
0,bench/30gib-4.bin,116,33554432,768.82,,
0,bench/30gib-4.bin,117,33554432,420.68,,
0,bench/30gib-4.bin,118,33554432,801.34,,
0,bench/30gib-4.bin,119,33554432,721.00,,
0,bench/30gib-4.bin,120,33554432,588.34,,
0,bench/30gib-4.bin,121,33554432,778.11,,
0,bench/30gib-4.bin,122,33554432,540.36,,
0,bench/30gib-4.bin,123,33554432,604.09,,
0,bench/30gib-4.bin,124,33554432,814.66,,
0,bench/30gib-4.bin,125,33554432,878.16,,
0,bench/30gib-4.bin,126,33554432,587.28,,
0,bench/30gib-4.bin,127,33554432,459.79,,
0,bench/30gib-4.bin,128,33554432,928.07,,
0,bench/30gib-4.bin,129,33554432,387.93,,
0,bench/30gib-4.bin,130,33554432,565.12,,
0,bench/30gib-4.bin,131,33554432,672.77,,
0,bench/30gib-4.bin,132,33554432,606.10,,
0,bench/30gib-4.bin,133,33554432,515.51,,
0,bench/30gib-4.bin,134,33554432,504.31,,
0,bench/30gib-4.bin,135,33554432,540.66,,
0,bench/30gib-4.bin,136,33554432,777.19,,
0,bench/30gib-4.bin,137,33554432,697.92,,
0,bench/30gib-4.bin,138,33554432,641.91,,
0,bench/30gib-4.bin,139,33554432,723.38,,
0,bench/30gib-4.bin,140,33554432,1152.35,,
0,bench/30gib-4.bin,141,33554432,657.78,,
0,bench/30gib-4.bin,142,33554432,466.72,,
0,bench/30gib-4.bin,143,33554432,570.64,,
0,bench/30gib-4.bin,144,33554432,736.85,,
0,bench/30gib-4.bin,145,33554432,469.78,,
0,bench/30gib-4.bin,146,33554432,641.16,,
0,bench/30gib-4.bin,147,33554432,550.81,,
0,bench/30gib-4.bin,148,33554432,515.66,,
0,bench/30gib-4.bin,149,33554432,731.92,,
0,bench/30gib-4.bin,150,33554432,520.94,,
0,bench/30gib-4.bin,151,33554432,710.83,,
0,bench/30gib-4.bin,152,33554432,498.42,,
0,bench/30gib-4.bin,153,33554432,668.64,,
0,bench/30gib-4.bin,154,33554432,559.93,,
0,bench/30gib-4.bin,155,33554432,763.73,,
0,bench/30gib-4.bin,156,33554432,531.59,,
0,bench/30gib-4.bin,157,33554432,478.01,,
0,bench/30gib-4.bin,158,33554432,837.94,,
0,bench/30gib-4.bin,159,33554432,588.30,,
0,bench/30gib-4.bin,160,33554432,571.52,,
0,bench/30gib-4.bin,161,33554432,701.50,,
0,bench/30gib-4.bin,162,33554432,793.09,,
0,bench/30gib-4.bin,163,33554432,574.41,,
0,bench/30gib-4.bin,164,33554432,608.21,,
0,bench/30gib-4.bin,165,33554432,598.89,,
0,bench/30gib-4.bin,166,33554432,858.74,,
0,bench/30gib-4.bin,167,33554432,873.35,,
0,bench/30gib-4.bin,168,33554432,481.20,,
0,bench/30gib-4.bin,169,33554432,809.43,,
0,bench/30gib-4.bin,170,33554432,605.44,,
0,bench/30gib-4.bin,171,33554432,792.48,,
0,bench/30gib-4.bin,172,33554432,811.42,,
0,bench/30gib-4.bin,173,33554432,469.26,,
0,bench/30gib-4.bin,174,33554432,450.79,,
0,bench/30gib-4.bin,175,33554432,490.70,,
0,bench/30gib-4.bin,176,33554432,583.08,,
0,bench/30gib-4.bin,177,33554432,616.98,,
0,bench/30gib-4.bin,178,33554432,698.85,,
0,bench/30gib-4.bin,179,33554432,490.01,,
0,bench/30gib-4.bin,180,33554432,514.19,,
0,bench/30gib-4.bin,181,33554432,553.70,,
0,bench/30gib-4.bin,182,33554432,434.48,,
0,bench/30gib-4.bin,183,33554432,463.16,,
0,bench/30gib-4.bin,184,33554432,533.72,,
0,bench/30gib-4.bin,185,33554432,579.68,,
0,bench/30gib-4.bin,186,33554432,564.53,,
0,bench/30gib-4.bin,187,33554432,696.81,,
0,bench/30gib-4.bin,188,33554432,645.13,,
0,bench/30gib-4.bin,189,33554432,801.85,,
0,bench/30gib-4.bin,190,33554432,596.43,,
0,bench/30gib-4.bin,191,33554432,600.10,,
0,bench/30gib-4.bin,192,33554432,760.35,,
0,bench/30gib-4.bin,193,33554432,786.32,,
0,bench/30gib-4.bin,194,33554432,705.75,,
0,bench/30gib-4.bin,195,33554432,478.75,,
0,bench/30gib-4.bin,196,33554432,845.94,,
0,bench/30gib-4.bin,197,33554432,828.56,,
0,bench/30gib-4.bin,198,33554432,632.07,,
0,bench/30gib-4.bin,199,33554432,593.47,,
0,bench/30gib-4.bin,200,33554432,578.50,,
0,bench/30gib-4.bin,201,33554432,543.71,,
0,bench/30gib-4.bin,202,33554432,538.26,,
0,bench/30gib-4.bin,203,33554432,523.79,,
0,bench/30gib-4.bin,204,33554432,638.67,,
0,bench/30gib-4.bin,205,33554432,689.18,,
0,bench/30gib-4.bin,206,33554432,1087.15,,
0,bench/30gib-4.bin,207,33554432,927.17,,
0,bench/30gib-4.bin,208,33554432,726.08,,
0,bench/30gib-4.bin,209,33554432,830.73,,
0,bench/30gib-4.bin,210,33554432,427.20,,
0,bench/30gib-4.bin,211,33554432,830.11,,
0,bench/30gib-4.bin,212,33554432,534.75,,
0,bench/30gib-4.bin,213,33554432,672.16,,
0,bench/30gib-4.bin,214,33554432,998.81,,
0,bench/30gib-4.bin,215,33554432,667.90,,
0,bench/30gib-4.bin,216,33554432,781.96,,
0,bench/30gib-4.bin,217,33554432,679.12,,
0,bench/30gib-4.bin,218,33554432,488.57,,
0,bench/30gib-4.bin,219,33554432,838.89,,
0,bench/30gib-4.bin,220,33554432,574.19,,
0,bench/30gib-4.bin,221,33554432,578.88,,
0,bench/30gib-4.bin,222,33554432,864.25,,
0,bench/30gib-4.bin,223,33554432,585.71,,
0,bench/30gib-4.bin,224,33554432,706.38,,
0,bench/30gib-4.bin,225,33554432,609.89,,
0,bench/30gib-4.bin,226,33554432,443.39,,
0,bench/30gib-4.bin,227,33554432,900.23,,
0,bench/30gib-4.bin,228,33554432,536.63,,
0,bench/30gib-4.bin,229,33554432,499.19,,
0,bench/30gib-4.bin,230,33554432,635.50,,
0,bench/30gib-4.bin,231,33554432,403.62,,
0,bench/30gib-4.bin,232,33554432,749.07,,
0,bench/30gib-4.bin,233,33554432,557.21,,
0,bench/30gib-4.bin,234,33554432,716.52,,
0,bench/30gib-4.bin,235,33554432,643.25,,
0,bench/30gib-4.bin,236,33554432,863.35,,
0,bench/30gib-4.bin,237,33554432,540.53,,
0,bench/30gib-4.bin,238,33554432,669.32,,
0,bench/30gib-4.bin,239,33554432,359.68,,
0,bench/30gib-4.bin,240,33554432,564.86,,
0,bench/30gib-4.bin,241,33554432,747.31,,
0,bench/30gib-4.bin,242,33554432,545.33,,
0,bench/30gib-4.bin,243,33554432,429.31,,
0,bench/30gib-4.bin,244,33554432,540.70,,
0,bench/30gib-4.bin,245,33554432,501.13,,
0,bench/30gib-4.bin,246,33554432,1092.55,,
0,bench/30gib-4.bin,247,33554432,478.77,,
0,bench/30gib-4.bin,248,33554432,531.10,,
0,bench/30gib-4.bin,249,33554432,493.97,,
0,bench/30gib-4.bin,250,33554432,566.30,,
0,bench/30gib-4.bin,251,33554432,837.98,,
0,bench/30gib-4.bin,252,33554432,599.31,,
0,bench/30gib-4.bin,253,33554432,684.43,,
0,bench/30gib-4.bin,254,33554432,738.28,,
0,bench/30gib-4.bin,255,33554432,677.27,,
0,bench/30gib-4.bin,256,33554432,710.68,,
0,bench/30gib-4.bin,257,33554432,503.61,,
0,bench/30gib-4.bin,258,33554432,678.57,,
0,bench/30gib-4.bin,259,33554432,584.27,,
0,bench/30gib-4.bin,260,33554432,959.31,,
0,bench/30gib-4.bin,261,33554432,653.76,,
0,bench/30gib-4.bin,262,33554432,594.27,,
0,bench/30gib-4.bin,263,33554432,784.52,,
0,bench/30gib-4.bin,264,33554432,697.98,,
0,bench/30gib-4.bin,265,33554432,630.08,,
0,bench/30gib-4.bin,266,33554432,582.92,,
0,bench/30gib-4.bin,267,33554432,740.10,,
0,bench/30gib-4.bin,268,33554432,418.83,,
0,bench/30gib-4.bin,269,33554432,711.91,,
0,bench/30gib-4.bin,270,33554432,723.53,,
0,bench/30gib-4.bin,271,33554432,733.76,,
0,bench/30gib-4.bin,272,33554432,1033.22,,
0,bench/30gib-4.bin,273,33554432,683.29,,
0,bench/30gib-4.bin,274,33554432,687.17,,
0,bench/30gib-4.bin,275,33554432,995.18,,
0,bench/30gib-4.bin,276,33554432,628.92,,
0,bench/30gib-4.bin,277,33554432,675.81,,
0,bench/30gib-4.bin,278,33554432,612.50,,
0,bench/30gib-4.bin,279,33554432,461.12,,
0,bench/30gib-4.bin,280,33554432,434.53,,
0,bench/30gib-4.bin,281,33554432,814.21,,
0,bench/30gib-4.bin,282,33554432,491.87,,
0,bench/30gib-4.bin,283,33554432,836.43,,
0,bench/30gib-4.bin,284,33554432,633.56,,
0,bench/30gib-4.bin,285,33554432,585.10,,
0,bench/30gib-4.bin,286,33554432,538.57,,
0,bench/30gib-4.bin,287,33554432,594.99,,
0,bench/30gib-4.bin,288,33554432,598.70,,
0,bench/30gib-4.bin,289,33554432,625.51,,
0,bench/30gib-4.bin,290,33554432,503.87,,
0,bench/30gib-4.bin,291,33554432,570.45,,
0,bench/30gib-4.bin,292,33554432,562.87,,
0,bench/30gib-4.bin,293,33554432,724.93,,
0,bench/30gib-4.bin,294,33554432,597.76,,
0,bench/30gib-4.bin,295,33554432,572.50,,
0,bench/30gib-4.bin,296,33554432,511.60,,
0,bench/30gib-4.bin,297,33554432,433.96,,
0,bench/30gib-4.bin,298,33554432,478.01,,
0,bench/30gib-4.bin,299,33554432,966.36,,
0,bench/30gib-4.bin,300,33554432,705.43,,
0,bench/30gib-4.bin,301,33554432,526.01,,
0,bench/30gib-4.bin,302,33554432,967.65,,
0,bench/30gib-4.bin,303,33554432,477.98,,
0,bench/30gib-4.bin,304,33554432,744.27,,
0,bench/30gib-4.bin,305,33554432,581.05,,
0,bench/30gib-4.bin,306,33554432,750.67,,
0,bench/30gib-4.bin,307,33554432,818.97,,
0,bench/30gib-4.bin,308,33554432,779.65,,
0,bench/30gib-4.bin,309,33554432,489.10,,
0,bench/30gib-4.bin,310,33554432,470.85,,
0,bench/30gib-4.bin,311,33554432,490.69,,
0,bench/30gib-4.bin,312,33554432,470.13,,
0,bench/30gib-4.bin,313,33554432,447.21,,
0,bench/30gib-4.bin,314,33554432,782.80,,
0,bench/30gib-4.bin,315,33554432,655.54,,
0,bench/30gib-4.bin,316,33554432,774.22,,
0,bench/30gib-4.bin,317,33554432,693.53,,
0,bench/30gib-4.bin,318,33554432,415.92,,
0,bench/30gib-4.bin,319,33554432,567.96,,
0,bench/30gib-4.bin,320,33554432,717.47,,
0,bench/30gib-4.bin,321,33554432,541.15,,
0,bench/30gib-4.bin,322,33554432,785.27,,
0,bench/30gib-4.bin,323,33554432,542.71,,
0,bench/30gib-4.bin,324,33554432,632.38,,
0,bench/30gib-4.bin,325,33554432,717.10,,
0,bench/30gib-4.bin,326,33554432,541.88,,
0,bench/30gib-4.bin,327,33554432,715.54,,
0,bench/30gib-4.bin,328,33554432,730.62,,
0,bench/30gib-4.bin,329,33554432,873.22,,
0,bench/30gib-4.bin,330,33554432,629.55,,
0,bench/30gib-4.bin,331,33554432,815.62,,
0,bench/30gib-4.bin,332,33554432,1352.97,,
0,bench/30gib-4.bin,333,33554432,499.63,,
0,bench/30gib-4.bin,334,33554432,606.40,,
0,bench/30gib-4.bin,335,33554432,552.57,,
0,bench/30gib-4.bin,336,33554432,695.98,,
0,bench/30gib-4.bin,337,33554432,549.59,,
0,bench/30gib-4.bin,338,33554432,476.48,,
0,bench/30gib-4.bin,339,33554432,685.45,,
0,bench/30gib-4.bin,340,33554432,949.07,,
0,bench/30gib-4.bin,341,33554432,503.25,,
0,bench/30gib-4.bin,342,33554432,509.70,,
0,bench/30gib-4.bin,343,33554432,723.80,,
0,bench/30gib-4.bin,344,33554432,499.80,,
0,bench/30gib-4.bin,345,33554432,643.21,,
0,bench/30gib-4.bin,346,33554432,641.53,,
0,bench/30gib-4.bin,347,33554432,545.00,,
0,bench/30gib-4.bin,348,33554432,585.20,,
0,bench/30gib-4.bin,349,33554432,639.70,,
0,bench/30gib-4.bin,350,33554432,607.87,,
0,bench/30gib-4.bin,351,33554432,574.78,,
0,bench/30gib-4.bin,352,33554432,584.81,,
0,bench/30gib-4.bin,353,33554432,599.34,,
0,bench/30gib-4.bin,354,33554432,508.54,,
0,bench/30gib-4.bin,355,33554432,529.86,,
0,bench/30gib-4.bin,356,33554432,564.09,,
0,bench/30gib-4.bin,357,33554432,469.22,,
0,bench/30gib-4.bin,358,33554432,516.14,,
0,bench/30gib-4.bin,359,33554432,549.56,,
0,bench/30gib-4.bin,360,33554432,535.15,,
0,bench/30gib-4.bin,361,33554432,761.30,,
0,bench/30gib-4.bin,362,33554432,627.42,,
0,bench/30gib-4.bin,363,33554432,906.92,,
0,bench/30gib-4.bin,364,33554432,546.46,,
0,bench/30gib-4.bin,365,33554432,720.35,,
0,bench/30gib-4.bin,366,33554432,623.81,,
0,bench/30gib-4.bin,367,33554432,585.82,,
0,bench/30gib-4.bin,368,33554432,700.73,,
0,bench/30gib-4.bin,369,33554432,634.20,,
0,bench/30gib-4.bin,370,33554432,652.17,,
0,bench/30gib-4.bin,371,33554432,445.40,,
0,bench/30gib-4.bin,372,33554432,705.29,,
0,bench/30gib-4.bin,373,33554432,842.84,,
0,bench/30gib-4.bin,374,33554432,796.19,,
0,bench/30gib-4.bin,375,33554432,587.01,,
0,bench/30gib-4.bin,376,33554432,852.27,,
0,bench/30gib-4.bin,377,33554432,580.83,,
0,bench/30gib-4.bin,378,33554432,555.04,,
0,bench/30gib-4.bin,379,33554432,477.70,,
0,bench/30gib-4.bin,380,33554432,698.72,,
0,bench/30gib-4.bin,381,33554432,502.26,,
0,bench/30gib-4.bin,382,33554432,728.48,,
0,bench/30gib-4.bin,383,33554432,466.87,,
0,bench/30gib-4.bin,384,33554432,679.27,,
0,bench/30gib-4.bin,385,33554432,555.51,,
0,bench/30gib-4.bin,386,33554432,529.60,,
0,bench/30gib-4.bin,387,33554432,606.98,,
0,bench/30gib-4.bin,388,33554432,584.19,,
0,bench/30gib-4.bin,389,33554432,664.25,,
0,bench/30gib-4.bin,390,33554432,796.55,,
0,bench/30gib-4.bin,391,33554432,593.87,,
0,bench/30gib-4.bin,392,33554432,567.59,,
0,bench/30gib-4.bin,393,33554432,624.00,,
0,bench/30gib-4.bin,394,33554432,504.20,,
0,bench/30gib-4.bin,395,33554432,475.97,,
0,bench/30gib-4.bin,396,33554432,575.23,,
0,bench/30gib-4.bin,397,33554432,484.15,,
0,bench/30gib-4.bin,398,33554432,939.50,,
0,bench/30gib-4.bin,399,33554432,538.45,,
0,bench/30gib-4.bin,400,33554432,959.68,,
0,bench/30gib-4.bin,401,33554432,851.00,,
0,bench/30gib-4.bin,402,33554432,713.90,,
0,bench/30gib-4.bin,403,33554432,732.77,,
0,bench/30gib-4.bin,404,33554432,499.24,,
0,bench/30gib-4.bin,405,33554432,919.73,,
0,bench/30gib-4.bin,406,33554432,560.06,,
0,bench/30gib-4.bin,407,33554432,597.43,,
0,bench/30gib-4.bin,408,33554432,575.99,,
0,bench/30gib-4.bin,409,33554432,834.92,,
0,bench/30gib-4.bin,410,33554432,429.72,,
0,bench/30gib-4.bin,411,33554432,771.51,,
0,bench/30gib-4.bin,412,33554432,673.46,,
0,bench/30gib-4.bin,413,33554432,633.92,,
0,bench/30gib-4.bin,414,33554432,681.54,,
0,bench/30gib-4.bin,415,33554432,611.54,,
0,bench/30gib-4.bin,416,33554432,765.09,,
0,bench/30gib-4.bin,417,33554432,744.14,,
0,bench/30gib-4.bin,418,33554432,512.38,,
0,bench/30gib-4.bin,419,33554432,747.02,,
0,bench/30gib-4.bin,420,33554432,538.22,,
0,bench/30gib-4.bin,421,33554432,888.61,,
0,bench/30gib-4.bin,422,33554432,677.21,,
0,bench/30gib-4.bin,423,33554432,929.80,,
0,bench/30gib-4.bin,424,33554432,473.59,,
0,bench/30gib-4.bin,425,33554432,515.30,,
0,bench/30gib-4.bin,426,33554432,495.07,,
0,bench/30gib-4.bin,427,33554432,474.47,,
0,bench/30gib-4.bin,428,33554432,539.59,,
0,bench/30gib-4.bin,429,33554432,478.91,,
0,bench/30gib-4.bin,430,33554432,565.58,,
0,bench/30gib-4.bin,431,33554432,543.56,,
0,bench/30gib-4.bin,432,33554432,863.20,,
0,bench/30gib-4.bin,433,33554432,552.22,,
0,bench/30gib-4.bin,434,33554432,509.18,,
0,bench/30gib-4.bin,435,33554432,603.77,,
0,bench/30gib-4.bin,436,33554432,846.19,,
0,bench/30gib-4.bin,437,33554432,523.66,,
0,bench/30gib-4.bin,438,33554432,582.89,,
0,bench/30gib-4.bin,439,33554432,846.85,,
0,bench/30gib-4.bin,440,33554432,583.80,,
0,bench/30gib-4.bin,441,33554432,748.78,,
0,bench/30gib-4.bin,442,33554432,587.28,,
0,bench/30gib-4.bin,443,33554432,888.06,,
0,bench/30gib-4.bin,444,33554432,733.24,,
0,bench/30gib-4.bin,445,33554432,701.21,,
0,bench/30gib-4.bin,446,33554432,428.60,,
0,bench/30gib-4.bin,447,33554432,668.97,,
0,bench/30gib-4.bin,448,33554432,963.82,,
0,bench/30gib-4.bin,449,33554432,526.89,,
0,bench/30gib-4.bin,450,33554432,646.70,,
0,bench/30gib-4.bin,451,33554432,538.89,,
0,bench/30gib-4.bin,452,33554432,536.47,,
0,bench/30gib-4.bin,453,33554432,561.20,,
0,bench/30gib-4.bin,454,33554432,684.14,,
0,bench/30gib-4.bin,455,33554432,609.23,,
0,bench/30gib-4.bin,456,33554432,731.76,,
0,bench/30gib-4.bin,457,33554432,525.84,,
0,bench/30gib-4.bin,458,33554432,562.11,,
0,bench/30gib-4.bin,459,33554432,614.32,,
0,bench/30gib-4.bin,460,33554432,571.95,,
0,bench/30gib-4.bin,461,33554432,902.23,,
0,bench/30gib-4.bin,462,33554432,677.94,,
0,bench/30gib-4.bin,463,33554432,646.40,,
0,bench/30gib-4.bin,464,33554432,777.81,,
0,bench/30gib-4.bin,465,33554432,976.04,,
0,bench/30gib-4.bin,466,33554432,473.28,,
0,bench/30gib-4.bin,467,33554432,521.48,,
0,bench/30gib-4.bin,468,33554432,626.88,,
0,bench/30gib-4.bin,469,33554432,637.39,,
0,bench/30gib-4.bin,470,33554432,789.06,,
0,bench/30gib-4.bin,471,33554432,570.30,,
0,bench/30gib-4.bin,472,33554432,550.61,,
0,bench/30gib-4.bin,473,33554432,505.31,,
0,bench/30gib-4.bin,474,33554432,510.45,,
0,bench/30gib-4.bin,475,33554432,411.01,,
0,bench/30gib-4.bin,476,33554432,496.60,,
0,bench/30gib-4.bin,477,33554432,423.77,,
0,bench/30gib-4.bin,478,33554432,957.35,,
0,bench/30gib-4.bin,479,33554432,513.10,,
0,bench/30gib-4.bin,480,33554432,547.94,,
0,bench/30gib-4.bin,481,33554432,554.21,,
0,bench/30gib-4.bin,482,33554432,529.31,,
0,bench/30gib-4.bin,483,33554432,869.14,,
0,bench/30gib-4.bin,484,33554432,821.26,,
0,bench/30gib-4.bin,485,33554432,838.19,,
0,bench/30gib-4.bin,486,33554432,785.60,,
0,bench/30gib-4.bin,487,33554432,499.70,,
0,bench/30gib-4.bin,488,33554432,574.32,,
0,bench/30gib-4.bin,489,33554432,662.77,,
0,bench/30gib-4.bin,490,33554432,675.60,,
0,bench/30gib-4.bin,491,33554432,643.55,,
0,bench/30gib-4.bin,492,33554432,524.14,,
0,bench/30gib-4.bin,493,33554432,847.41,,
0,bench/30gib-4.bin,494,33554432,519.44,,
0,bench/30gib-4.bin,495,33554432,788.14,,
0,bench/30gib-4.bin,496,33554432,511.97,,
0,bench/30gib-4.bin,497,33554432,579.46,,
0,bench/30gib-4.bin,498,33554432,839.77,,
0,bench/30gib-4.bin,499,33554432,607.27,,
0,bench/30gib-4.bin,500,33554432,529.93,,
0,bench/30gib-4.bin,501,33554432,571.65,,
0,bench/30gib-4.bin,502,33554432,552.63,,
0,bench/30gib-4.bin,503,33554432,482.94,,
0,bench/30gib-4.bin,504,33554432,574.80,,
0,bench/30gib-4.bin,505,33554432,753.97,,
0,bench/30gib-4.bin,506,33554432,452.58,,
0,bench/30gib-4.bin,507,33554432,902.33,,
0,bench/30gib-4.bin,508,33554432,808.46,,
0,bench/30gib-4.bin,509,33554432,760.61,,
0,bench/30gib-4.bin,510,33554432,824.08,,
0,bench/30gib-4.bin,511,33554432,584.49,,
0,bench/30gib-4.bin,512,33554432,480.44,,
0,bench/30gib-4.bin,513,33554432,658.62,,
0,bench/30gib-4.bin,514,33554432,751.22,,
0,bench/30gib-4.bin,515,33554432,574.02,,
0,bench/30gib-4.bin,516,33554432,659.99,,
0,bench/30gib-4.bin,517,33554432,599.99,,
0,bench/30gib-4.bin,518,33554432,665.75,,
0,bench/30gib-4.bin,519,33554432,633.05,,
0,bench/30gib-4.bin,520,33554432,779.18,,
0,bench/30gib-4.bin,521,33554432,685.81,,
0,bench/30gib-4.bin,522,33554432,806.85,,
0,bench/30gib-4.bin,523,33554432,592.03,,
0,bench/30gib-4.bin,524,33554432,1022.39,,
0,bench/30gib-4.bin,525,33554432,534.55,,
0,bench/30gib-4.bin,526,33554432,924.96,,
0,bench/30gib-4.bin,527,33554432,747.07,,
0,bench/30gib-4.bin,528,33554432,704.34,,
0,bench/30gib-4.bin,529,33554432,690.56,,
0,bench/30gib-4.bin,530,33554432,762.66,,
0,bench/30gib-4.bin,531,33554432,1038.65,,
0,bench/30gib-4.bin,532,33554432,476.46,,
0,bench/30gib-4.bin,533,33554432,580.99,,
0,bench/30gib-4.bin,534,33554432,587.41,,
0,bench/30gib-4.bin,535,33554432,657.85,,
0,bench/30gib-4.bin,536,33554432,530.25,,
0,bench/30gib-4.bin,537,33554432,540.40,,
0,bench/30gib-4.bin,538,33554432,766.28,,
0,bench/30gib-4.bin,539,33554432,902.09,,
0,bench/30gib-4.bin,540,33554432,533.65,,
0,bench/30gib-4.bin,541,33554432,619.59,,
0,bench/30gib-4.bin,542,33554432,685.85,,
0,bench/30gib-4.bin,543,33554432,520.93,,
0,bench/30gib-4.bin,544,33554432,570.61,,
0,bench/30gib-4.bin,545,33554432,543.16,,
0,bench/30gib-4.bin,546,33554432,679.03,,
0,bench/30gib-4.bin,547,33554432,405.93,,
0,bench/30gib-4.bin,548,33554432,627.02,,
0,bench/30gib-4.bin,549,33554432,635.67,,
0,bench/30gib-4.bin,550,33554432,595.75,,
0,bench/30gib-4.bin,551,33554432,581.83,,
0,bench/30gib-4.bin,552,33554432,548.31,,
0,bench/30gib-4.bin,553,33554432,732.98,,
0,bench/30gib-4.bin,554,33554432,495.26,,
0,bench/30gib-4.bin,555,33554432,654.02,,
0,bench/30gib-4.bin,556,33554432,741.96,,
0,bench/30gib-4.bin,557,33554432,731.60,,
0,bench/30gib-4.bin,558,33554432,606.75,,
0,bench/30gib-4.bin,559,33554432,543.09,,
0,bench/30gib-4.bin,560,33554432,537.49,,
0,bench/30gib-4.bin,561,33554432,546.56,,
0,bench/30gib-4.bin,562,33554432,677.35,,
0,bench/30gib-4.bin,563,33554432,863.18,,
0,bench/30gib-4.bin,564,33554432,608.33,,
0,bench/30gib-4.bin,565,33554432,581.30,,
0,bench/30gib-4.bin,566,33554432,805.72,,
0,bench/30gib-4.bin,567,33554432,543.23,,
0,bench/30gib-4.bin,568,33554432,670.30,,
0,bench/30gib-4.bin,569,33554432,659.88,,
0,bench/30gib-4.bin,570,33554432,613.85,,
0,bench/30gib-4.bin,571,33554432,510.78,,
0,bench/30gib-4.bin,572,33554432,532.36,,
0,bench/30gib-4.bin,573,33554432,597.40,,
0,bench/30gib-4.bin,574,33554432,543.54,,
0,bench/30gib-4.bin,575,33554432,801.03,,
0,bench/30gib-4.bin,576,33554432,912.67,,
0,bench/30gib-4.bin,577,33554432,472.08,,
0,bench/30gib-4.bin,578,33554432,503.57,,
0,bench/30gib-4.bin,579,33554432,506.02,,
0,bench/30gib-4.bin,580,33554432,841.59,,
0,bench/30gib-4.bin,581,33554432,658.01,,
0,bench/30gib-4.bin,582,33554432,639.39,,
0,bench/30gib-4.bin,583,33554432,459.93,,
0,bench/30gib-4.bin,584,33554432,542.86,,
0,bench/30gib-4.bin,585,33554432,575.74,,
0,bench/30gib-4.bin,586,33554432,512.02,,
0,bench/30gib-4.bin,587,33554432,625.52,,
0,bench/30gib-4.bin,588,33554432,827.44,,
0,bench/30gib-4.bin,589,33554432,764.49,,
0,bench/30gib-4.bin,590,33554432,649.55,,
0,bench/30gib-4.bin,591,33554432,520.46,,
0,bench/30gib-4.bin,592,33554432,705.50,,
0,bench/30gib-4.bin,593,33554432,544.56,,
0,bench/30gib-4.bin,594,33554432,659.45,,
0,bench/30gib-4.bin,595,33554432,739.21,,
0,bench/30gib-4.bin,596,33554432,581.99,,
0,bench/30gib-4.bin,597,33554432,723.86,,
0,bench/30gib-4.bin,598,33554432,477.57,,
0,bench/30gib-4.bin,599,33554432,487.97,,
0,bench/30gib-4.bin,600,33554432,717.21,,
0,bench/30gib-4.bin,601,33554432,706.68,,
0,bench/30gib-4.bin,602,33554432,461.13,,
0,bench/30gib-4.bin,603,33554432,548.34,,
0,bench/30gib-4.bin,604,33554432,642.41,,
0,bench/30gib-4.bin,605,33554432,529.20,,
0,bench/30gib-4.bin,606,33554432,678.56,,
0,bench/30gib-4.bin,607,33554432,649.64,,
0,bench/30gib-4.bin,608,33554432,648.20,,
0,bench/30gib-4.bin,609,33554432,671.10,,
0,bench/30gib-4.bin,610,33554432,570.60,,
0,bench/30gib-4.bin,611,33554432,568.73,,
0,bench/30gib-4.bin,612,33554432,614.49,,
0,bench/30gib-4.bin,613,33554432,726.48,,
0,bench/30gib-4.bin,614,33554432,513.05,,
0,bench/30gib-4.bin,615,33554432,714.60,,
0,bench/30gib-4.bin,616,33554432,802.33,,
0,bench/30gib-4.bin,617,33554432,705.33,,
0,bench/30gib-4.bin,618,33554432,600.54,,
0,bench/30gib-4.bin,619,33554432,515.50,,
0,bench/30gib-4.bin,620,33554432,492.02,,
0,bench/30gib-4.bin,621,33554432,415.39,,
0,bench/30gib-4.bin,622,33554432,831.55,,
0,bench/30gib-4.bin,623,33554432,666.94,,
0,bench/30gib-4.bin,624,33554432,756.74,,
0,bench/30gib-4.bin,625,33554432,657.21,,
0,bench/30gib-4.bin,626,33554432,571.28,,
0,bench/30gib-4.bin,627,33554432,893.49,,
0,bench/30gib-4.bin,628,33554432,753.88,,
0,bench/30gib-4.bin,629,33554432,645.20,,
0,bench/30gib-4.bin,630,33554432,655.34,,
0,bench/30gib-4.bin,631,33554432,635.79,,
0,bench/30gib-4.bin,632,33554432,547.06,,
0,bench/30gib-4.bin,633,33554432,849.95,,
0,bench/30gib-4.bin,634,33554432,769.85,,
0,bench/30gib-4.bin,635,33554432,761.39,,
0,bench/30gib-4.bin,636,33554432,521.81,,
0,bench/30gib-4.bin,637,33554432,683.91,,
0,bench/30gib-4.bin,638,33554432,530.17,,
0,bench/30gib-4.bin,639,33554432,737.68,,
0,bench/30gib-4.bin,640,33554432,581.29,,
0,bench/30gib-4.bin,641,33554432,717.33,,
0,bench/30gib-4.bin,642,33554432,528.40,,
0,bench/30gib-4.bin,643,33554432,675.51,,
0,bench/30gib-4.bin,644,33554432,835.07,,
0,bench/30gib-4.bin,645,33554432,776.37,,
0,bench/30gib-4.bin,646,33554432,691.88,,
0,bench/30gib-4.bin,647,33554432,608.64,,
0,bench/30gib-4.bin,648,33554432,533.03,,
0,bench/30gib-4.bin,649,33554432,922.77,,
0,bench/30gib-4.bin,650,33554432,618.03,,
0,bench/30gib-4.bin,651,33554432,872.52,,
0,bench/30gib-4.bin,652,33554432,935.01,,
0,bench/30gib-4.bin,653,33554432,407.18,,
0,bench/30gib-4.bin,654,33554432,422.69,,
0,bench/30gib-4.bin,655,33554432,655.22,,
0,bench/30gib-4.bin,656,33554432,593.96,,
0,bench/30gib-4.bin,657,33554432,754.02,,
0,bench/30gib-4.bin,658,33554432,826.98,,
0,bench/30gib-4.bin,659,33554432,620.85,,
0,bench/30gib-4.bin,660,33554432,527.01,,
0,bench/30gib-4.bin,661,33554432,588.55,,
0,bench/30gib-4.bin,662,33554432,549.21,,
0,bench/30gib-4.bin,663,33554432,615.31,,
0,bench/30gib-4.bin,664,33554432,729.32,,
0,bench/30gib-4.bin,665,33554432,605.58,,
0,bench/30gib-4.bin,666,33554432,526.73,,
0,bench/30gib-4.bin,667,33554432,541.08,,
0,bench/30gib-4.bin,668,33554432,616.29,,
0,bench/30gib-4.bin,669,33554432,540.03,,
0,bench/30gib-4.bin,670,33554432,737.78,,
0,bench/30gib-4.bin,671,33554432,397.91,,
0,bench/30gib-4.bin,672,33554432,414.07,,
0,bench/30gib-4.bin,673,33554432,982.58,,
0,bench/30gib-4.bin,674,33554432,817.76,,
0,bench/30gib-4.bin,675,33554432,493.49,,
0,bench/30gib-4.bin,676,33554432,450.06,,
0,bench/30gib-4.bin,677,33554432,723.63,,
0,bench/30gib-4.bin,678,33554432,515.66,,
0,bench/30gib-4.bin,679,33554432,620.19,,
0,bench/30gib-4.bin,680,33554432,612.47,,
0,bench/30gib-4.bin,681,33554432,565.45,,
0,bench/30gib-4.bin,682,33554432,682.51,,
0,bench/30gib-4.bin,683,33554432,722.34,,
0,bench/30gib-4.bin,684,33554432,667.20,,
0,bench/30gib-4.bin,685,33554432,554.76,,
0,bench/30gib-4.bin,686,33554432,569.34,,
0,bench/30gib-4.bin,687,33554432,859.65,,
0,bench/30gib-4.bin,688,33554432,457.56,,
0,bench/30gib-4.bin,689,33554432,588.36,,
0,bench/30gib-4.bin,690,33554432,489.39,,
0,bench/30gib-4.bin,691,33554432,667.45,,
0,bench/30gib-4.bin,692,33554432,587.43,,
0,bench/30gib-4.bin,693,33554432,832.96,,
0,bench/30gib-4.bin,694,33554432,493.91,,
0,bench/30gib-4.bin,695,33554432,765.83,,
0,bench/30gib-4.bin,696,33554432,601.52,,
0,bench/30gib-4.bin,697,33554432,641.21,,
0,bench/30gib-4.bin,698,33554432,810.42,,
0,bench/30gib-4.bin,699,33554432,740.65,,
0,bench/30gib-4.bin,700,33554432,569.85,,
0,bench/30gib-4.bin,701,33554432,508.80,,
0,bench/30gib-4.bin,702,33554432,434.43,,
0,bench/30gib-4.bin,703,33554432,496.13,,
0,bench/30gib-4.bin,704,33554432,376.31,,
0,bench/30gib-4.bin,705,33554432,686.60,,
0,bench/30gib-4.bin,706,33554432,851.47,,
0,bench/30gib-4.bin,707,33554432,512.46,,
0,bench/30gib-4.bin,708,33554432,741.30,,
0,bench/30gib-4.bin,709,33554432,794.60,,
0,bench/30gib-4.bin,710,33554432,631.76,,
0,bench/30gib-4.bin,711,33554432,535.32,,
0,bench/30gib-4.bin,712,33554432,469.14,,
0,bench/30gib-4.bin,713,33554432,669.97,,
0,bench/30gib-4.bin,714,33554432,591.19,,
0,bench/30gib-4.bin,715,33554432,658.21,,
0,bench/30gib-4.bin,716,33554432,566.89,,
0,bench/30gib-4.bin,717,33554432,797.15,,
0,bench/30gib-4.bin,718,33554432,604.59,,
0,bench/30gib-4.bin,719,33554432,569.04,,
0,bench/30gib-4.bin,720,33554432,529.22,,
0,bench/30gib-4.bin,721,33554432,638.90,,
0,bench/30gib-4.bin,722,33554432,560.91,,
0,bench/30gib-4.bin,723,33554432,453.06,,
0,bench/30gib-4.bin,724,33554432,590.78,,
0,bench/30gib-4.bin,725,33554432,617.12,,
0,bench/30gib-4.bin,726,33554432,554.42,,
0,bench/30gib-4.bin,727,33554432,806.51,,
0,bench/30gib-4.bin,728,33554432,668.11,,
0,bench/30gib-4.bin,729,33554432,822.82,,
0,bench/30gib-4.bin,730,33554432,1032.76,,
0,bench/30gib-4.bin,731,33554432,884.57,,
0,bench/30gib-4.bin,732,33554432,536.71,,
0,bench/30gib-4.bin,733,33554432,732.14,,
0,bench/30gib-4.bin,734,33554432,647.16,,
0,bench/30gib-4.bin,735,33554432,991.60,,
0,bench/30gib-4.bin,736,33554432,796.75,,
0,bench/30gib-4.bin,737,33554432,753.08,,
0,bench/30gib-4.bin,738,33554432,831.97,,
0,bench/30gib-4.bin,739,33554432,746.13,,
0,bench/30gib-4.bin,740,33554432,1138.16,,
0,bench/30gib-4.bin,741,33554432,777.92,,
0,bench/30gib-4.bin,742,33554432,483.38,,
0,bench/30gib-4.bin,743,33554432,513.38,,
0,bench/30gib-4.bin,744,33554432,890.67,,
0,bench/30gib-4.bin,745,33554432,513.82,,
0,bench/30gib-4.bin,746,33554432,582.59,,
0,bench/30gib-4.bin,747,33554432,593.31,,
0,bench/30gib-4.bin,748,33554432,684.64,,
0,bench/30gib-4.bin,749,33554432,628.17,,
0,bench/30gib-4.bin,750,33554432,481.81,,
0,bench/30gib-4.bin,751,33554432,809.59,,
0,bench/30gib-4.bin,752,33554432,507.41,,
0,bench/30gib-4.bin,753,33554432,664.48,,
0,bench/30gib-4.bin,754,33554432,464.19,,
0,bench/30gib-4.bin,755,33554432,752.70,,
0,bench/30gib-4.bin,756,33554432,529.96,,
0,bench/30gib-4.bin,757,33554432,690.52,,
0,bench/30gib-4.bin,758,33554432,608.30,,
0,bench/30gib-4.bin,759,33554432,707.25,,
0,bench/30gib-4.bin,760,33554432,491.47,,
0,bench/30gib-4.bin,761,33554432,500.22,,
0,bench/30gib-4.bin,762,33554432,472.21,,
0,bench/30gib-4.bin,763,33554432,592.40,,
0,bench/30gib-4.bin,764,33554432,771.75,,
0,bench/30gib-4.bin,765,33554432,529.53,,
0,bench/30gib-4.bin,766,33554432,638.08,,
0,bench/30gib-4.bin,767,33554432,694.18,,
0,bench/30gib-4.bin,768,33554432,555.93,,
0,bench/30gib-4.bin,769,33554432,747.06,,
0,bench/30gib-4.bin,770,33554432,613.75,,
0,bench/30gib-4.bin,771,33554432,890.51,,
0,bench/30gib-4.bin,772,33554432,822.75,,
0,bench/30gib-4.bin,773,33554432,449.37,,
0,bench/30gib-4.bin,774,33554432,721.73,,
0,bench/30gib-4.bin,775,33554432,575.18,,
0,bench/30gib-4.bin,776,33554432,506.19,,
0,bench/30gib-4.bin,777,33554432,551.65,,
0,bench/30gib-4.bin,778,33554432,592.46,,
0,bench/30gib-4.bin,779,33554432,661.90,,
0,bench/30gib-4.bin,780,33554432,1008.32,,
0,bench/30gib-4.bin,781,33554432,559.43,,
0,bench/30gib-4.bin,782,33554432,795.19,,
0,bench/30gib-4.bin,783,33554432,549.19,,
0,bench/30gib-4.bin,784,33554432,750.56,,
0,bench/30gib-4.bin,785,33554432,641.64,,
0,bench/30gib-4.bin,786,33554432,829.37,,
0,bench/30gib-4.bin,787,33554432,586.11,,
0,bench/30gib-4.bin,788,33554432,562.78,,
0,bench/30gib-4.bin,789,33554432,516.52,,
0,bench/30gib-4.bin,790,33554432,667.41,,
0,bench/30gib-4.bin,791,33554432,672.53,,
0,bench/30gib-4.bin,792,33554432,795.55,,
0,bench/30gib-4.bin,793,33554432,642.26,,
0,bench/30gib-4.bin,794,33554432,588.85,,
0,bench/30gib-4.bin,795,33554432,577.01,,
0,bench/30gib-4.bin,796,33554432,926.16,,
0,bench/30gib-4.bin,797,33554432,501.42,,
0,bench/30gib-4.bin,798,33554432,551.94,,
0,bench/30gib-4.bin,799,33554432,515.07,,
0,bench/30gib-4.bin,800,33554432,404.96,,
0,bench/30gib-4.bin,801,33554432,966.08,,
0,bench/30gib-4.bin,802,33554432,691.98,,
0,bench/30gib-4.bin,803,33554432,557.38,,
0,bench/30gib-4.bin,804,33554432,732.72,,
0,bench/30gib-4.bin,805,33554432,549.93,,
0,bench/30gib-4.bin,806,33554432,893.35,,
0,bench/30gib-4.bin,807,33554432,573.46,,
0,bench/30gib-4.bin,808,33554432,591.56,,
0,bench/30gib-4.bin,809,33554432,498.93,,
0,bench/30gib-4.bin,810,33554432,518.20,,
0,bench/30gib-4.bin,811,33554432,466.05,,
0,bench/30gib-4.bin,812,33554432,527.61,,
0,bench/30gib-4.bin,813,33554432,601.22,,
0,bench/30gib-4.bin,814,33554432,642.01,,
0,bench/30gib-4.bin,815,33554432,491.58,,
0,bench/30gib-4.bin,816,33554432,768.96,,
0,bench/30gib-4.bin,817,33554432,438.44,,
0,bench/30gib-4.bin,818,33554432,629.77,,
0,bench/30gib-4.bin,819,33554432,742.54,,
0,bench/30gib-4.bin,820,33554432,951.68,,
0,bench/30gib-4.bin,821,33554432,449.35,,
0,bench/30gib-4.bin,822,33554432,450.14,,
0,bench/30gib-4.bin,823,33554432,644.67,,
0,bench/30gib-4.bin,824,33554432,803.30,,
0,bench/30gib-4.bin,825,33554432,755.29,,
0,bench/30gib-4.bin,826,33554432,480.91,,
0,bench/30gib-4.bin,827,33554432,718.83,,
0,bench/30gib-4.bin,828,33554432,816.30,,
0,bench/30gib-4.bin,829,33554432,918.79,,
0,bench/30gib-4.bin,830,33554432,790.19,,
0,bench/30gib-4.bin,831,33554432,719.66,,
0,bench/30gib-4.bin,832,33554432,618.57,,
0,bench/30gib-4.bin,833,33554432,737.22,,
0,bench/30gib-4.bin,834,33554432,791.70,,
0,bench/30gib-4.bin,835,33554432,994.41,,
0,bench/30gib-4.bin,836,33554432,643.04,,
0,bench/30gib-4.bin,837,33554432,960.80,,
0,bench/30gib-4.bin,838,33554432,688.57,,
0,bench/30gib-4.bin,839,33554432,800.95,,
0,bench/30gib-4.bin,840,33554432,400.61,,
0,bench/30gib-4.bin,841,33554432,547.95,,
0,bench/30gib-4.bin,842,33554432,608.86,,
0,bench/30gib-4.bin,843,33554432,701.65,,
0,bench/30gib-4.bin,844,33554432,712.68,,
0,bench/30gib-4.bin,845,33554432,748.95,,
0,bench/30gib-4.bin,846,33554432,623.88,,
0,bench/30gib-4.bin,847,33554432,719.83,,
0,bench/30gib-4.bin,848,33554432,630.98,,
0,bench/30gib-4.bin,849,33554432,555.40,,
0,bench/30gib-4.bin,850,33554432,717.76,,
0,bench/30gib-4.bin,851,33554432,541.57,,
0,bench/30gib-4.bin,852,33554432,540.79,,
0,bench/30gib-4.bin,853,33554432,585.34,,
0,bench/30gib-4.bin,854,33554432,565.83,,
0,bench/30gib-4.bin,855,33554432,684.12,,
0,bench/30gib-4.bin,856,33554432,715.41,,
0,bench/30gib-4.bin,857,33554432,878.34,,
0,bench/30gib-4.bin,858,33554432,868.56,,
0,bench/30gib-4.bin,859,33554432,850.01,,
0,bench/30gib-4.bin,860,33554432,547.77,,
0,bench/30gib-4.bin,861,33554432,534.74,,
0,bench/30gib-4.bin,862,33554432,526.80,,
0,bench/30gib-4.bin,863,33554432,476.50,,
0,bench/30gib-4.bin,864,33554432,574.90,,
0,bench/30gib-4.bin,865,33554432,487.42,,
0,bench/30gib-4.bin,866,33554432,557.51,,
0,bench/30gib-4.bin,867,33554432,860.87,,
0,bench/30gib-4.bin,868,33554432,657.96,,
0,bench/30gib-4.bin,869,33554432,619.16,,
0,bench/30gib-4.bin,870,33554432,447.26,,
0,bench/30gib-4.bin,871,33554432,686.60,,
0,bench/30gib-4.bin,872,33554432,632.19,,
0,bench/30gib-4.bin,873,33554432,642.75,,
0,bench/30gib-4.bin,874,33554432,721.49,,
0,bench/30gib-4.bin,875,33554432,605.31,,
0,bench/30gib-4.bin,876,33554432,741.31,,
0,bench/30gib-4.bin,877,33554432,567.18,,
0,bench/30gib-4.bin,878,33554432,909.74,,
0,bench/30gib-4.bin,879,33554432,779.31,,
0,bench/30gib-4.bin,880,33554432,799.72,,
0,bench/30gib-4.bin,881,33554432,708.26,,
0,bench/30gib-4.bin,882,33554432,544.98,,
0,bench/30gib-4.bin,883,33554432,559.03,,
0,bench/30gib-4.bin,884,33554432,462.09,,
0,bench/30gib-4.bin,885,33554432,862.57,,
0,bench/30gib-4.bin,886,33554432,664.00,,
0,bench/30gib-4.bin,887,33554432,562.77,,
0,bench/30gib-4.bin,888,33554432,722.70,,
0,bench/30gib-4.bin,889,33554432,658.61,,
0,bench/30gib-4.bin,890,33554432,451.60,,
0,bench/30gib-4.bin,891,33554432,635.83,,
0,bench/30gib-4.bin,892,33554432,1013.61,,
0,bench/30gib-4.bin,893,33554432,429.72,,
0,bench/30gib-4.bin,894,33554432,434.58,,
0,bench/30gib-4.bin,895,33554432,602.11,,
0,bench/30gib-4.bin,896,33554432,498.12,,
0,bench/30gib-4.bin,897,33554432,844.43,,
0,bench/30gib-4.bin,898,33554432,1097.27,,
0,bench/30gib-4.bin,899,33554432,557.41,,
0,bench/30gib-4.bin,900,33554432,836.76,,
0,bench/30gib-4.bin,901,33554432,623.85,,
0,bench/30gib-4.bin,902,33554432,666.33,,
0,bench/30gib-4.bin,903,33554432,460.10,,
0,bench/30gib-4.bin,904,33554432,474.09,,
0,bench/30gib-4.bin,905,33554432,531.53,,
0,bench/30gib-4.bin,906,33554432,665.08,,
0,bench/30gib-4.bin,907,33554432,373.30,,
0,bench/30gib-4.bin,908,33554432,710.97,,
0,bench/30gib-4.bin,909,33554432,572.60,,
0,bench/30gib-4.bin,910,33554432,665.07,,
0,bench/30gib-4.bin,911,33554432,924.92,,
0,bench/30gib-4.bin,912,33554432,572.92,,
0,bench/30gib-4.bin,913,33554432,750.63,,
0,bench/30gib-4.bin,914,33554432,495.65,,
0,bench/30gib-4.bin,915,33554432,693.38,,
0,bench/30gib-4.bin,916,33554432,555.00,,
0,bench/30gib-4.bin,917,33554432,540.59,,
0,bench/30gib-4.bin,918,33554432,566.05,,
0,bench/30gib-4.bin,919,33554432,491.06,,
0,bench/30gib-4.bin,920,33554432,403.80,,
0,bench/30gib-4.bin,921,33554432,754.63,,
0,bench/30gib-4.bin,922,33554432,560.18,,
0,bench/30gib-4.bin,923,33554432,742.47,,
0,bench/30gib-4.bin,924,33554432,429.52,,
0,bench/30gib-4.bin,925,33554432,609.40,,
0,bench/30gib-4.bin,926,33554432,595.14,,
0,bench/30gib-4.bin,927,33554432,664.29,,
0,bench/30gib-4.bin,928,33554432,645.89,,
0,bench/30gib-4.bin,929,33554432,848.09,,
0,bench/30gib-4.bin,930,33554432,505.17,,
0,bench/30gib-4.bin,931,33554432,948.54,,
0,bench/30gib-4.bin,932,33554432,420.24,,
0,bench/30gib-4.bin,933,33554432,583.03,,
0,bench/30gib-4.bin,934,33554432,559.61,,
0,bench/30gib-4.bin,935,33554432,498.25,,
0,bench/30gib-4.bin,936,33554432,734.76,,
0,bench/30gib-4.bin,937,33554432,579.41,,
0,bench/30gib-4.bin,938,33554432,690.13,,
0,bench/30gib-4.bin,939,33554432,615.23,,
0,bench/30gib-4.bin,940,33554432,648.94,,
0,bench/30gib-4.bin,941,33554432,572.74,,
0,bench/30gib-4.bin,942,33554432,774.20,,
0,bench/30gib-4.bin,943,33554432,734.48,,
0,bench/30gib-4.bin,944,33554432,494.72,,
0,bench/30gib-4.bin,945,33554432,608.73,,
0,bench/30gib-4.bin,946,33554432,599.14,,
0,bench/30gib-4.bin,947,33554432,528.15,,
0,bench/30gib-4.bin,948,33554432,457.92,,
0,bench/30gib-4.bin,949,33554432,554.32,,
0,bench/30gib-4.bin,950,33554432,577.85,,
0,bench/30gib-4.bin,951,33554432,465.59,,
0,bench/30gib-4.bin,952,33554432,423.68,,
0,bench/30gib-4.bin,953,33554432,536.89,,
0,bench/30gib-4.bin,954,33554432,515.62,,
0,bench/30gib-4.bin,955,33554432,496.74,,
0,bench/30gib-4.bin,956,33554432,546.14,,
0,bench/30gib-4.bin,957,33554432,563.22,,
0,bench/30gib-4.bin,958,33554432,385.45,,
0,bench/30gib-4.bin,959,33554432,594.72,,
0,bench/30gib-4.bin,960,33554432,375.82,,
0,bench/30gib-5.bin,1,33554432,1213.18,,
0,bench/30gib-5.bin,2,33554432,1582.88,,
0,bench/30gib-5.bin,3,33554432,1257.88,,
0,bench/30gib-5.bin,4,33554432,1427.17,,
0,bench/30gib-5.bin,5,33554432,1569.48,,
0,bench/30gib-5.bin,6,33554432,1570.38,,
0,bench/30gib-5.bin,7,33554432,1549.52,,
0,bench/30gib-5.bin,8,33554432,1509.20,,
0,bench/30gib-5.bin,9,33554432,1698.19,,
0,bench/30gib-5.bin,10,33554432,1434.49,,
0,bench/30gib-5.bin,11,33554432,1581.07,,
0,bench/30gib-5.bin,12,33554432,1329.56,,
0,bench/30gib-5.bin,13,33554432,1456.23,,
0,bench/30gib-5.bin,14,33554432,1571.16,,
0,bench/30gib-5.bin,15,33554432,1645.65,,
0,bench/30gib-5.bin,16,33554432,1555.01,,
0,bench/30gib-5.bin,17,33554432,2470.66,,
0,bench/30gib-5.bin,18,33554432,1305.70,,
0,bench/30gib-5.bin,19,33554432,1186.66,,
0,bench/30gib-5.bin,20,33554432,1449.71,,
0,bench/30gib-5.bin,21,33554432,1402.96,,
0,bench/30gib-5.bin,22,33554432,1348.96,,
0,bench/30gib-5.bin,23,33554432,1527.07,,
0,bench/30gib-5.bin,24,33554432,1361.25,,
0,bench/30gib-5.bin,25,33554432,1563.34,,
0,bench/30gib-5.bin,26,33554432,1662.46,,
0,bench/30gib-5.bin,27,33554432,1156.28,,
0,bench/30gib-5.bin,28,33554432,1772.05,,
0,bench/30gib-5.bin,29,33554432,1331.74,,
0,bench/30gib-5.bin,30,33554432,2312.23,,
0,bench/30gib-5.bin,31,33554432,1972.66,,
0,bench/30gib-5.bin,32,33554432,1348.80,,
0,bench/30gib-5.bin,33,33554432,1434.05,,
0,bench/30gib-5.bin,34,33554432,1263.71,,
0,bench/30gib-5.bin,35,33554432,1274.36,,
0,bench/30gib-5.bin,36,33554432,986.12,,
0,bench/30gib-5.bin,37,33554432,1545.35,,
0,bench/30gib-5.bin,38,33554432,1396.52,,
0,bench/30gib-5.bin,39,33554432,1213.38,,
0,bench/30gib-5.bin,40,33554432,1484.79,,
0,bench/30gib-5.bin,41,33554432,1206.83,,
0,bench/30gib-5.bin,42,33554432,1406.97,,
0,bench/30gib-5.bin,43,33554432,962.90,,
0,bench/30gib-5.bin,44,33554432,886.28,,
0,bench/30gib-5.bin,45,33554432,820.12,,
0,bench/30gib-5.bin,46,33554432,764.60,,
0,bench/30gib-5.bin,47,33554432,1217.59,,
0,bench/30gib-5.bin,48,33554432,1282.85,,
0,bench/30gib-5.bin,49,33554432,1144.20,,
0,bench/30gib-5.bin,50,33554432,863.19,,
0,bench/30gib-5.bin,51,33554432,1483.25,,
0,bench/30gib-5.bin,52,33554432,861.17,,
0,bench/30gib-5.bin,53,33554432,1325.10,,
0,bench/30gib-5.bin,54,33554432,1014.74,,
0,bench/30gib-5.bin,55,33554432,739.59,,
0,bench/30gib-5.bin,56,33554432,1123.20,,
0,bench/30gib-5.bin,57,33554432,795.33,,
0,bench/30gib-5.bin,58,33554432,1128.67,,
0,bench/30gib-5.bin,59,33554432,1047.37,,
0,bench/30gib-5.bin,60,33554432,975.50,,
0,bench/30gib-5.bin,61,33554432,621.67,,
0,bench/30gib-5.bin,62,33554432,821.08,,
0,bench/30gib-5.bin,63,33554432,698.55,,
0,bench/30gib-5.bin,64,33554432,933.93,,
0,bench/30gib-5.bin,65,33554432,902.72,,
0,bench/30gib-5.bin,66,33554432,660.48,,
0,bench/30gib-5.bin,67,33554432,1091.33,,
0,bench/30gib-5.bin,68,33554432,809.38,,
0,bench/30gib-5.bin,69,33554432,1198.37,,
0,bench/30gib-5.bin,70,33554432,915.10,,
0,bench/30gib-5.bin,71,33554432,749.94,,
0,bench/30gib-5.bin,72,33554432,1307.90,,
0,bench/30gib-5.bin,73,33554432,623.18,,
0,bench/30gib-5.bin,74,33554432,683.14,,
0,bench/30gib-5.bin,75,33554432,556.87,,
0,bench/30gib-5.bin,76,33554432,392.76,,
0,bench/30gib-5.bin,77,33554432,443.59,,
0,bench/30gib-5.bin,78,33554432,803.55,,
0,bench/30gib-5.bin,79,33554432,735.60,,
0,bench/30gib-5.bin,80,33554432,735.05,,
0,bench/30gib-5.bin,81,33554432,598.21,,
0,bench/30gib-5.bin,82,33554432,540.04,,
0,bench/30gib-5.bin,83,33554432,659.39,,
0,bench/30gib-5.bin,84,33554432,575.41,,
0,bench/30gib-5.bin,85,33554432,823.75,,
0,bench/30gib-5.bin,86,33554432,419.38,,
0,bench/30gib-5.bin,87,33554432,493.17,,
0,bench/30gib-5.bin,88,33554432,847.88,,
0,bench/30gib-5.bin,89,33554432,851.06,,
0,bench/30gib-5.bin,90,33554432,707.98,,
0,bench/30gib-5.bin,91,33554432,538.78,,
0,bench/30gib-5.bin,92,33554432,1117.41,,
0,bench/30gib-5.bin,93,33554432,761.23,,
0,bench/30gib-5.bin,94,33554432,567.45,,
0,bench/30gib-5.bin,95,33554432,540.60,,
0,bench/30gib-5.bin,96,33554432,694.22,,
0,bench/30gib-5.bin,97,33554432,560.67,,
0,bench/30gib-5.bin,98,33554432,826.19,,
0,bench/30gib-5.bin,99,33554432,652.06,,
0,bench/30gib-5.bin,100,33554432,862.46,,
0,bench/30gib-5.bin,101,33554432,518.93,,
0,bench/30gib-5.bin,102,33554432,825.54,,
0,bench/30gib-5.bin,103,33554432,685.07,,
0,bench/30gib-5.bin,104,33554432,820.50,,
0,bench/30gib-5.bin,105,33554432,664.13,,
0,bench/30gib-5.bin,106,33554432,812.39,,
0,bench/30gib-5.bin,107,33554432,657.01,,
0,bench/30gib-5.bin,108,33554432,570.92,,
0,bench/30gib-5.bin,109,33554432,671.99,,
0,bench/30gib-5.bin,110,33554432,394.01,,
0,bench/30gib-5.bin,111,33554432,756.92,,
0,bench/30gib-5.bin,112,33554432,682.95,,
0,bench/30gib-5.bin,113,33554432,847.06,,
0,bench/30gib-5.bin,114,33554432,778.22,,
0,bench/30gib-5.bin,115,33554432,731.11,,
0,bench/30gib-5.bin,116,33554432,660.65,,
0,bench/30gib-5.bin,117,33554432,791.56,,
0,bench/30gib-5.bin,118,33554432,525.94,,
0,bench/30gib-5.bin,119,33554432,457.82,,
0,bench/30gib-5.bin,120,33554432,1038.87,,
0,bench/30gib-5.bin,121,33554432,803.03,,
0,bench/30gib-5.bin,122,33554432,612.93,,
0,bench/30gib-5.bin,123,33554432,754.79,,
0,bench/30gib-5.bin,124,33554432,1005.92,,
0,bench/30gib-5.bin,125,33554432,439.17,,
0,bench/30gib-5.bin,126,33554432,608.51,,
0,bench/30gib-5.bin,127,33554432,524.74,,
0,bench/30gib-5.bin,128,33554432,971.63,,
0,bench/30gib-5.bin,129,33554432,455.80,,
0,bench/30gib-5.bin,130,33554432,644.35,,
0,bench/30gib-5.bin,131,33554432,629.14,,
0,bench/30gib-5.bin,132,33554432,840.76,,
0,bench/30gib-5.bin,133,33554432,804.13,,
0,bench/30gib-5.bin,134,33554432,421.80,,
0,bench/30gib-5.bin,135,33554432,545.55,,
0,bench/30gib-5.bin,136,33554432,581.73,,
0,bench/30gib-5.bin,137,33554432,719.52,,
0,bench/30gib-5.bin,138,33554432,866.90,,
0,bench/30gib-5.bin,139,33554432,561.02,,
0,bench/30gib-5.bin,140,33554432,695.80,,
0,bench/30gib-5.bin,141,33554432,762.63,,
0,bench/30gib-5.bin,142,33554432,462.55,,
0,bench/30gib-5.bin,143,33554432,1273.30,,
0,bench/30gib-5.bin,144,33554432,906.81,,
0,bench/30gib-5.bin,145,33554432,543.35,,
0,bench/30gib-5.bin,146,33554432,1270.50,,
0,bench/30gib-5.bin,147,33554432,559.41,,
0,bench/30gib-5.bin,148,33554432,735.82,,
0,bench/30gib-5.bin,149,33554432,712.13,,
0,bench/30gib-5.bin,150,33554432,494.95,,
0,bench/30gib-5.bin,151,33554432,614.92,,
0,bench/30gib-5.bin,152,33554432,539.56,,
0,bench/30gib-5.bin,153,33554432,769.08,,
0,bench/30gib-5.bin,154,33554432,431.21,,
0,bench/30gib-5.bin,155,33554432,478.90,,
0,bench/30gib-5.bin,156,33554432,561.38,,
0,bench/30gib-5.bin,157,33554432,405.97,,
0,bench/30gib-5.bin,158,33554432,806.80,,
0,bench/30gib-5.bin,159,33554432,540.44,,
0,bench/30gib-5.bin,160,33554432,344.47,,
0,bench/30gib-5.bin,161,33554432,640.86,,
0,bench/30gib-5.bin,162,33554432,642.78,,
0,bench/30gib-5.bin,163,33554432,635.10,,
0,bench/30gib-5.bin,164,33554432,595.24,,
0,bench/30gib-5.bin,165,33554432,761.15,,
0,bench/30gib-5.bin,166,33554432,508.98,,
0,bench/30gib-5.bin,167,33554432,840.81,,
0,bench/30gib-5.bin,168,33554432,551.58,,
0,bench/30gib-5.bin,169,33554432,653.36,,
0,bench/30gib-5.bin,170,33554432,495.09,,
0,bench/30gib-5.bin,171,33554432,419.54,,
0,bench/30gib-5.bin,172,33554432,876.86,,
0,bench/30gib-5.bin,173,33554432,557.32,,
0,bench/30gib-5.bin,174,33554432,661.19,,
0,bench/30gib-5.bin,175,33554432,752.96,,
0,bench/30gib-5.bin,176,33554432,629.84,,
0,bench/30gib-5.bin,177,33554432,664.72,,
0,bench/30gib-5.bin,178,33554432,373.76,,
0,bench/30gib-5.bin,179,33554432,675.06,,
0,bench/30gib-5.bin,180,33554432,574.69,,
0,bench/30gib-5.bin,181,33554432,516.62,,
0,bench/30gib-5.bin,182,33554432,836.45,,
0,bench/30gib-5.bin,183,33554432,463.50,,
0,bench/30gib-5.bin,184,33554432,610.77,,
0,bench/30gib-5.bin,185,33554432,676.44,,
0,bench/30gib-5.bin,186,33554432,694.82,,
0,bench/30gib-5.bin,187,33554432,781.48,,
0,bench/30gib-5.bin,188,33554432,472.68,,
0,bench/30gib-5.bin,189,33554432,555.84,,
0,bench/30gib-5.bin,190,33554432,723.47,,
0,bench/30gib-5.bin,191,33554432,788.29,,
0,bench/30gib-5.bin,192,33554432,602.21,,
0,bench/30gib-5.bin,193,33554432,518.68,,
0,bench/30gib-5.bin,194,33554432,598.81,,
0,bench/30gib-5.bin,195,33554432,443.03,,
0,bench/30gib-5.bin,196,33554432,573.94,,
0,bench/30gib-5.bin,197,33554432,599.31,,
0,bench/30gib-5.bin,198,33554432,489.94,,
0,bench/30gib-5.bin,199,33554432,545.90,,
0,bench/30gib-5.bin,200,33554432,595.65,,
0,bench/30gib-5.bin,201,33554432,605.51,,
0,bench/30gib-5.bin,202,33554432,496.42,,
0,bench/30gib-5.bin,203,33554432,480.74,,
0,bench/30gib-5.bin,204,33554432,548.27,,
0,bench/30gib-5.bin,205,33554432,569.55,,
0,bench/30gib-5.bin,206,33554432,834.68,,
0,bench/30gib-5.bin,207,33554432,982.97,,
0,bench/30gib-5.bin,208,33554432,796.29,,
0,bench/30gib-5.bin,209,33554432,655.82,,
0,bench/30gib-5.bin,210,33554432,739.35,,
0,bench/30gib-5.bin,211,33554432,578.46,,
0,bench/30gib-5.bin,212,33554432,480.72,,
0,bench/30gib-5.bin,213,33554432,482.52,,
0,bench/30gib-5.bin,214,33554432,932.19,,
0,bench/30gib-5.bin,215,33554432,475.87,,
0,bench/30gib-5.bin,216,33554432,493.57,,
0,bench/30gib-5.bin,217,33554432,541.17,,
0,bench/30gib-5.bin,218,33554432,476.79,,
0,bench/30gib-5.bin,219,33554432,510.45,,
0,bench/30gib-5.bin,220,33554432,653.64,,
0,bench/30gib-5.bin,221,33554432,685.07,,
0,bench/30gib-5.bin,222,33554432,765.31,,
0,bench/30gib-5.bin,223,33554432,776.65,,
0,bench/30gib-5.bin,224,33554432,752.46,,
0,bench/30gib-5.bin,225,33554432,458.19,,
0,bench/30gib-5.bin,226,33554432,706.39,,
0,bench/30gib-5.bin,227,33554432,594.54,,
0,bench/30gib-5.bin,228,33554432,490.25,,
0,bench/30gib-5.bin,229,33554432,557.47,,
0,bench/30gib-5.bin,230,33554432,761.39,,
0,bench/30gib-5.bin,231,33554432,736.04,,
0,bench/30gib-5.bin,232,33554432,747.99,,
0,bench/30gib-5.bin,233,33554432,1072.55,,
0,bench/30gib-5.bin,234,33554432,600.82,,
0,bench/30gib-5.bin,235,33554432,697.68,,
0,bench/30gib-5.bin,236,33554432,674.41,,
0,bench/30gib-5.bin,237,33554432,621.71,,
0,bench/30gib-5.bin,238,33554432,560.82,,
0,bench/30gib-5.bin,239,33554432,718.15,,
0,bench/30gib-5.bin,240,33554432,500.36,,
0,bench/30gib-5.bin,241,33554432,524.06,,
0,bench/30gib-5.bin,242,33554432,729.93,,
0,bench/30gib-5.bin,243,33554432,444.51,,
0,bench/30gib-5.bin,244,33554432,469.08,,
0,bench/30gib-5.bin,245,33554432,526.96,,
0,bench/30gib-5.bin,246,33554432,615.43,,
0,bench/30gib-5.bin,247,33554432,483.76,,
0,bench/30gib-5.bin,248,33554432,545.93,,
0,bench/30gib-5.bin,249,33554432,714.06,,
0,bench/30gib-5.bin,250,33554432,556.63,,
0,bench/30gib-5.bin,251,33554432,514.33,,
0,bench/30gib-5.bin,252,33554432,506.12,,
0,bench/30gib-5.bin,253,33554432,566.36,,
0,bench/30gib-5.bin,254,33554432,392.30,,
0,bench/30gib-5.bin,255,33554432,1022.44,,
0,bench/30gib-5.bin,256,33554432,685.84,,
0,bench/30gib-5.bin,257,33554432,544.60,,
0,bench/30gib-5.bin,258,33554432,520.00,,
0,bench/30gib-5.bin,259,33554432,620.17,,
0,bench/30gib-5.bin,260,33554432,649.73,,
0,bench/30gib-5.bin,261,33554432,665.32,,
0,bench/30gib-5.bin,262,33554432,532.49,,
0,bench/30gib-5.bin,263,33554432,686.54,,
0,bench/30gib-5.bin,264,33554432,515.99,,
0,bench/30gib-5.bin,265,33554432,699.27,,
0,bench/30gib-5.bin,266,33554432,771.36,,
0,bench/30gib-5.bin,267,33554432,664.77,,
0,bench/30gib-5.bin,268,33554432,1218.52,,
0,bench/30gib-5.bin,269,33554432,769.47,,
0,bench/30gib-5.bin,270,33554432,556.12,,
0,bench/30gib-5.bin,271,33554432,793.33,,
0,bench/30gib-5.bin,272,33554432,1030.53,,
0,bench/30gib-5.bin,273,33554432,660.22,,
0,bench/30gib-5.bin,274,33554432,638.42,,
0,bench/30gib-5.bin,275,33554432,698.79,,
0,bench/30gib-5.bin,276,33554432,415.23,,
0,bench/30gib-5.bin,277,33554432,423.12,,
0,bench/30gib-5.bin,278,33554432,582.27,,
0,bench/30gib-5.bin,279,33554432,532.34,,
0,bench/30gib-5.bin,280,33554432,564.94,,
0,bench/30gib-5.bin,281,33554432,653.16,,
0,bench/30gib-5.bin,282,33554432,511.43,,
0,bench/30gib-5.bin,283,33554432,584.80,,
0,bench/30gib-5.bin,284,33554432,834.24,,
0,bench/30gib-5.bin,285,33554432,583.52,,
0,bench/30gib-5.bin,286,33554432,547.32,,
0,bench/30gib-5.bin,287,33554432,538.78,,
0,bench/30gib-5.bin,288,33554432,574.87,,
0,bench/30gib-5.bin,289,33554432,716.46,,
0,bench/30gib-5.bin,290,33554432,668.18,,
0,bench/30gib-5.bin,291,33554432,893.13,,
0,bench/30gib-5.bin,292,33554432,406.19,,
0,bench/30gib-5.bin,293,33554432,692.63,,
0,bench/30gib-5.bin,294,33554432,683.09,,
0,bench/30gib-5.bin,295,33554432,495.14,,
0,bench/30gib-5.bin,296,33554432,512.05,,
0,bench/30gib-5.bin,297,33554432,736.50,,
0,bench/30gib-5.bin,298,33554432,518.13,,
0,bench/30gib-5.bin,299,33554432,551.27,,
0,bench/30gib-5.bin,300,33554432,772.37,,
0,bench/30gib-5.bin,301,33554432,790.47,,
0,bench/30gib-5.bin,302,33554432,519.69,,
0,bench/30gib-5.bin,303,33554432,547.27,,
0,bench/30gib-5.bin,304,33554432,557.42,,
0,bench/30gib-5.bin,305,33554432,776.10,,
0,bench/30gib-5.bin,306,33554432,478.31,,
0,bench/30gib-5.bin,307,33554432,504.72,,
0,bench/30gib-5.bin,308,33554432,587.38,,
0,bench/30gib-5.bin,309,33554432,576.53,,
0,bench/30gib-5.bin,310,33554432,798.23,,
0,bench/30gib-5.bin,311,33554432,542.06,,
0,bench/30gib-5.bin,312,33554432,556.11,,
0,bench/30gib-5.bin,313,33554432,726.78,,
0,bench/30gib-5.bin,314,33554432,691.70,,
0,bench/30gib-5.bin,315,33554432,819.68,,
0,bench/30gib-5.bin,316,33554432,614.66,,
0,bench/30gib-5.bin,317,33554432,459.40,,
0,bench/30gib-5.bin,318,33554432,722.28,,
0,bench/30gib-5.bin,319,33554432,665.88,,
0,bench/30gib-5.bin,320,33554432,785.29,,
0,bench/30gib-5.bin,321,33554432,718.75,,
0,bench/30gib-5.bin,322,33554432,579.52,,
0,bench/30gib-5.bin,323,33554432,555.66,,
0,bench/30gib-5.bin,324,33554432,693.98,,
0,bench/30gib-5.bin,325,33554432,481.08,,
0,bench/30gib-5.bin,326,33554432,580.13,,
0,bench/30gib-5.bin,327,33554432,672.49,,
0,bench/30gib-5.bin,328,33554432,429.32,,
0,bench/30gib-5.bin,329,33554432,683.36,,
0,bench/30gib-5.bin,330,33554432,699.89,,
0,bench/30gib-5.bin,331,33554432,561.66,,
0,bench/30gib-5.bin,332,33554432,543.23,,
0,bench/30gib-5.bin,333,33554432,509.28,,
0,bench/30gib-5.bin,334,33554432,591.66,,
0,bench/30gib-5.bin,335,33554432,576.33,,
0,bench/30gib-5.bin,336,33554432,750.93,,
0,bench/30gib-5.bin,337,33554432,533.54,,
0,bench/30gib-5.bin,338,33554432,425.06,,
0,bench/30gib-5.bin,339,33554432,513.61,,
0,bench/30gib-5.bin,340,33554432,695.46,,
0,bench/30gib-5.bin,341,33554432,842.07,,
0,bench/30gib-5.bin,342,33554432,642.80,,
0,bench/30gib-5.bin,343,33554432,815.17,,
0,bench/30gib-5.bin,344,33554432,717.85,,
0,bench/30gib-5.bin,345,33554432,614.17,,
0,bench/30gib-5.bin,346,33554432,825.30,,
0,bench/30gib-5.bin,347,33554432,418.57,,
0,bench/30gib-5.bin,348,33554432,775.74,,
0,bench/30gib-5.bin,349,33554432,589.63,,
0,bench/30gib-5.bin,350,33554432,850.95,,
0,bench/30gib-5.bin,351,33554432,753.32,,
0,bench/30gib-5.bin,352,33554432,704.17,,
0,bench/30gib-5.bin,353,33554432,881.41,,
0,bench/30gib-5.bin,354,33554432,723.53,,
0,bench/30gib-5.bin,355,33554432,575.15,,
0,bench/30gib-5.bin,356,33554432,670.90,,
0,bench/30gib-5.bin,357,33554432,433.34,,
0,bench/30gib-5.bin,358,33554432,642.46,,
0,bench/30gib-5.bin,359,33554432,540.03,,
0,bench/30gib-5.bin,360,33554432,631.05,,
0,bench/30gib-5.bin,361,33554432,728.31,,
0,bench/30gib-5.bin,362,33554432,608.53,,
0,bench/30gib-5.bin,363,33554432,830.85,,
0,bench/30gib-5.bin,364,33554432,615.75,,
0,bench/30gib-5.bin,365,33554432,506.63,,
0,bench/30gib-5.bin,366,33554432,795.77,,
0,bench/30gib-5.bin,367,33554432,526.12,,
0,bench/30gib-5.bin,368,33554432,482.55,,
0,bench/30gib-5.bin,369,33554432,787.55,,
0,bench/30gib-5.bin,370,33554432,618.91,,
0,bench/30gib-5.bin,371,33554432,581.47,,
0,bench/30gib-5.bin,372,33554432,512.79,,
0,bench/30gib-5.bin,373,33554432,578.24,,
0,bench/30gib-5.bin,374,33554432,742.38,,
0,bench/30gib-5.bin,375,33554432,567.12,,
0,bench/30gib-5.bin,376,33554432,507.11,,
0,bench/30gib-5.bin,377,33554432,573.65,,
0,bench/30gib-5.bin,378,33554432,493.72,,
0,bench/30gib-5.bin,379,33554432,379.29,,
0,bench/30gib-5.bin,380,33554432,457.34,,
0,bench/30gib-5.bin,381,33554432,551.22,,
0,bench/30gib-5.bin,382,33554432,425.30,,
0,bench/30gib-5.bin,383,33554432,531.84,,
0,bench/30gib-5.bin,384,33554432,525.85,,
0,bench/30gib-5.bin,385,33554432,512.78,,
0,bench/30gib-5.bin,386,33554432,694.44,,
0,bench/30gib-5.bin,387,33554432,424.96,,
0,bench/30gib-5.bin,388,33554432,653.99,,
0,bench/30gib-5.bin,389,33554432,460.02,,
0,bench/30gib-5.bin,390,33554432,720.01,,
0,bench/30gib-5.bin,391,33554432,682.20,,
0,bench/30gib-5.bin,392,33554432,604.73,,
0,bench/30gib-5.bin,393,33554432,554.72,,
0,bench/30gib-5.bin,394,33554432,631.49,,
0,bench/30gib-5.bin,395,33554432,621.55,,
0,bench/30gib-5.bin,396,33554432,581.14,,
0,bench/30gib-5.bin,397,33554432,774.33,,
0,bench/30gib-5.bin,398,33554432,429.38,,
0,bench/30gib-5.bin,399,33554432,708.20,,
0,bench/30gib-5.bin,400,33554432,544.93,,
0,bench/30gib-5.bin,401,33554432,975.96,,
0,bench/30gib-5.bin,402,33554432,461.36,,
0,bench/30gib-5.bin,403,33554432,512.91,,
0,bench/30gib-5.bin,404,33554432,537.51,,
0,bench/30gib-5.bin,405,33554432,878.23,,
0,bench/30gib-5.bin,406,33554432,453.52,,
0,bench/30gib-5.bin,407,33554432,630.93,,
0,bench/30gib-5.bin,408,33554432,554.26,,
0,bench/30gib-5.bin,409,33554432,641.18,,
0,bench/30gib-5.bin,410,33554432,825.15,,
0,bench/30gib-5.bin,411,33554432,645.04,,
0,bench/30gib-5.bin,412,33554432,669.85,,
0,bench/30gib-5.bin,413,33554432,543.06,,
0,bench/30gib-5.bin,414,33554432,903.41,,
0,bench/30gib-5.bin,415,33554432,519.57,,
0,bench/30gib-5.bin,416,33554432,702.39,,
0,bench/30gib-5.bin,417,33554432,572.74,,
0,bench/30gib-5.bin,418,33554432,587.32,,
0,bench/30gib-5.bin,419,33554432,757.78,,
0,bench/30gib-5.bin,420,33554432,566.29,,
0,bench/30gib-5.bin,421,33554432,594.71,,
0,bench/30gib-5.bin,422,33554432,585.41,,
0,bench/30gib-5.bin,423,33554432,530.83,,
0,bench/30gib-5.bin,424,33554432,536.83,,
0,bench/30gib-5.bin,425,33554432,801.06,,
0,bench/30gib-5.bin,426,33554432,525.93,,
0,bench/30gib-5.bin,427,33554432,618.04,,
0,bench/30gib-5.bin,428,33554432,710.72,,
0,bench/30gib-5.bin,429,33554432,603.53,,
0,bench/30gib-5.bin,430,33554432,1053.11,,
0,bench/30gib-5.bin,431,33554432,1040.73,,
0,bench/30gib-5.bin,432,33554432,474.27,,
0,bench/30gib-5.bin,433,33554432,537.02,,
0,bench/30gib-5.bin,434,33554432,561.92,,
0,bench/30gib-5.bin,435,33554432,726.30,,
0,bench/30gib-5.bin,436,33554432,535.50,,
0,bench/30gib-5.bin,437,33554432,644.22,,
0,bench/30gib-5.bin,438,33554432,508.14,,
0,bench/30gib-5.bin,439,33554432,488.02,,
0,bench/30gib-5.bin,440,33554432,631.04,,
0,bench/30gib-5.bin,441,33554432,491.41,,
0,bench/30gib-5.bin,442,33554432,528.17,,
0,bench/30gib-5.bin,443,33554432,901.70,,
0,bench/30gib-5.bin,444,33554432,800.42,,
0,bench/30gib-5.bin,445,33554432,685.23,,
0,bench/30gib-5.bin,446,33554432,593.24,,
0,bench/30gib-5.bin,447,33554432,490.00,,
0,bench/30gib-5.bin,448,33554432,679.40,,
0,bench/30gib-5.bin,449,33554432,451.09,,
0,bench/30gib-5.bin,450,33554432,822.95,,
0,bench/30gib-5.bin,451,33554432,616.30,,
0,bench/30gib-5.bin,452,33554432,988.10,,
0,bench/30gib-5.bin,453,33554432,630.21,,
0,bench/30gib-5.bin,454,33554432,587.07,,
0,bench/30gib-5.bin,455,33554432,463.48,,
0,bench/30gib-5.bin,456,33554432,626.43,,
0,bench/30gib-5.bin,457,33554432,650.74,,
0,bench/30gib-5.bin,458,33554432,638.54,,
0,bench/30gib-5.bin,459,33554432,660.61,,
0,bench/30gib-5.bin,460,33554432,585.92,,
0,bench/30gib-5.bin,461,33554432,709.93,,
0,bench/30gib-5.bin,462,33554432,556.29,,
0,bench/30gib-5.bin,463,33554432,823.37,,
0,bench/30gib-5.bin,464,33554432,790.25,,
0,bench/30gib-5.bin,465,33554432,887.41,,
0,bench/30gib-5.bin,466,33554432,540.47,,
0,bench/30gib-5.bin,467,33554432,738.51,,
0,bench/30gib-5.bin,468,33554432,551.29,,
0,bench/30gib-5.bin,469,33554432,645.85,,
0,bench/30gib-5.bin,470,33554432,477.33,,
0,bench/30gib-5.bin,471,33554432,532.61,,
0,bench/30gib-5.bin,472,33554432,595.26,,
0,bench/30gib-5.bin,473,33554432,604.85,,
0,bench/30gib-5.bin,474,33554432,636.01,,
0,bench/30gib-5.bin,475,33554432,569.13,,
0,bench/30gib-5.bin,476,33554432,514.57,,
0,bench/30gib-5.bin,477,33554432,966.34,,
0,bench/30gib-5.bin,478,33554432,485.07,,
0,bench/30gib-5.bin,479,33554432,492.94,,
0,bench/30gib-5.bin,480,33554432,460.45,,
0,bench/30gib-5.bin,481,33554432,727.04,,
0,bench/30gib-5.bin,482,33554432,547.99,,
0,bench/30gib-5.bin,483,33554432,721.56,,
0,bench/30gib-5.bin,484,33554432,454.83,,
0,bench/30gib-5.bin,485,33554432,483.12,,
0,bench/30gib-5.bin,486,33554432,681.11,,
0,bench/30gib-5.bin,487,33554432,532.66,,
0,bench/30gib-5.bin,488,33554432,630.63,,
0,bench/30gib-5.bin,489,33554432,596.74,,
0,bench/30gib-5.bin,490,33554432,645.70,,
0,bench/30gib-5.bin,491,33554432,706.12,,
0,bench/30gib-5.bin,492,33554432,581.26,,
0,bench/30gib-5.bin,493,33554432,520.16,,
0,bench/30gib-5.bin,494,33554432,561.60,,
0,bench/30gib-5.bin,495,33554432,580.33,,
0,bench/30gib-5.bin,496,33554432,556.53,,
0,bench/30gib-5.bin,497,33554432,572.25,,
0,bench/30gib-5.bin,498,33554432,637.82,,
0,bench/30gib-5.bin,499,33554432,463.83,,
0,bench/30gib-5.bin,500,33554432,697.32,,
0,bench/30gib-5.bin,501,33554432,517.33,,
0,bench/30gib-5.bin,502,33554432,675.36,,
0,bench/30gib-5.bin,503,33554432,692.06,,
0,bench/30gib-5.bin,504,33554432,679.09,,
0,bench/30gib-5.bin,505,33554432,591.05,,
0,bench/30gib-5.bin,506,33554432,625.28,,
0,bench/30gib-5.bin,507,33554432,758.78,,
0,bench/30gib-5.bin,508,33554432,621.33,,
0,bench/30gib-5.bin,509,33554432,491.49,,
0,bench/30gib-5.bin,510,33554432,1067.24,,
0,bench/30gib-5.bin,511,33554432,749.12,,
0,bench/30gib-5.bin,512,33554432,461.93,,
0,bench/30gib-5.bin,513,33554432,540.38,,
0,bench/30gib-5.bin,514,33554432,519.89,,
0,bench/30gib-5.bin,515,33554432,537.04,,
0,bench/30gib-5.bin,516,33554432,516.13,,
0,bench/30gib-5.bin,517,33554432,716.41,,
0,bench/30gib-5.bin,518,33554432,430.24,,
0,bench/30gib-5.bin,519,33554432,527.61,,
0,bench/30gib-5.bin,520,33554432,532.14,,
0,bench/30gib-5.bin,521,33554432,777.01,,
0,bench/30gib-5.bin,522,33554432,798.43,,
0,bench/30gib-5.bin,523,33554432,850.19,,
0,bench/30gib-5.bin,524,33554432,549.16,,
0,bench/30gib-5.bin,525,33554432,812.06,,
0,bench/30gib-5.bin,526,33554432,919.91,,
0,bench/30gib-5.bin,527,33554432,849.14,,
0,bench/30gib-5.bin,528,33554432,485.24,,
0,bench/30gib-5.bin,529,33554432,471.82,,
0,bench/30gib-5.bin,530,33554432,605.97,,
0,bench/30gib-5.bin,531,33554432,570.09,,
0,bench/30gib-5.bin,532,33554432,529.03,,
0,bench/30gib-5.bin,533,33554432,780.00,,
0,bench/30gib-5.bin,534,33554432,753.00,,
0,bench/30gib-5.bin,535,33554432,1048.99,,
0,bench/30gib-5.bin,536,33554432,534.35,,
0,bench/30gib-5.bin,537,33554432,657.56,,
0,bench/30gib-5.bin,538,33554432,663.03,,
0,bench/30gib-5.bin,539,33554432,732.11,,
0,bench/30gib-5.bin,540,33554432,538.03,,
0,bench/30gib-5.bin,541,33554432,714.28,,
0,bench/30gib-5.bin,542,33554432,959.01,,
0,bench/30gib-5.bin,543,33554432,741.52,,
0,bench/30gib-5.bin,544,33554432,575.73,,
0,bench/30gib-5.bin,545,33554432,525.59,,
0,bench/30gib-5.bin,546,33554432,843.05,,
0,bench/30gib-5.bin,547,33554432,817.21,,
0,bench/30gib-5.bin,548,33554432,573.76,,
0,bench/30gib-5.bin,549,33554432,611.75,,
0,bench/30gib-5.bin,550,33554432,447.79,,
0,bench/30gib-5.bin,551,33554432,545.43,,
0,bench/30gib-5.bin,552,33554432,600.75,,
0,bench/30gib-5.bin,553,33554432,760.85,,
0,bench/30gib-5.bin,554,33554432,774.27,,
0,bench/30gib-5.bin,555,33554432,505.68,,
0,bench/30gib-5.bin,556,33554432,483.58,,
0,bench/30gib-5.bin,557,33554432,628.39,,
0,bench/30gib-5.bin,558,33554432,871.38,,
0,bench/30gib-5.bin,559,33554432,599.37,,
0,bench/30gib-5.bin,560,33554432,707.69,,
0,bench/30gib-5.bin,561,33554432,550.72,,
0,bench/30gib-5.bin,562,33554432,568.04,,
0,bench/30gib-5.bin,563,33554432,498.62,,
0,bench/30gib-5.bin,564,33554432,721.82,,
0,bench/30gib-5.bin,565,33554432,621.13,,
0,bench/30gib-5.bin,566,33554432,632.56,,
0,bench/30gib-5.bin,567,33554432,644.74,,
0,bench/30gib-5.bin,568,33554432,492.83,,
0,bench/30gib-5.bin,569,33554432,910.75,,
0,bench/30gib-5.bin,570,33554432,666.40,,
0,bench/30gib-5.bin,571,33554432,541.38,,
0,bench/30gib-5.bin,572,33554432,606.92,,
0,bench/30gib-5.bin,573,33554432,783.53,,
0,bench/30gib-5.bin,574,33554432,540.87,,
0,bench/30gib-5.bin,575,33554432,567.96,,
0,bench/30gib-5.bin,576,33554432,619.54,,
0,bench/30gib-5.bin,577,33554432,444.19,,
0,bench/30gib-5.bin,578,33554432,717.20,,
0,bench/30gib-5.bin,579,33554432,519.77,,
0,bench/30gib-5.bin,580,33554432,547.42,,
0,bench/30gib-5.bin,581,33554432,645.82,,
0,bench/30gib-5.bin,582,33554432,486.21,,
0,bench/30gib-5.bin,583,33554432,534.19,,
0,bench/30gib-5.bin,584,33554432,499.83,,
0,bench/30gib-5.bin,585,33554432,734.21,,
0,bench/30gib-5.bin,586,33554432,500.63,,
0,bench/30gib-5.bin,587,33554432,630.33,,
0,bench/30gib-5.bin,588,33554432,717.79,,
0,bench/30gib-5.bin,589,33554432,472.72,,
0,bench/30gib-5.bin,590,33554432,423.48,,
0,bench/30gib-5.bin,591,33554432,514.45,,
0,bench/30gib-5.bin,592,33554432,566.95,,
0,bench/30gib-5.bin,593,33554432,548.45,,
0,bench/30gib-5.bin,594,33554432,483.81,,
0,bench/30gib-5.bin,595,33554432,827.44,,
0,bench/30gib-5.bin,596,33554432,721.54,,
0,bench/30gib-5.bin,597,33554432,747.49,,
0,bench/30gib-5.bin,598,33554432,646.18,,
0,bench/30gib-5.bin,599,33554432,910.31,,
0,bench/30gib-5.bin,600,33554432,751.97,,
0,bench/30gib-5.bin,601,33554432,685.26,,
0,bench/30gib-5.bin,602,33554432,778.53,,
0,bench/30gib-5.bin,603,33554432,765.59,,
0,bench/30gib-5.bin,604,33554432,649.53,,
0,bench/30gib-5.bin,605,33554432,762.49,,
0,bench/30gib-5.bin,606,33554432,722.17,,
0,bench/30gib-5.bin,607,33554432,727.15,,
0,bench/30gib-5.bin,608,33554432,644.18,,
0,bench/30gib-5.bin,609,33554432,540.61,,
0,bench/30gib-5.bin,610,33554432,802.03,,
0,bench/30gib-5.bin,611,33554432,523.72,,
0,bench/30gib-5.bin,612,33554432,716.90,,
0,bench/30gib-5.bin,613,33554432,546.26,,
0,bench/30gib-5.bin,614,33554432,724.06,,
0,bench/30gib-5.bin,615,33554432,726.26,,
0,bench/30gib-5.bin,616,33554432,696.00,,
0,bench/30gib-5.bin,617,33554432,896.26,,
0,bench/30gib-5.bin,618,33554432,821.83,,
0,bench/30gib-5.bin,619,33554432,541.54,,
0,bench/30gib-5.bin,620,33554432,678.01,,
0,bench/30gib-5.bin,621,33554432,513.86,,
0,bench/30gib-5.bin,622,33554432,468.62,,
0,bench/30gib-5.bin,623,33554432,522.45,,
0,bench/30gib-5.bin,624,33554432,864.77,,
0,bench/30gib-5.bin,625,33554432,603.98,,
0,bench/30gib-5.bin,626,33554432,576.08,,
0,bench/30gib-5.bin,627,33554432,877.76,,
0,bench/30gib-5.bin,628,33554432,754.12,,
0,bench/30gib-5.bin,629,33554432,553.63,,
0,bench/30gib-5.bin,630,33554432,675.23,,
0,bench/30gib-5.bin,631,33554432,814.14,,
0,bench/30gib-5.bin,632,33554432,620.69,,
0,bench/30gib-5.bin,633,33554432,826.66,,
0,bench/30gib-5.bin,634,33554432,572.87,,
0,bench/30gib-5.bin,635,33554432,843.74,,
0,bench/30gib-5.bin,636,33554432,776.05,,
0,bench/30gib-5.bin,637,33554432,618.36,,
0,bench/30gib-5.bin,638,33554432,768.89,,
0,bench/30gib-5.bin,639,33554432,636.12,,
0,bench/30gib-5.bin,640,33554432,656.79,,
0,bench/30gib-5.bin,641,33554432,579.84,,
0,bench/30gib-5.bin,642,33554432,575.03,,
0,bench/30gib-5.bin,643,33554432,601.32,,
0,bench/30gib-5.bin,644,33554432,603.78,,
0,bench/30gib-5.bin,645,33554432,479.76,,
0,bench/30gib-5.bin,646,33554432,690.46,,
0,bench/30gib-5.bin,647,33554432,686.10,,
0,bench/30gib-5.bin,648,33554432,681.17,,
0,bench/30gib-5.bin,649,33554432,578.57,,
0,bench/30gib-5.bin,650,33554432,678.51,,
0,bench/30gib-5.bin,651,33554432,521.51,,
0,bench/30gib-5.bin,652,33554432,879.94,,
0,bench/30gib-5.bin,653,33554432,457.42,,
0,bench/30gib-5.bin,654,33554432,551.23,,
0,bench/30gib-5.bin,655,33554432,849.52,,
0,bench/30gib-5.bin,656,33554432,747.89,,
0,bench/30gib-5.bin,657,33554432,888.67,,
0,bench/30gib-5.bin,658,33554432,576.89,,
0,bench/30gib-5.bin,659,33554432,565.37,,
0,bench/30gib-5.bin,660,33554432,589.18,,
0,bench/30gib-5.bin,661,33554432,596.43,,
0,bench/30gib-5.bin,662,33554432,420.93,,
0,bench/30gib-5.bin,663,33554432,559.71,,
0,bench/30gib-5.bin,664,33554432,656.73,,
0,bench/30gib-5.bin,665,33554432,579.37,,
0,bench/30gib-5.bin,666,33554432,556.86,,
0,bench/30gib-5.bin,667,33554432,873.29,,
0,bench/30gib-5.bin,668,33554432,835.13,,
0,bench/30gib-5.bin,669,33554432,587.81,,
0,bench/30gib-5.bin,670,33554432,845.88,,
0,bench/30gib-5.bin,671,33554432,780.73,,
0,bench/30gib-5.bin,672,33554432,867.02,,
0,bench/30gib-5.bin,673,33554432,979.07,,
0,bench/30gib-5.bin,674,33554432,793.85,,
0,bench/30gib-5.bin,675,33554432,525.34,,
0,bench/30gib-5.bin,676,33554432,456.36,,
0,bench/30gib-5.bin,677,33554432,601.64,,
0,bench/30gib-5.bin,678,33554432,838.87,,
0,bench/30gib-5.bin,679,33554432,610.42,,
0,bench/30gib-5.bin,680,33554432,535.65,,
0,bench/30gib-5.bin,681,33554432,507.34,,
0,bench/30gib-5.bin,682,33554432,651.91,,
0,bench/30gib-5.bin,683,33554432,490.99,,
0,bench/30gib-5.bin,684,33554432,472.10,,
0,bench/30gib-5.bin,685,33554432,534.42,,
0,bench/30gib-5.bin,686,33554432,533.80,,
0,bench/30gib-5.bin,687,33554432,613.11,,
0,bench/30gib-5.bin,688,33554432,634.29,,
0,bench/30gib-5.bin,689,33554432,721.87,,
0,bench/30gib-5.bin,690,33554432,580.29,,
0,bench/30gib-5.bin,691,33554432,454.71,,
0,bench/30gib-5.bin,692,33554432,725.93,,
0,bench/30gib-5.bin,693,33554432,536.27,,
0,bench/30gib-5.bin,694,33554432,620.67,,
0,bench/30gib-5.bin,695,33554432,599.52,,
0,bench/30gib-5.bin,696,33554432,781.71,,
0,bench/30gib-5.bin,697,33554432,518.86,,
0,bench/30gib-5.bin,698,33554432,671.27,,
0,bench/30gib-5.bin,699,33554432,734.94,,
0,bench/30gib-5.bin,700,33554432,858.08,,
0,bench/30gib-5.bin,701,33554432,710.09,,
0,bench/30gib-5.bin,702,33554432,780.49,,
0,bench/30gib-5.bin,703,33554432,1036.24,,
0,bench/30gib-5.bin,704,33554432,388.80,,
0,bench/30gib-5.bin,705,33554432,591.84,,
0,bench/30gib-5.bin,706,33554432,691.98,,
0,bench/30gib-5.bin,707,33554432,950.01,,
0,bench/30gib-5.bin,708,33554432,874.34,,
0,bench/30gib-5.bin,709,33554432,636.05,,
0,bench/30gib-5.bin,710,33554432,766.48,,
0,bench/30gib-5.bin,711,33554432,458.48,,
0,bench/30gib-5.bin,712,33554432,732.27,,
0,bench/30gib-5.bin,713,33554432,619.61,,
0,bench/30gib-5.bin,714,33554432,602.56,,
0,bench/30gib-5.bin,715,33554432,488.65,,
0,bench/30gib-5.bin,716,33554432,962.14,,
0,bench/30gib-5.bin,717,33554432,491.29,,
0,bench/30gib-5.bin,718,33554432,720.61,,
0,bench/30gib-5.bin,719,33554432,519.65,,
0,bench/30gib-5.bin,720,33554432,772.98,,
0,bench/30gib-5.bin,721,33554432,544.53,,
0,bench/30gib-5.bin,722,33554432,804.74,,
0,bench/30gib-5.bin,723,33554432,559.84,,
0,bench/30gib-5.bin,724,33554432,764.72,,
0,bench/30gib-5.bin,725,33554432,585.43,,
0,bench/30gib-5.bin,726,33554432,832.21,,
0,bench/30gib-5.bin,727,33554432,481.81,,
0,bench/30gib-5.bin,728,33554432,819.67,,
0,bench/30gib-5.bin,729,33554432,800.72,,
0,bench/30gib-5.bin,730,33554432,395.69,,
0,bench/30gib-5.bin,731,33554432,714.39,,
0,bench/30gib-5.bin,732,33554432,699.79,,
0,bench/30gib-5.bin,733,33554432,666.06,,
0,bench/30gib-5.bin,734,33554432,995.33,,
0,bench/30gib-5.bin,735,33554432,770.83,,
0,bench/30gib-5.bin,736,33554432,646.18,,
0,bench/30gib-5.bin,737,33554432,552.41,,
0,bench/30gib-5.bin,738,33554432,923.03,,
0,bench/30gib-5.bin,739,33554432,664.84,,
0,bench/30gib-5.bin,740,33554432,917.57,,
0,bench/30gib-5.bin,741,33554432,901.15,,
0,bench/30gib-5.bin,742,33554432,498.43,,
0,bench/30gib-5.bin,743,33554432,877.40,,
0,bench/30gib-5.bin,744,33554432,564.32,,
0,bench/30gib-5.bin,745,33554432,677.99,,
0,bench/30gib-5.bin,746,33554432,727.82,,
0,bench/30gib-5.bin,747,33554432,566.26,,
0,bench/30gib-5.bin,748,33554432,1016.80,,
0,bench/30gib-5.bin,749,33554432,778.85,,
0,bench/30gib-5.bin,750,33554432,787.05,,
0,bench/30gib-5.bin,751,33554432,564.93,,
0,bench/30gib-5.bin,752,33554432,465.70,,
0,bench/30gib-5.bin,753,33554432,686.29,,
0,bench/30gib-5.bin,754,33554432,682.21,,
0,bench/30gib-5.bin,755,33554432,486.59,,
0,bench/30gib-5.bin,756,33554432,721.57,,
0,bench/30gib-5.bin,757,33554432,463.12,,
0,bench/30gib-5.bin,758,33554432,769.47,,
0,bench/30gib-5.bin,759,33554432,750.95,,
0,bench/30gib-5.bin,760,33554432,577.51,,
0,bench/30gib-5.bin,761,33554432,434.80,,
0,bench/30gib-5.bin,762,33554432,476.28,,
0,bench/30gib-5.bin,763,33554432,587.01,,
0,bench/30gib-5.bin,764,33554432,585.97,,
0,bench/30gib-5.bin,765,33554432,806.40,,
0,bench/30gib-5.bin,766,33554432,620.85,,
0,bench/30gib-5.bin,767,33554432,641.62,,
0,bench/30gib-5.bin,768,33554432,612.72,,
0,bench/30gib-5.bin,769,33554432,796.76,,
0,bench/30gib-5.bin,770,33554432,592.65,,
0,bench/30gib-5.bin,771,33554432,822.71,,
0,bench/30gib-5.bin,772,33554432,729.59,,
0,bench/30gib-5.bin,773,33554432,702.92,,
0,bench/30gib-5.bin,774,33554432,504.27,,
0,bench/30gib-5.bin,775,33554432,546.57,,
0,bench/30gib-5.bin,776,33554432,490.71,,
0,bench/30gib-5.bin,777,33554432,527.12,,
0,bench/30gib-5.bin,778,33554432,756.05,,
0,bench/30gib-5.bin,779,33554432,485.82,,
0,bench/30gib-5.bin,780,33554432,674.88,,
0,bench/30gib-5.bin,781,33554432,529.99,,
0,bench/30gib-5.bin,782,33554432,619.27,,
0,bench/30gib-5.bin,783,33554432,783.58,,
0,bench/30gib-5.bin,784,33554432,475.91,,
0,bench/30gib-5.bin,785,33554432,1011.38,,
0,bench/30gib-5.bin,786,33554432,656.14,,
0,bench/30gib-5.bin,787,33554432,965.19,,
0,bench/30gib-5.bin,788,33554432,1007.67,,
0,bench/30gib-5.bin,789,33554432,722.04,,
0,bench/30gib-5.bin,790,33554432,602.71,,
0,bench/30gib-5.bin,791,33554432,671.65,,
0,bench/30gib-5.bin,792,33554432,515.61,,
0,bench/30gib-5.bin,793,33554432,420.64,,
0,bench/30gib-5.bin,794,33554432,590.61,,
0,bench/30gib-5.bin,795,33554432,636.38,,
0,bench/30gib-5.bin,796,33554432,923.70,,
0,bench/30gib-5.bin,797,33554432,999.18,,
0,bench/30gib-5.bin,798,33554432,704.74,,
0,bench/30gib-5.bin,799,33554432,548.81,,
0,bench/30gib-5.bin,800,33554432,966.86,,
0,bench/30gib-5.bin,801,33554432,539.76,,
0,bench/30gib-5.bin,802,33554432,735.92,,
0,bench/30gib-5.bin,803,33554432,780.56,,
0,bench/30gib-5.bin,804,33554432,637.62,,
0,bench/30gib-5.bin,805,33554432,563.09,,
0,bench/30gib-5.bin,806,33554432,465.98,,
0,bench/30gib-5.bin,807,33554432,461.91,,
0,bench/30gib-5.bin,808,33554432,693.68,,
0,bench/30gib-5.bin,809,33554432,486.12,,
0,bench/30gib-5.bin,810,33554432,470.32,,
0,bench/30gib-5.bin,811,33554432,493.53,,
0,bench/30gib-5.bin,812,33554432,496.93,,
0,bench/30gib-5.bin,813,33554432,482.50,,
0,bench/30gib-5.bin,814,33554432,614.59,,
0,bench/30gib-5.bin,815,33554432,757.78,,
0,bench/30gib-5.bin,816,33554432,462.66,,
0,bench/30gib-5.bin,817,33554432,582.16,,
0,bench/30gib-5.bin,818,33554432,668.24,,
0,bench/30gib-5.bin,819,33554432,772.58,,
0,bench/30gib-5.bin,820,33554432,647.79,,
0,bench/30gib-5.bin,821,33554432,641.99,,
0,bench/30gib-5.bin,822,33554432,659.06,,
0,bench/30gib-5.bin,823,33554432,709.31,,
0,bench/30gib-5.bin,824,33554432,555.16,,
0,bench/30gib-5.bin,825,33554432,531.69,,
0,bench/30gib-5.bin,826,33554432,546.39,,
0,bench/30gib-5.bin,827,33554432,812.06,,
0,bench/30gib-5.bin,828,33554432,500.21,,
0,bench/30gib-5.bin,829,33554432,585.69,,
0,bench/30gib-5.bin,830,33554432,539.05,,
0,bench/30gib-5.bin,831,33554432,937.36,,
0,bench/30gib-5.bin,832,33554432,943.81,,
0,bench/30gib-5.bin,833,33554432,936.18,,
0,bench/30gib-5.bin,834,33554432,544.64,,
0,bench/30gib-5.bin,835,33554432,716.08,,
0,bench/30gib-5.bin,836,33554432,543.57,,
0,bench/30gib-5.bin,837,33554432,641.86,,
0,bench/30gib-5.bin,838,33554432,667.12,,
0,bench/30gib-5.bin,839,33554432,515.04,,
0,bench/30gib-5.bin,840,33554432,543.15,,
0,bench/30gib-5.bin,841,33554432,656.86,,
0,bench/30gib-5.bin,842,33554432,507.64,,
0,bench/30gib-5.bin,843,33554432,894.40,,
0,bench/30gib-5.bin,844,33554432,689.24,,
0,bench/30gib-5.bin,845,33554432,595.33,,
0,bench/30gib-5.bin,846,33554432,706.16,,
0,bench/30gib-5.bin,847,33554432,705.78,,
0,bench/30gib-5.bin,848,33554432,584.34,,
0,bench/30gib-5.bin,849,33554432,827.92,,
0,bench/30gib-5.bin,850,33554432,555.20,,
0,bench/30gib-5.bin,851,33554432,908.15,,
0,bench/30gib-5.bin,852,33554432,505.82,,
0,bench/30gib-5.bin,853,33554432,550.05,,
0,bench/30gib-5.bin,854,33554432,686.46,,
0,bench/30gib-5.bin,855,33554432,677.82,,
0,bench/30gib-5.bin,856,33554432,864.75,,
0,bench/30gib-5.bin,857,33554432,490.50,,
0,bench/30gib-5.bin,858,33554432,600.28,,
0,bench/30gib-5.bin,859,33554432,617.70,,
0,bench/30gib-5.bin,860,33554432,673.30,,
0,bench/30gib-5.bin,861,33554432,527.16,,
0,bench/30gib-5.bin,862,33554432,753.34,,
0,bench/30gib-5.bin,863,33554432,506.66,,
0,bench/30gib-5.bin,864,33554432,557.20,,
0,bench/30gib-5.bin,865,33554432,458.81,,
0,bench/30gib-5.bin,866,33554432,451.49,,
0,bench/30gib-5.bin,867,33554432,559.26,,
0,bench/30gib-5.bin,868,33554432,487.89,,
0,bench/30gib-5.bin,869,33554432,670.19,,
0,bench/30gib-5.bin,870,33554432,673.64,,
0,bench/30gib-5.bin,871,33554432,735.26,,
0,bench/30gib-5.bin,872,33554432,891.58,,
0,bench/30gib-5.bin,873,33554432,620.03,,
0,bench/30gib-5.bin,874,33554432,549.60,,
0,bench/30gib-5.bin,875,33554432,599.28,,
0,bench/30gib-5.bin,876,33554432,918.45,,
0,bench/30gib-5.bin,877,33554432,753.17,,
0,bench/30gib-5.bin,878,33554432,581.75,,
0,bench/30gib-5.bin,879,33554432,573.21,,
0,bench/30gib-5.bin,880,33554432,538.08,,
0,bench/30gib-5.bin,881,33554432,841.22,,
0,bench/30gib-5.bin,882,33554432,541.95,,
0,bench/30gib-5.bin,883,33554432,592.39,,
0,bench/30gib-5.bin,884,33554432,525.85,,
0,bench/30gib-5.bin,885,33554432,613.52,,
0,bench/30gib-5.bin,886,33554432,393.00,,
0,bench/30gib-5.bin,887,33554432,742.47,,
0,bench/30gib-5.bin,888,33554432,701.64,,
0,bench/30gib-5.bin,889,33554432,905.92,,
0,bench/30gib-5.bin,890,33554432,760.17,,
0,bench/30gib-5.bin,891,33554432,449.51,,
0,bench/30gib-5.bin,892,33554432,1057.45,,
0,bench/30gib-5.bin,893,33554432,541.82,,
0,bench/30gib-5.bin,894,33554432,586.99,,
0,bench/30gib-5.bin,895,33554432,568.19,,
0,bench/30gib-5.bin,896,33554432,546.59,,
0,bench/30gib-5.bin,897,33554432,636.84,,
0,bench/30gib-5.bin,898,33554432,577.67,,
0,bench/30gib-5.bin,899,33554432,622.14,,
0,bench/30gib-5.bin,900,33554432,505.88,,
0,bench/30gib-5.bin,901,33554432,581.92,,
0,bench/30gib-5.bin,902,33554432,654.10,,
0,bench/30gib-5.bin,903,33554432,510.46,,
0,bench/30gib-5.bin,904,33554432,717.90,,
0,bench/30gib-5.bin,905,33554432,593.00,,
0,bench/30gib-5.bin,906,33554432,744.13,,
0,bench/30gib-5.bin,907,33554432,657.53,,
0,bench/30gib-5.bin,908,33554432,623.13,,
0,bench/30gib-5.bin,909,33554432,584.81,,
0,bench/30gib-5.bin,910,33554432,672.02,,
0,bench/30gib-5.bin,911,33554432,414.89,,
0,bench/30gib-5.bin,912,33554432,466.19,,
0,bench/30gib-5.bin,913,33554432,722.47,,
0,bench/30gib-5.bin,914,33554432,920.31,,
0,bench/30gib-5.bin,915,33554432,640.52,,
0,bench/30gib-5.bin,916,33554432,531.54,,
0,bench/30gib-5.bin,917,33554432,623.28,,
0,bench/30gib-5.bin,918,33554432,663.35,,
0,bench/30gib-5.bin,919,33554432,597.17,,
0,bench/30gib-5.bin,920,33554432,728.73,,
0,bench/30gib-5.bin,921,33554432,792.15,,
0,bench/30gib-5.bin,922,33554432,594.17,,
0,bench/30gib-5.bin,923,33554432,752.89,,
0,bench/30gib-5.bin,924,33554432,548.97,,
0,bench/30gib-5.bin,925,33554432,510.37,,
0,bench/30gib-5.bin,926,33554432,517.95,,
0,bench/30gib-5.bin,927,33554432,678.84,,
0,bench/30gib-5.bin,928,33554432,982.27,,
0,bench/30gib-5.bin,929,33554432,634.04,,
0,bench/30gib-5.bin,930,33554432,928.73,,
0,bench/30gib-5.bin,931,33554432,749.91,,
0,bench/30gib-5.bin,932,33554432,762.42,,
0,bench/30gib-5.bin,933,33554432,787.42,,
0,bench/30gib-5.bin,934,33554432,623.37,,
0,bench/30gib-5.bin,935,33554432,529.11,,
0,bench/30gib-5.bin,936,33554432,601.29,,
0,bench/30gib-5.bin,937,33554432,473.27,,
0,bench/30gib-5.bin,938,33554432,631.04,,
0,bench/30gib-5.bin,939,33554432,611.66,,
0,bench/30gib-5.bin,940,33554432,664.05,,
0,bench/30gib-5.bin,941,33554432,558.81,,
0,bench/30gib-5.bin,942,33554432,815.63,,
0,bench/30gib-5.bin,943,33554432,565.39,,
0,bench/30gib-5.bin,944,33554432,620.59,,
0,bench/30gib-5.bin,945,33554432,579.46,,
0,bench/30gib-5.bin,946,33554432,750.34,,
0,bench/30gib-5.bin,947,33554432,469.47,,
0,bench/30gib-5.bin,948,33554432,573.48,,
0,bench/30gib-5.bin,949,33554432,535.05,,
0,bench/30gib-5.bin,950,33554432,541.78,,
0,bench/30gib-5.bin,951,33554432,580.79,,
0,bench/30gib-5.bin,952,33554432,476.76,,
0,bench/30gib-5.bin,953,33554432,546.34,,
0,bench/30gib-5.bin,954,33554432,597.04,,
0,bench/30gib-5.bin,955,33554432,466.53,,
0,bench/30gib-5.bin,956,33554432,479.40,,
0,bench/30gib-5.bin,957,33554432,409.77,,
0,bench/30gib-5.bin,958,33554432,582.20,,
0,bench/30gib-5.bin,959,33554432,446.07,,
0,bench/30gib-5.bin,960,33554432,390.88,,
0,bench/30gib-6.bin,1,33554432,1263.80,,
0,bench/30gib-6.bin,2,33554432,1918.88,,
0,bench/30gib-6.bin,3,33554432,1860.76,,
0,bench/30gib-6.bin,4,33554432,1435.99,,
0,bench/30gib-6.bin,5,33554432,1121.25,,
0,bench/30gib-6.bin,6,33554432,1530.73,,
0,bench/30gib-6.bin,7,33554432,1633.32,,
0,bench/30gib-6.bin,8,33554432,1565.64,,
0,bench/30gib-6.bin,9,33554432,1779.15,,
0,bench/30gib-6.bin,10,33554432,1494.28,,
0,bench/30gib-6.bin,11,33554432,1108.89,,
0,bench/30gib-6.bin,12,33554432,2067.19,,
0,bench/30gib-6.bin,13,33554432,1163.75,,
0,bench/30gib-6.bin,14,33554432,2240.04,,
0,bench/30gib-6.bin,15,33554432,1539.70,,
0,bench/30gib-6.bin,16,33554432,1623.69,,
0,bench/30gib-6.bin,17,33554432,1528.79,,
0,bench/30gib-6.bin,18,33554432,1453.23,,
0,bench/30gib-6.bin,19,33554432,1880.16,,
0,bench/30gib-6.bin,20,33554432,1446.36,,
0,bench/30gib-6.bin,21,33554432,1358.34,,
0,bench/30gib-6.bin,22,33554432,1259.39,,
0,bench/30gib-6.bin,23,33554432,1558.35,,
0,bench/30gib-6.bin,24,33554432,1680.72,,
0,bench/30gib-6.bin,25,33554432,1612.29,,
0,bench/30gib-6.bin,26,33554432,1344.47,,
0,bench/30gib-6.bin,27,33554432,1259.58,,
0,bench/30gib-6.bin,28,33554432,2472.15,,
0,bench/30gib-6.bin,29,33554432,1345.79,,
0,bench/30gib-6.bin,30,33554432,1987.40,,
0,bench/30gib-6.bin,31,33554432,1771.96,,
0,bench/30gib-6.bin,32,33554432,1233.97,,
0,bench/30gib-6.bin,33,33554432,1409.59,,
0,bench/30gib-6.bin,34,33554432,1568.62,,
0,bench/30gib-6.bin,35,33554432,1810.95,,
0,bench/30gib-6.bin,36,33554432,1403.96,,
0,bench/30gib-6.bin,37,33554432,1543.94,,
0,bench/30gib-6.bin,38,33554432,1062.74,,
0,bench/30gib-6.bin,39,33554432,1353.17,,
0,bench/30gib-6.bin,40,33554432,1625.90,,
0,bench/30gib-6.bin,41,33554432,1272.63,,
0,bench/30gib-6.bin,42,33554432,630.19,,
0,bench/30gib-6.bin,43,33554432,984.90,,
0,bench/30gib-6.bin,44,33554432,775.54,,
0,bench/30gib-6.bin,45,33554432,946.75,,
0,bench/30gib-6.bin,46,33554432,823.39,,
0,bench/30gib-6.bin,47,33554432,1208.37,,
0,bench/30gib-6.bin,48,33554432,731.31,,
0,bench/30gib-6.bin,49,33554432,1024.99,,
0,bench/30gib-6.bin,50,33554432,1241.84,,
0,bench/30gib-6.bin,51,33554432,1127.98,,
0,bench/30gib-6.bin,52,33554432,1043.84,,
0,bench/30gib-6.bin,53,33554432,927.80,,
0,bench/30gib-6.bin,54,33554432,862.16,,
0,bench/30gib-6.bin,55,33554432,1063.17,,
0,bench/30gib-6.bin,56,33554432,1116.14,,
0,bench/30gib-6.bin,57,33554432,1314.41,,
0,bench/30gib-6.bin,58,33554432,1024.27,,
0,bench/30gib-6.bin,59,33554432,1023.72,,
0,bench/30gib-6.bin,60,33554432,1159.50,,
0,bench/30gib-6.bin,61,33554432,554.64,,
0,bench/30gib-6.bin,62,33554432,1121.72,,
0,bench/30gib-6.bin,63,33554432,968.80,,
0,bench/30gib-6.bin,64,33554432,1349.56,,
0,bench/30gib-6.bin,65,33554432,908.23,,
0,bench/30gib-6.bin,66,33554432,728.46,,
0,bench/30gib-6.bin,67,33554432,1092.02,,
0,bench/30gib-6.bin,68,33554432,857.70,,
0,bench/30gib-6.bin,69,33554432,714.45,,
0,bench/30gib-6.bin,70,33554432,626.00,,
0,bench/30gib-6.bin,71,33554432,736.19,,
0,bench/30gib-6.bin,72,33554432,700.36,,
0,bench/30gib-6.bin,73,33554432,696.73,,
0,bench/30gib-6.bin,74,33554432,965.29,,
0,bench/30gib-6.bin,75,33554432,878.23,,
0,bench/30gib-6.bin,76,33554432,651.67,,
0,bench/30gib-6.bin,77,33554432,755.87,,
0,bench/30gib-6.bin,78,33554432,955.40,,
0,bench/30gib-6.bin,79,33554432,837.01,,
0,bench/30gib-6.bin,80,33554432,382.34,,
0,bench/30gib-6.bin,81,33554432,567.09,,
0,bench/30gib-6.bin,82,33554432,879.47,,
0,bench/30gib-6.bin,83,33554432,798.91,,
0,bench/30gib-6.bin,84,33554432,443.78,,
0,bench/30gib-6.bin,85,33554432,829.36,,
0,bench/30gib-6.bin,86,33554432,890.29,,
0,bench/30gib-6.bin,87,33554432,538.02,,
0,bench/30gib-6.bin,88,33554432,1054.37,,
0,bench/30gib-6.bin,89,33554432,449.98,,
0,bench/30gib-6.bin,90,33554432,676.35,,
0,bench/30gib-6.bin,91,33554432,672.72,,
0,bench/30gib-6.bin,92,33554432,1061.49,,
0,bench/30gib-6.bin,93,33554432,692.51,,
0,bench/30gib-6.bin,94,33554432,1117.53,,
0,bench/30gib-6.bin,95,33554432,784.74,,
0,bench/30gib-6.bin,96,33554432,496.77,,
0,bench/30gib-6.bin,97,33554432,1002.16,,
0,bench/30gib-6.bin,98,33554432,549.62,,
0,bench/30gib-6.bin,99,33554432,767.31,,
0,bench/30gib-6.bin,100,33554432,953.98,,
0,bench/30gib-6.bin,101,33554432,697.77,,
0,bench/30gib-6.bin,102,33554432,548.31,,
0,bench/30gib-6.bin,103,33554432,362.61,,
0,bench/30gib-6.bin,104,33554432,463.52,,
0,bench/30gib-6.bin,105,33554432,712.28,,
0,bench/30gib-6.bin,106,33554432,759.35,,
0,bench/30gib-6.bin,107,33554432,767.54,,
0,bench/30gib-6.bin,108,33554432,629.00,,
0,bench/30gib-6.bin,109,33554432,862.30,,
0,bench/30gib-6.bin,110,33554432,437.02,,
0,bench/30gib-6.bin,111,33554432,803.35,,
0,bench/30gib-6.bin,112,33554432,664.55,,
0,bench/30gib-6.bin,113,33554432,878.65,,
0,bench/30gib-6.bin,114,33554432,750.90,,
0,bench/30gib-6.bin,115,33554432,628.31,,
0,bench/30gib-6.bin,116,33554432,827.28,,
0,bench/30gib-6.bin,117,33554432,751.56,,
0,bench/30gib-6.bin,118,33554432,773.24,,
0,bench/30gib-6.bin,119,33554432,382.47,,
0,bench/30gib-6.bin,120,33554432,605.55,,
0,bench/30gib-6.bin,121,33554432,995.32,,
0,bench/30gib-6.bin,122,33554432,650.53,,
0,bench/30gib-6.bin,123,33554432,1509.34,,
0,bench/30gib-6.bin,124,33554432,592.03,,
0,bench/30gib-6.bin,125,33554432,400.83,,
0,bench/30gib-6.bin,126,33554432,616.20,,
0,bench/30gib-6.bin,127,33554432,552.79,,
0,bench/30gib-6.bin,128,33554432,926.67,,
0,bench/30gib-6.bin,129,33554432,826.32,,
0,bench/30gib-6.bin,130,33554432,846.15,,
0,bench/30gib-6.bin,131,33554432,596.77,,
0,bench/30gib-6.bin,132,33554432,857.04,,
0,bench/30gib-6.bin,133,33554432,518.25,,
0,bench/30gib-6.bin,134,33554432,525.25,,
0,bench/30gib-6.bin,135,33554432,535.38,,
0,bench/30gib-6.bin,136,33554432,496.23,,
0,bench/30gib-6.bin,137,33554432,718.71,,
0,bench/30gib-6.bin,138,33554432,691.35,,
0,bench/30gib-6.bin,139,33554432,970.09,,
0,bench/30gib-6.bin,140,33554432,720.14,,
0,bench/30gib-6.bin,141,33554432,693.94,,
0,bench/30gib-6.bin,142,33554432,531.79,,
0,bench/30gib-6.bin,143,33554432,557.75,,
0,bench/30gib-6.bin,144,33554432,553.05,,
0,bench/30gib-6.bin,145,33554432,652.64,,
0,bench/30gib-6.bin,146,33554432,649.86,,
0,bench/30gib-6.bin,147,33554432,491.14,,
0,bench/30gib-6.bin,148,33554432,691.79,,
0,bench/30gib-6.bin,149,33554432,779.80,,
0,bench/30gib-6.bin,150,33554432,717.39,,
0,bench/30gib-6.bin,151,33554432,858.43,,
0,bench/30gib-6.bin,152,33554432,598.61,,
0,bench/30gib-6.bin,153,33554432,775.11,,
0,bench/30gib-6.bin,154,33554432,611.77,,
0,bench/30gib-6.bin,155,33554432,733.95,,
0,bench/30gib-6.bin,156,33554432,611.28,,
0,bench/30gib-6.bin,157,33554432,568.23,,
0,bench/30gib-6.bin,158,33554432,572.65,,
0,bench/30gib-6.bin,159,33554432,544.03,,
0,bench/30gib-6.bin,160,33554432,888.03,,
0,bench/30gib-6.bin,161,33554432,667.16,,
0,bench/30gib-6.bin,162,33554432,689.33,,
0,bench/30gib-6.bin,163,33554432,610.21,,
0,bench/30gib-6.bin,164,33554432,457.51,,
0,bench/30gib-6.bin,165,33554432,506.74,,
0,bench/30gib-6.bin,166,33554432,408.42,,
0,bench/30gib-6.bin,167,33554432,610.13,,
0,bench/30gib-6.bin,168,33554432,795.27,,
0,bench/30gib-6.bin,169,33554432,446.83,,
0,bench/30gib-6.bin,170,33554432,823.21,,
0,bench/30gib-6.bin,171,33554432,816.52,,
0,bench/30gib-6.bin,172,33554432,655.97,,
0,bench/30gib-6.bin,173,33554432,645.24,,
0,bench/30gib-6.bin,174,33554432,1189.17,,
0,bench/30gib-6.bin,175,33554432,441.30,,
0,bench/30gib-6.bin,176,33554432,934.99,,
0,bench/30gib-6.bin,177,33554432,745.90,,
0,bench/30gib-6.bin,178,33554432,525.34,,
0,bench/30gib-6.bin,179,33554432,833.46,,
0,bench/30gib-6.bin,180,33554432,410.18,,
0,bench/30gib-6.bin,181,33554432,508.18,,
0,bench/30gib-6.bin,182,33554432,409.00,,
0,bench/30gib-6.bin,183,33554432,587.95,,
0,bench/30gib-6.bin,184,33554432,762.60,,
0,bench/30gib-6.bin,185,33554432,456.54,,
0,bench/30gib-6.bin,186,33554432,591.96,,
0,bench/30gib-6.bin,187,33554432,838.67,,
0,bench/30gib-6.bin,188,33554432,710.62,,
0,bench/30gib-6.bin,189,33554432,554.87,,
0,bench/30gib-6.bin,190,33554432,651.56,,
0,bench/30gib-6.bin,191,33554432,721.31,,
0,bench/30gib-6.bin,192,33554432,528.00,,
0,bench/30gib-6.bin,193,33554432,659.77,,
0,bench/30gib-6.bin,194,33554432,765.58,,
0,bench/30gib-6.bin,195,33554432,415.81,,
0,bench/30gib-6.bin,196,33554432,705.80,,
0,bench/30gib-6.bin,197,33554432,613.06,,
0,bench/30gib-6.bin,198,33554432,608.98,,
0,bench/30gib-6.bin,199,33554432,506.77,,
0,bench/30gib-6.bin,200,33554432,664.27,,
0,bench/30gib-6.bin,201,33554432,741.45,,
0,bench/30gib-6.bin,202,33554432,799.71,,
0,bench/30gib-6.bin,203,33554432,481.00,,
0,bench/30gib-6.bin,204,33554432,516.06,,
0,bench/30gib-6.bin,205,33554432,690.23,,
0,bench/30gib-6.bin,206,33554432,554.79,,
0,bench/30gib-6.bin,207,33554432,670.25,,
0,bench/30gib-6.bin,208,33554432,362.20,,
0,bench/30gib-6.bin,209,33554432,433.87,,
0,bench/30gib-6.bin,210,33554432,523.88,,
0,bench/30gib-6.bin,211,33554432,784.40,,
0,bench/30gib-6.bin,212,33554432,589.74,,
0,bench/30gib-6.bin,213,33554432,564.40,,
0,bench/30gib-6.bin,214,33554432,641.46,,
0,bench/30gib-6.bin,215,33554432,552.96,,
0,bench/30gib-6.bin,216,33554432,659.66,,
0,bench/30gib-6.bin,217,33554432,737.01,,
0,bench/30gib-6.bin,218,33554432,856.42,,
0,bench/30gib-6.bin,219,33554432,507.21,,
0,bench/30gib-6.bin,220,33554432,561.67,,
0,bench/30gib-6.bin,221,33554432,612.45,,
0,bench/30gib-6.bin,222,33554432,741.89,,
0,bench/30gib-6.bin,223,33554432,860.55,,
0,bench/30gib-6.bin,224,33554432,825.25,,
0,bench/30gib-6.bin,225,33554432,704.48,,
0,bench/30gib-6.bin,226,33554432,944.13,,
0,bench/30gib-6.bin,227,33554432,792.50,,
0,bench/30gib-6.bin,228,33554432,685.98,,
0,bench/30gib-6.bin,229,33554432,759.95,,
0,bench/30gib-6.bin,230,33554432,687.23,,
0,bench/30gib-6.bin,231,33554432,526.25,,
0,bench/30gib-6.bin,232,33554432,895.19,,
0,bench/30gib-6.bin,233,33554432,431.97,,
0,bench/30gib-6.bin,234,33554432,459.27,,
0,bench/30gib-6.bin,235,33554432,877.26,,
0,bench/30gib-6.bin,236,33554432,667.33,,
0,bench/30gib-6.bin,237,33554432,766.88,,
0,bench/30gib-6.bin,238,33554432,764.94,,
0,bench/30gib-6.bin,239,33554432,547.58,,
0,bench/30gib-6.bin,240,33554432,587.61,,
0,bench/30gib-6.bin,241,33554432,657.61,,
0,bench/30gib-6.bin,242,33554432,558.46,,
0,bench/30gib-6.bin,243,33554432,493.41,,
0,bench/30gib-6.bin,244,33554432,603.98,,
0,bench/30gib-6.bin,245,33554432,487.74,,
0,bench/30gib-6.bin,246,33554432,620.98,,
0,bench/30gib-6.bin,247,33554432,545.76,,
0,bench/30gib-6.bin,248,33554432,560.17,,
0,bench/30gib-6.bin,249,33554432,729.75,,
0,bench/30gib-6.bin,250,33554432,599.70,,
0,bench/30gib-6.bin,251,33554432,706.11,,
0,bench/30gib-6.bin,252,33554432,581.36,,
0,bench/30gib-6.bin,253,33554432,559.22,,
0,bench/30gib-6.bin,254,33554432,345.91,,
0,bench/30gib-6.bin,255,33554432,838.98,,
0,bench/30gib-6.bin,256,33554432,506.98,,
0,bench/30gib-6.bin,257,33554432,709.26,,
0,bench/30gib-6.bin,258,33554432,611.92,,
0,bench/30gib-6.bin,259,33554432,808.81,,
0,bench/30gib-6.bin,260,33554432,498.36,,
0,bench/30gib-6.bin,261,33554432,567.63,,
0,bench/30gib-6.bin,262,33554432,661.11,,
0,bench/30gib-6.bin,263,33554432,599.10,,
0,bench/30gib-6.bin,264,33554432,651.87,,
0,bench/30gib-6.bin,265,33554432,449.37,,
0,bench/30gib-6.bin,266,33554432,363.42,,
0,bench/30gib-6.bin,267,33554432,476.61,,
0,bench/30gib-6.bin,268,33554432,520.00,,
0,bench/30gib-6.bin,269,33554432,544.89,,
0,bench/30gib-6.bin,270,33554432,994.61,,
0,bench/30gib-6.bin,271,33554432,552.40,,
0,bench/30gib-6.bin,272,33554432,868.07,,
0,bench/30gib-6.bin,273,33554432,820.29,,
0,bench/30gib-6.bin,274,33554432,513.09,,
0,bench/30gib-6.bin,275,33554432,643.64,,
0,bench/30gib-6.bin,276,33554432,702.39,,
0,bench/30gib-6.bin,277,33554432,423.69,,
0,bench/30gib-6.bin,278,33554432,759.45,,
0,bench/30gib-6.bin,279,33554432,561.33,,
0,bench/30gib-6.bin,280,33554432,742.44,,
0,bench/30gib-6.bin,281,33554432,681.91,,
0,bench/30gib-6.bin,282,33554432,474.62,,
0,bench/30gib-6.bin,283,33554432,496.51,,
0,bench/30gib-6.bin,284,33554432,631.15,,
0,bench/30gib-6.bin,285,33554432,480.36,,
0,bench/30gib-6.bin,286,33554432,579.12,,
0,bench/30gib-6.bin,287,33554432,550.29,,
0,bench/30gib-6.bin,288,33554432,808.04,,
0,bench/30gib-6.bin,289,33554432,560.92,,
0,bench/30gib-6.bin,290,33554432,931.83,,
0,bench/30gib-6.bin,291,33554432,785.89,,
0,bench/30gib-6.bin,292,33554432,441.32,,
0,bench/30gib-6.bin,293,33554432,671.33,,
0,bench/30gib-6.bin,294,33554432,572.60,,
0,bench/30gib-6.bin,295,33554432,494.94,,
0,bench/30gib-6.bin,296,33554432,514.94,,
0,bench/30gib-6.bin,297,33554432,519.27,,
0,bench/30gib-6.bin,298,33554432,891.54,,
0,bench/30gib-6.bin,299,33554432,478.07,,
0,bench/30gib-6.bin,300,33554432,789.90,,
0,bench/30gib-6.bin,301,33554432,585.69,,
0,bench/30gib-6.bin,302,33554432,529.69,,
0,bench/30gib-6.bin,303,33554432,568.48,,
0,bench/30gib-6.bin,304,33554432,366.03,,
0,bench/30gib-6.bin,305,33554432,469.64,,
0,bench/30gib-6.bin,306,33554432,499.06,,
0,bench/30gib-6.bin,307,33554432,513.25,,
0,bench/30gib-6.bin,308,33554432,511.22,,
0,bench/30gib-6.bin,309,33554432,563.76,,
0,bench/30gib-6.bin,310,33554432,549.06,,
0,bench/30gib-6.bin,311,33554432,691.23,,
0,bench/30gib-6.bin,312,33554432,879.35,,
0,bench/30gib-6.bin,313,33554432,606.27,,
0,bench/30gib-6.bin,314,33554432,696.39,,
0,bench/30gib-6.bin,315,33554432,538.74,,
0,bench/30gib-6.bin,316,33554432,491.43,,
0,bench/30gib-6.bin,317,33554432,696.91,,
0,bench/30gib-6.bin,318,33554432,461.30,,
0,bench/30gib-6.bin,319,33554432,857.40,,
0,bench/30gib-6.bin,320,33554432,629.85,,
0,bench/30gib-6.bin,321,33554432,602.58,,
0,bench/30gib-6.bin,322,33554432,446.11,,
0,bench/30gib-6.bin,323,33554432,692.60,,
0,bench/30gib-6.bin,324,33554432,689.92,,
0,bench/30gib-6.bin,325,33554432,551.54,,
0,bench/30gib-6.bin,326,33554432,670.98,,
0,bench/30gib-6.bin,327,33554432,852.31,,
0,bench/30gib-6.bin,328,33554432,768.24,,
0,bench/30gib-6.bin,329,33554432,653.89,,
0,bench/30gib-6.bin,330,33554432,492.38,,
0,bench/30gib-6.bin,331,33554432,936.58,,
0,bench/30gib-6.bin,332,33554432,696.04,,
0,bench/30gib-6.bin,333,33554432,554.54,,
0,bench/30gib-6.bin,334,33554432,731.37,,
0,bench/30gib-6.bin,335,33554432,516.93,,
0,bench/30gib-6.bin,336,33554432,655.34,,
0,bench/30gib-6.bin,337,33554432,574.54,,
0,bench/30gib-6.bin,338,33554432,686.46,,
0,bench/30gib-6.bin,339,33554432,562.03,,
0,bench/30gib-6.bin,340,33554432,606.23,,
0,bench/30gib-6.bin,341,33554432,669.31,,
0,bench/30gib-6.bin,342,33554432,687.28,,
0,bench/30gib-6.bin,343,33554432,465.17,,
0,bench/30gib-6.bin,344,33554432,722.05,,
0,bench/30gib-6.bin,345,33554432,804.08,,
0,bench/30gib-6.bin,346,33554432,842.59,,
0,bench/30gib-6.bin,347,33554432,733.39,,
0,bench/30gib-6.bin,348,33554432,893.02,,
0,bench/30gib-6.bin,349,33554432,435.17,,
0,bench/30gib-6.bin,350,33554432,356.78,,
0,bench/30gib-6.bin,351,33554432,572.72,,
0,bench/30gib-6.bin,352,33554432,726.69,,
0,bench/30gib-6.bin,353,33554432,498.35,,
0,bench/30gib-6.bin,354,33554432,570.88,,
0,bench/30gib-6.bin,355,33554432,387.88,,
0,bench/30gib-6.bin,356,33554432,600.08,,
0,bench/30gib-6.bin,357,33554432,588.47,,
0,bench/30gib-6.bin,358,33554432,516.67,,
0,bench/30gib-6.bin,359,33554432,616.21,,
0,bench/30gib-6.bin,360,33554432,436.21,,
0,bench/30gib-6.bin,361,33554432,718.19,,
0,bench/30gib-6.bin,362,33554432,550.35,,
0,bench/30gib-6.bin,363,33554432,708.65,,
0,bench/30gib-6.bin,364,33554432,1009.63,,
0,bench/30gib-6.bin,365,33554432,452.68,,
0,bench/30gib-6.bin,366,33554432,566.44,,
0,bench/30gib-6.bin,367,33554432,724.07,,
0,bench/30gib-6.bin,368,33554432,1212.20,,
0,bench/30gib-6.bin,369,33554432,657.02,,
0,bench/30gib-6.bin,370,33554432,752.92,,
0,bench/30gib-6.bin,371,33554432,982.75,,
0,bench/30gib-6.bin,372,33554432,535.56,,
0,bench/30gib-6.bin,373,33554432,809.72,,
0,bench/30gib-6.bin,374,33554432,478.66,,
0,bench/30gib-6.bin,375,33554432,836.37,,
0,bench/30gib-6.bin,376,33554432,833.63,,
0,bench/30gib-6.bin,377,33554432,507.45,,
0,bench/30gib-6.bin,378,33554432,453.70,,
0,bench/30gib-6.bin,379,33554432,481.90,,
0,bench/30gib-6.bin,380,33554432,650.71,,
0,bench/30gib-6.bin,381,33554432,481.40,,
0,bench/30gib-6.bin,382,33554432,488.69,,
0,bench/30gib-6.bin,383,33554432,536.04,,
0,bench/30gib-6.bin,384,33554432,522.93,,
0,bench/30gib-6.bin,385,33554432,487.37,,
0,bench/30gib-6.bin,386,33554432,543.51,,
0,bench/30gib-6.bin,387,33554432,479.85,,
0,bench/30gib-6.bin,388,33554432,693.77,,
0,bench/30gib-6.bin,389,33554432,466.78,,
0,bench/30gib-6.bin,390,33554432,624.96,,
0,bench/30gib-6.bin,391,33554432,908.95,,
0,bench/30gib-6.bin,392,33554432,878.87,,
0,bench/30gib-6.bin,393,33554432,640.86,,
0,bench/30gib-6.bin,394,33554432,410.48,,
0,bench/30gib-6.bin,395,33554432,634.81,,
0,bench/30gib-6.bin,396,33554432,460.68,,
0,bench/30gib-6.bin,397,33554432,705.51,,
0,bench/30gib-6.bin,398,33554432,361.51,,
0,bench/30gib-6.bin,399,33554432,441.63,,
0,bench/30gib-6.bin,400,33554432,910.71,,
0,bench/30gib-6.bin,401,33554432,920.08,,
0,bench/30gib-6.bin,402,33554432,644.11,,
0,bench/30gib-6.bin,403,33554432,573.23,,
0,bench/30gib-6.bin,404,33554432,823.02,,
0,bench/30gib-6.bin,405,33554432,708.29,,
0,bench/30gib-6.bin,406,33554432,849.88,,
0,bench/30gib-6.bin,407,33554432,686.41,,
0,bench/30gib-6.bin,408,33554432,525.34,,
0,bench/30gib-6.bin,409,33554432,696.72,,
0,bench/30gib-6.bin,410,33554432,579.34,,
0,bench/30gib-6.bin,411,33554432,589.80,,
0,bench/30gib-6.bin,412,33554432,708.87,,
0,bench/30gib-6.bin,413,33554432,492.88,,
0,bench/30gib-6.bin,414,33554432,660.68,,
0,bench/30gib-6.bin,415,33554432,707.05,,
0,bench/30gib-6.bin,416,33554432,523.88,,
0,bench/30gib-6.bin,417,33554432,658.15,,
0,bench/30gib-6.bin,418,33554432,581.65,,
0,bench/30gib-6.bin,419,33554432,560.58,,
0,bench/30gib-6.bin,420,33554432,381.32,,
0,bench/30gib-6.bin,421,33554432,926.70,,
0,bench/30gib-6.bin,422,33554432,491.03,,
0,bench/30gib-6.bin,423,33554432,376.25,,
0,bench/30gib-6.bin,424,33554432,589.90,,
0,bench/30gib-6.bin,425,33554432,451.83,,
0,bench/30gib-6.bin,426,33554432,471.18,,
0,bench/30gib-6.bin,427,33554432,494.79,,
0,bench/30gib-6.bin,428,33554432,544.89,,
0,bench/30gib-6.bin,429,33554432,809.87,,
0,bench/30gib-6.bin,430,33554432,586.85,,
0,bench/30gib-6.bin,431,33554432,786.20,,
0,bench/30gib-6.bin,432,33554432,629.50,,
0,bench/30gib-6.bin,433,33554432,677.14,,
0,bench/30gib-6.bin,434,33554432,820.01,,
0,bench/30gib-6.bin,435,33554432,823.83,,
0,bench/30gib-6.bin,436,33554432,945.35,,
0,bench/30gib-6.bin,437,33554432,607.64,,
0,bench/30gib-6.bin,438,33554432,565.93,,
0,bench/30gib-6.bin,439,33554432,589.85,,
0,bench/30gib-6.bin,440,33554432,502.18,,
0,bench/30gib-6.bin,441,33554432,897.11,,
0,bench/30gib-6.bin,442,33554432,671.94,,
0,bench/30gib-6.bin,443,33554432,830.30,,
0,bench/30gib-6.bin,444,33554432,560.58,,
0,bench/30gib-6.bin,445,33554432,620.60,,
0,bench/30gib-6.bin,446,33554432,792.18,,
0,bench/30gib-6.bin,447,33554432,627.04,,
0,bench/30gib-6.bin,448,33554432,762.21,,
0,bench/30gib-6.bin,449,33554432,856.84,,
0,bench/30gib-6.bin,450,33554432,548.62,,
0,bench/30gib-6.bin,451,33554432,711.48,,
0,bench/30gib-6.bin,452,33554432,640.32,,
0,bench/30gib-6.bin,453,33554432,737.28,,
0,bench/30gib-6.bin,454,33554432,755.31,,
0,bench/30gib-6.bin,455,33554432,622.17,,
0,bench/30gib-6.bin,456,33554432,785.94,,
0,bench/30gib-6.bin,457,33554432,551.18,,
0,bench/30gib-6.bin,458,33554432,637.58,,
0,bench/30gib-6.bin,459,33554432,475.80,,
0,bench/30gib-6.bin,460,33554432,586.71,,
0,bench/30gib-6.bin,461,33554432,638.42,,
0,bench/30gib-6.bin,462,33554432,692.52,,
0,bench/30gib-6.bin,463,33554432,824.34,,
0,bench/30gib-6.bin,464,33554432,532.00,,
0,bench/30gib-6.bin,465,33554432,883.26,,
0,bench/30gib-6.bin,466,33554432,760.88,,
0,bench/30gib-6.bin,467,33554432,617.08,,
0,bench/30gib-6.bin,468,33554432,453.44,,
0,bench/30gib-6.bin,469,33554432,563.36,,
0,bench/30gib-6.bin,470,33554432,484.55,,
0,bench/30gib-6.bin,471,33554432,801.81,,
0,bench/30gib-6.bin,472,33554432,605.20,,
0,bench/30gib-6.bin,473,33554432,681.13,,
0,bench/30gib-6.bin,474,33554432,505.98,,
0,bench/30gib-6.bin,475,33554432,387.42,,
0,bench/30gib-6.bin,476,33554432,532.33,,
0,bench/30gib-6.bin,477,33554432,699.39,,
0,bench/30gib-6.bin,478,33554432,620.68,,
0,bench/30gib-6.bin,479,33554432,594.03,,
0,bench/30gib-6.bin,480,33554432,648.59,,
0,bench/30gib-6.bin,481,33554432,659.97,,
0,bench/30gib-6.bin,482,33554432,661.80,,
0,bench/30gib-6.bin,483,33554432,1003.28,,
0,bench/30gib-6.bin,484,33554432,508.74,,
0,bench/30gib-6.bin,485,33554432,793.24,,
0,bench/30gib-6.bin,486,33554432,456.59,,
0,bench/30gib-6.bin,487,33554432,839.66,,
0,bench/30gib-6.bin,488,33554432,665.16,,
0,bench/30gib-6.bin,489,33554432,818.10,,
0,bench/30gib-6.bin,490,33554432,552.45,,
0,bench/30gib-6.bin,491,33554432,565.05,,
0,bench/30gib-6.bin,492,33554432,593.59,,
0,bench/30gib-6.bin,493,33554432,501.79,,
0,bench/30gib-6.bin,494,33554432,488.76,,
0,bench/30gib-6.bin,495,33554432,869.41,,
0,bench/30gib-6.bin,496,33554432,499.85,,
0,bench/30gib-6.bin,497,33554432,421.42,,
0,bench/30gib-6.bin,498,33554432,882.77,,
0,bench/30gib-6.bin,499,33554432,987.99,,
0,bench/30gib-6.bin,500,33554432,521.85,,
0,bench/30gib-6.bin,501,33554432,622.09,,
0,bench/30gib-6.bin,502,33554432,716.43,,
0,bench/30gib-6.bin,503,33554432,804.10,,
0,bench/30gib-6.bin,504,33554432,599.06,,
0,bench/30gib-6.bin,505,33554432,610.17,,
0,bench/30gib-6.bin,506,33554432,608.69,,
0,bench/30gib-6.bin,507,33554432,631.36,,
0,bench/30gib-6.bin,508,33554432,478.86,,
0,bench/30gib-6.bin,509,33554432,835.93,,
0,bench/30gib-6.bin,510,33554432,570.35,,
0,bench/30gib-6.bin,511,33554432,568.45,,
0,bench/30gib-6.bin,512,33554432,490.96,,
0,bench/30gib-6.bin,513,33554432,835.11,,
0,bench/30gib-6.bin,514,33554432,650.81,,
0,bench/30gib-6.bin,515,33554432,447.29,,
0,bench/30gib-6.bin,516,33554432,775.10,,
0,bench/30gib-6.bin,517,33554432,414.10,,
0,bench/30gib-6.bin,518,33554432,632.41,,
0,bench/30gib-6.bin,519,33554432,616.63,,
0,bench/30gib-6.bin,520,33554432,811.58,,
0,bench/30gib-6.bin,521,33554432,501.38,,
0,bench/30gib-6.bin,522,33554432,629.40,,
0,bench/30gib-6.bin,523,33554432,554.76,,
0,bench/30gib-6.bin,524,33554432,684.89,,
0,bench/30gib-6.bin,525,33554432,749.30,,
0,bench/30gib-6.bin,526,33554432,602.43,,
0,bench/30gib-6.bin,527,33554432,853.07,,
0,bench/30gib-6.bin,528,33554432,741.06,,
0,bench/30gib-6.bin,529,33554432,1064.75,,
0,bench/30gib-6.bin,530,33554432,723.04,,
0,bench/30gib-6.bin,531,33554432,592.01,,
0,bench/30gib-6.bin,532,33554432,496.33,,
0,bench/30gib-6.bin,533,33554432,474.92,,
0,bench/30gib-6.bin,534,33554432,575.57,,
0,bench/30gib-6.bin,535,33554432,581.04,,
0,bench/30gib-6.bin,536,33554432,528.12,,
0,bench/30gib-6.bin,537,33554432,981.72,,
0,bench/30gib-6.bin,538,33554432,593.92,,
0,bench/30gib-6.bin,539,33554432,503.19,,
0,bench/30gib-6.bin,540,33554432,767.79,,
0,bench/30gib-6.bin,541,33554432,660.30,,
0,bench/30gib-6.bin,542,33554432,576.08,,
0,bench/30gib-6.bin,543,33554432,545.48,,
0,bench/30gib-6.bin,544,33554432,557.08,,
0,bench/30gib-6.bin,545,33554432,516.63,,
0,bench/30gib-6.bin,546,33554432,522.06,,
0,bench/30gib-6.bin,547,33554432,635.02,,
0,bench/30gib-6.bin,548,33554432,818.61,,
0,bench/30gib-6.bin,549,33554432,802.38,,
0,bench/30gib-6.bin,550,33554432,585.56,,
0,bench/30gib-6.bin,551,33554432,588.42,,
0,bench/30gib-6.bin,552,33554432,539.35,,
0,bench/30gib-6.bin,553,33554432,776.10,,
0,bench/30gib-6.bin,554,33554432,463.44,,
0,bench/30gib-6.bin,555,33554432,541.97,,
0,bench/30gib-6.bin,556,33554432,623.01,,
0,bench/30gib-6.bin,557,33554432,513.92,,
0,bench/30gib-6.bin,558,33554432,840.49,,
0,bench/30gib-6.bin,559,33554432,555.53,,
0,bench/30gib-6.bin,560,33554432,597.47,,
0,bench/30gib-6.bin,561,33554432,555.69,,
0,bench/30gib-6.bin,562,33554432,599.34,,
0,bench/30gib-6.bin,563,33554432,675.65,,
0,bench/30gib-6.bin,564,33554432,727.25,,
0,bench/30gib-6.bin,565,33554432,459.21,,
0,bench/30gib-6.bin,566,33554432,651.66,,
0,bench/30gib-6.bin,567,33554432,453.28,,
0,bench/30gib-6.bin,568,33554432,573.97,,
0,bench/30gib-6.bin,569,33554432,841.88,,
0,bench/30gib-6.bin,570,33554432,451.11,,
0,bench/30gib-6.bin,571,33554432,569.51,,
0,bench/30gib-6.bin,572,33554432,612.04,,
0,bench/30gib-6.bin,573,33554432,812.15,,
0,bench/30gib-6.bin,574,33554432,573.55,,
0,bench/30gib-6.bin,575,33554432,687.01,,
0,bench/30gib-6.bin,576,33554432,837.11,,
0,bench/30gib-6.bin,577,33554432,703.63,,
0,bench/30gib-6.bin,578,33554432,700.61,,
0,bench/30gib-6.bin,579,33554432,682.53,,
0,bench/30gib-6.bin,580,33554432,779.74,,
0,bench/30gib-6.bin,581,33554432,823.98,,
0,bench/30gib-6.bin,582,33554432,728.69,,
0,bench/30gib-6.bin,583,33554432,1102.48,,
0,bench/30gib-6.bin,584,33554432,788.97,,
0,bench/30gib-6.bin,585,33554432,857.50,,
0,bench/30gib-6.bin,586,33554432,589.72,,
0,bench/30gib-6.bin,587,33554432,787.37,,
0,bench/30gib-6.bin,588,33554432,562.16,,
0,bench/30gib-6.bin,589,33554432,657.18,,
0,bench/30gib-6.bin,590,33554432,640.54,,
0,bench/30gib-6.bin,591,33554432,831.83,,
0,bench/30gib-6.bin,592,33554432,728.14,,
0,bench/30gib-6.bin,593,33554432,581.70,,
0,bench/30gib-6.bin,594,33554432,482.23,,
0,bench/30gib-6.bin,595,33554432,587.72,,
0,bench/30gib-6.bin,596,33554432,479.59,,
0,bench/30gib-6.bin,597,33554432,872.48,,
0,bench/30gib-6.bin,598,33554432,489.21,,
0,bench/30gib-6.bin,599,33554432,479.80,,
0,bench/30gib-6.bin,600,33554432,609.64,,
0,bench/30gib-6.bin,601,33554432,421.15,,
0,bench/30gib-6.bin,602,33554432,523.60,,
0,bench/30gib-6.bin,603,33554432,862.30,,
0,bench/30gib-6.bin,604,33554432,585.70,,
0,bench/30gib-6.bin,605,33554432,670.79,,
0,bench/30gib-6.bin,606,33554432,764.04,,
0,bench/30gib-6.bin,607,33554432,806.10,,
0,bench/30gib-6.bin,608,33554432,540.42,,
0,bench/30gib-6.bin,609,33554432,405.74,,
0,bench/30gib-6.bin,610,33554432,768.65,,
0,bench/30gib-6.bin,611,33554432,491.30,,
0,bench/30gib-6.bin,612,33554432,611.65,,
0,bench/30gib-6.bin,613,33554432,980.29,,
0,bench/30gib-6.bin,614,33554432,556.80,,
0,bench/30gib-6.bin,615,33554432,488.77,,
0,bench/30gib-6.bin,616,33554432,729.43,,
0,bench/30gib-6.bin,617,33554432,733.06,,
0,bench/30gib-6.bin,618,33554432,498.63,,
0,bench/30gib-6.bin,619,33554432,465.30,,
0,bench/30gib-6.bin,620,33554432,653.49,,
0,bench/30gib-6.bin,621,33554432,715.49,,
0,bench/30gib-6.bin,622,33554432,566.60,,
0,bench/30gib-6.bin,623,33554432,567.91,,
0,bench/30gib-6.bin,624,33554432,997.79,,
0,bench/30gib-6.bin,625,33554432,493.97,,
0,bench/30gib-6.bin,626,33554432,552.59,,
0,bench/30gib-6.bin,627,33554432,890.46,,
0,bench/30gib-6.bin,628,33554432,560.29,,
0,bench/30gib-6.bin,629,33554432,396.02,,
0,bench/30gib-6.bin,630,33554432,528.93,,
0,bench/30gib-6.bin,631,33554432,467.17,,
0,bench/30gib-6.bin,632,33554432,513.07,,
0,bench/30gib-6.bin,633,33554432,615.40,,
0,bench/30gib-6.bin,634,33554432,506.82,,
0,bench/30gib-6.bin,635,33554432,716.08,,
0,bench/30gib-6.bin,636,33554432,849.26,,
0,bench/30gib-6.bin,637,33554432,779.98,,
0,bench/30gib-6.bin,638,33554432,453.24,,
0,bench/30gib-6.bin,639,33554432,675.10,,
0,bench/30gib-6.bin,640,33554432,757.03,,
0,bench/30gib-6.bin,641,33554432,713.68,,
0,bench/30gib-6.bin,642,33554432,691.68,,
0,bench/30gib-6.bin,643,33554432,613.32,,
0,bench/30gib-6.bin,644,33554432,887.31,,
0,bench/30gib-6.bin,645,33554432,546.54,,
0,bench/30gib-6.bin,646,33554432,841.31,,
0,bench/30gib-6.bin,647,33554432,541.03,,
0,bench/30gib-6.bin,648,33554432,584.63,,
0,bench/30gib-6.bin,649,33554432,444.66,,
0,bench/30gib-6.bin,650,33554432,908.12,,
0,bench/30gib-6.bin,651,33554432,815.40,,
0,bench/30gib-6.bin,652,33554432,632.88,,
0,bench/30gib-6.bin,653,33554432,567.20,,
0,bench/30gib-6.bin,654,33554432,926.91,,
0,bench/30gib-6.bin,655,33554432,850.68,,
0,bench/30gib-6.bin,656,33554432,806.78,,
0,bench/30gib-6.bin,657,33554432,623.69,,
0,bench/30gib-6.bin,658,33554432,719.16,,
0,bench/30gib-6.bin,659,33554432,668.78,,
0,bench/30gib-6.bin,660,33554432,434.33,,
0,bench/30gib-6.bin,661,33554432,645.22,,
0,bench/30gib-6.bin,662,33554432,1037.63,,
0,bench/30gib-6.bin,663,33554432,986.55,,
0,bench/30gib-6.bin,664,33554432,554.84,,
0,bench/30gib-6.bin,665,33554432,696.26,,
0,bench/30gib-6.bin,666,33554432,725.02,,
0,bench/30gib-6.bin,667,33554432,520.62,,
0,bench/30gib-6.bin,668,33554432,751.56,,
0,bench/30gib-6.bin,669,33554432,859.97,,
0,bench/30gib-6.bin,670,33554432,578.89,,
0,bench/30gib-6.bin,671,33554432,535.64,,
0,bench/30gib-6.bin,672,33554432,612.18,,
0,bench/30gib-6.bin,673,33554432,473.96,,
0,bench/30gib-6.bin,674,33554432,939.44,,
0,bench/30gib-6.bin,675,33554432,715.35,,
0,bench/30gib-6.bin,676,33554432,559.61,,
0,bench/30gib-6.bin,677,33554432,796.73,,
0,bench/30gib-6.bin,678,33554432,537.83,,
0,bench/30gib-6.bin,679,33554432,618.27,,
0,bench/30gib-6.bin,680,33554432,867.56,,
0,bench/30gib-6.bin,681,33554432,656.93,,
0,bench/30gib-6.bin,682,33554432,642.63,,
0,bench/30gib-6.bin,683,33554432,510.11,,
0,bench/30gib-6.bin,684,33554432,544.33,,
0,bench/30gib-6.bin,685,33554432,895.23,,
0,bench/30gib-6.bin,686,33554432,501.69,,
0,bench/30gib-6.bin,687,33554432,664.35,,
0,bench/30gib-6.bin,688,33554432,498.74,,
0,bench/30gib-6.bin,689,33554432,548.63,,
0,bench/30gib-6.bin,690,33554432,736.91,,
0,bench/30gib-6.bin,691,33554432,515.28,,
0,bench/30gib-6.bin,692,33554432,778.31,,
0,bench/30gib-6.bin,693,33554432,575.21,,
0,bench/30gib-6.bin,694,33554432,464.39,,
0,bench/30gib-6.bin,695,33554432,527.04,,
0,bench/30gib-6.bin,696,33554432,555.05,,
0,bench/30gib-6.bin,697,33554432,526.05,,
0,bench/30gib-6.bin,698,33554432,528.37,,
0,bench/30gib-6.bin,699,33554432,686.52,,
0,bench/30gib-6.bin,700,33554432,566.63,,
0,bench/30gib-6.bin,701,33554432,756.48,,
0,bench/30gib-6.bin,702,33554432,579.74,,
0,bench/30gib-6.bin,703,33554432,636.91,,
0,bench/30gib-6.bin,704,33554432,446.45,,
0,bench/30gib-6.bin,705,33554432,431.13,,
0,bench/30gib-6.bin,706,33554432,608.72,,
0,bench/30gib-6.bin,707,33554432,558.11,,
0,bench/30gib-6.bin,708,33554432,928.51,,
0,bench/30gib-6.bin,709,33554432,698.65,,
0,bench/30gib-6.bin,710,33554432,615.23,,
0,bench/30gib-6.bin,711,33554432,702.68,,
0,bench/30gib-6.bin,712,33554432,557.31,,
0,bench/30gib-6.bin,713,33554432,714.27,,
0,bench/30gib-6.bin,714,33554432,676.62,,
0,bench/30gib-6.bin,715,33554432,503.22,,
0,bench/30gib-6.bin,716,33554432,593.23,,
0,bench/30gib-6.bin,717,33554432,613.63,,
0,bench/30gib-6.bin,718,33554432,541.39,,
0,bench/30gib-6.bin,719,33554432,639.15,,
0,bench/30gib-6.bin,720,33554432,737.25,,
0,bench/30gib-6.bin,721,33554432,484.18,,
0,bench/30gib-6.bin,722,33554432,719.98,,
0,bench/30gib-6.bin,723,33554432,619.61,,
0,bench/30gib-6.bin,724,33554432,808.41,,
0,bench/30gib-6.bin,725,33554432,782.78,,
0,bench/30gib-6.bin,726,33554432,552.79,,
0,bench/30gib-6.bin,727,33554432,853.23,,
0,bench/30gib-6.bin,728,33554432,929.82,,
0,bench/30gib-6.bin,729,33554432,843.04,,
0,bench/30gib-6.bin,730,33554432,872.57,,
0,bench/30gib-6.bin,731,33554432,730.02,,
0,bench/30gib-6.bin,732,33554432,875.59,,
0,bench/30gib-6.bin,733,33554432,600.21,,
0,bench/30gib-6.bin,734,33554432,801.57,,
0,bench/30gib-6.bin,735,33554432,675.31,,
0,bench/30gib-6.bin,736,33554432,701.67,,
0,bench/30gib-6.bin,737,33554432,554.46,,
0,bench/30gib-6.bin,738,33554432,374.44,,
0,bench/30gib-6.bin,739,33554432,684.86,,
0,bench/30gib-6.bin,740,33554432,669.79,,
0,bench/30gib-6.bin,741,33554432,494.85,,
0,bench/30gib-6.bin,742,33554432,808.60,,
0,bench/30gib-6.bin,743,33554432,664.69,,
0,bench/30gib-6.bin,744,33554432,848.12,,
0,bench/30gib-6.bin,745,33554432,617.56,,
0,bench/30gib-6.bin,746,33554432,492.40,,
0,bench/30gib-6.bin,747,33554432,481.40,,
0,bench/30gib-6.bin,748,33554432,441.91,,
0,bench/30gib-6.bin,749,33554432,636.55,,
0,bench/30gib-6.bin,750,33554432,552.75,,
0,bench/30gib-6.bin,751,33554432,715.14,,
0,bench/30gib-6.bin,752,33554432,893.66,,
0,bench/30gib-6.bin,753,33554432,691.16,,
0,bench/30gib-6.bin,754,33554432,460.15,,
0,bench/30gib-6.bin,755,33554432,557.23,,
0,bench/30gib-6.bin,756,33554432,626.05,,
0,bench/30gib-6.bin,757,33554432,602.29,,
0,bench/30gib-6.bin,758,33554432,466.45,,
0,bench/30gib-6.bin,759,33554432,477.72,,
0,bench/30gib-6.bin,760,33554432,581.50,,
0,bench/30gib-6.bin,761,33554432,494.37,,
0,bench/30gib-6.bin,762,33554432,558.47,,
0,bench/30gib-6.bin,763,33554432,806.39,,
0,bench/30gib-6.bin,764,33554432,677.76,,
0,bench/30gib-6.bin,765,33554432,585.75,,
0,bench/30gib-6.bin,766,33554432,635.86,,
0,bench/30gib-6.bin,767,33554432,621.59,,
0,bench/30gib-6.bin,768,33554432,782.78,,
0,bench/30gib-6.bin,769,33554432,597.43,,
0,bench/30gib-6.bin,770,33554432,522.10,,
0,bench/30gib-6.bin,771,33554432,621.36,,
0,bench/30gib-6.bin,772,33554432,875.30,,
0,bench/30gib-6.bin,773,33554432,740.02,,
0,bench/30gib-6.bin,774,33554432,694.11,,
0,bench/30gib-6.bin,775,33554432,464.98,,
0,bench/30gib-6.bin,776,33554432,632.44,,
0,bench/30gib-6.bin,777,33554432,391.00,,
0,bench/30gib-6.bin,778,33554432,484.70,,
0,bench/30gib-6.bin,779,33554432,668.91,,
0,bench/30gib-6.bin,780,33554432,470.16,,
0,bench/30gib-6.bin,781,33554432,750.88,,
0,bench/30gib-6.bin,782,33554432,555.56,,
0,bench/30gib-6.bin,783,33554432,675.08,,
0,bench/30gib-6.bin,784,33554432,645.26,,
0,bench/30gib-6.bin,785,33554432,622.17,,
0,bench/30gib-6.bin,786,33554432,555.83,,
0,bench/30gib-6.bin,787,33554432,718.56,,
0,bench/30gib-6.bin,788,33554432,618.84,,
0,bench/30gib-6.bin,789,33554432,975.81,,
0,bench/30gib-6.bin,790,33554432,577.38,,
0,bench/30gib-6.bin,791,33554432,668.42,,
0,bench/30gib-6.bin,792,33554432,559.02,,
0,bench/30gib-6.bin,793,33554432,973.02,,
0,bench/30gib-6.bin,794,33554432,614.89,,
0,bench/30gib-6.bin,795,33554432,688.77,,
0,bench/30gib-6.bin,796,33554432,481.95,,
0,bench/30gib-6.bin,797,33554432,619.32,,
0,bench/30gib-6.bin,798,33554432,766.20,,
0,bench/30gib-6.bin,799,33554432,670.43,,
0,bench/30gib-6.bin,800,33554432,514.43,,
0,bench/30gib-6.bin,801,33554432,355.95,,
0,bench/30gib-6.bin,802,33554432,629.22,,
0,bench/30gib-6.bin,803,33554432,530.20,,
0,bench/30gib-6.bin,804,33554432,592.49,,
0,bench/30gib-6.bin,805,33554432,693.78,,
0,bench/30gib-6.bin,806,33554432,688.80,,
0,bench/30gib-6.bin,807,33554432,680.84,,
0,bench/30gib-6.bin,808,33554432,569.17,,
0,bench/30gib-6.bin,809,33554432,643.68,,
0,bench/30gib-6.bin,810,33554432,435.21,,
0,bench/30gib-6.bin,811,33554432,625.23,,
0,bench/30gib-6.bin,812,33554432,967.11,,
0,bench/30gib-6.bin,813,33554432,518.69,,
0,bench/30gib-6.bin,814,33554432,519.92,,
0,bench/30gib-6.bin,815,33554432,664.07,,
0,bench/30gib-6.bin,816,33554432,653.69,,
0,bench/30gib-6.bin,817,33554432,624.24,,
0,bench/30gib-6.bin,818,33554432,695.01,,
0,bench/30gib-6.bin,819,33554432,988.52,,
0,bench/30gib-6.bin,820,33554432,517.75,,
0,bench/30gib-6.bin,821,33554432,661.67,,
0,bench/30gib-6.bin,822,33554432,546.09,,
0,bench/30gib-6.bin,823,33554432,462.85,,
0,bench/30gib-6.bin,824,33554432,696.48,,
0,bench/30gib-6.bin,825,33554432,717.74,,
0,bench/30gib-6.bin,826,33554432,774.56,,
0,bench/30gib-6.bin,827,33554432,768.34,,
0,bench/30gib-6.bin,828,33554432,771.62,,
0,bench/30gib-6.bin,829,33554432,893.98,,
0,bench/30gib-6.bin,830,33554432,642.93,,
0,bench/30gib-6.bin,831,33554432,662.73,,
0,bench/30gib-6.bin,832,33554432,540.91,,
0,bench/30gib-6.bin,833,33554432,560.91,,
0,bench/30gib-6.bin,834,33554432,610.04,,
0,bench/30gib-6.bin,835,33554432,554.18,,
0,bench/30gib-6.bin,836,33554432,798.16,,
0,bench/30gib-6.bin,837,33554432,639.68,,
0,bench/30gib-6.bin,838,33554432,602.15,,
0,bench/30gib-6.bin,839,33554432,529.51,,
0,bench/30gib-6.bin,840,33554432,711.72,,
0,bench/30gib-6.bin,841,33554432,655.61,,
0,bench/30gib-6.bin,842,33554432,544.45,,
0,bench/30gib-6.bin,843,33554432,671.18,,
0,bench/30gib-6.bin,844,33554432,916.13,,
0,bench/30gib-6.bin,845,33554432,536.51,,
0,bench/30gib-6.bin,846,33554432,705.59,,
0,bench/30gib-6.bin,847,33554432,558.97,,
0,bench/30gib-6.bin,848,33554432,471.29,,
0,bench/30gib-6.bin,849,33554432,645.10,,
0,bench/30gib-6.bin,850,33554432,471.82,,
0,bench/30gib-6.bin,851,33554432,583.23,,
0,bench/30gib-6.bin,852,33554432,802.48,,
0,bench/30gib-6.bin,853,33554432,585.55,,
0,bench/30gib-6.bin,854,33554432,656.77,,
0,bench/30gib-6.bin,855,33554432,434.24,,
0,bench/30gib-6.bin,856,33554432,682.23,,
0,bench/30gib-6.bin,857,33554432,726.11,,
0,bench/30gib-6.bin,858,33554432,684.18,,
0,bench/30gib-6.bin,859,33554432,605.54,,
0,bench/30gib-6.bin,860,33554432,418.46,,
0,bench/30gib-6.bin,861,33554432,603.10,,
0,bench/30gib-6.bin,862,33554432,756.48,,
0,bench/30gib-6.bin,863,33554432,712.59,,
0,bench/30gib-6.bin,864,33554432,553.67,,
0,bench/30gib-6.bin,865,33554432,576.96,,
0,bench/30gib-6.bin,866,33554432,466.44,,
0,bench/30gib-6.bin,867,33554432,456.33,,
0,bench/30gib-6.bin,868,33554432,955.51,,
0,bench/30gib-6.bin,869,33554432,631.56,,
0,bench/30gib-6.bin,870,33554432,695.37,,
0,bench/30gib-6.bin,871,33554432,691.87,,
0,bench/30gib-6.bin,872,33554432,654.25,,
0,bench/30gib-6.bin,873,33554432,645.66,,
0,bench/30gib-6.bin,874,33554432,641.07,,
0,bench/30gib-6.bin,875,33554432,766.31,,
0,bench/30gib-6.bin,876,33554432,483.59,,
0,bench/30gib-6.bin,877,33554432,497.46,,
0,bench/30gib-6.bin,878,33554432,556.91,,
0,bench/30gib-6.bin,879,33554432,620.61,,
0,bench/30gib-6.bin,880,33554432,863.63,,
0,bench/30gib-6.bin,881,33554432,763.32,,
0,bench/30gib-6.bin,882,33554432,1174.38,,
0,bench/30gib-6.bin,883,33554432,895.98,,
0,bench/30gib-6.bin,884,33554432,727.52,,
0,bench/30gib-6.bin,885,33554432,647.67,,
0,bench/30gib-6.bin,886,33554432,677.56,,
0,bench/30gib-6.bin,887,33554432,684.99,,
0,bench/30gib-6.bin,888,33554432,1110.78,,
0,bench/30gib-6.bin,889,33554432,748.86,,
0,bench/30gib-6.bin,890,33554432,757.54,,
0,bench/30gib-6.bin,891,33554432,536.26,,
0,bench/30gib-6.bin,892,33554432,1084.51,,
0,bench/30gib-6.bin,893,33554432,577.33,,
0,bench/30gib-6.bin,894,33554432,566.80,,
0,bench/30gib-6.bin,895,33554432,685.10,,
0,bench/30gib-6.bin,896,33554432,689.57,,
0,bench/30gib-6.bin,897,33554432,826.41,,
0,bench/30gib-6.bin,898,33554432,653.37,,
0,bench/30gib-6.bin,899,33554432,821.21,,
0,bench/30gib-6.bin,900,33554432,690.02,,
0,bench/30gib-6.bin,901,33554432,448.21,,
0,bench/30gib-6.bin,902,33554432,522.25,,
0,bench/30gib-6.bin,903,33554432,498.90,,
0,bench/30gib-6.bin,904,33554432,457.30,,
0,bench/30gib-6.bin,905,33554432,801.34,,
0,bench/30gib-6.bin,906,33554432,789.72,,
0,bench/30gib-6.bin,907,33554432,563.29,,
0,bench/30gib-6.bin,908,33554432,606.06,,
0,bench/30gib-6.bin,909,33554432,781.32,,
0,bench/30gib-6.bin,910,33554432,471.13,,
0,bench/30gib-6.bin,911,33554432,938.17,,
0,bench/30gib-6.bin,912,33554432,612.09,,
0,bench/30gib-6.bin,913,33554432,532.24,,
0,bench/30gib-6.bin,914,33554432,575.60,,
0,bench/30gib-6.bin,915,33554432,426.68,,
0,bench/30gib-6.bin,916,33554432,767.03,,
0,bench/30gib-6.bin,917,33554432,765.66,,
0,bench/30gib-6.bin,918,33554432,641.39,,
0,bench/30gib-6.bin,919,33554432,686.94,,
0,bench/30gib-6.bin,920,33554432,674.01,,
0,bench/30gib-6.bin,921,33554432,457.33,,
0,bench/30gib-6.bin,922,33554432,673.59,,
0,bench/30gib-6.bin,923,33554432,597.49,,
0,bench/30gib-6.bin,924,33554432,531.34,,
0,bench/30gib-6.bin,925,33554432,638.46,,
0,bench/30gib-6.bin,926,33554432,858.60,,
0,bench/30gib-6.bin,927,33554432,495.94,,
0,bench/30gib-6.bin,928,33554432,669.38,,
0,bench/30gib-6.bin,929,33554432,630.07,,
0,bench/30gib-6.bin,930,33554432,537.39,,
0,bench/30gib-6.bin,931,33554432,619.91,,
0,bench/30gib-6.bin,932,33554432,928.36,,
0,bench/30gib-6.bin,933,33554432,928.46,,
0,bench/30gib-6.bin,934,33554432,777.76,,
0,bench/30gib-6.bin,935,33554432,535.05,,
0,bench/30gib-6.bin,936,33554432,602.67,,
0,bench/30gib-6.bin,937,33554432,536.56,,
0,bench/30gib-6.bin,938,33554432,747.14,,
0,bench/30gib-6.bin,939,33554432,798.64,,
0,bench/30gib-6.bin,940,33554432,539.09,,
0,bench/30gib-6.bin,941,33554432,520.55,,
0,bench/30gib-6.bin,942,33554432,821.27,,
0,bench/30gib-6.bin,943,33554432,776.39,,
0,bench/30gib-6.bin,944,33554432,611.44,,
0,bench/30gib-6.bin,945,33554432,747.78,,
0,bench/30gib-6.bin,946,33554432,409.39,,
0,bench/30gib-6.bin,947,33554432,610.93,,
0,bench/30gib-6.bin,948,33554432,552.29,,
0,bench/30gib-6.bin,949,33554432,450.90,,
0,bench/30gib-6.bin,950,33554432,559.34,,
0,bench/30gib-6.bin,951,33554432,545.80,,
0,bench/30gib-6.bin,952,33554432,655.67,,
0,bench/30gib-6.bin,953,33554432,518.36,,
0,bench/30gib-6.bin,954,33554432,610.32,,
0,bench/30gib-6.bin,955,33554432,344.06,,
0,bench/30gib-6.bin,956,33554432,697.97,,
0,bench/30gib-6.bin,957,33554432,692.67,,
0,bench/30gib-6.bin,958,33554432,419.44,,
0,bench/30gib-6.bin,959,33554432,355.78,,
0,bench/30gib-6.bin,960,33554432,353.85,,
0,bench/30gib-7.bin,1,33554432,1254.44,,
0,bench/30gib-7.bin,2,33554432,1436.16,,
0,bench/30gib-7.bin,3,33554432,1295.25,,
0,bench/30gib-7.bin,4,33554432,1102.85,,
0,bench/30gib-7.bin,5,33554432,1555.09,,
0,bench/30gib-7.bin,6,33554432,1508.65,,
0,bench/30gib-7.bin,7,33554432,1669.33,,
0,bench/30gib-7.bin,8,33554432,1569.61,,
0,bench/30gib-7.bin,9,33554432,1802.60,,
0,bench/30gib-7.bin,10,33554432,1447.56,,
0,bench/30gib-7.bin,11,33554432,1085.31,,
0,bench/30gib-7.bin,12,33554432,973.86,,
0,bench/30gib-7.bin,13,33554432,1261.95,,
0,bench/30gib-7.bin,14,33554432,1638.92,,
0,bench/30gib-7.bin,15,33554432,1768.70,,
0,bench/30gib-7.bin,16,33554432,1593.27,,
0,bench/30gib-7.bin,17,33554432,1913.40,,
0,bench/30gib-7.bin,18,33554432,1467.66,,
0,bench/30gib-7.bin,19,33554432,1586.63,,
0,bench/30gib-7.bin,20,33554432,1353.15,,
0,bench/30gib-7.bin,21,33554432,1291.60,,
0,bench/30gib-7.bin,22,33554432,1275.51,,
0,bench/30gib-7.bin,23,33554432,1534.52,,
0,bench/30gib-7.bin,24,33554432,1642.12,,
0,bench/30gib-7.bin,25,33554432,1135.71,,
0,bench/30gib-7.bin,26,33554432,1596.19,,
0,bench/30gib-7.bin,27,33554432,1312.94,,
0,bench/30gib-7.bin,28,33554432,1164.98,,
0,bench/30gib-7.bin,29,33554432,1401.21,,
0,bench/30gib-7.bin,30,33554432,1905.40,,
0,bench/30gib-7.bin,31,33554432,1913.16,,
0,bench/30gib-7.bin,32,33554432,1264.93,,
0,bench/30gib-7.bin,33,33554432,1365.80,,
0,bench/30gib-7.bin,34,33554432,1135.80,,
0,bench/30gib-7.bin,35,33554432,957.87,,
0,bench/30gib-7.bin,36,33554432,1861.45,,
0,bench/30gib-7.bin,37,33554432,1462.70,,
0,bench/30gib-7.bin,38,33554432,1138.23,,
0,bench/30gib-7.bin,39,33554432,741.11,,
0,bench/30gib-7.bin,40,33554432,864.24,,
0,bench/30gib-7.bin,41,33554432,1423.30,,
0,bench/30gib-7.bin,42,33554432,1383.63,,
0,bench/30gib-7.bin,43,33554432,1159.42,,
0,bench/30gib-7.bin,44,33554432,1156.31,,
0,bench/30gib-7.bin,45,33554432,1824.11,,
0,bench/30gib-7.bin,46,33554432,1035.95,,
0,bench/30gib-7.bin,47,33554432,680.01,,
0,bench/30gib-7.bin,48,33554432,790.74,,
0,bench/30gib-7.bin,49,33554432,1174.02,,
0,bench/30gib-7.bin,50,33554432,1035.94,,
0,bench/30gib-7.bin,51,33554432,1057.16,,
0,bench/30gib-7.bin,52,33554432,583.96,,
0,bench/30gib-7.bin,53,33554432,978.75,,
0,bench/30gib-7.bin,54,33554432,874.34,,
0,bench/30gib-7.bin,55,33554432,1596.01,,
0,bench/30gib-7.bin,56,33554432,1041.81,,
0,bench/30gib-7.bin,57,33554432,716.80,,
0,bench/30gib-7.bin,58,33554432,717.87,,
0,bench/30gib-7.bin,59,33554432,1039.36,,
0,bench/30gib-7.bin,60,33554432,632.66,,
0,bench/30gib-7.bin,61,33554432,904.20,,
0,bench/30gib-7.bin,62,33554432,571.40,,
0,bench/30gib-7.bin,63,33554432,944.78,,
0,bench/30gib-7.bin,64,33554432,1097.99,,
0,bench/30gib-7.bin,65,33554432,894.61,,
0,bench/30gib-7.bin,66,33554432,861.64,,
0,bench/30gib-7.bin,67,33554432,766.41,,
0,bench/30gib-7.bin,68,33554432,788.11,,
0,bench/30gib-7.bin,69,33554432,537.86,,
0,bench/30gib-7.bin,70,33554432,821.13,,
0,bench/30gib-7.bin,71,33554432,681.74,,
0,bench/30gib-7.bin,72,33554432,744.96,,
0,bench/30gib-7.bin,73,33554432,697.71,,
0,bench/30gib-7.bin,74,33554432,681.22,,
0,bench/30gib-7.bin,75,33554432,991.91,,
0,bench/30gib-7.bin,76,33554432,668.00,,
0,bench/30gib-7.bin,77,33554432,608.92,,
0,bench/30gib-7.bin,78,33554432,759.64,,
0,bench/30gib-7.bin,79,33554432,630.20,,
0,bench/30gib-7.bin,80,33554432,779.54,,
0,bench/30gib-7.bin,81,33554432,1009.27,,
0,bench/30gib-7.bin,82,33554432,764.29,,
0,bench/30gib-7.bin,83,33554432,359.33,,
0,bench/30gib-7.bin,84,33554432,765.08,,
0,bench/30gib-7.bin,85,33554432,827.40,,
0,bench/30gib-7.bin,86,33554432,542.09,,
0,bench/30gib-7.bin,87,33554432,350.39,,
0,bench/30gib-7.bin,88,33554432,1048.32,,
0,bench/30gib-7.bin,89,33554432,399.73,,
0,bench/30gib-7.bin,90,33554432,513.90,,
0,bench/30gib-7.bin,91,33554432,471.86,,
0,bench/30gib-7.bin,92,33554432,509.91,,
0,bench/30gib-7.bin,93,33554432,815.70,,
0,bench/30gib-7.bin,94,33554432,1006.53,,
0,bench/30gib-7.bin,95,33554432,489.04,,
0,bench/30gib-7.bin,96,33554432,549.89,,
0,bench/30gib-7.bin,97,33554432,1003.70,,
0,bench/30gib-7.bin,98,33554432,538.35,,
0,bench/30gib-7.bin,99,33554432,523.80,,
0,bench/30gib-7.bin,100,33554432,658.63,,
0,bench/30gib-7.bin,101,33554432,603.18,,
0,bench/30gib-7.bin,102,33554432,615.49,,
0,bench/30gib-7.bin,103,33554432,623.26,,
0,bench/30gib-7.bin,104,33554432,664.15,,
0,bench/30gib-7.bin,105,33554432,720.20,,
0,bench/30gib-7.bin,106,33554432,780.16,,
0,bench/30gib-7.bin,107,33554432,679.44,,
0,bench/30gib-7.bin,108,33554432,469.94,,
0,bench/30gib-7.bin,109,33554432,664.47,,
0,bench/30gib-7.bin,110,33554432,726.27,,
0,bench/30gib-7.bin,111,33554432,771.62,,
0,bench/30gib-7.bin,112,33554432,1017.28,,
0,bench/30gib-7.bin,113,33554432,839.11,,
0,bench/30gib-7.bin,114,33554432,621.97,,
0,bench/30gib-7.bin,115,33554432,588.41,,
0,bench/30gib-7.bin,116,33554432,794.63,,
0,bench/30gib-7.bin,117,33554432,850.19,,
0,bench/30gib-7.bin,118,33554432,875.31,,
0,bench/30gib-7.bin,119,33554432,717.28,,
0,bench/30gib-7.bin,120,33554432,1144.73,,
0,bench/30gib-7.bin,121,33554432,530.65,,
0,bench/30gib-7.bin,122,33554432,764.78,,
0,bench/30gib-7.bin,123,33554432,666.66,,
0,bench/30gib-7.bin,124,33554432,577.51,,
0,bench/30gib-7.bin,125,33554432,416.88,,
0,bench/30gib-7.bin,126,33554432,739.12,,
0,bench/30gib-7.bin,127,33554432,690.17,,
0,bench/30gib-7.bin,128,33554432,918.22,,
0,bench/30gib-7.bin,129,33554432,549.46,,
0,bench/30gib-7.bin,130,33554432,598.98,,
0,bench/30gib-7.bin,131,33554432,545.98,,
0,bench/30gib-7.bin,132,33554432,772.93,,
0,bench/30gib-7.bin,133,33554432,484.30,,
0,bench/30gib-7.bin,134,33554432,584.78,,
0,bench/30gib-7.bin,135,33554432,596.12,,
0,bench/30gib-7.bin,136,33554432,620.95,,
0,bench/30gib-7.bin,137,33554432,1128.39,,
0,bench/30gib-7.bin,138,33554432,575.31,,
0,bench/30gib-7.bin,139,33554432,734.37,,
0,bench/30gib-7.bin,140,33554432,520.41,,
0,bench/30gib-7.bin,141,33554432,666.68,,
0,bench/30gib-7.bin,142,33554432,941.28,,
0,bench/30gib-7.bin,143,33554432,496.94,,
0,bench/30gib-7.bin,144,33554432,643.28,,
0,bench/30gib-7.bin,145,33554432,660.21,,
0,bench/30gib-7.bin,146,33554432,823.26,,
0,bench/30gib-7.bin,147,33554432,535.84,,
0,bench/30gib-7.bin,148,33554432,552.75,,
0,bench/30gib-7.bin,149,33554432,557.75,,
0,bench/30gib-7.bin,150,33554432,549.93,,
0,bench/30gib-7.bin,151,33554432,359.50,,
0,bench/30gib-7.bin,152,33554432,578.85,,
0,bench/30gib-7.bin,153,33554432,728.16,,
0,bench/30gib-7.bin,154,33554432,589.46,,
0,bench/30gib-7.bin,155,33554432,654.22,,
0,bench/30gib-7.bin,156,33554432,549.13,,
0,bench/30gib-7.bin,157,33554432,614.34,,
0,bench/30gib-7.bin,158,33554432,965.42,,
0,bench/30gib-7.bin,159,33554432,561.28,,
0,bench/30gib-7.bin,160,33554432,913.88,,
0,bench/30gib-7.bin,161,33554432,617.80,,
0,bench/30gib-7.bin,162,33554432,530.59,,
0,bench/30gib-7.bin,163,33554432,861.41,,
0,bench/30gib-7.bin,164,33554432,795.48,,
0,bench/30gib-7.bin,165,33554432,526.61,,
0,bench/30gib-7.bin,166,33554432,544.71,,
0,bench/30gib-7.bin,167,33554432,845.61,,
0,bench/30gib-7.bin,168,33554432,635.50,,
0,bench/30gib-7.bin,169,33554432,499.09,,
0,bench/30gib-7.bin,170,33554432,531.37,,
0,bench/30gib-7.bin,171,33554432,526.26,,
0,bench/30gib-7.bin,172,33554432,537.57,,
0,bench/30gib-7.bin,173,33554432,738.38,,
0,bench/30gib-7.bin,174,33554432,558.53,,
0,bench/30gib-7.bin,175,33554432,531.54,,
0,bench/30gib-7.bin,176,33554432,580.64,,
0,bench/30gib-7.bin,177,33554432,661.94,,
0,bench/30gib-7.bin,178,33554432,692.29,,
0,bench/30gib-7.bin,179,33554432,609.16,,
0,bench/30gib-7.bin,180,33554432,795.51,,
0,bench/30gib-7.bin,181,33554432,881.67,,
0,bench/30gib-7.bin,182,33554432,651.78,,
0,bench/30gib-7.bin,183,33554432,650.91,,
0,bench/30gib-7.bin,184,33554432,538.30,,
0,bench/30gib-7.bin,185,33554432,768.78,,
0,bench/30gib-7.bin,186,33554432,533.41,,
0,bench/30gib-7.bin,187,33554432,602.05,,
0,bench/30gib-7.bin,188,33554432,827.73,,
0,bench/30gib-7.bin,189,33554432,483.33,,
0,bench/30gib-7.bin,190,33554432,618.57,,
0,bench/30gib-7.bin,191,33554432,758.22,,
0,bench/30gib-7.bin,192,33554432,680.67,,
0,bench/30gib-7.bin,193,33554432,929.76,,
0,bench/30gib-7.bin,194,33554432,628.11,,
0,bench/30gib-7.bin,195,33554432,648.44,,
0,bench/30gib-7.bin,196,33554432,614.90,,
0,bench/30gib-7.bin,197,33554432,801.44,,
0,bench/30gib-7.bin,198,33554432,704.50,,
0,bench/30gib-7.bin,199,33554432,698.28,,
0,bench/30gib-7.bin,200,33554432,582.59,,
0,bench/30gib-7.bin,201,33554432,663.74,,
0,bench/30gib-7.bin,202,33554432,461.68,,
0,bench/30gib-7.bin,203,33554432,806.76,,
0,bench/30gib-7.bin,204,33554432,518.33,,
0,bench/30gib-7.bin,205,33554432,722.26,,
0,bench/30gib-7.bin,206,33554432,709.82,,
0,bench/30gib-7.bin,207,33554432,670.65,,
0,bench/30gib-7.bin,208,33554432,510.81,,
0,bench/30gib-7.bin,209,33554432,473.29,,
0,bench/30gib-7.bin,210,33554432,517.33,,
0,bench/30gib-7.bin,211,33554432,606.29,,
0,bench/30gib-7.bin,212,33554432,668.51,,
0,bench/30gib-7.bin,213,33554432,589.32,,
0,bench/30gib-7.bin,214,33554432,479.58,,
0,bench/30gib-7.bin,215,33554432,641.03,,
0,bench/30gib-7.bin,216,33554432,612.61,,
0,bench/30gib-7.bin,217,33554432,529.59,,
0,bench/30gib-7.bin,218,33554432,479.96,,
0,bench/30gib-7.bin,219,33554432,523.38,,
0,bench/30gib-7.bin,220,33554432,768.75,,
0,bench/30gib-7.bin,221,33554432,716.00,,
0,bench/30gib-7.bin,222,33554432,807.99,,
0,bench/30gib-7.bin,223,33554432,780.11,,
0,bench/30gib-7.bin,224,33554432,721.60,,
0,bench/30gib-7.bin,225,33554432,475.34,,
0,bench/30gib-7.bin,226,33554432,750.26,,
0,bench/30gib-7.bin,227,33554432,849.01,,
0,bench/30gib-7.bin,228,33554432,495.66,,
0,bench/30gib-7.bin,229,33554432,564.96,,
0,bench/30gib-7.bin,230,33554432,730.97,,
0,bench/30gib-7.bin,231,33554432,903.01,,
0,bench/30gib-7.bin,232,33554432,914.57,,
0,bench/30gib-7.bin,233,33554432,845.67,,
0,bench/30gib-7.bin,234,33554432,516.75,,
0,bench/30gib-7.bin,235,33554432,694.23,,
0,bench/30gib-7.bin,236,33554432,578.67,,
0,bench/30gib-7.bin,237,33554432,475.22,,
0,bench/30gib-7.bin,238,33554432,739.99,,
0,bench/30gib-7.bin,239,33554432,877.18,,
0,bench/30gib-7.bin,240,33554432,464.11,,
0,bench/30gib-7.bin,241,33554432,712.48,,
0,bench/30gib-7.bin,242,33554432,731.63,,
0,bench/30gib-7.bin,243,33554432,508.50,,
0,bench/30gib-7.bin,244,33554432,649.41,,
0,bench/30gib-7.bin,245,33554432,590.42,,
0,bench/30gib-7.bin,246,33554432,770.14,,
0,bench/30gib-7.bin,247,33554432,646.13,,
0,bench/30gib-7.bin,248,33554432,770.32,,
0,bench/30gib-7.bin,249,33554432,560.26,,
0,bench/30gib-7.bin,250,33554432,630.19,,
0,bench/30gib-7.bin,251,33554432,664.54,,
0,bench/30gib-7.bin,252,33554432,581.68,,
0,bench/30gib-7.bin,253,33554432,490.35,,
0,bench/30gib-7.bin,254,33554432,884.05,,
0,bench/30gib-7.bin,255,33554432,486.36,,
0,bench/30gib-7.bin,256,33554432,553.64,,
0,bench/30gib-7.bin,257,33554432,562.95,,
0,bench/30gib-7.bin,258,33554432,481.91,,
0,bench/30gib-7.bin,259,33554432,771.26,,
0,bench/30gib-7.bin,260,33554432,923.02,,
0,bench/30gib-7.bin,261,33554432,679.82,,
0,bench/30gib-7.bin,262,33554432,840.44,,
0,bench/30gib-7.bin,263,33554432,451.64,,
0,bench/30gib-7.bin,264,33554432,683.22,,
0,bench/30gib-7.bin,265,33554432,691.45,,
0,bench/30gib-7.bin,266,33554432,690.93,,
0,bench/30gib-7.bin,267,33554432,866.08,,
0,bench/30gib-7.bin,268,33554432,673.32,,
0,bench/30gib-7.bin,269,33554432,624.05,,
0,bench/30gib-7.bin,270,33554432,695.16,,
0,bench/30gib-7.bin,271,33554432,747.15,,
0,bench/30gib-7.bin,272,33554432,841.20,,
0,bench/30gib-7.bin,273,33554432,687.68,,
0,bench/30gib-7.bin,274,33554432,669.84,,
0,bench/30gib-7.bin,275,33554432,753.26,,
0,bench/30gib-7.bin,276,33554432,493.75,,
0,bench/30gib-7.bin,277,33554432,549.10,,
0,bench/30gib-7.bin,278,33554432,761.40,,
0,bench/30gib-7.bin,279,33554432,604.77,,
0,bench/30gib-7.bin,280,33554432,559.63,,
0,bench/30gib-7.bin,281,33554432,569.38,,
0,bench/30gib-7.bin,282,33554432,809.15,,
0,bench/30gib-7.bin,283,33554432,626.46,,
0,bench/30gib-7.bin,284,33554432,679.67,,
0,bench/30gib-7.bin,285,33554432,543.15,,
0,bench/30gib-7.bin,286,33554432,716.29,,
0,bench/30gib-7.bin,287,33554432,816.19,,
0,bench/30gib-7.bin,288,33554432,770.01,,
0,bench/30gib-7.bin,289,33554432,623.32,,
0,bench/30gib-7.bin,290,33554432,601.76,,
0,bench/30gib-7.bin,291,33554432,894.24,,
0,bench/30gib-7.bin,292,33554432,501.64,,
0,bench/30gib-7.bin,293,33554432,667.21,,
0,bench/30gib-7.bin,294,33554432,435.41,,
0,bench/30gib-7.bin,295,33554432,643.28,,
0,bench/30gib-7.bin,296,33554432,634.38,,
0,bench/30gib-7.bin,297,33554432,621.08,,
0,bench/30gib-7.bin,298,33554432,705.21,,
0,bench/30gib-7.bin,299,33554432,708.73,,
0,bench/30gib-7.bin,300,33554432,505.17,,
0,bench/30gib-7.bin,301,33554432,476.60,,
0,bench/30gib-7.bin,302,33554432,896.65,,
0,bench/30gib-7.bin,303,33554432,599.56,,
0,bench/30gib-7.bin,304,33554432,445.27,,
0,bench/30gib-7.bin,305,33554432,544.73,,
0,bench/30gib-7.bin,306,33554432,380.54,,
0,bench/30gib-7.bin,307,33554432,606.39,,
0,bench/30gib-7.bin,308,33554432,557.38,,
0,bench/30gib-7.bin,309,33554432,609.21,,
0,bench/30gib-7.bin,310,33554432,580.58,,
0,bench/30gib-7.bin,311,33554432,638.41,,
0,bench/30gib-7.bin,312,33554432,960.93,,
0,bench/30gib-7.bin,313,33554432,554.17,,
0,bench/30gib-7.bin,314,33554432,730.07,,
0,bench/30gib-7.bin,315,33554432,530.77,,
0,bench/30gib-7.bin,316,33554432,592.12,,
0,bench/30gib-7.bin,317,33554432,829.90,,
0,bench/30gib-7.bin,318,33554432,981.04,,
0,bench/30gib-7.bin,319,33554432,471.15,,
0,bench/30gib-7.bin,320,33554432,727.12,,
0,bench/30gib-7.bin,321,33554432,841.15,,
0,bench/30gib-7.bin,322,33554432,510.08,,
0,bench/30gib-7.bin,323,33554432,679.04,,
0,bench/30gib-7.bin,324,33554432,611.02,,
0,bench/30gib-7.bin,325,33554432,805.71,,
0,bench/30gib-7.bin,326,33554432,651.03,,
0,bench/30gib-7.bin,327,33554432,671.24,,
0,bench/30gib-7.bin,328,33554432,669.83,,
0,bench/30gib-7.bin,329,33554432,1066.82,,
0,bench/30gib-7.bin,330,33554432,579.57,,
0,bench/30gib-7.bin,331,33554432,440.51,,
0,bench/30gib-7.bin,332,33554432,561.90,,
0,bench/30gib-7.bin,333,33554432,959.15,,
0,bench/30gib-7.bin,334,33554432,683.26,,
0,bench/30gib-7.bin,335,33554432,560.80,,
0,bench/30gib-7.bin,336,33554432,689.66,,
0,bench/30gib-7.bin,337,33554432,718.40,,
0,bench/30gib-7.bin,338,33554432,729.64,,
0,bench/30gib-7.bin,339,33554432,555.38,,
0,bench/30gib-7.bin,340,33554432,586.38,,
0,bench/30gib-7.bin,341,33554432,705.75,,
0,bench/30gib-7.bin,342,33554432,746.06,,
0,bench/30gib-7.bin,343,33554432,668.17,,
0,bench/30gib-7.bin,344,33554432,734.69,,
0,bench/30gib-7.bin,345,33554432,791.04,,
0,bench/30gib-7.bin,346,33554432,827.67,,
0,bench/30gib-7.bin,347,33554432,867.95,,
0,bench/30gib-7.bin,348,33554432,446.23,,
0,bench/30gib-7.bin,349,33554432,496.44,,
0,bench/30gib-7.bin,350,33554432,615.30,,
0,bench/30gib-7.bin,351,33554432,555.63,,
0,bench/30gib-7.bin,352,33554432,742.30,,
0,bench/30gib-7.bin,353,33554432,638.46,,
0,bench/30gib-7.bin,354,33554432,813.34,,
0,bench/30gib-7.bin,355,33554432,460.52,,
0,bench/30gib-7.bin,356,33554432,781.14,,
0,bench/30gib-7.bin,357,33554432,701.90,,
0,bench/30gib-7.bin,358,33554432,565.94,,
0,bench/30gib-7.bin,359,33554432,950.49,,
0,bench/30gib-7.bin,360,33554432,540.38,,
0,bench/30gib-7.bin,361,33554432,724.49,,
0,bench/30gib-7.bin,362,33554432,900.77,,
0,bench/30gib-7.bin,363,33554432,674.01,,
0,bench/30gib-7.bin,364,33554432,477.27,,
0,bench/30gib-7.bin,365,33554432,754.22,,
0,bench/30gib-7.bin,366,33554432,627.49,,
0,bench/30gib-7.bin,367,33554432,677.82,,
0,bench/30gib-7.bin,368,33554432,486.81,,
0,bench/30gib-7.bin,369,33554432,619.33,,
0,bench/30gib-7.bin,370,33554432,646.69,,
0,bench/30gib-7.bin,371,33554432,877.55,,
0,bench/30gib-7.bin,372,33554432,497.86,,
0,bench/30gib-7.bin,373,33554432,817.91,,
0,bench/30gib-7.bin,374,33554432,801.66,,
0,bench/30gib-7.bin,375,33554432,582.51,,
0,bench/30gib-7.bin,376,33554432,500.77,,
0,bench/30gib-7.bin,377,33554432,810.12,,
0,bench/30gib-7.bin,378,33554432,614.04,,
0,bench/30gib-7.bin,379,33554432,477.27,,
0,bench/30gib-7.bin,380,33554432,658.65,,
0,bench/30gib-7.bin,381,33554432,417.09,,
0,bench/30gib-7.bin,382,33554432,651.96,,
0,bench/30gib-7.bin,383,33554432,744.68,,
0,bench/30gib-7.bin,384,33554432,472.48,,
0,bench/30gib-7.bin,385,33554432,833.80,,
0,bench/30gib-7.bin,386,33554432,629.40,,
0,bench/30gib-7.bin,387,33554432,542.55,,
0,bench/30gib-7.bin,388,33554432,942.50,,
0,bench/30gib-7.bin,389,33554432,711.89,,
0,bench/30gib-7.bin,390,33554432,516.62,,
0,bench/30gib-7.bin,391,33554432,525.36,,
0,bench/30gib-7.bin,392,33554432,453.14,,
0,bench/30gib-7.bin,393,33554432,492.77,,
0,bench/30gib-7.bin,394,33554432,479.68,,
0,bench/30gib-7.bin,395,33554432,559.93,,
0,bench/30gib-7.bin,396,33554432,533.84,,
0,bench/30gib-7.bin,397,33554432,583.49,,
0,bench/30gib-7.bin,398,33554432,509.74,,
0,bench/30gib-7.bin,399,33554432,819.61,,
0,bench/30gib-7.bin,400,33554432,635.07,,
0,bench/30gib-7.bin,401,33554432,918.11,,
0,bench/30gib-7.bin,402,33554432,450.60,,
0,bench/30gib-7.bin,403,33554432,552.11,,
0,bench/30gib-7.bin,404,33554432,808.16,,
0,bench/30gib-7.bin,405,33554432,648.45,,
0,bench/30gib-7.bin,406,33554432,581.99,,
0,bench/30gib-7.bin,407,33554432,567.31,,
0,bench/30gib-7.bin,408,33554432,891.41,,
0,bench/30gib-7.bin,409,33554432,529.87,,
0,bench/30gib-7.bin,410,33554432,532.68,,
0,bench/30gib-7.bin,411,33554432,670.53,,
0,bench/30gib-7.bin,412,33554432,713.85,,
0,bench/30gib-7.bin,413,33554432,758.21,,
0,bench/30gib-7.bin,414,33554432,836.78,,
0,bench/30gib-7.bin,415,33554432,545.65,,
0,bench/30gib-7.bin,416,33554432,916.57,,
0,bench/30gib-7.bin,417,33554432,566.56,,
0,bench/30gib-7.bin,418,33554432,696.87,,
0,bench/30gib-7.bin,419,33554432,432.53,,
0,bench/30gib-7.bin,420,33554432,445.02,,
0,bench/30gib-7.bin,421,33554432,705.74,,
0,bench/30gib-7.bin,422,33554432,922.11,,
0,bench/30gib-7.bin,423,33554432,693.70,,
0,bench/30gib-7.bin,424,33554432,774.77,,
0,bench/30gib-7.bin,425,33554432,537.90,,
0,bench/30gib-7.bin,426,33554432,663.41,,
0,bench/30gib-7.bin,427,33554432,574.28,,
0,bench/30gib-7.bin,428,33554432,453.69,,
0,bench/30gib-7.bin,429,33554432,648.24,,
0,bench/30gib-7.bin,430,33554432,488.89,,
0,bench/30gib-7.bin,431,33554432,836.54,,
0,bench/30gib-7.bin,432,33554432,477.15,,
0,bench/30gib-7.bin,433,33554432,849.89,,
0,bench/30gib-7.bin,434,33554432,481.67,,
0,bench/30gib-7.bin,435,33554432,558.23,,
0,bench/30gib-7.bin,436,33554432,640.61,,
0,bench/30gib-7.bin,437,33554432,560.25,,
0,bench/30gib-7.bin,438,33554432,808.43,,
0,bench/30gib-7.bin,439,33554432,667.56,,
0,bench/30gib-7.bin,440,33554432,922.63,,
0,bench/30gib-7.bin,441,33554432,900.12,,
0,bench/30gib-7.bin,442,33554432,455.26,,
0,bench/30gib-7.bin,443,33554432,393.58,,
0,bench/30gib-7.bin,444,33554432,691.42,,
0,bench/30gib-7.bin,445,33554432,627.30,,
0,bench/30gib-7.bin,446,33554432,511.99,,
0,bench/30gib-7.bin,447,33554432,516.34,,
0,bench/30gib-7.bin,448,33554432,612.37,,
0,bench/30gib-7.bin,449,33554432,567.65,,
0,bench/30gib-7.bin,450,33554432,857.74,,
0,bench/30gib-7.bin,451,33554432,971.49,,
0,bench/30gib-7.bin,452,33554432,511.41,,
0,bench/30gib-7.bin,453,33554432,465.49,,
0,bench/30gib-7.bin,454,33554432,647.96,,
0,bench/30gib-7.bin,455,33554432,735.49,,
0,bench/30gib-7.bin,456,33554432,577.57,,
0,bench/30gib-7.bin,457,33554432,689.66,,
0,bench/30gib-7.bin,458,33554432,787.58,,
0,bench/30gib-7.bin,459,33554432,568.06,,
0,bench/30gib-7.bin,460,33554432,659.92,,
0,bench/30gib-7.bin,461,33554432,763.70,,
0,bench/30gib-7.bin,462,33554432,783.55,,
0,bench/30gib-7.bin,463,33554432,522.00,,
0,bench/30gib-7.bin,464,33554432,620.61,,
0,bench/30gib-7.bin,465,33554432,467.64,,
0,bench/30gib-7.bin,466,33554432,694.17,,
0,bench/30gib-7.bin,467,33554432,443.46,,
0,bench/30gib-7.bin,468,33554432,451.84,,
0,bench/30gib-7.bin,469,33554432,643.30,,
0,bench/30gib-7.bin,470,33554432,597.16,,
0,bench/30gib-7.bin,471,33554432,552.15,,
0,bench/30gib-7.bin,472,33554432,532.64,,
0,bench/30gib-7.bin,473,33554432,629.00,,
0,bench/30gib-7.bin,474,33554432,419.45,,
0,bench/30gib-7.bin,475,33554432,491.57,,
0,bench/30gib-7.bin,476,33554432,544.88,,
0,bench/30gib-7.bin,477,33554432,472.83,,
0,bench/30gib-7.bin,478,33554432,663.00,,
0,bench/30gib-7.bin,479,33554432,587.19,,
0,bench/30gib-7.bin,480,33554432,892.13,,
0,bench/30gib-7.bin,481,33554432,431.59,,
0,bench/30gib-7.bin,482,33554432,840.62,,
0,bench/30gib-7.bin,483,33554432,568.01,,
0,bench/30gib-7.bin,484,33554432,488.33,,
0,bench/30gib-7.bin,485,33554432,539.38,,
0,bench/30gib-7.bin,486,33554432,808.58,,
0,bench/30gib-7.bin,487,33554432,453.47,,
0,bench/30gib-7.bin,488,33554432,694.52,,
0,bench/30gib-7.bin,489,33554432,592.60,,
0,bench/30gib-7.bin,490,33554432,635.34,,
0,bench/30gib-7.bin,491,33554432,561.57,,
0,bench/30gib-7.bin,492,33554432,486.29,,
0,bench/30gib-7.bin,493,33554432,791.57,,
0,bench/30gib-7.bin,494,33554432,521.53,,
0,bench/30gib-7.bin,495,33554432,505.49,,
0,bench/30gib-7.bin,496,33554432,462.00,,
0,bench/30gib-7.bin,497,33554432,512.32,,
0,bench/30gib-7.bin,498,33554432,701.74,,
0,bench/30gib-7.bin,499,33554432,562.14,,
0,bench/30gib-7.bin,500,33554432,992.63,,
0,bench/30gib-7.bin,501,33554432,427.57,,
0,bench/30gib-7.bin,502,33554432,739.63,,
0,bench/30gib-7.bin,503,33554432,530.83,,
0,bench/30gib-7.bin,504,33554432,488.87,,
0,bench/30gib-7.bin,505,33554432,611.75,,
0,bench/30gib-7.bin,506,33554432,668.87,,
0,bench/30gib-7.bin,507,33554432,664.18,,
0,bench/30gib-7.bin,508,33554432,526.97,,
0,bench/30gib-7.bin,509,33554432,385.95,,
0,bench/30gib-7.bin,510,33554432,588.37,,
0,bench/30gib-7.bin,511,33554432,883.61,,
0,bench/30gib-7.bin,512,33554432,594.70,,
0,bench/30gib-7.bin,513,33554432,672.73,,
0,bench/30gib-7.bin,514,33554432,666.83,,
0,bench/30gib-7.bin,515,33554432,520.77,,
0,bench/30gib-7.bin,516,33554432,428.02,,
0,bench/30gib-7.bin,517,33554432,665.97,,
0,bench/30gib-7.bin,518,33554432,494.55,,
0,bench/30gib-7.bin,519,33554432,516.92,,
0,bench/30gib-7.bin,520,33554432,462.53,,
0,bench/30gib-7.bin,521,33554432,494.18,,
0,bench/30gib-7.bin,522,33554432,848.72,,
0,bench/30gib-7.bin,523,33554432,579.66,,
0,bench/30gib-7.bin,524,33554432,523.59,,
0,bench/30gib-7.bin,525,33554432,508.01,,
0,bench/30gib-7.bin,526,33554432,704.09,,
0,bench/30gib-7.bin,527,33554432,605.97,,
0,bench/30gib-7.bin,528,33554432,606.61,,
0,bench/30gib-7.bin,529,33554432,741.09,,
0,bench/30gib-7.bin,530,33554432,585.06,,
0,bench/30gib-7.bin,531,33554432,513.22,,
0,bench/30gib-7.bin,532,33554432,885.85,,
0,bench/30gib-7.bin,533,33554432,543.37,,
0,bench/30gib-7.bin,534,33554432,500.57,,
0,bench/30gib-7.bin,535,33554432,537.34,,
0,bench/30gib-7.bin,536,33554432,751.47,,
0,bench/30gib-7.bin,537,33554432,581.19,,
0,bench/30gib-7.bin,538,33554432,1045.20,,
0,bench/30gib-7.bin,539,33554432,559.28,,
0,bench/30gib-7.bin,540,33554432,781.75,,
0,bench/30gib-7.bin,541,33554432,648.87,,
0,bench/30gib-7.bin,542,33554432,867.54,,
0,bench/30gib-7.bin,543,33554432,500.94,,
0,bench/30gib-7.bin,544,33554432,744.21,,
0,bench/30gib-7.bin,545,33554432,532.64,,
0,bench/30gib-7.bin,546,33554432,467.80,,
0,bench/30gib-7.bin,547,33554432,716.99,,
0,bench/30gib-7.bin,548,33554432,439.68,,
0,bench/30gib-7.bin,549,33554432,544.89,,
0,bench/30gib-7.bin,550,33554432,670.24,,
0,bench/30gib-7.bin,551,33554432,457.99,,
0,bench/30gib-7.bin,552,33554432,577.46,,
0,bench/30gib-7.bin,553,33554432,780.65,,
0,bench/30gib-7.bin,554,33554432,407.52,,
0,bench/30gib-7.bin,555,33554432,541.19,,
0,bench/30gib-7.bin,556,33554432,845.21,,
0,bench/30gib-7.bin,557,33554432,743.71,,
0,bench/30gib-7.bin,558,33554432,481.95,,
0,bench/30gib-7.bin,559,33554432,563.64,,
0,bench/30gib-7.bin,560,33554432,772.23,,
0,bench/30gib-7.bin,561,33554432,810.20,,
0,bench/30gib-7.bin,562,33554432,384.77,,
0,bench/30gib-7.bin,563,33554432,604.61,,
0,bench/30gib-7.bin,564,33554432,565.19,,
0,bench/30gib-7.bin,565,33554432,587.46,,
0,bench/30gib-7.bin,566,33554432,482.02,,
0,bench/30gib-7.bin,567,33554432,773.55,,
0,bench/30gib-7.bin,568,33554432,526.23,,
0,bench/30gib-7.bin,569,33554432,769.00,,
0,bench/30gib-7.bin,570,33554432,582.50,,
0,bench/30gib-7.bin,571,33554432,867.51,,
0,bench/30gib-7.bin,572,33554432,841.19,,
0,bench/30gib-7.bin,573,33554432,517.12,,
0,bench/30gib-7.bin,574,33554432,693.28,,
0,bench/30gib-7.bin,575,33554432,623.08,,
0,bench/30gib-7.bin,576,33554432,517.53,,
0,bench/30gib-7.bin,577,33554432,710.44,,
0,bench/30gib-7.bin,578,33554432,563.25,,
0,bench/30gib-7.bin,579,33554432,475.53,,
0,bench/30gib-7.bin,580,33554432,538.56,,
0,bench/30gib-7.bin,581,33554432,515.00,,
0,bench/30gib-7.bin,582,33554432,675.36,,
0,bench/30gib-7.bin,583,33554432,837.41,,
0,bench/30gib-7.bin,584,33554432,495.01,,
0,bench/30gib-7.bin,585,33554432,649.86,,
0,bench/30gib-7.bin,586,33554432,617.87,,
0,bench/30gib-7.bin,587,33554432,709.86,,
0,bench/30gib-7.bin,588,33554432,722.75,,
0,bench/30gib-7.bin,589,33554432,594.18,,
0,bench/30gib-7.bin,590,33554432,676.52,,
0,bench/30gib-7.bin,591,33554432,617.98,,
0,bench/30gib-7.bin,592,33554432,572.28,,
0,bench/30gib-7.bin,593,33554432,605.81,,
0,bench/30gib-7.bin,594,33554432,585.54,,
0,bench/30gib-7.bin,595,33554432,543.36,,
0,bench/30gib-7.bin,596,33554432,534.93,,
0,bench/30gib-7.bin,597,33554432,611.09,,
0,bench/30gib-7.bin,598,33554432,690.19,,
0,bench/30gib-7.bin,599,33554432,474.12,,
0,bench/30gib-7.bin,600,33554432,905.05,,
0,bench/30gib-7.bin,601,33554432,670.09,,
0,bench/30gib-7.bin,602,33554432,802.59,,
0,bench/30gib-7.bin,603,33554432,807.91,,
0,bench/30gib-7.bin,604,33554432,589.49,,
0,bench/30gib-7.bin,605,33554432,738.94,,
0,bench/30gib-7.bin,606,33554432,804.03,,
0,bench/30gib-7.bin,607,33554432,533.83,,
0,bench/30gib-7.bin,608,33554432,604.20,,
0,bench/30gib-7.bin,609,33554432,698.77,,
0,bench/30gib-7.bin,610,33554432,505.63,,
0,bench/30gib-7.bin,611,33554432,612.92,,
0,bench/30gib-7.bin,612,33554432,426.48,,
0,bench/30gib-7.bin,613,33554432,723.30,,
0,bench/30gib-7.bin,614,33554432,534.70,,
0,bench/30gib-7.bin,615,33554432,530.21,,
0,bench/30gib-7.bin,616,33554432,535.05,,
0,bench/30gib-7.bin,617,33554432,649.86,,
0,bench/30gib-7.bin,618,33554432,745.57,,
0,bench/30gib-7.bin,619,33554432,736.15,,
0,bench/30gib-7.bin,620,33554432,487.72,,
0,bench/30gib-7.bin,621,33554432,929.58,,
0,bench/30gib-7.bin,622,33554432,588.67,,
0,bench/30gib-7.bin,623,33554432,568.54,,
0,bench/30gib-7.bin,624,33554432,503.94,,
0,bench/30gib-7.bin,625,33554432,563.97,,
0,bench/30gib-7.bin,626,33554432,549.31,,
0,bench/30gib-7.bin,627,33554432,863.76,,
0,bench/30gib-7.bin,628,33554432,521.98,,
0,bench/30gib-7.bin,629,33554432,758.16,,
0,bench/30gib-7.bin,630,33554432,704.39,,
0,bench/30gib-7.bin,631,33554432,810.71,,
0,bench/30gib-7.bin,632,33554432,718.92,,
0,bench/30gib-7.bin,633,33554432,557.09,,
0,bench/30gib-7.bin,634,33554432,770.63,,
0,bench/30gib-7.bin,635,33554432,522.07,,
0,bench/30gib-7.bin,636,33554432,817.46,,
0,bench/30gib-7.bin,637,33554432,675.07,,
0,bench/30gib-7.bin,638,33554432,578.20,,
0,bench/30gib-7.bin,639,33554432,736.37,,
0,bench/30gib-7.bin,640,33554432,732.44,,
0,bench/30gib-7.bin,641,33554432,673.56,,
0,bench/30gib-7.bin,642,33554432,540.50,,
0,bench/30gib-7.bin,643,33554432,596.03,,
0,bench/30gib-7.bin,644,33554432,556.76,,
0,bench/30gib-7.bin,645,33554432,576.71,,
0,bench/30gib-7.bin,646,33554432,519.36,,
0,bench/30gib-7.bin,647,33554432,701.08,,
0,bench/30gib-7.bin,648,33554432,922.91,,
0,bench/30gib-7.bin,649,33554432,520.12,,
0,bench/30gib-7.bin,650,33554432,745.85,,
0,bench/30gib-7.bin,651,33554432,885.17,,
0,bench/30gib-7.bin,652,33554432,533.48,,
0,bench/30gib-7.bin,653,33554432,463.99,,
0,bench/30gib-7.bin,654,33554432,462.02,,
0,bench/30gib-7.bin,655,33554432,514.30,,
0,bench/30gib-7.bin,656,33554432,523.72,,
0,bench/30gib-7.bin,657,33554432,537.68,,
0,bench/30gib-7.bin,658,33554432,477.76,,
0,bench/30gib-7.bin,659,33554432,603.85,,
0,bench/30gib-7.bin,660,33554432,485.52,,
0,bench/30gib-7.bin,661,33554432,631.16,,
0,bench/30gib-7.bin,662,33554432,463.60,,
0,bench/30gib-7.bin,663,33554432,981.25,,
0,bench/30gib-7.bin,664,33554432,443.67,,
0,bench/30gib-7.bin,665,33554432,837.58,,
0,bench/30gib-7.bin,666,33554432,581.30,,
0,bench/30gib-7.bin,667,33554432,815.26,,
0,bench/30gib-7.bin,668,33554432,898.44,,
0,bench/30gib-7.bin,669,33554432,868.96,,
0,bench/30gib-7.bin,670,33554432,872.91,,
0,bench/30gib-7.bin,671,33554432,569.28,,
0,bench/30gib-7.bin,672,33554432,804.97,,
0,bench/30gib-7.bin,673,33554432,616.40,,
0,bench/30gib-7.bin,674,33554432,805.43,,
0,bench/30gib-7.bin,675,33554432,611.27,,
0,bench/30gib-7.bin,676,33554432,659.10,,
0,bench/30gib-7.bin,677,33554432,668.78,,
0,bench/30gib-7.bin,678,33554432,572.75,,
0,bench/30gib-7.bin,679,33554432,841.00,,
0,bench/30gib-7.bin,680,33554432,619.64,,
0,bench/30gib-7.bin,681,33554432,517.34,,
0,bench/30gib-7.bin,682,33554432,575.75,,
0,bench/30gib-7.bin,683,33554432,550.13,,
0,bench/30gib-7.bin,684,33554432,671.45,,
0,bench/30gib-7.bin,685,33554432,475.47,,
0,bench/30gib-7.bin,686,33554432,761.26,,
0,bench/30gib-7.bin,687,33554432,398.98,,
0,bench/30gib-7.bin,688,33554432,498.89,,
0,bench/30gib-7.bin,689,33554432,726.35,,
0,bench/30gib-7.bin,690,33554432,473.67,,
0,bench/30gib-7.bin,691,33554432,499.74,,
0,bench/30gib-7.bin,692,33554432,860.05,,
0,bench/30gib-7.bin,693,33554432,528.27,,
0,bench/30gib-7.bin,694,33554432,806.34,,
0,bench/30gib-7.bin,695,33554432,801.32,,
0,bench/30gib-7.bin,696,33554432,651.01,,
0,bench/30gib-7.bin,697,33554432,658.87,,
0,bench/30gib-7.bin,698,33554432,459.72,,
0,bench/30gib-7.bin,699,33554432,560.54,,
0,bench/30gib-7.bin,700,33554432,457.39,,
0,bench/30gib-7.bin,701,33554432,775.00,,
0,bench/30gib-7.bin,702,33554432,578.92,,
0,bench/30gib-7.bin,703,33554432,676.62,,
0,bench/30gib-7.bin,704,33554432,375.15,,
0,bench/30gib-7.bin,705,33554432,685.35,,
0,bench/30gib-7.bin,706,33554432,695.83,,
0,bench/30gib-7.bin,707,33554432,402.09,,
0,bench/30gib-7.bin,708,33554432,533.23,,
0,bench/30gib-7.bin,709,33554432,789.78,,
0,bench/30gib-7.bin,710,33554432,479.96,,
0,bench/30gib-7.bin,711,33554432,608.87,,
0,bench/30gib-7.bin,712,33554432,706.30,,
0,bench/30gib-7.bin,713,33554432,476.62,,
0,bench/30gib-7.bin,714,33554432,627.63,,
0,bench/30gib-7.bin,715,33554432,434.22,,
0,bench/30gib-7.bin,716,33554432,494.03,,
0,bench/30gib-7.bin,717,33554432,472.47,,
0,bench/30gib-7.bin,718,33554432,645.85,,
0,bench/30gib-7.bin,719,33554432,597.59,,
0,bench/30gib-7.bin,720,33554432,794.17,,
0,bench/30gib-7.bin,721,33554432,653.16,,
0,bench/30gib-7.bin,722,33554432,638.52,,
0,bench/30gib-7.bin,723,33554432,593.90,,
0,bench/30gib-7.bin,724,33554432,457.91,,
0,bench/30gib-7.bin,725,33554432,755.50,,
0,bench/30gib-7.bin,726,33554432,512.65,,
0,bench/30gib-7.bin,727,33554432,843.23,,
0,bench/30gib-7.bin,728,33554432,771.29,,
0,bench/30gib-7.bin,729,33554432,552.61,,
0,bench/30gib-7.bin,730,33554432,651.71,,
0,bench/30gib-7.bin,731,33554432,422.78,,
0,bench/30gib-7.bin,732,33554432,876.21,,
0,bench/30gib-7.bin,733,33554432,589.04,,
0,bench/30gib-7.bin,734,33554432,492.06,,
0,bench/30gib-7.bin,735,33554432,665.34,,
0,bench/30gib-7.bin,736,33554432,824.25,,
0,bench/30gib-7.bin,737,33554432,490.72,,
0,bench/30gib-7.bin,738,33554432,841.17,,
0,bench/30gib-7.bin,739,33554432,791.38,,
0,bench/30gib-7.bin,740,33554432,361.67,,
0,bench/30gib-7.bin,741,33554432,841.37,,
0,bench/30gib-7.bin,742,33554432,449.62,,
0,bench/30gib-7.bin,743,33554432,654.73,,
0,bench/30gib-7.bin,744,33554432,574.21,,
0,bench/30gib-7.bin,745,33554432,533.56,,
0,bench/30gib-7.bin,746,33554432,598.17,,
0,bench/30gib-7.bin,747,33554432,468.18,,
0,bench/30gib-7.bin,748,33554432,491.63,,
0,bench/30gib-7.bin,749,33554432,694.38,,
0,bench/30gib-7.bin,750,33554432,574.02,,
0,bench/30gib-7.bin,751,33554432,669.08,,
0,bench/30gib-7.bin,752,33554432,947.82,,
0,bench/30gib-7.bin,753,33554432,950.49,,
0,bench/30gib-7.bin,754,33554432,606.64,,
0,bench/30gib-7.bin,755,33554432,747.26,,
0,bench/30gib-7.bin,756,33554432,650.80,,
0,bench/30gib-7.bin,757,33554432,836.85,,
0,bench/30gib-7.bin,758,33554432,538.71,,
0,bench/30gib-7.bin,759,33554432,588.40,,
0,bench/30gib-7.bin,760,33554432,537.21,,
0,bench/30gib-7.bin,761,33554432,587.75,,
0,bench/30gib-7.bin,762,33554432,744.64,,
0,bench/30gib-7.bin,763,33554432,550.97,,
0,bench/30gib-7.bin,764,33554432,651.80,,
0,bench/30gib-7.bin,765,33554432,639.17,,
0,bench/30gib-7.bin,766,33554432,580.06,,
0,bench/30gib-7.bin,767,33554432,631.00,,
0,bench/30gib-7.bin,768,33554432,850.45,,
0,bench/30gib-7.bin,769,33554432,628.71,,
0,bench/30gib-7.bin,770,33554432,859.23,,
0,bench/30gib-7.bin,771,33554432,884.84,,
0,bench/30gib-7.bin,772,33554432,746.58,,
0,bench/30gib-7.bin,773,33554432,609.07,,
0,bench/30gib-7.bin,774,33554432,526.26,,
0,bench/30gib-7.bin,775,33554432,557.92,,
0,bench/30gib-7.bin,776,33554432,591.57,,
0,bench/30gib-7.bin,777,33554432,477.13,,
0,bench/30gib-7.bin,778,33554432,656.67,,
0,bench/30gib-7.bin,779,33554432,930.04,,
0,bench/30gib-7.bin,780,33554432,790.70,,
0,bench/30gib-7.bin,781,33554432,758.01,,
0,bench/30gib-7.bin,782,33554432,633.69,,
0,bench/30gib-7.bin,783,33554432,506.87,,
0,bench/30gib-7.bin,784,33554432,800.12,,
0,bench/30gib-7.bin,785,33554432,563.99,,
0,bench/30gib-7.bin,786,33554432,563.92,,
0,bench/30gib-7.bin,787,33554432,529.18,,
0,bench/30gib-7.bin,788,33554432,736.41,,
0,bench/30gib-7.bin,789,33554432,619.95,,
0,bench/30gib-7.bin,790,33554432,937.76,,
0,bench/30gib-7.bin,791,33554432,607.11,,
0,bench/30gib-7.bin,792,33554432,768.54,,
0,bench/30gib-7.bin,793,33554432,386.70,,
0,bench/30gib-7.bin,794,33554432,777.61,,
0,bench/30gib-7.bin,795,33554432,807.54,,
0,bench/30gib-7.bin,796,33554432,845.09,,
0,bench/30gib-7.bin,797,33554432,573.12,,
0,bench/30gib-7.bin,798,33554432,663.23,,
0,bench/30gib-7.bin,799,33554432,601.07,,
0,bench/30gib-7.bin,800,33554432,855.46,,
0,bench/30gib-7.bin,801,33554432,630.67,,
0,bench/30gib-7.bin,802,33554432,481.78,,
0,bench/30gib-7.bin,803,33554432,629.69,,
0,bench/30gib-7.bin,804,33554432,680.38,,
0,bench/30gib-7.bin,805,33554432,537.38,,
0,bench/30gib-7.bin,806,33554432,845.65,,
0,bench/30gib-7.bin,807,33554432,631.91,,
0,bench/30gib-7.bin,808,33554432,528.89,,
0,bench/30gib-7.bin,809,33554432,646.48,,
0,bench/30gib-7.bin,810,33554432,554.41,,
0,bench/30gib-7.bin,811,33554432,767.80,,
0,bench/30gib-7.bin,812,33554432,682.69,,
0,bench/30gib-7.bin,813,33554432,673.63,,
0,bench/30gib-7.bin,814,33554432,718.99,,
0,bench/30gib-7.bin,815,33554432,622.19,,
0,bench/30gib-7.bin,816,33554432,671.67,,
0,bench/30gib-7.bin,817,33554432,650.30,,
0,bench/30gib-7.bin,818,33554432,468.74,,
0,bench/30gib-7.bin,819,33554432,459.79,,
0,bench/30gib-7.bin,820,33554432,429.64,,
0,bench/30gib-7.bin,821,33554432,764.43,,
0,bench/30gib-7.bin,822,33554432,632.34,,
0,bench/30gib-7.bin,823,33554432,774.29,,
0,bench/30gib-7.bin,824,33554432,709.68,,
0,bench/30gib-7.bin,825,33554432,560.83,,
0,bench/30gib-7.bin,826,33554432,720.81,,
0,bench/30gib-7.bin,827,33554432,632.90,,
0,bench/30gib-7.bin,828,33554432,623.23,,
0,bench/30gib-7.bin,829,33554432,919.20,,
0,bench/30gib-7.bin,830,33554432,521.99,,
0,bench/30gib-7.bin,831,33554432,637.28,,
0,bench/30gib-7.bin,832,33554432,886.17,,
0,bench/30gib-7.bin,833,33554432,922.94,,
0,bench/30gib-7.bin,834,33554432,581.82,,
0,bench/30gib-7.bin,835,33554432,990.02,,
0,bench/30gib-7.bin,836,33554432,847.75,,
0,bench/30gib-7.bin,837,33554432,630.86,,
0,bench/30gib-7.bin,838,33554432,546.40,,
0,bench/30gib-7.bin,839,33554432,608.02,,
0,bench/30gib-7.bin,840,33554432,802.60,,
0,bench/30gib-7.bin,841,33554432,486.13,,
0,bench/30gib-7.bin,842,33554432,570.08,,
0,bench/30gib-7.bin,843,33554432,804.09,,
0,bench/30gib-7.bin,844,33554432,549.65,,
0,bench/30gib-7.bin,845,33554432,757.22,,
0,bench/30gib-7.bin,846,33554432,574.35,,
0,bench/30gib-7.bin,847,33554432,510.74,,
0,bench/30gib-7.bin,848,33554432,435.88,,
0,bench/30gib-7.bin,849,33554432,524.15,,
0,bench/30gib-7.bin,850,33554432,813.92,,
0,bench/30gib-7.bin,851,33554432,492.41,,
0,bench/30gib-7.bin,852,33554432,660.93,,
0,bench/30gib-7.bin,853,33554432,533.31,,
0,bench/30gib-7.bin,854,33554432,732.97,,
0,bench/30gib-7.bin,855,33554432,803.96,,
0,bench/30gib-7.bin,856,33554432,918.97,,
0,bench/30gib-7.bin,857,33554432,745.90,,
0,bench/30gib-7.bin,858,33554432,903.23,,
0,bench/30gib-7.bin,859,33554432,531.74,,
0,bench/30gib-7.bin,860,33554432,744.70,,
0,bench/30gib-7.bin,861,33554432,753.35,,
0,bench/30gib-7.bin,862,33554432,560.06,,
0,bench/30gib-7.bin,863,33554432,626.32,,
0,bench/30gib-7.bin,864,33554432,599.84,,
0,bench/30gib-7.bin,865,33554432,501.38,,
0,bench/30gib-7.bin,866,33554432,466.51,,
0,bench/30gib-7.bin,867,33554432,856.30,,
0,bench/30gib-7.bin,868,33554432,474.87,,
0,bench/30gib-7.bin,869,33554432,765.71,,
0,bench/30gib-7.bin,870,33554432,647.59,,
0,bench/30gib-7.bin,871,33554432,613.36,,
0,bench/30gib-7.bin,872,33554432,473.13,,
0,bench/30gib-7.bin,873,33554432,815.38,,
0,bench/30gib-7.bin,874,33554432,587.97,,
0,bench/30gib-7.bin,875,33554432,589.95,,
0,bench/30gib-7.bin,876,33554432,555.20,,
0,bench/30gib-7.bin,877,33554432,753.85,,
0,bench/30gib-7.bin,878,33554432,533.43,,
0,bench/30gib-7.bin,879,33554432,668.65,,
0,bench/30gib-7.bin,880,33554432,874.87,,
0,bench/30gib-7.bin,881,33554432,682.04,,
0,bench/30gib-7.bin,882,33554432,518.61,,
0,bench/30gib-7.bin,883,33554432,659.73,,
0,bench/30gib-7.bin,884,33554432,709.51,,
0,bench/30gib-7.bin,885,33554432,519.73,,
0,bench/30gib-7.bin,886,33554432,641.40,,
0,bench/30gib-7.bin,887,33554432,988.34,,
0,bench/30gib-7.bin,888,33554432,672.86,,
0,bench/30gib-7.bin,889,33554432,583.28,,
0,bench/30gib-7.bin,890,33554432,633.59,,
0,bench/30gib-7.bin,891,33554432,609.26,,
0,bench/30gib-7.bin,892,33554432,601.21,,
0,bench/30gib-7.bin,893,33554432,731.66,,
0,bench/30gib-7.bin,894,33554432,426.64,,
0,bench/30gib-7.bin,895,33554432,858.77,,
0,bench/30gib-7.bin,896,33554432,462.13,,
0,bench/30gib-7.bin,897,33554432,642.69,,
0,bench/30gib-7.bin,898,33554432,872.91,,
0,bench/30gib-7.bin,899,33554432,483.04,,
0,bench/30gib-7.bin,900,33554432,469.74,,
0,bench/30gib-7.bin,901,33554432,553.11,,
0,bench/30gib-7.bin,902,33554432,605.24,,
0,bench/30gib-7.bin,903,33554432,530.82,,
0,bench/30gib-7.bin,904,33554432,454.31,,
0,bench/30gib-7.bin,905,33554432,579.91,,
0,bench/30gib-7.bin,906,33554432,669.73,,
0,bench/30gib-7.bin,907,33554432,501.14,,
0,bench/30gib-7.bin,908,33554432,822.39,,
0,bench/30gib-7.bin,909,33554432,876.92,,
0,bench/30gib-7.bin,910,33554432,556.13,,
0,bench/30gib-7.bin,911,33554432,848.95,,
0,bench/30gib-7.bin,912,33554432,777.69,,
0,bench/30gib-7.bin,913,33554432,706.21,,
0,bench/30gib-7.bin,914,33554432,841.48,,
0,bench/30gib-7.bin,915,33554432,616.09,,
0,bench/30gib-7.bin,916,33554432,796.33,,
0,bench/30gib-7.bin,917,33554432,436.91,,
0,bench/30gib-7.bin,918,33554432,770.88,,
0,bench/30gib-7.bin,919,33554432,549.01,,
0,bench/30gib-7.bin,920,33554432,681.40,,
0,bench/30gib-7.bin,921,33554432,583.77,,
0,bench/30gib-7.bin,922,33554432,504.53,,
0,bench/30gib-7.bin,923,33554432,706.10,,
0,bench/30gib-7.bin,924,33554432,534.26,,
0,bench/30gib-7.bin,925,33554432,433.46,,
0,bench/30gib-7.bin,926,33554432,1021.34,,
0,bench/30gib-7.bin,927,33554432,533.95,,
0,bench/30gib-7.bin,928,33554432,673.68,,
0,bench/30gib-7.bin,929,33554432,789.09,,
0,bench/30gib-7.bin,930,33554432,568.52,,
0,bench/30gib-7.bin,931,33554432,785.85,,
0,bench/30gib-7.bin,932,33554432,497.62,,
0,bench/30gib-7.bin,933,33554432,565.06,,
0,bench/30gib-7.bin,934,33554432,898.12,,
0,bench/30gib-7.bin,935,33554432,532.65,,
0,bench/30gib-7.bin,936,33554432,546.72,,
0,bench/30gib-7.bin,937,33554432,568.41,,
0,bench/30gib-7.bin,938,33554432,667.12,,
0,bench/30gib-7.bin,939,33554432,467.41,,
0,bench/30gib-7.bin,940,33554432,596.23,,
0,bench/30gib-7.bin,941,33554432,525.90,,
0,bench/30gib-7.bin,942,33554432,587.66,,
0,bench/30gib-7.bin,943,33554432,720.40,,
0,bench/30gib-7.bin,944,33554432,623.23,,
0,bench/30gib-7.bin,945,33554432,617.06,,
0,bench/30gib-7.bin,946,33554432,726.60,,
0,bench/30gib-7.bin,947,33554432,538.50,,
0,bench/30gib-7.bin,948,33554432,479.27,,
0,bench/30gib-7.bin,949,33554432,570.59,,
0,bench/30gib-7.bin,950,33554432,510.54,,
0,bench/30gib-7.bin,951,33554432,657.99,,
0,bench/30gib-7.bin,952,33554432,530.31,,
0,bench/30gib-7.bin,953,33554432,551.15,,
0,bench/30gib-7.bin,954,33554432,539.89,,
0,bench/30gib-7.bin,955,33554432,423.87,,
0,bench/30gib-7.bin,956,33554432,471.70,,
0,bench/30gib-7.bin,957,33554432,392.77,,
0,bench/30gib-7.bin,958,33554432,421.91,,
0,bench/30gib-7.bin,959,33554432,409.53,,
0,bench/30gib-7.bin,960,33554432,367.24,,
0,bench/30gib-8.bin,1,33554432,1338.05,,
0,bench/30gib-8.bin,2,33554432,1523.18,,
0,bench/30gib-8.bin,3,33554432,1420.80,,
0,bench/30gib-8.bin,4,33554432,1529.47,,
0,bench/30gib-8.bin,5,33554432,1549.27,,
0,bench/30gib-8.bin,6,33554432,1277.92,,
0,bench/30gib-8.bin,7,33554432,1619.69,,
0,bench/30gib-8.bin,8,33554432,1942.18,,
0,bench/30gib-8.bin,9,33554432,1596.07,,
0,bench/30gib-8.bin,10,33554432,1201.55,,
0,bench/30gib-8.bin,11,33554432,1894.90,,
0,bench/30gib-8.bin,12,33554432,1326.63,,
0,bench/30gib-8.bin,13,33554432,1291.27,,
0,bench/30gib-8.bin,14,33554432,1136.26,,
0,bench/30gib-8.bin,15,33554432,1652.96,,
0,bench/30gib-8.bin,16,33554432,1280.71,,
0,bench/30gib-8.bin,17,33554432,1416.09,,
0,bench/30gib-8.bin,18,33554432,1294.02,,
0,bench/30gib-8.bin,19,33554432,1525.14,,
0,bench/30gib-8.bin,20,33554432,1718.49,,
0,bench/30gib-8.bin,21,33554432,1403.71,,
0,bench/30gib-8.bin,22,33554432,1396.54,,
0,bench/30gib-8.bin,23,33554432,1581.35,,
0,bench/30gib-8.bin,24,33554432,1597.47,,
0,bench/30gib-8.bin,25,33554432,1536.99,,
0,bench/30gib-8.bin,26,33554432,1545.30,,
0,bench/30gib-8.bin,27,33554432,1341.89,,
0,bench/30gib-8.bin,28,33554432,1305.35,,
0,bench/30gib-8.bin,29,33554432,1249.60,,
0,bench/30gib-8.bin,30,33554432,1741.26,,
0,bench/30gib-8.bin,31,33554432,1766.51,,
0,bench/30gib-8.bin,32,33554432,1088.05,,
0,bench/30gib-8.bin,33,33554432,1428.59,,
0,bench/30gib-8.bin,34,33554432,3032.93,,
0,bench/30gib-8.bin,35,33554432,1259.69,,
0,bench/30gib-8.bin,36,33554432,1449.99,,
0,bench/30gib-8.bin,37,33554432,878.27,,
0,bench/30gib-8.bin,38,33554432,960.96,,
0,bench/30gib-8.bin,39,33554432,742.55,,
0,bench/30gib-8.bin,40,33554432,941.20,,
0,bench/30gib-8.bin,41,33554432,1076.68,,
0,bench/30gib-8.bin,42,33554432,720.06,,
0,bench/30gib-8.bin,43,33554432,1112.02,,
0,bench/30gib-8.bin,44,33554432,925.86,,
0,bench/30gib-8.bin,45,33554432,931.05,,
0,bench/30gib-8.bin,46,33554432,1406.44,,
0,bench/30gib-8.bin,47,33554432,716.19,,
0,bench/30gib-8.bin,48,33554432,1413.12,,
0,bench/30gib-8.bin,49,33554432,459.24,,
0,bench/30gib-8.bin,50,33554432,838.03,,
0,bench/30gib-8.bin,51,33554432,1107.03,,
0,bench/30gib-8.bin,52,33554432,1137.88,,
0,bench/30gib-8.bin,53,33554432,991.61,,
0,bench/30gib-8.bin,54,33554432,942.94,,
0,bench/30gib-8.bin,55,33554432,720.81,,
0,bench/30gib-8.bin,56,33554432,1634.65,,
0,bench/30gib-8.bin,57,33554432,1102.88,,
0,bench/30gib-8.bin,58,33554432,1551.12,,
0,bench/30gib-8.bin,59,33554432,1041.25,,
0,bench/30gib-8.bin,60,33554432,678.30,,
0,bench/30gib-8.bin,61,33554432,922.86,,
0,bench/30gib-8.bin,62,33554432,818.63,,
0,bench/30gib-8.bin,63,33554432,759.00,,
0,bench/30gib-8.bin,64,33554432,1151.89,,
0,bench/30gib-8.bin,65,33554432,1096.22,,
0,bench/30gib-8.bin,66,33554432,873.79,,
0,bench/30gib-8.bin,67,33554432,1157.19,,
0,bench/30gib-8.bin,68,33554432,686.30,,
0,bench/30gib-8.bin,69,33554432,655.70,,
0,bench/30gib-8.bin,70,33554432,1149.62,,
0,bench/30gib-8.bin,71,33554432,575.08,,
0,bench/30gib-8.bin,72,33554432,958.23,,
0,bench/30gib-8.bin,73,33554432,921.44,,
0,bench/30gib-8.bin,74,33554432,492.52,,
0,bench/30gib-8.bin,75,33554432,605.42,,
0,bench/30gib-8.bin,76,33554432,671.51,,
0,bench/30gib-8.bin,77,33554432,747.60,,
0,bench/30gib-8.bin,78,33554432,871.42,,
0,bench/30gib-8.bin,79,33554432,713.34,,
0,bench/30gib-8.bin,80,33554432,584.12,,
0,bench/30gib-8.bin,81,33554432,475.80,,
0,bench/30gib-8.bin,82,33554432,584.78,,
0,bench/30gib-8.bin,83,33554432,597.69,,
0,bench/30gib-8.bin,84,33554432,773.50,,
0,bench/30gib-8.bin,85,33554432,1054.53,,
0,bench/30gib-8.bin,86,33554432,885.13,,
0,bench/30gib-8.bin,87,33554432,667.88,,
0,bench/30gib-8.bin,88,33554432,1109.88,,
0,bench/30gib-8.bin,89,33554432,473.72,,
0,bench/30gib-8.bin,90,33554432,465.98,,
0,bench/30gib-8.bin,91,33554432,896.69,,
0,bench/30gib-8.bin,92,33554432,620.17,,
0,bench/30gib-8.bin,93,33554432,414.03,,
0,bench/30gib-8.bin,94,33554432,986.67,,
0,bench/30gib-8.bin,95,33554432,496.90,,
0,bench/30gib-8.bin,96,33554432,497.79,,
0,bench/30gib-8.bin,97,33554432,1054.32,,
0,bench/30gib-8.bin,98,33554432,808.42,,
0,bench/30gib-8.bin,99,33554432,526.15,,
0,bench/30gib-8.bin,100,33554432,686.63,,
0,bench/30gib-8.bin,101,33554432,494.72,,
0,bench/30gib-8.bin,102,33554432,532.41,,
0,bench/30gib-8.bin,103,33554432,511.47,,
0,bench/30gib-8.bin,104,33554432,466.13,,
0,bench/30gib-8.bin,105,33554432,772.08,,
0,bench/30gib-8.bin,106,33554432,776.22,,
0,bench/30gib-8.bin,107,33554432,772.80,,
0,bench/30gib-8.bin,108,33554432,662.34,,
0,bench/30gib-8.bin,109,33554432,822.68,,
0,bench/30gib-8.bin,110,33554432,717.28,,
0,bench/30gib-8.bin,111,33554432,819.07,,
0,bench/30gib-8.bin,112,33554432,888.32,,
0,bench/30gib-8.bin,113,33554432,660.20,,
0,bench/30gib-8.bin,114,33554432,633.61,,
0,bench/30gib-8.bin,115,33554432,615.64,,
0,bench/30gib-8.bin,116,33554432,917.79,,
0,bench/30gib-8.bin,117,33554432,821.23,,
0,bench/30gib-8.bin,118,33554432,581.73,,
0,bench/30gib-8.bin,119,33554432,999.16,,
0,bench/30gib-8.bin,120,33554432,830.80,,
0,bench/30gib-8.bin,121,33554432,957.71,,
0,bench/30gib-8.bin,122,33554432,351.38,,
0,bench/30gib-8.bin,123,33554432,575.70,,
0,bench/30gib-8.bin,124,33554432,584.15,,
0,bench/30gib-8.bin,125,33554432,449.57,,
0,bench/30gib-8.bin,126,33554432,445.39,,
0,bench/30gib-8.bin,127,33554432,748.44,,
0,bench/30gib-8.bin,128,33554432,631.34,,
0,bench/30gib-8.bin,129,33554432,571.90,,
0,bench/30gib-8.bin,130,33554432,418.84,,
0,bench/30gib-8.bin,131,33554432,588.78,,
0,bench/30gib-8.bin,132,33554432,486.19,,
0,bench/30gib-8.bin,133,33554432,638.74,,
0,bench/30gib-8.bin,134,33554432,538.82,,
0,bench/30gib-8.bin,135,33554432,567.04,,
0,bench/30gib-8.bin,136,33554432,502.59,,
0,bench/30gib-8.bin,137,33554432,686.25,,
0,bench/30gib-8.bin,138,33554432,736.02,,
0,bench/30gib-8.bin,139,33554432,522.38,,
0,bench/30gib-8.bin,140,33554432,769.33,,
0,bench/30gib-8.bin,141,33554432,930.36,,
0,bench/30gib-8.bin,142,33554432,564.76,,
0,bench/30gib-8.bin,143,33554432,513.50,,
0,bench/30gib-8.bin,144,33554432,488.01,,
0,bench/30gib-8.bin,145,33554432,565.78,,
0,bench/30gib-8.bin,146,33554432,636.23,,
0,bench/30gib-8.bin,147,33554432,752.11,,
0,bench/30gib-8.bin,148,33554432,607.26,,
0,bench/30gib-8.bin,149,33554432,558.43,,
0,bench/30gib-8.bin,150,33554432,652.67,,
0,bench/30gib-8.bin,151,33554432,858.64,,
0,bench/30gib-8.bin,152,33554432,796.22,,
0,bench/30gib-8.bin,153,33554432,441.16,,
0,bench/30gib-8.bin,154,33554432,696.07,,
0,bench/30gib-8.bin,155,33554432,861.40,,
0,bench/30gib-8.bin,156,33554432,588.37,,
0,bench/30gib-8.bin,157,33554432,612.79,,
0,bench/30gib-8.bin,158,33554432,528.00,,
0,bench/30gib-8.bin,159,33554432,806.86,,
0,bench/30gib-8.bin,160,33554432,643.77,,
0,bench/30gib-8.bin,161,33554432,355.44,,
0,bench/30gib-8.bin,162,33554432,649.64,,
0,bench/30gib-8.bin,163,33554432,958.46,,
0,bench/30gib-8.bin,164,33554432,633.71,,
0,bench/30gib-8.bin,165,33554432,591.68,,
0,bench/30gib-8.bin,166,33554432,649.50,,
0,bench/30gib-8.bin,167,33554432,522.61,,
0,bench/30gib-8.bin,168,33554432,561.07,,
0,bench/30gib-8.bin,169,33554432,628.05,,
0,bench/30gib-8.bin,170,33554432,655.11,,
0,bench/30gib-8.bin,171,33554432,589.55,,
0,bench/30gib-8.bin,172,33554432,604.65,,
0,bench/30gib-8.bin,173,33554432,543.17,,
0,bench/30gib-8.bin,174,33554432,558.53,,
0,bench/30gib-8.bin,175,33554432,898.97,,
0,bench/30gib-8.bin,176,33554432,710.37,,
0,bench/30gib-8.bin,177,33554432,511.46,,
0,bench/30gib-8.bin,178,33554432,619.51,,
0,bench/30gib-8.bin,179,33554432,467.48,,
0,bench/30gib-8.bin,180,33554432,691.54,,
0,bench/30gib-8.bin,181,33554432,623.81,,
0,bench/30gib-8.bin,182,33554432,476.44,,
0,bench/30gib-8.bin,183,33554432,787.36,,
0,bench/30gib-8.bin,184,33554432,653.46,,
0,bench/30gib-8.bin,185,33554432,921.08,,
0,bench/30gib-8.bin,186,33554432,370.56,,
0,bench/30gib-8.bin,187,33554432,879.16,,
0,bench/30gib-8.bin,188,33554432,821.14,,
0,bench/30gib-8.bin,189,33554432,669.22,,
0,bench/30gib-8.bin,190,33554432,741.19,,
0,bench/30gib-8.bin,191,33554432,659.32,,
0,bench/30gib-8.bin,192,33554432,615.77,,
0,bench/30gib-8.bin,193,33554432,843.94,,
0,bench/30gib-8.bin,194,33554432,819.86,,
0,bench/30gib-8.bin,195,33554432,909.73,,
0,bench/30gib-8.bin,196,33554432,499.65,,
0,bench/30gib-8.bin,197,33554432,632.02,,
0,bench/30gib-8.bin,198,33554432,834.27,,
0,bench/30gib-8.bin,199,33554432,723.84,,
0,bench/30gib-8.bin,200,33554432,721.09,,
0,bench/30gib-8.bin,201,33554432,831.85,,
0,bench/30gib-8.bin,202,33554432,531.39,,
0,bench/30gib-8.bin,203,33554432,494.33,,
0,bench/30gib-8.bin,204,33554432,491.69,,
0,bench/30gib-8.bin,205,33554432,455.51,,
0,bench/30gib-8.bin,206,33554432,492.54,,
0,bench/30gib-8.bin,207,33554432,471.04,,
0,bench/30gib-8.bin,208,33554432,510.81,,
0,bench/30gib-8.bin,209,33554432,453.55,,
0,bench/30gib-8.bin,210,33554432,593.85,,
0,bench/30gib-8.bin,211,33554432,497.12,,
0,bench/30gib-8.bin,212,33554432,478.08,,
0,bench/30gib-8.bin,213,33554432,519.09,,
0,bench/30gib-8.bin,214,33554432,417.69,,
0,bench/30gib-8.bin,215,33554432,487.53,,
0,bench/30gib-8.bin,216,33554432,615.54,,
0,bench/30gib-8.bin,217,33554432,690.22,,
0,bench/30gib-8.bin,218,33554432,690.46,,
0,bench/30gib-8.bin,219,33554432,514.42,,
0,bench/30gib-8.bin,220,33554432,640.45,,
0,bench/30gib-8.bin,221,33554432,437.83,,
0,bench/30gib-8.bin,222,33554432,748.12,,
0,bench/30gib-8.bin,223,33554432,538.89,,
0,bench/30gib-8.bin,224,33554432,830.80,,
0,bench/30gib-8.bin,225,33554432,529.13,,
0,bench/30gib-8.bin,226,33554432,559.95,,
0,bench/30gib-8.bin,227,33554432,553.20,,
0,bench/30gib-8.bin,228,33554432,494.83,,
0,bench/30gib-8.bin,229,33554432,890.79,,
0,bench/30gib-8.bin,230,33554432,781.32,,
0,bench/30gib-8.bin,231,33554432,666.58,,
0,bench/30gib-8.bin,232,33554432,507.48,,
0,bench/30gib-8.bin,233,33554432,554.41,,
0,bench/30gib-8.bin,234,33554432,520.35,,
0,bench/30gib-8.bin,235,33554432,494.82,,
0,bench/30gib-8.bin,236,33554432,407.04,,
0,bench/30gib-8.bin,237,33554432,547.95,,
0,bench/30gib-8.bin,238,33554432,865.52,,
0,bench/30gib-8.bin,239,33554432,444.62,,
0,bench/30gib-8.bin,240,33554432,709.66,,
0,bench/30gib-8.bin,241,33554432,934.55,,
0,bench/30gib-8.bin,242,33554432,506.33,,
0,bench/30gib-8.bin,243,33554432,456.75,,
0,bench/30gib-8.bin,244,33554432,787.27,,
0,bench/30gib-8.bin,245,33554432,760.59,,
0,bench/30gib-8.bin,246,33554432,497.94,,
0,bench/30gib-8.bin,247,33554432,647.91,,
0,bench/30gib-8.bin,248,33554432,858.22,,
0,bench/30gib-8.bin,249,33554432,439.01,,
0,bench/30gib-8.bin,250,33554432,615.06,,
0,bench/30gib-8.bin,251,33554432,746.76,,
0,bench/30gib-8.bin,252,33554432,780.45,,
0,bench/30gib-8.bin,253,33554432,490.25,,
0,bench/30gib-8.bin,254,33554432,514.44,,
0,bench/30gib-8.bin,255,33554432,905.71,,
0,bench/30gib-8.bin,256,33554432,673.06,,
0,bench/30gib-8.bin,257,33554432,601.61,,
0,bench/30gib-8.bin,258,33554432,801.07,,
0,bench/30gib-8.bin,259,33554432,787.60,,
0,bench/30gib-8.bin,260,33554432,502.79,,
0,bench/30gib-8.bin,261,33554432,523.08,,
0,bench/30gib-8.bin,262,33554432,616.30,,
0,bench/30gib-8.bin,263,33554432,429.73,,
0,bench/30gib-8.bin,264,33554432,897.79,,
0,bench/30gib-8.bin,265,33554432,744.32,,
0,bench/30gib-8.bin,266,33554432,877.84,,
0,bench/30gib-8.bin,267,33554432,890.69,,
0,bench/30gib-8.bin,268,33554432,622.47,,
0,bench/30gib-8.bin,269,33554432,538.26,,
0,bench/30gib-8.bin,270,33554432,507.14,,
0,bench/30gib-8.bin,271,33554432,838.94,,
0,bench/30gib-8.bin,272,33554432,526.27,,
0,bench/30gib-8.bin,273,33554432,508.21,,
0,bench/30gib-8.bin,274,33554432,704.45,,
0,bench/30gib-8.bin,275,33554432,524.58,,
0,bench/30gib-8.bin,276,33554432,719.80,,
0,bench/30gib-8.bin,277,33554432,519.31,,
0,bench/30gib-8.bin,278,33554432,682.13,,
0,bench/30gib-8.bin,279,33554432,529.33,,
0,bench/30gib-8.bin,280,33554432,599.81,,
0,bench/30gib-8.bin,281,33554432,539.70,,
0,bench/30gib-8.bin,282,33554432,505.55,,
0,bench/30gib-8.bin,283,33554432,486.85,,
0,bench/30gib-8.bin,284,33554432,455.45,,
0,bench/30gib-8.bin,285,33554432,804.84,,
0,bench/30gib-8.bin,286,33554432,708.90,,
0,bench/30gib-8.bin,287,33554432,580.93,,
0,bench/30gib-8.bin,288,33554432,521.08,,
0,bench/30gib-8.bin,289,33554432,542.86,,
0,bench/30gib-8.bin,290,33554432,486.36,,
0,bench/30gib-8.bin,291,33554432,904.15,,
0,bench/30gib-8.bin,292,33554432,488.29,,
0,bench/30gib-8.bin,293,33554432,581.61,,
0,bench/30gib-8.bin,294,33554432,668.96,,
0,bench/30gib-8.bin,295,33554432,812.69,,
0,bench/30gib-8.bin,296,33554432,571.18,,
0,bench/30gib-8.bin,297,33554432,499.48,,
0,bench/30gib-8.bin,298,33554432,599.23,,
0,bench/30gib-8.bin,299,33554432,654.31,,
0,bench/30gib-8.bin,300,33554432,485.53,,
0,bench/30gib-8.bin,301,33554432,524.22,,
0,bench/30gib-8.bin,302,33554432,611.38,,
0,bench/30gib-8.bin,303,33554432,545.52,,
0,bench/30gib-8.bin,304,33554432,618.72,,
0,bench/30gib-8.bin,305,33554432,534.62,,
0,bench/30gib-8.bin,306,33554432,518.18,,
0,bench/30gib-8.bin,307,33554432,602.77,,
0,bench/30gib-8.bin,308,33554432,799.50,,
0,bench/30gib-8.bin,309,33554432,541.05,,
0,bench/30gib-8.bin,310,33554432,637.20,,
0,bench/30gib-8.bin,311,33554432,498.66,,
0,bench/30gib-8.bin,312,33554432,686.91,,
0,bench/30gib-8.bin,313,33554432,791.78,,
0,bench/30gib-8.bin,314,33554432,646.60,,
0,bench/30gib-8.bin,315,33554432,442.19,,
0,bench/30gib-8.bin,316,33554432,530.28,,
0,bench/30gib-8.bin,317,33554432,743.59,,
0,bench/30gib-8.bin,318,33554432,773.47,,
0,bench/30gib-8.bin,319,33554432,584.44,,
0,bench/30gib-8.bin,320,33554432,544.98,,
0,bench/30gib-8.bin,321,33554432,694.42,,
0,bench/30gib-8.bin,322,33554432,902.04,,
0,bench/30gib-8.bin,323,33554432,692.69,,
0,bench/30gib-8.bin,324,33554432,901.31,,
0,bench/30gib-8.bin,325,33554432,447.45,,
0,bench/30gib-8.bin,326,33554432,676.17,,
0,bench/30gib-8.bin,327,33554432,914.78,,
0,bench/30gib-8.bin,328,33554432,892.23,,
0,bench/30gib-8.bin,329,33554432,882.13,,
0,bench/30gib-8.bin,330,33554432,720.18,,
0,bench/30gib-8.bin,331,33554432,446.14,,
0,bench/30gib-8.bin,332,33554432,542.60,,
0,bench/30gib-8.bin,333,33554432,862.22,,
0,bench/30gib-8.bin,334,33554432,665.81,,
0,bench/30gib-8.bin,335,33554432,511.51,,
0,bench/30gib-8.bin,336,33554432,505.11,,
0,bench/30gib-8.bin,337,33554432,940.35,,
0,bench/30gib-8.bin,338,33554432,649.03,,
0,bench/30gib-8.bin,339,33554432,554.92,,
0,bench/30gib-8.bin,340,33554432,908.70,,
0,bench/30gib-8.bin,341,33554432,649.04,,
0,bench/30gib-8.bin,342,33554432,642.67,,
0,bench/30gib-8.bin,343,33554432,514.77,,
0,bench/30gib-8.bin,344,33554432,534.18,,
0,bench/30gib-8.bin,345,33554432,755.84,,
0,bench/30gib-8.bin,346,33554432,919.07,,
0,bench/30gib-8.bin,347,33554432,793.14,,
0,bench/30gib-8.bin,348,33554432,715.61,,
0,bench/30gib-8.bin,349,33554432,541.30,,
0,bench/30gib-8.bin,350,33554432,690.71,,
0,bench/30gib-8.bin,351,33554432,475.54,,
0,bench/30gib-8.bin,352,33554432,595.78,,
0,bench/30gib-8.bin,353,33554432,602.54,,
0,bench/30gib-8.bin,354,33554432,734.28,,
0,bench/30gib-8.bin,355,33554432,856.43,,
0,bench/30gib-8.bin,356,33554432,565.20,,
0,bench/30gib-8.bin,357,33554432,636.49,,
0,bench/30gib-8.bin,358,33554432,646.16,,
0,bench/30gib-8.bin,359,33554432,511.81,,
0,bench/30gib-8.bin,360,33554432,782.91,,
0,bench/30gib-8.bin,361,33554432,603.43,,
0,bench/30gib-8.bin,362,33554432,935.52,,
0,bench/30gib-8.bin,363,33554432,438.75,,
0,bench/30gib-8.bin,364,33554432,477.50,,
0,bench/30gib-8.bin,365,33554432,579.64,,
0,bench/30gib-8.bin,366,33554432,903.87,,
0,bench/30gib-8.bin,367,33554432,697.71,,
0,bench/30gib-8.bin,368,33554432,765.72,,
0,bench/30gib-8.bin,369,33554432,568.35,,
0,bench/30gib-8.bin,370,33554432,746.36,,
0,bench/30gib-8.bin,371,33554432,785.89,,
0,bench/30gib-8.bin,372,33554432,559.59,,
0,bench/30gib-8.bin,373,33554432,620.67,,
0,bench/30gib-8.bin,374,33554432,798.19,,
0,bench/30gib-8.bin,375,33554432,566.42,,
0,bench/30gib-8.bin,376,33554432,786.00,,
0,bench/30gib-8.bin,377,33554432,721.42,,
0,bench/30gib-8.bin,378,33554432,400.98,,
0,bench/30gib-8.bin,379,33554432,369.22,,
0,bench/30gib-8.bin,380,33554432,672.68,,
0,bench/30gib-8.bin,381,33554432,661.30,,
0,bench/30gib-8.bin,382,33554432,584.19,,
0,bench/30gib-8.bin,383,33554432,550.13,,
0,bench/30gib-8.bin,384,33554432,781.25,,
0,bench/30gib-8.bin,385,33554432,657.30,,
0,bench/30gib-8.bin,386,33554432,582.03,,
0,bench/30gib-8.bin,387,33554432,589.66,,
0,bench/30gib-8.bin,388,33554432,660.24,,
0,bench/30gib-8.bin,389,33554432,532.27,,
0,bench/30gib-8.bin,390,33554432,725.27,,
0,bench/30gib-8.bin,391,33554432,726.17,,
0,bench/30gib-8.bin,392,33554432,495.92,,
0,bench/30gib-8.bin,393,33554432,918.53,,
0,bench/30gib-8.bin,394,33554432,626.53,,
0,bench/30gib-8.bin,395,33554432,682.01,,
0,bench/30gib-8.bin,396,33554432,654.19,,
0,bench/30gib-8.bin,397,33554432,478.40,,
0,bench/30gib-8.bin,398,33554432,485.14,,
0,bench/30gib-8.bin,399,33554432,635.80,,
0,bench/30gib-8.bin,400,33554432,531.21,,
0,bench/30gib-8.bin,401,33554432,608.58,,
0,bench/30gib-8.bin,402,33554432,525.29,,
0,bench/30gib-8.bin,403,33554432,801.10,,
0,bench/30gib-8.bin,404,33554432,589.40,,
0,bench/30gib-8.bin,405,33554432,481.00,,
0,bench/30gib-8.bin,406,33554432,771.89,,
0,bench/30gib-8.bin,407,33554432,558.62,,
0,bench/30gib-8.bin,408,33554432,550.76,,
0,bench/30gib-8.bin,409,33554432,834.38,,
0,bench/30gib-8.bin,410,33554432,698.03,,
0,bench/30gib-8.bin,411,33554432,809.85,,
0,bench/30gib-8.bin,412,33554432,703.67,,
0,bench/30gib-8.bin,413,33554432,513.09,,
0,bench/30gib-8.bin,414,33554432,983.34,,
0,bench/30gib-8.bin,415,33554432,636.20,,
0,bench/30gib-8.bin,416,33554432,606.60,,
0,bench/30gib-8.bin,417,33554432,766.54,,
0,bench/30gib-8.bin,418,33554432,489.58,,
0,bench/30gib-8.bin,419,33554432,556.66,,
0,bench/30gib-8.bin,420,33554432,941.05,,
0,bench/30gib-8.bin,421,33554432,504.24,,
0,bench/30gib-8.bin,422,33554432,774.20,,
0,bench/30gib-8.bin,423,33554432,581.59,,
0,bench/30gib-8.bin,424,33554432,564.09,,
0,bench/30gib-8.bin,425,33554432,877.85,,
0,bench/30gib-8.bin,426,33554432,609.69,,
0,bench/30gib-8.bin,427,33554432,565.52,,
0,bench/30gib-8.bin,428,33554432,939.54,,
0,bench/30gib-8.bin,429,33554432,475.81,,
0,bench/30gib-8.bin,430,33554432,511.12,,
0,bench/30gib-8.bin,431,33554432,700.40,,
0,bench/30gib-8.bin,432,33554432,546.95,,
0,bench/30gib-8.bin,433,33554432,584.70,,
0,bench/30gib-8.bin,434,33554432,491.70,,
0,bench/30gib-8.bin,435,33554432,793.49,,
0,bench/30gib-8.bin,436,33554432,674.15,,
0,bench/30gib-8.bin,437,33554432,528.82,,
0,bench/30gib-8.bin,438,33554432,677.80,,
0,bench/30gib-8.bin,439,33554432,770.93,,
0,bench/30gib-8.bin,440,33554432,548.16,,
0,bench/30gib-8.bin,441,33554432,667.48,,
0,bench/30gib-8.bin,442,33554432,461.09,,
0,bench/30gib-8.bin,443,33554432,936.81,,
0,bench/30gib-8.bin,444,33554432,572.64,,
0,bench/30gib-8.bin,445,33554432,652.84,,
0,bench/30gib-8.bin,446,33554432,711.95,,
0,bench/30gib-8.bin,447,33554432,620.08,,
0,bench/30gib-8.bin,448,33554432,965.09,,
0,bench/30gib-8.bin,449,33554432,739.47,,
0,bench/30gib-8.bin,450,33554432,691.84,,
0,bench/30gib-8.bin,451,33554432,670.78,,
0,bench/30gib-8.bin,452,33554432,629.88,,
0,bench/30gib-8.bin,453,33554432,660.96,,
0,bench/30gib-8.bin,454,33554432,712.37,,
0,bench/30gib-8.bin,455,33554432,629.39,,
0,bench/30gib-8.bin,456,33554432,930.52,,
0,bench/30gib-8.bin,457,33554432,746.75,,
0,bench/30gib-8.bin,458,33554432,632.44,,
0,bench/30gib-8.bin,459,33554432,625.21,,
0,bench/30gib-8.bin,460,33554432,595.13,,
0,bench/30gib-8.bin,461,33554432,734.06,,
0,bench/30gib-8.bin,462,33554432,757.82,,
0,bench/30gib-8.bin,463,33554432,635.99,,
0,bench/30gib-8.bin,464,33554432,633.24,,
0,bench/30gib-8.bin,465,33554432,403.19,,
0,bench/30gib-8.bin,466,33554432,572.56,,
0,bench/30gib-8.bin,467,33554432,495.79,,
0,bench/30gib-8.bin,468,33554432,659.73,,
0,bench/30gib-8.bin,469,33554432,694.09,,
0,bench/30gib-8.bin,470,33554432,748.23,,
0,bench/30gib-8.bin,471,33554432,652.98,,
0,bench/30gib-8.bin,472,33554432,657.72,,
0,bench/30gib-8.bin,473,33554432,642.94,,
0,bench/30gib-8.bin,474,33554432,514.92,,
0,bench/30gib-8.bin,475,33554432,733.03,,
0,bench/30gib-8.bin,476,33554432,561.40,,
0,bench/30gib-8.bin,477,33554432,706.81,,
0,bench/30gib-8.bin,478,33554432,562.63,,
0,bench/30gib-8.bin,479,33554432,535.14,,
0,bench/30gib-8.bin,480,33554432,810.57,,
0,bench/30gib-8.bin,481,33554432,505.15,,
0,bench/30gib-8.bin,482,33554432,740.48,,
0,bench/30gib-8.bin,483,33554432,625.42,,
0,bench/30gib-8.bin,484,33554432,563.76,,
0,bench/30gib-8.bin,485,33554432,1025.35,,
0,bench/30gib-8.bin,486,33554432,519.88,,
0,bench/30gib-8.bin,487,33554432,590.59,,
0,bench/30gib-8.bin,488,33554432,426.90,,
0,bench/30gib-8.bin,489,33554432,840.63,,
0,bench/30gib-8.bin,490,33554432,810.43,,
0,bench/30gib-8.bin,491,33554432,595.31,,
0,bench/30gib-8.bin,492,33554432,773.03,,
0,bench/30gib-8.bin,493,33554432,535.40,,
0,bench/30gib-8.bin,494,33554432,593.55,,
0,bench/30gib-8.bin,495,33554432,588.41,,
0,bench/30gib-8.bin,496,33554432,547.50,,
0,bench/30gib-8.bin,497,33554432,940.28,,
0,bench/30gib-8.bin,498,33554432,509.65,,
0,bench/30gib-8.bin,499,33554432,662.76,,
0,bench/30gib-8.bin,500,33554432,648.41,,
0,bench/30gib-8.bin,501,33554432,578.23,,
0,bench/30gib-8.bin,502,33554432,894.76,,
0,bench/30gib-8.bin,503,33554432,745.86,,
0,bench/30gib-8.bin,504,33554432,668.03,,
0,bench/30gib-8.bin,505,33554432,595.68,,
0,bench/30gib-8.bin,506,33554432,580.60,,
0,bench/30gib-8.bin,507,33554432,711.22,,
0,bench/30gib-8.bin,508,33554432,765.95,,
0,bench/30gib-8.bin,509,33554432,469.73,,
0,bench/30gib-8.bin,510,33554432,791.20,,
0,bench/30gib-8.bin,511,33554432,839.74,,
0,bench/30gib-8.bin,512,33554432,980.06,,
0,bench/30gib-8.bin,513,33554432,669.36,,
0,bench/30gib-8.bin,514,33554432,702.27,,
0,bench/30gib-8.bin,515,33554432,646.54,,
0,bench/30gib-8.bin,516,33554432,791.69,,
0,bench/30gib-8.bin,517,33554432,601.44,,
0,bench/30gib-8.bin,518,33554432,450.74,,
0,bench/30gib-8.bin,519,33554432,476.14,,
0,bench/30gib-8.bin,520,33554432,500.53,,
0,bench/30gib-8.bin,521,33554432,506.81,,
0,bench/30gib-8.bin,522,33554432,713.30,,
0,bench/30gib-8.bin,523,33554432,496.80,,
0,bench/30gib-8.bin,524,33554432,906.79,,
0,bench/30gib-8.bin,525,33554432,890.33,,
0,bench/30gib-8.bin,526,33554432,633.75,,
0,bench/30gib-8.bin,527,33554432,1001.88,,
0,bench/30gib-8.bin,528,33554432,699.53,,
0,bench/30gib-8.bin,529,33554432,551.53,,
0,bench/30gib-8.bin,530,33554432,850.87,,
0,bench/30gib-8.bin,531,33554432,785.51,,
0,bench/30gib-8.bin,532,33554432,960.14,,
0,bench/30gib-8.bin,533,33554432,609.32,,
0,bench/30gib-8.bin,534,33554432,415.87,,
0,bench/30gib-8.bin,535,33554432,520.01,,
0,bench/30gib-8.bin,536,33554432,663.56,,
0,bench/30gib-8.bin,537,33554432,575.23,,
0,bench/30gib-8.bin,538,33554432,775.60,,
0,bench/30gib-8.bin,539,33554432,664.82,,
0,bench/30gib-8.bin,540,33554432,696.21,,
0,bench/30gib-8.bin,541,33554432,533.01,,
0,bench/30gib-8.bin,542,33554432,564.31,,
0,bench/30gib-8.bin,543,33554432,621.08,,
0,bench/30gib-8.bin,544,33554432,504.73,,
0,bench/30gib-8.bin,545,33554432,389.30,,
0,bench/30gib-8.bin,546,33554432,459.96,,
0,bench/30gib-8.bin,547,33554432,748.60,,
0,bench/30gib-8.bin,548,33554432,556.75,,
0,bench/30gib-8.bin,549,33554432,388.02,,
0,bench/30gib-8.bin,550,33554432,656.61,,
0,bench/30gib-8.bin,551,33554432,558.00,,
0,bench/30gib-8.bin,552,33554432,531.27,,
0,bench/30gib-8.bin,553,33554432,477.72,,
0,bench/30gib-8.bin,554,33554432,484.35,,
0,bench/30gib-8.bin,555,33554432,734.80,,
0,bench/30gib-8.bin,556,33554432,713.86,,
0,bench/30gib-8.bin,557,33554432,500.32,,
0,bench/30gib-8.bin,558,33554432,495.99,,
0,bench/30gib-8.bin,559,33554432,470.80,,
0,bench/30gib-8.bin,560,33554432,390.88,,
0,bench/30gib-8.bin,561,33554432,901.51,,
0,bench/30gib-8.bin,562,33554432,862.06,,
0,bench/30gib-8.bin,563,33554432,685.31,,
0,bench/30gib-8.bin,564,33554432,676.38,,
0,bench/30gib-8.bin,565,33554432,837.37,,
0,bench/30gib-8.bin,566,33554432,625.14,,
0,bench/30gib-8.bin,567,33554432,864.58,,
0,bench/30gib-8.bin,568,33554432,528.04,,
0,bench/30gib-8.bin,569,33554432,965.30,,
0,bench/30gib-8.bin,570,33554432,526.83,,
0,bench/30gib-8.bin,571,33554432,572.55,,
0,bench/30gib-8.bin,572,33554432,774.22,,
0,bench/30gib-8.bin,573,33554432,590.61,,
0,bench/30gib-8.bin,574,33554432,616.03,,
0,bench/30gib-8.bin,575,33554432,809.16,,
0,bench/30gib-8.bin,576,33554432,653.55,,
0,bench/30gib-8.bin,577,33554432,518.52,,
0,bench/30gib-8.bin,578,33554432,744.29,,
0,bench/30gib-8.bin,579,33554432,640.70,,
0,bench/30gib-8.bin,580,33554432,725.89,,
0,bench/30gib-8.bin,581,33554432,844.13,,
0,bench/30gib-8.bin,582,33554432,571.90,,
0,bench/30gib-8.bin,583,33554432,892.00,,
0,bench/30gib-8.bin,584,33554432,727.17,,
0,bench/30gib-8.bin,585,33554432,859.44,,
0,bench/30gib-8.bin,586,33554432,567.05,,
0,bench/30gib-8.bin,587,33554432,592.34,,
0,bench/30gib-8.bin,588,33554432,637.82,,
0,bench/30gib-8.bin,589,33554432,506.19,,
0,bench/30gib-8.bin,590,33554432,509.32,,
0,bench/30gib-8.bin,591,33554432,569.86,,
0,bench/30gib-8.bin,592,33554432,584.22,,
0,bench/30gib-8.bin,593,33554432,671.17,,
0,bench/30gib-8.bin,594,33554432,768.94,,
0,bench/30gib-8.bin,595,33554432,580.01,,
0,bench/30gib-8.bin,596,33554432,811.31,,
0,bench/30gib-8.bin,597,33554432,759.43,,
0,bench/30gib-8.bin,598,33554432,477.54,,
0,bench/30gib-8.bin,599,33554432,886.01,,
0,bench/30gib-8.bin,600,33554432,701.02,,
0,bench/30gib-8.bin,601,33554432,774.23,,
0,bench/30gib-8.bin,602,33554432,732.67,,
0,bench/30gib-8.bin,603,33554432,733.65,,
0,bench/30gib-8.bin,604,33554432,594.83,,
0,bench/30gib-8.bin,605,33554432,744.30,,
0,bench/30gib-8.bin,606,33554432,588.95,,
0,bench/30gib-8.bin,607,33554432,557.91,,
0,bench/30gib-8.bin,608,33554432,793.21,,
0,bench/30gib-8.bin,609,33554432,595.38,,
0,bench/30gib-8.bin,610,33554432,574.27,,
0,bench/30gib-8.bin,611,33554432,947.74,,
0,bench/30gib-8.bin,612,33554432,566.29,,
0,bench/30gib-8.bin,613,33554432,738.86,,
0,bench/30gib-8.bin,614,33554432,604.34,,
0,bench/30gib-8.bin,615,33554432,629.00,,
0,bench/30gib-8.bin,616,33554432,860.72,,
0,bench/30gib-8.bin,617,33554432,891.51,,
0,bench/30gib-8.bin,618,33554432,735.67,,
0,bench/30gib-8.bin,619,33554432,527.80,,
0,bench/30gib-8.bin,620,33554432,819.03,,
0,bench/30gib-8.bin,621,33554432,1014.36,,
0,bench/30gib-8.bin,622,33554432,760.94,,
0,bench/30gib-8.bin,623,33554432,786.30,,
0,bench/30gib-8.bin,624,33554432,673.54,,
0,bench/30gib-8.bin,625,33554432,577.07,,
0,bench/30gib-8.bin,626,33554432,582.98,,
0,bench/30gib-8.bin,627,33554432,969.89,,
0,bench/30gib-8.bin,628,33554432,581.22,,
0,bench/30gib-8.bin,629,33554432,634.48,,
0,bench/30gib-8.bin,630,33554432,541.46,,
0,bench/30gib-8.bin,631,33554432,716.84,,
0,bench/30gib-8.bin,632,33554432,655.31,,
0,bench/30gib-8.bin,633,33554432,609.64,,
0,bench/30gib-8.bin,634,33554432,894.43,,
0,bench/30gib-8.bin,635,33554432,796.61,,
0,bench/30gib-8.bin,636,33554432,418.40,,
0,bench/30gib-8.bin,637,33554432,486.52,,
0,bench/30gib-8.bin,638,33554432,671.65,,
0,bench/30gib-8.bin,639,33554432,608.93,,
0,bench/30gib-8.bin,640,33554432,555.79,,
0,bench/30gib-8.bin,641,33554432,793.35,,
0,bench/30gib-8.bin,642,33554432,459.25,,
0,bench/30gib-8.bin,643,33554432,871.08,,
0,bench/30gib-8.bin,644,33554432,526.09,,
0,bench/30gib-8.bin,645,33554432,868.75,,
0,bench/30gib-8.bin,646,33554432,923.48,,
0,bench/30gib-8.bin,647,33554432,506.02,,
0,bench/30gib-8.bin,648,33554432,577.78,,
0,bench/30gib-8.bin,649,33554432,574.01,,
0,bench/30gib-8.bin,650,33554432,699.17,,
0,bench/30gib-8.bin,651,33554432,505.16,,
0,bench/30gib-8.bin,652,33554432,850.88,,
0,bench/30gib-8.bin,653,33554432,489.72,,
0,bench/30gib-8.bin,654,33554432,559.57,,
0,bench/30gib-8.bin,655,33554432,891.69,,
0,bench/30gib-8.bin,656,33554432,594.83,,
0,bench/30gib-8.bin,657,33554432,605.63,,
0,bench/30gib-8.bin,658,33554432,560.72,,
0,bench/30gib-8.bin,659,33554432,716.53,,
0,bench/30gib-8.bin,660,33554432,601.66,,
0,bench/30gib-8.bin,661,33554432,884.41,,
0,bench/30gib-8.bin,662,33554432,661.85,,
0,bench/30gib-8.bin,663,33554432,565.08,,
0,bench/30gib-8.bin,664,33554432,840.68,,
0,bench/30gib-8.bin,665,33554432,632.19,,
0,bench/30gib-8.bin,666,33554432,475.13,,
0,bench/30gib-8.bin,667,33554432,490.30,,
0,bench/30gib-8.bin,668,33554432,482.30,,
0,bench/30gib-8.bin,669,33554432,662.26,,
0,bench/30gib-8.bin,670,33554432,972.47,,
0,bench/30gib-8.bin,671,33554432,525.08,,
0,bench/30gib-8.bin,672,33554432,838.56,,
0,bench/30gib-8.bin,673,33554432,482.79,,
0,bench/30gib-8.bin,674,33554432,626.00,,
0,bench/30gib-8.bin,675,33554432,556.59,,
0,bench/30gib-8.bin,676,33554432,634.97,,
0,bench/30gib-8.bin,677,33554432,547.01,,
0,bench/30gib-8.bin,678,33554432,497.35,,
0,bench/30gib-8.bin,679,33554432,815.84,,
0,bench/30gib-8.bin,680,33554432,655.90,,
0,bench/30gib-8.bin,681,33554432,508.39,,
0,bench/30gib-8.bin,682,33554432,648.83,,
0,bench/30gib-8.bin,683,33554432,463.98,,
0,bench/30gib-8.bin,684,33554432,532.35,,
0,bench/30gib-8.bin,685,33554432,565.10,,
0,bench/30gib-8.bin,686,33554432,434.35,,
0,bench/30gib-8.bin,687,33554432,826.62,,
0,bench/30gib-8.bin,688,33554432,426.35,,
0,bench/30gib-8.bin,689,33554432,643.39,,
0,bench/30gib-8.bin,690,33554432,540.43,,
0,bench/30gib-8.bin,691,33554432,517.72,,
0,bench/30gib-8.bin,692,33554432,549.75,,
0,bench/30gib-8.bin,693,33554432,475.10,,
0,bench/30gib-8.bin,694,33554432,456.83,,
0,bench/30gib-8.bin,695,33554432,516.19,,
0,bench/30gib-8.bin,696,33554432,801.68,,
0,bench/30gib-8.bin,697,33554432,371.94,,
0,bench/30gib-8.bin,698,33554432,486.64,,
0,bench/30gib-8.bin,699,33554432,505.06,,
0,bench/30gib-8.bin,700,33554432,804.67,,
0,bench/30gib-8.bin,701,33554432,606.30,,
0,bench/30gib-8.bin,702,33554432,382.39,,
0,bench/30gib-8.bin,703,33554432,648.43,,
0,bench/30gib-8.bin,704,33554432,536.91,,
0,bench/30gib-8.bin,705,33554432,653.56,,
0,bench/30gib-8.bin,706,33554432,654.62,,
0,bench/30gib-8.bin,707,33554432,756.04,,
0,bench/30gib-8.bin,708,33554432,742.12,,
0,bench/30gib-8.bin,709,33554432,587.51,,
0,bench/30gib-8.bin,710,33554432,654.52,,
0,bench/30gib-8.bin,711,33554432,765.64,,
0,bench/30gib-8.bin,712,33554432,855.50,,
0,bench/30gib-8.bin,713,33554432,513.63,,
0,bench/30gib-8.bin,714,33554432,605.00,,
0,bench/30gib-8.bin,715,33554432,562.93,,
0,bench/30gib-8.bin,716,33554432,574.56,,
0,bench/30gib-8.bin,717,33554432,566.71,,
0,bench/30gib-8.bin,718,33554432,595.52,,
0,bench/30gib-8.bin,719,33554432,522.88,,
0,bench/30gib-8.bin,720,33554432,551.33,,
0,bench/30gib-8.bin,721,33554432,596.91,,
0,bench/30gib-8.bin,722,33554432,817.41,,
0,bench/30gib-8.bin,723,33554432,626.62,,
0,bench/30gib-8.bin,724,33554432,922.68,,
0,bench/30gib-8.bin,725,33554432,481.42,,
0,bench/30gib-8.bin,726,33554432,638.28,,
0,bench/30gib-8.bin,727,33554432,702.87,,
0,bench/30gib-8.bin,728,33554432,497.46,,
0,bench/30gib-8.bin,729,33554432,814.53,,
0,bench/30gib-8.bin,730,33554432,416.57,,
0,bench/30gib-8.bin,731,33554432,691.16,,
0,bench/30gib-8.bin,732,33554432,457.07,,
0,bench/30gib-8.bin,733,33554432,498.15,,
0,bench/30gib-8.bin,734,33554432,505.11,,
0,bench/30gib-8.bin,735,33554432,391.19,,
0,bench/30gib-8.bin,736,33554432,692.28,,
0,bench/30gib-8.bin,737,33554432,875.88,,
0,bench/30gib-8.bin,738,33554432,898.39,,
0,bench/30gib-8.bin,739,33554432,1121.55,,
0,bench/30gib-8.bin,740,33554432,687.17,,
0,bench/30gib-8.bin,741,33554432,580.13,,
0,bench/30gib-8.bin,742,33554432,617.14,,
0,bench/30gib-8.bin,743,33554432,508.58,,
0,bench/30gib-8.bin,744,33554432,744.09,,
0,bench/30gib-8.bin,745,33554432,616.91,,
0,bench/30gib-8.bin,746,33554432,537.84,,
0,bench/30gib-8.bin,747,33554432,738.40,,
0,bench/30gib-8.bin,748,33554432,497.47,,
0,bench/30gib-8.bin,749,33554432,669.46,,
0,bench/30gib-8.bin,750,33554432,575.31,,
0,bench/30gib-8.bin,751,33554432,706.11,,
0,bench/30gib-8.bin,752,33554432,893.09,,
0,bench/30gib-8.bin,753,33554432,729.38,,
0,bench/30gib-8.bin,754,33554432,569.31,,
0,bench/30gib-8.bin,755,33554432,402.18,,
0,bench/30gib-8.bin,756,33554432,636.37,,
0,bench/30gib-8.bin,757,33554432,568.68,,
0,bench/30gib-8.bin,758,33554432,452.01,,
0,bench/30gib-8.bin,759,33554432,510.53,,
0,bench/30gib-8.bin,760,33554432,551.35,,
0,bench/30gib-8.bin,761,33554432,592.01,,
0,bench/30gib-8.bin,762,33554432,797.79,,
0,bench/30gib-8.bin,763,33554432,592.01,,
0,bench/30gib-8.bin,764,33554432,823.89,,
0,bench/30gib-8.bin,765,33554432,674.95,,
0,bench/30gib-8.bin,766,33554432,670.98,,
0,bench/30gib-8.bin,767,33554432,554.90,,
0,bench/30gib-8.bin,768,33554432,734.28,,
0,bench/30gib-8.bin,769,33554432,685.17,,
0,bench/30gib-8.bin,770,33554432,579.02,,
0,bench/30gib-8.bin,771,33554432,677.75,,
0,bench/30gib-8.bin,772,33554432,741.56,,
0,bench/30gib-8.bin,773,33554432,898.95,,
0,bench/30gib-8.bin,774,33554432,616.93,,
0,bench/30gib-8.bin,775,33554432,417.34,,
0,bench/30gib-8.bin,776,33554432,471.18,,
0,bench/30gib-8.bin,777,33554432,986.62,,
0,bench/30gib-8.bin,778,33554432,937.09,,
0,bench/30gib-8.bin,779,33554432,592.02,,
0,bench/30gib-8.bin,780,33554432,796.36,,
0,bench/30gib-8.bin,781,33554432,417.55,,
0,bench/30gib-8.bin,782,33554432,708.56,,
0,bench/30gib-8.bin,783,33554432,533.45,,
0,bench/30gib-8.bin,784,33554432,752.35,,
0,bench/30gib-8.bin,785,33554432,899.84,,
0,bench/30gib-8.bin,786,33554432,549.07,,
0,bench/30gib-8.bin,787,33554432,745.65,,
0,bench/30gib-8.bin,788,33554432,855.45,,
0,bench/30gib-8.bin,789,33554432,807.06,,
0,bench/30gib-8.bin,790,33554432,792.13,,
0,bench/30gib-8.bin,791,33554432,733.47,,
0,bench/30gib-8.bin,792,33554432,549.73,,
0,bench/30gib-8.bin,793,33554432,591.94,,
0,bench/30gib-8.bin,794,33554432,680.72,,
0,bench/30gib-8.bin,795,33554432,818.75,,
0,bench/30gib-8.bin,796,33554432,900.26,,
0,bench/30gib-8.bin,797,33554432,808.34,,
0,bench/30gib-8.bin,798,33554432,732.44,,
0,bench/30gib-8.bin,799,33554432,939.04,,
0,bench/30gib-8.bin,800,33554432,569.58,,
0,bench/30gib-8.bin,801,33554432,470.47,,
0,bench/30gib-8.bin,802,33554432,554.31,,
0,bench/30gib-8.bin,803,33554432,551.55,,
0,bench/30gib-8.bin,804,33554432,784.94,,
0,bench/30gib-8.bin,805,33554432,534.16,,
0,bench/30gib-8.bin,806,33554432,529.96,,
0,bench/30gib-8.bin,807,33554432,574.06,,
0,bench/30gib-8.bin,808,33554432,672.98,,
0,bench/30gib-8.bin,809,33554432,588.99,,
0,bench/30gib-8.bin,810,33554432,484.62,,
0,bench/30gib-8.bin,811,33554432,559.01,,
0,bench/30gib-8.bin,812,33554432,463.14,,
0,bench/30gib-8.bin,813,33554432,660.62,,
0,bench/30gib-8.bin,814,33554432,499.64,,
0,bench/30gib-8.bin,815,33554432,489.63,,
0,bench/30gib-8.bin,816,33554432,457.19,,
0,bench/30gib-8.bin,817,33554432,533.18,,
0,bench/30gib-8.bin,818,33554432,743.65,,
0,bench/30gib-8.bin,819,33554432,651.32,,
0,bench/30gib-8.bin,820,33554432,698.86,,
0,bench/30gib-8.bin,821,33554432,738.54,,
0,bench/30gib-8.bin,822,33554432,541.16,,
0,bench/30gib-8.bin,823,33554432,492.01,,
0,bench/30gib-8.bin,824,33554432,548.38,,
0,bench/30gib-8.bin,825,33554432,459.10,,
0,bench/30gib-8.bin,826,33554432,578.26,,
0,bench/30gib-8.bin,827,33554432,701.77,,
0,bench/30gib-8.bin,828,33554432,631.17,,
0,bench/30gib-8.bin,829,33554432,503.52,,
0,bench/30gib-8.bin,830,33554432,807.64,,
0,bench/30gib-8.bin,831,33554432,665.33,,
0,bench/30gib-8.bin,832,33554432,586.16,,
0,bench/30gib-8.bin,833,33554432,536.79,,
0,bench/30gib-8.bin,834,33554432,508.21,,
0,bench/30gib-8.bin,835,33554432,684.50,,
0,bench/30gib-8.bin,836,33554432,610.79,,
0,bench/30gib-8.bin,837,33554432,746.94,,
0,bench/30gib-8.bin,838,33554432,542.49,,
0,bench/30gib-8.bin,839,33554432,757.42,,
0,bench/30gib-8.bin,840,33554432,853.25,,
0,bench/30gib-8.bin,841,33554432,763.11,,
0,bench/30gib-8.bin,842,33554432,761.69,,
0,bench/30gib-8.bin,843,33554432,528.52,,
0,bench/30gib-8.bin,844,33554432,897.18,,
0,bench/30gib-8.bin,845,33554432,871.43,,
0,bench/30gib-8.bin,846,33554432,751.06,,
0,bench/30gib-8.bin,847,33554432,526.89,,
0,bench/30gib-8.bin,848,33554432,827.35,,
0,bench/30gib-8.bin,849,33554432,579.20,,
0,bench/30gib-8.bin,850,33554432,803.01,,
0,bench/30gib-8.bin,851,33554432,845.08,,
0,bench/30gib-8.bin,852,33554432,878.32,,
0,bench/30gib-8.bin,853,33554432,719.79,,
0,bench/30gib-8.bin,854,33554432,609.77,,
0,bench/30gib-8.bin,855,33554432,923.23,,
0,bench/30gib-8.bin,856,33554432,589.04,,
0,bench/30gib-8.bin,857,33554432,871.22,,
0,bench/30gib-8.bin,858,33554432,600.01,,
0,bench/30gib-8.bin,859,33554432,567.94,,
0,bench/30gib-8.bin,860,33554432,813.95,,
0,bench/30gib-8.bin,861,33554432,499.30,,
0,bench/30gib-8.bin,862,33554432,549.48,,
0,bench/30gib-8.bin,863,33554432,512.34,,
0,bench/30gib-8.bin,864,33554432,558.78,,
0,bench/30gib-8.bin,865,33554432,883.59,,
0,bench/30gib-8.bin,866,33554432,614.81,,
0,bench/30gib-8.bin,867,33554432,861.61,,
0,bench/30gib-8.bin,868,33554432,627.86,,
0,bench/30gib-8.bin,869,33554432,661.86,,
0,bench/30gib-8.bin,870,33554432,483.40,,
0,bench/30gib-8.bin,871,33554432,662.69,,
0,bench/30gib-8.bin,872,33554432,679.29,,
0,bench/30gib-8.bin,873,33554432,760.26,,
0,bench/30gib-8.bin,874,33554432,785.76,,
0,bench/30gib-8.bin,875,33554432,607.25,,
0,bench/30gib-8.bin,876,33554432,536.80,,
0,bench/30gib-8.bin,877,33554432,659.40,,
0,bench/30gib-8.bin,878,33554432,784.71,,
0,bench/30gib-8.bin,879,33554432,739.35,,
0,bench/30gib-8.bin,880,33554432,538.89,,
0,bench/30gib-8.bin,881,33554432,648.20,,
0,bench/30gib-8.bin,882,33554432,746.79,,
0,bench/30gib-8.bin,883,33554432,646.79,,
0,bench/30gib-8.bin,884,33554432,908.28,,
0,bench/30gib-8.bin,885,33554432,728.75,,
0,bench/30gib-8.bin,886,33554432,466.05,,
0,bench/30gib-8.bin,887,33554432,444.50,,
0,bench/30gib-8.bin,888,33554432,585.13,,
0,bench/30gib-8.bin,889,33554432,625.01,,
0,bench/30gib-8.bin,890,33554432,538.89,,
0,bench/30gib-8.bin,891,33554432,515.27,,
0,bench/30gib-8.bin,892,33554432,728.81,,
0,bench/30gib-8.bin,893,33554432,423.13,,
0,bench/30gib-8.bin,894,33554432,599.45,,
0,bench/30gib-8.bin,895,33554432,416.72,,
0,bench/30gib-8.bin,896,33554432,564.89,,
0,bench/30gib-8.bin,897,33554432,559.07,,
0,bench/30gib-8.bin,898,33554432,544.22,,
0,bench/30gib-8.bin,899,33554432,684.65,,
0,bench/30gib-8.bin,900,33554432,532.04,,
0,bench/30gib-8.bin,901,33554432,590.76,,
0,bench/30gib-8.bin,902,33554432,520.70,,
0,bench/30gib-8.bin,903,33554432,787.19,,
0,bench/30gib-8.bin,904,33554432,487.99,,
0,bench/30gib-8.bin,905,33554432,519.58,,
0,bench/30gib-8.bin,906,33554432,809.99,,
0,bench/30gib-8.bin,907,33554432,648.98,,
0,bench/30gib-8.bin,908,33554432,617.71,,
0,bench/30gib-8.bin,909,33554432,942.55,,
0,bench/30gib-8.bin,910,33554432,644.40,,
0,bench/30gib-8.bin,911,33554432,559.74,,
0,bench/30gib-8.bin,912,33554432,517.08,,
0,bench/30gib-8.bin,913,33554432,561.34,,
0,bench/30gib-8.bin,914,33554432,583.56,,
0,bench/30gib-8.bin,915,33554432,897.76,,
0,bench/30gib-8.bin,916,33554432,505.08,,
0,bench/30gib-8.bin,917,33554432,774.50,,
0,bench/30gib-8.bin,918,33554432,565.33,,
0,bench/30gib-8.bin,919,33554432,741.22,,
0,bench/30gib-8.bin,920,33554432,786.22,,
0,bench/30gib-8.bin,921,33554432,490.33,,
0,bench/30gib-8.bin,922,33554432,516.60,,
0,bench/30gib-8.bin,923,33554432,647.94,,
0,bench/30gib-8.bin,924,33554432,692.15,,
0,bench/30gib-8.bin,925,33554432,720.85,,
0,bench/30gib-8.bin,926,33554432,529.60,,
0,bench/30gib-8.bin,927,33554432,1024.96,,
0,bench/30gib-8.bin,928,33554432,466.10,,
0,bench/30gib-8.bin,929,33554432,1012.20,,
0,bench/30gib-8.bin,930,33554432,728.80,,
0,bench/30gib-8.bin,931,33554432,475.58,,
0,bench/30gib-8.bin,932,33554432,580.10,,
0,bench/30gib-8.bin,933,33554432,837.61,,
0,bench/30gib-8.bin,934,33554432,660.56,,
0,bench/30gib-8.bin,935,33554432,517.47,,
0,bench/30gib-8.bin,936,33554432,608.93,,
0,bench/30gib-8.bin,937,33554432,591.08,,
0,bench/30gib-8.bin,938,33554432,455.34,,
0,bench/30gib-8.bin,939,33554432,524.98,,
0,bench/30gib-8.bin,940,33554432,802.17,,
0,bench/30gib-8.bin,941,33554432,659.81,,
0,bench/30gib-8.bin,942,33554432,598.92,,
0,bench/30gib-8.bin,943,33554432,514.21,,
0,bench/30gib-8.bin,944,33554432,504.32,,
0,bench/30gib-8.bin,945,33554432,736.87,,
0,bench/30gib-8.bin,946,33554432,397.58,,
0,bench/30gib-8.bin,947,33554432,569.07,,
0,bench/30gib-8.bin,948,33554432,618.53,,
0,bench/30gib-8.bin,949,33554432,591.85,,
0,bench/30gib-8.bin,950,33554432,536.56,,
0,bench/30gib-8.bin,951,33554432,583.70,,
0,bench/30gib-8.bin,952,33554432,614.30,,
0,bench/30gib-8.bin,953,33554432,518.24,,
0,bench/30gib-8.bin,954,33554432,481.70,,
0,bench/30gib-8.bin,955,33554432,401.12,,
0,bench/30gib-8.bin,956,33554432,676.24,,
0,bench/30gib-8.bin,957,33554432,500.76,,
0,bench/30gib-8.bin,958,33554432,414.14,,
0,bench/30gib-8.bin,959,33554432,401.92,,
0,bench/30gib-8.bin,960,33554432,503.41,,
0,bench/30gib-9.bin,1,33554432,1152.00,,
0,bench/30gib-9.bin,2,33554432,1712.37,,
0,bench/30gib-9.bin,3,33554432,1594.48,,
0,bench/30gib-9.bin,4,33554432,1529.73,,
0,bench/30gib-9.bin,5,33554432,1267.96,,
0,bench/30gib-9.bin,6,33554432,1629.69,,
0,bench/30gib-9.bin,7,33554432,1696.38,,
0,bench/30gib-9.bin,8,33554432,2150.31,,
0,bench/30gib-9.bin,9,33554432,1762.80,,
0,bench/30gib-9.bin,10,33554432,1510.72,,
0,bench/30gib-9.bin,11,33554432,1682.79,,
0,bench/30gib-9.bin,12,33554432,1305.03,,
0,bench/30gib-9.bin,13,33554432,1330.42,,
0,bench/30gib-9.bin,14,33554432,1651.38,,
0,bench/30gib-9.bin,15,33554432,1429.57,,
0,bench/30gib-9.bin,16,33554432,1573.17,,
0,bench/30gib-9.bin,17,33554432,1624.39,,
0,bench/30gib-9.bin,18,33554432,1531.97,,
0,bench/30gib-9.bin,19,33554432,1188.40,,
0,bench/30gib-9.bin,20,33554432,1533.35,,
0,bench/30gib-9.bin,21,33554432,1282.89,,
0,bench/30gib-9.bin,22,33554432,1377.93,,
0,bench/30gib-9.bin,23,33554432,1570.13,,
0,bench/30gib-9.bin,24,33554432,1676.03,,
0,bench/30gib-9.bin,25,33554432,1531.62,,
0,bench/30gib-9.bin,26,33554432,1731.31,,
0,bench/30gib-9.bin,27,33554432,1364.46,,
0,bench/30gib-9.bin,28,33554432,1060.77,,
0,bench/30gib-9.bin,29,33554432,1218.48,,
0,bench/30gib-9.bin,30,33554432,1732.88,,
0,bench/30gib-9.bin,31,33554432,1459.98,,
0,bench/30gib-9.bin,32,33554432,1186.41,,
0,bench/30gib-9.bin,33,33554432,1108.64,,
0,bench/30gib-9.bin,34,33554432,1365.68,,
0,bench/30gib-9.bin,35,33554432,2536.28,,
0,bench/30gib-9.bin,36,33554432,1403.31,,
0,bench/30gib-9.bin,37,33554432,1199.63,,
0,bench/30gib-9.bin,38,33554432,587.98,,
0,bench/30gib-9.bin,39,33554432,1529.84,,
0,bench/30gib-9.bin,40,33554432,879.40,,
0,bench/30gib-9.bin,41,33554432,972.63,,
0,bench/30gib-9.bin,42,33554432,1429.82,,
0,bench/30gib-9.bin,43,33554432,1026.60,,
0,bench/30gib-9.bin,44,33554432,1420.52,,
0,bench/30gib-9.bin,45,33554432,957.47,,
0,bench/30gib-9.bin,46,33554432,1225.64,,
0,bench/30gib-9.bin,47,33554432,1038.75,,
0,bench/30gib-9.bin,48,33554432,1013.62,,
0,bench/30gib-9.bin,49,33554432,860.69,,
0,bench/30gib-9.bin,50,33554432,719.70,,
0,bench/30gib-9.bin,51,33554432,1254.70,,
0,bench/30gib-9.bin,52,33554432,1089.85,,
0,bench/30gib-9.bin,53,33554432,1343.31,,
0,bench/30gib-9.bin,54,33554432,652.72,,
0,bench/30gib-9.bin,55,33554432,1075.60,,
0,bench/30gib-9.bin,56,33554432,787.44,,
0,bench/30gib-9.bin,57,33554432,1307.66,,
0,bench/30gib-9.bin,58,33554432,986.67,,
0,bench/30gib-9.bin,59,33554432,534.20,,
0,bench/30gib-9.bin,60,33554432,867.07,,
0,bench/30gib-9.bin,61,33554432,1019.99,,
0,bench/30gib-9.bin,62,33554432,728.10,,
0,bench/30gib-9.bin,63,33554432,948.41,,
0,bench/30gib-9.bin,64,33554432,800.68,,
0,bench/30gib-9.bin,65,33554432,773.05,,
0,bench/30gib-9.bin,66,33554432,837.79,,
0,bench/30gib-9.bin,67,33554432,1124.40,,
0,bench/30gib-9.bin,68,33554432,1283.40,,
0,bench/30gib-9.bin,69,33554432,1197.05,,
0,bench/30gib-9.bin,70,33554432,959.48,,
0,bench/30gib-9.bin,71,33554432,1181.72,,
0,bench/30gib-9.bin,72,33554432,681.17,,
0,bench/30gib-9.bin,73,33554432,730.06,,
0,bench/30gib-9.bin,74,33554432,818.41,,
0,bench/30gib-9.bin,75,33554432,738.11,,
0,bench/30gib-9.bin,76,33554432,583.23,,
0,bench/30gib-9.bin,77,33554432,402.47,,
0,bench/30gib-9.bin,78,33554432,659.83,,
0,bench/30gib-9.bin,79,33554432,636.56,,
0,bench/30gib-9.bin,80,33554432,626.99,,
0,bench/30gib-9.bin,81,33554432,787.22,,
0,bench/30gib-9.bin,82,33554432,573.46,,
0,bench/30gib-9.bin,83,33554432,567.45,,
0,bench/30gib-9.bin,84,33554432,677.72,,
0,bench/30gib-9.bin,85,33554432,1079.61,,
0,bench/30gib-9.bin,86,33554432,798.22,,
0,bench/30gib-9.bin,87,33554432,588.82,,
0,bench/30gib-9.bin,88,33554432,822.53,,
0,bench/30gib-9.bin,89,33554432,404.92,,
0,bench/30gib-9.bin,90,33554432,845.83,,
0,bench/30gib-9.bin,91,33554432,961.80,,
0,bench/30gib-9.bin,92,33554432,647.15,,
0,bench/30gib-9.bin,93,33554432,855.02,,
0,bench/30gib-9.bin,94,33554432,809.41,,
0,bench/30gib-9.bin,95,33554432,499.53,,
0,bench/30gib-9.bin,96,33554432,544.28,,
0,bench/30gib-9.bin,97,33554432,472.23,,
0,bench/30gib-9.bin,98,33554432,828.11,,
0,bench/30gib-9.bin,99,33554432,731.59,,
0,bench/30gib-9.bin,100,33554432,1016.74,,
0,bench/30gib-9.bin,101,33554432,1010.35,,
0,bench/30gib-9.bin,102,33554432,826.46,,
0,bench/30gib-9.bin,103,33554432,807.23,,
0,bench/30gib-9.bin,104,33554432,558.67,,
0,bench/30gib-9.bin,105,33554432,666.41,,
0,bench/30gib-9.bin,106,33554432,691.47,,
0,bench/30gib-9.bin,107,33554432,769.10,,
0,bench/30gib-9.bin,108,33554432,785.37,,
0,bench/30gib-9.bin,109,33554432,857.56,,
0,bench/30gib-9.bin,110,33554432,583.48,,
0,bench/30gib-9.bin,111,33554432,1030.58,,
0,bench/30gib-9.bin,112,33554432,710.81,,
0,bench/30gib-9.bin,113,33554432,773.30,,
0,bench/30gib-9.bin,114,33554432,592.79,,
0,bench/30gib-9.bin,115,33554432,618.65,,
0,bench/30gib-9.bin,116,33554432,1016.47,,
0,bench/30gib-9.bin,117,33554432,1015.12,,
0,bench/30gib-9.bin,118,33554432,763.76,,
0,bench/30gib-9.bin,119,33554432,767.97,,
0,bench/30gib-9.bin,120,33554432,726.35,,
0,bench/30gib-9.bin,121,33554432,734.98,,
0,bench/30gib-9.bin,122,33554432,388.22,,
0,bench/30gib-9.bin,123,33554432,404.00,,
0,bench/30gib-9.bin,124,33554432,691.17,,
0,bench/30gib-9.bin,125,33554432,436.96,,
0,bench/30gib-9.bin,126,33554432,441.57,,
0,bench/30gib-9.bin,127,33554432,682.16,,
0,bench/30gib-9.bin,128,33554432,611.14,,
0,bench/30gib-9.bin,129,33554432,592.92,,
0,bench/30gib-9.bin,130,33554432,707.98,,
0,bench/30gib-9.bin,131,33554432,596.98,,
0,bench/30gib-9.bin,132,33554432,497.83,,
0,bench/30gib-9.bin,133,33554432,739.96,,
0,bench/30gib-9.bin,134,33554432,581.04,,
0,bench/30gib-9.bin,135,33554432,1196.39,,
0,bench/30gib-9.bin,136,33554432,556.64,,
0,bench/30gib-9.bin,137,33554432,495.67,,
0,bench/30gib-9.bin,138,33554432,558.73,,
0,bench/30gib-9.bin,139,33554432,612.03,,
0,bench/30gib-9.bin,140,33554432,828.25,,
0,bench/30gib-9.bin,141,33554432,532.11,,
0,bench/30gib-9.bin,142,33554432,532.45,,
0,bench/30gib-9.bin,143,33554432,507.20,,
0,bench/30gib-9.bin,144,33554432,732.20,,
0,bench/30gib-9.bin,145,33554432,1010.18,,
0,bench/30gib-9.bin,146,33554432,565.40,,
0,bench/30gib-9.bin,147,33554432,472.22,,
0,bench/30gib-9.bin,148,33554432,570.46,,
0,bench/30gib-9.bin,149,33554432,562.76,,
0,bench/30gib-9.bin,150,33554432,472.93,,
0,bench/30gib-9.bin,151,33554432,723.41,,
0,bench/30gib-9.bin,152,33554432,874.64,,
0,bench/30gib-9.bin,153,33554432,585.86,,
0,bench/30gib-9.bin,154,33554432,836.77,,
0,bench/30gib-9.bin,155,33554432,592.60,,
0,bench/30gib-9.bin,156,33554432,787.03,,
0,bench/30gib-9.bin,157,33554432,595.61,,
0,bench/30gib-9.bin,158,33554432,934.15,,
0,bench/30gib-9.bin,159,33554432,556.37,,
0,bench/30gib-9.bin,160,33554432,753.37,,
0,bench/30gib-9.bin,161,33554432,691.66,,
0,bench/30gib-9.bin,162,33554432,590.57,,
0,bench/30gib-9.bin,163,33554432,680.45,,
0,bench/30gib-9.bin,164,33554432,676.34,,
0,bench/30gib-9.bin,165,33554432,474.70,,
0,bench/30gib-9.bin,166,33554432,522.74,,
0,bench/30gib-9.bin,167,33554432,688.06,,
0,bench/30gib-9.bin,168,33554432,618.71,,
0,bench/30gib-9.bin,169,33554432,515.44,,
0,bench/30gib-9.bin,170,33554432,596.89,,
0,bench/30gib-9.bin,171,33554432,382.96,,
0,bench/30gib-9.bin,172,33554432,877.77,,
0,bench/30gib-9.bin,173,33554432,781.72,,
0,bench/30gib-9.bin,174,33554432,644.33,,
0,bench/30gib-9.bin,175,33554432,791.59,,
0,bench/30gib-9.bin,176,33554432,398.21,,
0,bench/30gib-9.bin,177,33554432,589.37,,
0,bench/30gib-9.bin,178,33554432,679.01,,
0,bench/30gib-9.bin,179,33554432,1004.39,,
0,bench/30gib-9.bin,180,33554432,698.70,,
0,bench/30gib-9.bin,181,33554432,635.70,,
0,bench/30gib-9.bin,182,33554432,949.48,,
0,bench/30gib-9.bin,183,33554432,799.46,,
0,bench/30gib-9.bin,184,33554432,827.12,,
0,bench/30gib-9.bin,185,33554432,630.95,,
0,bench/30gib-9.bin,186,33554432,587.61,,
0,bench/30gib-9.bin,187,33554432,475.70,,
0,bench/30gib-9.bin,188,33554432,552.61,,
0,bench/30gib-9.bin,189,33554432,617.63,,
0,bench/30gib-9.bin,190,33554432,650.77,,
0,bench/30gib-9.bin,191,33554432,603.06,,
0,bench/30gib-9.bin,192,33554432,700.59,,
0,bench/30gib-9.bin,193,33554432,598.80,,
0,bench/30gib-9.bin,194,33554432,550.40,,
0,bench/30gib-9.bin,195,33554432,824.09,,
0,bench/30gib-9.bin,196,33554432,513.75,,
0,bench/30gib-9.bin,197,33554432,638.70,,
0,bench/30gib-9.bin,198,33554432,891.91,,
0,bench/30gib-9.bin,199,33554432,486.04,,
0,bench/30gib-9.bin,200,33554432,497.73,,
0,bench/30gib-9.bin,201,33554432,831.89,,
0,bench/30gib-9.bin,202,33554432,729.33,,
0,bench/30gib-9.bin,203,33554432,519.79,,
0,bench/30gib-9.bin,204,33554432,537.68,,
0,bench/30gib-9.bin,205,33554432,493.17,,
0,bench/30gib-9.bin,206,33554432,493.23,,
0,bench/30gib-9.bin,207,33554432,571.66,,
0,bench/30gib-9.bin,208,33554432,553.98,,
0,bench/30gib-9.bin,209,33554432,552.07,,
0,bench/30gib-9.bin,210,33554432,589.73,,
0,bench/30gib-9.bin,211,33554432,504.95,,
0,bench/30gib-9.bin,212,33554432,775.09,,
0,bench/30gib-9.bin,213,33554432,990.66,,
0,bench/30gib-9.bin,214,33554432,619.37,,
0,bench/30gib-9.bin,215,33554432,672.89,,
0,bench/30gib-9.bin,216,33554432,368.47,,
0,bench/30gib-9.bin,217,33554432,558.12,,
0,bench/30gib-9.bin,218,33554432,604.61,,
0,bench/30gib-9.bin,219,33554432,635.35,,
0,bench/30gib-9.bin,220,33554432,885.22,,
0,bench/30gib-9.bin,221,33554432,771.24,,
0,bench/30gib-9.bin,222,33554432,603.99,,
0,bench/30gib-9.bin,223,33554432,804.57,,
0,bench/30gib-9.bin,224,33554432,561.61,,
0,bench/30gib-9.bin,225,33554432,582.58,,
0,bench/30gib-9.bin,226,33554432,710.72,,
0,bench/30gib-9.bin,227,33554432,501.44,,
0,bench/30gib-9.bin,228,33554432,674.33,,
0,bench/30gib-9.bin,229,33554432,435.42,,
0,bench/30gib-9.bin,230,33554432,756.83,,
0,bench/30gib-9.bin,231,33554432,887.78,,
0,bench/30gib-9.bin,232,33554432,724.82,,
0,bench/30gib-9.bin,233,33554432,603.92,,
0,bench/30gib-9.bin,234,33554432,653.75,,
0,bench/30gib-9.bin,235,33554432,793.92,,
0,bench/30gib-9.bin,236,33554432,414.45,,
0,bench/30gib-9.bin,237,33554432,459.75,,
0,bench/30gib-9.bin,238,33554432,917.84,,
0,bench/30gib-9.bin,239,33554432,404.19,,
0,bench/30gib-9.bin,240,33554432,819.99,,
0,bench/30gib-9.bin,241,33554432,766.93,,
0,bench/30gib-9.bin,242,33554432,522.76,,
0,bench/30gib-9.bin,243,33554432,468.04,,
0,bench/30gib-9.bin,244,33554432,591.03,,
0,bench/30gib-9.bin,245,33554432,701.66,,
0,bench/30gib-9.bin,246,33554432,767.65,,
0,bench/30gib-9.bin,247,33554432,503.87,,
0,bench/30gib-9.bin,248,33554432,460.26,,
0,bench/30gib-9.bin,249,33554432,461.76,,
0,bench/30gib-9.bin,250,33554432,621.48,,
0,bench/30gib-9.bin,251,33554432,948.46,,
0,bench/30gib-9.bin,252,33554432,417.13,,
0,bench/30gib-9.bin,253,33554432,650.29,,
0,bench/30gib-9.bin,254,33554432,688.72,,
0,bench/30gib-9.bin,255,33554432,789.58,,
0,bench/30gib-9.bin,256,33554432,613.61,,
0,bench/30gib-9.bin,257,33554432,397.43,,
0,bench/30gib-9.bin,258,33554432,792.74,,
0,bench/30gib-9.bin,259,33554432,730.02,,
0,bench/30gib-9.bin,260,33554432,644.73,,
0,bench/30gib-9.bin,261,33554432,464.14,,
0,bench/30gib-9.bin,262,33554432,559.10,,
0,bench/30gib-9.bin,263,33554432,631.71,,
0,bench/30gib-9.bin,264,33554432,697.59,,
0,bench/30gib-9.bin,265,33554432,796.69,,
0,bench/30gib-9.bin,266,33554432,911.18,,
0,bench/30gib-9.bin,267,33554432,535.53,,
0,bench/30gib-9.bin,268,33554432,1344.86,,
0,bench/30gib-9.bin,269,33554432,883.28,,
0,bench/30gib-9.bin,270,33554432,777.73,,
0,bench/30gib-9.bin,271,33554432,724.87,,
0,bench/30gib-9.bin,272,33554432,464.86,,
0,bench/30gib-9.bin,273,33554432,632.76,,
0,bench/30gib-9.bin,274,33554432,654.17,,
0,bench/30gib-9.bin,275,33554432,715.81,,
0,bench/30gib-9.bin,276,33554432,842.83,,
0,bench/30gib-9.bin,277,33554432,849.41,,
0,bench/30gib-9.bin,278,33554432,691.31,,
0,bench/30gib-9.bin,279,33554432,858.09,,
0,bench/30gib-9.bin,280,33554432,607.89,,
0,bench/30gib-9.bin,281,33554432,525.22,,
0,bench/30gib-9.bin,282,33554432,701.27,,
0,bench/30gib-9.bin,283,33554432,718.00,,
0,bench/30gib-9.bin,284,33554432,862.08,,
0,bench/30gib-9.bin,285,33554432,446.94,,
0,bench/30gib-9.bin,286,33554432,788.96,,
0,bench/30gib-9.bin,287,33554432,942.26,,
0,bench/30gib-9.bin,288,33554432,557.71,,
0,bench/30gib-9.bin,289,33554432,628.72,,
0,bench/30gib-9.bin,290,33554432,696.33,,
0,bench/30gib-9.bin,291,33554432,859.34,,
0,bench/30gib-9.bin,292,33554432,526.99,,
0,bench/30gib-9.bin,293,33554432,615.61,,
0,bench/30gib-9.bin,294,33554432,946.34,,
0,bench/30gib-9.bin,295,33554432,879.15,,
0,bench/30gib-9.bin,296,33554432,630.12,,
0,bench/30gib-9.bin,297,33554432,783.62,,
0,bench/30gib-9.bin,298,33554432,656.28,,
0,bench/30gib-9.bin,299,33554432,584.05,,
0,bench/30gib-9.bin,300,33554432,543.44,,
0,bench/30gib-9.bin,301,33554432,1095.49,,
0,bench/30gib-9.bin,302,33554432,360.83,,
0,bench/30gib-9.bin,303,33554432,722.25,,
0,bench/30gib-9.bin,304,33554432,708.23,,
0,bench/30gib-9.bin,305,33554432,690.40,,
0,bench/30gib-9.bin,306,33554432,658.31,,
0,bench/30gib-9.bin,307,33554432,496.12,,
0,bench/30gib-9.bin,308,33554432,485.99,,
0,bench/30gib-9.bin,309,33554432,469.82,,
0,bench/30gib-9.bin,310,33554432,467.96,,
0,bench/30gib-9.bin,311,33554432,464.92,,
0,bench/30gib-9.bin,312,33554432,500.02,,
0,bench/30gib-9.bin,313,33554432,623.61,,
0,bench/30gib-9.bin,314,33554432,686.91,,
0,bench/30gib-9.bin,315,33554432,805.21,,
0,bench/30gib-9.bin,316,33554432,743.12,,
0,bench/30gib-9.bin,317,33554432,665.22,,
0,bench/30gib-9.bin,318,33554432,638.93,,
0,bench/30gib-9.bin,319,33554432,512.39,,
0,bench/30gib-9.bin,320,33554432,681.10,,
0,bench/30gib-9.bin,321,33554432,851.93,,
0,bench/30gib-9.bin,322,33554432,628.99,,
0,bench/30gib-9.bin,323,33554432,784.21,,
0,bench/30gib-9.bin,324,33554432,725.24,,
0,bench/30gib-9.bin,325,33554432,789.23,,
0,bench/30gib-9.bin,326,33554432,659.14,,
0,bench/30gib-9.bin,327,33554432,709.01,,
0,bench/30gib-9.bin,328,33554432,585.83,,
0,bench/30gib-9.bin,329,33554432,789.58,,
0,bench/30gib-9.bin,330,33554432,709.16,,
0,bench/30gib-9.bin,331,33554432,558.14,,
0,bench/30gib-9.bin,332,33554432,412.85,,
0,bench/30gib-9.bin,333,33554432,789.95,,
0,bench/30gib-9.bin,334,33554432,444.61,,
0,bench/30gib-9.bin,335,33554432,790.27,,
0,bench/30gib-9.bin,336,33554432,659.88,,
0,bench/30gib-9.bin,337,33554432,658.29,,
0,bench/30gib-9.bin,338,33554432,669.16,,
0,bench/30gib-9.bin,339,33554432,530.21,,
0,bench/30gib-9.bin,340,33554432,903.60,,
0,bench/30gib-9.bin,341,33554432,666.71,,
0,bench/30gib-9.bin,342,33554432,518.46,,
0,bench/30gib-9.bin,343,33554432,658.19,,
0,bench/30gib-9.bin,344,33554432,712.00,,
0,bench/30gib-9.bin,345,33554432,681.97,,
0,bench/30gib-9.bin,346,33554432,485.60,,
0,bench/30gib-9.bin,347,33554432,984.93,,
0,bench/30gib-9.bin,348,33554432,757.88,,
0,bench/30gib-9.bin,349,33554432,549.19,,
0,bench/30gib-9.bin,350,33554432,912.92,,
0,bench/30gib-9.bin,351,33554432,750.77,,
0,bench/30gib-9.bin,352,33554432,462.35,,
0,bench/30gib-9.bin,353,33554432,853.89,,
0,bench/30gib-9.bin,354,33554432,533.85,,
0,bench/30gib-9.bin,355,33554432,548.13,,
0,bench/30gib-9.bin,356,33554432,714.55,,
0,bench/30gib-9.bin,357,33554432,545.52,,
0,bench/30gib-9.bin,358,33554432,621.43,,
0,bench/30gib-9.bin,359,33554432,510.65,,
0,bench/30gib-9.bin,360,33554432,613.05,,
0,bench/30gib-9.bin,361,33554432,639.87,,
0,bench/30gib-9.bin,362,33554432,881.27,,
0,bench/30gib-9.bin,363,33554432,568.50,,
0,bench/30gib-9.bin,364,33554432,680.53,,
0,bench/30gib-9.bin,365,33554432,618.89,,
0,bench/30gib-9.bin,366,33554432,514.82,,
0,bench/30gib-9.bin,367,33554432,562.80,,
0,bench/30gib-9.bin,368,33554432,761.80,,
0,bench/30gib-9.bin,369,33554432,728.97,,
0,bench/30gib-9.bin,370,33554432,778.00,,
0,bench/30gib-9.bin,371,33554432,802.10,,
0,bench/30gib-9.bin,372,33554432,836.45,,
0,bench/30gib-9.bin,373,33554432,652.83,,
0,bench/30gib-9.bin,374,33554432,542.14,,
0,bench/30gib-9.bin,375,33554432,556.13,,
0,bench/30gib-9.bin,376,33554432,787.95,,
0,bench/30gib-9.bin,377,33554432,825.36,,
0,bench/30gib-9.bin,378,33554432,806.22,,
0,bench/30gib-9.bin,379,33554432,541.03,,
0,bench/30gib-9.bin,380,33554432,818.79,,
0,bench/30gib-9.bin,381,33554432,654.65,,
0,bench/30gib-9.bin,382,33554432,574.19,,
0,bench/30gib-9.bin,383,33554432,836.41,,
0,bench/30gib-9.bin,384,33554432,705.70,,
0,bench/30gib-9.bin,385,33554432,642.06,,
0,bench/30gib-9.bin,386,33554432,590.89,,
0,bench/30gib-9.bin,387,33554432,727.43,,
0,bench/30gib-9.bin,388,33554432,707.06,,
0,bench/30gib-9.bin,389,33554432,565.85,,
0,bench/30gib-9.bin,390,33554432,479.17,,
0,bench/30gib-9.bin,391,33554432,515.95,,
0,bench/30gib-9.bin,392,33554432,769.40,,
0,bench/30gib-9.bin,393,33554432,544.80,,
0,bench/30gib-9.bin,394,33554432,624.55,,
0,bench/30gib-9.bin,395,33554432,500.46,,
0,bench/30gib-9.bin,396,33554432,489.37,,
0,bench/30gib-9.bin,397,33554432,510.12,,
0,bench/30gib-9.bin,398,33554432,590.89,,
0,bench/30gib-9.bin,399,33554432,527.21,,
0,bench/30gib-9.bin,400,33554432,636.23,,
0,bench/30gib-9.bin,401,33554432,761.81,,
0,bench/30gib-9.bin,402,33554432,564.29,,
0,bench/30gib-9.bin,403,33554432,855.63,,
0,bench/30gib-9.bin,404,33554432,738.93,,
0,bench/30gib-9.bin,405,33554432,465.12,,
0,bench/30gib-9.bin,406,33554432,698.12,,
0,bench/30gib-9.bin,407,33554432,610.77,,
0,bench/30gib-9.bin,408,33554432,842.26,,
0,bench/30gib-9.bin,409,33554432,584.04,,
0,bench/30gib-9.bin,410,33554432,541.83,,
0,bench/30gib-9.bin,411,33554432,646.71,,
0,bench/30gib-9.bin,412,33554432,916.14,,
0,bench/30gib-9.bin,413,33554432,997.34,,
0,bench/30gib-9.bin,414,33554432,677.03,,
0,bench/30gib-9.bin,415,33554432,673.72,,
0,bench/30gib-9.bin,416,33554432,747.50,,
0,bench/30gib-9.bin,417,33554432,542.88,,
0,bench/30gib-9.bin,418,33554432,574.68,,
0,bench/30gib-9.bin,419,33554432,398.82,,
0,bench/30gib-9.bin,420,33554432,515.48,,
0,bench/30gib-9.bin,421,33554432,761.79,,
0,bench/30gib-9.bin,422,33554432,744.27,,
0,bench/30gib-9.bin,423,33554432,742.13,,
0,bench/30gib-9.bin,424,33554432,770.57,,
0,bench/30gib-9.bin,425,33554432,780.28,,
0,bench/30gib-9.bin,426,33554432,638.11,,
0,bench/30gib-9.bin,427,33554432,1013.59,,
0,bench/30gib-9.bin,428,33554432,1018.54,,
0,bench/30gib-9.bin,429,33554432,668.66,,
0,bench/30gib-9.bin,430,33554432,718.48,,
0,bench/30gib-9.bin,431,33554432,620.13,,
0,bench/30gib-9.bin,432,33554432,487.80,,
0,bench/30gib-9.bin,433,33554432,538.95,,
0,bench/30gib-9.bin,434,33554432,690.38,,
0,bench/30gib-9.bin,435,33554432,730.56,,
0,bench/30gib-9.bin,436,33554432,514.39,,
0,bench/30gib-9.bin,437,33554432,657.33,,
0,bench/30gib-9.bin,438,33554432,873.22,,
0,bench/30gib-9.bin,439,33554432,668.63,,
0,bench/30gib-9.bin,440,33554432,419.38,,
0,bench/30gib-9.bin,441,33554432,701.40,,
0,bench/30gib-9.bin,442,33554432,574.78,,
0,bench/30gib-9.bin,443,33554432,531.14,,
0,bench/30gib-9.bin,444,33554432,700.70,,
0,bench/30gib-9.bin,445,33554432,619.37,,
0,bench/30gib-9.bin,446,33554432,935.86,,
0,bench/30gib-9.bin,447,33554432,626.47,,
0,bench/30gib-9.bin,448,33554432,650.66,,
0,bench/30gib-9.bin,449,33554432,630.84,,
0,bench/30gib-9.bin,450,33554432,597.30,,
0,bench/30gib-9.bin,451,33554432,436.60,,
0,bench/30gib-9.bin,452,33554432,543.41,,
0,bench/30gib-9.bin,453,33554432,946.17,,
0,bench/30gib-9.bin,454,33554432,579.47,,
0,bench/30gib-9.bin,455,33554432,623.86,,
0,bench/30gib-9.bin,456,33554432,778.59,,
0,bench/30gib-9.bin,457,33554432,1231.38,,
0,bench/30gib-9.bin,458,33554432,728.79,,
0,bench/30gib-9.bin,459,33554432,683.54,,
0,bench/30gib-9.bin,460,33554432,624.11,,
0,bench/30gib-9.bin,461,33554432,593.14,,
0,bench/30gib-9.bin,462,33554432,724.17,,
0,bench/30gib-9.bin,463,33554432,582.08,,
0,bench/30gib-9.bin,464,33554432,680.34,,
0,bench/30gib-9.bin,465,33554432,708.66,,
0,bench/30gib-9.bin,466,33554432,680.79,,
0,bench/30gib-9.bin,467,33554432,608.49,,
0,bench/30gib-9.bin,468,33554432,365.36,,
0,bench/30gib-9.bin,469,33554432,745.36,,
0,bench/30gib-9.bin,470,33554432,633.12,,
0,bench/30gib-9.bin,471,33554432,487.66,,
0,bench/30gib-9.bin,472,33554432,565.57,,
0,bench/30gib-9.bin,473,33554432,569.62,,
0,bench/30gib-9.bin,474,33554432,482.24,,
0,bench/30gib-9.bin,475,33554432,787.40,,
0,bench/30gib-9.bin,476,33554432,649.01,,
0,bench/30gib-9.bin,477,33554432,556.07,,
0,bench/30gib-9.bin,478,33554432,720.17,,
0,bench/30gib-9.bin,479,33554432,418.24,,
0,bench/30gib-9.bin,480,33554432,636.91,,
0,bench/30gib-9.bin,481,33554432,720.48,,
0,bench/30gib-9.bin,482,33554432,543.38,,
0,bench/30gib-9.bin,483,33554432,582.70,,
0,bench/30gib-9.bin,484,33554432,507.71,,
0,bench/30gib-9.bin,485,33554432,785.09,,
0,bench/30gib-9.bin,486,33554432,921.44,,
0,bench/30gib-9.bin,487,33554432,703.85,,
0,bench/30gib-9.bin,488,33554432,907.87,,
0,bench/30gib-9.bin,489,33554432,405.88,,
0,bench/30gib-9.bin,490,33554432,982.52,,
0,bench/30gib-9.bin,491,33554432,779.57,,
0,bench/30gib-9.bin,492,33554432,545.36,,
0,bench/30gib-9.bin,493,33554432,947.68,,
0,bench/30gib-9.bin,494,33554432,532.96,,
0,bench/30gib-9.bin,495,33554432,640.95,,
0,bench/30gib-9.bin,496,33554432,607.94,,
0,bench/30gib-9.bin,497,33554432,927.80,,
0,bench/30gib-9.bin,498,33554432,544.00,,
0,bench/30gib-9.bin,499,33554432,630.99,,
0,bench/30gib-9.bin,500,33554432,645.56,,
0,bench/30gib-9.bin,501,33554432,673.99,,
0,bench/30gib-9.bin,502,33554432,602.29,,
0,bench/30gib-9.bin,503,33554432,503.86,,
0,bench/30gib-9.bin,504,33554432,466.72,,
0,bench/30gib-9.bin,505,33554432,760.15,,
0,bench/30gib-9.bin,506,33554432,478.27,,
0,bench/30gib-9.bin,507,33554432,480.57,,
0,bench/30gib-9.bin,508,33554432,557.84,,
0,bench/30gib-9.bin,509,33554432,836.77,,
0,bench/30gib-9.bin,510,33554432,553.35,,
0,bench/30gib-9.bin,511,33554432,639.98,,
0,bench/30gib-9.bin,512,33554432,729.07,,
0,bench/30gib-9.bin,513,33554432,503.24,,
0,bench/30gib-9.bin,514,33554432,637.83,,
0,bench/30gib-9.bin,515,33554432,679.44,,
0,bench/30gib-9.bin,516,33554432,930.45,,
0,bench/30gib-9.bin,517,33554432,588.87,,
0,bench/30gib-9.bin,518,33554432,718.35,,
0,bench/30gib-9.bin,519,33554432,631.09,,
0,bench/30gib-9.bin,520,33554432,431.03,,
0,bench/30gib-9.bin,521,33554432,598.05,,
0,bench/30gib-9.bin,522,33554432,718.59,,
0,bench/30gib-9.bin,523,33554432,557.29,,
0,bench/30gib-9.bin,524,33554432,511.94,,
0,bench/30gib-9.bin,525,33554432,455.77,,
0,bench/30gib-9.bin,526,33554432,429.25,,
0,bench/30gib-9.bin,527,33554432,514.06,,
0,bench/30gib-9.bin,528,33554432,730.46,,
0,bench/30gib-9.bin,529,33554432,603.35,,
0,bench/30gib-9.bin,530,33554432,727.44,,
0,bench/30gib-9.bin,531,33554432,662.63,,
0,bench/30gib-9.bin,532,33554432,416.53,,
0,bench/30gib-9.bin,533,33554432,644.68,,
0,bench/30gib-9.bin,534,33554432,674.80,,
0,bench/30gib-9.bin,535,33554432,511.09,,
0,bench/30gib-9.bin,536,33554432,515.79,,
0,bench/30gib-9.bin,537,33554432,544.97,,
0,bench/30gib-9.bin,538,33554432,655.24,,
0,bench/30gib-9.bin,539,33554432,479.92,,
0,bench/30gib-9.bin,540,33554432,426.27,,
0,bench/30gib-9.bin,541,33554432,790.55,,
0,bench/30gib-9.bin,542,33554432,890.68,,
0,bench/30gib-9.bin,543,33554432,577.95,,
0,bench/30gib-9.bin,544,33554432,800.76,,
0,bench/30gib-9.bin,545,33554432,592.69,,
0,bench/30gib-9.bin,546,33554432,927.89,,
0,bench/30gib-9.bin,547,33554432,563.01,,
0,bench/30gib-9.bin,548,33554432,801.84,,
0,bench/30gib-9.bin,549,33554432,1030.94,,
0,bench/30gib-9.bin,550,33554432,543.66,,
0,bench/30gib-9.bin,551,33554432,565.88,,
0,bench/30gib-9.bin,552,33554432,509.08,,
0,bench/30gib-9.bin,553,33554432,566.93,,
0,bench/30gib-9.bin,554,33554432,469.72,,
0,bench/30gib-9.bin,555,33554432,562.73,,
0,bench/30gib-9.bin,556,33554432,831.59,,
0,bench/30gib-9.bin,557,33554432,842.63,,
0,bench/30gib-9.bin,558,33554432,523.24,,
0,bench/30gib-9.bin,559,33554432,619.62,,
0,bench/30gib-9.bin,560,33554432,540.67,,
0,bench/30gib-9.bin,561,33554432,574.81,,
0,bench/30gib-9.bin,562,33554432,568.95,,
0,bench/30gib-9.bin,563,33554432,416.35,,
0,bench/30gib-9.bin,564,33554432,519.89,,
0,bench/30gib-9.bin,565,33554432,486.45,,
0,bench/30gib-9.bin,566,33554432,684.56,,
0,bench/30gib-9.bin,567,33554432,814.44,,
0,bench/30gib-9.bin,568,33554432,851.11,,
0,bench/30gib-9.bin,569,33554432,1171.48,,
0,bench/30gib-9.bin,570,33554432,901.40,,
0,bench/30gib-9.bin,571,33554432,572.59,,
0,bench/30gib-9.bin,572,33554432,608.38,,
0,bench/30gib-9.bin,573,33554432,774.67,,
0,bench/30gib-9.bin,574,33554432,956.00,,
0,bench/30gib-9.bin,575,33554432,910.47,,
0,bench/30gib-9.bin,576,33554432,1002.13,,
0,bench/30gib-9.bin,577,33554432,689.62,,
0,bench/30gib-9.bin,578,33554432,864.34,,
0,bench/30gib-9.bin,579,33554432,631.41,,
0,bench/30gib-9.bin,580,33554432,513.40,,
0,bench/30gib-9.bin,581,33554432,524.73,,
0,bench/30gib-9.bin,582,33554432,574.74,,
0,bench/30gib-9.bin,583,33554432,630.19,,
0,bench/30gib-9.bin,584,33554432,940.79,,
0,bench/30gib-9.bin,585,33554432,535.22,,
0,bench/30gib-9.bin,586,33554432,716.06,,
0,bench/30gib-9.bin,587,33554432,593.78,,
0,bench/30gib-9.bin,588,33554432,469.69,,
0,bench/30gib-9.bin,589,33554432,607.13,,
0,bench/30gib-9.bin,590,33554432,901.31,,
0,bench/30gib-9.bin,591,33554432,921.61,,
0,bench/30gib-9.bin,592,33554432,552.82,,
0,bench/30gib-9.bin,593,33554432,558.58,,
0,bench/30gib-9.bin,594,33554432,632.42,,
0,bench/30gib-9.bin,595,33554432,575.77,,
0,bench/30gib-9.bin,596,33554432,699.99,,
0,bench/30gib-9.bin,597,33554432,537.37,,
0,bench/30gib-9.bin,598,33554432,554.29,,
0,bench/30gib-9.bin,599,33554432,707.04,,
0,bench/30gib-9.bin,600,33554432,632.16,,
0,bench/30gib-9.bin,601,33554432,646.76,,
0,bench/30gib-9.bin,602,33554432,774.98,,
0,bench/30gib-9.bin,603,33554432,537.74,,
0,bench/30gib-9.bin,604,33554432,597.18,,
0,bench/30gib-9.bin,605,33554432,497.32,,
0,bench/30gib-9.bin,606,33554432,570.59,,
0,bench/30gib-9.bin,607,33554432,626.92,,
0,bench/30gib-9.bin,608,33554432,550.44,,
0,bench/30gib-9.bin,609,33554432,741.88,,
0,bench/30gib-9.bin,610,33554432,441.36,,
0,bench/30gib-9.bin,611,33554432,768.94,,
0,bench/30gib-9.bin,612,33554432,607.07,,
0,bench/30gib-9.bin,613,33554432,551.83,,
0,bench/30gib-9.bin,614,33554432,674.22,,
0,bench/30gib-9.bin,615,33554432,691.43,,
0,bench/30gib-9.bin,616,33554432,627.23,,
0,bench/30gib-9.bin,617,33554432,529.06,,
0,bench/30gib-9.bin,618,33554432,526.82,,
0,bench/30gib-9.bin,619,33554432,637.49,,
0,bench/30gib-9.bin,620,33554432,651.08,,
0,bench/30gib-9.bin,621,33554432,474.48,,
0,bench/30gib-9.bin,622,33554432,745.01,,
0,bench/30gib-9.bin,623,33554432,581.15,,
0,bench/30gib-9.bin,624,33554432,591.89,,
0,bench/30gib-9.bin,625,33554432,573.62,,
0,bench/30gib-9.bin,626,33554432,651.69,,
0,bench/30gib-9.bin,627,33554432,892.85,,
0,bench/30gib-9.bin,628,33554432,837.52,,
0,bench/30gib-9.bin,629,33554432,741.19,,
0,bench/30gib-9.bin,630,33554432,711.90,,
0,bench/30gib-9.bin,631,33554432,771.79,,
0,bench/30gib-9.bin,632,33554432,811.96,,
0,bench/30gib-9.bin,633,33554432,890.23,,
0,bench/30gib-9.bin,634,33554432,829.81,,
0,bench/30gib-9.bin,635,33554432,694.76,,
0,bench/30gib-9.bin,636,33554432,477.74,,
0,bench/30gib-9.bin,637,33554432,810.84,,
0,bench/30gib-9.bin,638,33554432,595.25,,
0,bench/30gib-9.bin,639,33554432,537.40,,
0,bench/30gib-9.bin,640,33554432,533.83,,
0,bench/30gib-9.bin,641,33554432,936.93,,
0,bench/30gib-9.bin,642,33554432,508.90,,
0,bench/30gib-9.bin,643,33554432,599.62,,
0,bench/30gib-9.bin,644,33554432,500.42,,
0,bench/30gib-9.bin,645,33554432,883.41,,
0,bench/30gib-9.bin,646,33554432,509.90,,
0,bench/30gib-9.bin,647,33554432,839.12,,
0,bench/30gib-9.bin,648,33554432,445.35,,
0,bench/30gib-9.bin,649,33554432,726.41,,
0,bench/30gib-9.bin,650,33554432,865.80,,
0,bench/30gib-9.bin,651,33554432,767.78,,
0,bench/30gib-9.bin,652,33554432,458.16,,
0,bench/30gib-9.bin,653,33554432,521.26,,
0,bench/30gib-9.bin,654,33554432,492.12,,
0,bench/30gib-9.bin,655,33554432,607.29,,
0,bench/30gib-9.bin,656,33554432,587.60,,
0,bench/30gib-9.bin,657,33554432,792.87,,
0,bench/30gib-9.bin,658,33554432,705.87,,
0,bench/30gib-9.bin,659,33554432,509.97,,
0,bench/30gib-9.bin,660,33554432,668.23,,
0,bench/30gib-9.bin,661,33554432,435.26,,
0,bench/30gib-9.bin,662,33554432,646.16,,
0,bench/30gib-9.bin,663,33554432,506.44,,
0,bench/30gib-9.bin,664,33554432,1041.54,,
0,bench/30gib-9.bin,665,33554432,841.01,,
0,bench/30gib-9.bin,666,33554432,516.59,,
0,bench/30gib-9.bin,667,33554432,561.78,,
0,bench/30gib-9.bin,668,33554432,633.99,,
0,bench/30gib-9.bin,669,33554432,552.56,,
0,bench/30gib-9.bin,670,33554432,721.16,,
0,bench/30gib-9.bin,671,33554432,560.47,,
0,bench/30gib-9.bin,672,33554432,410.85,,
0,bench/30gib-9.bin,673,33554432,586.65,,
0,bench/30gib-9.bin,674,33554432,509.47,,
0,bench/30gib-9.bin,675,33554432,549.81,,
0,bench/30gib-9.bin,676,33554432,729.61,,
0,bench/30gib-9.bin,677,33554432,519.75,,
0,bench/30gib-9.bin,678,33554432,551.04,,
0,bench/30gib-9.bin,679,33554432,873.05,,
0,bench/30gib-9.bin,680,33554432,678.49,,
0,bench/30gib-9.bin,681,33554432,738.94,,
0,bench/30gib-9.bin,682,33554432,630.32,,
0,bench/30gib-9.bin,683,33554432,618.07,,
0,bench/30gib-9.bin,684,33554432,499.45,,
0,bench/30gib-9.bin,685,33554432,734.28,,
0,bench/30gib-9.bin,686,33554432,681.32,,
0,bench/30gib-9.bin,687,33554432,844.16,,
0,bench/30gib-9.bin,688,33554432,568.99,,
0,bench/30gib-9.bin,689,33554432,472.87,,
0,bench/30gib-9.bin,690,33554432,877.99,,
0,bench/30gib-9.bin,691,33554432,537.52,,
0,bench/30gib-9.bin,692,33554432,473.22,,
0,bench/30gib-9.bin,693,33554432,481.01,,
0,bench/30gib-9.bin,694,33554432,760.39,,
0,bench/30gib-9.bin,695,33554432,668.28,,
0,bench/30gib-9.bin,696,33554432,721.41,,
0,bench/30gib-9.bin,697,33554432,463.93,,
0,bench/30gib-9.bin,698,33554432,478.30,,
0,bench/30gib-9.bin,699,33554432,451.09,,
0,bench/30gib-9.bin,700,33554432,560.39,,
0,bench/30gib-9.bin,701,33554432,793.69,,
0,bench/30gib-9.bin,702,33554432,659.27,,
0,bench/30gib-9.bin,703,33554432,622.41,,
0,bench/30gib-9.bin,704,33554432,886.61,,
0,bench/30gib-9.bin,705,33554432,941.27,,
0,bench/30gib-9.bin,706,33554432,783.68,,
0,bench/30gib-9.bin,707,33554432,900.27,,
0,bench/30gib-9.bin,708,33554432,729.16,,
0,bench/30gib-9.bin,709,33554432,395.04,,
0,bench/30gib-9.bin,710,33554432,883.49,,
0,bench/30gib-9.bin,711,33554432,904.12,,
0,bench/30gib-9.bin,712,33554432,682.68,,
0,bench/30gib-9.bin,713,33554432,534.15,,
0,bench/30gib-9.bin,714,33554432,546.26,,
0,bench/30gib-9.bin,715,33554432,589.82,,
0,bench/30gib-9.bin,716,33554432,824.19,,
0,bench/30gib-9.bin,717,33554432,479.42,,
0,bench/30gib-9.bin,718,33554432,868.19,,
0,bench/30gib-9.bin,719,33554432,579.54,,
0,bench/30gib-9.bin,720,33554432,539.30,,
0,bench/30gib-9.bin,721,33554432,732.64,,
0,bench/30gib-9.bin,722,33554432,616.59,,
0,bench/30gib-9.bin,723,33554432,715.48,,
0,bench/30gib-9.bin,724,33554432,469.10,,
0,bench/30gib-9.bin,725,33554432,867.15,,
0,bench/30gib-9.bin,726,33554432,921.27,,
0,bench/30gib-9.bin,727,33554432,689.75,,
0,bench/30gib-9.bin,728,33554432,513.53,,
0,bench/30gib-9.bin,729,33554432,897.29,,
0,bench/30gib-9.bin,730,33554432,895.77,,
0,bench/30gib-9.bin,731,33554432,646.14,,
0,bench/30gib-9.bin,732,33554432,505.26,,
0,bench/30gib-9.bin,733,33554432,856.31,,
0,bench/30gib-9.bin,734,33554432,725.66,,
0,bench/30gib-9.bin,735,33554432,516.82,,
0,bench/30gib-9.bin,736,33554432,396.71,,
0,bench/30gib-9.bin,737,33554432,393.77,,
0,bench/30gib-9.bin,738,33554432,507.06,,
0,bench/30gib-9.bin,739,33554432,491.46,,
0,bench/30gib-9.bin,740,33554432,686.88,,
0,bench/30gib-9.bin,741,33554432,737.97,,
0,bench/30gib-9.bin,742,33554432,532.38,,
0,bench/30gib-9.bin,743,33554432,685.68,,
0,bench/30gib-9.bin,744,33554432,630.48,,
0,bench/30gib-9.bin,745,33554432,1067.25,,
0,bench/30gib-9.bin,746,33554432,679.44,,
0,bench/30gib-9.bin,747,33554432,432.52,,
0,bench/30gib-9.bin,748,33554432,508.01,,
0,bench/30gib-9.bin,749,33554432,726.38,,
0,bench/30gib-9.bin,750,33554432,743.94,,
0,bench/30gib-9.bin,751,33554432,620.23,,
0,bench/30gib-9.bin,752,33554432,643.21,,
0,bench/30gib-9.bin,753,33554432,711.15,,
0,bench/30gib-9.bin,754,33554432,755.33,,
0,bench/30gib-9.bin,755,33554432,488.46,,
0,bench/30gib-9.bin,756,33554432,560.34,,
0,bench/30gib-9.bin,757,33554432,462.04,,
0,bench/30gib-9.bin,758,33554432,728.72,,
0,bench/30gib-9.bin,759,33554432,561.35,,
0,bench/30gib-9.bin,760,33554432,581.97,,
0,bench/30gib-9.bin,761,33554432,398.80,,
0,bench/30gib-9.bin,762,33554432,727.16,,
0,bench/30gib-9.bin,763,33554432,900.44,,
0,bench/30gib-9.bin,764,33554432,810.61,,
0,bench/30gib-9.bin,765,33554432,656.91,,
0,bench/30gib-9.bin,766,33554432,800.90,,
0,bench/30gib-9.bin,767,33554432,544.45,,
0,bench/30gib-9.bin,768,33554432,667.82,,
0,bench/30gib-9.bin,769,33554432,819.83,,
0,bench/30gib-9.bin,770,33554432,454.91,,
0,bench/30gib-9.bin,771,33554432,356.09,,
0,bench/30gib-9.bin,772,33554432,552.22,,
0,bench/30gib-9.bin,773,33554432,502.22,,
0,bench/30gib-9.bin,774,33554432,542.57,,
0,bench/30gib-9.bin,775,33554432,662.24,,
0,bench/30gib-9.bin,776,33554432,710.45,,
0,bench/30gib-9.bin,777,33554432,490.73,,
0,bench/30gib-9.bin,778,33554432,502.67,,
0,bench/30gib-9.bin,779,33554432,647.61,,
0,bench/30gib-9.bin,780,33554432,595.94,,
0,bench/30gib-9.bin,781,33554432,586.89,,
0,bench/30gib-9.bin,782,33554432,433.53,,
0,bench/30gib-9.bin,783,33554432,595.61,,
0,bench/30gib-9.bin,784,33554432,564.52,,
0,bench/30gib-9.bin,785,33554432,352.56,,
0,bench/30gib-9.bin,786,33554432,529.27,,
0,bench/30gib-9.bin,787,33554432,750.11,,
0,bench/30gib-9.bin,788,33554432,624.60,,
0,bench/30gib-9.bin,789,33554432,955.37,,
0,bench/30gib-9.bin,790,33554432,883.23,,
0,bench/30gib-9.bin,791,33554432,478.89,,
0,bench/30gib-9.bin,792,33554432,957.34,,
0,bench/30gib-9.bin,793,33554432,408.01,,
0,bench/30gib-9.bin,794,33554432,614.99,,
0,bench/30gib-9.bin,795,33554432,678.29,,
0,bench/30gib-9.bin,796,33554432,549.10,,
0,bench/30gib-9.bin,797,33554432,812.32,,
0,bench/30gib-9.bin,798,33554432,490.65,,
0,bench/30gib-9.bin,799,33554432,755.63,,
0,bench/30gib-9.bin,800,33554432,399.10,,
0,bench/30gib-9.bin,801,33554432,659.05,,
0,bench/30gib-9.bin,802,33554432,942.72,,
0,bench/30gib-9.bin,803,33554432,630.38,,
0,bench/30gib-9.bin,804,33554432,460.31,,
0,bench/30gib-9.bin,805,33554432,517.80,,
0,bench/30gib-9.bin,806,33554432,884.90,,
0,bench/30gib-9.bin,807,33554432,570.34,,
0,bench/30gib-9.bin,808,33554432,639.67,,
0,bench/30gib-9.bin,809,33554432,641.76,,
0,bench/30gib-9.bin,810,33554432,620.88,,
0,bench/30gib-9.bin,811,33554432,359.52,,
0,bench/30gib-9.bin,812,33554432,528.34,,
0,bench/30gib-9.bin,813,33554432,614.84,,
0,bench/30gib-9.bin,814,33554432,474.13,,
0,bench/30gib-9.bin,815,33554432,497.12,,
0,bench/30gib-9.bin,816,33554432,444.76,,
0,bench/30gib-9.bin,817,33554432,543.51,,
0,bench/30gib-9.bin,818,33554432,521.56,,
0,bench/30gib-9.bin,819,33554432,529.63,,
0,bench/30gib-9.bin,820,33554432,640.28,,
0,bench/30gib-9.bin,821,33554432,461.38,,
0,bench/30gib-9.bin,822,33554432,565.71,,
0,bench/30gib-9.bin,823,33554432,681.75,,
0,bench/30gib-9.bin,824,33554432,778.99,,
0,bench/30gib-9.bin,825,33554432,539.77,,
0,bench/30gib-9.bin,826,33554432,711.94,,
0,bench/30gib-9.bin,827,33554432,594.82,,
0,bench/30gib-9.bin,828,33554432,830.09,,
0,bench/30gib-9.bin,829,33554432,773.10,,
0,bench/30gib-9.bin,830,33554432,857.22,,
0,bench/30gib-9.bin,831,33554432,539.72,,
0,bench/30gib-9.bin,832,33554432,741.92,,
0,bench/30gib-9.bin,833,33554432,975.78,,
0,bench/30gib-9.bin,834,33554432,670.28,,
0,bench/30gib-9.bin,835,33554432,594.66,,
0,bench/30gib-9.bin,836,33554432,724.92,,
0,bench/30gib-9.bin,837,33554432,719.62,,
0,bench/30gib-9.bin,838,33554432,761.56,,
0,bench/30gib-9.bin,839,33554432,346.12,,
0,bench/30gib-9.bin,840,33554432,534.10,,
0,bench/30gib-9.bin,841,33554432,743.10,,
0,bench/30gib-9.bin,842,33554432,501.07,,
0,bench/30gib-9.bin,843,33554432,667.69,,
0,bench/30gib-9.bin,844,33554432,609.24,,
0,bench/30gib-9.bin,845,33554432,901.60,,
0,bench/30gib-9.bin,846,33554432,474.67,,
0,bench/30gib-9.bin,847,33554432,704.16,,
0,bench/30gib-9.bin,848,33554432,680.85,,
0,bench/30gib-9.bin,849,33554432,851.91,,
0,bench/30gib-9.bin,850,33554432,936.03,,
0,bench/30gib-9.bin,851,33554432,839.98,,
0,bench/30gib-9.bin,852,33554432,663.23,,
0,bench/30gib-9.bin,853,33554432,471.54,,
0,bench/30gib-9.bin,854,33554432,636.62,,
0,bench/30gib-9.bin,855,33554432,487.28,,
0,bench/30gib-9.bin,856,33554432,883.99,,
0,bench/30gib-9.bin,857,33554432,596.25,,
0,bench/30gib-9.bin,858,33554432,637.83,,
0,bench/30gib-9.bin,859,33554432,463.28,,
0,bench/30gib-9.bin,860,33554432,496.32,,
0,bench/30gib-9.bin,861,33554432,544.87,,
0,bench/30gib-9.bin,862,33554432,554.64,,
0,bench/30gib-9.bin,863,33554432,724.33,,
0,bench/30gib-9.bin,864,33554432,522.29,,
0,bench/30gib-9.bin,865,33554432,654.00,,
0,bench/30gib-9.bin,866,33554432,529.09,,
0,bench/30gib-9.bin,867,33554432,677.45,,
0,bench/30gib-9.bin,868,33554432,714.52,,
0,bench/30gib-9.bin,869,33554432,791.15,,
0,bench/30gib-9.bin,870,33554432,798.43,,
0,bench/30gib-9.bin,871,33554432,592.45,,
0,bench/30gib-9.bin,872,33554432,541.28,,
0,bench/30gib-9.bin,873,33554432,619.96,,
0,bench/30gib-9.bin,874,33554432,734.71,,
0,bench/30gib-9.bin,875,33554432,748.70,,
0,bench/30gib-9.bin,876,33554432,742.61,,
0,bench/30gib-9.bin,877,33554432,816.53,,
0,bench/30gib-9.bin,878,33554432,728.80,,
0,bench/30gib-9.bin,879,33554432,763.81,,
0,bench/30gib-9.bin,880,33554432,782.16,,
0,bench/30gib-9.bin,881,33554432,651.94,,
0,bench/30gib-9.bin,882,33554432,623.00,,
0,bench/30gib-9.bin,883,33554432,565.70,,
0,bench/30gib-9.bin,884,33554432,911.64,,
0,bench/30gib-9.bin,885,33554432,562.06,,
0,bench/30gib-9.bin,886,33554432,624.23,,
0,bench/30gib-9.bin,887,33554432,564.25,,
0,bench/30gib-9.bin,888,33554432,519.56,,
0,bench/30gib-9.bin,889,33554432,556.59,,
0,bench/30gib-9.bin,890,33554432,750.56,,
0,bench/30gib-9.bin,891,33554432,679.36,,
0,bench/30gib-9.bin,892,33554432,584.80,,
0,bench/30gib-9.bin,893,33554432,571.24,,
0,bench/30gib-9.bin,894,33554432,707.59,,
0,bench/30gib-9.bin,895,33554432,811.11,,
0,bench/30gib-9.bin,896,33554432,844.71,,
0,bench/30gib-9.bin,897,33554432,861.16,,
0,bench/30gib-9.bin,898,33554432,584.02,,
0,bench/30gib-9.bin,899,33554432,479.26,,
0,bench/30gib-9.bin,900,33554432,521.11,,
0,bench/30gib-9.bin,901,33554432,550.84,,
0,bench/30gib-9.bin,902,33554432,503.14,,
0,bench/30gib-9.bin,903,33554432,552.12,,
0,bench/30gib-9.bin,904,33554432,794.79,,
0,bench/30gib-9.bin,905,33554432,760.20,,
0,bench/30gib-9.bin,906,33554432,590.18,,
0,bench/30gib-9.bin,907,33554432,485.10,,
0,bench/30gib-9.bin,908,33554432,503.76,,
0,bench/30gib-9.bin,909,33554432,485.98,,
0,bench/30gib-9.bin,910,33554432,724.28,,
0,bench/30gib-9.bin,911,33554432,475.12,,
0,bench/30gib-9.bin,912,33554432,724.08,,
0,bench/30gib-9.bin,913,33554432,499.67,,
0,bench/30gib-9.bin,914,33554432,560.63,,
0,bench/30gib-9.bin,915,33554432,752.94,,
0,bench/30gib-9.bin,916,33554432,787.88,,
0,bench/30gib-9.bin,917,33554432,686.51,,
0,bench/30gib-9.bin,918,33554432,491.04,,
0,bench/30gib-9.bin,919,33554432,538.76,,
0,bench/30gib-9.bin,920,33554432,640.18,,
0,bench/30gib-9.bin,921,33554432,644.90,,
0,bench/30gib-9.bin,922,33554432,527.53,,
0,bench/30gib-9.bin,923,33554432,592.82,,
0,bench/30gib-9.bin,924,33554432,484.37,,
0,bench/30gib-9.bin,925,33554432,726.34,,
0,bench/30gib-9.bin,926,33554432,592.48,,
0,bench/30gib-9.bin,927,33554432,779.68,,
0,bench/30gib-9.bin,928,33554432,588.89,,
0,bench/30gib-9.bin,929,33554432,822.15,,
0,bench/30gib-9.bin,930,33554432,583.04,,
0,bench/30gib-9.bin,931,33554432,786.47,,
0,bench/30gib-9.bin,932,33554432,732.01,,
0,bench/30gib-9.bin,933,33554432,572.93,,
0,bench/30gib-9.bin,934,33554432,540.91,,
0,bench/30gib-9.bin,935,33554432,552.11,,
0,bench/30gib-9.bin,936,33554432,607.15,,
0,bench/30gib-9.bin,937,33554432,525.80,,
0,bench/30gib-9.bin,938,33554432,712.95,,
0,bench/30gib-9.bin,939,33554432,676.61,,
0,bench/30gib-9.bin,940,33554432,788.16,,
0,bench/30gib-9.bin,941,33554432,684.99,,
0,bench/30gib-9.bin,942,33554432,818.44,,
0,bench/30gib-9.bin,943,33554432,580.48,,
0,bench/30gib-9.bin,944,33554432,663.00,,
0,bench/30gib-9.bin,945,33554432,514.71,,
0,bench/30gib-9.bin,946,33554432,703.74,,
0,bench/30gib-9.bin,947,33554432,566.08,,
0,bench/30gib-9.bin,948,33554432,602.44,,
0,bench/30gib-9.bin,949,33554432,538.66,,
0,bench/30gib-9.bin,950,33554432,496.92,,
0,bench/30gib-9.bin,951,33554432,626.39,,
0,bench/30gib-9.bin,952,33554432,519.56,,
0,bench/30gib-9.bin,953,33554432,701.80,,
0,bench/30gib-9.bin,954,33554432,525.83,,
0,bench/30gib-9.bin,955,33554432,657.15,,
0,bench/30gib-9.bin,956,33554432,437.24,,
0,bench/30gib-9.bin,957,33554432,458.82,,
0,bench/30gib-9.bin,958,33554432,353.67,,
0,bench/30gib-9.bin,959,33554432,347.57,,
0,bench/30gib-9.bin,960,33554432,502.81,,
