iter,key,part_number,bytes,download_ms,vip,conn_id
0,bench/30gib-0.bin,1,33554432,1370.99,,
0,bench/30gib-0.bin,2,33554432,640.48,,
0,bench/30gib-0.bin,3,33554432,1097.62,,
0,bench/30gib-0.bin,4,33554432,1677.32,,
0,bench/30gib-0.bin,5,33554432,708.07,,
0,bench/30gib-0.bin,6,33554432,1650.61,,
0,bench/30gib-0.bin,7,33554432,1729.82,,
0,bench/30gib-0.bin,8,33554432,1323.10,,
0,bench/30gib-0.bin,9,33554432,1475.76,,
0,bench/30gib-0.bin,10,33554432,1368.06,,
0,bench/30gib-0.bin,11,33554432,2663.38,,
0,bench/30gib-0.bin,12,33554432,985.79,,
0,bench/30gib-0.bin,13,33554432,906.67,,
0,bench/30gib-0.bin,14,33554432,2164.60,,
0,bench/30gib-0.bin,15,33554432,1278.50,,
0,bench/30gib-0.bin,16,33554432,1813.92,,
0,bench/30gib-0.bin,17,33554432,913.33,,
0,bench/30gib-0.bin,18,33554432,1282.08,,
0,bench/30gib-0.bin,19,33554432,2047.43,,
0,bench/30gib-0.bin,20,33554432,1615.75,,
0,bench/30gib-0.bin,21,33554432,2136.43,,
0,bench/30gib-0.bin,22,33554432,1901.51,,
0,bench/30gib-0.bin,23,33554432,1855.46,,
0,bench/30gib-0.bin,24,33554432,1640.01,,
0,bench/30gib-0.bin,25,33554432,1474.89,,
0,bench/30gib-0.bin,26,33554432,1679.04,,
0,bench/30gib-0.bin,27,33554432,1014.01,,
0,bench/30gib-0.bin,28,33554432,902.47,,
0,bench/30gib-0.bin,29,33554432,892.53,,
0,bench/30gib-0.bin,30,33554432,814.02,,
0,bench/30gib-0.bin,31,33554432,1177.75,,
0,bench/30gib-0.bin,32,33554432,664.03,,
0,bench/30gib-0.bin,33,33554432,662.69,,
0,bench/30gib-0.bin,34,33554432,766.39,,
0,bench/30gib-0.bin,35,33554432,1220.84,,
0,bench/30gib-0.bin,36,33554432,850.92,,
0,bench/30gib-0.bin,37,33554432,551.27,,
0,bench/30gib-0.bin,38,33554432,917.47,,
0,bench/30gib-0.bin,39,33554432,444.25,,
0,bench/30gib-0.bin,40,33554432,366.59,,
0,bench/30gib-0.bin,41,33554432,558.75,,
0,bench/30gib-0.bin,42,33554432,487.34,,
0,bench/30gib-0.bin,43,33554432,465.03,,
0,bench/30gib-0.bin,44,33554432,434.11,,
0,bench/30gib-0.bin,45,33554432,373.35,,
0,bench/30gib-0.bin,46,33554432,704.71,,
0,bench/30gib-0.bin,47,33554432,658.70,,
0,bench/30gib-0.bin,48,33554432,510.13,,
0,bench/30gib-0.bin,49,33554432,652.51,,
0,bench/30gib-0.bin,50,33554432,458.46,,
0,bench/30gib-0.bin,51,33554432,435.90,,
0,bench/30gib-0.bin,52,33554432,1581.22,,
0,bench/30gib-0.bin,53,33554432,382.77,,
0,bench/30gib-0.bin,54,33554432,535.49,,
0,bench/30gib-0.bin,55,33554432,387.64,,
0,bench/30gib-0.bin,56,33554432,736.89,,
0,bench/30gib-0.bin,57,33554432,554.31,,
0,bench/30gib-0.bin,58,33554432,930.38,,
0,bench/30gib-0.bin,59,33554432,437.24,,
0,bench/30gib-0.bin,60,33554432,344.68,,
0,bench/30gib-0.bin,61,33554432,587.01,,
0,bench/30gib-0.bin,62,33554432,641.95,,
0,bench/30gib-0.bin,63,33554432,531.50,,
0,bench/30gib-0.bin,64,33554432,677.98,,
0,bench/30gib-0.bin,65,33554432,612.88,,
0,bench/30gib-0.bin,66,33554432,644.69,,
0,bench/30gib-0.bin,67,33554432,444.74,,
0,bench/30gib-0.bin,68,33554432,558.96,,
0,bench/30gib-0.bin,69,33554432,584.23,,
0,bench/30gib-0.bin,70,33554432,476.10,,
0,bench/30gib-0.bin,71,33554432,365.32,,
0,bench/30gib-0.bin,72,33554432,516.58,,
0,bench/30gib-0.bin,73,33554432,350.10,,
0,bench/30gib-0.bin,74,33554432,532.77,,
0,bench/30gib-0.bin,75,33554432,461.00,,
0,bench/30gib-0.bin,76,33554432,389.28,,
0,bench/30gib-0.bin,77,33554432,487.53,,
0,bench/30gib-0.bin,78,33554432,689.88,,
0,bench/30gib-0.bin,79,33554432,370.99,,
0,bench/30gib-0.bin,80,33554432,428.96,,
0,bench/30gib-0.bin,81,33554432,525.16,,
0,bench/30gib-0.bin,82,33554432,390.14,,
0,bench/30gib-0.bin,83,33554432,508.38,,
0,bench/30gib-0.bin,84,33554432,499.02,,
0,bench/30gib-0.bin,85,33554432,554.84,,
0,bench/30gib-0.bin,86,33554432,343.16,,
0,bench/30gib-0.bin,87,33554432,400.72,,
0,bench/30gib-0.bin,88,33554432,349.56,,
0,bench/30gib-0.bin,89,33554432,688.26,,
0,bench/30gib-0.bin,90,33554432,357.86,,
0,bench/30gib-0.bin,91,33554432,454.49,,
0,bench/30gib-0.bin,92,33554432,541.36,,
0,bench/30gib-0.bin,93,33554432,437.84,,
0,bench/30gib-0.bin,94,33554432,494.58,,
0,bench/30gib-0.bin,95,33554432,496.49,,
0,bench/30gib-0.bin,96,33554432,399.64,,
0,bench/30gib-0.bin,97,33554432,358.32,,
0,bench/30gib-0.bin,98,33554432,523.44,,
0,bench/30gib-0.bin,99,33554432,347.46,,
0,bench/30gib-0.bin,100,33554432,531.46,,
0,bench/30gib-0.bin,101,33554432,375.14,,
0,bench/30gib-0.bin,102,33554432,373.96,,
0,bench/30gib-0.bin,103,33554432,422.03,,
0,bench/30gib-0.bin,104,33554432,523.57,,
0,bench/30gib-0.bin,105,33554432,342.92,,
0,bench/30gib-0.bin,106,33554432,404.76,,
0,bench/30gib-0.bin,107,33554432,401.57,,
0,bench/30gib-0.bin,108,33554432,413.61,,
0,bench/30gib-0.bin,109,33554432,416.62,,
0,bench/30gib-0.bin,110,33554432,391.81,,
0,bench/30gib-0.bin,111,33554432,561.05,,
0,bench/30gib-0.bin,112,33554432,351.38,,
0,bench/30gib-0.bin,113,33554432,344.97,,
0,bench/30gib-0.bin,114,33554432,373.23,,
0,bench/30gib-0.bin,115,33554432,342.67,,
0,bench/30gib-0.bin,116,33554432,434.40,,
0,bench/30gib-0.bin,117,33554432,358.30,,
0,bench/30gib-0.bin,118,33554432,432.05,,
0,bench/30gib-0.bin,119,33554432,610.00,,
0,bench/30gib-0.bin,120,33554432,441.40,,
0,bench/30gib-0.bin,121,33554432,1150.52,,
0,bench/30gib-0.bin,122,33554432,343.43,,
0,bench/30gib-0.bin,123,33554432,440.46,,
0,bench/30gib-0.bin,124,33554432,408.75,,
0,bench/30gib-0.bin,125,33554432,497.51,,
0,bench/30gib-0.bin,126,33554432,493.02,,
0,bench/30gib-0.bin,127,33554432,427.36,,
0,bench/30gib-0.bin,128,33554432,445.07,,
0,bench/30gib-0.bin,129,33554432,342.71,,
0,bench/30gib-0.bin,130,33554432,440.34,,
0,bench/30gib-0.bin,131,33554432,1851.78,,
0,bench/30gib-0.bin,132,33554432,451.61,,
0,bench/30gib-0.bin,133,33554432,541.84,,
0,bench/30gib-0.bin,134,33554432,411.70,,
0,bench/30gib-0.bin,135,33554432,349.09,,
0,bench/30gib-0.bin,136,33554432,483.70,,
0,bench/30gib-0.bin,137,33554432,343.39,,
0,bench/30gib-0.bin,138,33554432,550.31,,
0,bench/30gib-0.bin,139,33554432,344.23,,
0,bench/30gib-0.bin,140,33554432,620.93,,
0,bench/30gib-0.bin,141,33554432,1081.88,,
0,bench/30gib-0.bin,142,33554432,413.64,,
0,bench/30gib-0.bin,143,33554432,342.86,,
0,bench/30gib-0.bin,144,33554432,341.70,,
0,bench/30gib-0.bin,145,33554432,576.92,,
0,bench/30gib-0.bin,146,33554432,354.19,,
0,bench/30gib-0.bin,147,33554432,529.48,,
0,bench/30gib-0.bin,148,33554432,358.25,,
0,bench/30gib-0.bin,149,33554432,477.57,,
0,bench/30gib-0.bin,150,33554432,342.59,,
0,bench/30gib-0.bin,151,33554432,493.79,,
0,bench/30gib-0.bin,152,33554432,436.11,,
0,bench/30gib-0.bin,153,33554432,439.48,,
0,bench/30gib-0.bin,154,33554432,341.79,,
0,bench/30gib-0.bin,155,33554432,340.30,,
0,bench/30gib-0.bin,156,33554432,349.29,,
0,bench/30gib-0.bin,157,33554432,423.62,,
0,bench/30gib-0.bin,158,33554432,372.67,,
0,bench/30gib-0.bin,159,33554432,341.68,,
0,bench/30gib-0.bin,160,33554432,405.82,,
0,bench/30gib-0.bin,161,33554432,405.13,,
0,bench/30gib-0.bin,162,33554432,346.92,,
0,bench/30gib-0.bin,163,33554432,364.63,,
0,bench/30gib-0.bin,164,33554432,476.12,,
0,bench/30gib-0.bin,165,33554432,350.05,,
0,bench/30gib-0.bin,166,33554432,436.05,,
0,bench/30gib-0.bin,167,33554432,444.02,,
0,bench/30gib-0.bin,168,33554432,444.82,,
0,bench/30gib-0.bin,169,33554432,393.97,,
0,bench/30gib-0.bin,170,33554432,340.52,,
0,bench/30gib-0.bin,171,33554432,342.17,,
0,bench/30gib-0.bin,172,33554432,782.33,,
0,bench/30gib-0.bin,173,33554432,564.97,,
0,bench/30gib-0.bin,174,33554432,422.49,,
0,bench/30gib-0.bin,175,33554432,522.78,,
0,bench/30gib-0.bin,176,33554432,424.33,,
0,bench/30gib-0.bin,177,33554432,361.79,,
0,bench/30gib-0.bin,178,33554432,422.08,,
0,bench/30gib-0.bin,179,33554432,348.52,,
0,bench/30gib-0.bin,180,33554432,388.65,,
0,bench/30gib-0.bin,181,33554432,487.25,,
0,bench/30gib-0.bin,182,33554432,343.53,,
0,bench/30gib-0.bin,183,33554432,387.73,,
0,bench/30gib-0.bin,184,33554432,369.43,,
0,bench/30gib-0.bin,185,33554432,344.17,,
0,bench/30gib-0.bin,186,33554432,575.61,,
0,bench/30gib-0.bin,187,33554432,689.88,,
0,bench/30gib-0.bin,188,33554432,478.91,,
0,bench/30gib-0.bin,189,33554432,343.03,,
0,bench/30gib-0.bin,190,33554432,392.82,,
0,bench/30gib-0.bin,191,33554432,442.08,,
0,bench/30gib-0.bin,192,33554432,363.95,,
0,bench/30gib-0.bin,193,33554432,549.41,,
0,bench/30gib-0.bin,194,33554432,524.85,,
0,bench/30gib-0.bin,195,33554432,536.48,,
0,bench/30gib-0.bin,196,33554432,425.17,,
0,bench/30gib-0.bin,197,33554432,353.26,,
0,bench/30gib-0.bin,198,33554432,344.34,,
0,bench/30gib-0.bin,199,33554432,356.53,,
0,bench/30gib-0.bin,200,33554432,532.49,,
0,bench/30gib-0.bin,201,33554432,341.88,,
0,bench/30gib-0.bin,202,33554432,469.63,,
0,bench/30gib-0.bin,203,33554432,581.99,,
0,bench/30gib-0.bin,204,33554432,447.25,,
0,bench/30gib-0.bin,205,33554432,348.08,,
0,bench/30gib-0.bin,206,33554432,341.85,,
0,bench/30gib-0.bin,207,33554432,449.59,,
0,bench/30gib-0.bin,208,33554432,570.17,,
0,bench/30gib-0.bin,209,33554432,371.04,,
0,bench/30gib-0.bin,210,33554432,470.54,,
0,bench/30gib-0.bin,211,33554432,428.28,,
0,bench/30gib-0.bin,212,33554432,929.32,,
0,bench/30gib-0.bin,213,33554432,455.99,,
0,bench/30gib-0.bin,214,33554432,475.90,,
0,bench/30gib-0.bin,215,33554432,428.34,,
0,bench/30gib-0.bin,216,33554432,363.67,,
0,bench/30gib-0.bin,217,33554432,343.45,,
0,bench/30gib-0.bin,218,33554432,404.32,,
0,bench/30gib-0.bin,219,33554432,346.24,,
0,bench/30gib-0.bin,220,33554432,351.49,,
0,bench/30gib-0.bin,221,33554432,341.53,,
0,bench/30gib-0.bin,222,33554432,347.18,,
0,bench/30gib-0.bin,223,33554432,429.43,,
0,bench/30gib-0.bin,224,33554432,391.47,,
0,bench/30gib-0.bin,225,33554432,368.94,,
0,bench/30gib-0.bin,226,33554432,433.73,,
0,bench/30gib-0.bin,227,33554432,434.92,,
0,bench/30gib-0.bin,228,33554432,427.28,,
0,bench/30gib-0.bin,229,33554432,507.11,,
0,bench/30gib-0.bin,230,33554432,476.18,,
0,bench/30gib-0.bin,231,33554432,341.45,,
0,bench/30gib-0.bin,232,33554432,501.38,,
0,bench/30gib-0.bin,233,33554432,365.62,,
0,bench/30gib-0.bin,234,33554432,342.23,,
0,bench/30gib-0.bin,235,33554432,352.55,,
0,bench/30gib-0.bin,236,33554432,359.07,,
0,bench/30gib-0.bin,237,33554432,347.58,,
0,bench/30gib-0.bin,238,33554432,442.50,,
0,bench/30gib-0.bin,239,33554432,346.26,,
0,bench/30gib-0.bin,240,33554432,343.16,,
0,bench/30gib-0.bin,241,33554432,345.41,,
0,bench/30gib-0.bin,242,33554432,618.77,,
0,bench/30gib-0.bin,243,33554432,340.72,,
0,bench/30gib-0.bin,244,33554432,509.04,,
0,bench/30gib-0.bin,245,33554432,523.42,,
0,bench/30gib-0.bin,246,33554432,387.01,,
0,bench/30gib-0.bin,247,33554432,364.40,,
0,bench/30gib-0.bin,248,33554432,475.96,,
0,bench/30gib-0.bin,249,33554432,343.60,,
0,bench/30gib-0.bin,250,33554432,354.39,,
0,bench/30gib-0.bin,251,33554432,341.18,,
0,bench/30gib-0.bin,252,33554432,437.84,,
0,bench/30gib-0.bin,253,33554432,534.39,,
0,bench/30gib-0.bin,254,33554432,342.51,,
0,bench/30gib-0.bin,255,33554432,456.06,,
0,bench/30gib-0.bin,256,33554432,343.06,,
0,bench/30gib-0.bin,257,33554432,343.55,,
0,bench/30gib-0.bin,258,33554432,340.04,,
0,bench/30gib-0.bin,259,33554432,381.70,,
0,bench/30gib-0.bin,260,33554432,409.91,,
0,bench/30gib-0.bin,261,33554432,821.27,,
0,bench/30gib-0.bin,262,33554432,372.52,,
0,bench/30gib-0.bin,263,33554432,374.86,,
0,bench/30gib-0.bin,264,33554432,434.19,,
0,bench/30gib-0.bin,265,33554432,488.40,,
0,bench/30gib-0.bin,266,33554432,345.25,,
0,bench/30gib-0.bin,267,33554432,463.49,,
0,bench/30gib-0.bin,268,33554432,422.99,,
0,bench/30gib-0.bin,269,33554432,414.32,,
0,bench/30gib-0.bin,270,33554432,389.59,,
0,bench/30gib-0.bin,271,33554432,341.47,,
0,bench/30gib-0.bin,272,33554432,343.87,,
0,bench/30gib-0.bin,273,33554432,354.51,,
0,bench/30gib-0.bin,274,33554432,511.71,,
0,bench/30gib-0.bin,275,33554432,548.43,,
0,bench/30gib-0.bin,276,33554432,351.07,,
0,bench/30gib-0.bin,277,33554432,441.11,,
0,bench/30gib-0.bin,278,33554432,427.16,,
0,bench/30gib-0.bin,279,33554432,462.29,,
0,bench/30gib-0.bin,280,33554432,411.84,,
0,bench/30gib-0.bin,281,33554432,388.23,,
0,bench/30gib-0.bin,282,33554432,443.00,,
0,bench/30gib-0.bin,283,33554432,351.36,,
0,bench/30gib-0.bin,284,33554432,430.29,,
0,bench/30gib-0.bin,285,33554432,540.46,,
0,bench/30gib-0.bin,286,33554432,347.77,,
0,bench/30gib-0.bin,287,33554432,368.83,,
0,bench/30gib-0.bin,288,33554432,379.20,,
0,bench/30gib-0.bin,289,33554432,357.60,,
0,bench/30gib-0.bin,290,33554432,401.99,,
0,bench/30gib-0.bin,291,33554432,390.13,,
0,bench/30gib-0.bin,292,33554432,607.82,,
0,bench/30gib-0.bin,293,33554432,379.47,,
0,bench/30gib-0.bin,294,33554432,456.16,,
0,bench/30gib-0.bin,295,33554432,385.70,,
0,bench/30gib-0.bin,296,33554432,493.56,,
0,bench/30gib-0.bin,297,33554432,340.83,,
0,bench/30gib-0.bin,298,33554432,341.96,,
0,bench/30gib-0.bin,299,33554432,397.22,,
0,bench/30gib-0.bin,300,33554432,604.06,,
0,bench/30gib-0.bin,301,33554432,346.40,,
0,bench/30gib-0.bin,302,33554432,426.15,,
0,bench/30gib-0.bin,303,33554432,397.66,,
0,bench/30gib-0.bin,304,33554432,441.39,,
0,bench/30gib-0.bin,305,33554432,459.47,,
0,bench/30gib-0.bin,306,33554432,365.48,,
0,bench/30gib-0.bin,307,33554432,382.47,,
0,bench/30gib-0.bin,308,33554432,454.16,,
0,bench/30gib-0.bin,309,33554432,410.02,,
0,bench/30gib-0.bin,310,33554432,341.54,,
0,bench/30gib-0.bin,311,33554432,420.13,,
0,bench/30gib-0.bin,312,33554432,409.96,,
0,bench/30gib-0.bin,313,33554432,345.95,,
0,bench/30gib-0.bin,314,33554432,356.85,,
0,bench/30gib-0.bin,315,33554432,505.91,,
0,bench/30gib-0.bin,316,33554432,655.44,,
0,bench/30gib-0.bin,317,33554432,601.24,,
0,bench/30gib-0.bin,318,33554432,432.11,,
0,bench/30gib-0.bin,319,33554432,354.34,,
0,bench/30gib-0.bin,320,33554432,352.68,,
0,bench/30gib-0.bin,321,33554432,410.30,,
0,bench/30gib-0.bin,322,33554432,521.73,,
0,bench/30gib-0.bin,323,33554432,466.70,,
0,bench/30gib-0.bin,324,33554432,395.25,,
0,bench/30gib-0.bin,325,33554432,568.82,,
0,bench/30gib-0.bin,326,33554432,488.13,,
0,bench/30gib-0.bin,327,33554432,607.01,,
0,bench/30gib-0.bin,328,33554432,447.59,,
0,bench/30gib-0.bin,329,33554432,447.19,,
0,bench/30gib-0.bin,330,33554432,391.56,,
0,bench/30gib-0.bin,331,33554432,404.88,,
0,bench/30gib-0.bin,332,33554432,439.23,,
0,bench/30gib-0.bin,333,33554432,423.71,,
0,bench/30gib-0.bin,334,33554432,463.22,,
0,bench/30gib-0.bin,335,33554432,580.82,,
0,bench/30gib-0.bin,336,33554432,430.21,,
0,bench/30gib-0.bin,337,33554432,486.38,,
0,bench/30gib-0.bin,338,33554432,409.50,,
0,bench/30gib-0.bin,339,33554432,341.41,,
0,bench/30gib-0.bin,340,33554432,453.95,,
0,bench/30gib-0.bin,341,33554432,423.66,,
0,bench/30gib-0.bin,342,33554432,457.13,,
0,bench/30gib-0.bin,343,33554432,347.43,,
0,bench/30gib-0.bin,344,33554432,346.23,,
0,bench/30gib-0.bin,345,33554432,400.84,,
0,bench/30gib-0.bin,346,33554432,366.44,,
0,bench/30gib-0.bin,347,33554432,426.53,,
0,bench/30gib-0.bin,348,33554432,344.16,,
0,bench/30gib-0.bin,349,33554432,347.63,,
0,bench/30gib-0.bin,350,33554432,521.79,,
0,bench/30gib-0.bin,351,33554432,435.34,,
0,bench/30gib-0.bin,352,33554432,623.63,,
0,bench/30gib-0.bin,353,33554432,341.76,,
0,bench/30gib-0.bin,354,33554432,486.07,,
0,bench/30gib-0.bin,355,33554432,346.06,,
0,bench/30gib-0.bin,356,33554432,362.34,,
0,bench/30gib-0.bin,357,33554432,341.02,,
0,bench/30gib-0.bin,358,33554432,592.33,,
0,bench/30gib-0.bin,359,33554432,346.09,,
0,bench/30gib-0.bin,360,33554432,550.54,,
0,bench/30gib-0.bin,361,33554432,516.02,,
0,bench/30gib-0.bin,362,33554432,781.69,,
0,bench/30gib-0.bin,363,33554432,552.77,,
0,bench/30gib-0.bin,364,33554432,363.19,,
0,bench/30gib-0.bin,365,33554432,365.15,,
0,bench/30gib-0.bin,366,33554432,488.11,,
0,bench/30gib-0.bin,367,33554432,343.90,,
0,bench/30gib-0.bin,368,33554432,1905.41,,
0,bench/30gib-0.bin,369,33554432,341.12,,
0,bench/30gib-0.bin,370,33554432,518.76,,
0,bench/30gib-0.bin,371,33554432,378.05,,
0,bench/30gib-0.bin,372,33554432,345.21,,
0,bench/30gib-0.bin,373,33554432,351.76,,
0,bench/30gib-0.bin,374,33554432,500.31,,
0,bench/30gib-0.bin,375,33554432,351.02,,
0,bench/30gib-0.bin,376,33554432,387.16,,
0,bench/30gib-0.bin,377,33554432,466.43,,
0,bench/30gib-0.bin,378,33554432,399.69,,
0,bench/30gib-0.bin,379,33554432,391.16,,
0,bench/30gib-0.bin,380,33554432,429.25,,
0,bench/30gib-0.bin,381,33554432,355.44,,
0,bench/30gib-0.bin,382,33554432,352.96,,
0,bench/30gib-0.bin,383,33554432,394.09,,
0,bench/30gib-0.bin,384,33554432,461.75,,
0,bench/30gib-0.bin,385,33554432,416.08,,
0,bench/30gib-0.bin,386,33554432,492.29,,
0,bench/30gib-0.bin,387,33554432,422.43,,
0,bench/30gib-0.bin,388,33554432,527.55,,
0,bench/30gib-0.bin,389,33554432,340.53,,
0,bench/30gib-0.bin,390,33554432,342.86,,
0,bench/30gib-0.bin,391,33554432,407.81,,
0,bench/30gib-0.bin,392,33554432,392.02,,
0,bench/30gib-0.bin,393,33554432,432.77,,
0,bench/30gib-0.bin,394,33554432,350.09,,
0,bench/30gib-0.bin,395,33554432,341.35,,
0,bench/30gib-0.bin,396,33554432,358.33,,
0,bench/30gib-0.bin,397,33554432,554.81,,
0,bench/30gib-0.bin,398,33554432,393.88,,
0,bench/30gib-0.bin,399,33554432,456.13,,
0,bench/30gib-0.bin,400,33554432,389.22,,
0,bench/30gib-0.bin,401,33554432,518.27,,
0,bench/30gib-0.bin,402,33554432,343.53,,
0,bench/30gib-0.bin,403,33554432,497.96,,
0,bench/30gib-0.bin,404,33554432,416.94,,
0,bench/30gib-0.bin,405,33554432,659.10,,
0,bench/30gib-0.bin,406,33554432,425.79,,
0,bench/30gib-0.bin,407,33554432,356.23,,
0,bench/30gib-0.bin,408,33554432,342.90,,
0,bench/30gib-0.bin,409,33554432,494.92,,
0,bench/30gib-0.bin,410,33554432,388.88,,
0,bench/30gib-0.bin,411,33554432,435.08,,
0,bench/30gib-0.bin,412,33554432,445.22,,
0,bench/30gib-0.bin,413,33554432,512.36,,
0,bench/30gib-0.bin,414,33554432,448.87,,
0,bench/30gib-0.bin,415,33554432,340.91,,
0,bench/30gib-0.bin,416,33554432,363.78,,
0,bench/30gib-0.bin,417,33554432,465.60,,
0,bench/30gib-0.bin,418,33554432,392.83,,
0,bench/30gib-0.bin,419,33554432,555.27,,
0,bench/30gib-0.bin,420,33554432,340.51,,
0,bench/30gib-0.bin,421,33554432,526.91,,
0,bench/30gib-0.bin,422,33554432,417.19,,
0,bench/30gib-0.bin,423,33554432,516.09,,
0,bench/30gib-0.bin,424,33554432,387.97,,
0,bench/30gib-0.bin,425,33554432,542.98,,
0,bench/30gib-0.bin,426,33554432,447.20,,
0,bench/30gib-0.bin,427,33554432,359.88,,
0,bench/30gib-0.bin,428,33554432,392.08,,
0,bench/30gib-0.bin,429,33554432,432.21,,
0,bench/30gib-0.bin,430,33554432,492.17,,
0,bench/30gib-0.bin,431,33554432,366.98,,
0,bench/30gib-0.bin,432,33554432,448.30,,
0,bench/30gib-0.bin,433,33554432,442.17,,
0,bench/30gib-0.bin,434,33554432,340.05,,
0,bench/30gib-0.bin,435,33554432,370.80,,
0,bench/30gib-0.bin,436,33554432,458.99,,
0,bench/30gib-0.bin,437,33554432,342.36,,
0,bench/30gib-0.bin,438,33554432,343.07,,
0,bench/30gib-0.bin,439,33554432,342.54,,
0,bench/30gib-0.bin,440,33554432,370.46,,
0,bench/30gib-0.bin,441,33554432,341.79,,
0,bench/30gib-0.bin,442,33554432,385.55,,
0,bench/30gib-0.bin,443,33554432,561.87,,
0,bench/30gib-0.bin,444,33554432,349.27,,
0,bench/30gib-0.bin,445,33554432,340.38,,
0,bench/30gib-0.bin,446,33554432,428.19,,
0,bench/30gib-0.bin,447,33554432,556.87,,
0,bench/30gib-0.bin,448,33554432,393.07,,
0,bench/30gib-0.bin,449,33554432,456.48,,
0,bench/30gib-0.bin,450,33554432,451.84,,
0,bench/30gib-0.bin,451,33554432,573.94,,
0,bench/30gib-0.bin,452,33554432,396.57,,
0,bench/30gib-0.bin,453,33554432,511.26,,
0,bench/30gib-0.bin,454,33554432,390.86,,
0,bench/30gib-0.bin,455,33554432,365.19,,
0,bench/30gib-0.bin,456,33554432,529.80,,
0,bench/30gib-0.bin,457,33554432,342.01,,
0,bench/30gib-0.bin,458,33554432,448.97,,
0,bench/30gib-0.bin,459,33554432,341.94,,
0,bench/30gib-0.bin,460,33554432,343.49,,
0,bench/30gib-0.bin,461,33554432,342.48,,
0,bench/30gib-0.bin,462,33554432,449.59,,
0,bench/30gib-0.bin,463,33554432,479.39,,
0,bench/30gib-0.bin,464,33554432,585.75,,
0,bench/30gib-0.bin,465,33554432,345.87,,
0,bench/30gib-0.bin,466,33554432,431.71,,
0,bench/30gib-0.bin,467,33554432,370.81,,
0,bench/30gib-0.bin,468,33554432,484.77,,
0,bench/30gib-0.bin,469,33554432,454.16,,
0,bench/30gib-0.bin,470,33554432,403.63,,
0,bench/30gib-0.bin,471,33554432,340.84,,
0,bench/30gib-0.bin,472,33554432,809.96,,
0,bench/30gib-0.bin,473,33554432,720.60,,
0,bench/30gib-0.bin,474,33554432,340.76,,
0,bench/30gib-0.bin,475,33554432,355.88,,
0,bench/30gib-0.bin,476,33554432,503.22,,
0,bench/30gib-0.bin,477,33554432,497.87,,
0,bench/30gib-0.bin,478,33554432,476.25,,
0,bench/30gib-0.bin,479,33554432,348.19,,
0,bench/30gib-0.bin,480,33554432,417.49,,
0,bench/30gib-0.bin,481,33554432,400.64,,
0,bench/30gib-0.bin,482,33554432,390.95,,
0,bench/30gib-0.bin,483,33554432,376.54,,
0,bench/30gib-0.bin,484,33554432,600.39,,
0,bench/30gib-0.bin,485,33554432,448.71,,
0,bench/30gib-0.bin,486,33554432,412.79,,
0,bench/30gib-0.bin,487,33554432,341.55,,
0,bench/30gib-0.bin,488,33554432,466.69,,
0,bench/30gib-0.bin,489,33554432,1040.92,,
0,bench/30gib-0.bin,490,33554432,372.97,,
0,bench/30gib-0.bin,491,33554432,522.61,,
0,bench/30gib-0.bin,492,33554432,342.82,,
0,bench/30gib-0.bin,493,33554432,341.99,,
0,bench/30gib-0.bin,494,33554432,515.32,,
0,bench/30gib-0.bin,495,33554432,597.89,,
0,bench/30gib-0.bin,496,33554432,402.86,,
0,bench/30gib-0.bin,497,33554432,344.46,,
0,bench/30gib-0.bin,498,33554432,343.45,,
0,bench/30gib-0.bin,499,33554432,397.14,,
0,bench/30gib-0.bin,500,33554432,574.30,,
0,bench/30gib-0.bin,501,33554432,590.78,,
0,bench/30gib-0.bin,502,33554432,348.32,,
0,bench/30gib-0.bin,503,33554432,346.27,,
0,bench/30gib-0.bin,504,33554432,424.26,,
0,bench/30gib-0.bin,505,33554432,467.61,,
0,bench/30gib-0.bin,506,33554432,380.68,,
0,bench/30gib-0.bin,507,33554432,372.93,,
0,bench/30gib-0.bin,508,33554432,481.31,,
0,bench/30gib-0.bin,509,33554432,514.54,,
0,bench/30gib-0.bin,510,33554432,481.86,,
0,bench/30gib-0.bin,511,33554432,339.92,,
0,bench/30gib-0.bin,512,33554432,377.52,,
0,bench/30gib-0.bin,513,33554432,466.52,,
0,bench/30gib-0.bin,514,33554432,778.17,,
0,bench/30gib-0.bin,515,33554432,526.59,,
0,bench/30gib-0.bin,516,33554432,804.56,,
0,bench/30gib-0.bin,517,33554432,382.60,,
0,bench/30gib-0.bin,518,33554432,429.52,,
0,bench/30gib-0.bin,519,33554432,378.48,,
0,bench/30gib-0.bin,520,33554432,346.64,,
0,bench/30gib-0.bin,521,33554432,498.39,,
0,bench/30gib-0.bin,522,33554432,357.10,,
0,bench/30gib-0.bin,523,33554432,443.31,,
0,bench/30gib-0.bin,524,33554432,1537.92,,
0,bench/30gib-0.bin,525,33554432,590.13,,
0,bench/30gib-0.bin,526,33554432,447.04,,
0,bench/30gib-0.bin,527,33554432,350.37,,
0,bench/30gib-0.bin,528,33554432,352.08,,
0,bench/30gib-0.bin,529,33554432,427.19,,
0,bench/30gib-0.bin,530,33554432,351.50,,
0,bench/30gib-0.bin,531,33554432,680.66,,
0,bench/30gib-0.bin,532,33554432,401.36,,
0,bench/30gib-0.bin,533,33554432,492.05,,
0,bench/30gib-0.bin,534,33554432,609.73,,
0,bench/30gib-0.bin,535,33554432,415.77,,
0,bench/30gib-0.bin,536,33554432,1570.21,,
0,bench/30gib-0.bin,537,33554432,662.17,,
0,bench/30gib-0.bin,538,33554432,479.33,,
0,bench/30gib-0.bin,539,33554432,356.59,,
0,bench/30gib-0.bin,540,33554432,506.35,,
0,bench/30gib-0.bin,541,33554432,365.67,,
0,bench/30gib-0.bin,542,33554432,506.84,,
0,bench/30gib-0.bin,543,33554432,344.99,,
0,bench/30gib-0.bin,544,33554432,447.90,,
0,bench/30gib-0.bin,545,33554432,370.50,,
0,bench/30gib-0.bin,546,33554432,1293.83,,
0,bench/30gib-0.bin,547,33554432,352.38,,
0,bench/30gib-0.bin,548,33554432,378.57,,
0,bench/30gib-0.bin,549,33554432,342.26,,
0,bench/30gib-0.bin,550,33554432,408.41,,
0,bench/30gib-0.bin,551,33554432,419.33,,
0,bench/30gib-0.bin,552,33554432,342.13,,
0,bench/30gib-0.bin,553,33554432,390.84,,
0,bench/30gib-0.bin,554,33554432,471.55,,
0,bench/30gib-0.bin,555,33554432,424.66,,
0,bench/30gib-0.bin,556,33554432,340.98,,
0,bench/30gib-0.bin,557,33554432,366.06,,
0,bench/30gib-0.bin,558,33554432,341.33,,
0,bench/30gib-0.bin,559,33554432,538.72,,
0,bench/30gib-0.bin,560,33554432,411.74,,
0,bench/30gib-0.bin,561,33554432,1296.60,,
0,bench/30gib-0.bin,562,33554432,816.35,,
0,bench/30gib-0.bin,563,33554432,353.35,,
0,bench/30gib-0.bin,564,33554432,343.91,,
0,bench/30gib-0.bin,565,33554432,436.59,,
0,bench/30gib-0.bin,566,33554432,474.09,,
0,bench/30gib-0.bin,567,33554432,364.60,,
0,bench/30gib-0.bin,568,33554432,620.60,,
0,bench/30gib-0.bin,569,33554432,355.77,,
0,bench/30gib-0.bin,570,33554432,527.67,,
0,bench/30gib-0.bin,571,33554432,347.94,,
0,bench/30gib-0.bin,572,33554432,407.93,,
0,bench/30gib-0.bin,573,33554432,365.37,,
0,bench/30gib-0.bin,574,33554432,342.43,,
0,bench/30gib-0.bin,575,33554432,703.75,,
0,bench/30gib-0.bin,576,33554432,452.13,,
0,bench/30gib-0.bin,577,33554432,340.90,,
0,bench/30gib-0.bin,578,33554432,344.71,,
0,bench/30gib-0.bin,579,33554432,364.50,,
0,bench/30gib-0.bin,580,33554432,340.91,,
0,bench/30gib-0.bin,581,33554432,422.15,,
0,bench/30gib-0.bin,582,33554432,351.86,,
0,bench/30gib-0.bin,583,33554432,516.99,,
0,bench/30gib-0.bin,584,33554432,548.56,,
0,bench/30gib-0.bin,585,33554432,426.29,,
0,bench/30gib-0.bin,586,33554432,340.76,,
0,bench/30gib-0.bin,587,33554432,387.61,,
0,bench/30gib-0.bin,588,33554432,341.24,,
0,bench/30gib-0.bin,589,33554432,534.62,,
0,bench/30gib-0.bin,590,33554432,408.63,,
0,bench/30gib-0.bin,591,33554432,384.29,,
0,bench/30gib-0.bin,592,33554432,488.69,,
0,bench/30gib-0.bin,593,33554432,669.14,,
0,bench/30gib-0.bin,594,33554432,371.68,,
0,bench/30gib-0.bin,595,33554432,341.46,,
0,bench/30gib-0.bin,596,33554432,478.38,,
0,bench/30gib-0.bin,597,33554432,422.40,,
0,bench/30gib-0.bin,598,33554432,339.83,,
0,bench/30gib-0.bin,599,33554432,420.48,,
0,bench/30gib-0.bin,600,33554432,342.63,,
0,bench/30gib-0.bin,601,33554432,513.21,,
0,bench/30gib-0.bin,602,33554432,409.59,,
0,bench/30gib-0.bin,603,33554432,552.96,,
0,bench/30gib-0.bin,604,33554432,417.10,,
0,bench/30gib-0.bin,605,33554432,417.68,,
0,bench/30gib-0.bin,606,33554432,484.64,,
0,bench/30gib-0.bin,607,33554432,353.94,,
0,bench/30gib-0.bin,608,33554432,485.94,,
0,bench/30gib-0.bin,609,33554432,425.51,,
0,bench/30gib-0.bin,610,33554432,529.77,,
0,bench/30gib-0.bin,611,33554432,581.29,,
0,bench/30gib-0.bin,612,33554432,359.24,,
0,bench/30gib-0.bin,613,33554432,473.40,,
0,bench/30gib-0.bin,614,33554432,443.80,,
0,bench/30gib-0.bin,615,33554432,364.61,,
0,bench/30gib-0.bin,616,33554432,469.65,,
0,bench/30gib-0.bin,617,33554432,438.65,,
0,bench/30gib-0.bin,618,33554432,627.71,,
0,bench/30gib-0.bin,619,33554432,433.90,,
0,bench/30gib-0.bin,620,33554432,358.09,,
0,bench/30gib-0.bin,621,33554432,423.51,,
0,bench/30gib-0.bin,622,33554432,465.79,,
0,bench/30gib-0.bin,623,33554432,412.94,,
0,bench/30gib-0.bin,624,33554432,356.11,,
0,bench/30gib-0.bin,625,33554432,467.53,,
0,bench/30gib-0.bin,626,33554432,371.70,,
0,bench/30gib-0.bin,627,33554432,346.13,,
0,bench/30gib-0.bin,628,33554432,466.99,,
0,bench/30gib-0.bin,629,33554432,487.51,,
0,bench/30gib-0.bin,630,33554432,359.28,,
0,bench/30gib-0.bin,631,33554432,361.00,,
0,bench/30gib-0.bin,632,33554432,575.28,,
0,bench/30gib-0.bin,633,33554432,390.38,,
0,bench/30gib-0.bin,634,33554432,398.58,,
0,bench/30gib-0.bin,635,33554432,371.65,,
0,bench/30gib-0.bin,636,33554432,353.53,,
0,bench/30gib-0.bin,637,33554432,677.86,,
0,bench/30gib-0.bin,638,33554432,477.06,,
0,bench/30gib-0.bin,639,33554432,456.95,,
0,bench/30gib-0.bin,640,33554432,373.47,,
0,bench/30gib-0.bin,641,33554432,380.35,,
0,bench/30gib-0.bin,642,33554432,379.77,,
0,bench/30gib-0.bin,643,33554432,468.09,,
0,bench/30gib-0.bin,644,33554432,521.95,,
0,bench/30gib-0.bin,645,33554432,393.72,,
0,bench/30gib-0.bin,646,33554432,497.28,,
0,bench/30gib-0.bin,647,33554432,353.27,,
0,bench/30gib-0.bin,648,33554432,572.67,,
0,bench/30gib-0.bin,649,33554432,403.32,,
0,bench/30gib-0.bin,650,33554432,346.57,,
0,bench/30gib-0.bin,651,33554432,528.04,,
0,bench/30gib-0.bin,652,33554432,375.14,,
0,bench/30gib-0.bin,653,33554432,481.38,,
0,bench/30gib-0.bin,654,33554432,363.32,,
0,bench/30gib-0.bin,655,33554432,381.04,,
0,bench/30gib-0.bin,656,33554432,383.83,,
0,bench/30gib-0.bin,657,33554432,402.68,,
0,bench/30gib-0.bin,658,33554432,395.89,,
0,bench/30gib-0.bin,659,33554432,446.58,,
0,bench/30gib-0.bin,660,33554432,405.25,,
0,bench/30gib-0.bin,661,33554432,341.86,,
0,bench/30gib-0.bin,662,33554432,397.91,,
0,bench/30gib-0.bin,663,33554432,365.05,,
0,bench/30gib-0.bin,664,33554432,436.92,,
0,bench/30gib-0.bin,665,33554432,474.38,,
0,bench/30gib-0.bin,666,33554432,625.40,,
0,bench/30gib-0.bin,667,33554432,747.96,,
0,bench/30gib-0.bin,668,33554432,458.97,,
0,bench/30gib-0.bin,669,33554432,348.58,,
0,bench/30gib-0.bin,670,33554432,398.41,,
0,bench/30gib-0.bin,671,33554432,456.39,,
0,bench/30gib-0.bin,672,33554432,339.72,,
0,bench/30gib-0.bin,673,33554432,410.33,,
0,bench/30gib-0.bin,674,33554432,493.98,,
0,bench/30gib-0.bin,675,33554432,432.88,,
0,bench/30gib-0.bin,676,33554432,2549.15,,
0,bench/30gib-0.bin,677,33554432,460.93,,
0,bench/30gib-0.bin,678,33554432,346.72,,
0,bench/30gib-0.bin,679,33554432,354.41,,
0,bench/30gib-0.bin,680,33554432,485.03,,
0,bench/30gib-0.bin,681,33554432,443.74,,
0,bench/30gib-0.bin,682,33554432,428.80,,
0,bench/30gib-0.bin,683,33554432,532.39,,
0,bench/30gib-0.bin,684,33554432,484.15,,
0,bench/30gib-0.bin,685,33554432,377.64,,
0,bench/30gib-0.bin,686,33554432,353.90,,
0,bench/30gib-0.bin,687,33554432,340.01,,
0,bench/30gib-0.bin,688,33554432,340.96,,
0,bench/30gib-0.bin,689,33554432,506.25,,
0,bench/30gib-0.bin,690,33554432,345.46,,
0,bench/30gib-0.bin,691,33554432,467.25,,
0,bench/30gib-0.bin,692,33554432,449.09,,
0,bench/30gib-0.bin,693,33554432,346.64,,
0,bench/30gib-0.bin,694,33554432,426.05,,
0,bench/30gib-0.bin,695,33554432,340.63,,
0,bench/30gib-0.bin,696,33554432,352.70,,
0,bench/30gib-0.bin,697,33554432,385.23,,
0,bench/30gib-0.bin,698,33554432,448.89,,
0,bench/30gib-0.bin,699,33554432,424.99,,
0,bench/30gib-0.bin,700,33554432,425.61,,
0,bench/30gib-0.bin,701,33554432,390.68,,
0,bench/30gib-0.bin,702,33554432,417.49,,
0,bench/30gib-0.bin,703,33554432,342.10,,
0,bench/30gib-0.bin,704,33554432,349.96,,
0,bench/30gib-0.bin,705,33554432,510.96,,
0,bench/30gib-0.bin,706,33554432,385.26,,
0,bench/30gib-0.bin,707,33554432,508.79,,
0,bench/30gib-0.bin,708,33554432,364.46,,
0,bench/30gib-0.bin,709,33554432,421.26,,
0,bench/30gib-0.bin,710,33554432,376.73,,
0,bench/30gib-0.bin,711,33554432,488.25,,
0,bench/30gib-0.bin,712,33554432,369.57,,
0,bench/30gib-0.bin,713,33554432,393.28,,
0,bench/30gib-0.bin,714,33554432,344.82,,
0,bench/30gib-0.bin,715,33554432,352.24,,
0,bench/30gib-0.bin,716,33554432,402.80,,
0,bench/30gib-0.bin,717,33554432,474.89,,
0,bench/30gib-0.bin,718,33554432,408.68,,
0,bench/30gib-0.bin,719,33554432,431.79,,
0,bench/30gib-0.bin,720,33554432,421.49,,
0,bench/30gib-0.bin,721,33554432,352.01,,
0,bench/30gib-0.bin,722,33554432,434.47,,
0,bench/30gib-0.bin,723,33554432,374.15,,
0,bench/30gib-0.bin,724,33554432,363.04,,
0,bench/30gib-0.bin,725,33554432,614.89,,
0,bench/30gib-0.bin,726,33554432,382.91,,
0,bench/30gib-0.bin,727,33554432,393.36,,
0,bench/30gib-0.bin,728,33554432,341.10,,
0,bench/30gib-0.bin,729,33554432,449.20,,
0,bench/30gib-0.bin,730,33554432,407.84,,
0,bench/30gib-0.bin,731,33554432,452.92,,
0,bench/30gib-0.bin,732,33554432,660.99,,
0,bench/30gib-0.bin,733,33554432,649.36,,
0,bench/30gib-0.bin,734,33554432,341.69,,
0,bench/30gib-0.bin,735,33554432,356.05,,
0,bench/30gib-0.bin,736,33554432,433.49,,
0,bench/30gib-0.bin,737,33554432,399.57,,
0,bench/30gib-0.bin,738,33554432,440.88,,
0,bench/30gib-0.bin,739,33554432,404.13,,
0,bench/30gib-0.bin,740,33554432,535.87,,
0,bench/30gib-0.bin,741,33554432,372.65,,
0,bench/30gib-0.bin,742,33554432,362.19,,
0,bench/30gib-0.bin,743,33554432,423.67,,
0,bench/30gib-0.bin,744,33554432,375.45,,
0,bench/30gib-0.bin,745,33554432,346.50,,
0,bench/30gib-0.bin,746,33554432,342.01,,
0,bench/30gib-0.bin,747,33554432,341.30,,
0,bench/30gib-0.bin,748,33554432,515.45,,
0,bench/30gib-0.bin,749,33554432,473.50,,
0,bench/30gib-0.bin,750,33554432,373.08,,
0,bench/30gib-0.bin,751,33554432,366.26,,
0,bench/30gib-0.bin,752,33554432,343.89,,
0,bench/30gib-0.bin,753,33554432,381.46,,
0,bench/30gib-0.bin,754,33554432,667.88,,
0,bench/30gib-0.bin,755,33554432,350.72,,
0,bench/30gib-0.bin,756,33554432,351.70,,
0,bench/30gib-0.bin,757,33554432,358.88,,
0,bench/30gib-0.bin,758,33554432,413.95,,
0,bench/30gib-0.bin,759,33554432,350.22,,
0,bench/30gib-0.bin,760,33554432,435.87,,
0,bench/30gib-0.bin,761,33554432,377.91,,
0,bench/30gib-0.bin,762,33554432,347.44,,
0,bench/30gib-0.bin,763,33554432,343.41,,
0,bench/30gib-0.bin,764,33554432,401.03,,
0,bench/30gib-0.bin,765,33554432,341.52,,
0,bench/30gib-0.bin,766,33554432,637.15,,
0,bench/30gib-0.bin,767,33554432,485.21,,
0,bench/30gib-0.bin,768,33554432,503.09,,
0,bench/30gib-0.bin,769,33554432,370.97,,
0,bench/30gib-0.bin,770,33554432,345.94,,
0,bench/30gib-0.bin,771,33554432,515.78,,
0,bench/30gib-0.bin,772,33554432,343.81,,
0,bench/30gib-0.bin,773,33554432,526.33,,
0,bench/30gib-0.bin,774,33554432,443.65,,
0,bench/30gib-0.bin,775,33554432,378.10,,
0,bench/30gib-0.bin,776,33554432,345.01,,
0,bench/30gib-0.bin,777,33554432,342.57,,
0,bench/30gib-0.bin,778,33554432,400.45,,
0,bench/30gib-0.bin,779,33554432,551.71,,
0,bench/30gib-0.bin,780,33554432,500.42,,
0,bench/30gib-0.bin,781,33554432,406.18,,
0,bench/30gib-0.bin,782,33554432,341.46,,
0,bench/30gib-0.bin,783,33554432,351.67,,
0,bench/30gib-0.bin,784,33554432,461.06,,
0,bench/30gib-0.bin,785,33554432,435.57,,
0,bench/30gib-0.bin,786,33554432,422.59,,
0,bench/30gib-0.bin,787,33554432,342.55,,
0,bench/30gib-0.bin,788,33554432,410.79,,
0,bench/30gib-0.bin,789,33554432,349.23,,
0,bench/30gib-0.bin,790,33554432,402.72,,
0,bench/30gib-0.bin,791,33554432,355.19,,
0,bench/30gib-0.bin,792,33554432,352.02,,
0,bench/30gib-0.bin,793,33554432,358.77,,
0,bench/30gib-0.bin,794,33554432,365.20,,
0,bench/30gib-0.bin,795,33554432,478.91,,
0,bench/30gib-0.bin,796,33554432,549.95,,
0,bench/30gib-0.bin,797,33554432,532.51,,
0,bench/30gib-0.bin,798,33554432,345.02,,
0,bench/30gib-0.bin,799,33554432,614.84,,
0,bench/30gib-0.bin,800,33554432,418.66,,
0,bench/30gib-0.bin,801,33554432,527.86,,
0,bench/30gib-0.bin,802,33554432,414.68,,
0,bench/30gib-0.bin,803,33554432,375.29,,
0,bench/30gib-0.bin,804,33554432,486.79,,
0,bench/30gib-0.bin,805,33554432,641.78,,
0,bench/30gib-0.bin,806,33554432,549.50,,
0,bench/30gib-0.bin,807,33554432,368.96,,
0,bench/30gib-0.bin,808,33554432,464.51,,
0,bench/30gib-0.bin,809,33554432,484.39,,
0,bench/30gib-0.bin,810,33554432,381.98,,
0,bench/30gib-0.bin,811,33554432,460.77,,
0,bench/30gib-0.bin,812,33554432,349.48,,
0,bench/30gib-0.bin,813,33554432,347.27,,
0,bench/30gib-0.bin,814,33554432,343.41,,
0,bench/30gib-0.bin,815,33554432,414.36,,
0,bench/30gib-0.bin,816,33554432,340.83,,
0,bench/30gib-0.bin,817,33554432,525.65,,
0,bench/30gib-0.bin,818,33554432,350.32,,
0,bench/30gib-0.bin,819,33554432,377.74,,
0,bench/30gib-0.bin,820,33554432,397.09,,
0,bench/30gib-0.bin,821,33554432,349.46,,
0,bench/30gib-0.bin,822,33554432,352.25,,
0,bench/30gib-0.bin,823,33554432,364.14,,
0,bench/30gib-0.bin,824,33554432,503.45,,
0,bench/30gib-0.bin,825,33554432,365.22,,
0,bench/30gib-0.bin,826,33554432,498.22,,
0,bench/30gib-0.bin,827,33554432,341.94,,
0,bench/30gib-0.bin,828,33554432,340.66,,
0,bench/30gib-0.bin,829,33554432,664.86,,
0,bench/30gib-0.bin,830,33554432,523.31,,
0,bench/30gib-0.bin,831,33554432,434.02,,
0,bench/30gib-0.bin,832,33554432,363.00,,
0,bench/30gib-0.bin,833,33554432,476.41,,
0,bench/30gib-0.bin,834,33554432,422.10,,
0,bench/30gib-0.bin,835,33554432,389.17,,
0,bench/30gib-0.bin,836,33554432,520.61,,
0,bench/30gib-0.bin,837,33554432,406.33,,
0,bench/30gib-0.bin,838,33554432,342.25,,
0,bench/30gib-0.bin,839,33554432,614.78,,
0,bench/30gib-0.bin,840,33554432,382.32,,
0,bench/30gib-0.bin,841,33554432,398.30,,
0,bench/30gib-0.bin,842,33554432,349.00,,
0,bench/30gib-0.bin,843,33554432,427.40,,
0,bench/30gib-0.bin,844,33554432,533.30,,
0,bench/30gib-0.bin,845,33554432,471.32,,
0,bench/30gib-0.bin,846,33554432,420.03,,
0,bench/30gib-0.bin,847,33554432,643.12,,
0,bench/30gib-0.bin,848,33554432,394.37,,
0,bench/30gib-0.bin,849,33554432,347.62,,
0,bench/30gib-0.bin,850,33554432,480.33,,
0,bench/30gib-0.bin,851,33554432,350.48,,
0,bench/30gib-0.bin,852,33554432,443.84,,
0,bench/30gib-0.bin,853,33554432,350.72,,
0,bench/30gib-0.bin,854,33554432,346.69,,
0,bench/30gib-0.bin,855,33554432,407.59,,
0,bench/30gib-0.bin,856,33554432,505.88,,
0,bench/30gib-0.bin,857,33554432,480.89,,
0,bench/30gib-0.bin,858,33554432,500.60,,
0,bench/30gib-0.bin,859,33554432,348.03,,
0,bench/30gib-0.bin,860,33554432,384.68,,
0,bench/30gib-0.bin,861,33554432,402.41,,
0,bench/30gib-0.bin,862,33554432,580.89,,
0,bench/30gib-0.bin,863,33554432,455.09,,
0,bench/30gib-0.bin,864,33554432,453.74,,
0,bench/30gib-0.bin,865,33554432,380.49,,
0,bench/30gib-0.bin,866,33554432,546.98,,
0,bench/30gib-0.bin,867,33554432,422.11,,
0,bench/30gib-0.bin,868,33554432,423.64,,
0,bench/30gib-0.bin,869,33554432,427.78,,
0,bench/30gib-0.bin,870,33554432,342.80,,
0,bench/30gib-0.bin,871,33554432,341.20,,
0,bench/30gib-0.bin,872,33554432,342.39,,
0,bench/30gib-0.bin,873,33554432,753.29,,
0,bench/30gib-0.bin,874,33554432,345.70,,
0,bench/30gib-0.bin,875,33554432,348.81,,
0,bench/30gib-0.bin,876,33554432,452.96,,
0,bench/30gib-0.bin,877,33554432,425.34,,
0,bench/30gib-0.bin,878,33554432,435.19,,
0,bench/30gib-0.bin,879,33554432,368.59,,
0,bench/30gib-0.bin,880,33554432,1390.32,,
0,bench/30gib-0.bin,881,33554432,362.26,,
0,bench/30gib-0.bin,882,33554432,416.40,,
0,bench/30gib-0.bin,883,33554432,352.72,,
0,bench/30gib-0.bin,884,33554432,434.46,,
0,bench/30gib-0.bin,885,33554432,362.90,,
0,bench/30gib-0.bin,886,33554432,342.12,,
0,bench/30gib-0.bin,887,33554432,471.50,,
0,bench/30gib-0.bin,888,33554432,540.65,,
0,bench/30gib-0.bin,889,33554432,348.29,,
0,bench/30gib-0.bin,890,33554432,422.94,,
0,bench/30gib-0.bin,891,33554432,436.07,,
0,bench/30gib-0.bin,892,33554432,617.77,,
0,bench/30gib-0.bin,893,33554432,622.90,,
0,bench/30gib-0.bin,894,33554432,375.44,,
0,bench/30gib-0.bin,895,33554432,352.81,,
0,bench/30gib-0.bin,896,33554432,345.61,,
0,bench/30gib-0.bin,897,33554432,339.99,,
0,bench/30gib-0.bin,898,33554432,1470.42,,
0,bench/30gib-0.bin,899,33554432,353.19,,
0,bench/30gib-0.bin,900,33554432,355.26,,
0,bench/30gib-0.bin,901,33554432,344.38,,
0,bench/30gib-0.bin,902,33554432,483.53,,
0,bench/30gib-0.bin,903,33554432,456.73,,
0,bench/30gib-0.bin,904,33554432,344.73,,
0,bench/30gib-0.bin,905,33554432,426.18,,
0,bench/30gib-0.bin,906,33554432,709.29,,
0,bench/30gib-0.bin,907,33554432,365.48,,
0,bench/30gib-0.bin,908,33554432,385.57,,
0,bench/30gib-0.bin,909,33554432,382.09,,
0,bench/30gib-0.bin,910,33554432,417.97,,
0,bench/30gib-0.bin,911,33554432,632.18,,
0,bench/30gib-0.bin,912,33554432,389.88,,
0,bench/30gib-0.bin,913,33554432,952.69,,
0,bench/30gib-0.bin,914,33554432,469.30,,
0,bench/30gib-0.bin,915,33554432,455.98,,
0,bench/30gib-0.bin,916,33554432,345.07,,
0,bench/30gib-0.bin,917,33554432,701.35,,
0,bench/30gib-0.bin,918,33554432,468.05,,
0,bench/30gib-0.bin,919,33554432,408.32,,
0,bench/30gib-0.bin,920,33554432,392.26,,
0,bench/30gib-0.bin,921,33554432,567.02,,
0,bench/30gib-0.bin,922,33554432,428.25,,
0,bench/30gib-0.bin,923,33554432,343.70,,
0,bench/30gib-0.bin,924,33554432,367.68,,
0,bench/30gib-0.bin,925,33554432,343.22,,
0,bench/30gib-0.bin,926,33554432,386.59,,
0,bench/30gib-0.bin,927,33554432,553.45,,
0,bench/30gib-0.bin,928,33554432,539.76,,
0,bench/30gib-0.bin,929,33554432,389.11,,
0,bench/30gib-0.bin,930,33554432,346.40,,
0,bench/30gib-0.bin,931,33554432,342.07,,
0,bench/30gib-0.bin,932,33554432,415.50,,
0,bench/30gib-0.bin,933,33554432,467.51,,
0,bench/30gib-0.bin,934,33554432,445.09,,
0,bench/30gib-0.bin,935,33554432,377.84,,
0,bench/30gib-0.bin,936,33554432,347.72,,
0,bench/30gib-0.bin,937,33554432,630.92,,
0,bench/30gib-0.bin,938,33554432,341.89,,
0,bench/30gib-0.bin,939,33554432,350.40,,
0,bench/30gib-0.bin,940,33554432,394.31,,
0,bench/30gib-0.bin,941,33554432,373.35,,
0,bench/30gib-0.bin,942,33554432,541.64,,
0,bench/30gib-0.bin,943,33554432,399.18,,
0,bench/30gib-0.bin,944,33554432,343.37,,
0,bench/30gib-0.bin,945,33554432,359.91,,
0,bench/30gib-0.bin,946,33554432,346.96,,
0,bench/30gib-0.bin,947,33554432,371.90,,
0,bench/30gib-0.bin,948,33554432,475.19,,
0,bench/30gib-0.bin,949,33554432,347.84,,
0,bench/30gib-0.bin,950,33554432,341.68,,
0,bench/30gib-0.bin,951,33554432,348.72,,
0,bench/30gib-0.bin,952,33554432,526.88,,
0,bench/30gib-0.bin,953,33554432,532.49,,
0,bench/30gib-0.bin,954,33554432,343.91,,
0,bench/30gib-0.bin,955,33554432,412.14,,
0,bench/30gib-0.bin,956,33554432,397.43,,
0,bench/30gib-0.bin,957,33554432,351.24,,
0,bench/30gib-0.bin,958,33554432,359.27,,
0,bench/30gib-0.bin,959,33554432,415.64,,
0,bench/30gib-0.bin,960,33554432,351.09,,
0,bench/30gib-1.bin,1,33554432,1307.69,,
0,bench/30gib-1.bin,2,33554432,700.12,,
0,bench/30gib-1.bin,3,33554432,1083.88,,
0,bench/30gib-1.bin,4,33554432,1095.85,,
0,bench/30gib-1.bin,5,33554432,571.71,,
0,bench/30gib-1.bin,6,33554432,1563.04,,
0,bench/30gib-1.bin,7,33554432,1822.54,,
0,bench/30gib-1.bin,8,33554432,1617.09,,
0,bench/30gib-1.bin,9,33554432,1848.64,,
0,bench/30gib-1.bin,10,33554432,1382.51,,
0,bench/30gib-1.bin,11,33554432,783.28,,
0,bench/30gib-1.bin,12,33554432,2281.55,,
0,bench/30gib-1.bin,13,33554432,874.42,,
0,bench/30gib-1.bin,14,33554432,1929.83,,
0,bench/30gib-1.bin,15,33554432,994.78,,
0,bench/30gib-1.bin,16,33554432,1290.36,,
0,bench/30gib-1.bin,17,33554432,862.04,,
0,bench/30gib-1.bin,18,33554432,1156.94,,
0,bench/30gib-1.bin,19,33554432,1137.83,,
0,bench/30gib-1.bin,20,33554432,1644.46,,
0,bench/30gib-1.bin,21,33554432,2107.94,,
0,bench/30gib-1.bin,22,33554432,2157.24,,
0,bench/30gib-1.bin,23,33554432,1990.73,,
0,bench/30gib-1.bin,24,33554432,1590.12,,
0,bench/30gib-1.bin,25,33554432,1639.79,,
0,bench/30gib-1.bin,26,33554432,1960.29,,
0,bench/30gib-1.bin,27,33554432,1332.05,,
0,bench/30gib-1.bin,28,33554432,614.73,,
0,bench/30gib-1.bin,29,33554432,830.62,,
0,bench/30gib-1.bin,30,33554432,1333.01,,
0,bench/30gib-1.bin,31,33554432,841.66,,
0,bench/30gib-1.bin,32,33554432,1019.87,,
0,bench/30gib-1.bin,33,33554432,648.51,,
0,bench/30gib-1.bin,34,33554432,1047.45,,
0,bench/30gib-1.bin,35,33554432,659.21,,
0,bench/30gib-1.bin,36,33554432,484.36,,
0,bench/30gib-1.bin,37,33554432,378.17,,
0,bench/30gib-1.bin,38,33554432,523.42,,
0,bench/30gib-1.bin,39,33554432,661.96,,
0,bench/30gib-1.bin,40,33554432,451.05,,
0,bench/30gib-1.bin,41,33554432,450.31,,
0,bench/30gib-1.bin,42,33554432,647.28,,
0,bench/30gib-1.bin,43,33554432,639.49,,
0,bench/30gib-1.bin,44,33554432,598.09,,
0,bench/30gib-1.bin,45,33554432,612.33,,
0,bench/30gib-1.bin,46,33554432,753.79,,
0,bench/30gib-1.bin,47,33554432,552.33,,
0,bench/30gib-1.bin,48,33554432,651.17,,
0,bench/30gib-1.bin,49,33554432,581.16,,
0,bench/30gib-1.bin,50,33554432,640.98,,
0,bench/30gib-1.bin,51,33554432,370.70,,
0,bench/30gib-1.bin,52,33554432,912.39,,
0,bench/30gib-1.bin,53,33554432,516.37,,
0,bench/30gib-1.bin,54,33554432,607.28,,
0,bench/30gib-1.bin,55,33554432,765.36,,
0,bench/30gib-1.bin,56,33554432,350.20,,
0,bench/30gib-1.bin,57,33554432,351.82,,
0,bench/30gib-1.bin,58,33554432,489.83,,
0,bench/30gib-1.bin,59,33554432,448.25,,
0,bench/30gib-1.bin,60,33554432,521.51,,
0,bench/30gib-1.bin,61,33554432,651.35,,
0,bench/30gib-1.bin,62,33554432,413.30,,
0,bench/30gib-1.bin,63,33554432,709.02,,
0,bench/30gib-1.bin,64,33554432,471.96,,
0,bench/30gib-1.bin,65,33554432,590.93,,
0,bench/30gib-1.bin,66,33554432,509.63,,
0,bench/30gib-1.bin,67,33554432,568.29,,
0,bench/30gib-1.bin,68,33554432,469.72,,
0,bench/30gib-1.bin,69,33554432,535.72,,
0,bench/30gib-1.bin,70,33554432,363.81,,
0,bench/30gib-1.bin,71,33554432,344.13,,
0,bench/30gib-1.bin,72,33554432,531.65,,
0,bench/30gib-1.bin,73,33554432,424.69,,
0,bench/30gib-1.bin,74,33554432,347.85,,
0,bench/30gib-1.bin,75,33554432,421.03,,
0,bench/30gib-1.bin,76,33554432,1185.37,,
0,bench/30gib-1.bin,77,33554432,478.41,,
0,bench/30gib-1.bin,78,33554432,466.13,,
0,bench/30gib-1.bin,79,33554432,512.49,,
0,bench/30gib-1.bin,80,33554432,580.58,,
0,bench/30gib-1.bin,81,33554432,585.50,,
0,bench/30gib-1.bin,82,33554432,403.92,,
0,bench/30gib-1.bin,83,33554432,580.04,,
0,bench/30gib-1.bin,84,33554432,346.15,,
0,bench/30gib-1.bin,85,33554432,350.18,,
0,bench/30gib-1.bin,86,33554432,377.70,,
0,bench/30gib-1.bin,87,33554432,394.63,,
0,bench/30gib-1.bin,88,33554432,842.84,,
0,bench/30gib-1.bin,89,33554432,688.88,,
0,bench/30gib-1.bin,90,33554432,356.36,,
0,bench/30gib-1.bin,91,33554432,375.68,,
0,bench/30gib-1.bin,92,33554432,437.28,,
0,bench/30gib-1.bin,93,33554432,357.80,,
0,bench/30gib-1.bin,94,33554432,390.50,,
0,bench/30gib-1.bin,95,33554432,473.58,,
0,bench/30gib-1.bin,96,33554432,363.34,,
0,bench/30gib-1.bin,97,33554432,405.46,,
0,bench/30gib-1.bin,98,33554432,555.66,,
0,bench/30gib-1.bin,99,33554432,432.24,,
0,bench/30gib-1.bin,100,33554432,528.86,,
0,bench/30gib-1.bin,101,33554432,354.04,,
0,bench/30gib-1.bin,102,33554432,657.62,,
0,bench/30gib-1.bin,103,33554432,379.05,,
0,bench/30gib-1.bin,104,33554432,406.57,,
0,bench/30gib-1.bin,105,33554432,344.23,,
0,bench/30gib-1.bin,106,33554432,432.87,,
0,bench/30gib-1.bin,107,33554432,1370.10,,
0,bench/30gib-1.bin,108,33554432,391.29,,
0,bench/30gib-1.bin,109,33554432,508.65,,
0,bench/30gib-1.bin,110,33554432,472.05,,
0,bench/30gib-1.bin,111,33554432,372.93,,
0,bench/30gib-1.bin,112,33554432,430.93,,
0,bench/30gib-1.bin,113,33554432,379.05,,
0,bench/30gib-1.bin,114,33554432,366.11,,
0,bench/30gib-1.bin,115,33554432,385.49,,
0,bench/30gib-1.bin,116,33554432,610.24,,
0,bench/30gib-1.bin,117,33554432,438.01,,
0,bench/30gib-1.bin,118,33554432,418.92,,
0,bench/30gib-1.bin,119,33554432,405.69,,
0,bench/30gib-1.bin,120,33554432,374.31,,
0,bench/30gib-1.bin,121,33554432,546.80,,
0,bench/30gib-1.bin,122,33554432,389.92,,
0,bench/30gib-1.bin,123,33554432,457.23,,
0,bench/30gib-1.bin,124,33554432,422.94,,
0,bench/30gib-1.bin,125,33554432,466.50,,
0,bench/30gib-1.bin,126,33554432,384.36,,
0,bench/30gib-1.bin,127,33554432,778.53,,
0,bench/30gib-1.bin,128,33554432,374.68,,
0,bench/30gib-1.bin,129,33554432,430.43,,
0,bench/30gib-1.bin,130,33554432,469.86,,
0,bench/30gib-1.bin,131,33554432,384.18,,
0,bench/30gib-1.bin,132,33554432,349.74,,
0,bench/30gib-1.bin,133,33554432,374.89,,
0,bench/30gib-1.bin,134,33554432,403.21,,
0,bench/30gib-1.bin,135,33554432,511.04,,
0,bench/30gib-1.bin,136,33554432,508.23,,
0,bench/30gib-1.bin,137,33554432,343.23,,
0,bench/30gib-1.bin,138,33554432,389.19,,
0,bench/30gib-1.bin,139,33554432,353.70,,
0,bench/30gib-1.bin,140,33554432,439.64,,
0,bench/30gib-1.bin,141,33554432,484.27,,
0,bench/30gib-1.bin,142,33554432,494.22,,
0,bench/30gib-1.bin,143,33554432,348.72,,
0,bench/30gib-1.bin,144,33554432,342.77,,
0,bench/30gib-1.bin,145,33554432,553.73,,
0,bench/30gib-1.bin,146,33554432,574.79,,
0,bench/30gib-1.bin,147,33554432,345.06,,
0,bench/30gib-1.bin,148,33554432,342.07,,
0,bench/30gib-1.bin,149,33554432,1031.34,,
0,bench/30gib-1.bin,150,33554432,391.22,,
0,bench/30gib-1.bin,151,33554432,440.28,,
0,bench/30gib-1.bin,152,33554432,427.95,,
0,bench/30gib-1.bin,153,33554432,341.01,,
0,bench/30gib-1.bin,154,33554432,385.61,,
0,bench/30gib-1.bin,155,33554432,352.14,,
0,bench/30gib-1.bin,156,33554432,371.94,,
0,bench/30gib-1.bin,157,33554432,341.51,,
0,bench/30gib-1.bin,158,33554432,433.91,,
0,bench/30gib-1.bin,159,33554432,380.22,,
0,bench/30gib-1.bin,160,33554432,346.78,,
0,bench/30gib-1.bin,161,33554432,404.72,,
0,bench/30gib-1.bin,162,33554432,413.29,,
0,bench/30gib-1.bin,163,33554432,399.29,,
0,bench/30gib-1.bin,164,33554432,401.39,,
0,bench/30gib-1.bin,165,33554432,434.69,,
0,bench/30gib-1.bin,166,33554432,522.18,,
0,bench/30gib-1.bin,167,33554432,455.11,,
0,bench/30gib-1.bin,168,33554432,542.56,,
0,bench/30gib-1.bin,169,33554432,344.85,,
0,bench/30gib-1.bin,170,33554432,393.39,,
0,bench/30gib-1.bin,171,33554432,509.39,,
0,bench/30gib-1.bin,172,33554432,569.61,,
0,bench/30gib-1.bin,173,33554432,373.51,,
0,bench/30gib-1.bin,174,33554432,378.25,,
0,bench/30gib-1.bin,175,33554432,448.48,,
0,bench/30gib-1.bin,176,33554432,355.59,,
0,bench/30gib-1.bin,177,33554432,345.09,,
0,bench/30gib-1.bin,178,33554432,397.04,,
0,bench/30gib-1.bin,179,33554432,371.39,,
0,bench/30gib-1.bin,180,33554432,489.62,,
0,bench/30gib-1.bin,181,33554432,380.36,,
0,bench/30gib-1.bin,182,33554432,345.77,,
0,bench/30gib-1.bin,183,33554432,401.55,,
0,bench/30gib-1.bin,184,33554432,379.30,,
0,bench/30gib-1.bin,185,33554432,349.20,,
0,bench/30gib-1.bin,186,33554432,460.43,,
0,bench/30gib-1.bin,187,33554432,445.68,,
0,bench/30gib-1.bin,188,33554432,414.31,,
0,bench/30gib-1.bin,189,33554432,580.01,,
0,bench/30gib-1.bin,190,33554432,476.88,,
0,bench/30gib-1.bin,191,33554432,346.23,,
0,bench/30gib-1.bin,192,33554432,630.22,,
0,bench/30gib-1.bin,193,33554432,407.55,,
0,bench/30gib-1.bin,194,33554432,595.12,,
0,bench/30gib-1.bin,195,33554432,442.15,,
0,bench/30gib-1.bin,196,33554432,390.36,,
0,bench/30gib-1.bin,197,33554432,370.56,,
0,bench/30gib-1.bin,198,33554432,412.81,,
0,bench/30gib-1.bin,199,33554432,399.60,,
0,bench/30gib-1.bin,200,33554432,471.68,,
0,bench/30gib-1.bin,201,33554432,400.34,,
0,bench/30gib-1.bin,202,33554432,361.65,,
0,bench/30gib-1.bin,203,33554432,387.15,,
0,bench/30gib-1.bin,204,33554432,342.99,,
0,bench/30gib-1.bin,205,33554432,413.00,,
0,bench/30gib-1.bin,206,33554432,347.13,,
0,bench/30gib-1.bin,207,33554432,461.16,,
0,bench/30gib-1.bin,208,33554432,423.25,,
0,bench/30gib-1.bin,209,33554432,468.05,,
0,bench/30gib-1.bin,210,33554432,487.06,,
0,bench/30gib-1.bin,211,33554432,504.23,,
0,bench/30gib-1.bin,212,33554432,492.99,,
0,bench/30gib-1.bin,213,33554432,341.64,,
0,bench/30gib-1.bin,214,33554432,409.22,,
0,bench/30gib-1.bin,215,33554432,418.60,,
0,bench/30gib-1.bin,216,33554432,351.23,,
0,bench/30gib-1.bin,217,33554432,434.21,,
0,bench/30gib-1.bin,218,33554432,775.48,,
0,bench/30gib-1.bin,219,33554432,346.85,,
0,bench/30gib-1.bin,220,33554432,394.91,,
0,bench/30gib-1.bin,221,33554432,478.09,,
0,bench/30gib-1.bin,222,33554432,347.06,,
0,bench/30gib-1.bin,223,33554432,382.98,,
0,bench/30gib-1.bin,224,33554432,484.09,,
0,bench/30gib-1.bin,225,33554432,467.96,,
0,bench/30gib-1.bin,226,33554432,403.16,,
0,bench/30gib-1.bin,227,33554432,348.37,,
0,bench/30gib-1.bin,228,33554432,559.78,,
0,bench/30gib-1.bin,229,33554432,396.03,,
0,bench/30gib-1.bin,230,33554432,475.37,,
0,bench/30gib-1.bin,231,33554432,566.35,,
0,bench/30gib-1.bin,232,33554432,476.64,,
0,bench/30gib-1.bin,233,33554432,490.95,,
0,bench/30gib-1.bin,234,33554432,499.50,,
0,bench/30gib-1.bin,235,33554432,517.20,,
0,bench/30gib-1.bin,236,33554432,382.71,,
0,bench/30gib-1.bin,237,33554432,387.66,,
0,bench/30gib-1.bin,238,33554432,1044.62,,
0,bench/30gib-1.bin,239,33554432,507.91,,
0,bench/30gib-1.bin,240,33554432,447.65,,
0,bench/30gib-1.bin,241,33554432,454.00,,
0,bench/30gib-1.bin,242,33554432,508.04,,
0,bench/30gib-1.bin,243,33554432,400.77,,
0,bench/30gib-1.bin,244,33554432,422.95,,
0,bench/30gib-1.bin,245,33554432,341.73,,
0,bench/30gib-1.bin,246,33554432,340.06,,
0,bench/30gib-1.bin,247,33554432,346.96,,
0,bench/30gib-1.bin,248,33554432,468.96,,
0,bench/30gib-1.bin,249,33554432,483.04,,
0,bench/30gib-1.bin,250,33554432,347.06,,
0,bench/30gib-1.bin,251,33554432,470.87,,
0,bench/30gib-1.bin,252,33554432,577.91,,
0,bench/30gib-1.bin,253,33554432,341.60,,
0,bench/30gib-1.bin,254,33554432,476.85,,
0,bench/30gib-1.bin,255,33554432,463.29,,
0,bench/30gib-1.bin,256,33554432,402.83,,
0,bench/30gib-1.bin,257,33554432,418.97,,
0,bench/30gib-1.bin,258,33554432,427.78,,
0,bench/30gib-1.bin,259,33554432,594.23,,
0,bench/30gib-1.bin,260,33554432,423.31,,
0,bench/30gib-1.bin,261,33554432,340.63,,
0,bench/30gib-1.bin,262,33554432,560.99,,
0,bench/30gib-1.bin,263,33554432,409.07,,
0,bench/30gib-1.bin,264,33554432,359.48,,
0,bench/30gib-1.bin,265,33554432,342.75,,
0,bench/30gib-1.bin,266,33554432,673.80,,
0,bench/30gib-1.bin,267,33554432,344.73,,
0,bench/30gib-1.bin,268,33554432,383.29,,
0,bench/30gib-1.bin,269,33554432,364.94,,
0,bench/30gib-1.bin,270,33554432,358.14,,
0,bench/30gib-1.bin,271,33554432,360.72,,
0,bench/30gib-1.bin,272,33554432,342.48,,
0,bench/30gib-1.bin,273,33554432,354.06,,
0,bench/30gib-1.bin,274,33554432,397.28,,
0,bench/30gib-1.bin,275,33554432,420.92,,
0,bench/30gib-1.bin,276,33554432,388.03,,
0,bench/30gib-1.bin,277,33554432,341.19,,
0,bench/30gib-1.bin,278,33554432,396.06,,
0,bench/30gib-1.bin,279,33554432,410.54,,
0,bench/30gib-1.bin,280,33554432,446.44,,
0,bench/30gib-1.bin,281,33554432,348.81,,
0,bench/30gib-1.bin,282,33554432,352.71,,
0,bench/30gib-1.bin,283,33554432,462.54,,
0,bench/30gib-1.bin,284,33554432,342.52,,
0,bench/30gib-1.bin,285,33554432,633.22,,
0,bench/30gib-1.bin,286,33554432,357.20,,
0,bench/30gib-1.bin,287,33554432,493.70,,
0,bench/30gib-1.bin,288,33554432,345.89,,
0,bench/30gib-1.bin,289,33554432,460.29,,
0,bench/30gib-1.bin,290,33554432,344.31,,
0,bench/30gib-1.bin,291,33554432,457.60,,
0,bench/30gib-1.bin,292,33554432,472.96,,
0,bench/30gib-1.bin,293,33554432,421.88,,
0,bench/30gib-1.bin,294,33554432,411.38,,
0,bench/30gib-1.bin,295,33554432,412.74,,
0,bench/30gib-1.bin,296,33554432,459.03,,
0,bench/30gib-1.bin,297,33554432,505.44,,
0,bench/30gib-1.bin,298,33554432,353.97,,
0,bench/30gib-1.bin,299,33554432,350.40,,
0,bench/30gib-1.bin,300,33554432,371.86,,
0,bench/30gib-1.bin,301,33554432,396.87,,
0,bench/30gib-1.bin,302,33554432,556.79,,
0,bench/30gib-1.bin,303,33554432,517.32,,
0,bench/30gib-1.bin,304,33554432,849.21,,
0,bench/30gib-1.bin,305,33554432,454.98,,
0,bench/30gib-1.bin,306,33554432,420.60,,
0,bench/30gib-1.bin,307,33554432,425.29,,
0,bench/30gib-1.bin,308,33554432,1588.84,,
0,bench/30gib-1.bin,309,33554432,371.28,,
0,bench/30gib-1.bin,310,33554432,439.63,,
0,bench/30gib-1.bin,311,33554432,586.20,,
0,bench/30gib-1.bin,312,33554432,415.49,,
0,bench/30gib-1.bin,313,33554432,587.49,,
0,bench/30gib-1.bin,314,33554432,433.44,,
0,bench/30gib-1.bin,315,33554432,457.62,,
0,bench/30gib-1.bin,316,33554432,389.97,,
0,bench/30gib-1.bin,317,33554432,529.67,,
0,bench/30gib-1.bin,318,33554432,354.12,,
0,bench/30gib-1.bin,319,33554432,341.35,,
0,bench/30gib-1.bin,320,33554432,341.49,,
0,bench/30gib-1.bin,321,33554432,522.28,,
0,bench/30gib-1.bin,322,33554432,352.94,,
0,bench/30gib-1.bin,323,33554432,421.82,,
0,bench/30gib-1.bin,324,33554432,363.94,,
0,bench/30gib-1.bin,325,33554432,458.87,,
0,bench/30gib-1.bin,326,33554432,435.45,,
0,bench/30gib-1.bin,327,33554432,676.45,,
0,bench/30gib-1.bin,328,33554432,341.81,,
0,bench/30gib-1.bin,329,33554432,347.70,,
0,bench/30gib-1.bin,330,33554432,400.98,,
0,bench/30gib-1.bin,331,33554432,399.40,,
0,bench/30gib-1.bin,332,33554432,408.53,,
0,bench/30gib-1.bin,333,33554432,341.39,,
0,bench/30gib-1.bin,334,33554432,345.64,,
0,bench/30gib-1.bin,335,33554432,461.15,,
0,bench/30gib-1.bin,336,33554432,707.70,,
0,bench/30gib-1.bin,337,33554432,372.12,,
0,bench/30gib-1.bin,338,33554432,381.15,,
0,bench/30gib-1.bin,339,33554432,383.25,,
0,bench/30gib-1.bin,340,33554432,348.51,,
0,bench/30gib-1.bin,341,33554432,461.91,,
0,bench/30gib-1.bin,342,33554432,376.34,,
0,bench/30gib-1.bin,343,33554432,537.87,,
0,bench/30gib-1.bin,344,33554432,368.09,,
0,bench/30gib-1.bin,345,33554432,665.20,,
0,bench/30gib-1.bin,346,33554432,479.28,,
0,bench/30gib-1.bin,347,33554432,386.93,,
0,bench/30gib-1.bin,348,33554432,460.46,,
0,bench/30gib-1.bin,349,33554432,393.26,,
0,bench/30gib-1.bin,350,33554432,800.05,,
0,bench/30gib-1.bin,351,33554432,369.58,,
0,bench/30gib-1.bin,352,33554432,369.87,,
0,bench/30gib-1.bin,353,33554432,504.79,,
0,bench/30gib-1.bin,354,33554432,370.05,,
0,bench/30gib-1.bin,355,33554432,348.57,,
0,bench/30gib-1.bin,356,33554432,472.39,,
0,bench/30gib-1.bin,357,33554432,404.09,,
0,bench/30gib-1.bin,358,33554432,443.01,,
0,bench/30gib-1.bin,359,33554432,376.27,,
0,bench/30gib-1.bin,360,33554432,387.75,,
0,bench/30gib-1.bin,361,33554432,481.53,,
0,bench/30gib-1.bin,362,33554432,424.42,,
0,bench/30gib-1.bin,363,33554432,350.80,,
0,bench/30gib-1.bin,364,33554432,582.20,,
0,bench/30gib-1.bin,365,33554432,450.04,,
0,bench/30gib-1.bin,366,33554432,505.00,,
0,bench/30gib-1.bin,367,33554432,498.05,,
0,bench/30gib-1.bin,368,33554432,343.87,,
0,bench/30gib-1.bin,369,33554432,354.28,,
0,bench/30gib-1.bin,370,33554432,343.07,,
0,bench/30gib-1.bin,371,33554432,387.15,,
0,bench/30gib-1.bin,372,33554432,373.55,,
0,bench/30gib-1.bin,373,33554432,410.10,,
0,bench/30gib-1.bin,374,33554432,343.33,,
0,bench/30gib-1.bin,375,33554432,344.09,,
0,bench/30gib-1.bin,376,33554432,342.70,,
0,bench/30gib-1.bin,377,33554432,484.89,,
0,bench/30gib-1.bin,378,33554432,373.34,,
0,bench/30gib-1.bin,379,33554432,412.42,,
0,bench/30gib-1.bin,380,33554432,444.64,,
0,bench/30gib-1.bin,381,33554432,433.40,,
0,bench/30gib-1.bin,382,33554432,347.61,,
0,bench/30gib-1.bin,383,33554432,474.08,,
0,bench/30gib-1.bin,384,33554432,496.88,,
0,bench/30gib-1.bin,385,33554432,563.33,,
0,bench/30gib-1.bin,386,33554432,362.03,,
0,bench/30gib-1.bin,387,33554432,478.29,,
0,bench/30gib-1.bin,388,33554432,348.32,,
0,bench/30gib-1.bin,389,33554432,343.90,,
0,bench/30gib-1.bin,390,33554432,406.17,,
0,bench/30gib-1.bin,391,33554432,460.73,,
0,bench/30gib-1.bin,392,33554432,388.74,,
0,bench/30gib-1.bin,393,33554432,344.85,,
0,bench/30gib-1.bin,394,33554432,369.24,,
0,bench/30gib-1.bin,395,33554432,1201.82,,
0,bench/30gib-1.bin,396,33554432,622.67,,
0,bench/30gib-1.bin,397,33554432,417.99,,
0,bench/30gib-1.bin,398,33554432,469.75,,
0,bench/30gib-1.bin,399,33554432,350.68,,
0,bench/30gib-1.bin,400,33554432,368.35,,
0,bench/30gib-1.bin,401,33554432,475.21,,
0,bench/30gib-1.bin,402,33554432,347.27,,
0,bench/30gib-1.bin,403,33554432,501.92,,
0,bench/30gib-1.bin,404,33554432,714.64,,
0,bench/30gib-1.bin,405,33554432,420.00,,
0,bench/30gib-1.bin,406,33554432,405.11,,
0,bench/30gib-1.bin,407,33554432,430.51,,
0,bench/30gib-1.bin,408,33554432,391.06,,
0,bench/30gib-1.bin,409,33554432,460.27,,
0,bench/30gib-1.bin,410,33554432,389.06,,
0,bench/30gib-1.bin,411,33554432,390.05,,
0,bench/30gib-1.bin,412,33554432,375.70,,
0,bench/30gib-1.bin,413,33554432,535.15,,
0,bench/30gib-1.bin,414,33554432,531.50,,
0,bench/30gib-1.bin,415,33554432,380.66,,
0,bench/30gib-1.bin,416,33554432,528.62,,
0,bench/30gib-1.bin,417,33554432,342.65,,
0,bench/30gib-1.bin,418,33554432,446.14,,
0,bench/30gib-1.bin,419,33554432,407.21,,
0,bench/30gib-1.bin,420,33554432,578.32,,
0,bench/30gib-1.bin,421,33554432,503.44,,
0,bench/30gib-1.bin,422,33554432,420.10,,
0,bench/30gib-1.bin,423,33554432,341.14,,
0,bench/30gib-1.bin,424,33554432,399.98,,
0,bench/30gib-1.bin,425,33554432,364.67,,
0,bench/30gib-1.bin,426,33554432,342.14,,
0,bench/30gib-1.bin,427,33554432,491.93,,
0,bench/30gib-1.bin,428,33554432,470.09,,
0,bench/30gib-1.bin,429,33554432,537.46,,
0,bench/30gib-1.bin,430,33554432,491.06,,
0,bench/30gib-1.bin,431,33554432,630.42,,
0,bench/30gib-1.bin,432,33554432,497.84,,
0,bench/30gib-1.bin,433,33554432,609.78,,
0,bench/30gib-1.bin,434,33554432,362.25,,
0,bench/30gib-1.bin,435,33554432,443.53,,
0,bench/30gib-1.bin,436,33554432,517.30,,
0,bench/30gib-1.bin,437,33554432,343.74,,
0,bench/30gib-1.bin,438,33554432,610.08,,
0,bench/30gib-1.bin,439,33554432,382.31,,
0,bench/30gib-1.bin,440,33554432,602.42,,
0,bench/30gib-1.bin,441,33554432,406.14,,
0,bench/30gib-1.bin,442,33554432,371.94,,
0,bench/30gib-1.bin,443,33554432,422.51,,
0,bench/30gib-1.bin,444,33554432,352.35,,
0,bench/30gib-1.bin,445,33554432,742.26,,
0,bench/30gib-1.bin,446,33554432,485.87,,
0,bench/30gib-1.bin,447,33554432,340.75,,
0,bench/30gib-1.bin,448,33554432,347.32,,
0,bench/30gib-1.bin,449,33554432,1383.78,,
0,bench/30gib-1.bin,450,33554432,440.65,,
0,bench/30gib-1.bin,451,33554432,355.40,,
0,bench/30gib-1.bin,452,33554432,419.06,,
0,bench/30gib-1.bin,453,33554432,349.08,,
0,bench/30gib-1.bin,454,33554432,363.27,,
0,bench/30gib-1.bin,455,33554432,359.87,,
0,bench/30gib-1.bin,456,33554432,354.24,,
0,bench/30gib-1.bin,457,33554432,535.81,,
0,bench/30gib-1.bin,458,33554432,477.58,,
0,bench/30gib-1.bin,459,33554432,418.23,,
0,bench/30gib-1.bin,460,33554432,344.60,,
0,bench/30gib-1.bin,461,33554432,540.51,,
0,bench/30gib-1.bin,462,33554432,606.45,,
0,bench/30gib-1.bin,463,33554432,349.77,,
0,bench/30gib-1.bin,464,33554432,430.05,,
0,bench/30gib-1.bin,465,33554432,417.44,,
0,bench/30gib-1.bin,466,33554432,387.04,,
0,bench/30gib-1.bin,467,33554432,396.39,,
0,bench/30gib-1.bin,468,33554432,358.46,,
0,bench/30gib-1.bin,469,33554432,639.27,,
0,bench/30gib-1.bin,470,33554432,347.69,,
0,bench/30gib-1.bin,471,33554432,381.51,,
0,bench/30gib-1.bin,472,33554432,340.30,,
0,bench/30gib-1.bin,473,33554432,473.68,,
0,bench/30gib-1.bin,474,33554432,401.61,,
0,bench/30gib-1.bin,475,33554432,441.60,,
0,bench/30gib-1.bin,476,33554432,473.96,,
0,bench/30gib-1.bin,477,33554432,350.32,,
0,bench/30gib-1.bin,478,33554432,373.13,,
0,bench/30gib-1.bin,479,33554432,453.36,,
0,bench/30gib-1.bin,480,33554432,382.22,,
0,bench/30gib-1.bin,481,33554432,441.60,,
0,bench/30gib-1.bin,482,33554432,551.10,,
0,bench/30gib-1.bin,483,33554432,774.31,,
0,bench/30gib-1.bin,484,33554432,456.86,,
0,bench/30gib-1.bin,485,33554432,352.40,,
0,bench/30gib-1.bin,486,33554432,373.48,,
0,bench/30gib-1.bin,487,33554432,423.30,,
0,bench/30gib-1.bin,488,33554432,344.62,,
0,bench/30gib-1.bin,489,33554432,347.45,,
0,bench/30gib-1.bin,490,33554432,410.97,,
0,bench/30gib-1.bin,491,33554432,340.93,,
0,bench/30gib-1.bin,492,33554432,492.90,,
0,bench/30gib-1.bin,493,33554432,463.63,,
0,bench/30gib-1.bin,494,33554432,355.23,,
0,bench/30gib-1.bin,495,33554432,427.90,,
0,bench/30gib-1.bin,496,33554432,342.94,,
0,bench/30gib-1.bin,497,33554432,376.62,,
0,bench/30gib-1.bin,498,33554432,411.00,,
0,bench/30gib-1.bin,499,33554432,534.42,,
0,bench/30gib-1.bin,500,33554432,537.46,,
0,bench/30gib-1.bin,501,33554432,443.64,,
0,bench/30gib-1.bin,502,33554432,535.99,,
0,bench/30gib-1.bin,503,33554432,341.16,,
0,bench/30gib-1.bin,504,33554432,399.79,,
0,bench/30gib-1.bin,505,33554432,344.97,,
0,bench/30gib-1.bin,506,33554432,452.96,,
0,bench/30gib-1.bin,507,33554432,507.25,,
0,bench/30gib-1.bin,508,33554432,469.91,,
0,bench/30gib-1.bin,509,33554432,351.17,,
0,bench/30gib-1.bin,510,33554432,354.76,,
0,bench/30gib-1.bin,511,33554432,390.26,,
0,bench/30gib-1.bin,512,33554432,431.78,,
0,bench/30gib-1.bin,513,33554432,366.95,,
0,bench/30gib-1.bin,514,33554432,340.06,,
0,bench/30gib-1.bin,515,33554432,347.73,,
0,bench/30gib-1.bin,516,33554432,362.77,,
0,bench/30gib-1.bin,517,33554432,350.21,,
0,bench/30gib-1.bin,518,33554432,794.82,,
0,bench/30gib-1.bin,519,33554432,453.59,,
0,bench/30gib-1.bin,520,33554432,342.72,,
0,bench/30gib-1.bin,521,33554432,501.32,,
0,bench/30gib-1.bin,522,33554432,345.36,,
0,bench/30gib-1.bin,523,33554432,372.57,,
0,bench/30gib-1.bin,524,33554432,406.44,,
0,bench/30gib-1.bin,525,33554432,499.17,,
0,bench/30gib-1.bin,526,33554432,405.72,,
0,bench/30gib-1.bin,527,33554432,364.99,,
0,bench/30gib-1.bin,528,33554432,587.16,,
0,bench/30gib-1.bin,529,33554432,418.79,,
0,bench/30gib-1.bin,530,33554432,399.33,,
0,bench/30gib-1.bin,531,33554432,423.68,,
0,bench/30gib-1.bin,532,33554432,343.06,,
0,bench/30gib-1.bin,533,33554432,401.66,,
0,bench/30gib-1.bin,534,33554432,412.53,,
0,bench/30gib-1.bin,535,33554432,465.29,,
0,bench/30gib-1.bin,536,33554432,352.63,,
0,bench/30gib-1.bin,537,33554432,350.96,,
0,bench/30gib-1.bin,538,33554432,498.41,,
0,bench/30gib-1.bin,539,33554432,380.34,,
0,bench/30gib-1.bin,540,33554432,362.44,,
0,bench/30gib-1.bin,541,33554432,502.50,,
0,bench/30gib-1.bin,542,33554432,403.00,,
0,bench/30gib-1.bin,543,33554432,492.45,,
0,bench/30gib-1.bin,544,33554432,368.25,,
0,bench/30gib-1.bin,545,33554432,412.90,,
0,bench/30gib-1.bin,546,33554432,669.91,,
0,bench/30gib-1.bin,547,33554432,349.44,,
0,bench/30gib-1.bin,548,33554432,382.97,,
0,bench/30gib-1.bin,549,33554432,507.65,,
0,bench/30gib-1.bin,550,33554432,366.90,,
0,bench/30gib-1.bin,551,33554432,342.32,,
0,bench/30gib-1.bin,552,33554432,428.53,,
0,bench/30gib-1.bin,553,33554432,347.07,,
0,bench/30gib-1.bin,554,33554432,342.90,,
0,bench/30gib-1.bin,555,33554432,442.22,,
0,bench/30gib-1.bin,556,33554432,361.29,,
0,bench/30gib-1.bin,557,33554432,387.94,,
0,bench/30gib-1.bin,558,33554432,412.72,,
0,bench/30gib-1.bin,559,33554432,359.88,,
0,bench/30gib-1.bin,560,33554432,496.40,,
0,bench/30gib-1.bin,561,33554432,451.45,,
0,bench/30gib-1.bin,562,33554432,481.10,,
0,bench/30gib-1.bin,563,33554432,553.77,,
0,bench/30gib-1.bin,564,33554432,367.59,,
0,bench/30gib-1.bin,565,33554432,358.78,,
0,bench/30gib-1.bin,566,33554432,343.13,,
0,bench/30gib-1.bin,567,33554432,411.01,,
0,bench/30gib-1.bin,568,33554432,381.69,,
0,bench/30gib-1.bin,569,33554432,349.39,,
0,bench/30gib-1.bin,570,33554432,341.08,,
0,bench/30gib-1.bin,571,33554432,346.59,,
0,bench/30gib-1.bin,572,33554432,454.37,,
0,bench/30gib-1.bin,573,33554432,476.19,,
0,bench/30gib-1.bin,574,33554432,446.95,,
0,bench/30gib-1.bin,575,33554432,442.89,,
0,bench/30gib-1.bin,576,33554432,345.36,,
0,bench/30gib-1.bin,577,33554432,751.42,,
0,bench/30gib-1.bin,578,33554432,781.71,,
0,bench/30gib-1.bin,579,33554432,468.84,,
0,bench/30gib-1.bin,580,33554432,341.03,,
0,bench/30gib-1.bin,581,33554432,372.20,,
0,bench/30gib-1.bin,582,33554432,366.43,,
0,bench/30gib-1.bin,583,33554432,386.73,,
0,bench/30gib-1.bin,584,33554432,540.41,,
0,bench/30gib-1.bin,585,33554432,427.70,,
0,bench/30gib-1.bin,586,33554432,358.44,,
0,bench/30gib-1.bin,587,33554432,461.64,,
0,bench/30gib-1.bin,588,33554432,340.52,,
0,bench/30gib-1.bin,589,33554432,387.98,,
0,bench/30gib-1.bin,590,33554432,470.42,,
0,bench/30gib-1.bin,591,33554432,435.87,,
0,bench/30gib-1.bin,592,33554432,341.75,,
0,bench/30gib-1.bin,593,33554432,349.42,,
0,bench/30gib-1.bin,594,33554432,340.96,,
0,bench/30gib-1.bin,595,33554432,387.02,,
0,bench/30gib-1.bin,596,33554432,446.12,,
0,bench/30gib-1.bin,597,33554432,503.83,,
0,bench/30gib-1.bin,598,33554432,340.62,,
0,bench/30gib-1.bin,599,33554432,341.42,,
0,bench/30gib-1.bin,600,33554432,350.79,,
0,bench/30gib-1.bin,601,33554432,341.02,,
0,bench/30gib-1.bin,602,33554432,383.23,,
0,bench/30gib-1.bin,603,33554432,358.96,,
0,bench/30gib-1.bin,604,33554432,348.58,,
0,bench/30gib-1.bin,605,33554432,343.07,,
0,bench/30gib-1.bin,606,33554432,439.65,,
0,bench/30gib-1.bin,607,33554432,344.98,,
0,bench/30gib-1.bin,608,33554432,342.09,,
0,bench/30gib-1.bin,609,33554432,557.03,,
0,bench/30gib-1.bin,610,33554432,358.47,,
0,bench/30gib-1.bin,611,33554432,420.88,,
0,bench/30gib-1.bin,612,33554432,355.81,,
0,bench/30gib-1.bin,613,33554432,363.68,,
0,bench/30gib-1.bin,614,33554432,354.41,,
0,bench/30gib-1.bin,615,33554432,344.45,,
0,bench/30gib-1.bin,616,33554432,515.48,,
0,bench/30gib-1.bin,617,33554432,461.87,,
0,bench/30gib-1.bin,618,33554432,364.26,,
0,bench/30gib-1.bin,619,33554432,381.97,,
0,bench/30gib-1.bin,620,33554432,648.17,,
0,bench/30gib-1.bin,621,33554432,1189.86,,
0,bench/30gib-1.bin,622,33554432,423.44,,
0,bench/30gib-1.bin,623,33554432,456.77,,
0,bench/30gib-1.bin,624,33554432,446.27,,
0,bench/30gib-1.bin,625,33554432,420.29,,
0,bench/30gib-1.bin,626,33554432,372.66,,
0,bench/30gib-1.bin,627,33554432,386.65,,
0,bench/30gib-1.bin,628,33554432,384.33,,
0,bench/30gib-1.bin,629,33554432,381.57,,
0,bench/30gib-1.bin,630,33554432,390.62,,
0,bench/30gib-1.bin,631,33554432,342.89,,
0,bench/30gib-1.bin,632,33554432,347.60,,
0,bench/30gib-1.bin,633,33554432,348.52,,
0,bench/30gib-1.bin,634,33554432,611.20,,
0,bench/30gib-1.bin,635,33554432,431.97,,
0,bench/30gib-1.bin,636,33554432,340.10,,
0,bench/30gib-1.bin,637,33554432,340.92,,
0,bench/30gib-1.bin,638,33554432,430.31,,
0,bench/30gib-1.bin,639,33554432,355.51,,
0,bench/30gib-1.bin,640,33554432,354.34,,
0,bench/30gib-1.bin,641,33554432,465.80,,
0,bench/30gib-1.bin,642,33554432,508.94,,
0,bench/30gib-1.bin,643,33554432,431.89,,
0,bench/30gib-1.bin,644,33554432,340.65,,
0,bench/30gib-1.bin,645,33554432,346.31,,
0,bench/30gib-1.bin,646,33554432,397.79,,
0,bench/30gib-1.bin,647,33554432,365.71,,
0,bench/30gib-1.bin,648,33554432,418.14,,
0,bench/30gib-1.bin,649,33554432,370.76,,
0,bench/30gib-1.bin,650,33554432,532.52,,
0,bench/30gib-1.bin,651,33554432,412.37,,
0,bench/30gib-1.bin,652,33554432,342.24,,
0,bench/30gib-1.bin,653,33554432,350.31,,
0,bench/30gib-1.bin,654,33554432,435.79,,
0,bench/30gib-1.bin,655,33554432,428.41,,
0,bench/30gib-1.bin,656,33554432,446.54,,
0,bench/30gib-1.bin,657,33554432,381.73,,
0,bench/30gib-1.bin,658,33554432,508.98,,
0,bench/30gib-1.bin,659,33554432,445.02,,
0,bench/30gib-1.bin,660,33554432,357.76,,
0,bench/30gib-1.bin,661,33554432,563.04,,
0,bench/30gib-1.bin,662,33554432,368.69,,
0,bench/30gib-1.bin,663,33554432,366.15,,
0,bench/30gib-1.bin,664,33554432,347.37,,
0,bench/30gib-1.bin,665,33554432,492.48,,
0,bench/30gib-1.bin,666,33554432,472.65,,
0,bench/30gib-1.bin,667,33554432,638.59,,
0,bench/30gib-1.bin,668,33554432,358.51,,
0,bench/30gib-1.bin,669,33554432,432.95,,
0,bench/30gib-1.bin,670,33554432,372.74,,
0,bench/30gib-1.bin,671,33554432,451.99,,
0,bench/30gib-1.bin,672,33554432,519.65,,
0,bench/30gib-1.bin,673,33554432,365.74,,
0,bench/30gib-1.bin,674,33554432,434.65,,
0,bench/30gib-1.bin,675,33554432,340.99,,
0,bench/30gib-1.bin,676,33554432,340.86,,
0,bench/30gib-1.bin,677,33554432,341.92,,
0,bench/30gib-1.bin,678,33554432,399.38,,
0,bench/30gib-1.bin,679,33554432,341.29,,
0,bench/30gib-1.bin,680,33554432,641.54,,
0,bench/30gib-1.bin,681,33554432,515.49,,
0,bench/30gib-1.bin,682,33554432,574.47,,
0,bench/30gib-1.bin,683,33554432,515.54,,
0,bench/30gib-1.bin,684,33554432,447.47,,
0,bench/30gib-1.bin,685,33554432,519.06,,
0,bench/30gib-1.bin,686,33554432,424.69,,
0,bench/30gib-1.bin,687,33554432,390.46,,
0,bench/30gib-1.bin,688,33554432,439.80,,
0,bench/30gib-1.bin,689,33554432,376.37,,
0,bench/30gib-1.bin,690,33554432,351.98,,
0,bench/30gib-1.bin,691,33554432,469.94,,
0,bench/30gib-1.bin,692,33554432,344.45,,
0,bench/30gib-1.bin,693,33554432,344.35,,
0,bench/30gib-1.bin,694,33554432,365.34,,
0,bench/30gib-1.bin,695,33554432,391.41,,
0,bench/30gib-1.bin,696,33554432,407.60,,
0,bench/30gib-1.bin,697,33554432,436.27,,
0,bench/30gib-1.bin,698,33554432,341.40,,
0,bench/30gib-1.bin,699,33554432,434.78,,
0,bench/30gib-1.bin,700,33554432,408.22,,
0,bench/30gib-1.bin,701,33554432,497.22,,
0,bench/30gib-1.bin,702,33554432,694.89,,
0,bench/30gib-1.bin,703,33554432,361.55,,
0,bench/30gib-1.bin,704,33554432,375.04,,
0,bench/30gib-1.bin,705,33554432,367.90,,
0,bench/30gib-1.bin,706,33554432,485.90,,
0,bench/30gib-1.bin,707,33554432,403.52,,
0,bench/30gib-1.bin,708,33554432,690.14,,
0,bench/30gib-1.bin,709,33554432,531.69,,
0,bench/30gib-1.bin,710,33554432,359.51,,
0,bench/30gib-1.bin,711,33554432,448.38,,
0,bench/30gib-1.bin,712,33554432,400.18,,
0,bench/30gib-1.bin,713,33554432,380.91,,
0,bench/30gib-1.bin,714,33554432,345.74,,
0,bench/30gib-1.bin,715,33554432,483.94,,
0,bench/30gib-1.bin,716,33554432,432.65,,
0,bench/30gib-1.bin,717,33554432,346.79,,
0,bench/30gib-1.bin,718,33554432,341.85,,
0,bench/30gib-1.bin,719,33554432,508.97,,
0,bench/30gib-1.bin,720,33554432,391.55,,
0,bench/30gib-1.bin,721,33554432,345.09,,
0,bench/30gib-1.bin,722,33554432,458.43,,
0,bench/30gib-1.bin,723,33554432,384.47,,
0,bench/30gib-1.bin,724,33554432,604.81,,
0,bench/30gib-1.bin,725,33554432,346.33,,
0,bench/30gib-1.bin,726,33554432,470.70,,
0,bench/30gib-1.bin,727,33554432,667.20,,
0,bench/30gib-1.bin,728,33554432,357.71,,
0,bench/30gib-1.bin,729,33554432,406.38,,
0,bench/30gib-1.bin,730,33554432,393.49,,
0,bench/30gib-1.bin,731,33554432,580.17,,
0,bench/30gib-1.bin,732,33554432,463.91,,
0,bench/30gib-1.bin,733,33554432,456.74,,
0,bench/30gib-1.bin,734,33554432,343.88,,
0,bench/30gib-1.bin,735,33554432,370.53,,
0,bench/30gib-1.bin,736,33554432,354.09,,
0,bench/30gib-1.bin,737,33554432,358.57,,
0,bench/30gib-1.bin,738,33554432,342.14,,
0,bench/30gib-1.bin,739,33554432,341.97,,
0,bench/30gib-1.bin,740,33554432,456.55,,
0,bench/30gib-1.bin,741,33554432,430.12,,
0,bench/30gib-1.bin,742,33554432,383.61,,
0,bench/30gib-1.bin,743,33554432,386.18,,
0,bench/30gib-1.bin,744,33554432,348.18,,
0,bench/30gib-1.bin,745,33554432,343.91,,
0,bench/30gib-1.bin,746,33554432,353.88,,
0,bench/30gib-1.bin,747,33554432,342.92,,
0,bench/30gib-1.bin,748,33554432,533.08,,
0,bench/30gib-1.bin,749,33554432,372.44,,
0,bench/30gib-1.bin,750,33554432,348.41,,
0,bench/30gib-1.bin,751,33554432,595.83,,
0,bench/30gib-1.bin,752,33554432,400.75,,
0,bench/30gib-1.bin,753,33554432,404.69,,
0,bench/30gib-1.bin,754,33554432,412.03,,
0,bench/30gib-1.bin,755,33554432,397.89,,
0,bench/30gib-1.bin,756,33554432,646.52,,
0,bench/30gib-1.bin,757,33554432,361.71,,
0,bench/30gib-1.bin,758,33554432,358.14,,
0,bench/30gib-1.bin,759,33554432,671.20,,
0,bench/30gib-1.bin,760,33554432,439.08,,
0,bench/30gib-1.bin,761,33554432,429.87,,
0,bench/30gib-1.bin,762,33554432,341.05,,
0,bench/30gib-1.bin,763,33554432,343.92,,
0,bench/30gib-1.bin,764,33554432,350.81,,
0,bench/30gib-1.bin,765,33554432,351.81,,
0,bench/30gib-1.bin,766,33554432,407.84,,
0,bench/30gib-1.bin,767,33554432,356.10,,
0,bench/30gib-1.bin,768,33554432,424.34,,
0,bench/30gib-1.bin,769,33554432,837.02,,
0,bench/30gib-1.bin,770,33554432,399.55,,
0,bench/30gib-1.bin,771,33554432,343.15,,
0,bench/30gib-1.bin,772,33554432,364.96,,
0,bench/30gib-1.bin,773,33554432,411.87,,
0,bench/30gib-1.bin,774,33554432,451.64,,
0,bench/30gib-1.bin,775,33554432,515.01,,
0,bench/30gib-1.bin,776,33554432,569.44,,
0,bench/30gib-1.bin,777,33554432,374.36,,
0,bench/30gib-1.bin,778,33554432,405.12,,
0,bench/30gib-1.bin,779,33554432,485.03,,
0,bench/30gib-1.bin,780,33554432,506.00,,
0,bench/30gib-1.bin,781,33554432,448.69,,
0,bench/30gib-1.bin,782,33554432,345.51,,
0,bench/30gib-1.bin,783,33554432,411.47,,
0,bench/30gib-1.bin,784,33554432,864.66,,
0,bench/30gib-1.bin,785,33554432,349.48,,
0,bench/30gib-1.bin,786,33554432,430.16,,
0,bench/30gib-1.bin,787,33554432,342.63,,
0,bench/30gib-1.bin,788,33554432,372.47,,
0,bench/30gib-1.bin,789,33554432,341.17,,
0,bench/30gib-1.bin,790,33554432,367.07,,
0,bench/30gib-1.bin,791,33554432,366.65,,
0,bench/30gib-1.bin,792,33554432,418.26,,
0,bench/30gib-1.bin,793,33554432,428.82,,
0,bench/30gib-1.bin,794,33554432,384.08,,
0,bench/30gib-1.bin,795,33554432,468.88,,
0,bench/30gib-1.bin,796,33554432,454.63,,
0,bench/30gib-1.bin,797,33554432,437.34,,
0,bench/30gib-1.bin,798,33554432,460.66,,
0,bench/30gib-1.bin,799,33554432,342.37,,
0,bench/30gib-1.bin,800,33554432,537.14,,
0,bench/30gib-1.bin,801,33554432,344.65,,
0,bench/30gib-1.bin,802,33554432,374.93,,
0,bench/30gib-1.bin,803,33554432,423.32,,
0,bench/30gib-1.bin,804,33554432,397.07,,
0,bench/30gib-1.bin,805,33554432,579.43,,
0,bench/30gib-1.bin,806,33554432,381.55,,
0,bench/30gib-1.bin,807,33554432,536.86,,
0,bench/30gib-1.bin,808,33554432,407.59,,
0,bench/30gib-1.bin,809,33554432,486.25,,
0,bench/30gib-1.bin,810,33554432,343.11,,
0,bench/30gib-1.bin,811,33554432,344.37,,
0,bench/30gib-1.bin,812,33554432,462.48,,
0,bench/30gib-1.bin,813,33554432,341.91,,
0,bench/30gib-1.bin,814,33554432,362.03,,
0,bench/30gib-1.bin,815,33554432,600.02,,
0,bench/30gib-1.bin,816,33554432,410.19,,
0,bench/30gib-1.bin,817,33554432,525.23,,
0,bench/30gib-1.bin,818,33554432,393.16,,
0,bench/30gib-1.bin,819,33554432,403.65,,
0,bench/30gib-1.bin,820,33554432,423.61,,
0,bench/30gib-1.bin,821,33554432,346.71,,
0,bench/30gib-1.bin,822,33554432,341.37,,
0,bench/30gib-1.bin,823,33554432,340.56,,
0,bench/30gib-1.bin,824,33554432,503.17,,
0,bench/30gib-1.bin,825,33554432,344.64,,
0,bench/30gib-1.bin,826,33554432,414.54,,
0,bench/30gib-1.bin,827,33554432,345.04,,
0,bench/30gib-1.bin,828,33554432,415.77,,
0,bench/30gib-1.bin,829,33554432,612.99,,
0,bench/30gib-1.bin,830,33554432,708.11,,
0,bench/30gib-1.bin,831,33554432,426.73,,
0,bench/30gib-1.bin,832,33554432,437.66,,
0,bench/30gib-1.bin,833,33554432,341.27,,
0,bench/30gib-1.bin,834,33554432,515.17,,
0,bench/30gib-1.bin,835,33554432,342.03,,
0,bench/30gib-1.bin,836,33554432,635.02,,
0,bench/30gib-1.bin,837,33554432,391.22,,
0,bench/30gib-1.bin,838,33554432,342.44,,
0,bench/30gib-1.bin,839,33554432,686.05,,
0,bench/30gib-1.bin,840,33554432,1024.50,,
0,bench/30gib-1.bin,841,33554432,421.54,,
0,bench/30gib-1.bin,842,33554432,473.67,,
0,bench/30gib-1.bin,843,33554432,1122.01,,
0,bench/30gib-1.bin,844,33554432,344.32,,
0,bench/30gib-1.bin,845,33554432,427.00,,
0,bench/30gib-1.bin,846,33554432,363.55,,
0,bench/30gib-1.bin,847,33554432,385.32,,
0,bench/30gib-1.bin,848,33554432,372.00,,
0,bench/30gib-1.bin,849,33554432,439.56,,
0,bench/30gib-1.bin,850,33554432,406.29,,
0,bench/30gib-1.bin,851,33554432,507.87,,
0,bench/30gib-1.bin,852,33554432,393.34,,
0,bench/30gib-1.bin,853,33554432,341.40,,
0,bench/30gib-1.bin,854,33554432,385.43,,
0,bench/30gib-1.bin,855,33554432,415.38,,
0,bench/30gib-1.bin,856,33554432,445.49,,
0,bench/30gib-1.bin,857,33554432,430.56,,
0,bench/30gib-1.bin,858,33554432,364.84,,
0,bench/30gib-1.bin,859,33554432,413.09,,
0,bench/30gib-1.bin,860,33554432,353.99,,
0,bench/30gib-1.bin,861,33554432,341.11,,
0,bench/30gib-1.bin,862,33554432,575.23,,
0,bench/30gib-1.bin,863,33554432,489.42,,
0,bench/30gib-1.bin,864,33554432,427.72,,
0,bench/30gib-1.bin,865,33554432,459.65,,
0,bench/30gib-1.bin,866,33554432,469.47,,
0,bench/30gib-1.bin,867,33554432,465.60,,
0,bench/30gib-1.bin,868,33554432,400.34,,
0,bench/30gib-1.bin,869,33554432,581.62,,
0,bench/30gib-1.bin,870,33554432,417.78,,
0,bench/30gib-1.bin,871,33554432,351.06,,
0,bench/30gib-1.bin,872,33554432,507.55,,
0,bench/30gib-1.bin,873,33554432,438.99,,
0,bench/30gib-1.bin,874,33554432,342.37,,
0,bench/30gib-1.bin,875,33554432,396.82,,
0,bench/30gib-1.bin,876,33554432,355.89,,
0,bench/30gib-1.bin,877,33554432,647.46,,
0,bench/30gib-1.bin,878,33554432,517.33,,
0,bench/30gib-1.bin,879,33554432,340.49,,
0,bench/30gib-1.bin,880,33554432,347.55,,
0,bench/30gib-1.bin,881,33554432,508.92,,
0,bench/30gib-1.bin,882,33554432,387.12,,
0,bench/30gib-1.bin,883,33554432,800.12,,
0,bench/30gib-1.bin,884,33554432,419.31,,
0,bench/30gib-1.bin,885,33554432,402.78,,
0,bench/30gib-1.bin,886,33554432,347.50,,
0,bench/30gib-1.bin,887,33554432,376.68,,
0,bench/30gib-1.bin,888,33554432,456.12,,
0,bench/30gib-1.bin,889,33554432,392.19,,
0,bench/30gib-1.bin,890,33554432,445.76,,
0,bench/30gib-1.bin,891,33554432,357.24,,
0,bench/30gib-1.bin,892,33554432,351.22,,
0,bench/30gib-1.bin,893,33554432,392.86,,
0,bench/30gib-1.bin,894,33554432,349.11,,
0,bench/30gib-1.bin,895,33554432,671.00,,
0,bench/30gib-1.bin,896,33554432,343.56,,
0,bench/30gib-1.bin,897,33554432,401.61,,
0,bench/30gib-1.bin,898,33554432,474.36,,
0,bench/30gib-1.bin,899,33554432,359.40,,
0,bench/30gib-1.bin,900,33554432,345.14,,
0,bench/30gib-1.bin,901,33554432,359.44,,
0,bench/30gib-1.bin,902,33554432,351.49,,
0,bench/30gib-1.bin,903,33554432,354.89,,
0,bench/30gib-1.bin,904,33554432,372.62,,
0,bench/30gib-1.bin,905,33554432,353.40,,
0,bench/30gib-1.bin,906,33554432,341.36,,
0,bench/30gib-1.bin,907,33554432,348.06,,
0,bench/30gib-1.bin,908,33554432,373.16,,
0,bench/30gib-1.bin,909,33554432,347.73,,
0,bench/30gib-1.bin,910,33554432,420.79,,
0,bench/30gib-1.bin,911,33554432,344.91,,
0,bench/30gib-1.bin,912,33554432,385.97,,
0,bench/30gib-1.bin,913,33554432,565.82,,
0,bench/30gib-1.bin,914,33554432,376.64,,
0,bench/30gib-1.bin,915,33554432,555.51,,
0,bench/30gib-1.bin,916,33554432,352.04,,
0,bench/30gib-1.bin,917,33554432,478.06,,
0,bench/30gib-1.bin,918,33554432,472.72,,
0,bench/30gib-1.bin,919,33554432,344.19,,
0,bench/30gib-1.bin,920,33554432,425.63,,
0,bench/30gib-1.bin,921,33554432,648.15,,
0,bench/30gib-1.bin,922,33554432,402.59,,
0,bench/30gib-1.bin,923,33554432,370.27,,
0,bench/30gib-1.bin,924,33554432,542.72,,
0,bench/30gib-1.bin,925,33554432,377.96,,
0,bench/30gib-1.bin,926,33554432,350.29,,
0,bench/30gib-1.bin,927,33554432,362.71,,
0,bench/30gib-1.bin,928,33554432,527.27,,
0,bench/30gib-1.bin,929,33554432,378.83,,
0,bench/30gib-1.bin,930,33554432,398.12,,
0,bench/30gib-1.bin,931,33554432,348.69,,
0,bench/30gib-1.bin,932,33554432,348.38,,
0,bench/30gib-1.bin,933,33554432,399.33,,
0,bench/30gib-1.bin,934,33554432,491.16,,
0,bench/30gib-1.bin,935,33554432,409.29,,
0,bench/30gib-1.bin,936,33554432,360.06,,
0,bench/30gib-1.bin,937,33554432,371.07,,
0,bench/30gib-1.bin,938,33554432,483.12,,
0,bench/30gib-1.bin,939,33554432,359.86,,
0,bench/30gib-1.bin,940,33554432,341.98,,
0,bench/30gib-1.bin,941,33554432,351.22,,
0,bench/30gib-1.bin,942,33554432,399.15,,
0,bench/30gib-1.bin,943,33554432,522.46,,
0,bench/30gib-1.bin,944,33554432,355.89,,
0,bench/30gib-1.bin,945,33554432,340.73,,
0,bench/30gib-1.bin,946,33554432,344.67,,
0,bench/30gib-1.bin,947,33554432,598.87,,
0,bench/30gib-1.bin,948,33554432,504.78,,
0,bench/30gib-1.bin,949,33554432,346.09,,
0,bench/30gib-1.bin,950,33554432,357.80,,
0,bench/30gib-1.bin,951,33554432,344.42,,
0,bench/30gib-1.bin,952,33554432,376.46,,
0,bench/30gib-1.bin,953,33554432,544.12,,
0,bench/30gib-1.bin,954,33554432,403.23,,
0,bench/30gib-1.bin,955,33554432,388.47,,
0,bench/30gib-1.bin,956,33554432,360.04,,
0,bench/30gib-1.bin,957,33554432,361.00,,
0,bench/30gib-1.bin,958,33554432,349.69,,
0,bench/30gib-1.bin,959,33554432,956.66,,
0,bench/30gib-1.bin,960,33554432,351.22,,
0,bench/30gib-2.bin,1,33554432,1930.79,,
0,bench/30gib-2.bin,2,33554432,3375.84,,
0,bench/30gib-2.bin,3,33554432,2378.46,,
0,bench/30gib-2.bin,4,33554432,1760.77,,
0,bench/30gib-2.bin,5,33554432,1891.26,,
0,bench/30gib-2.bin,6,33554432,2289.56,,
0,bench/30gib-2.bin,7,33554432,1752.25,,
0,bench/30gib-2.bin,8,33554432,1830.87,,
0,bench/30gib-2.bin,9,33554432,1624.60,,
0,bench/30gib-2.bin,10,33554432,1251.21,,
0,bench/30gib-2.bin,11,33554432,968.74,,
0,bench/30gib-2.bin,12,33554432,1035.60,,
0,bench/30gib-2.bin,13,33554432,1220.83,,
0,bench/30gib-2.bin,14,33554432,2221.87,,
0,bench/30gib-2.bin,15,33554432,2727.59,,
0,bench/30gib-2.bin,16,33554432,1119.46,,
0,bench/30gib-2.bin,17,33554432,2484.98,,
0,bench/30gib-2.bin,18,33554432,800.77,,
0,bench/30gib-2.bin,19,33554432,1177.62,,
0,bench/30gib-2.bin,20,33554432,1727.65,,
0,bench/30gib-2.bin,21,33554432,1904.14,,
0,bench/30gib-2.bin,22,33554432,1468.20,,
0,bench/30gib-2.bin,23,33554432,1790.00,,
0,bench/30gib-2.bin,24,33554432,1543.98,,
0,bench/30gib-2.bin,25,33554432,1427.35,,
0,bench/30gib-2.bin,26,33554432,1550.60,,
0,bench/30gib-2.bin,27,33554432,1343.66,,
0,bench/30gib-2.bin,28,33554432,616.15,,
0,bench/30gib-2.bin,29,33554432,905.70,,
0,bench/30gib-2.bin,30,33554432,949.22,,
0,bench/30gib-2.bin,31,33554432,630.96,,
0,bench/30gib-2.bin,32,33554432,1229.71,,
0,bench/30gib-2.bin,33,33554432,739.87,,
0,bench/30gib-2.bin,34,33554432,648.92,,
0,bench/30gib-2.bin,35,33554432,723.78,,
0,bench/30gib-2.bin,36,33554432,476.29,,
0,bench/30gib-2.bin,37,33554432,676.68,,
0,bench/30gib-2.bin,38,33554432,674.91,,
0,bench/30gib-2.bin,39,33554432,569.25,,
0,bench/30gib-2.bin,40,33554432,634.37,,
0,bench/30gib-2.bin,41,33554432,427.56,,
0,bench/30gib-2.bin,42,33554432,417.12,,
0,bench/30gib-2.bin,43,33554432,779.78,,
0,bench/30gib-2.bin,44,33554432,418.05,,
0,bench/30gib-2.bin,45,33554432,670.94,,
0,bench/30gib-2.bin,46,33554432,697.72,,
0,bench/30gib-2.bin,47,33554432,608.85,,
0,bench/30gib-2.bin,48,33554432,574.33,,
0,bench/30gib-2.bin,49,33554432,528.03,,
0,bench/30gib-2.bin,50,33554432,418.98,,
0,bench/30gib-2.bin,51,33554432,724.23,,
0,bench/30gib-2.bin,52,33554432,473.01,,
0,bench/30gib-2.bin,53,33554432,556.10,,
0,bench/30gib-2.bin,54,33554432,634.27,,
0,bench/30gib-2.bin,55,33554432,551.55,,
0,bench/30gib-2.bin,56,33554432,419.21,,
0,bench/30gib-2.bin,57,33554432,576.13,,
0,bench/30gib-2.bin,58,33554432,371.62,,
0,bench/30gib-2.bin,59,33554432,422.53,,
0,bench/30gib-2.bin,60,33554432,596.39,,
0,bench/30gib-2.bin,61,33554432,504.56,,
0,bench/30gib-2.bin,62,33554432,633.11,,
0,bench/30gib-2.bin,63,33554432,454.36,,
0,bench/30gib-2.bin,64,33554432,440.71,,
0,bench/30gib-2.bin,65,33554432,356.88,,
0,bench/30gib-2.bin,66,33554432,643.97,,
0,bench/30gib-2.bin,67,33554432,559.88,,
0,bench/30gib-2.bin,68,33554432,566.10,,
0,bench/30gib-2.bin,69,33554432,576.73,,
0,bench/30gib-2.bin,70,33554432,444.78,,
0,bench/30gib-2.bin,71,33554432,441.21,,
0,bench/30gib-2.bin,72,33554432,412.52,,
0,bench/30gib-2.bin,73,33554432,606.29,,
0,bench/30gib-2.bin,74,33554432,380.74,,
0,bench/30gib-2.bin,75,33554432,466.17,,
0,bench/30gib-2.bin,76,33554432,354.34,,
0,bench/30gib-2.bin,77,33554432,512.56,,
0,bench/30gib-2.bin,78,33554432,560.24,,
0,bench/30gib-2.bin,79,33554432,521.20,,
0,bench/30gib-2.bin,80,33554432,412.82,,
0,bench/30gib-2.bin,81,33554432,408.88,,
0,bench/30gib-2.bin,82,33554432,465.90,,
0,bench/30gib-2.bin,83,33554432,428.36,,
0,bench/30gib-2.bin,84,33554432,605.23,,
0,bench/30gib-2.bin,85,33554432,524.73,,
0,bench/30gib-2.bin,86,33554432,481.78,,
0,bench/30gib-2.bin,87,33554432,488.83,,
0,bench/30gib-2.bin,88,33554432,541.62,,
0,bench/30gib-2.bin,89,33554432,346.26,,
0,bench/30gib-2.bin,90,33554432,528.50,,
0,bench/30gib-2.bin,91,33554432,342.90,,
0,bench/30gib-2.bin,92,33554432,429.74,,
0,bench/30gib-2.bin,93,33554432,345.14,,
0,bench/30gib-2.bin,94,33554432,478.17,,
0,bench/30gib-2.bin,95,33554432,394.07,,
0,bench/30gib-2.bin,96,33554432,416.66,,
0,bench/30gib-2.bin,97,33554432,364.46,,
0,bench/30gib-2.bin,98,33554432,680.88,,
0,bench/30gib-2.bin,99,33554432,512.78,,
0,bench/30gib-2.bin,100,33554432,537.48,,
0,bench/30gib-2.bin,101,33554432,388.66,,
0,bench/30gib-2.bin,102,33554432,359.49,,
0,bench/30gib-2.bin,103,33554432,594.42,,
0,bench/30gib-2.bin,104,33554432,489.08,,
0,bench/30gib-2.bin,105,33554432,461.53,,
0,bench/30gib-2.bin,106,33554432,443.51,,
0,bench/30gib-2.bin,107,33554432,1018.30,,
0,bench/30gib-2.bin,108,33554432,368.97,,
0,bench/30gib-2.bin,109,33554432,693.17,,
0,bench/30gib-2.bin,110,33554432,346.80,,
0,bench/30gib-2.bin,111,33554432,412.63,,
0,bench/30gib-2.bin,112,33554432,356.95,,
0,bench/30gib-2.bin,113,33554432,390.68,,
0,bench/30gib-2.bin,114,33554432,427.66,,
0,bench/30gib-2.bin,115,33554432,493.64,,
0,bench/30gib-2.bin,116,33554432,364.14,,
0,bench/30gib-2.bin,117,33554432,422.35,,
0,bench/30gib-2.bin,118,33554432,473.64,,
0,bench/30gib-2.bin,119,33554432,341.43,,
0,bench/30gib-2.bin,120,33554432,555.20,,
0,bench/30gib-2.bin,121,33554432,366.29,,
0,bench/30gib-2.bin,122,33554432,420.30,,
0,bench/30gib-2.bin,123,33554432,500.14,,
0,bench/30gib-2.bin,124,33554432,504.51,,
0,bench/30gib-2.bin,125,33554432,345.08,,
0,bench/30gib-2.bin,126,33554432,347.02,,
0,bench/30gib-2.bin,127,33554432,344.38,,
0,bench/30gib-2.bin,128,33554432,401.64,,
0,bench/30gib-2.bin,129,33554432,348.26,,
0,bench/30gib-2.bin,130,33554432,342.18,,
0,bench/30gib-2.bin,131,33554432,356.67,,
0,bench/30gib-2.bin,132,33554432,364.28,,
0,bench/30gib-2.bin,133,33554432,415.06,,
0,bench/30gib-2.bin,134,33554432,342.84,,
0,bench/30gib-2.bin,135,33554432,533.83,,
0,bench/30gib-2.bin,136,33554432,414.10,,
0,bench/30gib-2.bin,137,33554432,440.94,,
0,bench/30gib-2.bin,138,33554432,397.09,,
0,bench/30gib-2.bin,139,33554432,719.63,,
0,bench/30gib-2.bin,140,33554432,498.37,,
0,bench/30gib-2.bin,141,33554432,449.94,,
0,bench/30gib-2.bin,142,33554432,381.21,,
0,bench/30gib-2.bin,143,33554432,340.71,,
0,bench/30gib-2.bin,144,33554432,534.96,,
0,bench/30gib-2.bin,145,33554432,441.29,,
0,bench/30gib-2.bin,146,33554432,499.48,,
0,bench/30gib-2.bin,147,33554432,349.11,,
0,bench/30gib-2.bin,148,33554432,542.31,,
0,bench/30gib-2.bin,149,33554432,454.23,,
0,bench/30gib-2.bin,150,33554432,377.64,,
0,bench/30gib-2.bin,151,33554432,517.49,,
0,bench/30gib-2.bin,152,33554432,354.42,,
0,bench/30gib-2.bin,153,33554432,351.63,,
0,bench/30gib-2.bin,154,33554432,388.24,,
0,bench/30gib-2.bin,155,33554432,420.95,,
0,bench/30gib-2.bin,156,33554432,534.26,,
0,bench/30gib-2.bin,157,33554432,344.94,,
0,bench/30gib-2.bin,158,33554432,456.64,,
0,bench/30gib-2.bin,159,33554432,398.52,,
0,bench/30gib-2.bin,160,33554432,479.25,,
0,bench/30gib-2.bin,161,33554432,342.80,,
0,bench/30gib-2.bin,162,33554432,365.22,,
0,bench/30gib-2.bin,163,33554432,359.23,,
0,bench/30gib-2.bin,164,33554432,388.52,,
0,bench/30gib-2.bin,165,33554432,776.42,,
0,bench/30gib-2.bin,166,33554432,429.82,,
0,bench/30gib-2.bin,167,33554432,414.27,,
0,bench/30gib-2.bin,168,33554432,522.38,,
0,bench/30gib-2.bin,169,33554432,398.09,,
0,bench/30gib-2.bin,170,33554432,413.41,,
0,bench/30gib-2.bin,171,33554432,342.60,,
0,bench/30gib-2.bin,172,33554432,452.68,,
0,bench/30gib-2.bin,173,33554432,501.54,,
0,bench/30gib-2.bin,174,33554432,449.90,,
0,bench/30gib-2.bin,175,33554432,376.70,,
0,bench/30gib-2.bin,176,33554432,450.64,,
0,bench/30gib-2.bin,177,33554432,349.23,,
0,bench/30gib-2.bin,178,33554432,359.76,,
0,bench/30gib-2.bin,179,33554432,389.00,,
0,bench/30gib-2.bin,180,33554432,367.02,,
0,bench/30gib-2.bin,181,33554432,446.73,,
0,bench/30gib-2.bin,182,33554432,365.85,,
0,bench/30gib-2.bin,183,33554432,515.04,,
0,bench/30gib-2.bin,184,33554432,405.58,,
0,bench/30gib-2.bin,185,33554432,363.90,,
0,bench/30gib-2.bin,186,33554432,340.89,,
0,bench/30gib-2.bin,187,33554432,346.19,,
0,bench/30gib-2.bin,188,33554432,508.60,,
0,bench/30gib-2.bin,189,33554432,905.49,,
0,bench/30gib-2.bin,190,33554432,428.63,,
0,bench/30gib-2.bin,191,33554432,437.67,,
0,bench/30gib-2.bin,192,33554432,343.80,,
0,bench/30gib-2.bin,193,33554432,409.22,,
0,bench/30gib-2.bin,194,33554432,342.84,,
0,bench/30gib-2.bin,195,33554432,350.87,,
0,bench/30gib-2.bin,196,33554432,984.92,,
0,bench/30gib-2.bin,197,33554432,351.70,,
0,bench/30gib-2.bin,198,33554432,344.58,,
0,bench/30gib-2.bin,199,33554432,431.28,,
0,bench/30gib-2.bin,200,33554432,456.90,,
0,bench/30gib-2.bin,201,33554432,480.07,,
0,bench/30gib-2.bin,202,33554432,363.58,,
0,bench/30gib-2.bin,203,33554432,410.94,,
0,bench/30gib-2.bin,204,33554432,358.13,,
0,bench/30gib-2.bin,205,33554432,341.54,,
0,bench/30gib-2.bin,206,33554432,495.22,,
0,bench/30gib-2.bin,207,33554432,344.21,,
0,bench/30gib-2.bin,208,33554432,528.60,,
0,bench/30gib-2.bin,209,33554432,483.80,,
0,bench/30gib-2.bin,210,33554432,458.09,,
0,bench/30gib-2.bin,211,33554432,1284.28,,
0,bench/30gib-2.bin,212,33554432,342.14,,
0,bench/30gib-2.bin,213,33554432,343.23,,
0,bench/30gib-2.bin,214,33554432,408.18,,
0,bench/30gib-2.bin,215,33554432,342.46,,
0,bench/30gib-2.bin,216,33554432,345.43,,
0,bench/30gib-2.bin,217,33554432,537.05,,
0,bench/30gib-2.bin,218,33554432,371.49,,
0,bench/30gib-2.bin,219,33554432,362.72,,
0,bench/30gib-2.bin,220,33554432,350.07,,
0,bench/30gib-2.bin,221,33554432,467.89,,
0,bench/30gib-2.bin,222,33554432,411.57,,
0,bench/30gib-2.bin,223,33554432,827.36,,
0,bench/30gib-2.bin,224,33554432,392.38,,
0,bench/30gib-2.bin,225,33554432,483.62,,
0,bench/30gib-2.bin,226,33554432,408.28,,
0,bench/30gib-2.bin,227,33554432,445.65,,
0,bench/30gib-2.bin,228,33554432,363.17,,
0,bench/30gib-2.bin,229,33554432,416.38,,
0,bench/30gib-2.bin,230,33554432,598.73,,
0,bench/30gib-2.bin,231,33554432,463.50,,
0,bench/30gib-2.bin,232,33554432,383.28,,
0,bench/30gib-2.bin,233,33554432,567.50,,
0,bench/30gib-2.bin,234,33554432,349.90,,
0,bench/30gib-2.bin,235,33554432,460.63,,
0,bench/30gib-2.bin,236,33554432,483.77,,
0,bench/30gib-2.bin,237,33554432,358.34,,
0,bench/30gib-2.bin,238,33554432,542.32,,
0,bench/30gib-2.bin,239,33554432,470.25,,
0,bench/30gib-2.bin,240,33554432,559.74,,
0,bench/30gib-2.bin,241,33554432,343.81,,
0,bench/30gib-2.bin,242,33554432,569.81,,
0,bench/30gib-2.bin,243,33554432,356.70,,
0,bench/30gib-2.bin,244,33554432,422.58,,
0,bench/30gib-2.bin,245,33554432,343.66,,
0,bench/30gib-2.bin,246,33554432,346.94,,
0,bench/30gib-2.bin,247,33554432,372.52,,
0,bench/30gib-2.bin,248,33554432,422.60,,
0,bench/30gib-2.bin,249,33554432,340.65,,
0,bench/30gib-2.bin,250,33554432,488.87,,
0,bench/30gib-2.bin,251,33554432,343.75,,
0,bench/30gib-2.bin,252,33554432,402.36,,
0,bench/30gib-2.bin,253,33554432,360.41,,
0,bench/30gib-2.bin,254,33554432,341.04,,
0,bench/30gib-2.bin,255,33554432,619.95,,
0,bench/30gib-2.bin,256,33554432,429.46,,
0,bench/30gib-2.bin,257,33554432,547.05,,
0,bench/30gib-2.bin,258,33554432,516.06,,
0,bench/30gib-2.bin,259,33554432,561.23,,
0,bench/30gib-2.bin,260,33554432,341.04,,
0,bench/30gib-2.bin,261,33554432,400.65,,
0,bench/30gib-2.bin,262,33554432,511.27,,
0,bench/30gib-2.bin,263,33554432,376.73,,
0,bench/30gib-2.bin,264,33554432,363.08,,
0,bench/30gib-2.bin,265,33554432,355.01,,
0,bench/30gib-2.bin,266,33554432,342.75,,
0,bench/30gib-2.bin,267,33554432,344.31,,
0,bench/30gib-2.bin,268,33554432,724.93,,
0,bench/30gib-2.bin,269,33554432,505.44,,
0,bench/30gib-2.bin,270,33554432,1087.65,,
0,bench/30gib-2.bin,271,33554432,341.68,,
0,bench/30gib-2.bin,272,33554432,344.16,,
0,bench/30gib-2.bin,273,33554432,445.95,,
0,bench/30gib-2.bin,274,33554432,353.03,,
0,bench/30gib-2.bin,275,33554432,429.56,,
0,bench/30gib-2.bin,276,33554432,346.33,,
0,bench/30gib-2.bin,277,33554432,407.53,,
0,bench/30gib-2.bin,278,33554432,367.29,,
0,bench/30gib-2.bin,279,33554432,347.01,,
0,bench/30gib-2.bin,280,33554432,375.38,,
0,bench/30gib-2.bin,281,33554432,512.29,,
0,bench/30gib-2.bin,282,33554432,1012.91,,
0,bench/30gib-2.bin,283,33554432,410.30,,
0,bench/30gib-2.bin,284,33554432,348.39,,
0,bench/30gib-2.bin,285,33554432,352.20,,
0,bench/30gib-2.bin,286,33554432,421.46,,
0,bench/30gib-2.bin,287,33554432,385.23,,
0,bench/30gib-2.bin,288,33554432,730.16,,
0,bench/30gib-2.bin,289,33554432,622.61,,
0,bench/30gib-2.bin,290,33554432,1604.59,,
0,bench/30gib-2.bin,291,33554432,358.34,,
0,bench/30gib-2.bin,292,33554432,465.69,,
0,bench/30gib-2.bin,293,33554432,482.14,,
0,bench/30gib-2.bin,294,33554432,348.05,,
0,bench/30gib-2.bin,295,33554432,468.00,,
0,bench/30gib-2.bin,296,33554432,510.69,,
0,bench/30gib-2.bin,297,33554432,341.84,,
0,bench/30gib-2.bin,298,33554432,488.48,,
0,bench/30gib-2.bin,299,33554432,343.31,,
0,bench/30gib-2.bin,300,33554432,381.46,,
0,bench/30gib-2.bin,301,33554432,711.87,,
0,bench/30gib-2.bin,302,33554432,493.57,,
0,bench/30gib-2.bin,303,33554432,375.50,,
0,bench/30gib-2.bin,304,33554432,440.16,,
0,bench/30gib-2.bin,305,33554432,390.14,,
0,bench/30gib-2.bin,306,33554432,394.65,,
0,bench/30gib-2.bin,307,33554432,410.18,,
0,bench/30gib-2.bin,308,33554432,403.44,,
0,bench/30gib-2.bin,309,33554432,438.21,,
0,bench/30gib-2.bin,310,33554432,429.11,,
0,bench/30gib-2.bin,311,33554432,408.66,,
0,bench/30gib-2.bin,312,33554432,348.34,,
0,bench/30gib-2.bin,313,33554432,458.13,,
0,bench/30gib-2.bin,314,33554432,373.37,,
0,bench/30gib-2.bin,315,33554432,341.97,,
0,bench/30gib-2.bin,316,33554432,350.98,,
0,bench/30gib-2.bin,317,33554432,346.50,,
0,bench/30gib-2.bin,318,33554432,421.62,,
0,bench/30gib-2.bin,319,33554432,352.50,,
0,bench/30gib-2.bin,320,33554432,343.62,,
0,bench/30gib-2.bin,321,33554432,600.93,,
0,bench/30gib-2.bin,322,33554432,380.66,,
0,bench/30gib-2.bin,323,33554432,351.32,,
0,bench/30gib-2.bin,324,33554432,368.24,,
0,bench/30gib-2.bin,325,33554432,516.21,,
0,bench/30gib-2.bin,326,33554432,345.14,,
0,bench/30gib-2.bin,327,33554432,423.10,,
0,bench/30gib-2.bin,328,33554432,425.18,,
0,bench/30gib-2.bin,329,33554432,342.50,,
0,bench/30gib-2.bin,330,33554432,428.37,,
0,bench/30gib-2.bin,331,33554432,614.21,,
0,bench/30gib-2.bin,332,33554432,342.98,,
0,bench/30gib-2.bin,333,33554432,346.20,,
0,bench/30gib-2.bin,334,33554432,341.62,,
0,bench/30gib-2.bin,335,33554432,349.73,,
0,bench/30gib-2.bin,336,33554432,354.05,,
0,bench/30gib-2.bin,337,33554432,349.23,,
0,bench/30gib-2.bin,338,33554432,455.16,,
0,bench/30gib-2.bin,339,33554432,356.94,,
0,bench/30gib-2.bin,340,33554432,415.81,,
0,bench/30gib-2.bin,341,33554432,356.72,,
0,bench/30gib-2.bin,342,33554432,432.16,,
0,bench/30gib-2.bin,343,33554432,441.39,,
0,bench/30gib-2.bin,344,33554432,341.74,,
0,bench/30gib-2.bin,345,33554432,556.19,,
0,bench/30gib-2.bin,346,33554432,378.77,,
0,bench/30gib-2.bin,347,33554432,417.84,,
0,bench/30gib-2.bin,348,33554432,411.06,,
0,bench/30gib-2.bin,349,33554432,471.15,,
0,bench/30gib-2.bin,350,33554432,442.13,,
0,bench/30gib-2.bin,351,33554432,459.93,,
0,bench/30gib-2.bin,352,33554432,354.37,,
0,bench/30gib-2.bin,353,33554432,664.44,,
0,bench/30gib-2.bin,354,33554432,503.15,,
0,bench/30gib-2.bin,355,33554432,362.79,,
0,bench/30gib-2.bin,356,33554432,413.88,,
0,bench/30gib-2.bin,357,33554432,405.40,,
0,bench/30gib-2.bin,358,33554432,412.35,,
0,bench/30gib-2.bin,359,33554432,546.46,,
0,bench/30gib-2.bin,360,33554432,367.92,,
0,bench/30gib-2.bin,361,33554432,420.11,,
0,bench/30gib-2.bin,362,33554432,440.58,,
0,bench/30gib-2.bin,363,33554432,380.35,,
0,bench/30gib-2.bin,364,33554432,344.51,,
0,bench/30gib-2.bin,365,33554432,435.84,,
0,bench/30gib-2.bin,366,33554432,371.55,,
0,bench/30gib-2.bin,367,33554432,342.04,,
0,bench/30gib-2.bin,368,33554432,628.68,,
0,bench/30gib-2.bin,369,33554432,343.13,,
0,bench/30gib-2.bin,370,33554432,347.97,,
0,bench/30gib-2.bin,371,33554432,345.95,,
0,bench/30gib-2.bin,372,33554432,525.63,,
0,bench/30gib-2.bin,373,33554432,351.63,,
0,bench/30gib-2.bin,374,33554432,459.95,,
0,bench/30gib-2.bin,375,33554432,364.13,,
0,bench/30gib-2.bin,376,33554432,405.23,,
0,bench/30gib-2.bin,377,33554432,617.55,,
0,bench/30gib-2.bin,378,33554432,389.66,,
0,bench/30gib-2.bin,379,33554432,566.63,,
0,bench/30gib-2.bin,380,33554432,434.60,,
0,bench/30gib-2.bin,381,33554432,340.81,,
0,bench/30gib-2.bin,382,33554432,355.01,,
0,bench/30gib-2.bin,383,33554432,505.50,,
0,bench/30gib-2.bin,384,33554432,391.12,,
0,bench/30gib-2.bin,385,33554432,381.56,,
0,bench/30gib-2.bin,386,33554432,443.59,,
0,bench/30gib-2.bin,387,33554432,568.91,,
0,bench/30gib-2.bin,388,33554432,519.47,,
0,bench/30gib-2.bin,389,33554432,369.34,,
0,bench/30gib-2.bin,390,33554432,347.56,,
0,bench/30gib-2.bin,391,33554432,412.82,,
0,bench/30gib-2.bin,392,33554432,431.31,,
0,bench/30gib-2.bin,393,33554432,430.66,,
0,bench/30gib-2.bin,394,33554432,347.30,,
0,bench/30gib-2.bin,395,33554432,373.46,,
0,bench/30gib-2.bin,396,33554432,442.49,,
0,bench/30gib-2.bin,397,33554432,381.20,,
0,bench/30gib-2.bin,398,33554432,577.07,,
0,bench/30gib-2.bin,399,33554432,446.58,,
0,bench/30gib-2.bin,400,33554432,432.08,,
0,bench/30gib-2.bin,401,33554432,408.11,,
0,bench/30gib-2.bin,402,33554432,359.02,,
0,bench/30gib-2.bin,403,33554432,505.03,,
0,bench/30gib-2.bin,404,33554432,406.33,,
0,bench/30gib-2.bin,405,33554432,353.04,,
0,bench/30gib-2.bin,406,33554432,436.29,,
0,bench/30gib-2.bin,407,33554432,340.98,,
0,bench/30gib-2.bin,408,33554432,347.23,,
0,bench/30gib-2.bin,409,33554432,344.97,,
0,bench/30gib-2.bin,410,33554432,592.66,,
0,bench/30gib-2.bin,411,33554432,1083.57,,
0,bench/30gib-2.bin,412,33554432,455.13,,
0,bench/30gib-2.bin,413,33554432,438.44,,
0,bench/30gib-2.bin,414,33554432,415.62,,
0,bench/30gib-2.bin,415,33554432,348.95,,
0,bench/30gib-2.bin,416,33554432,413.52,,
0,bench/30gib-2.bin,417,33554432,374.71,,
0,bench/30gib-2.bin,418,33554432,344.05,,
0,bench/30gib-2.bin,419,33554432,397.06,,
0,bench/30gib-2.bin,420,33554432,367.16,,
0,bench/30gib-2.bin,421,33554432,344.85,,
0,bench/30gib-2.bin,422,33554432,403.97,,
0,bench/30gib-2.bin,423,33554432,389.35,,
0,bench/30gib-2.bin,424,33554432,494.01,,
0,bench/30gib-2.bin,425,33554432,350.81,,
0,bench/30gib-2.bin,426,33554432,451.35,,
0,bench/30gib-2.bin,427,33554432,498.74,,
0,bench/30gib-2.bin,428,33554432,355.80,,
0,bench/30gib-2.bin,429,33554432,393.45,,
0,bench/30gib-2.bin,430,33554432,652.08,,
0,bench/30gib-2.bin,431,33554432,487.28,,
0,bench/30gib-2.bin,432,33554432,391.76,,
0,bench/30gib-2.bin,433,33554432,443.95,,
0,bench/30gib-2.bin,434,33554432,1496.37,,
0,bench/30gib-2.bin,435,33554432,590.99,,
0,bench/30gib-2.bin,436,33554432,833.75,,
0,bench/30gib-2.bin,437,33554432,473.83,,
0,bench/30gib-2.bin,438,33554432,815.63,,
0,bench/30gib-2.bin,439,33554432,390.36,,
0,bench/30gib-2.bin,440,33554432,469.37,,
0,bench/30gib-2.bin,441,33554432,366.80,,
0,bench/30gib-2.bin,442,33554432,450.40,,
0,bench/30gib-2.bin,443,33554432,349.93,,
0,bench/30gib-2.bin,444,33554432,506.96,,
0,bench/30gib-2.bin,445,33554432,491.27,,
0,bench/30gib-2.bin,446,33554432,346.57,,
0,bench/30gib-2.bin,447,33554432,425.59,,
0,bench/30gib-2.bin,448,33554432,340.96,,
0,bench/30gib-2.bin,449,33554432,478.75,,
0,bench/30gib-2.bin,450,33554432,387.22,,
0,bench/30gib-2.bin,451,33554432,422.04,,
0,bench/30gib-2.bin,452,33554432,344.90,,
0,bench/30gib-2.bin,453,33554432,348.38,,
0,bench/30gib-2.bin,454,33554432,540.02,,
0,bench/30gib-2.bin,455,33554432,395.34,,
0,bench/30gib-2.bin,456,33554432,378.09,,
0,bench/30gib-2.bin,457,33554432,403.17,,
0,bench/30gib-2.bin,458,33554432,372.60,,
0,bench/30gib-2.bin,459,33554432,345.91,,
0,bench/30gib-2.bin,460,33554432,351.04,,
0,bench/30gib-2.bin,461,33554432,457.45,,
0,bench/30gib-2.bin,462,33554432,365.84,,
0,bench/30gib-2.bin,463,33554432,347.44,,
0,bench/30gib-2.bin,464,33554432,447.16,,
0,bench/30gib-2.bin,465,33554432,351.11,,
0,bench/30gib-2.bin,466,33554432,342.98,,
0,bench/30gib-2.bin,467,33554432,844.75,,
0,bench/30gib-2.bin,468,33554432,401.39,,
0,bench/30gib-2.bin,469,33554432,718.60,,
0,bench/30gib-2.bin,470,33554432,368.74,,
0,bench/30gib-2.bin,471,33554432,1179.87,,
0,bench/30gib-2.bin,472,33554432,375.70,,
0,bench/30gib-2.bin,473,33554432,451.15,,
0,bench/30gib-2.bin,474,33554432,405.30,,
0,bench/30gib-2.bin,475,33554432,469.90,,
0,bench/30gib-2.bin,476,33554432,405.31,,
0,bench/30gib-2.bin,477,33554432,437.85,,
0,bench/30gib-2.bin,478,33554432,512.05,,
0,bench/30gib-2.bin,479,33554432,393.31,,
0,bench/30gib-2.bin,480,33554432,370.48,,
0,bench/30gib-2.bin,481,33554432,459.03,,
0,bench/30gib-2.bin,482,33554432,369.71,,
0,bench/30gib-2.bin,483,33554432,429.10,,
0,bench/30gib-2.bin,484,33554432,387.77,,
0,bench/30gib-2.bin,485,33554432,456.01,,
0,bench/30gib-2.bin,486,33554432,675.97,,
0,bench/30gib-2.bin,487,33554432,399.08,,
0,bench/30gib-2.bin,488,33554432,404.75,,
0,bench/30gib-2.bin,489,33554432,526.34,,
0,bench/30gib-2.bin,490,33554432,400.94,,
0,bench/30gib-2.bin,491,33554432,399.68,,
0,bench/30gib-2.bin,492,33554432,339.81,,
0,bench/30gib-2.bin,493,33554432,462.40,,
0,bench/30gib-2.bin,494,33554432,409.64,,
0,bench/30gib-2.bin,495,33554432,375.76,,
0,bench/30gib-2.bin,496,33554432,371.78,,
0,bench/30gib-2.bin,497,33554432,806.93,,
0,bench/30gib-2.bin,498,33554432,401.75,,
0,bench/30gib-2.bin,499,33554432,411.29,,
0,bench/30gib-2.bin,500,33554432,482.72,,
0,bench/30gib-2.bin,501,33554432,419.43,,
0,bench/30gib-2.bin,502,33554432,418.83,,
0,bench/30gib-2.bin,503,33554432,364.35,,
0,bench/30gib-2.bin,504,33554432,408.82,,
0,bench/30gib-2.bin,505,33554432,342.25,,
0,bench/30gib-2.bin,506,33554432,448.31,,
0,bench/30gib-2.bin,507,33554432,387.40,,
0,bench/30gib-2.bin,508,33554432,340.58,,
0,bench/30gib-2.bin,509,33554432,601.94,,
0,bench/30gib-2.bin,510,33554432,381.87,,
0,bench/30gib-2.bin,511,33554432,340.36,,
0,bench/30gib-2.bin,512,33554432,384.82,,
0,bench/30gib-2.bin,513,33554432,352.92,,
0,bench/30gib-2.bin,514,33554432,769.27,,
0,bench/30gib-2.bin,515,33554432,482.80,,
0,bench/30gib-2.bin,516,33554432,411.19,,
0,bench/30gib-2.bin,517,33554432,356.24,,
0,bench/30gib-2.bin,518,33554432,356.56,,
0,bench/30gib-2.bin,519,33554432,457.24,,
0,bench/30gib-2.bin,520,33554432,410.62,,
0,bench/30gib-2.bin,521,33554432,370.28,,
0,bench/30gib-2.bin,522,33554432,343.32,,
0,bench/30gib-2.bin,523,33554432,407.13,,
0,bench/30gib-2.bin,524,33554432,504.43,,
0,bench/30gib-2.bin,525,33554432,366.67,,
0,bench/30gib-2.bin,526,33554432,344.36,,
0,bench/30gib-2.bin,527,33554432,346.92,,
0,bench/30gib-2.bin,528,33554432,358.74,,
0,bench/30gib-2.bin,529,33554432,428.56,,
0,bench/30gib-2.bin,530,33554432,415.57,,
0,bench/30gib-2.bin,531,33554432,471.23,,
0,bench/30gib-2.bin,532,33554432,420.76,,
0,bench/30gib-2.bin,533,33554432,469.21,,
0,bench/30gib-2.bin,534,33554432,458.78,,
0,bench/30gib-2.bin,535,33554432,414.16,,
0,bench/30gib-2.bin,536,33554432,449.24,,
0,bench/30gib-2.bin,537,33554432,346.07,,
0,bench/30gib-2.bin,538,33554432,381.82,,
0,bench/30gib-2.bin,539,33554432,345.32,,
0,bench/30gib-2.bin,540,33554432,344.80,,
0,bench/30gib-2.bin,541,33554432,345.35,,
0,bench/30gib-2.bin,542,33554432,459.63,,
0,bench/30gib-2.bin,543,33554432,512.09,,
0,bench/30gib-2.bin,544,33554432,575.42,,
0,bench/30gib-2.bin,545,33554432,474.94,,
0,bench/30gib-2.bin,546,33554432,406.20,,
0,bench/30gib-2.bin,547,33554432,356.10,,
0,bench/30gib-2.bin,548,33554432,340.52,,
0,bench/30gib-2.bin,549,33554432,537.07,,
0,bench/30gib-2.bin,550,33554432,363.64,,
0,bench/30gib-2.bin,551,33554432,414.24,,
0,bench/30gib-2.bin,552,33554432,538.97,,
0,bench/30gib-2.bin,553,33554432,343.10,,
0,bench/30gib-2.bin,554,33554432,355.10,,
0,bench/30gib-2.bin,555,33554432,408.34,,
0,bench/30gib-2.bin,556,33554432,516.45,,
0,bench/30gib-2.bin,557,33554432,399.27,,
0,bench/30gib-2.bin,558,33554432,515.40,,
0,bench/30gib-2.bin,559,33554432,472.87,,
0,bench/30gib-2.bin,560,33554432,414.47,,
0,bench/30gib-2.bin,561,33554432,413.08,,
0,bench/30gib-2.bin,562,33554432,2250.37,,
0,bench/30gib-2.bin,563,33554432,341.73,,
0,bench/30gib-2.bin,564,33554432,453.07,,
0,bench/30gib-2.bin,565,33554432,522.32,,
0,bench/30gib-2.bin,566,33554432,383.40,,
0,bench/30gib-2.bin,567,33554432,349.87,,
0,bench/30gib-2.bin,568,33554432,368.21,,
0,bench/30gib-2.bin,569,33554432,468.74,,
0,bench/30gib-2.bin,570,33554432,413.60,,
0,bench/30gib-2.bin,571,33554432,440.87,,
0,bench/30gib-2.bin,572,33554432,503.11,,
0,bench/30gib-2.bin,573,33554432,558.27,,
0,bench/30gib-2.bin,574,33554432,434.04,,
0,bench/30gib-2.bin,575,33554432,350.93,,
0,bench/30gib-2.bin,576,33554432,528.37,,
0,bench/30gib-2.bin,577,33554432,442.48,,
0,bench/30gib-2.bin,578,33554432,418.22,,
0,bench/30gib-2.bin,579,33554432,708.45,,
0,bench/30gib-2.bin,580,33554432,342.89,,
0,bench/30gib-2.bin,581,33554432,558.72,,
0,bench/30gib-2.bin,582,33554432,572.78,,
0,bench/30gib-2.bin,583,33554432,345.78,,
0,bench/30gib-2.bin,584,33554432,358.79,,
0,bench/30gib-2.bin,585,33554432,339.81,,
0,bench/30gib-2.bin,586,33554432,410.26,,
0,bench/30gib-2.bin,587,33554432,502.14,,
0,bench/30gib-2.bin,588,33554432,398.23,,
0,bench/30gib-2.bin,589,33554432,511.32,,
0,bench/30gib-2.bin,590,33554432,395.43,,
0,bench/30gib-2.bin,591,33554432,342.21,,
0,bench/30gib-2.bin,592,33554432,349.97,,
0,bench/30gib-2.bin,593,33554432,444.35,,
0,bench/30gib-2.bin,594,33554432,490.38,,
0,bench/30gib-2.bin,595,33554432,383.90,,
0,bench/30gib-2.bin,596,33554432,365.90,,
0,bench/30gib-2.bin,597,33554432,2440.79,,
0,bench/30gib-2.bin,598,33554432,525.70,,
0,bench/30gib-2.bin,599,33554432,631.81,,
0,bench/30gib-2.bin,600,33554432,425.57,,
0,bench/30gib-2.bin,601,33554432,395.04,,
0,bench/30gib-2.bin,602,33554432,362.29,,
0,bench/30gib-2.bin,603,33554432,345.80,,
0,bench/30gib-2.bin,604,33554432,381.23,,
0,bench/30gib-2.bin,605,33554432,497.26,,
0,bench/30gib-2.bin,606,33554432,514.17,,
0,bench/30gib-2.bin,607,33554432,360.23,,
0,bench/30gib-2.bin,608,33554432,473.72,,
0,bench/30gib-2.bin,609,33554432,450.29,,
0,bench/30gib-2.bin,610,33554432,344.20,,
0,bench/30gib-2.bin,611,33554432,847.06,,
0,bench/30gib-2.bin,612,33554432,390.93,,
0,bench/30gib-2.bin,613,33554432,419.26,,
0,bench/30gib-2.bin,614,33554432,374.78,,
0,bench/30gib-2.bin,615,33554432,409.23,,
0,bench/30gib-2.bin,616,33554432,344.91,,
0,bench/30gib-2.bin,617,33554432,343.71,,
0,bench/30gib-2.bin,618,33554432,459.28,,
0,bench/30gib-2.bin,619,33554432,830.68,,
0,bench/30gib-2.bin,620,33554432,342.55,,
0,bench/30gib-2.bin,621,33554432,510.33,,
0,bench/30gib-2.bin,622,33554432,453.26,,
0,bench/30gib-2.bin,623,33554432,405.21,,
0,bench/30gib-2.bin,624,33554432,341.56,,
0,bench/30gib-2.bin,625,33554432,2122.84,,
0,bench/30gib-2.bin,626,33554432,351.49,,
0,bench/30gib-2.bin,627,33554432,441.32,,
0,bench/30gib-2.bin,628,33554432,346.18,,
0,bench/30gib-2.bin,629,33554432,342.73,,
0,bench/30gib-2.bin,630,33554432,459.90,,
0,bench/30gib-2.bin,631,33554432,483.30,,
0,bench/30gib-2.bin,632,33554432,426.33,,
0,bench/30gib-2.bin,633,33554432,347.62,,
0,bench/30gib-2.bin,634,33554432,380.60,,
0,bench/30gib-2.bin,635,33554432,434.49,,
0,bench/30gib-2.bin,636,33554432,382.05,,
0,bench/30gib-2.bin,637,33554432,542.59,,
0,bench/30gib-2.bin,638,33554432,346.60,,
0,bench/30gib-2.bin,639,33554432,557.17,,
0,bench/30gib-2.bin,640,33554432,352.19,,
0,bench/30gib-2.bin,641,33554432,481.86,,
0,bench/30gib-2.bin,642,33554432,339.89,,
0,bench/30gib-2.bin,643,33554432,448.97,,
0,bench/30gib-2.bin,644,33554432,372.96,,
0,bench/30gib-2.bin,645,33554432,362.40,,
0,bench/30gib-2.bin,646,33554432,412.38,,
0,bench/30gib-2.bin,647,33554432,343.59,,
0,bench/30gib-2.bin,648,33554432,520.33,,
0,bench/30gib-2.bin,649,33554432,528.10,,
0,bench/30gib-2.bin,650,33554432,404.10,,
0,bench/30gib-2.bin,651,33554432,349.45,,
0,bench/30gib-2.bin,652,33554432,344.58,,
0,bench/30gib-2.bin,653,33554432,457.21,,
0,bench/30gib-2.bin,654,33554432,343.29,,
0,bench/30gib-2.bin,655,33554432,341.23,,
0,bench/30gib-2.bin,656,33554432,353.17,,
0,bench/30gib-2.bin,657,33554432,460.02,,
0,bench/30gib-2.bin,658,33554432,781.00,,
0,bench/30gib-2.bin,659,33554432,431.31,,
0,bench/30gib-2.bin,660,33554432,424.76,,
0,bench/30gib-2.bin,661,33554432,397.20,,
0,bench/30gib-2.bin,662,33554432,460.07,,
0,bench/30gib-2.bin,663,33554432,488.26,,
0,bench/30gib-2.bin,664,33554432,352.64,,
0,bench/30gib-2.bin,665,33554432,383.81,,
0,bench/30gib-2.bin,666,33554432,412.36,,
0,bench/30gib-2.bin,667,33554432,1430.87,,
0,bench/30gib-2.bin,668,33554432,364.06,,
0,bench/30gib-2.bin,669,33554432,372.61,,
0,bench/30gib-2.bin,670,33554432,345.39,,
0,bench/30gib-2.bin,671,33554432,376.10,,
0,bench/30gib-2.bin,672,33554432,452.07,,
0,bench/30gib-2.bin,673,33554432,345.17,,
0,bench/30gib-2.bin,674,33554432,418.76,,
0,bench/30gib-2.bin,675,33554432,345.64,,
0,bench/30gib-2.bin,676,33554432,366.16,,
0,bench/30gib-2.bin,677,33554432,346.84,,
0,bench/30gib-2.bin,678,33554432,365.06,,
0,bench/30gib-2.bin,679,33554432,475.60,,
0,bench/30gib-2.bin,680,33554432,345.90,,
0,bench/30gib-2.bin,681,33554432,406.07,,
0,bench/30gib-2.bin,682,33554432,382.53,,
0,bench/30gib-2.bin,683,33554432,364.25,,
0,bench/30gib-2.bin,684,33554432,533.35,,
0,bench/30gib-2.bin,685,33554432,358.15,,
0,bench/30gib-2.bin,686,33554432,347.84,,
0,bench/30gib-2.bin,687,33554432,340.31,,
0,bench/30gib-2.bin,688,33554432,347.91,,
0,bench/30gib-2.bin,689,33554432,447.31,,
0,bench/30gib-2.bin,690,33554432,420.38,,
0,bench/30gib-2.bin,691,33554432,342.16,,
0,bench/30gib-2.bin,692,33554432,499.54,,
0,bench/30gib-2.bin,693,33554432,342.35,,
0,bench/30gib-2.bin,694,33554432,359.99,,
0,bench/30gib-2.bin,695,33554432,517.95,,
0,bench/30gib-2.bin,696,33554432,348.76,,
0,bench/30gib-2.bin,697,33554432,422.86,,
0,bench/30gib-2.bin,698,33554432,461.11,,
0,bench/30gib-2.bin,699,33554432,468.34,,
0,bench/30gib-2.bin,700,33554432,357.14,,
0,bench/30gib-2.bin,701,33554432,472.10,,
0,bench/30gib-2.bin,702,33554432,414.77,,
0,bench/30gib-2.bin,703,33554432,512.98,,
0,bench/30gib-2.bin,704,33554432,350.18,,
0,bench/30gib-2.bin,705,33554432,400.14,,
0,bench/30gib-2.bin,706,33554432,650.42,,
0,bench/30gib-2.bin,707,33554432,362.85,,
0,bench/30gib-2.bin,708,33554432,583.56,,
0,bench/30gib-2.bin,709,33554432,427.26,,
0,bench/30gib-2.bin,710,33554432,430.34,,
0,bench/30gib-2.bin,711,33554432,433.27,,
0,bench/30gib-2.bin,712,33554432,540.20,,
0,bench/30gib-2.bin,713,33554432,357.66,,
0,bench/30gib-2.bin,714,33554432,343.19,,
0,bench/30gib-2.bin,715,33554432,340.04,,
0,bench/30gib-2.bin,716,33554432,345.00,,
0,bench/30gib-2.bin,717,33554432,368.57,,
0,bench/30gib-2.bin,718,33554432,370.87,,
0,bench/30gib-2.bin,719,33554432,492.80,,
0,bench/30gib-2.bin,720,33554432,341.41,,
0,bench/30gib-2.bin,721,33554432,345.73,,
0,bench/30gib-2.bin,722,33554432,429.20,,
0,bench/30gib-2.bin,723,33554432,449.52,,
0,bench/30gib-2.bin,724,33554432,485.81,,
0,bench/30gib-2.bin,725,33554432,342.05,,
0,bench/30gib-2.bin,726,33554432,417.82,,
0,bench/30gib-2.bin,727,33554432,386.11,,
0,bench/30gib-2.bin,728,33554432,433.41,,
0,bench/30gib-2.bin,729,33554432,386.44,,
0,bench/30gib-2.bin,730,33554432,397.74,,
0,bench/30gib-2.bin,731,33554432,483.24,,
0,bench/30gib-2.bin,732,33554432,659.19,,
0,bench/30gib-2.bin,733,33554432,424.55,,
0,bench/30gib-2.bin,734,33554432,420.30,,
0,bench/30gib-2.bin,735,33554432,420.48,,
0,bench/30gib-2.bin,736,33554432,550.65,,
0,bench/30gib-2.bin,737,33554432,343.13,,
0,bench/30gib-2.bin,738,33554432,400.59,,
0,bench/30gib-2.bin,739,33554432,504.43,,
0,bench/30gib-2.bin,740,33554432,631.92,,
0,bench/30gib-2.bin,741,33554432,427.39,,
0,bench/30gib-2.bin,742,33554432,558.66,,
0,bench/30gib-2.bin,743,33554432,453.02,,
0,bench/30gib-2.bin,744,33554432,367.53,,
0,bench/30gib-2.bin,745,33554432,346.22,,
0,bench/30gib-2.bin,746,33554432,426.95,,
0,bench/30gib-2.bin,747,33554432,354.92,,
0,bench/30gib-2.bin,748,33554432,429.29,,
0,bench/30gib-2.bin,749,33554432,543.99,,
0,bench/30gib-2.bin,750,33554432,384.61,,
0,bench/30gib-2.bin,751,33554432,384.10,,
0,bench/30gib-2.bin,752,33554432,343.40,,
0,bench/30gib-2.bin,753,33554432,497.90,,
0,bench/30gib-2.bin,754,33554432,568.09,,
0,bench/30gib-2.bin,755,33554432,613.49,,
0,bench/30gib-2.bin,756,33554432,577.01,,
0,bench/30gib-2.bin,757,33554432,341.89,,
0,bench/30gib-2.bin,758,33554432,1216.42,,
0,bench/30gib-2.bin,759,33554432,348.54,,
0,bench/30gib-2.bin,760,33554432,374.82,,
0,bench/30gib-2.bin,761,33554432,2855.79,,
0,bench/30gib-2.bin,762,33554432,400.86,,
0,bench/30gib-2.bin,763,33554432,343.84,,
0,bench/30gib-2.bin,764,33554432,352.14,,
0,bench/30gib-2.bin,765,33554432,369.74,,
0,bench/30gib-2.bin,766,33554432,446.17,,
0,bench/30gib-2.bin,767,33554432,720.12,,
0,bench/30gib-2.bin,768,33554432,367.72,,
0,bench/30gib-2.bin,769,33554432,361.65,,
0,bench/30gib-2.bin,770,33554432,554.81,,
0,bench/30gib-2.bin,771,33554432,349.99,,
0,bench/30gib-2.bin,772,33554432,666.82,,
0,bench/30gib-2.bin,773,33554432,375.20,,
0,bench/30gib-2.bin,774,33554432,349.12,,
0,bench/30gib-2.bin,775,33554432,515.58,,
0,bench/30gib-2.bin,776,33554432,420.32,,
0,bench/30gib-2.bin,777,33554432,576.80,,
0,bench/30gib-2.bin,778,33554432,369.81,,
0,bench/30gib-2.bin,779,33554432,343.61,,
0,bench/30gib-2.bin,780,33554432,1065.34,,
0,bench/30gib-2.bin,781,33554432,412.52,,
0,bench/30gib-2.bin,782,33554432,402.71,,
0,bench/30gib-2.bin,783,33554432,358.87,,
0,bench/30gib-2.bin,784,33554432,481.09,,
0,bench/30gib-2.bin,785,33554432,550.23,,
0,bench/30gib-2.bin,786,33554432,498.85,,
0,bench/30gib-2.bin,787,33554432,548.26,,
0,bench/30gib-2.bin,788,33554432,559.68,,
0,bench/30gib-2.bin,789,33554432,411.23,,
0,bench/30gib-2.bin,790,33554432,375.88,,
0,bench/30gib-2.bin,791,33554432,381.84,,
0,bench/30gib-2.bin,792,33554432,558.08,,
0,bench/30gib-2.bin,793,33554432,380.43,,
0,bench/30gib-2.bin,794,33554432,342.25,,
0,bench/30gib-2.bin,795,33554432,383.37,,
0,bench/30gib-2.bin,796,33554432,341.19,,
0,bench/30gib-2.bin,797,33554432,499.87,,
0,bench/30gib-2.bin,798,33554432,429.76,,
0,bench/30gib-2.bin,799,33554432,679.56,,
0,bench/30gib-2.bin,800,33554432,427.79,,
0,bench/30gib-2.bin,801,33554432,346.25,,
0,bench/30gib-2.bin,802,33554432,496.25,,
0,bench/30gib-2.bin,803,33554432,548.93,,
0,bench/30gib-2.bin,804,33554432,471.51,,
0,bench/30gib-2.bin,805,33554432,345.44,,
0,bench/30gib-2.bin,806,33554432,525.41,,
0,bench/30gib-2.bin,807,33554432,341.80,,
0,bench/30gib-2.bin,808,33554432,963.33,,
0,bench/30gib-2.bin,809,33554432,393.41,,
0,bench/30gib-2.bin,810,33554432,439.87,,
0,bench/30gib-2.bin,811,33554432,457.53,,
0,bench/30gib-2.bin,812,33554432,344.47,,
0,bench/30gib-2.bin,813,33554432,349.26,,
0,bench/30gib-2.bin,814,33554432,434.04,,
0,bench/30gib-2.bin,815,33554432,462.90,,
0,bench/30gib-2.bin,816,33554432,524.61,,
0,bench/30gib-2.bin,817,33554432,346.20,,
0,bench/30gib-2.bin,818,33554432,817.23,,
0,bench/30gib-2.bin,819,33554432,386.26,,
0,bench/30gib-2.bin,820,33554432,392.29,,
0,bench/30gib-2.bin,821,33554432,853.63,,
0,bench/30gib-2.bin,822,33554432,764.91,,
0,bench/30gib-2.bin,823,33554432,342.99,,
0,bench/30gib-2.bin,824,33554432,379.97,,
0,bench/30gib-2.bin,825,33554432,356.84,,
0,bench/30gib-2.bin,826,33554432,603.48,,
0,bench/30gib-2.bin,827,33554432,350.52,,
0,bench/30gib-2.bin,828,33554432,503.08,,
0,bench/30gib-2.bin,829,33554432,467.49,,
0,bench/30gib-2.bin,830,33554432,341.03,,
0,bench/30gib-2.bin,831,33554432,456.21,,
0,bench/30gib-2.bin,832,33554432,418.34,,
0,bench/30gib-2.bin,833,33554432,524.73,,
0,bench/30gib-2.bin,834,33554432,573.77,,
0,bench/30gib-2.bin,835,33554432,392.72,,
0,bench/30gib-2.bin,836,33554432,427.83,,
0,bench/30gib-2.bin,837,33554432,341.97,,
0,bench/30gib-2.bin,838,33554432,344.73,,
0,bench/30gib-2.bin,839,33554432,491.59,,
0,bench/30gib-2.bin,840,33554432,343.11,,
0,bench/30gib-2.bin,841,33554432,366.38,,
0,bench/30gib-2.bin,842,33554432,393.23,,
0,bench/30gib-2.bin,843,33554432,548.01,,
0,bench/30gib-2.bin,844,33554432,392.97,,
0,bench/30gib-2.bin,845,33554432,388.27,,
0,bench/30gib-2.bin,846,33554432,566.34,,
0,bench/30gib-2.bin,847,33554432,623.36,,
0,bench/30gib-2.bin,848,33554432,341.71,,
0,bench/30gib-2.bin,849,33554432,360.73,,
0,bench/30gib-2.bin,850,33554432,346.47,,
0,bench/30gib-2.bin,851,33554432,401.06,,
0,bench/30gib-2.bin,852,33554432,576.25,,
0,bench/30gib-2.bin,853,33554432,357.80,,
0,bench/30gib-2.bin,854,33554432,456.33,,
0,bench/30gib-2.bin,855,33554432,429.45,,
0,bench/30gib-2.bin,856,33554432,350.62,,
0,bench/30gib-2.bin,857,33554432,437.09,,
0,bench/30gib-2.bin,858,33554432,352.60,,
0,bench/30gib-2.bin,859,33554432,612.98,,
0,bench/30gib-2.bin,860,33554432,520.99,,
0,bench/30gib-2.bin,861,33554432,516.49,,
0,bench/30gib-2.bin,862,33554432,344.06,,
0,bench/30gib-2.bin,863,33554432,537.27,,
0,bench/30gib-2.bin,864,33554432,342.21,,
0,bench/30gib-2.bin,865,33554432,364.48,,
0,bench/30gib-2.bin,866,33554432,425.06,,
0,bench/30gib-2.bin,867,33554432,453.14,,
0,bench/30gib-2.bin,868,33554432,359.11,,
0,bench/30gib-2.bin,869,33554432,346.57,,
0,bench/30gib-2.bin,870,33554432,834.74,,
0,bench/30gib-2.bin,871,33554432,365.88,,
0,bench/30gib-2.bin,872,33554432,463.59,,
0,bench/30gib-2.bin,873,33554432,491.50,,
0,bench/30gib-2.bin,874,33554432,373.43,,
0,bench/30gib-2.bin,875,33554432,441.73,,
0,bench/30gib-2.bin,876,33554432,349.92,,
0,bench/30gib-2.bin,877,33554432,414.11,,
0,bench/30gib-2.bin,878,33554432,398.93,,
0,bench/30gib-2.bin,879,33554432,452.17,,
0,bench/30gib-2.bin,880,33554432,385.13,,
0,bench/30gib-2.bin,881,33554432,471.03,,
0,bench/30gib-2.bin,882,33554432,405.24,,
0,bench/30gib-2.bin,883,33554432,482.05,,
0,bench/30gib-2.bin,884,33554432,393.58,,
0,bench/30gib-2.bin,885,33554432,377.53,,
0,bench/30gib-2.bin,886,33554432,467.58,,
0,bench/30gib-2.bin,887,33554432,352.30,,
0,bench/30gib-2.bin,888,33554432,440.66,,
0,bench/30gib-2.bin,889,33554432,584.40,,
0,bench/30gib-2.bin,890,33554432,591.74,,
0,bench/30gib-2.bin,891,33554432,405.28,,
0,bench/30gib-2.bin,892,33554432,397.63,,
0,bench/30gib-2.bin,893,33554432,430.43,,
0,bench/30gib-2.bin,894,33554432,584.46,,
0,bench/30gib-2.bin,895,33554432,415.81,,
0,bench/30gib-2.bin,896,33554432,744.05,,
0,bench/30gib-2.bin,897,33554432,422.29,,
0,bench/30gib-2.bin,898,33554432,379.82,,
0,bench/30gib-2.bin,899,33554432,359.30,,
0,bench/30gib-2.bin,900,33554432,498.68,,
0,bench/30gib-2.bin,901,33554432,447.44,,
0,bench/30gib-2.bin,902,33554432,854.87,,
0,bench/30gib-2.bin,903,33554432,898.87,,
0,bench/30gib-2.bin,904,33554432,367.80,,
0,bench/30gib-2.bin,905,33554432,468.33,,
0,bench/30gib-2.bin,906,33554432,946.31,,
0,bench/30gib-2.bin,907,33554432,440.72,,
0,bench/30gib-2.bin,908,33554432,355.33,,
0,bench/30gib-2.bin,909,33554432,437.36,,
0,bench/30gib-2.bin,910,33554432,548.02,,
0,bench/30gib-2.bin,911,33554432,343.01,,
0,bench/30gib-2.bin,912,33554432,459.03,,
0,bench/30gib-2.bin,913,33554432,435.23,,
0,bench/30gib-2.bin,914,33554432,362.49,,
0,bench/30gib-2.bin,915,33554432,463.55,,
0,bench/30gib-2.bin,916,33554432,430.50,,
0,bench/30gib-2.bin,917,33554432,388.58,,
0,bench/30gib-2.bin,918,33554432,431.29,,
0,bench/30gib-2.bin,919,33554432,463.88,,
0,bench/30gib-2.bin,920,33554432,371.02,,
0,bench/30gib-2.bin,921,33554432,521.30,,
0,bench/30gib-2.bin,922,33554432,397.96,,
0,bench/30gib-2.bin,923,33554432,479.67,,
0,bench/30gib-2.bin,924,33554432,350.92,,
0,bench/30gib-2.bin,925,33554432,345.34,,
0,bench/30gib-2.bin,926,33554432,680.23,,
0,bench/30gib-2.bin,927,33554432,482.62,,
0,bench/30gib-2.bin,928,33554432,494.12,,
0,bench/30gib-2.bin,929,33554432,825.69,,
0,bench/30gib-2.bin,930,33554432,345.93,,
0,bench/30gib-2.bin,931,33554432,367.67,,
0,bench/30gib-2.bin,932,33554432,344.23,,
0,bench/30gib-2.bin,933,33554432,493.42,,
0,bench/30gib-2.bin,934,33554432,340.52,,
0,bench/30gib-2.bin,935,33554432,503.59,,
0,bench/30gib-2.bin,936,33554432,418.30,,
0,bench/30gib-2.bin,937,33554432,351.77,,
0,bench/30gib-2.bin,938,33554432,342.10,,
0,bench/30gib-2.bin,939,33554432,393.17,,
0,bench/30gib-2.bin,940,33554432,375.68,,
0,bench/30gib-2.bin,941,33554432,409.12,,
0,bench/30gib-2.bin,942,33554432,401.98,,
0,bench/30gib-2.bin,943,33554432,962.11,,
0,bench/30gib-2.bin,944,33554432,519.66,,
0,bench/30gib-2.bin,945,33554432,349.04,,
0,bench/30gib-2.bin,946,33554432,519.94,,
0,bench/30gib-2.bin,947,33554432,781.59,,
0,bench/30gib-2.bin,948,33554432,793.16,,
0,bench/30gib-2.bin,949,33554432,350.87,,
0,bench/30gib-2.bin,950,33554432,349.69,,
0,bench/30gib-2.bin,951,33554432,460.79,,
0,bench/30gib-2.bin,952,33554432,477.79,,
0,bench/30gib-2.bin,953,33554432,473.84,,
0,bench/30gib-2.bin,954,33554432,389.79,,
0,bench/30gib-2.bin,955,33554432,384.04,,
0,bench/30gib-2.bin,956,33554432,625.37,,
0,bench/30gib-2.bin,957,33554432,347.58,,
0,bench/30gib-2.bin,958,33554432,384.92,,
0,bench/30gib-2.bin,959,33554432,630.74,,
0,bench/30gib-2.bin,960,33554432,342.92,,
0,bench/30gib-3.bin,1,33554432,1390.77,,
0,bench/30gib-3.bin,2,33554432,1244.22,,
0,bench/30gib-3.bin,3,33554432,1606.51,,
0,bench/30gib-3.bin,4,33554432,1499.07,,
0,bench/30gib-3.bin,5,33554432,2013.63,,
0,bench/30gib-3.bin,6,33554432,1530.55,,
0,bench/30gib-3.bin,7,33554432,1939.66,,
0,bench/30gib-3.bin,8,33554432,1786.66,,
0,bench/30gib-3.bin,9,33554432,1712.75,,
0,bench/30gib-3.bin,10,33554432,1043.23,,
0,bench/30gib-3.bin,11,33554432,1008.77,,
0,bench/30gib-3.bin,12,33554432,833.79,,
0,bench/30gib-3.bin,13,33554432,1785.88,,
0,bench/30gib-3.bin,14,33554432,1134.83,,
0,bench/30gib-3.bin,15,33554432,1144.89,,
0,bench/30gib-3.bin,16,33554432,1318.49,,
0,bench/30gib-3.bin,17,33554432,1348.00,,
0,bench/30gib-3.bin,18,33554432,680.43,,
0,bench/30gib-3.bin,19,33554432,1166.17,,
0,bench/30gib-3.bin,20,33554432,1995.76,,
0,bench/30gib-3.bin,21,33554432,1870.79,,
0,bench/30gib-3.bin,22,33554432,1515.47,,
0,bench/30gib-3.bin,23,33554432,2352.51,,
0,bench/30gib-3.bin,24,33554432,1447.08,,
0,bench/30gib-3.bin,25,33554432,1655.09,,
0,bench/30gib-3.bin,26,33554432,601.35,,
0,bench/30gib-3.bin,27,33554432,801.42,,
0,bench/30gib-3.bin,28,33554432,876.83,,
0,bench/30gib-3.bin,29,33554432,880.09,,
0,bench/30gib-3.bin,30,33554432,568.99,,
0,bench/30gib-3.bin,31,33554432,647.75,,
0,bench/30gib-3.bin,32,33554432,660.59,,
0,bench/30gib-3.bin,33,33554432,522.28,,
0,bench/30gib-3.bin,34,33554432,526.46,,
0,bench/30gib-3.bin,35,33554432,1075.17,,
0,bench/30gib-3.bin,36,33554432,910.77,,
0,bench/30gib-3.bin,37,33554432,357.03,,
0,bench/30gib-3.bin,38,33554432,450.63,,
0,bench/30gib-3.bin,39,33554432,856.50,,
0,bench/30gib-3.bin,40,33554432,814.26,,
0,bench/30gib-3.bin,41,33554432,572.47,,
0,bench/30gib-3.bin,42,33554432,630.53,,
0,bench/30gib-3.bin,43,33554432,343.70,,
0,bench/30gib-3.bin,44,33554432,343.33,,
0,bench/30gib-3.bin,45,33554432,634.16,,
0,bench/30gib-3.bin,46,33554432,648.91,,
0,bench/30gib-3.bin,47,33554432,781.55,,
0,bench/30gib-3.bin,48,33554432,551.13,,
0,bench/30gib-3.bin,49,33554432,599.61,,
0,bench/30gib-3.bin,50,33554432,546.37,,
0,bench/30gib-3.bin,51,33554432,395.17,,
0,bench/30gib-3.bin,52,33554432,612.22,,
0,bench/30gib-3.bin,53,33554432,576.93,,
0,bench/30gib-3.bin,54,33554432,812.31,,
0,bench/30gib-3.bin,55,33554432,557.32,,
0,bench/30gib-3.bin,56,33554432,416.79,,
0,bench/30gib-3.bin,57,33554432,563.07,,
0,bench/30gib-3.bin,58,33554432,463.52,,
0,bench/30gib-3.bin,59,33554432,524.74,,
0,bench/30gib-3.bin,60,33554432,376.64,,
0,bench/30gib-3.bin,61,33554432,491.99,,
0,bench/30gib-3.bin,62,33554432,435.18,,
0,bench/30gib-3.bin,63,33554432,400.07,,
0,bench/30gib-3.bin,64,33554432,603.10,,
0,bench/30gib-3.bin,65,33554432,581.20,,
0,bench/30gib-3.bin,66,33554432,706.98,,
0,bench/30gib-3.bin,67,33554432,509.51,,
0,bench/30gib-3.bin,68,33554432,534.87,,
0,bench/30gib-3.bin,69,33554432,357.34,,
0,bench/30gib-3.bin,70,33554432,390.22,,
0,bench/30gib-3.bin,71,33554432,740.02,,
0,bench/30gib-3.bin,72,33554432,539.02,,
0,bench/30gib-3.bin,73,33554432,504.70,,
0,bench/30gib-3.bin,74,33554432,459.30,,
0,bench/30gib-3.bin,75,33554432,413.83,,
0,bench/30gib-3.bin,76,33554432,531.34,,
0,bench/30gib-3.bin,77,33554432,531.49,,
0,bench/30gib-3.bin,78,33554432,439.60,,
0,bench/30gib-3.bin,79,33554432,459.69,,
0,bench/30gib-3.bin,80,33554432,412.35,,
0,bench/30gib-3.bin,81,33554432,340.15,,
0,bench/30gib-3.bin,82,33554432,392.29,,
0,bench/30gib-3.bin,83,33554432,541.10,,
0,bench/30gib-3.bin,84,33554432,590.87,,
0,bench/30gib-3.bin,85,33554432,420.97,,
0,bench/30gib-3.bin,86,33554432,427.41,,
0,bench/30gib-3.bin,87,33554432,471.15,,
0,bench/30gib-3.bin,88,33554432,439.82,,
0,bench/30gib-3.bin,89,33554432,367.77,,
0,bench/30gib-3.bin,90,33554432,438.09,,
0,bench/30gib-3.bin,91,33554432,428.90,,
0,bench/30gib-3.bin,92,33554432,421.84,,
0,bench/30gib-3.bin,93,33554432,516.93,,
0,bench/30gib-3.bin,94,33554432,426.27,,
0,bench/30gib-3.bin,95,33554432,371.11,,
0,bench/30gib-3.bin,96,33554432,423.10,,
0,bench/30gib-3.bin,97,33554432,343.99,,
0,bench/30gib-3.bin,98,33554432,610.43,,
0,bench/30gib-3.bin,99,33554432,356.58,,
0,bench/30gib-3.bin,100,33554432,527.77,,
0,bench/30gib-3.bin,101,33554432,504.80,,
0,bench/30gib-3.bin,102,33554432,1000.26,,
0,bench/30gib-3.bin,103,33554432,349.65,,
0,bench/30gib-3.bin,104,33554432,406.22,,
0,bench/30gib-3.bin,105,33554432,618.13,,
0,bench/30gib-3.bin,106,33554432,385.92,,
0,bench/30gib-3.bin,107,33554432,669.44,,
0,bench/30gib-3.bin,108,33554432,388.20,,
0,bench/30gib-3.bin,109,33554432,347.90,,
0,bench/30gib-3.bin,110,33554432,351.78,,
0,bench/30gib-3.bin,111,33554432,386.74,,
0,bench/30gib-3.bin,112,33554432,687.79,,
0,bench/30gib-3.bin,113,33554432,381.38,,
0,bench/30gib-3.bin,114,33554432,386.99,,
0,bench/30gib-3.bin,115,33554432,371.96,,
0,bench/30gib-3.bin,116,33554432,492.64,,
0,bench/30gib-3.bin,117,33554432,368.04,,
0,bench/30gib-3.bin,118,33554432,342.17,,
0,bench/30gib-3.bin,119,33554432,568.50,,
0,bench/30gib-3.bin,120,33554432,350.56,,
0,bench/30gib-3.bin,121,33554432,516.00,,
0,bench/30gib-3.bin,122,33554432,1001.44,,
0,bench/30gib-3.bin,123,33554432,445.15,,
0,bench/30gib-3.bin,124,33554432,429.63,,
0,bench/30gib-3.bin,125,33554432,406.13,,
0,bench/30gib-3.bin,126,33554432,475.22,,
0,bench/30gib-3.bin,127,33554432,583.72,,
0,bench/30gib-3.bin,128,33554432,343.75,,
0,bench/30gib-3.bin,129,33554432,350.97,,
0,bench/30gib-3.bin,130,33554432,379.25,,
0,bench/30gib-3.bin,131,33554432,468.09,,
0,bench/30gib-3.bin,132,33554432,467.44,,
0,bench/30gib-3.bin,133,33554432,389.06,,
0,bench/30gib-3.bin,134,33554432,374.76,,
0,bench/30gib-3.bin,135,33554432,413.66,,
0,bench/30gib-3.bin,136,33554432,568.69,,
0,bench/30gib-3.bin,137,33554432,349.45,,
0,bench/30gib-3.bin,138,33554432,362.85,,
0,bench/30gib-3.bin,139,33554432,576.18,,
0,bench/30gib-3.bin,140,33554432,388.37,,
0,bench/30gib-3.bin,141,33554432,352.47,,
0,bench/30gib-3.bin,142,33554432,344.76,,
0,bench/30gib-3.bin,143,33554432,414.08,,
0,bench/30gib-3.bin,144,33554432,492.71,,
0,bench/30gib-3.bin,145,33554432,431.54,,
0,bench/30gib-3.bin,146,33554432,535.72,,
0,bench/30gib-3.bin,147,33554432,390.08,,
0,bench/30gib-3.bin,148,33554432,356.71,,
0,bench/30gib-3.bin,149,33554432,348.20,,
0,bench/30gib-3.bin,150,33554432,431.94,,
0,bench/30gib-3.bin,151,33554432,356.42,,
0,bench/30gib-3.bin,152,33554432,345.96,,
0,bench/30gib-3.bin,153,33554432,340.15,,
0,bench/30gib-3.bin,154,33554432,393.41,,
0,bench/30gib-3.bin,155,33554432,393.95,,
0,bench/30gib-3.bin,156,33554432,415.65,,
0,bench/30gib-3.bin,157,33554432,406.08,,
0,bench/30gib-3.bin,158,33554432,341.58,,
0,bench/30gib-3.bin,159,33554432,585.05,,
0,bench/30gib-3.bin,160,33554432,372.02,,
0,bench/30gib-3.bin,161,33554432,358.86,,
0,bench/30gib-3.bin,162,33554432,355.47,,
0,bench/30gib-3.bin,163,33554432,374.22,,
0,bench/30gib-3.bin,164,33554432,364.85,,
0,bench/30gib-3.bin,165,33554432,391.30,,
0,bench/30gib-3.bin,166,33554432,463.59,,
0,bench/30gib-3.bin,167,33554432,476.72,,
0,bench/30gib-3.bin,168,33554432,342.83,,
0,bench/30gib-3.bin,169,33554432,437.09,,
0,bench/30gib-3.bin,170,33554432,470.95,,
0,bench/30gib-3.bin,171,33554432,375.04,,
0,bench/30gib-3.bin,172,33554432,457.43,,
0,bench/30gib-3.bin,173,33554432,358.36,,
0,bench/30gib-3.bin,174,33554432,438.05,,
0,bench/30gib-3.bin,175,33554432,449.45,,
0,bench/30gib-3.bin,176,33554432,382.33,,
0,bench/30gib-3.bin,177,33554432,429.48,,
0,bench/30gib-3.bin,178,33554432,676.38,,
0,bench/30gib-3.bin,179,33554432,481.27,,
0,bench/30gib-3.bin,180,33554432,358.59,,
0,bench/30gib-3.bin,181,33554432,451.74,,
0,bench/30gib-3.bin,182,33554432,349.09,,
0,bench/30gib-3.bin,183,33554432,467.77,,
0,bench/30gib-3.bin,184,33554432,345.09,,
0,bench/30gib-3.bin,185,33554432,381.50,,
0,bench/30gib-3.bin,186,33554432,345.53,,
0,bench/30gib-3.bin,187,33554432,400.16,,
0,bench/30gib-3.bin,188,33554432,357.58,,
0,bench/30gib-3.bin,189,33554432,521.22,,
0,bench/30gib-3.bin,190,33554432,347.35,,
0,bench/30gib-3.bin,191,33554432,421.71,,
0,bench/30gib-3.bin,192,33554432,403.89,,
0,bench/30gib-3.bin,193,33554432,375.69,,
0,bench/30gib-3.bin,194,33554432,417.86,,
0,bench/30gib-3.bin,195,33554432,385.35,,
0,bench/30gib-3.bin,196,33554432,478.96,,
0,bench/30gib-3.bin,197,33554432,384.50,,
0,bench/30gib-3.bin,198,33554432,401.42,,
0,bench/30gib-3.bin,199,33554432,371.63,,
0,bench/30gib-3.bin,200,33554432,489.93,,
0,bench/30gib-3.bin,201,33554432,505.23,,
0,bench/30gib-3.bin,202,33554432,415.38,,
0,bench/30gib-3.bin,203,33554432,551.12,,
0,bench/30gib-3.bin,204,33554432,552.39,,
0,bench/30gib-3.bin,205,33554432,420.33,,
0,bench/30gib-3.bin,206,33554432,411.91,,
0,bench/30gib-3.bin,207,33554432,354.78,,
0,bench/30gib-3.bin,208,33554432,402.84,,
0,bench/30gib-3.bin,209,33554432,348.83,,
0,bench/30gib-3.bin,210,33554432,362.32,,
0,bench/30gib-3.bin,211,33554432,432.51,,
0,bench/30gib-3.bin,212,33554432,491.06,,
0,bench/30gib-3.bin,213,33554432,358.48,,
0,bench/30gib-3.bin,214,33554432,1493.68,,
0,bench/30gib-3.bin,215,33554432,468.33,,
0,bench/30gib-3.bin,216,33554432,825.95,,
0,bench/30gib-3.bin,217,33554432,379.10,,
0,bench/30gib-3.bin,218,33554432,394.56,,
0,bench/30gib-3.bin,219,33554432,345.56,,
0,bench/30gib-3.bin,220,33554432,393.78,,
0,bench/30gib-3.bin,221,33554432,378.60,,
0,bench/30gib-3.bin,222,33554432,378.13,,
0,bench/30gib-3.bin,223,33554432,387.85,,
0,bench/30gib-3.bin,224,33554432,340.97,,
0,bench/30gib-3.bin,225,33554432,613.32,,
0,bench/30gib-3.bin,226,33554432,342.59,,
0,bench/30gib-3.bin,227,33554432,340.41,,
0,bench/30gib-3.bin,228,33554432,343.30,,
0,bench/30gib-3.bin,229,33554432,346.12,,
0,bench/30gib-3.bin,230,33554432,339.94,,
0,bench/30gib-3.bin,231,33554432,437.15,,
0,bench/30gib-3.bin,232,33554432,566.45,,
0,bench/30gib-3.bin,233,33554432,436.16,,
0,bench/30gib-3.bin,234,33554432,722.94,,
0,bench/30gib-3.bin,235,33554432,371.89,,
0,bench/30gib-3.bin,236,33554432,637.25,,
0,bench/30gib-3.bin,237,33554432,535.19,,
0,bench/30gib-3.bin,238,33554432,346.00,,
0,bench/30gib-3.bin,239,33554432,374.72,,
0,bench/30gib-3.bin,240,33554432,420.66,,
0,bench/30gib-3.bin,241,33554432,341.30,,
0,bench/30gib-3.bin,242,33554432,436.19,,
0,bench/30gib-3.bin,243,33554432,936.11,,
0,bench/30gib-3.bin,244,33554432,386.75,,
0,bench/30gib-3.bin,245,33554432,341.75,,
0,bench/30gib-3.bin,246,33554432,361.89,,
0,bench/30gib-3.bin,247,33554432,524.63,,
0,bench/30gib-3.bin,248,33554432,594.49,,
0,bench/30gib-3.bin,249,33554432,340.78,,
0,bench/30gib-3.bin,250,33554432,613.78,,
0,bench/30gib-3.bin,251,33554432,347.40,,
0,bench/30gib-3.bin,252,33554432,504.66,,
0,bench/30gib-3.bin,253,33554432,342.42,,
0,bench/30gib-3.bin,254,33554432,422.64,,
0,bench/30gib-3.bin,255,33554432,466.21,,
0,bench/30gib-3.bin,256,33554432,540.02,,
0,bench/30gib-3.bin,257,33554432,342.62,,
0,bench/30gib-3.bin,258,33554432,350.37,,
0,bench/30gib-3.bin,259,33554432,453.79,,
0,bench/30gib-3.bin,260,33554432,373.59,,
0,bench/30gib-3.bin,261,33554432,379.93,,
0,bench/30gib-3.bin,262,33554432,372.52,,
0,bench/30gib-3.bin,263,33554432,439.59,,
0,bench/30gib-3.bin,264,33554432,380.51,,
0,bench/30gib-3.bin,265,33554432,428.71,,
0,bench/30gib-3.bin,266,33554432,374.32,,
0,bench/30gib-3.bin,267,33554432,380.70,,
0,bench/30gib-3.bin,268,33554432,378.21,,
0,bench/30gib-3.bin,269,33554432,508.14,,
0,bench/30gib-3.bin,270,33554432,342.25,,
0,bench/30gib-3.bin,271,33554432,514.25,,
0,bench/30gib-3.bin,272,33554432,348.44,,
0,bench/30gib-3.bin,273,33554432,364.50,,
0,bench/30gib-3.bin,274,33554432,406.47,,
0,bench/30gib-3.bin,275,33554432,619.15,,
0,bench/30gib-3.bin,276,33554432,443.60,,
0,bench/30gib-3.bin,277,33554432,576.28,,
0,bench/30gib-3.bin,278,33554432,343.49,,
0,bench/30gib-3.bin,279,33554432,405.85,,
0,bench/30gib-3.bin,280,33554432,342.81,,
0,bench/30gib-3.bin,281,33554432,350.02,,
0,bench/30gib-3.bin,282,33554432,463.02,,
0,bench/30gib-3.bin,283,33554432,421.99,,
0,bench/30gib-3.bin,284,33554432,348.92,,
0,bench/30gib-3.bin,285,33554432,474.60,,
0,bench/30gib-3.bin,286,33554432,344.44,,
0,bench/30gib-3.bin,287,33554432,2187.29,,
0,bench/30gib-3.bin,288,33554432,392.00,,
0,bench/30gib-3.bin,289,33554432,352.21,,
0,bench/30gib-3.bin,290,33554432,347.99,,
0,bench/30gib-3.bin,291,33554432,421.34,,
0,bench/30gib-3.bin,292,33554432,419.87,,
0,bench/30gib-3.bin,293,33554432,475.22,,
0,bench/30gib-3.bin,294,33554432,590.44,,
0,bench/30gib-3.bin,295,33554432,342.30,,
0,bench/30gib-3.bin,296,33554432,345.60,,
0,bench/30gib-3.bin,297,33554432,351.94,,
0,bench/30gib-3.bin,298,33554432,490.11,,
0,bench/30gib-3.bin,299,33554432,380.01,,
0,bench/30gib-3.bin,300,33554432,354.01,,
0,bench/30gib-3.bin,301,33554432,383.83,,
0,bench/30gib-3.bin,302,33554432,348.65,,
0,bench/30gib-3.bin,303,33554432,435.00,,
0,bench/30gib-3.bin,304,33554432,418.83,,
0,bench/30gib-3.bin,305,33554432,435.59,,
0,bench/30gib-3.bin,306,33554432,344.61,,
0,bench/30gib-3.bin,307,33554432,388.17,,
0,bench/30gib-3.bin,308,33554432,342.89,,
0,bench/30gib-3.bin,309,33554432,400.57,,
0,bench/30gib-3.bin,310,33554432,424.56,,
0,bench/30gib-3.bin,311,33554432,407.33,,
0,bench/30gib-3.bin,312,33554432,341.76,,
0,bench/30gib-3.bin,313,33554432,468.91,,
0,bench/30gib-3.bin,314,33554432,346.05,,
0,bench/30gib-3.bin,315,33554432,345.50,,
0,bench/30gib-3.bin,316,33554432,432.36,,
0,bench/30gib-3.bin,317,33554432,347.10,,
0,bench/30gib-3.bin,318,33554432,453.16,,
0,bench/30gib-3.bin,319,33554432,524.98,,
0,bench/30gib-3.bin,320,33554432,348.29,,
0,bench/30gib-3.bin,321,33554432,411.81,,
0,bench/30gib-3.bin,322,33554432,399.69,,
0,bench/30gib-3.bin,323,33554432,462.55,,
0,bench/30gib-3.bin,324,33554432,518.35,,
0,bench/30gib-3.bin,325,33554432,341.35,,
0,bench/30gib-3.bin,326,33554432,367.84,,
0,bench/30gib-3.bin,327,33554432,349.92,,
0,bench/30gib-3.bin,328,33554432,422.70,,
0,bench/30gib-3.bin,329,33554432,702.28,,
0,bench/30gib-3.bin,330,33554432,346.64,,
0,bench/30gib-3.bin,331,33554432,391.20,,
0,bench/30gib-3.bin,332,33554432,409.47,,
0,bench/30gib-3.bin,333,33554432,491.71,,
0,bench/30gib-3.bin,334,33554432,379.10,,
0,bench/30gib-3.bin,335,33554432,438.77,,
0,bench/30gib-3.bin,336,33554432,453.37,,
0,bench/30gib-3.bin,337,33554432,355.13,,
0,bench/30gib-3.bin,338,33554432,356.53,,
0,bench/30gib-3.bin,339,33554432,394.13,,
0,bench/30gib-3.bin,340,33554432,345.35,,
0,bench/30gib-3.bin,341,33554432,465.10,,
0,bench/30gib-3.bin,342,33554432,361.52,,
0,bench/30gib-3.bin,343,33554432,350.08,,
0,bench/30gib-3.bin,344,33554432,406.76,,
0,bench/30gib-3.bin,345,33554432,369.37,,
0,bench/30gib-3.bin,346,33554432,377.20,,
0,bench/30gib-3.bin,347,33554432,350.83,,
0,bench/30gib-3.bin,348,33554432,342.64,,
0,bench/30gib-3.bin,349,33554432,607.22,,
0,bench/30gib-3.bin,350,33554432,387.89,,
0,bench/30gib-3.bin,351,33554432,345.67,,
0,bench/30gib-3.bin,352,33554432,359.06,,
0,bench/30gib-3.bin,353,33554432,542.39,,
0,bench/30gib-3.bin,354,33554432,358.99,,
0,bench/30gib-3.bin,355,33554432,342.39,,
0,bench/30gib-3.bin,356,33554432,399.38,,
0,bench/30gib-3.bin,357,33554432,402.35,,
0,bench/30gib-3.bin,358,33554432,393.12,,
0,bench/30gib-3.bin,359,33554432,431.75,,
0,bench/30gib-3.bin,360,33554432,379.07,,
0,bench/30gib-3.bin,361,33554432,348.67,,
0,bench/30gib-3.bin,362,33554432,387.29,,
0,bench/30gib-3.bin,363,33554432,412.61,,
0,bench/30gib-3.bin,364,33554432,473.92,,
0,bench/30gib-3.bin,365,33554432,559.24,,
0,bench/30gib-3.bin,366,33554432,383.09,,
0,bench/30gib-3.bin,367,33554432,344.27,,
0,bench/30gib-3.bin,368,33554432,420.82,,
0,bench/30gib-3.bin,369,33554432,345.72,,
0,bench/30gib-3.bin,370,33554432,366.02,,
0,bench/30gib-3.bin,371,33554432,487.86,,
0,bench/30gib-3.bin,372,33554432,350.25,,
0,bench/30gib-3.bin,373,33554432,363.35,,
0,bench/30gib-3.bin,374,33554432,575.81,,
0,bench/30gib-3.bin,375,33554432,408.23,,
0,bench/30gib-3.bin,376,33554432,354.76,,
0,bench/30gib-3.bin,377,33554432,422.51,,
0,bench/30gib-3.bin,378,33554432,406.08,,
0,bench/30gib-3.bin,379,33554432,433.04,,
0,bench/30gib-3.bin,380,33554432,459.99,,
0,bench/30gib-3.bin,381,33554432,383.47,,
0,bench/30gib-3.bin,382,33554432,364.07,,
0,bench/30gib-3.bin,383,33554432,346.20,,
0,bench/30gib-3.bin,384,33554432,396.44,,
0,bench/30gib-3.bin,385,33554432,372.84,,
0,bench/30gib-3.bin,386,33554432,441.33,,
0,bench/30gib-3.bin,387,33554432,504.64,,
0,bench/30gib-3.bin,388,33554432,461.06,,
0,bench/30gib-3.bin,389,33554432,484.85,,
0,bench/30gib-3.bin,390,33554432,514.32,,
0,bench/30gib-3.bin,391,33554432,345.82,,
0,bench/30gib-3.bin,392,33554432,351.25,,
0,bench/30gib-3.bin,393,33554432,373.70,,
0,bench/30gib-3.bin,394,33554432,472.02,,
0,bench/30gib-3.bin,395,33554432,671.46,,
0,bench/30gib-3.bin,396,33554432,366.35,,
0,bench/30gib-3.bin,397,33554432,546.38,,
0,bench/30gib-3.bin,398,33554432,1927.49,,
0,bench/30gib-3.bin,399,33554432,391.06,,
0,bench/30gib-3.bin,400,33554432,431.10,,
0,bench/30gib-3.bin,401,33554432,341.93,,
0,bench/30gib-3.bin,402,33554432,417.32,,
0,bench/30gib-3.bin,403,33554432,462.42,,
0,bench/30gib-3.bin,404,33554432,351.02,,
0,bench/30gib-3.bin,405,33554432,729.39,,
0,bench/30gib-3.bin,406,33554432,483.88,,
0,bench/30gib-3.bin,407,33554432,493.83,,
0,bench/30gib-3.bin,408,33554432,377.49,,
0,bench/30gib-3.bin,409,33554432,556.68,,
0,bench/30gib-3.bin,410,33554432,3512.13,,
0,bench/30gib-3.bin,411,33554432,352.33,,
0,bench/30gib-3.bin,412,33554432,372.49,,
0,bench/30gib-3.bin,413,33554432,515.49,,
0,bench/30gib-3.bin,414,33554432,341.20,,
0,bench/30gib-3.bin,415,33554432,380.27,,
0,bench/30gib-3.bin,416,33554432,399.86,,
0,bench/30gib-3.bin,417,33554432,347.23,,
0,bench/30gib-3.bin,418,33554432,375.64,,
0,bench/30gib-3.bin,419,33554432,449.81,,
0,bench/30gib-3.bin,420,33554432,510.41,,
0,bench/30gib-3.bin,421,33554432,384.22,,
0,bench/30gib-3.bin,422,33554432,341.15,,
0,bench/30gib-3.bin,423,33554432,393.60,,
0,bench/30gib-3.bin,424,33554432,384.22,,
0,bench/30gib-3.bin,425,33554432,383.79,,
0,bench/30gib-3.bin,426,33554432,389.41,,
0,bench/30gib-3.bin,427,33554432,498.19,,
0,bench/30gib-3.bin,428,33554432,381.12,,
0,bench/30gib-3.bin,429,33554432,950.60,,
0,bench/30gib-3.bin,430,33554432,423.32,,
0,bench/30gib-3.bin,431,33554432,432.03,,
0,bench/30gib-3.bin,432,33554432,348.45,,
0,bench/30gib-3.bin,433,33554432,475.55,,
0,bench/30gib-3.bin,434,33554432,502.85,,
0,bench/30gib-3.bin,435,33554432,342.13,,
0,bench/30gib-3.bin,436,33554432,342.87,,
0,bench/30gib-3.bin,437,33554432,363.03,,
0,bench/30gib-3.bin,438,33554432,433.88,,
0,bench/30gib-3.bin,439,33554432,376.32,,
0,bench/30gib-3.bin,440,33554432,359.56,,
0,bench/30gib-3.bin,441,33554432,452.81,,
0,bench/30gib-3.bin,442,33554432,441.81,,
0,bench/30gib-3.bin,443,33554432,405.45,,
0,bench/30gib-3.bin,444,33554432,628.91,,
0,bench/30gib-3.bin,445,33554432,355.11,,
0,bench/30gib-3.bin,446,33554432,345.28,,
0,bench/30gib-3.bin,447,33554432,577.65,,
0,bench/30gib-3.bin,448,33554432,464.01,,
0,bench/30gib-3.bin,449,33554432,490.53,,
0,bench/30gib-3.bin,450,33554432,440.92,,
0,bench/30gib-3.bin,451,33554432,360.55,,
0,bench/30gib-3.bin,452,33554432,365.46,,
0,bench/30gib-3.bin,453,33554432,390.52,,
0,bench/30gib-3.bin,454,33554432,389.79,,
0,bench/30gib-3.bin,455,33554432,455.29,,
0,bench/30gib-3.bin,456,33554432,458.26,,
0,bench/30gib-3.bin,457,33554432,341.39,,
0,bench/30gib-3.bin,458,33554432,402.92,,
0,bench/30gib-3.bin,459,33554432,419.96,,
0,bench/30gib-3.bin,460,33554432,513.54,,
0,bench/30gib-3.bin,461,33554432,359.88,,
0,bench/30gib-3.bin,462,33554432,396.50,,
0,bench/30gib-3.bin,463,33554432,348.74,,
0,bench/30gib-3.bin,464,33554432,341.59,,
0,bench/30gib-3.bin,465,33554432,341.81,,
0,bench/30gib-3.bin,466,33554432,410.03,,
0,bench/30gib-3.bin,467,33554432,506.02,,
0,bench/30gib-3.bin,468,33554432,514.54,,
0,bench/30gib-3.bin,469,33554432,374.28,,
0,bench/30gib-3.bin,470,33554432,471.02,,
0,bench/30gib-3.bin,471,33554432,453.57,,
0,bench/30gib-3.bin,472,33554432,536.49,,
0,bench/30gib-3.bin,473,33554432,494.15,,
0,bench/30gib-3.bin,474,33554432,477.93,,
0,bench/30gib-3.bin,475,33554432,350.00,,
0,bench/30gib-3.bin,476,33554432,390.70,,
0,bench/30gib-3.bin,477,33554432,388.78,,
0,bench/30gib-3.bin,478,33554432,375.24,,
0,bench/30gib-3.bin,479,33554432,392.49,,
0,bench/30gib-3.bin,480,33554432,434.19,,
0,bench/30gib-3.bin,481,33554432,482.27,,
0,bench/30gib-3.bin,482,33554432,340.80,,
0,bench/30gib-3.bin,483,33554432,344.07,,
0,bench/30gib-3.bin,484,33554432,341.29,,
0,bench/30gib-3.bin,485,33554432,455.07,,
0,bench/30gib-3.bin,486,33554432,369.66,,
0,bench/30gib-3.bin,487,33554432,348.53,,
0,bench/30gib-3.bin,488,33554432,425.31,,
0,bench/30gib-3.bin,489,33554432,375.60,,
0,bench/30gib-3.bin,490,33554432,341.73,,
0,bench/30gib-3.bin,491,33554432,344.06,,
0,bench/30gib-3.bin,492,33554432,485.31,,
0,bench/30gib-3.bin,493,33554432,433.01,,
0,bench/30gib-3.bin,494,33554432,416.96,,
0,bench/30gib-3.bin,495,33554432,461.57,,
0,bench/30gib-3.bin,496,33554432,347.37,,
0,bench/30gib-3.bin,497,33554432,457.75,,
0,bench/30gib-3.bin,498,33554432,571.75,,
0,bench/30gib-3.bin,499,33554432,375.93,,
0,bench/30gib-3.bin,500,33554432,354.46,,
0,bench/30gib-3.bin,501,33554432,474.88,,
0,bench/30gib-3.bin,502,33554432,386.26,,
0,bench/30gib-3.bin,503,33554432,343.93,,
0,bench/30gib-3.bin,504,33554432,587.80,,
0,bench/30gib-3.bin,505,33554432,556.70,,
0,bench/30gib-3.bin,506,33554432,435.96,,
0,bench/30gib-3.bin,507,33554432,559.83,,
0,bench/30gib-3.bin,508,33554432,462.44,,
0,bench/30gib-3.bin,509,33554432,504.82,,
0,bench/30gib-3.bin,510,33554432,348.98,,
0,bench/30gib-3.bin,511,33554432,341.33,,
0,bench/30gib-3.bin,512,33554432,376.14,,
0,bench/30gib-3.bin,513,33554432,343.60,,
0,bench/30gib-3.bin,514,33554432,1102.25,,
0,bench/30gib-3.bin,515,33554432,425.46,,
0,bench/30gib-3.bin,516,33554432,344.04,,
0,bench/30gib-3.bin,517,33554432,474.21,,
0,bench/30gib-3.bin,518,33554432,365.80,,
0,bench/30gib-3.bin,519,33554432,552.85,,
0,bench/30gib-3.bin,520,33554432,343.02,,
0,bench/30gib-3.bin,521,33554432,440.07,,
0,bench/30gib-3.bin,522,33554432,370.35,,
0,bench/30gib-3.bin,523,33554432,404.62,,
0,bench/30gib-3.bin,524,33554432,355.74,,
0,bench/30gib-3.bin,525,33554432,388.47,,
0,bench/30gib-3.bin,526,33554432,387.53,,
0,bench/30gib-3.bin,527,33554432,1366.24,,
0,bench/30gib-3.bin,528,33554432,1735.43,,
0,bench/30gib-3.bin,529,33554432,341.20,,
0,bench/30gib-3.bin,530,33554432,346.68,,
0,bench/30gib-3.bin,531,33554432,404.09,,
0,bench/30gib-3.bin,532,33554432,509.27,,
0,bench/30gib-3.bin,533,33554432,372.90,,
0,bench/30gib-3.bin,534,33554432,342.70,,
0,bench/30gib-3.bin,535,33554432,544.79,,
0,bench/30gib-3.bin,536,33554432,449.42,,
0,bench/30gib-3.bin,537,33554432,357.71,,
0,bench/30gib-3.bin,538,33554432,421.84,,
0,bench/30gib-3.bin,539,33554432,341.59,,
0,bench/30gib-3.bin,540,33554432,482.36,,
0,bench/30gib-3.bin,541,33554432,498.36,,
0,bench/30gib-3.bin,542,33554432,401.63,,
0,bench/30gib-3.bin,543,33554432,411.62,,
0,bench/30gib-3.bin,544,33554432,390.90,,
0,bench/30gib-3.bin,545,33554432,407.64,,
0,bench/30gib-3.bin,546,33554432,489.91,,
0,bench/30gib-3.bin,547,33554432,348.03,,
0,bench/30gib-3.bin,548,33554432,387.66,,
0,bench/30gib-3.bin,549,33554432,360.75,,
0,bench/30gib-3.bin,550,33554432,362.46,,
0,bench/30gib-3.bin,551,33554432,343.26,,
0,bench/30gib-3.bin,552,33554432,344.24,,
0,bench/30gib-3.bin,553,33554432,361.44,,
0,bench/30gib-3.bin,554,33554432,357.66,,
0,bench/30gib-3.bin,555,33554432,758.94,,
0,bench/30gib-3.bin,556,33554432,345.57,,
0,bench/30gib-3.bin,557,33554432,593.97,,
0,bench/30gib-3.bin,558,33554432,597.39,,
0,bench/30gib-3.bin,559,33554432,404.44,,
0,bench/30gib-3.bin,560,33554432,585.06,,
0,bench/30gib-3.bin,561,33554432,462.31,,
0,bench/30gib-3.bin,562,33554432,516.22,,
0,bench/30gib-3.bin,563,33554432,346.21,,
0,bench/30gib-3.bin,564,33554432,640.70,,
0,bench/30gib-3.bin,565,33554432,603.48,,
0,bench/30gib-3.bin,566,33554432,368.37,,
0,bench/30gib-3.bin,567,33554432,340.62,,
0,bench/30gib-3.bin,568,33554432,445.73,,
0,bench/30gib-3.bin,569,33554432,518.16,,
0,bench/30gib-3.bin,570,33554432,390.02,,
0,bench/30gib-3.bin,571,33554432,340.75,,
0,bench/30gib-3.bin,572,33554432,346.00,,
0,bench/30gib-3.bin,573,33554432,344.70,,
0,bench/30gib-3.bin,574,33554432,353.94,,
0,bench/30gib-3.bin,575,33554432,360.74,,
0,bench/30gib-3.bin,576,33554432,444.70,,
0,bench/30gib-3.bin,577,33554432,445.47,,
0,bench/30gib-3.bin,578,33554432,343.08,,
0,bench/30gib-3.bin,579,33554432,481.85,,
0,bench/30gib-3.bin,580,33554432,389.85,,
0,bench/30gib-3.bin,581,33554432,746.81,,
0,bench/30gib-3.bin,582,33554432,366.42,,
0,bench/30gib-3.bin,583,33554432,357.45,,
0,bench/30gib-3.bin,584,33554432,618.59,,
0,bench/30gib-3.bin,585,33554432,356.33,,
0,bench/30gib-3.bin,586,33554432,663.52,,
0,bench/30gib-3.bin,587,33554432,340.51,,
0,bench/30gib-3.bin,588,33554432,475.54,,
0,bench/30gib-3.bin,589,33554432,556.60,,
0,bench/30gib-3.bin,590,33554432,342.09,,
0,bench/30gib-3.bin,591,33554432,339.85,,
0,bench/30gib-3.bin,592,33554432,662.43,,
0,bench/30gib-3.bin,593,33554432,481.90,,
0,bench/30gib-3.bin,594,33554432,461.53,,
0,bench/30gib-3.bin,595,33554432,360.76,,
0,bench/30gib-3.bin,596,33554432,372.92,,
0,bench/30gib-3.bin,597,33554432,357.74,,
0,bench/30gib-3.bin,598,33554432,582.20,,
0,bench/30gib-3.bin,599,33554432,353.46,,
0,bench/30gib-3.bin,600,33554432,451.85,,
0,bench/30gib-3.bin,601,33554432,353.15,,
0,bench/30gib-3.bin,602,33554432,404.68,,
0,bench/30gib-3.bin,603,33554432,407.23,,
0,bench/30gib-3.bin,604,33554432,456.51,,
0,bench/30gib-3.bin,605,33554432,352.22,,
0,bench/30gib-3.bin,606,33554432,356.81,,
0,bench/30gib-3.bin,607,33554432,582.26,,
0,bench/30gib-3.bin,608,33554432,435.74,,
0,bench/30gib-3.bin,609,33554432,348.60,,
0,bench/30gib-3.bin,610,33554432,3472.81,,
0,bench/30gib-3.bin,611,33554432,456.91,,
0,bench/30gib-3.bin,612,33554432,460.52,,
0,bench/30gib-3.bin,613,33554432,347.88,,
0,bench/30gib-3.bin,614,33554432,1048.65,,
0,bench/30gib-3.bin,615,33554432,400.05,,
0,bench/30gib-3.bin,616,33554432,352.78,,
0,bench/30gib-3.bin,617,33554432,364.54,,
0,bench/30gib-3.bin,618,33554432,405.02,,
0,bench/30gib-3.bin,619,33554432,440.31,,
0,bench/30gib-3.bin,620,33554432,513.14,,
0,bench/30gib-3.bin,621,33554432,1741.39,,
0,bench/30gib-3.bin,622,33554432,415.07,,
0,bench/30gib-3.bin,623,33554432,354.80,,
0,bench/30gib-3.bin,624,33554432,382.59,,
0,bench/30gib-3.bin,625,33554432,345.86,,
0,bench/30gib-3.bin,626,33554432,373.63,,
0,bench/30gib-3.bin,627,33554432,1998.78,,
0,bench/30gib-3.bin,628,33554432,434.70,,
0,bench/30gib-3.bin,629,33554432,342.49,,
0,bench/30gib-3.bin,630,33554432,491.11,,
0,bench/30gib-3.bin,631,33554432,341.48,,
0,bench/30gib-3.bin,632,33554432,464.61,,
0,bench/30gib-3.bin,633,33554432,469.58,,
0,bench/30gib-3.bin,634,33554432,449.58,,
0,bench/30gib-3.bin,635,33554432,528.22,,
0,bench/30gib-3.bin,636,33554432,343.63,,
0,bench/30gib-3.bin,637,33554432,340.82,,
0,bench/30gib-3.bin,638,33554432,478.42,,
0,bench/30gib-3.bin,639,33554432,541.02,,
0,bench/30gib-3.bin,640,33554432,456.27,,
0,bench/30gib-3.bin,641,33554432,346.44,,
0,bench/30gib-3.bin,642,33554432,436.86,,
0,bench/30gib-3.bin,643,33554432,394.09,,
0,bench/30gib-3.bin,644,33554432,349.95,,
0,bench/30gib-3.bin,645,33554432,369.11,,
0,bench/30gib-3.bin,646,33554432,461.57,,
0,bench/30gib-3.bin,647,33554432,382.04,,
0,bench/30gib-3.bin,648,33554432,405.64,,
0,bench/30gib-3.bin,649,33554432,345.88,,
0,bench/30gib-3.bin,650,33554432,398.24,,
0,bench/30gib-3.bin,651,33554432,347.17,,
0,bench/30gib-3.bin,652,33554432,423.19,,
0,bench/30gib-3.bin,653,33554432,364.38,,
0,bench/30gib-3.bin,654,33554432,342.30,,
0,bench/30gib-3.bin,655,33554432,444.86,,
0,bench/30gib-3.bin,656,33554432,369.66,,
0,bench/30gib-3.bin,657,33554432,352.52,,
0,bench/30gib-3.bin,658,33554432,360.91,,
0,bench/30gib-3.bin,659,33554432,351.96,,
0,bench/30gib-3.bin,660,33554432,423.96,,
0,bench/30gib-3.bin,661,33554432,408.54,,
0,bench/30gib-3.bin,662,33554432,859.28,,
0,bench/30gib-3.bin,663,33554432,629.55,,
0,bench/30gib-3.bin,664,33554432,342.12,,
0,bench/30gib-3.bin,665,33554432,368.94,,
0,bench/30gib-3.bin,666,33554432,412.63,,
0,bench/30gib-3.bin,667,33554432,403.20,,
0,bench/30gib-3.bin,668,33554432,717.68,,
0,bench/30gib-3.bin,669,33554432,342.20,,
0,bench/30gib-3.bin,670,33554432,441.87,,
0,bench/30gib-3.bin,671,33554432,375.51,,
0,bench/30gib-3.bin,672,33554432,344.46,,
0,bench/30gib-3.bin,673,33554432,351.17,,
0,bench/30gib-3.bin,674,33554432,462.44,,
0,bench/30gib-3.bin,675,33554432,1128.48,,
0,bench/30gib-3.bin,676,33554432,342.69,,
0,bench/30gib-3.bin,677,33554432,344.65,,
0,bench/30gib-3.bin,678,33554432,467.62,,
0,bench/30gib-3.bin,679,33554432,419.50,,
0,bench/30gib-3.bin,680,33554432,882.35,,
0,bench/30gib-3.bin,681,33554432,449.52,,
0,bench/30gib-3.bin,682,33554432,393.62,,
0,bench/30gib-3.bin,683,33554432,409.39,,
0,bench/30gib-3.bin,684,33554432,490.08,,
0,bench/30gib-3.bin,685,33554432,426.48,,
0,bench/30gib-3.bin,686,33554432,777.26,,
0,bench/30gib-3.bin,687,33554432,513.06,,
0,bench/30gib-3.bin,688,33554432,1057.33,,
0,bench/30gib-3.bin,689,33554432,384.19,,
0,bench/30gib-3.bin,690,33554432,489.56,,
0,bench/30gib-3.bin,691,33554432,462.68,,
0,bench/30gib-3.bin,692,33554432,431.97,,
0,bench/30gib-3.bin,693,33554432,497.76,,
0,bench/30gib-3.bin,694,33554432,366.79,,
0,bench/30gib-3.bin,695,33554432,352.27,,
0,bench/30gib-3.bin,696,33554432,345.27,,
0,bench/30gib-3.bin,697,33554432,432.21,,
0,bench/30gib-3.bin,698,33554432,436.63,,
0,bench/30gib-3.bin,699,33554432,349.07,,
0,bench/30gib-3.bin,700,33554432,384.05,,
0,bench/30gib-3.bin,701,33554432,455.25,,
0,bench/30gib-3.bin,702,33554432,440.21,,
0,bench/30gib-3.bin,703,33554432,471.18,,
0,bench/30gib-3.bin,704,33554432,342.55,,
0,bench/30gib-3.bin,705,33554432,345.78,,
0,bench/30gib-3.bin,706,33554432,423.20,,
0,bench/30gib-3.bin,707,33554432,649.42,,
0,bench/30gib-3.bin,708,33554432,659.69,,
0,bench/30gib-3.bin,709,33554432,341.90,,
0,bench/30gib-3.bin,710,33554432,340.26,,
0,bench/30gib-3.bin,711,33554432,598.01,,
0,bench/30gib-3.bin,712,33554432,886.86,,
0,bench/30gib-3.bin,713,33554432,429.48,,
0,bench/30gib-3.bin,714,33554432,343.32,,
0,bench/30gib-3.bin,715,33554432,378.25,,
0,bench/30gib-3.bin,716,33554432,362.24,,
0,bench/30gib-3.bin,717,33554432,568.85,,
0,bench/30gib-3.bin,718,33554432,349.46,,
0,bench/30gib-3.bin,719,33554432,340.46,,
0,bench/30gib-3.bin,720,33554432,854.00,,
0,bench/30gib-3.bin,721,33554432,342.05,,
0,bench/30gib-3.bin,722,33554432,373.90,,
0,bench/30gib-3.bin,723,33554432,414.12,,
0,bench/30gib-3.bin,724,33554432,428.54,,
0,bench/30gib-3.bin,725,33554432,355.50,,
0,bench/30gib-3.bin,726,33554432,348.15,,
0,bench/30gib-3.bin,727,33554432,348.24,,
0,bench/30gib-3.bin,728,33554432,586.52,,
0,bench/30gib-3.bin,729,33554432,1385.09,,
0,bench/30gib-3.bin,730,33554432,341.49,,
0,bench/30gib-3.bin,731,33554432,448.98,,
0,bench/30gib-3.bin,732,33554432,341.55,,
0,bench/30gib-3.bin,733,33554432,342.78,,
0,bench/30gib-3.bin,734,33554432,370.33,,
0,bench/30gib-3.bin,735,33554432,346.05,,
0,bench/30gib-3.bin,736,33554432,456.59,,
0,bench/30gib-3.bin,737,33554432,349.60,,
0,bench/30gib-3.bin,738,33554432,397.99,,
0,bench/30gib-3.bin,739,33554432,344.78,,
0,bench/30gib-3.bin,740,33554432,509.83,,
0,bench/30gib-3.bin,741,33554432,370.73,,
0,bench/30gib-3.bin,742,33554432,417.52,,
0,bench/30gib-3.bin,743,33554432,538.28,,
0,bench/30gib-3.bin,744,33554432,537.04,,
0,bench/30gib-3.bin,745,33554432,385.12,,
0,bench/30gib-3.bin,746,33554432,390.11,,
0,bench/30gib-3.bin,747,33554432,351.47,,
0,bench/30gib-3.bin,748,33554432,378.13,,
0,bench/30gib-3.bin,749,33554432,549.12,,
0,bench/30gib-3.bin,750,33554432,350.84,,
0,bench/30gib-3.bin,751,33554432,373.17,,
0,bench/30gib-3.bin,752,33554432,432.54,,
0,bench/30gib-3.bin,753,33554432,424.79,,
0,bench/30gib-3.bin,754,33554432,491.33,,
0,bench/30gib-3.bin,755,33554432,351.29,,
0,bench/30gib-3.bin,756,33554432,413.24,,
0,bench/30gib-3.bin,757,33554432,367.53,,
0,bench/30gib-3.bin,758,33554432,404.15,,
0,bench/30gib-3.bin,759,33554432,380.91,,
0,bench/30gib-3.bin,760,33554432,363.16,,
0,bench/30gib-3.bin,761,33554432,406.00,,
0,bench/30gib-3.bin,762,33554432,526.86,,
0,bench/30gib-3.bin,763,33554432,640.30,,
0,bench/30gib-3.bin,764,33554432,343.64,,
0,bench/30gib-3.bin,765,33554432,443.30,,
0,bench/30gib-3.bin,766,33554432,405.36,,
0,bench/30gib-3.bin,767,33554432,427.09,,
0,bench/30gib-3.bin,768,33554432,339.33,,
0,bench/30gib-3.bin,769,33554432,341.29,,
0,bench/30gib-3.bin,770,33554432,358.69,,
0,bench/30gib-3.bin,771,33554432,342.05,,
0,bench/30gib-3.bin,772,33554432,500.48,,
0,bench/30gib-3.bin,773,33554432,434.01,,
0,bench/30gib-3.bin,774,33554432,452.47,,
0,bench/30gib-3.bin,775,33554432,480.42,,
0,bench/30gib-3.bin,776,33554432,530.42,,
0,bench/30gib-3.bin,777,33554432,501.49,,
0,bench/30gib-3.bin,778,33554432,623.16,,
0,bench/30gib-3.bin,779,33554432,401.15,,
0,bench/30gib-3.bin,780,33554432,454.60,,
0,bench/30gib-3.bin,781,33554432,363.69,,
0,bench/30gib-3.bin,782,33554432,388.13,,
0,bench/30gib-3.bin,783,33554432,344.81,,
0,bench/30gib-3.bin,784,33554432,579.00,,
0,bench/30gib-3.bin,785,33554432,340.80,,
0,bench/30gib-3.bin,786,33554432,1600.51,,
0,bench/30gib-3.bin,787,33554432,384.82,,
0,bench/30gib-3.bin,788,33554432,401.73,,
0,bench/30gib-3.bin,789,33554432,586.54,,
0,bench/30gib-3.bin,790,33554432,344.21,,
0,bench/30gib-3.bin,791,33554432,424.09,,
0,bench/30gib-3.bin,792,33554432,365.73,,
0,bench/30gib-3.bin,793,33554432,344.19,,
0,bench/30gib-3.bin,794,33554432,408.82,,
0,bench/30gib-3.bin,795,33554432,618.88,,
0,bench/30gib-3.bin,796,33554432,372.87,,
0,bench/30gib-3.bin,797,33554432,707.41,,
0,bench/30gib-3.bin,798,33554432,367.81,,
0,bench/30gib-3.bin,799,33554432,384.02,,
0,bench/30gib-3.bin,800,33554432,400.43,,
0,bench/30gib-3.bin,801,33554432,480.26,,
0,bench/30gib-3.bin,802,33554432,441.76,,
0,bench/30gib-3.bin,803,33554432,491.20,,
0,bench/30gib-3.bin,804,33554432,605.99,,
0,bench/30gib-3.bin,805,33554432,401.42,,
0,bench/30gib-3.bin,806,33554432,476.13,,
0,bench/30gib-3.bin,807,33554432,419.91,,
0,bench/30gib-3.bin,808,33554432,452.31,,
0,bench/30gib-3.bin,809,33554432,491.16,,
0,bench/30gib-3.bin,810,33554432,393.87,,
0,bench/30gib-3.bin,811,33554432,464.99,,
0,bench/30gib-3.bin,812,33554432,359.78,,
0,bench/30gib-3.bin,813,33554432,419.10,,
0,bench/30gib-3.bin,814,33554432,360.91,,
0,bench/30gib-3.bin,815,33554432,431.59,,
0,bench/30gib-3.bin,816,33554432,648.12,,
0,bench/30gib-3.bin,817,33554432,349.04,,
0,bench/30gib-3.bin,818,33554432,724.77,,
0,bench/30gib-3.bin,819,33554432,517.66,,
0,bench/30gib-3.bin,820,33554432,466.18,,
0,bench/30gib-3.bin,821,33554432,438.93,,
0,bench/30gib-3.bin,822,33554432,340.76,,
0,bench/30gib-3.bin,823,33554432,417.63,,
0,bench/30gib-3.bin,824,33554432,344.42,,
0,bench/30gib-3.bin,825,33554432,372.49,,
0,bench/30gib-3.bin,826,33554432,459.66,,
0,bench/30gib-3.bin,827,33554432,383.46,,
0,bench/30gib-3.bin,828,33554432,506.69,,
0,bench/30gib-3.bin,829,33554432,407.69,,
0,bench/30gib-3.bin,830,33554432,343.58,,
0,bench/30gib-3.bin,831,33554432,340.50,,
0,bench/30gib-3.bin,832,33554432,344.32,,
0,bench/30gib-3.bin,833,33554432,431.23,,
0,bench/30gib-3.bin,834,33554432,350.85,,
0,bench/30gib-3.bin,835,33554432,630.33,,
0,bench/30gib-3.bin,836,33554432,379.86,,
0,bench/30gib-3.bin,837,33554432,407.63,,
0,bench/30gib-3.bin,838,33554432,348.27,,
0,bench/30gib-3.bin,839,33554432,341.20,,
0,bench/30gib-3.bin,840,33554432,379.86,,
0,bench/30gib-3.bin,841,33554432,366.85,,
0,bench/30gib-3.bin,842,33554432,370.79,,
0,bench/30gib-3.bin,843,33554432,409.12,,
0,bench/30gib-3.bin,844,33554432,519.90,,
0,bench/30gib-3.bin,845,33554432,383.82,,
0,bench/30gib-3.bin,846,33554432,344.33,,
0,bench/30gib-3.bin,847,33554432,397.31,,
0,bench/30gib-3.bin,848,33554432,346.47,,
0,bench/30gib-3.bin,849,33554432,516.17,,
0,bench/30gib-3.bin,850,33554432,347.58,,
0,bench/30gib-3.bin,851,33554432,370.20,,
0,bench/30gib-3.bin,852,33554432,378.23,,
0,bench/30gib-3.bin,853,33554432,1142.97,,
0,bench/30gib-3.bin,854,33554432,717.21,,
0,bench/30gib-3.bin,855,33554432,351.41,,
0,bench/30gib-3.bin,856,33554432,398.82,,
0,bench/30gib-3.bin,857,33554432,433.24,,
0,bench/30gib-3.bin,858,33554432,385.10,,
0,bench/30gib-3.bin,859,33554432,431.73,,
0,bench/30gib-3.bin,860,33554432,410.54,,
0,bench/30gib-3.bin,861,33554432,478.28,,
0,bench/30gib-3.bin,862,33554432,485.06,,
0,bench/30gib-3.bin,863,33554432,390.61,,
0,bench/30gib-3.bin,864,33554432,399.57,,
0,bench/30gib-3.bin,865,33554432,731.33,,
0,bench/30gib-3.bin,866,33554432,343.36,,
0,bench/30gib-3.bin,867,33554432,395.62,,
0,bench/30gib-3.bin,868,33554432,341.64,,
0,bench/30gib-3.bin,869,33554432,500.02,,
0,bench/30gib-3.bin,870,33554432,339.74,,
0,bench/30gib-3.bin,871,33554432,401.32,,
0,bench/30gib-3.bin,872,33554432,466.50,,
0,bench/30gib-3.bin,873,33554432,352.95,,
0,bench/30gib-3.bin,874,33554432,369.96,,
0,bench/30gib-3.bin,875,33554432,345.77,,
0,bench/30gib-3.bin,876,33554432,597.93,,
0,bench/30gib-3.bin,877,33554432,693.92,,
0,bench/30gib-3.bin,878,33554432,371.37,,
0,bench/30gib-3.bin,879,33554432,342.54,,
0,bench/30gib-3.bin,880,33554432,646.64,,
0,bench/30gib-3.bin,881,33554432,526.00,,
0,bench/30gib-3.bin,882,33554432,377.07,,
0,bench/30gib-3.bin,883,33554432,449.42,,
0,bench/30gib-3.bin,884,33554432,395.73,,
0,bench/30gib-3.bin,885,33554432,501.57,,
0,bench/30gib-3.bin,886,33554432,347.86,,
0,bench/30gib-3.bin,887,33554432,454.69,,
0,bench/30gib-3.bin,888,33554432,349.47,,
0,bench/30gib-3.bin,889,33554432,410.79,,
0,bench/30gib-3.bin,890,33554432,502.10,,
0,bench/30gib-3.bin,891,33554432,347.05,,
0,bench/30gib-3.bin,892,33554432,353.30,,
0,bench/30gib-3.bin,893,33554432,470.01,,
0,bench/30gib-3.bin,894,33554432,351.53,,
0,bench/30gib-3.bin,895,33554432,377.67,,
0,bench/30gib-3.bin,896,33554432,421.85,,
0,bench/30gib-3.bin,897,33554432,341.57,,
0,bench/30gib-3.bin,898,33554432,359.38,,
0,bench/30gib-3.bin,899,33554432,392.12,,
0,bench/30gib-3.bin,900,33554432,341.65,,
0,bench/30gib-3.bin,901,33554432,342.25,,
0,bench/30gib-3.bin,902,33554432,360.78,,
0,bench/30gib-3.bin,903,33554432,341.22,,
0,bench/30gib-3.bin,904,33554432,341.66,,
0,bench/30gib-3.bin,905,33554432,349.00,,
0,bench/30gib-3.bin,906,33554432,348.44,,
0,bench/30gib-3.bin,907,33554432,341.58,,
0,bench/30gib-3.bin,908,33554432,478.95,,
0,bench/30gib-3.bin,909,33554432,379.90,,
0,bench/30gib-3.bin,910,33554432,611.82,,
0,bench/30gib-3.bin,911,33554432,474.57,,
0,bench/30gib-3.bin,912,33554432,411.61,,
0,bench/30gib-3.bin,913,33554432,388.07,,
0,bench/30gib-3.bin,914,33554432,349.94,,
0,bench/30gib-3.bin,915,33554432,344.89,,
0,bench/30gib-3.bin,916,33554432,534.58,,
0,bench/30gib-3.bin,917,33554432,533.57,,
0,bench/30gib-3.bin,918,33554432,391.18,,
0,bench/30gib-3.bin,919,33554432,395.53,,
0,bench/30gib-3.bin,920,33554432,341.12,,
0,bench/30gib-3.bin,921,33554432,448.57,,
0,bench/30gib-3.bin,922,33554432,346.03,,
0,bench/30gib-3.bin,923,33554432,345.20,,
0,bench/30gib-3.bin,924,33554432,416.10,,
0,bench/30gib-3.bin,925,33554432,365.76,,
0,bench/30gib-3.bin,926,33554432,681.47,,
0,bench/30gib-3.bin,927,33554432,353.44,,
0,bench/30gib-3.bin,928,33554432,355.17,,
0,bench/30gib-3.bin,929,33554432,553.58,,
0,bench/30gib-3.bin,930,33554432,377.30,,
0,bench/30gib-3.bin,931,33554432,421.35,,
0,bench/30gib-3.bin,932,33554432,364.83,,
0,bench/30gib-3.bin,933,33554432,515.13,,
0,bench/30gib-3.bin,934,33554432,342.94,,
0,bench/30gib-3.bin,935,33554432,452.88,,
0,bench/30gib-3.bin,936,33554432,391.75,,
0,bench/30gib-3.bin,937,33554432,423.81,,
0,bench/30gib-3.bin,938,33554432,551.41,,
0,bench/30gib-3.bin,939,33554432,349.76,,
0,bench/30gib-3.bin,940,33554432,401.31,,
0,bench/30gib-3.bin,941,33554432,355.89,,
0,bench/30gib-3.bin,942,33554432,495.90,,
0,bench/30gib-3.bin,943,33554432,438.64,,
0,bench/30gib-3.bin,944,33554432,498.92,,
0,bench/30gib-3.bin,945,33554432,703.48,,
0,bench/30gib-3.bin,946,33554432,610.15,,
0,bench/30gib-3.bin,947,33554432,664.68,,
0,bench/30gib-3.bin,948,33554432,362.77,,
0,bench/30gib-3.bin,949,33554432,344.16,,
0,bench/30gib-3.bin,950,33554432,426.83,,
0,bench/30gib-3.bin,951,33554432,474.53,,
0,bench/30gib-3.bin,952,33554432,586.28,,
0,bench/30gib-3.bin,953,33554432,341.47,,
0,bench/30gib-3.bin,954,33554432,339.68,,
0,bench/30gib-3.bin,955,33554432,450.89,,
0,bench/30gib-3.bin,956,33554432,354.25,,
0,bench/30gib-3.bin,957,33554432,342.94,,
0,bench/30gib-3.bin,958,33554432,342.01,,
0,bench/30gib-3.bin,959,33554432,344.80,,
0,bench/30gib-3.bin,960,33554432,341.69,,
0,bench/30gib-4.bin,1,33554432,4624.66,,
0,bench/30gib-4.bin,2,33554432,1322.47,,
0,bench/30gib-4.bin,3,33554432,2175.66,,
0,bench/30gib-4.bin,4,33554432,1386.00,,
0,bench/30gib-4.bin,5,33554432,1134.78,,
0,bench/30gib-4.bin,6,33554432,1495.02,,
0,bench/30gib-4.bin,7,33554432,1700.99,,
0,bench/30gib-4.bin,8,33554432,1807.65,,
0,bench/30gib-4.bin,9,33554432,1677.69,,
0,bench/30gib-4.bin,10,33554432,1107.94,,
0,bench/30gib-4.bin,11,33554432,2784.60,,
0,bench/30gib-4.bin,12,33554432,1411.82,,
0,bench/30gib-4.bin,13,33554432,1894.76,,
0,bench/30gib-4.bin,14,33554432,2046.40,,
0,bench/30gib-4.bin,15,33554432,1522.27,,
0,bench/30gib-4.bin,16,33554432,1404.45,,
0,bench/30gib-4.bin,17,33554432,1489.87,,
0,bench/30gib-4.bin,18,33554432,2746.80,,
0,bench/30gib-4.bin,19,33554432,876.84,,
0,bench/30gib-4.bin,20,33554432,1622.70,,
0,bench/30gib-4.bin,21,33554432,2078.16,,
0,bench/30gib-4.bin,22,33554432,1610.31,,
0,bench/30gib-4.bin,23,33554432,2107.79,,
0,bench/30gib-4.bin,24,33554432,1334.98,,
0,bench/30gib-4.bin,25,33554432,1874.40,,
0,bench/30gib-4.bin,26,33554432,1838.45,,
0,bench/30gib-4.bin,27,33554432,1147.13,,
0,bench/30gib-4.bin,28,33554432,893.76,,
0,bench/30gib-4.bin,29,33554432,948.95,,
0,bench/30gib-4.bin,30,33554432,1016.85,,
0,bench/30gib-4.bin,31,33554432,596.19,,
0,bench/30gib-4.bin,32,33554432,1042.21,,
0,bench/30gib-4.bin,33,33554432,1019.00,,
0,bench/30gib-4.bin,34,33554432,733.49,,
0,bench/30gib-4.bin,35,33554432,526.38,,
0,bench/30gib-4.bin,36,33554432,493.98,,
0,bench/30gib-4.bin,37,33554432,445.72,,
0,bench/30gib-4.bin,38,33554432,982.66,,
0,bench/30gib-4.bin,39,33554432,535.08,,
0,bench/30gib-4.bin,40,33554432,632.28,,
0,bench/30gib-4.bin,41,33554432,350.07,,
0,bench/30gib-4.bin,42,33554432,505.87,,
0,bench/30gib-4.bin,43,33554432,637.26,,
0,bench/30gib-4.bin,44,33554432,686.79,,
0,bench/30gib-4.bin,45,33554432,569.94,,
0,bench/30gib-4.bin,46,33554432,683.84,,
0,bench/30gib-4.bin,47,33554432,591.92,,
0,bench/30gib-4.bin,48,33554432,449.25,,
0,bench/30gib-4.bin,49,33554432,664.12,,
0,bench/30gib-4.bin,50,33554432,691.75,,
0,bench/30gib-4.bin,51,33554432,444.34,,
0,bench/30gib-4.bin,52,33554432,609.20,,
0,bench/30gib-4.bin,53,33554432,766.32,,
0,bench/30gib-4.bin,54,33554432,817.09,,
0,bench/30gib-4.bin,55,33554432,565.63,,
0,bench/30gib-4.bin,56,33554432,555.85,,
0,bench/30gib-4.bin,57,33554432,586.30,,
0,bench/30gib-4.bin,58,33554432,546.13,,
0,bench/30gib-4.bin,59,33554432,586.45,,
0,bench/30gib-4.bin,60,33554432,658.92,,
0,bench/30gib-4.bin,61,33554432,553.25,,
0,bench/30gib-4.bin,62,33554432,1047.01,,
0,bench/30gib-4.bin,63,33554432,584.32,,
0,bench/30gib-4.bin,64,33554432,416.10,,
0,bench/30gib-4.bin,65,33554432,504.34,,
0,bench/30gib-4.bin,66,33554432,398.52,,
0,bench/30gib-4.bin,67,33554432,439.00,,
0,bench/30gib-4.bin,68,33554432,349.47,,
0,bench/30gib-4.bin,69,33554432,420.17,,
0,bench/30gib-4.bin,70,33554432,347.29,,
0,bench/30gib-4.bin,71,33554432,438.12,,
0,bench/30gib-4.bin,72,33554432,668.43,,
0,bench/30gib-4.bin,73,33554432,521.28,,
0,bench/30gib-4.bin,74,33554432,598.46,,
0,bench/30gib-4.bin,75,33554432,494.39,,
0,bench/30gib-4.bin,76,33554432,470.71,,
0,bench/30gib-4.bin,77,33554432,484.29,,
0,bench/30gib-4.bin,78,33554432,403.93,,
0,bench/30gib-4.bin,79,33554432,539.32,,
0,bench/30gib-4.bin,80,33554432,543.70,,
0,bench/30gib-4.bin,81,33554432,429.11,,
0,bench/30gib-4.bin,82,33554432,473.59,,
0,bench/30gib-4.bin,83,33554432,387.63,,
0,bench/30gib-4.bin,84,33554432,939.87,,
0,bench/30gib-4.bin,85,33554432,445.70,,
0,bench/30gib-4.bin,86,33554432,388.46,,
0,bench/30gib-4.bin,87,33554432,374.85,,
0,bench/30gib-4.bin,88,33554432,553.92,,
0,bench/30gib-4.bin,89,33554432,418.73,,
0,bench/30gib-4.bin,90,33554432,486.09,,
0,bench/30gib-4.bin,91,33554432,432.87,,
0,bench/30gib-4.bin,92,33554432,374.53,,
0,bench/30gib-4.bin,93,33554432,411.43,,
0,bench/30gib-4.bin,94,33554432,417.78,,
0,bench/30gib-4.bin,95,33554432,511.10,,
0,bench/30gib-4.bin,96,33554432,426.05,,
0,bench/30gib-4.bin,97,33554432,448.35,,
0,bench/30gib-4.bin,98,33554432,346.09,,
0,bench/30gib-4.bin,99,33554432,429.05,,
0,bench/30gib-4.bin,100,33554432,391.87,,
0,bench/30gib-4.bin,101,33554432,375.65,,
0,bench/30gib-4.bin,102,33554432,493.33,,
0,bench/30gib-4.bin,103,33554432,439.28,,
0,bench/30gib-4.bin,104,33554432,359.71,,
0,bench/30gib-4.bin,105,33554432,586.77,,
0,bench/30gib-4.bin,106,33554432,416.20,,
0,bench/30gib-4.bin,107,33554432,413.80,,
0,bench/30gib-4.bin,108,33554432,397.96,,
0,bench/30gib-4.bin,109,33554432,449.72,,
0,bench/30gib-4.bin,110,33554432,422.32,,
0,bench/30gib-4.bin,111,33554432,397.70,,
0,bench/30gib-4.bin,112,33554432,346.61,,
0,bench/30gib-4.bin,113,33554432,405.22,,
0,bench/30gib-4.bin,114,33554432,1256.70,,
0,bench/30gib-4.bin,115,33554432,375.90,,
0,bench/30gib-4.bin,116,33554432,361.77,,
0,bench/30gib-4.bin,117,33554432,357.17,,
0,bench/30gib-4.bin,118,33554432,494.36,,
0,bench/30gib-4.bin,119,33554432,443.81,,
0,bench/30gib-4.bin,120,33554432,386.07,,
0,bench/30gib-4.bin,121,33554432,386.87,,
0,bench/30gib-4.bin,122,33554432,489.94,,
0,bench/30gib-4.bin,123,33554432,378.31,,
0,bench/30gib-4.bin,124,33554432,344.65,,
0,bench/30gib-4.bin,125,33554432,351.74,,
0,bench/30gib-4.bin,126,33554432,556.28,,
0,bench/30gib-4.bin,127,33554432,512.33,,
0,bench/30gib-4.bin,128,33554432,346.13,,
0,bench/30gib-4.bin,129,33554432,345.23,,
0,bench/30gib-4.bin,130,33554432,481.50,,
0,bench/30gib-4.bin,131,33554432,523.81,,
0,bench/30gib-4.bin,132,33554432,342.54,,
0,bench/30gib-4.bin,133,33554432,344.74,,
0,bench/30gib-4.bin,134,33554432,853.82,,
0,bench/30gib-4.bin,135,33554432,447.36,,
0,bench/30gib-4.bin,136,33554432,458.74,,
0,bench/30gib-4.bin,137,33554432,457.31,,
0,bench/30gib-4.bin,138,33554432,409.31,,
0,bench/30gib-4.bin,139,33554432,399.24,,
0,bench/30gib-4.bin,140,33554432,395.18,,
0,bench/30gib-4.bin,141,33554432,547.39,,
0,bench/30gib-4.bin,142,33554432,406.76,,
0,bench/30gib-4.bin,143,33554432,342.36,,
0,bench/30gib-4.bin,144,33554432,462.02,,
0,bench/30gib-4.bin,145,33554432,343.96,,
0,bench/30gib-4.bin,146,33554432,415.60,,
0,bench/30gib-4.bin,147,33554432,524.57,,
0,bench/30gib-4.bin,148,33554432,349.33,,
0,bench/30gib-4.bin,149,33554432,342.30,,
0,bench/30gib-4.bin,150,33554432,469.97,,
0,bench/30gib-4.bin,151,33554432,473.35,,
0,bench/30gib-4.bin,152,33554432,530.91,,
0,bench/30gib-4.bin,153,33554432,469.83,,
0,bench/30gib-4.bin,154,33554432,439.73,,
0,bench/30gib-4.bin,155,33554432,576.91,,
0,bench/30gib-4.bin,156,33554432,531.05,,
0,bench/30gib-4.bin,157,33554432,392.26,,
0,bench/30gib-4.bin,158,33554432,343.03,,
0,bench/30gib-4.bin,159,33554432,456.36,,
0,bench/30gib-4.bin,160,33554432,392.75,,
0,bench/30gib-4.bin,161,33554432,425.46,,
0,bench/30gib-4.bin,162,33554432,341.82,,
0,bench/30gib-4.bin,163,33554432,450.51,,
0,bench/30gib-4.bin,164,33554432,434.12,,
0,bench/30gib-4.bin,165,33554432,508.15,,
0,bench/30gib-4.bin,166,33554432,1239.28,,
0,bench/30gib-4.bin,167,33554432,432.58,,
0,bench/30gib-4.bin,168,33554432,348.42,,
0,bench/30gib-4.bin,169,33554432,341.45,,
0,bench/30gib-4.bin,170,33554432,346.96,,
0,bench/30gib-4.bin,171,33554432,410.95,,
0,bench/30gib-4.bin,172,33554432,419.19,,
0,bench/30gib-4.bin,173,33554432,555.29,,
0,bench/30gib-4.bin,174,33554432,742.23,,
0,bench/30gib-4.bin,175,33554432,430.44,,
0,bench/30gib-4.bin,176,33554432,359.50,,
0,bench/30gib-4.bin,177,33554432,343.24,,
0,bench/30gib-4.bin,178,33554432,602.13,,
0,bench/30gib-4.bin,179,33554432,761.31,,
0,bench/30gib-4.bin,180,33554432,350.14,,
0,bench/30gib-4.bin,181,33554432,341.49,,
0,bench/30gib-4.bin,182,33554432,485.07,,
0,bench/30gib-4.bin,183,33554432,370.76,,
0,bench/30gib-4.bin,184,33554432,351.65,,
0,bench/30gib-4.bin,185,33554432,572.08,,
0,bench/30gib-4.bin,186,33554432,455.58,,
0,bench/30gib-4.bin,187,33554432,1645.84,,
0,bench/30gib-4.bin,188,33554432,342.67,,
0,bench/30gib-4.bin,189,33554432,492.00,,
0,bench/30gib-4.bin,190,33554432,421.35,,
0,bench/30gib-4.bin,191,33554432,417.09,,
0,bench/30gib-4.bin,192,33554432,355.10,,
0,bench/30gib-4.bin,193,33554432,427.68,,
0,bench/30gib-4.bin,194,33554432,471.48,,
0,bench/30gib-4.bin,195,33554432,343.86,,
0,bench/30gib-4.bin,196,33554432,390.47,,
0,bench/30gib-4.bin,197,33554432,1548.10,,
0,bench/30gib-4.bin,198,33554432,354.58,,
0,bench/30gib-4.bin,199,33554432,355.44,,
0,bench/30gib-4.bin,200,33554432,463.17,,
0,bench/30gib-4.bin,201,33554432,341.11,,
0,bench/30gib-4.bin,202,33554432,365.77,,
0,bench/30gib-4.bin,203,33554432,477.52,,
0,bench/30gib-4.bin,204,33554432,387.10,,
0,bench/30gib-4.bin,205,33554432,342.67,,
0,bench/30gib-4.bin,206,33554432,473.17,,
0,bench/30gib-4.bin,207,33554432,372.55,,
0,bench/30gib-4.bin,208,33554432,373.01,,
0,bench/30gib-4.bin,209,33554432,353.67,,
0,bench/30gib-4.bin,210,33554432,342.29,,
0,bench/30gib-4.bin,211,33554432,442.27,,
0,bench/30gib-4.bin,212,33554432,344.50,,
0,bench/30gib-4.bin,213,33554432,340.93,,
0,bench/30gib-4.bin,214,33554432,468.23,,
0,bench/30gib-4.bin,215,33554432,441.50,,
0,bench/30gib-4.bin,216,33554432,402.82,,
0,bench/30gib-4.bin,217,33554432,679.18,,
0,bench/30gib-4.bin,218,33554432,340.93,,
0,bench/30gib-4.bin,219,33554432,341.11,,
0,bench/30gib-4.bin,220,33554432,386.45,,
0,bench/30gib-4.bin,221,33554432,532.10,,
0,bench/30gib-4.bin,222,33554432,361.19,,
0,bench/30gib-4.bin,223,33554432,366.62,,
0,bench/30gib-4.bin,224,33554432,359.63,,
0,bench/30gib-4.bin,225,33554432,515.22,,
0,bench/30gib-4.bin,226,33554432,348.96,,
0,bench/30gib-4.bin,227,33554432,440.37,,
0,bench/30gib-4.bin,228,33554432,1606.66,,
0,bench/30gib-4.bin,229,33554432,452.18,,
0,bench/30gib-4.bin,230,33554432,410.82,,
0,bench/30gib-4.bin,231,33554432,400.36,,
0,bench/30gib-4.bin,232,33554432,360.87,,
0,bench/30gib-4.bin,233,33554432,1304.29,,
0,bench/30gib-4.bin,234,33554432,848.22,,
0,bench/30gib-4.bin,235,33554432,498.38,,
0,bench/30gib-4.bin,236,33554432,414.31,,
0,bench/30gib-4.bin,237,33554432,343.10,,
0,bench/30gib-4.bin,238,33554432,381.78,,
0,bench/30gib-4.bin,239,33554432,540.47,,
0,bench/30gib-4.bin,240,33554432,386.49,,
0,bench/30gib-4.bin,241,33554432,377.52,,
0,bench/30gib-4.bin,242,33554432,442.72,,
0,bench/30gib-4.bin,243,33554432,392.15,,
0,bench/30gib-4.bin,244,33554432,362.93,,
0,bench/30gib-4.bin,245,33554432,592.72,,
0,bench/30gib-4.bin,246,33554432,436.32,,
0,bench/30gib-4.bin,247,33554432,466.62,,
0,bench/30gib-4.bin,248,33554432,386.63,,
0,bench/30gib-4.bin,249,33554432,436.67,,
0,bench/30gib-4.bin,250,33554432,367.06,,
0,bench/30gib-4.bin,251,33554432,618.28,,
0,bench/30gib-4.bin,252,33554432,346.40,,
0,bench/30gib-4.bin,253,33554432,372.35,,
0,bench/30gib-4.bin,254,33554432,402.13,,
0,bench/30gib-4.bin,255,33554432,523.90,,
0,bench/30gib-4.bin,256,33554432,506.87,,
0,bench/30gib-4.bin,257,33554432,399.95,,
0,bench/30gib-4.bin,258,33554432,371.79,,
0,bench/30gib-4.bin,259,33554432,402.61,,
0,bench/30gib-4.bin,260,33554432,350.28,,
0,bench/30gib-4.bin,261,33554432,392.40,,
0,bench/30gib-4.bin,262,33554432,342.41,,
0,bench/30gib-4.bin,263,33554432,348.74,,
0,bench/30gib-4.bin,264,33554432,407.72,,
0,bench/30gib-4.bin,265,33554432,361.60,,
0,bench/30gib-4.bin,266,33554432,391.79,,
0,bench/30gib-4.bin,267,33554432,501.93,,
0,bench/30gib-4.bin,268,33554432,340.54,,
0,bench/30gib-4.bin,269,33554432,344.81,,
0,bench/30gib-4.bin,270,33554432,737.79,,
0,bench/30gib-4.bin,271,33554432,400.86,,
0,bench/30gib-4.bin,272,33554432,363.81,,
0,bench/30gib-4.bin,273,33554432,340.59,,
0,bench/30gib-4.bin,274,33554432,344.45,,
0,bench/30gib-4.bin,275,33554432,609.47,,
0,bench/30gib-4.bin,276,33554432,433.19,,
0,bench/30gib-4.bin,277,33554432,524.75,,
0,bench/30gib-4.bin,278,33554432,353.33,,
0,bench/30gib-4.bin,279,33554432,345.70,,
0,bench/30gib-4.bin,280,33554432,343.30,,
0,bench/30gib-4.bin,281,33554432,343.97,,
0,bench/30gib-4.bin,282,33554432,618.85,,
0,bench/30gib-4.bin,283,33554432,344.02,,
0,bench/30gib-4.bin,284,33554432,351.24,,
0,bench/30gib-4.bin,285,33554432,436.08,,
0,bench/30gib-4.bin,286,33554432,347.07,,
0,bench/30gib-4.bin,287,33554432,351.69,,
0,bench/30gib-4.bin,288,33554432,341.58,,
0,bench/30gib-4.bin,289,33554432,465.90,,
0,bench/30gib-4.bin,290,33554432,345.64,,
0,bench/30gib-4.bin,291,33554432,419.88,,
0,bench/30gib-4.bin,292,33554432,407.86,,
0,bench/30gib-4.bin,293,33554432,448.81,,
0,bench/30gib-4.bin,294,33554432,340.72,,
0,bench/30gib-4.bin,295,33554432,658.15,,
0,bench/30gib-4.bin,296,33554432,386.54,,
0,bench/30gib-4.bin,297,33554432,363.98,,
0,bench/30gib-4.bin,298,33554432,346.63,,
0,bench/30gib-4.bin,299,33554432,620.45,,
0,bench/30gib-4.bin,300,33554432,355.71,,
0,bench/30gib-4.bin,301,33554432,342.61,,
0,bench/30gib-4.bin,302,33554432,376.89,,
0,bench/30gib-4.bin,303,33554432,345.20,,
0,bench/30gib-4.bin,304,33554432,420.79,,
0,bench/30gib-4.bin,305,33554432,342.41,,
0,bench/30gib-4.bin,306,33554432,551.59,,
0,bench/30gib-4.bin,307,33554432,446.53,,
0,bench/30gib-4.bin,308,33554432,442.55,,
0,bench/30gib-4.bin,309,33554432,426.46,,
0,bench/30gib-4.bin,310,33554432,449.00,,
0,bench/30gib-4.bin,311,33554432,394.51,,
0,bench/30gib-4.bin,312,33554432,704.21,,
0,bench/30gib-4.bin,313,33554432,345.64,,
0,bench/30gib-4.bin,314,33554432,392.14,,
0,bench/30gib-4.bin,315,33554432,362.60,,
0,bench/30gib-4.bin,316,33554432,342.07,,
0,bench/30gib-4.bin,317,33554432,339.95,,
0,bench/30gib-4.bin,318,33554432,445.57,,
0,bench/30gib-4.bin,319,33554432,439.11,,
0,bench/30gib-4.bin,320,33554432,1634.76,,
0,bench/30gib-4.bin,321,33554432,377.77,,
0,bench/30gib-4.bin,322,33554432,353.24,,
0,bench/30gib-4.bin,323,33554432,474.26,,
0,bench/30gib-4.bin,324,33554432,371.90,,
0,bench/30gib-4.bin,325,33554432,398.29,,
0,bench/30gib-4.bin,326,33554432,366.36,,
0,bench/30gib-4.bin,327,33554432,367.40,,
0,bench/30gib-4.bin,328,33554432,1911.33,,
0,bench/30gib-4.bin,329,33554432,441.34,,
0,bench/30gib-4.bin,330,33554432,476.76,,
0,bench/30gib-4.bin,331,33554432,495.07,,
0,bench/30gib-4.bin,332,33554432,341.71,,
0,bench/30gib-4.bin,333,33554432,376.17,,
0,bench/30gib-4.bin,334,33554432,471.84,,
0,bench/30gib-4.bin,335,33554432,471.79,,
0,bench/30gib-4.bin,336,33554432,364.80,,
0,bench/30gib-4.bin,337,33554432,485.17,,
0,bench/30gib-4.bin,338,33554432,342.85,,
0,bench/30gib-4.bin,339,33554432,639.58,,
0,bench/30gib-4.bin,340,33554432,373.35,,
0,bench/30gib-4.bin,341,33554432,2434.77,,
0,bench/30gib-4.bin,342,33554432,341.79,,
0,bench/30gib-4.bin,343,33554432,478.16,,
0,bench/30gib-4.bin,344,33554432,347.39,,
0,bench/30gib-4.bin,345,33554432,411.82,,
0,bench/30gib-4.bin,346,33554432,370.51,,
0,bench/30gib-4.bin,347,33554432,347.63,,
0,bench/30gib-4.bin,348,33554432,405.54,,
0,bench/30gib-4.bin,349,33554432,348.11,,
0,bench/30gib-4.bin,350,33554432,382.99,,
0,bench/30gib-4.bin,351,33554432,341.30,,
0,bench/30gib-4.bin,352,33554432,392.10,,
0,bench/30gib-4.bin,353,33554432,342.95,,
0,bench/30gib-4.bin,354,33554432,344.73,,
0,bench/30gib-4.bin,355,33554432,469.28,,
0,bench/30gib-4.bin,356,33554432,339.81,,
0,bench/30gib-4.bin,357,33554432,343.35,,
0,bench/30gib-4.bin,358,33554432,341.93,,
0,bench/30gib-4.bin,359,33554432,545.02,,
0,bench/30gib-4.bin,360,33554432,396.63,,
0,bench/30gib-4.bin,361,33554432,534.66,,
0,bench/30gib-4.bin,362,33554432,342.28,,
0,bench/30gib-4.bin,363,33554432,905.40,,
0,bench/30gib-4.bin,364,33554432,486.06,,
0,bench/30gib-4.bin,365,33554432,401.70,,
0,bench/30gib-4.bin,366,33554432,346.76,,
0,bench/30gib-4.bin,367,33554432,425.46,,
0,bench/30gib-4.bin,368,33554432,347.92,,
0,bench/30gib-4.bin,369,33554432,451.18,,
0,bench/30gib-4.bin,370,33554432,538.49,,
0,bench/30gib-4.bin,371,33554432,384.88,,
0,bench/30gib-4.bin,372,33554432,594.43,,
0,bench/30gib-4.bin,373,33554432,464.56,,
0,bench/30gib-4.bin,374,33554432,667.83,,
0,bench/30gib-4.bin,375,33554432,437.65,,
0,bench/30gib-4.bin,376,33554432,462.66,,
0,bench/30gib-4.bin,377,33554432,349.73,,
0,bench/30gib-4.bin,378,33554432,410.45,,
0,bench/30gib-4.bin,379,33554432,416.52,,
0,bench/30gib-4.bin,380,33554432,351.46,,
0,bench/30gib-4.bin,381,33554432,373.85,,
0,bench/30gib-4.bin,382,33554432,427.72,,
0,bench/30gib-4.bin,383,33554432,378.47,,
0,bench/30gib-4.bin,384,33554432,347.45,,
0,bench/30gib-4.bin,385,33554432,402.01,,
0,bench/30gib-4.bin,386,33554432,592.62,,
0,bench/30gib-4.bin,387,33554432,461.11,,
0,bench/30gib-4.bin,388,33554432,593.83,,
0,bench/30gib-4.bin,389,33554432,500.43,,
0,bench/30gib-4.bin,390,33554432,354.26,,
0,bench/30gib-4.bin,391,33554432,348.43,,
0,bench/30gib-4.bin,392,33554432,837.43,,
0,bench/30gib-4.bin,393,33554432,436.73,,
0,bench/30gib-4.bin,394,33554432,515.77,,
0,bench/30gib-4.bin,395,33554432,344.27,,
0,bench/30gib-4.bin,396,33554432,440.56,,
0,bench/30gib-4.bin,397,33554432,428.92,,
0,bench/30gib-4.bin,398,33554432,361.74,,
0,bench/30gib-4.bin,399,33554432,423.63,,
0,bench/30gib-4.bin,400,33554432,456.28,,
0,bench/30gib-4.bin,401,33554432,394.63,,
0,bench/30gib-4.bin,402,33554432,416.88,,
0,bench/30gib-4.bin,403,33554432,350.79,,
0,bench/30gib-4.bin,404,33554432,426.01,,
0,bench/30gib-4.bin,405,33554432,419.76,,
0,bench/30gib-4.bin,406,33554432,431.65,,
0,bench/30gib-4.bin,407,33554432,368.54,,
0,bench/30gib-4.bin,408,33554432,344.43,,
0,bench/30gib-4.bin,409,33554432,546.62,,
0,bench/30gib-4.bin,410,33554432,459.47,,
0,bench/30gib-4.bin,411,33554432,368.21,,
0,bench/30gib-4.bin,412,33554432,517.29,,
0,bench/30gib-4.bin,413,33554432,444.05,,
0,bench/30gib-4.bin,414,33554432,562.76,,
0,bench/30gib-4.bin,415,33554432,516.06,,
0,bench/30gib-4.bin,416,33554432,360.37,,
0,bench/30gib-4.bin,417,33554432,414.74,,
0,bench/30gib-4.bin,418,33554432,392.67,,
0,bench/30gib-4.bin,419,33554432,1931.04,,
0,bench/30gib-4.bin,420,33554432,421.80,,
0,bench/30gib-4.bin,421,33554432,397.51,,
0,bench/30gib-4.bin,422,33554432,519.02,,
0,bench/30gib-4.bin,423,33554432,364.31,,
0,bench/30gib-4.bin,424,33554432,419.25,,
0,bench/30gib-4.bin,425,33554432,474.08,,
0,bench/30gib-4.bin,426,33554432,459.95,,
0,bench/30gib-4.bin,427,33554432,348.07,,
0,bench/30gib-4.bin,428,33554432,345.34,,
0,bench/30gib-4.bin,429,33554432,449.53,,
0,bench/30gib-4.bin,430,33554432,352.39,,
0,bench/30gib-4.bin,431,33554432,540.29,,
0,bench/30gib-4.bin,432,33554432,342.42,,
0,bench/30gib-4.bin,433,33554432,348.17,,
0,bench/30gib-4.bin,434,33554432,340.03,,
0,bench/30gib-4.bin,435,33554432,456.82,,
0,bench/30gib-4.bin,436,33554432,438.15,,
0,bench/30gib-4.bin,437,33554432,447.69,,
0,bench/30gib-4.bin,438,33554432,355.88,,
0,bench/30gib-4.bin,439,33554432,596.38,,
0,bench/30gib-4.bin,440,33554432,355.88,,
0,bench/30gib-4.bin,441,33554432,525.19,,
0,bench/30gib-4.bin,442,33554432,715.95,,
0,bench/30gib-4.bin,443,33554432,353.68,,
0,bench/30gib-4.bin,444,33554432,341.07,,
0,bench/30gib-4.bin,445,33554432,464.56,,
0,bench/30gib-4.bin,446,33554432,439.06,,
0,bench/30gib-4.bin,447,33554432,601.57,,
0,bench/30gib-4.bin,448,33554432,513.17,,
0,bench/30gib-4.bin,449,33554432,549.38,,
0,bench/30gib-4.bin,450,33554432,445.91,,
0,bench/30gib-4.bin,451,33554432,389.63,,
0,bench/30gib-4.bin,452,33554432,388.29,,
0,bench/30gib-4.bin,453,33554432,409.65,,
0,bench/30gib-4.bin,454,33554432,371.11,,
0,bench/30gib-4.bin,455,33554432,504.44,,
0,bench/30gib-4.bin,456,33554432,459.98,,
0,bench/30gib-4.bin,457,33554432,389.26,,
0,bench/30gib-4.bin,458,33554432,352.89,,
0,bench/30gib-4.bin,459,33554432,501.72,,
0,bench/30gib-4.bin,460,33554432,390.86,,
0,bench/30gib-4.bin,461,33554432,588.15,,
0,bench/30gib-4.bin,462,33554432,396.05,,
0,bench/30gib-4.bin,463,33554432,494.99,,
0,bench/30gib-4.bin,464,33554432,587.21,,
0,bench/30gib-4.bin,465,33554432,348.73,,
0,bench/30gib-4.bin,466,33554432,453.28,,
0,bench/30gib-4.bin,467,33554432,431.21,,
0,bench/30gib-4.bin,468,33554432,390.01,,
0,bench/30gib-4.bin,469,33554432,456.39,,
0,bench/30gib-4.bin,470,33554432,536.25,,
0,bench/30gib-4.bin,471,33554432,369.16,,
0,bench/30gib-4.bin,472,33554432,340.41,,
0,bench/30gib-4.bin,473,33554432,354.20,,
0,bench/30gib-4.bin,474,33554432,498.99,,
0,bench/30gib-4.bin,475,33554432,415.42,,
0,bench/30gib-4.bin,476,33554432,344.59,,
0,bench/30gib-4.bin,477,33554432,349.61,,
0,bench/30gib-4.bin,478,33554432,1665.69,,
0,bench/30gib-4.bin,479,33554432,487.88,,
0,bench/30gib-4.bin,480,33554432,340.27,,
0,bench/30gib-4.bin,481,33554432,366.68,,
0,bench/30gib-4.bin,482,33554432,451.02,,
0,bench/30gib-4.bin,483,33554432,364.09,,
0,bench/30gib-4.bin,484,33554432,445.52,,
0,bench/30gib-4.bin,485,33554432,620.87,,
0,bench/30gib-4.bin,486,33554432,342.29,,
0,bench/30gib-4.bin,487,33554432,344.39,,
0,bench/30gib-4.bin,488,33554432,412.92,,
0,bench/30gib-4.bin,489,33554432,346.20,,
0,bench/30gib-4.bin,490,33554432,387.38,,
0,bench/30gib-4.bin,491,33554432,380.30,,
0,bench/30gib-4.bin,492,33554432,461.35,,
0,bench/30gib-4.bin,493,33554432,468.64,,
0,bench/30gib-4.bin,494,33554432,375.57,,
0,bench/30gib-4.bin,495,33554432,428.10,,
0,bench/30gib-4.bin,496,33554432,443.36,,
0,bench/30gib-4.bin,497,33554432,461.47,,
0,bench/30gib-4.bin,498,33554432,356.95,,
0,bench/30gib-4.bin,499,33554432,548.95,,
0,bench/30gib-4.bin,500,33554432,345.88,,
0,bench/30gib-4.bin,501,33554432,404.24,,
0,bench/30gib-4.bin,502,33554432,451.73,,
0,bench/30gib-4.bin,503,33554432,346.71,,
0,bench/30gib-4.bin,504,33554432,343.61,,
0,bench/30gib-4.bin,505,33554432,369.13,,
0,bench/30gib-4.bin,506,33554432,1009.32,,
0,bench/30gib-4.bin,507,33554432,345.69,,
0,bench/30gib-4.bin,508,33554432,392.17,,
0,bench/30gib-4.bin,509,33554432,362.51,,
0,bench/30gib-4.bin,510,33554432,450.22,,
0,bench/30gib-4.bin,511,33554432,492.50,,
0,bench/30gib-4.bin,512,33554432,458.64,,
0,bench/30gib-4.bin,513,33554432,450.09,,
0,bench/30gib-4.bin,514,33554432,511.55,,
0,bench/30gib-4.bin,515,33554432,457.64,,
0,bench/30gib-4.bin,516,33554432,349.53,,
0,bench/30gib-4.bin,517,33554432,600.07,,
0,bench/30gib-4.bin,518,33554432,346.22,,
0,bench/30gib-4.bin,519,33554432,518.50,,
0,bench/30gib-4.bin,520,33554432,516.97,,
0,bench/30gib-4.bin,521,33554432,422.33,,
0,bench/30gib-4.bin,522,33554432,422.94,,
0,bench/30gib-4.bin,523,33554432,341.16,,
0,bench/30gib-4.bin,524,33554432,427.87,,
0,bench/30gib-4.bin,525,33554432,345.51,,
0,bench/30gib-4.bin,526,33554432,519.87,,
0,bench/30gib-4.bin,527,33554432,425.70,,
0,bench/30gib-4.bin,528,33554432,392.52,,
0,bench/30gib-4.bin,529,33554432,821.95,,
0,bench/30gib-4.bin,530,33554432,381.55,,
0,bench/30gib-4.bin,531,33554432,348.76,,
0,bench/30gib-4.bin,532,33554432,353.16,,
0,bench/30gib-4.bin,533,33554432,392.50,,
0,bench/30gib-4.bin,534,33554432,368.54,,
0,bench/30gib-4.bin,535,33554432,453.31,,
0,bench/30gib-4.bin,536,33554432,559.93,,
0,bench/30gib-4.bin,537,33554432,448.47,,
0,bench/30gib-4.bin,538,33554432,345.50,,
0,bench/30gib-4.bin,539,33554432,348.13,,
0,bench/30gib-4.bin,540,33554432,454.39,,
0,bench/30gib-4.bin,541,33554432,385.40,,
0,bench/30gib-4.bin,542,33554432,1880.91,,
0,bench/30gib-4.bin,543,33554432,343.55,,
0,bench/30gib-4.bin,544,33554432,365.59,,
0,bench/30gib-4.bin,545,33554432,347.57,,
0,bench/30gib-4.bin,546,33554432,375.55,,
0,bench/30gib-4.bin,547,33554432,364.92,,
0,bench/30gib-4.bin,548,33554432,407.08,,
0,bench/30gib-4.bin,549,33554432,389.43,,
0,bench/30gib-4.bin,550,33554432,449.02,,
0,bench/30gib-4.bin,551,33554432,406.22,,
0,bench/30gib-4.bin,552,33554432,569.02,,
0,bench/30gib-4.bin,553,33554432,600.51,,
0,bench/30gib-4.bin,554,33554432,360.06,,
0,bench/30gib-4.bin,555,33554432,384.79,,
0,bench/30gib-4.bin,556,33554432,460.30,,
0,bench/30gib-4.bin,557,33554432,340.89,,
0,bench/30gib-4.bin,558,33554432,413.83,,
0,bench/30gib-4.bin,559,33554432,861.06,,
0,bench/30gib-4.bin,560,33554432,389.18,,
0,bench/30gib-4.bin,561,33554432,378.77,,
0,bench/30gib-4.bin,562,33554432,488.83,,
0,bench/30gib-4.bin,563,33554432,425.58,,
0,bench/30gib-4.bin,564,33554432,463.41,,
0,bench/30gib-4.bin,565,33554432,403.48,,
0,bench/30gib-4.bin,566,33554432,341.66,,
0,bench/30gib-4.bin,567,33554432,359.17,,
0,bench/30gib-4.bin,568,33554432,501.88,,
0,bench/30gib-4.bin,569,33554432,563.51,,
0,bench/30gib-4.bin,570,33554432,403.12,,
0,bench/30gib-4.bin,571,33554432,454.27,,
0,bench/30gib-4.bin,572,33554432,426.12,,
0,bench/30gib-4.bin,573,33554432,344.07,,
0,bench/30gib-4.bin,574,33554432,779.11,,
0,bench/30gib-4.bin,575,33554432,445.95,,
0,bench/30gib-4.bin,576,33554432,368.94,,
0,bench/30gib-4.bin,577,33554432,586.55,,
0,bench/30gib-4.bin,578,33554432,574.15,,
0,bench/30gib-4.bin,579,33554432,522.99,,
0,bench/30gib-4.bin,580,33554432,459.87,,
0,bench/30gib-4.bin,581,33554432,638.86,,
0,bench/30gib-4.bin,582,33554432,440.91,,
0,bench/30gib-4.bin,583,33554432,427.30,,
0,bench/30gib-4.bin,584,33554432,607.74,,
0,bench/30gib-4.bin,585,33554432,545.84,,
0,bench/30gib-4.bin,586,33554432,496.57,,
0,bench/30gib-4.bin,587,33554432,385.48,,
0,bench/30gib-4.bin,588,33554432,347.74,,
0,bench/30gib-4.bin,589,33554432,360.59,,
0,bench/30gib-4.bin,590,33554432,353.85,,
0,bench/30gib-4.bin,591,33554432,512.19,,
0,bench/30gib-4.bin,592,33554432,348.73,,
0,bench/30gib-4.bin,593,33554432,417.55,,
0,bench/30gib-4.bin,594,33554432,379.74,,
0,bench/30gib-4.bin,595,33554432,341.65,,
0,bench/30gib-4.bin,596,33554432,361.24,,
0,bench/30gib-4.bin,597,33554432,434.86,,
0,bench/30gib-4.bin,598,33554432,465.82,,
0,bench/30gib-4.bin,599,33554432,455.94,,
0,bench/30gib-4.bin,600,33554432,537.75,,
0,bench/30gib-4.bin,601,33554432,447.51,,
0,bench/30gib-4.bin,602,33554432,383.59,,
0,bench/30gib-4.bin,603,33554432,382.84,,
0,bench/30gib-4.bin,604,33554432,347.96,,
0,bench/30gib-4.bin,605,33554432,395.42,,
0,bench/30gib-4.bin,606,33554432,537.21,,
0,bench/30gib-4.bin,607,33554432,383.99,,
0,bench/30gib-4.bin,608,33554432,2680.28,,
0,bench/30gib-4.bin,609,33554432,445.07,,
0,bench/30gib-4.bin,610,33554432,384.12,,
0,bench/30gib-4.bin,611,33554432,362.51,,
0,bench/30gib-4.bin,612,33554432,492.84,,
0,bench/30gib-4.bin,613,33554432,376.49,,
0,bench/30gib-4.bin,614,33554432,396.29,,
0,bench/30gib-4.bin,615,33554432,605.33,,
0,bench/30gib-4.bin,616,33554432,346.71,,
0,bench/30gib-4.bin,617,33554432,352.32,,
0,bench/30gib-4.bin,618,33554432,644.38,,
0,bench/30gib-4.bin,619,33554432,432.19,,
0,bench/30gib-4.bin,620,33554432,356.64,,
0,bench/30gib-4.bin,621,33554432,371.63,,
0,bench/30gib-4.bin,622,33554432,425.08,,
0,bench/30gib-4.bin,623,33554432,515.20,,
0,bench/30gib-4.bin,624,33554432,399.97,,
0,bench/30gib-4.bin,625,33554432,455.16,,
0,bench/30gib-4.bin,626,33554432,344.31,,
0,bench/30gib-4.bin,627,33554432,510.21,,
0,bench/30gib-4.bin,628,33554432,361.12,,
0,bench/30gib-4.bin,629,33554432,457.88,,
0,bench/30gib-4.bin,630,33554432,447.83,,
0,bench/30gib-4.bin,631,33554432,425.13,,
0,bench/30gib-4.bin,632,33554432,442.04,,
0,bench/30gib-4.bin,633,33554432,435.57,,
0,bench/30gib-4.bin,634,33554432,345.80,,
0,bench/30gib-4.bin,635,33554432,339.16,,
0,bench/30gib-4.bin,636,33554432,649.63,,
0,bench/30gib-4.bin,637,33554432,344.77,,
0,bench/30gib-4.bin,638,33554432,627.00,,
0,bench/30gib-4.bin,639,33554432,515.52,,
0,bench/30gib-4.bin,640,33554432,375.57,,
0,bench/30gib-4.bin,641,33554432,590.90,,
0,bench/30gib-4.bin,642,33554432,368.00,,
0,bench/30gib-4.bin,643,33554432,346.80,,
0,bench/30gib-4.bin,644,33554432,596.71,,
0,bench/30gib-4.bin,645,33554432,421.30,,
0,bench/30gib-4.bin,646,33554432,365.52,,
0,bench/30gib-4.bin,647,33554432,439.80,,
0,bench/30gib-4.bin,648,33554432,357.69,,
0,bench/30gib-4.bin,649,33554432,385.31,,
0,bench/30gib-4.bin,650,33554432,376.15,,
0,bench/30gib-4.bin,651,33554432,342.94,,
0,bench/30gib-4.bin,652,33554432,437.06,,
0,bench/30gib-4.bin,653,33554432,342.54,,
0,bench/30gib-4.bin,654,33554432,466.71,,
0,bench/30gib-4.bin,655,33554432,347.43,,
0,bench/30gib-4.bin,656,33554432,349.53,,
0,bench/30gib-4.bin,657,33554432,422.57,,
0,bench/30gib-4.bin,658,33554432,342.01,,
0,bench/30gib-4.bin,659,33554432,368.97,,
0,bench/30gib-4.bin,660,33554432,507.40,,
0,bench/30gib-4.bin,661,33554432,403.26,,
0,bench/30gib-4.bin,662,33554432,445.50,,
0,bench/30gib-4.bin,663,33554432,475.60,,
0,bench/30gib-4.bin,664,33554432,343.59,,
0,bench/30gib-4.bin,665,33554432,390.55,,
0,bench/30gib-4.bin,666,33554432,1607.76,,
0,bench/30gib-4.bin,667,33554432,341.52,,
0,bench/30gib-4.bin,668,33554432,348.98,,
0,bench/30gib-4.bin,669,33554432,361.97,,
0,bench/30gib-4.bin,670,33554432,497.88,,
0,bench/30gib-4.bin,671,33554432,551.85,,
0,bench/30gib-4.bin,672,33554432,340.03,,
0,bench/30gib-4.bin,673,33554432,342.12,,
0,bench/30gib-4.bin,674,33554432,342.05,,
0,bench/30gib-4.bin,675,33554432,341.32,,
0,bench/30gib-4.bin,676,33554432,395.45,,
0,bench/30gib-4.bin,677,33554432,468.83,,
0,bench/30gib-4.bin,678,33554432,401.36,,
0,bench/30gib-4.bin,679,33554432,409.20,,
0,bench/30gib-4.bin,680,33554432,372.13,,
0,bench/30gib-4.bin,681,33554432,465.47,,
0,bench/30gib-4.bin,682,33554432,469.98,,
0,bench/30gib-4.bin,683,33554432,461.72,,
0,bench/30gib-4.bin,684,33554432,342.42,,
0,bench/30gib-4.bin,685,33554432,356.93,,
0,bench/30gib-4.bin,686,33554432,457.69,,
0,bench/30gib-4.bin,687,33554432,394.88,,
0,bench/30gib-4.bin,688,33554432,486.47,,
0,bench/30gib-4.bin,689,33554432,506.04,,
0,bench/30gib-4.bin,690,33554432,426.88,,
0,bench/30gib-4.bin,691,33554432,402.28,,
0,bench/30gib-4.bin,692,33554432,537.44,,
0,bench/30gib-4.bin,693,33554432,340.43,,
0,bench/30gib-4.bin,694,33554432,345.22,,
0,bench/30gib-4.bin,695,33554432,344.35,,
0,bench/30gib-4.bin,696,33554432,408.66,,
0,bench/30gib-4.bin,697,33554432,340.46,,
0,bench/30gib-4.bin,698,33554432,413.28,,
0,bench/30gib-4.bin,699,33554432,340.02,,
0,bench/30gib-4.bin,700,33554432,399.28,,
0,bench/30gib-4.bin,701,33554432,378.30,,
0,bench/30gib-4.bin,702,33554432,512.99,,
0,bench/30gib-4.bin,703,33554432,397.12,,
0,bench/30gib-4.bin,704,33554432,371.33,,
0,bench/30gib-4.bin,705,33554432,367.21,,
0,bench/30gib-4.bin,706,33554432,394.85,,
0,bench/30gib-4.bin,707,33554432,468.24,,
0,bench/30gib-4.bin,708,33554432,340.75,,
0,bench/30gib-4.bin,709,33554432,343.46,,
0,bench/30gib-4.bin,710,33554432,349.57,,
0,bench/30gib-4.bin,711,33554432,402.74,,
0,bench/30gib-4.bin,712,33554432,395.31,,
0,bench/30gib-4.bin,713,33554432,359.31,,
0,bench/30gib-4.bin,714,33554432,623.13,,
0,bench/30gib-4.bin,715,33554432,341.21,,
0,bench/30gib-4.bin,716,33554432,361.58,,
0,bench/30gib-4.bin,717,33554432,341.20,,
0,bench/30gib-4.bin,718,33554432,341.66,,
0,bench/30gib-4.bin,719,33554432,438.79,,
0,bench/30gib-4.bin,720,33554432,429.72,,
0,bench/30gib-4.bin,721,33554432,1150.03,,
0,bench/30gib-4.bin,722,33554432,381.30,,
0,bench/30gib-4.bin,723,33554432,349.40,,
0,bench/30gib-4.bin,724,33554432,347.91,,
0,bench/30gib-4.bin,725,33554432,487.42,,
0,bench/30gib-4.bin,726,33554432,392.46,,
0,bench/30gib-4.bin,727,33554432,348.45,,
0,bench/30gib-4.bin,728,33554432,427.71,,
0,bench/30gib-4.bin,729,33554432,342.97,,
0,bench/30gib-4.bin,730,33554432,419.84,,
0,bench/30gib-4.bin,731,33554432,341.08,,
0,bench/30gib-4.bin,732,33554432,359.02,,
0,bench/30gib-4.bin,733,33554432,456.03,,
0,bench/30gib-4.bin,734,33554432,459.67,,
0,bench/30gib-4.bin,735,33554432,791.39,,
0,bench/30gib-4.bin,736,33554432,355.16,,
0,bench/30gib-4.bin,737,33554432,350.25,,
0,bench/30gib-4.bin,738,33554432,619.06,,
0,bench/30gib-4.bin,739,33554432,512.54,,
0,bench/30gib-4.bin,740,33554432,347.97,,
0,bench/30gib-4.bin,741,33554432,364.73,,
0,bench/30gib-4.bin,742,33554432,469.31,,
0,bench/30gib-4.bin,743,33554432,496.34,,
0,bench/30gib-4.bin,744,33554432,381.57,,
0,bench/30gib-4.bin,745,33554432,1676.25,,
0,bench/30gib-4.bin,746,33554432,403.39,,
0,bench/30gib-4.bin,747,33554432,505.97,,
0,bench/30gib-4.bin,748,33554432,511.82,,
0,bench/30gib-4.bin,749,33554432,499.17,,
0,bench/30gib-4.bin,750,33554432,341.80,,
0,bench/30gib-4.bin,751,33554432,401.89,,
0,bench/30gib-4.bin,752,33554432,434.77,,
0,bench/30gib-4.bin,753,33554432,560.52,,
0,bench/30gib-4.bin,754,33554432,393.83,,
0,bench/30gib-4.bin,755,33554432,557.96,,
0,bench/30gib-4.bin,756,33554432,346.56,,
0,bench/30gib-4.bin,757,33554432,418.01,,
0,bench/30gib-4.bin,758,33554432,390.18,,
0,bench/30gib-4.bin,759,33554432,493.64,,
0,bench/30gib-4.bin,760,33554432,351.62,,
0,bench/30gib-4.bin,761,33554432,418.46,,
0,bench/30gib-4.bin,762,33554432,376.99,,
0,bench/30gib-4.bin,763,33554432,521.96,,
0,bench/30gib-4.bin,764,33554432,341.06,,
0,bench/30gib-4.bin,765,33554432,544.38,,
0,bench/30gib-4.bin,766,33554432,347.42,,
0,bench/30gib-4.bin,767,33554432,348.15,,
0,bench/30gib-4.bin,768,33554432,407.54,,
0,bench/30gib-4.bin,769,33554432,420.01,,
0,bench/30gib-4.bin,770,33554432,470.23,,
0,bench/30gib-4.bin,771,33554432,393.77,,
0,bench/30gib-4.bin,772,33554432,346.52,,
0,bench/30gib-4.bin,773,33554432,518.86,,
0,bench/30gib-4.bin,774,33554432,347.12,,
0,bench/30gib-4.bin,775,33554432,350.34,,
0,bench/30gib-4.bin,776,33554432,374.75,,
0,bench/30gib-4.bin,777,33554432,391.02,,
0,bench/30gib-4.bin,778,33554432,514.23,,
0,bench/30gib-4.bin,779,33554432,583.75,,
0,bench/30gib-4.bin,780,33554432,344.97,,
0,bench/30gib-4.bin,781,33554432,611.51,,
0,bench/30gib-4.bin,782,33554432,520.14,,
0,bench/30gib-4.bin,783,33554432,398.82,,
0,bench/30gib-4.bin,784,33554432,504.95,,
0,bench/30gib-4.bin,785,33554432,454.35,,
0,bench/30gib-4.bin,786,33554432,497.06,,
0,bench/30gib-4.bin,787,33554432,394.77,,
0,bench/30gib-4.bin,788,33554432,341.34,,
0,bench/30gib-4.bin,789,33554432,413.71,,
0,bench/30gib-4.bin,790,33554432,484.39,,
0,bench/30gib-4.bin,791,33554432,481.60,,
0,bench/30gib-4.bin,792,33554432,413.27,,
0,bench/30gib-4.bin,793,33554432,345.79,,
0,bench/30gib-4.bin,794,33554432,504.24,,
0,bench/30gib-4.bin,795,33554432,343.78,,
0,bench/30gib-4.bin,796,33554432,348.99,,
0,bench/30gib-4.bin,797,33554432,424.89,,
0,bench/30gib-4.bin,798,33554432,405.65,,
0,bench/30gib-4.bin,799,33554432,590.88,,
0,bench/30gib-4.bin,800,33554432,504.70,,
0,bench/30gib-4.bin,801,33554432,461.22,,
0,bench/30gib-4.bin,802,33554432,794.52,,
0,bench/30gib-4.bin,803,33554432,346.29,,
0,bench/30gib-4.bin,804,33554432,369.29,,
0,bench/30gib-4.bin,805,33554432,374.95,,
0,bench/30gib-4.bin,806,33554432,342.61,,
0,bench/30gib-4.bin,807,33554432,524.54,,
0,bench/30gib-4.bin,808,33554432,405.49,,
0,bench/30gib-4.bin,809,33554432,351.76,,
0,bench/30gib-4.bin,810,33554432,596.99,,
0,bench/30gib-4.bin,811,33554432,347.94,,
0,bench/30gib-4.bin,812,33554432,484.46,,
0,bench/30gib-4.bin,813,33554432,362.56,,
0,bench/30gib-4.bin,814,33554432,406.73,,
0,bench/30gib-4.bin,815,33554432,667.24,,
0,bench/30gib-4.bin,816,33554432,378.48,,
0,bench/30gib-4.bin,817,33554432,421.38,,
0,bench/30gib-4.bin,818,33554432,390.68,,
0,bench/30gib-4.bin,819,33554432,2140.50,,
0,bench/30gib-4.bin,820,33554432,427.24,,
0,bench/30gib-4.bin,821,33554432,540.55,,
0,bench/30gib-4.bin,822,33554432,429.90,,
0,bench/30gib-4.bin,823,33554432,346.06,,
0,bench/30gib-4.bin,824,33554432,442.56,,
0,bench/30gib-4.bin,825,33554432,341.27,,
0,bench/30gib-4.bin,826,33554432,531.19,,
0,bench/30gib-4.bin,827,33554432,399.04,,
0,bench/30gib-4.bin,828,33554432,524.10,,
0,bench/30gib-4.bin,829,33554432,534.17,,
0,bench/30gib-4.bin,830,33554432,354.08,,
0,bench/30gib-4.bin,831,33554432,439.98,,
0,bench/30gib-4.bin,832,33554432,424.18,,
0,bench/30gib-4.bin,833,33554432,362.54,,
0,bench/30gib-4.bin,834,33554432,396.59,,
0,bench/30gib-4.bin,835,33554432,391.50,,
0,bench/30gib-4.bin,836,33554432,344.56,,
0,bench/30gib-4.bin,837,33554432,343.14,,
0,bench/30gib-4.bin,838,33554432,568.68,,
0,bench/30gib-4.bin,839,33554432,1214.76,,
0,bench/30gib-4.bin,840,33554432,344.01,,
0,bench/30gib-4.bin,841,33554432,417.53,,
0,bench/30gib-4.bin,842,33554432,458.77,,
0,bench/30gib-4.bin,843,33554432,384.62,,
0,bench/30gib-4.bin,844,33554432,351.43,,
0,bench/30gib-4.bin,845,33554432,360.53,,
0,bench/30gib-4.bin,846,33554432,352.35,,
0,bench/30gib-4.bin,847,33554432,355.99,,
0,bench/30gib-4.bin,848,33554432,341.64,,
0,bench/30gib-4.bin,849,33554432,367.96,,
0,bench/30gib-4.bin,850,33554432,372.93,,
0,bench/30gib-4.bin,851,33554432,422.38,,
0,bench/30gib-4.bin,852,33554432,474.23,,
0,bench/30gib-4.bin,853,33554432,345.27,,
0,bench/30gib-4.bin,854,33554432,341.81,,
0,bench/30gib-4.bin,855,33554432,590.35,,
0,bench/30gib-4.bin,856,33554432,349.36,,
0,bench/30gib-4.bin,857,33554432,431.67,,
0,bench/30gib-4.bin,858,33554432,420.61,,
0,bench/30gib-4.bin,859,33554432,424.94,,
0,bench/30gib-4.bin,860,33554432,441.89,,
0,bench/30gib-4.bin,861,33554432,340.76,,
0,bench/30gib-4.bin,862,33554432,538.50,,
0,bench/30gib-4.bin,863,33554432,414.50,,
0,bench/30gib-4.bin,864,33554432,344.83,,
0,bench/30gib-4.bin,865,33554432,371.77,,
0,bench/30gib-4.bin,866,33554432,425.01,,
0,bench/30gib-4.bin,867,33554432,388.61,,
0,bench/30gib-4.bin,868,33554432,482.47,,
0,bench/30gib-4.bin,869,33554432,339.89,,
0,bench/30gib-4.bin,870,33554432,340.88,,
0,bench/30gib-4.bin,871,33554432,356.15,,
0,bench/30gib-4.bin,872,33554432,459.44,,
0,bench/30gib-4.bin,873,33554432,433.07,,
0,bench/30gib-4.bin,874,33554432,440.10,,
0,bench/30gib-4.bin,875,33554432,411.73,,
0,bench/30gib-4.bin,876,33554432,379.37,,
0,bench/30gib-4.bin,877,33554432,343.44,,
0,bench/30gib-4.bin,878,33554432,344.02,,
0,bench/30gib-4.bin,879,33554432,577.88,,
0,bench/30gib-4.bin,880,33554432,353.03,,
0,bench/30gib-4.bin,881,33554432,352.85,,
0,bench/30gib-4.bin,882,33554432,356.11,,
0,bench/30gib-4.bin,883,33554432,341.34,,
0,bench/30gib-4.bin,884,33554432,470.67,,
0,bench/30gib-4.bin,885,33554432,342.11,,
0,bench/30gib-4.bin,886,33554432,551.34,,
0,bench/30gib-4.bin,887,33554432,585.13,,
0,bench/30gib-4.bin,888,33554432,456.06,,
0,bench/30gib-4.bin,889,33554432,387.40,,
0,bench/30gib-4.bin,890,33554432,512.21,,
0,bench/30gib-4.bin,891,33554432,822.47,,
0,bench/30gib-4.bin,892,33554432,425.03,,
0,bench/30gib-4.bin,893,33554432,349.65,,
0,bench/30gib-4.bin,894,33554432,457.66,,
0,bench/30gib-4.bin,895,33554432,349.74,,
0,bench/30gib-4.bin,896,33554432,966.62,,
0,bench/30gib-4.bin,897,33554432,539.91,,
0,bench/30gib-4.bin,898,33554432,345.08,,
0,bench/30gib-4.bin,899,33554432,354.98,,
0,bench/30gib-4.bin,900,33554432,525.15,,
0,bench/30gib-4.bin,901,33554432,431.28,,
0,bench/30gib-4.bin,902,33554432,452.39,,
0,bench/30gib-4.bin,903,33554432,424.60,,
0,bench/30gib-4.bin,904,33554432,357.24,,
0,bench/30gib-4.bin,905,33554432,1224.44,,
0,bench/30gib-4.bin,906,33554432,354.17,,
0,bench/30gib-4.bin,907,33554432,383.74,,
0,bench/30gib-4.bin,908,33554432,386.31,,
0,bench/30gib-4.bin,909,33554432,343.26,,
0,bench/30gib-4.bin,910,33554432,734.77,,
0,bench/30gib-4.bin,911,33554432,343.38,,
0,bench/30gib-4.bin,912,33554432,397.17,,
0,bench/30gib-4.bin,913,33554432,351.04,,
0,bench/30gib-4.bin,914,33554432,417.73,,
0,bench/30gib-4.bin,915,33554432,340.96,,
0,bench/30gib-4.bin,916,33554432,465.45,,
0,bench/30gib-4.bin,917,33554432,550.95,,
0,bench/30gib-4.bin,918,33554432,380.71,,
0,bench/30gib-4.bin,919,33554432,413.82,,
0,bench/30gib-4.bin,920,33554432,455.03,,
0,bench/30gib-4.bin,921,33554432,371.59,,
0,bench/30gib-4.bin,922,33554432,691.11,,
0,bench/30gib-4.bin,923,33554432,341.00,,
0,bench/30gib-4.bin,924,33554432,351.65,,
0,bench/30gib-4.bin,925,33554432,432.96,,
0,bench/30gib-4.bin,926,33554432,365.63,,
0,bench/30gib-4.bin,927,33554432,380.03,,
0,bench/30gib-4.bin,928,33554432,441.42,,
0,bench/30gib-4.bin,929,33554432,614.88,,
0,bench/30gib-4.bin,930,33554432,371.39,,
0,bench/30gib-4.bin,931,33554432,346.23,,
0,bench/30gib-4.bin,932,33554432,358.10,,
0,bench/30gib-4.bin,933,33554432,382.67,,
0,bench/30gib-4.bin,934,33554432,403.15,,
0,bench/30gib-4.bin,935,33554432,371.26,,
0,bench/30gib-4.bin,936,33554432,373.67,,
0,bench/30gib-4.bin,937,33554432,361.21,,
0,bench/30gib-4.bin,938,33554432,459.05,,
0,bench/30gib-4.bin,939,33554432,349.10,,
0,bench/30gib-4.bin,940,33554432,375.54,,
0,bench/30gib-4.bin,941,33554432,361.56,,
0,bench/30gib-4.bin,942,33554432,408.12,,
0,bench/30gib-4.bin,943,33554432,552.24,,
0,bench/30gib-4.bin,944,33554432,511.98,,
0,bench/30gib-4.bin,945,33554432,520.38,,
0,bench/30gib-4.bin,946,33554432,402.95,,
0,bench/30gib-4.bin,947,33554432,340.95,,
0,bench/30gib-4.bin,948,33554432,432.86,,
0,bench/30gib-4.bin,949,33554432,490.13,,
0,bench/30gib-4.bin,950,33554432,704.78,,
0,bench/30gib-4.bin,951,33554432,342.28,,
0,bench/30gib-4.bin,952,33554432,382.85,,
0,bench/30gib-4.bin,953,33554432,526.05,,
0,bench/30gib-4.bin,954,33554432,341.66,,
0,bench/30gib-4.bin,955,33554432,369.54,,
0,bench/30gib-4.bin,956,33554432,503.21,,
0,bench/30gib-4.bin,957,33554432,346.89,,
0,bench/30gib-4.bin,958,33554432,342.73,,
0,bench/30gib-4.bin,959,33554432,357.34,,
0,bench/30gib-4.bin,960,33554432,349.46,,
0,bench/30gib-5.bin,1,33554432,840.68,,
0,bench/30gib-5.bin,2,33554432,1453.08,,
0,bench/30gib-5.bin,3,33554432,1211.03,,
0,bench/30gib-5.bin,4,33554432,1484.23,,
0,bench/30gib-5.bin,5,33554432,1449.36,,
0,bench/30gib-5.bin,6,33554432,1791.84,,
0,bench/30gib-5.bin,7,33554432,1678.45,,
0,bench/30gib-5.bin,8,33554432,1760.97,,
0,bench/30gib-5.bin,9,33554432,872.21,,
0,bench/30gib-5.bin,10,33554432,3002.00,,
0,bench/30gib-5.bin,11,33554432,1102.18,,
0,bench/30gib-5.bin,12,33554432,1019.83,,
0,bench/30gib-5.bin,13,33554432,888.39,,
0,bench/30gib-5.bin,14,33554432,1650.54,,
0,bench/30gib-5.bin,15,33554432,1167.48,,
0,bench/30gib-5.bin,16,33554432,1305.49,,
0,bench/30gib-5.bin,17,33554432,1690.82,,
0,bench/30gib-5.bin,18,33554432,1314.20,,
0,bench/30gib-5.bin,19,33554432,850.44,,
0,bench/30gib-5.bin,20,33554432,1554.81,,
0,bench/30gib-5.bin,21,33554432,2043.33,,
0,bench/30gib-5.bin,22,33554432,1703.72,,
0,bench/30gib-5.bin,23,33554432,1649.45,,
0,bench/30gib-5.bin,24,33554432,1512.88,,
0,bench/30gib-5.bin,25,33554432,1904.41,,
0,bench/30gib-5.bin,26,33554432,638.09,,
0,bench/30gib-5.bin,27,33554432,1001.12,,
0,bench/30gib-5.bin,28,33554432,590.73,,
0,bench/30gib-5.bin,29,33554432,497.57,,
0,bench/30gib-5.bin,30,33554432,864.18,,
0,bench/30gib-5.bin,31,33554432,796.87,,
0,bench/30gib-5.bin,32,33554432,362.17,,
0,bench/30gib-5.bin,33,33554432,921.26,,
0,bench/30gib-5.bin,34,33554432,794.85,,
0,bench/30gib-5.bin,35,33554432,602.72,,
0,bench/30gib-5.bin,36,33554432,1154.96,,
0,bench/30gib-5.bin,37,33554432,521.14,,
0,bench/30gib-5.bin,38,33554432,520.18,,
0,bench/30gib-5.bin,39,33554432,522.24,,
0,bench/30gib-5.bin,40,33554432,421.95,,
0,bench/30gib-5.bin,41,33554432,798.73,,
0,bench/30gib-5.bin,42,33554432,390.88,,
0,bench/30gib-5.bin,43,33554432,543.57,,
0,bench/30gib-5.bin,44,33554432,809.24,,
0,bench/30gib-5.bin,45,33554432,522.27,,
0,bench/30gib-5.bin,46,33554432,730.82,,
0,bench/30gib-5.bin,47,33554432,577.13,,
0,bench/30gib-5.bin,48,33554432,718.68,,
0,bench/30gib-5.bin,49,33554432,678.62,,
0,bench/30gib-5.bin,50,33554432,539.39,,
0,bench/30gib-5.bin,51,33554432,529.86,,
0,bench/30gib-5.bin,52,33554432,371.82,,
0,bench/30gib-5.bin,53,33554432,531.94,,
0,bench/30gib-5.bin,54,33554432,683.16,,
0,bench/30gib-5.bin,55,33554432,955.82,,
0,bench/30gib-5.bin,56,33554432,582.41,,
0,bench/30gib-5.bin,57,33554432,399.66,,
0,bench/30gib-5.bin,58,33554432,407.89,,
0,bench/30gib-5.bin,59,33554432,431.48,,
0,bench/30gib-5.bin,60,33554432,448.09,,
0,bench/30gib-5.bin,61,33554432,528.97,,
0,bench/30gib-5.bin,62,33554432,467.21,,
0,bench/30gib-5.bin,63,33554432,1062.27,,
0,bench/30gib-5.bin,64,33554432,357.83,,
0,bench/30gib-5.bin,65,33554432,493.31,,
0,bench/30gib-5.bin,66,33554432,849.54,,
0,bench/30gib-5.bin,67,33554432,623.45,,
0,bench/30gib-5.bin,68,33554432,536.77,,
0,bench/30gib-5.bin,69,33554432,823.70,,
0,bench/30gib-5.bin,70,33554432,505.65,,
0,bench/30gib-5.bin,71,33554432,644.39,,
0,bench/30gib-5.bin,72,33554432,575.66,,
0,bench/30gib-5.bin,73,33554432,496.33,,
0,bench/30gib-5.bin,74,33554432,446.43,,
0,bench/30gib-5.bin,75,33554432,464.09,,
0,bench/30gib-5.bin,76,33554432,411.66,,
0,bench/30gib-5.bin,77,33554432,468.91,,
0,bench/30gib-5.bin,78,33554432,346.13,,
0,bench/30gib-5.bin,79,33554432,459.92,,
0,bench/30gib-5.bin,80,33554432,571.75,,
0,bench/30gib-5.bin,81,33554432,513.36,,
0,bench/30gib-5.bin,82,33554432,343.65,,
0,bench/30gib-5.bin,83,33554432,554.96,,
0,bench/30gib-5.bin,84,33554432,495.07,,
0,bench/30gib-5.bin,85,33554432,448.45,,
0,bench/30gib-5.bin,86,33554432,343.58,,
0,bench/30gib-5.bin,87,33554432,508.06,,
0,bench/30gib-5.bin,88,33554432,456.48,,
0,bench/30gib-5.bin,89,33554432,407.33,,
0,bench/30gib-5.bin,90,33554432,478.78,,
0,bench/30gib-5.bin,91,33554432,903.45,,
0,bench/30gib-5.bin,92,33554432,444.37,,
0,bench/30gib-5.bin,93,33554432,344.40,,
0,bench/30gib-5.bin,94,33554432,414.63,,
0,bench/30gib-5.bin,95,33554432,527.32,,
0,bench/30gib-5.bin,96,33554432,455.89,,
0,bench/30gib-5.bin,97,33554432,425.03,,
0,bench/30gib-5.bin,98,33554432,410.03,,
0,bench/30gib-5.bin,99,33554432,416.86,,
0,bench/30gib-5.bin,100,33554432,408.28,,
0,bench/30gib-5.bin,101,33554432,474.86,,
0,bench/30gib-5.bin,102,33554432,378.47,,
0,bench/30gib-5.bin,103,33554432,1006.63,,
0,bench/30gib-5.bin,104,33554432,359.69,,
0,bench/30gib-5.bin,105,33554432,401.82,,
0,bench/30gib-5.bin,106,33554432,422.27,,
0,bench/30gib-5.bin,107,33554432,434.43,,
0,bench/30gib-5.bin,108,33554432,341.50,,
0,bench/30gib-5.bin,109,33554432,444.91,,
0,bench/30gib-5.bin,110,33554432,358.78,,
0,bench/30gib-5.bin,111,33554432,395.60,,
0,bench/30gib-5.bin,112,33554432,407.96,,
0,bench/30gib-5.bin,113,33554432,346.44,,
0,bench/30gib-5.bin,114,33554432,510.88,,
0,bench/30gib-5.bin,115,33554432,386.65,,
0,bench/30gib-5.bin,116,33554432,342.72,,
0,bench/30gib-5.bin,117,33554432,509.46,,
0,bench/30gib-5.bin,118,33554432,519.63,,
0,bench/30gib-5.bin,119,33554432,501.82,,
0,bench/30gib-5.bin,120,33554432,354.44,,
0,bench/30gib-5.bin,121,33554432,452.95,,
0,bench/30gib-5.bin,122,33554432,445.12,,
0,bench/30gib-5.bin,123,33554432,339.78,,
0,bench/30gib-5.bin,124,33554432,638.30,,
0,bench/30gib-5.bin,125,33554432,516.59,,
0,bench/30gib-5.bin,126,33554432,368.65,,
0,bench/30gib-5.bin,127,33554432,642.56,,
0,bench/30gib-5.bin,128,33554432,519.21,,
0,bench/30gib-5.bin,129,33554432,418.13,,
0,bench/30gib-5.bin,130,33554432,377.66,,
0,bench/30gib-5.bin,131,33554432,344.61,,
0,bench/30gib-5.bin,132,33554432,345.59,,
0,bench/30gib-5.bin,133,33554432,352.78,,
0,bench/30gib-5.bin,134,33554432,482.41,,
0,bench/30gib-5.bin,135,33554432,344.40,,
0,bench/30gib-5.bin,136,33554432,349.91,,
0,bench/30gib-5.bin,137,33554432,383.35,,
0,bench/30gib-5.bin,138,33554432,431.69,,
0,bench/30gib-5.bin,139,33554432,352.56,,
0,bench/30gib-5.bin,140,33554432,461.16,,
0,bench/30gib-5.bin,141,33554432,454.31,,
0,bench/30gib-5.bin,142,33554432,345.58,,
0,bench/30gib-5.bin,143,33554432,504.09,,
0,bench/30gib-5.bin,144,33554432,422.50,,
0,bench/30gib-5.bin,145,33554432,460.14,,
0,bench/30gib-5.bin,146,33554432,384.79,,
0,bench/30gib-5.bin,147,33554432,430.99,,
0,bench/30gib-5.bin,148,33554432,435.27,,
0,bench/30gib-5.bin,149,33554432,344.90,,
0,bench/30gib-5.bin,150,33554432,415.33,,
0,bench/30gib-5.bin,151,33554432,427.25,,
0,bench/30gib-5.bin,152,33554432,373.94,,
0,bench/30gib-5.bin,153,33554432,470.08,,
0,bench/30gib-5.bin,154,33554432,484.12,,
0,bench/30gib-5.bin,155,33554432,402.27,,
0,bench/30gib-5.bin,156,33554432,342.85,,
0,bench/30gib-5.bin,157,33554432,344.69,,
0,bench/30gib-5.bin,158,33554432,497.72,,
0,bench/30gib-5.bin,159,33554432,460.66,,
0,bench/30gib-5.bin,160,33554432,352.87,,
0,bench/30gib-5.bin,161,33554432,373.26,,
0,bench/30gib-5.bin,162,33554432,341.75,,
0,bench/30gib-5.bin,163,33554432,501.77,,
0,bench/30gib-5.bin,164,33554432,417.11,,
0,bench/30gib-5.bin,165,33554432,448.69,,
0,bench/30gib-5.bin,166,33554432,864.05,,
0,bench/30gib-5.bin,167,33554432,342.27,,
0,bench/30gib-5.bin,168,33554432,458.91,,
0,bench/30gib-5.bin,169,33554432,563.27,,
0,bench/30gib-5.bin,170,33554432,392.00,,
0,bench/30gib-5.bin,171,33554432,476.45,,
0,bench/30gib-5.bin,172,33554432,357.04,,
0,bench/30gib-5.bin,173,33554432,352.96,,
0,bench/30gib-5.bin,174,33554432,341.24,,
0,bench/30gib-5.bin,175,33554432,434.19,,
0,bench/30gib-5.bin,176,33554432,346.67,,
0,bench/30gib-5.bin,177,33554432,388.78,,
0,bench/30gib-5.bin,178,33554432,357.44,,
0,bench/30gib-5.bin,179,33554432,443.28,,
0,bench/30gib-5.bin,180,33554432,352.17,,
0,bench/30gib-5.bin,181,33554432,346.30,,
0,bench/30gib-5.bin,182,33554432,443.11,,
0,bench/30gib-5.bin,183,33554432,371.08,,
0,bench/30gib-5.bin,184,33554432,872.06,,
0,bench/30gib-5.bin,185,33554432,375.60,,
0,bench/30gib-5.bin,186,33554432,432.09,,
0,bench/30gib-5.bin,187,33554432,385.14,,
0,bench/30gib-5.bin,188,33554432,411.23,,
0,bench/30gib-5.bin,189,33554432,432.15,,
0,bench/30gib-5.bin,190,33554432,455.49,,
0,bench/30gib-5.bin,191,33554432,343.97,,
0,bench/30gib-5.bin,192,33554432,365.33,,
0,bench/30gib-5.bin,193,33554432,396.82,,
0,bench/30gib-5.bin,194,33554432,347.57,,
0,bench/30gib-5.bin,195,33554432,347.70,,
0,bench/30gib-5.bin,196,33554432,343.95,,
0,bench/30gib-5.bin,197,33554432,482.67,,
0,bench/30gib-5.bin,198,33554432,361.58,,
0,bench/30gib-5.bin,199,33554432,385.47,,
0,bench/30gib-5.bin,200,33554432,347.12,,
0,bench/30gib-5.bin,201,33554432,509.21,,
0,bench/30gib-5.bin,202,33554432,613.95,,
0,bench/30gib-5.bin,203,33554432,522.10,,
0,bench/30gib-5.bin,204,33554432,393.97,,
0,bench/30gib-5.bin,205,33554432,343.02,,
0,bench/30gib-5.bin,206,33554432,380.58,,
0,bench/30gib-5.bin,207,33554432,611.61,,
0,bench/30gib-5.bin,208,33554432,494.55,,
0,bench/30gib-5.bin,209,33554432,401.38,,
0,bench/30gib-5.bin,210,33554432,490.55,,
0,bench/30gib-5.bin,211,33554432,345.47,,
0,bench/30gib-5.bin,212,33554432,345.15,,
0,bench/30gib-5.bin,213,33554432,446.16,,
0,bench/30gib-5.bin,214,33554432,345.57,,
0,bench/30gib-5.bin,215,33554432,435.25,,
0,bench/30gib-5.bin,216,33554432,408.60,,
0,bench/30gib-5.bin,217,33554432,413.41,,
0,bench/30gib-5.bin,218,33554432,490.75,,
0,bench/30gib-5.bin,219,33554432,432.73,,
0,bench/30gib-5.bin,220,33554432,344.48,,
0,bench/30gib-5.bin,221,33554432,412.22,,
0,bench/30gib-5.bin,222,33554432,479.65,,
0,bench/30gib-5.bin,223,33554432,436.35,,
0,bench/30gib-5.bin,224,33554432,347.57,,
0,bench/30gib-5.bin,225,33554432,463.54,,
0,bench/30gib-5.bin,226,33554432,395.61,,
0,bench/30gib-5.bin,227,33554432,406.51,,
0,bench/30gib-5.bin,228,33554432,348.18,,
0,bench/30gib-5.bin,229,33554432,364.14,,
0,bench/30gib-5.bin,230,33554432,342.81,,
0,bench/30gib-5.bin,231,33554432,341.73,,
0,bench/30gib-5.bin,232,33554432,495.58,,
0,bench/30gib-5.bin,233,33554432,367.12,,
0,bench/30gib-5.bin,234,33554432,347.19,,
0,bench/30gib-5.bin,235,33554432,343.38,,
0,bench/30gib-5.bin,236,33554432,342.03,,
0,bench/30gib-5.bin,237,33554432,413.99,,
0,bench/30gib-5.bin,238,33554432,674.00,,
0,bench/30gib-5.bin,239,33554432,355.23,,
0,bench/30gib-5.bin,240,33554432,569.73,,
0,bench/30gib-5.bin,241,33554432,342.66,,
0,bench/30gib-5.bin,242,33554432,599.38,,
0,bench/30gib-5.bin,243,33554432,354.62,,
0,bench/30gib-5.bin,244,33554432,420.74,,
0,bench/30gib-5.bin,245,33554432,449.19,,
0,bench/30gib-5.bin,246,33554432,394.81,,
0,bench/30gib-5.bin,247,33554432,628.94,,
0,bench/30gib-5.bin,248,33554432,385.28,,
0,bench/30gib-5.bin,249,33554432,419.72,,
0,bench/30gib-5.bin,250,33554432,404.43,,
0,bench/30gib-5.bin,251,33554432,390.84,,
0,bench/30gib-5.bin,252,33554432,503.60,,
0,bench/30gib-5.bin,253,33554432,349.80,,
0,bench/30gib-5.bin,254,33554432,554.40,,
0,bench/30gib-5.bin,255,33554432,404.06,,
0,bench/30gib-5.bin,256,33554432,370.22,,
0,bench/30gib-5.bin,257,33554432,432.30,,
0,bench/30gib-5.bin,258,33554432,383.32,,
0,bench/30gib-5.bin,259,33554432,415.55,,
0,bench/30gib-5.bin,260,33554432,445.49,,
0,bench/30gib-5.bin,261,33554432,400.49,,
0,bench/30gib-5.bin,262,33554432,686.05,,
0,bench/30gib-5.bin,263,33554432,342.90,,
0,bench/30gib-5.bin,264,33554432,392.06,,
0,bench/30gib-5.bin,265,33554432,357.06,,
0,bench/30gib-5.bin,266,33554432,472.08,,
0,bench/30gib-5.bin,267,33554432,347.54,,
0,bench/30gib-5.bin,268,33554432,573.03,,
0,bench/30gib-5.bin,269,33554432,372.86,,
0,bench/30gib-5.bin,270,33554432,342.12,,
0,bench/30gib-5.bin,271,33554432,340.78,,
0,bench/30gib-5.bin,272,33554432,362.31,,
0,bench/30gib-5.bin,273,33554432,352.66,,
0,bench/30gib-5.bin,274,33554432,422.59,,
0,bench/30gib-5.bin,275,33554432,418.11,,
0,bench/30gib-5.bin,276,33554432,411.23,,
0,bench/30gib-5.bin,277,33554432,462.71,,
0,bench/30gib-5.bin,278,33554432,396.59,,
0,bench/30gib-5.bin,279,33554432,504.10,,
0,bench/30gib-5.bin,280,33554432,363.45,,
0,bench/30gib-5.bin,281,33554432,342.47,,
0,bench/30gib-5.bin,282,33554432,382.88,,
0,bench/30gib-5.bin,283,33554432,458.84,,
0,bench/30gib-5.bin,284,33554432,1337.40,,
0,bench/30gib-5.bin,285,33554432,378.96,,
0,bench/30gib-5.bin,286,33554432,385.60,,
0,bench/30gib-5.bin,287,33554432,406.86,,
0,bench/30gib-5.bin,288,33554432,386.31,,
0,bench/30gib-5.bin,289,33554432,453.54,,
0,bench/30gib-5.bin,290,33554432,565.95,,
0,bench/30gib-5.bin,291,33554432,568.05,,
0,bench/30gib-5.bin,292,33554432,342.10,,
0,bench/30gib-5.bin,293,33554432,345.27,,
0,bench/30gib-5.bin,294,33554432,393.39,,
0,bench/30gib-5.bin,295,33554432,460.99,,
0,bench/30gib-5.bin,296,33554432,342.78,,
0,bench/30gib-5.bin,297,33554432,474.92,,
0,bench/30gib-5.bin,298,33554432,340.96,,
0,bench/30gib-5.bin,299,33554432,475.06,,
0,bench/30gib-5.bin,300,33554432,348.69,,
0,bench/30gib-5.bin,301,33554432,390.95,,
0,bench/30gib-5.bin,302,33554432,498.28,,
0,bench/30gib-5.bin,303,33554432,454.76,,
0,bench/30gib-5.bin,304,33554432,1907.52,,
0,bench/30gib-5.bin,305,33554432,438.90,,
0,bench/30gib-5.bin,306,33554432,399.53,,
0,bench/30gib-5.bin,307,33554432,432.00,,
0,bench/30gib-5.bin,308,33554432,525.15,,
0,bench/30gib-5.bin,309,33554432,399.90,,
0,bench/30gib-5.bin,310,33554432,364.74,,
0,bench/30gib-5.bin,311,33554432,487.46,,
0,bench/30gib-5.bin,312,33554432,391.12,,
0,bench/30gib-5.bin,313,33554432,446.47,,
0,bench/30gib-5.bin,314,33554432,412.25,,
0,bench/30gib-5.bin,315,33554432,342.30,,
0,bench/30gib-5.bin,316,33554432,1948.07,,
0,bench/30gib-5.bin,317,33554432,377.74,,
0,bench/30gib-5.bin,318,33554432,370.27,,
0,bench/30gib-5.bin,319,33554432,736.30,,
0,bench/30gib-5.bin,320,33554432,376.13,,
0,bench/30gib-5.bin,321,33554432,419.96,,
0,bench/30gib-5.bin,322,33554432,359.62,,
0,bench/30gib-5.bin,323,33554432,341.09,,
0,bench/30gib-5.bin,324,33554432,342.89,,
0,bench/30gib-5.bin,325,33554432,451.98,,
0,bench/30gib-5.bin,326,33554432,343.69,,
0,bench/30gib-5.bin,327,33554432,423.33,,
0,bench/30gib-5.bin,328,33554432,401.76,,
0,bench/30gib-5.bin,329,33554432,423.00,,
0,bench/30gib-5.bin,330,33554432,401.31,,
0,bench/30gib-5.bin,331,33554432,368.71,,
0,bench/30gib-5.bin,332,33554432,345.79,,
0,bench/30gib-5.bin,333,33554432,502.16,,
0,bench/30gib-5.bin,334,33554432,346.99,,
0,bench/30gib-5.bin,335,33554432,392.50,,
0,bench/30gib-5.bin,336,33554432,488.30,,
0,bench/30gib-5.bin,337,33554432,342.27,,
0,bench/30gib-5.bin,338,33554432,419.82,,
0,bench/30gib-5.bin,339,33554432,367.52,,
0,bench/30gib-5.bin,340,33554432,568.13,,
0,bench/30gib-5.bin,341,33554432,355.09,,
0,bench/30gib-5.bin,342,33554432,698.35,,
0,bench/30gib-5.bin,343,33554432,521.64,,
0,bench/30gib-5.bin,344,33554432,413.66,,
0,bench/30gib-5.bin,345,33554432,447.93,,
0,bench/30gib-5.bin,346,33554432,356.55,,
0,bench/30gib-5.bin,347,33554432,348.42,,
0,bench/30gib-5.bin,348,33554432,408.28,,
0,bench/30gib-5.bin,349,33554432,345.06,,
0,bench/30gib-5.bin,350,33554432,343.02,,
0,bench/30gib-5.bin,351,33554432,340.54,,
0,bench/30gib-5.bin,352,33554432,440.24,,
0,bench/30gib-5.bin,353,33554432,1131.27,,
0,bench/30gib-5.bin,354,33554432,452.44,,
0,bench/30gib-5.bin,355,33554432,536.09,,
0,bench/30gib-5.bin,356,33554432,356.93,,
0,bench/30gib-5.bin,357,33554432,354.96,,
0,bench/30gib-5.bin,358,33554432,611.53,,
0,bench/30gib-5.bin,359,33554432,581.49,,
0,bench/30gib-5.bin,360,33554432,344.01,,
0,bench/30gib-5.bin,361,33554432,2494.43,,
0,bench/30gib-5.bin,362,33554432,426.86,,
0,bench/30gib-5.bin,363,33554432,350.50,,
0,bench/30gib-5.bin,364,33554432,341.52,,
0,bench/30gib-5.bin,365,33554432,440.95,,
0,bench/30gib-5.bin,366,33554432,427.42,,
0,bench/30gib-5.bin,367,33554432,482.59,,
0,bench/30gib-5.bin,368,33554432,415.60,,
0,bench/30gib-5.bin,369,33554432,364.18,,
0,bench/30gib-5.bin,370,33554432,500.45,,
0,bench/30gib-5.bin,371,33554432,449.49,,
0,bench/30gib-5.bin,372,33554432,420.93,,
0,bench/30gib-5.bin,373,33554432,408.70,,
0,bench/30gib-5.bin,374,33554432,399.96,,
0,bench/30gib-5.bin,375,33554432,342.30,,
0,bench/30gib-5.bin,376,33554432,364.98,,
0,bench/30gib-5.bin,377,33554432,392.56,,
0,bench/30gib-5.bin,378,33554432,385.61,,
0,bench/30gib-5.bin,379,33554432,484.94,,
0,bench/30gib-5.bin,380,33554432,415.97,,
0,bench/30gib-5.bin,381,33554432,414.88,,
0,bench/30gib-5.bin,382,33554432,349.41,,
0,bench/30gib-5.bin,383,33554432,392.42,,
0,bench/30gib-5.bin,384,33554432,613.52,,
0,bench/30gib-5.bin,385,33554432,373.26,,
0,bench/30gib-5.bin,386,33554432,359.90,,
0,bench/30gib-5.bin,387,33554432,470.41,,
0,bench/30gib-5.bin,388,33554432,484.83,,
0,bench/30gib-5.bin,389,33554432,378.59,,
0,bench/30gib-5.bin,390,33554432,564.29,,
0,bench/30gib-5.bin,391,33554432,354.95,,
0,bench/30gib-5.bin,392,33554432,378.48,,
0,bench/30gib-5.bin,393,33554432,370.18,,
0,bench/30gib-5.bin,394,33554432,442.94,,
0,bench/30gib-5.bin,395,33554432,339.56,,
0,bench/30gib-5.bin,396,33554432,532.47,,
0,bench/30gib-5.bin,397,33554432,355.56,,
0,bench/30gib-5.bin,398,33554432,360.57,,
0,bench/30gib-5.bin,399,33554432,428.54,,
0,bench/30gib-5.bin,400,33554432,402.03,,
0,bench/30gib-5.bin,401,33554432,351.92,,
0,bench/30gib-5.bin,402,33554432,474.88,,
0,bench/30gib-5.bin,403,33554432,434.07,,
0,bench/30gib-5.bin,404,33554432,471.74,,
0,bench/30gib-5.bin,405,33554432,447.06,,
0,bench/30gib-5.bin,406,33554432,476.70,,
0,bench/30gib-5.bin,407,33554432,382.98,,
0,bench/30gib-5.bin,408,33554432,532.49,,
0,bench/30gib-5.bin,409,33554432,353.20,,
0,bench/30gib-5.bin,410,33554432,370.80,,
0,bench/30gib-5.bin,411,33554432,350.68,,
0,bench/30gib-5.bin,412,33554432,456.39,,
0,bench/30gib-5.bin,413,33554432,345.48,,
0,bench/30gib-5.bin,414,33554432,499.99,,
0,bench/30gib-5.bin,415,33554432,348.30,,
0,bench/30gib-5.bin,416,33554432,343.95,,
0,bench/30gib-5.bin,417,33554432,346.69,,
0,bench/30gib-5.bin,418,33554432,345.14,,
0,bench/30gib-5.bin,419,33554432,462.09,,
0,bench/30gib-5.bin,420,33554432,341.43,,
0,bench/30gib-5.bin,421,33554432,467.37,,
0,bench/30gib-5.bin,422,33554432,392.11,,
0,bench/30gib-5.bin,423,33554432,341.46,,
0,bench/30gib-5.bin,424,33554432,355.67,,
0,bench/30gib-5.bin,425,33554432,341.34,,
0,bench/30gib-5.bin,426,33554432,342.94,,
0,bench/30gib-5.bin,427,33554432,520.83,,
0,bench/30gib-5.bin,428,33554432,568.01,,
0,bench/30gib-5.bin,429,33554432,535.67,,
0,bench/30gib-5.bin,430,33554432,495.96,,
0,bench/30gib-5.bin,431,33554432,400.25,,
0,bench/30gib-5.bin,432,33554432,416.34,,
0,bench/30gib-5.bin,433,33554432,342.91,,
0,bench/30gib-5.bin,434,33554432,343.51,,
0,bench/30gib-5.bin,435,33554432,545.29,,
0,bench/30gib-5.bin,436,33554432,434.13,,
0,bench/30gib-5.bin,437,33554432,350.81,,
0,bench/30gib-5.bin,438,33554432,593.36,,
0,bench/30gib-5.bin,439,33554432,439.00,,
0,bench/30gib-5.bin,440,33554432,806.09,,
0,bench/30gib-5.bin,441,33554432,355.20,,
0,bench/30gib-5.bin,442,33554432,527.45,,
0,bench/30gib-5.bin,443,33554432,408.28,,
0,bench/30gib-5.bin,444,33554432,395.41,,
0,bench/30gib-5.bin,445,33554432,362.57,,
0,bench/30gib-5.bin,446,33554432,366.34,,
0,bench/30gib-5.bin,447,33554432,342.40,,
0,bench/30gib-5.bin,448,33554432,703.31,,
0,bench/30gib-5.bin,449,33554432,528.66,,
0,bench/30gib-5.bin,450,33554432,343.10,,
0,bench/30gib-5.bin,451,33554432,532.57,,
0,bench/30gib-5.bin,452,33554432,342.42,,
0,bench/30gib-5.bin,453,33554432,341.45,,
0,bench/30gib-5.bin,454,33554432,434.93,,
0,bench/30gib-5.bin,455,33554432,554.68,,
0,bench/30gib-5.bin,456,33554432,346.65,,
0,bench/30gib-5.bin,457,33554432,585.03,,
0,bench/30gib-5.bin,458,33554432,398.05,,
0,bench/30gib-5.bin,459,33554432,624.95,,
0,bench/30gib-5.bin,460,33554432,376.42,,
0,bench/30gib-5.bin,461,33554432,668.63,,
0,bench/30gib-5.bin,462,33554432,397.01,,
0,bench/30gib-5.bin,463,33554432,552.22,,
0,bench/30gib-5.bin,464,33554432,388.34,,
0,bench/30gib-5.bin,465,33554432,349.90,,
0,bench/30gib-5.bin,466,33554432,440.02,,
0,bench/30gib-5.bin,467,33554432,354.06,,
0,bench/30gib-5.bin,468,33554432,988.81,,
0,bench/30gib-5.bin,469,33554432,340.95,,
0,bench/30gib-5.bin,470,33554432,462.64,,
0,bench/30gib-5.bin,471,33554432,469.26,,
0,bench/30gib-5.bin,472,33554432,498.56,,
0,bench/30gib-5.bin,473,33554432,426.75,,
0,bench/30gib-5.bin,474,33554432,348.26,,
0,bench/30gib-5.bin,475,33554432,423.24,,
0,bench/30gib-5.bin,476,33554432,354.54,,
0,bench/30gib-5.bin,477,33554432,548.58,,
0,bench/30gib-5.bin,478,33554432,457.99,,
0,bench/30gib-5.bin,479,33554432,348.09,,
0,bench/30gib-5.bin,480,33554432,409.23,,
0,bench/30gib-5.bin,481,33554432,345.06,,
0,bench/30gib-5.bin,482,33554432,441.99,,
0,bench/30gib-5.bin,483,33554432,417.72,,
0,bench/30gib-5.bin,484,33554432,422.08,,
0,bench/30gib-5.bin,485,33554432,446.51,,
0,bench/30gib-5.bin,486,33554432,347.02,,
0,bench/30gib-5.bin,487,33554432,520.87,,
0,bench/30gib-5.bin,488,33554432,345.88,,
0,bench/30gib-5.bin,489,33554432,581.19,,
0,bench/30gib-5.bin,490,33554432,472.57,,
0,bench/30gib-5.bin,491,33554432,606.16,,
0,bench/30gib-5.bin,492,33554432,449.49,,
0,bench/30gib-5.bin,493,33554432,408.83,,
0,bench/30gib-5.bin,494,33554432,645.04,,
0,bench/30gib-5.bin,495,33554432,362.28,,
0,bench/30gib-5.bin,496,33554432,484.67,,
0,bench/30gib-5.bin,497,33554432,342.49,,
0,bench/30gib-5.bin,498,33554432,343.58,,
0,bench/30gib-5.bin,499,33554432,411.10,,
0,bench/30gib-5.bin,500,33554432,369.43,,
0,bench/30gib-5.bin,501,33554432,702.96,,
0,bench/30gib-5.bin,502,33554432,518.01,,
0,bench/30gib-5.bin,503,33554432,415.40,,
0,bench/30gib-5.bin,504,33554432,384.25,,
0,bench/30gib-5.bin,505,33554432,348.23,,
0,bench/30gib-5.bin,506,33554432,369.73,,
0,bench/30gib-5.bin,507,33554432,478.06,,
0,bench/30gib-5.bin,508,33554432,407.76,,
0,bench/30gib-5.bin,509,33554432,369.92,,
0,bench/30gib-5.bin,510,33554432,359.40,,
0,bench/30gib-5.bin,511,33554432,366.53,,
0,bench/30gib-5.bin,512,33554432,492.31,,
0,bench/30gib-5.bin,513,33554432,343.08,,
0,bench/30gib-5.bin,514,33554432,1449.31,,
0,bench/30gib-5.bin,515,33554432,429.91,,
0,bench/30gib-5.bin,516,33554432,390.21,,
0,bench/30gib-5.bin,517,33554432,356.61,,
0,bench/30gib-5.bin,518,33554432,457.41,,
0,bench/30gib-5.bin,519,33554432,457.71,,
0,bench/30gib-5.bin,520,33554432,500.60,,
0,bench/30gib-5.bin,521,33554432,373.99,,
0,bench/30gib-5.bin,522,33554432,533.61,,
0,bench/30gib-5.bin,523,33554432,362.40,,
0,bench/30gib-5.bin,524,33554432,522.63,,
0,bench/30gib-5.bin,525,33554432,700.16,,
0,bench/30gib-5.bin,526,33554432,422.14,,
0,bench/30gib-5.bin,527,33554432,695.62,,
0,bench/30gib-5.bin,528,33554432,353.00,,
0,bench/30gib-5.bin,529,33554432,467.23,,
0,bench/30gib-5.bin,530,33554432,352.33,,
0,bench/30gib-5.bin,531,33554432,397.22,,
0,bench/30gib-5.bin,532,33554432,352.38,,
0,bench/30gib-5.bin,533,33554432,383.20,,
0,bench/30gib-5.bin,534,33554432,421.87,,
0,bench/30gib-5.bin,535,33554432,353.33,,
0,bench/30gib-5.bin,536,33554432,374.58,,
0,bench/30gib-5.bin,537,33554432,394.62,,
0,bench/30gib-5.bin,538,33554432,451.95,,
0,bench/30gib-5.bin,539,33554432,474.79,,
0,bench/30gib-5.bin,540,33554432,352.22,,
0,bench/30gib-5.bin,541,33554432,369.18,,
0,bench/30gib-5.bin,542,33554432,341.32,,
0,bench/30gib-5.bin,543,33554432,685.03,,
0,bench/30gib-5.bin,544,33554432,424.03,,
0,bench/30gib-5.bin,545,33554432,506.41,,
0,bench/30gib-5.bin,546,33554432,348.88,,
0,bench/30gib-5.bin,547,33554432,423.96,,
0,bench/30gib-5.bin,548,33554432,360.57,,
0,bench/30gib-5.bin,549,33554432,345.13,,
0,bench/30gib-5.bin,550,33554432,344.82,,
0,bench/30gib-5.bin,551,33554432,412.67,,
0,bench/30gib-5.bin,552,33554432,501.79,,
0,bench/30gib-5.bin,553,33554432,477.04,,
0,bench/30gib-5.bin,554,33554432,342.80,,
0,bench/30gib-5.bin,555,33554432,415.79,,
0,bench/30gib-5.bin,556,33554432,389.33,,
0,bench/30gib-5.bin,557,33554432,349.65,,
0,bench/30gib-5.bin,558,33554432,491.23,,
0,bench/30gib-5.bin,559,33554432,403.84,,
0,bench/30gib-5.bin,560,33554432,340.52,,
0,bench/30gib-5.bin,561,33554432,510.32,,
0,bench/30gib-5.bin,562,33554432,345.15,,
0,bench/30gib-5.bin,563,33554432,695.74,,
0,bench/30gib-5.bin,564,33554432,421.40,,
0,bench/30gib-5.bin,565,33554432,405.90,,
0,bench/30gib-5.bin,566,33554432,350.37,,
0,bench/30gib-5.bin,567,33554432,347.68,,
0,bench/30gib-5.bin,568,33554432,442.39,,
0,bench/30gib-5.bin,569,33554432,385.62,,
0,bench/30gib-5.bin,570,33554432,418.05,,
0,bench/30gib-5.bin,571,33554432,340.92,,
0,bench/30gib-5.bin,572,33554432,533.01,,
0,bench/30gib-5.bin,573,33554432,490.37,,
0,bench/30gib-5.bin,574,33554432,385.80,,
0,bench/30gib-5.bin,575,33554432,428.19,,
0,bench/30gib-5.bin,576,33554432,439.14,,
0,bench/30gib-5.bin,577,33554432,340.00,,
0,bench/30gib-5.bin,578,33554432,342.25,,
0,bench/30gib-5.bin,579,33554432,528.44,,
0,bench/30gib-5.bin,580,33554432,359.77,,
0,bench/30gib-5.bin,581,33554432,344.96,,
0,bench/30gib-5.bin,582,33554432,383.38,,
0,bench/30gib-5.bin,583,33554432,398.58,,
0,bench/30gib-5.bin,584,33554432,556.81,,
0,bench/30gib-5.bin,585,33554432,560.94,,
0,bench/30gib-5.bin,586,33554432,447.98,,
0,bench/30gib-5.bin,587,33554432,395.98,,
0,bench/30gib-5.bin,588,33554432,438.47,,
0,bench/30gib-5.bin,589,33554432,344.59,,
0,bench/30gib-5.bin,590,33554432,522.43,,
0,bench/30gib-5.bin,591,33554432,423.75,,
0,bench/30gib-5.bin,592,33554432,363.12,,
0,bench/30gib-5.bin,593,33554432,431.70,,
0,bench/30gib-5.bin,594,33554432,378.86,,
0,bench/30gib-5.bin,595,33554432,400.66,,
0,bench/30gib-5.bin,596,33554432,390.29,,
0,bench/30gib-5.bin,597,33554432,368.94,,
0,bench/30gib-5.bin,598,33554432,537.65,,
0,bench/30gib-5.bin,599,33554432,432.39,,
0,bench/30gib-5.bin,600,33554432,352.77,,
0,bench/30gib-5.bin,601,33554432,377.24,,
0,bench/30gib-5.bin,602,33554432,442.02,,
0,bench/30gib-5.bin,603,33554432,485.46,,
0,bench/30gib-5.bin,604,33554432,1490.34,,
0,bench/30gib-5.bin,605,33554432,415.69,,
0,bench/30gib-5.bin,606,33554432,341.78,,
0,bench/30gib-5.bin,607,33554432,357.53,,
0,bench/30gib-5.bin,608,33554432,430.40,,
0,bench/30gib-5.bin,609,33554432,401.37,,
0,bench/30gib-5.bin,610,33554432,370.15,,
0,bench/30gib-5.bin,611,33554432,587.49,,
0,bench/30gib-5.bin,612,33554432,536.21,,
0,bench/30gib-5.bin,613,33554432,343.43,,
0,bench/30gib-5.bin,614,33554432,344.75,,
0,bench/30gib-5.bin,615,33554432,406.05,,
0,bench/30gib-5.bin,616,33554432,342.17,,
0,bench/30gib-5.bin,617,33554432,452.38,,
0,bench/30gib-5.bin,618,33554432,357.24,,
0,bench/30gib-5.bin,619,33554432,356.63,,
0,bench/30gib-5.bin,620,33554432,348.15,,
0,bench/30gib-5.bin,621,33554432,824.44,,
0,bench/30gib-5.bin,622,33554432,1185.13,,
0,bench/30gib-5.bin,623,33554432,361.28,,
0,bench/30gib-5.bin,624,33554432,412.24,,
0,bench/30gib-5.bin,625,33554432,357.94,,
0,bench/30gib-5.bin,626,33554432,349.80,,
0,bench/30gib-5.bin,627,33554432,388.45,,
0,bench/30gib-5.bin,628,33554432,340.11,,
0,bench/30gib-5.bin,629,33554432,343.82,,
0,bench/30gib-5.bin,630,33554432,417.65,,
0,bench/30gib-5.bin,631,33554432,439.31,,
0,bench/30gib-5.bin,632,33554432,365.28,,
0,bench/30gib-5.bin,633,33554432,472.00,,
0,bench/30gib-5.bin,634,33554432,410.91,,
0,bench/30gib-5.bin,635,33554432,463.25,,
0,bench/30gib-5.bin,636,33554432,420.87,,
0,bench/30gib-5.bin,637,33554432,477.60,,
0,bench/30gib-5.bin,638,33554432,428.61,,
0,bench/30gib-5.bin,639,33554432,340.56,,
0,bench/30gib-5.bin,640,33554432,441.54,,
0,bench/30gib-5.bin,641,33554432,469.71,,
0,bench/30gib-5.bin,642,33554432,428.21,,
0,bench/30gib-5.bin,643,33554432,436.77,,
0,bench/30gib-5.bin,644,33554432,356.79,,
0,bench/30gib-5.bin,645,33554432,445.90,,
0,bench/30gib-5.bin,646,33554432,349.03,,
0,bench/30gib-5.bin,647,33554432,343.02,,
0,bench/30gib-5.bin,648,33554432,421.28,,
0,bench/30gib-5.bin,649,33554432,362.34,,
0,bench/30gib-5.bin,650,33554432,381.03,,
0,bench/30gib-5.bin,651,33554432,431.91,,
0,bench/30gib-5.bin,652,33554432,473.73,,
0,bench/30gib-5.bin,653,33554432,532.70,,
0,bench/30gib-5.bin,654,33554432,472.31,,
0,bench/30gib-5.bin,655,33554432,341.58,,
0,bench/30gib-5.bin,656,33554432,340.69,,
0,bench/30gib-5.bin,657,33554432,367.90,,
0,bench/30gib-5.bin,658,33554432,421.83,,
0,bench/30gib-5.bin,659,33554432,433.08,,
0,bench/30gib-5.bin,660,33554432,342.65,,
0,bench/30gib-5.bin,661,33554432,477.00,,
0,bench/30gib-5.bin,662,33554432,351.02,,
0,bench/30gib-5.bin,663,33554432,470.29,,
0,bench/30gib-5.bin,664,33554432,340.54,,
0,bench/30gib-5.bin,665,33554432,354.68,,
0,bench/30gib-5.bin,666,33554432,509.85,,
0,bench/30gib-5.bin,667,33554432,355.04,,
0,bench/30gib-5.bin,668,33554432,430.90,,
0,bench/30gib-5.bin,669,33554432,440.25,,
0,bench/30gib-5.bin,670,33554432,343.20,,
0,bench/30gib-5.bin,671,33554432,514.37,,
0,bench/30gib-5.bin,672,33554432,676.47,,
0,bench/30gib-5.bin,673,33554432,400.63,,
0,bench/30gib-5.bin,674,33554432,470.13,,
0,bench/30gib-5.bin,675,33554432,588.67,,
0,bench/30gib-5.bin,676,33554432,575.07,,
0,bench/30gib-5.bin,677,33554432,341.55,,
0,bench/30gib-5.bin,678,33554432,340.77,,
0,bench/30gib-5.bin,679,33554432,380.68,,
0,bench/30gib-5.bin,680,33554432,547.94,,
0,bench/30gib-5.bin,681,33554432,425.20,,
0,bench/30gib-5.bin,682,33554432,572.58,,
0,bench/30gib-5.bin,683,33554432,444.16,,
0,bench/30gib-5.bin,684,33554432,770.43,,
0,bench/30gib-5.bin,685,33554432,421.61,,
0,bench/30gib-5.bin,686,33554432,342.20,,
0,bench/30gib-5.bin,687,33554432,753.55,,
0,bench/30gib-5.bin,688,33554432,385.06,,
0,bench/30gib-5.bin,689,33554432,530.29,,
0,bench/30gib-5.bin,690,33554432,365.47,,
0,bench/30gib-5.bin,691,33554432,404.90,,
0,bench/30gib-5.bin,692,33554432,353.65,,
0,bench/30gib-5.bin,693,33554432,649.25,,
0,bench/30gib-5.bin,694,33554432,425.36,,
0,bench/30gib-5.bin,695,33554432,576.21,,
0,bench/30gib-5.bin,696,33554432,517.68,,
0,bench/30gib-5.bin,697,33554432,392.77,,
0,bench/30gib-5.bin,698,33554432,376.96,,
0,bench/30gib-5.bin,699,33554432,383.24,,
0,bench/30gib-5.bin,700,33554432,343.27,,
0,bench/30gib-5.bin,701,33554432,612.64,,
0,bench/30gib-5.bin,702,33554432,356.87,,
0,bench/30gib-5.bin,703,33554432,349.68,,
0,bench/30gib-5.bin,704,33554432,378.00,,
0,bench/30gib-5.bin,705,33554432,341.87,,
0,bench/30gib-5.bin,706,33554432,345.35,,
0,bench/30gib-5.bin,707,33554432,418.84,,
0,bench/30gib-5.bin,708,33554432,454.66,,
0,bench/30gib-5.bin,709,33554432,723.77,,
0,bench/30gib-5.bin,710,33554432,346.73,,
0,bench/30gib-5.bin,711,33554432,505.67,,
0,bench/30gib-5.bin,712,33554432,416.47,,
0,bench/30gib-5.bin,713,33554432,547.08,,
0,bench/30gib-5.bin,714,33554432,453.63,,
0,bench/30gib-5.bin,715,33554432,625.36,,
0,bench/30gib-5.bin,716,33554432,345.42,,
0,bench/30gib-5.bin,717,33554432,394.45,,
0,bench/30gib-5.bin,718,33554432,561.05,,
0,bench/30gib-5.bin,719,33554432,671.01,,
0,bench/30gib-5.bin,720,33554432,764.93,,
0,bench/30gib-5.bin,721,33554432,394.73,,
0,bench/30gib-5.bin,722,33554432,462.94,,
0,bench/30gib-5.bin,723,33554432,371.49,,
0,bench/30gib-5.bin,724,33554432,369.97,,
0,bench/30gib-5.bin,725,33554432,378.31,,
0,bench/30gib-5.bin,726,33554432,349.78,,
0,bench/30gib-5.bin,727,33554432,441.17,,
0,bench/30gib-5.bin,728,33554432,414.28,,
0,bench/30gib-5.bin,729,33554432,377.11,,
0,bench/30gib-5.bin,730,33554432,482.19,,
0,bench/30gib-5.bin,731,33554432,437.16,,
0,bench/30gib-5.bin,732,33554432,363.53,,
0,bench/30gib-5.bin,733,33554432,345.73,,
0,bench/30gib-5.bin,734,33554432,959.57,,
0,bench/30gib-5.bin,735,33554432,457.02,,
0,bench/30gib-5.bin,736,33554432,401.97,,
0,bench/30gib-5.bin,737,33554432,408.43,,
0,bench/30gib-5.bin,738,33554432,476.98,,
0,bench/30gib-5.bin,739,33554432,360.03,,
0,bench/30gib-5.bin,740,33554432,467.43,,
0,bench/30gib-5.bin,741,33554432,386.09,,
0,bench/30gib-5.bin,742,33554432,410.45,,
0,bench/30gib-5.bin,743,33554432,409.26,,
0,bench/30gib-5.bin,744,33554432,351.31,,
0,bench/30gib-5.bin,745,33554432,471.86,,
0,bench/30gib-5.bin,746,33554432,519.32,,
0,bench/30gib-5.bin,747,33554432,521.26,,
0,bench/30gib-5.bin,748,33554432,561.40,,
0,bench/30gib-5.bin,749,33554432,520.55,,
0,bench/30gib-5.bin,750,33554432,504.79,,
0,bench/30gib-5.bin,751,33554432,395.00,,
0,bench/30gib-5.bin,752,33554432,516.52,,
0,bench/30gib-5.bin,753,33554432,357.97,,
0,bench/30gib-5.bin,754,33554432,417.49,,
0,bench/30gib-5.bin,755,33554432,488.65,,
0,bench/30gib-5.bin,756,33554432,578.35,,
0,bench/30gib-5.bin,757,33554432,352.58,,
0,bench/30gib-5.bin,758,33554432,380.14,,
0,bench/30gib-5.bin,759,33554432,341.29,,
0,bench/30gib-5.bin,760,33554432,459.14,,
0,bench/30gib-5.bin,761,33554432,370.61,,
0,bench/30gib-5.bin,762,33554432,732.39,,
0,bench/30gib-5.bin,763,33554432,345.49,,
0,bench/30gib-5.bin,764,33554432,503.95,,
0,bench/30gib-5.bin,765,33554432,344.66,,
0,bench/30gib-5.bin,766,33554432,367.99,,
0,bench/30gib-5.bin,767,33554432,405.40,,
0,bench/30gib-5.bin,768,33554432,345.09,,
0,bench/30gib-5.bin,769,33554432,423.47,,
0,bench/30gib-5.bin,770,33554432,565.77,,
0,bench/30gib-5.bin,771,33554432,456.74,,
0,bench/30gib-5.bin,772,33554432,395.82,,
0,bench/30gib-5.bin,773,33554432,349.19,,
0,bench/30gib-5.bin,774,33554432,365.03,,
0,bench/30gib-5.bin,775,33554432,343.97,,
0,bench/30gib-5.bin,776,33554432,515.52,,
0,bench/30gib-5.bin,777,33554432,341.96,,
0,bench/30gib-5.bin,778,33554432,341.28,,
0,bench/30gib-5.bin,779,33554432,548.90,,
0,bench/30gib-5.bin,780,33554432,424.87,,
0,bench/30gib-5.bin,781,33554432,425.94,,
0,bench/30gib-5.bin,782,33554432,499.59,,
0,bench/30gib-5.bin,783,33554432,359.66,,
0,bench/30gib-5.bin,784,33554432,391.87,,
0,bench/30gib-5.bin,785,33554432,466.48,,
0,bench/30gib-5.bin,786,33554432,483.99,,
0,bench/30gib-5.bin,787,33554432,360.59,,
0,bench/30gib-5.bin,788,33554432,415.91,,
0,bench/30gib-5.bin,789,33554432,607.37,,
0,bench/30gib-5.bin,790,33554432,399.33,,
0,bench/30gib-5.bin,791,33554432,372.02,,
0,bench/30gib-5.bin,792,33554432,795.71,,
0,bench/30gib-5.bin,793,33554432,441.27,,
0,bench/30gib-5.bin,794,33554432,348.83,,
0,bench/30gib-5.bin,795,33554432,402.50,,
0,bench/30gib-5.bin,796,33554432,433.05,,
0,bench/30gib-5.bin,797,33554432,741.68,,
0,bench/30gib-5.bin,798,33554432,639.07,,
0,bench/30gib-5.bin,799,33554432,412.23,,
0,bench/30gib-5.bin,800,33554432,375.77,,
0,bench/30gib-5.bin,801,33554432,356.89,,
0,bench/30gib-5.bin,802,33554432,399.91,,
0,bench/30gib-5.bin,803,33554432,346.55,,
0,bench/30gib-5.bin,804,33554432,386.67,,
0,bench/30gib-5.bin,805,33554432,427.38,,
0,bench/30gib-5.bin,806,33554432,420.93,,
0,bench/30gib-5.bin,807,33554432,348.24,,
0,bench/30gib-5.bin,808,33554432,441.89,,
0,bench/30gib-5.bin,809,33554432,451.22,,
0,bench/30gib-5.bin,810,33554432,466.98,,
0,bench/30gib-5.bin,811,33554432,441.21,,
0,bench/30gib-5.bin,812,33554432,439.04,,
0,bench/30gib-5.bin,813,33554432,341.73,,
0,bench/30gib-5.bin,814,33554432,478.44,,
0,bench/30gib-5.bin,815,33554432,357.75,,
0,bench/30gib-5.bin,816,33554432,361.29,,
0,bench/30gib-5.bin,817,33554432,408.12,,
0,bench/30gib-5.bin,818,33554432,463.45,,
0,bench/30gib-5.bin,819,33554432,372.11,,
0,bench/30gib-5.bin,820,33554432,352.29,,
0,bench/30gib-5.bin,821,33554432,343.47,,
0,bench/30gib-5.bin,822,33554432,344.30,,
0,bench/30gib-5.bin,823,33554432,487.57,,
0,bench/30gib-5.bin,824,33554432,496.00,,
0,bench/30gib-5.bin,825,33554432,340.26,,
0,bench/30gib-5.bin,826,33554432,616.55,,
0,bench/30gib-5.bin,827,33554432,346.52,,
0,bench/30gib-5.bin,828,33554432,405.82,,
0,bench/30gib-5.bin,829,33554432,421.95,,
0,bench/30gib-5.bin,830,33554432,535.91,,
0,bench/30gib-5.bin,831,33554432,498.66,,
0,bench/30gib-5.bin,832,33554432,345.42,,
0,bench/30gib-5.bin,833,33554432,1332.93,,
0,bench/30gib-5.bin,834,33554432,348.17,,
0,bench/30gib-5.bin,835,33554432,340.51,,
0,bench/30gib-5.bin,836,33554432,371.32,,
0,bench/30gib-5.bin,837,33554432,463.29,,
0,bench/30gib-5.bin,838,33554432,410.98,,
0,bench/30gib-5.bin,839,33554432,541.46,,
0,bench/30gib-5.bin,840,33554432,370.90,,
0,bench/30gib-5.bin,841,33554432,537.10,,
0,bench/30gib-5.bin,842,33554432,505.10,,
0,bench/30gib-5.bin,843,33554432,443.59,,
0,bench/30gib-5.bin,844,33554432,341.41,,
0,bench/30gib-5.bin,845,33554432,387.85,,
0,bench/30gib-5.bin,846,33554432,347.42,,
0,bench/30gib-5.bin,847,33554432,351.23,,
0,bench/30gib-5.bin,848,33554432,341.42,,
0,bench/30gib-5.bin,849,33554432,416.84,,
0,bench/30gib-5.bin,850,33554432,340.71,,
0,bench/30gib-5.bin,851,33554432,530.99,,
0,bench/30gib-5.bin,852,33554432,649.85,,
0,bench/30gib-5.bin,853,33554432,422.82,,
0,bench/30gib-5.bin,854,33554432,421.21,,
0,bench/30gib-5.bin,855,33554432,343.08,,
0,bench/30gib-5.bin,856,33554432,475.13,,
0,bench/30gib-5.bin,857,33554432,343.54,,
0,bench/30gib-5.bin,858,33554432,408.74,,
0,bench/30gib-5.bin,859,33554432,344.68,,
0,bench/30gib-5.bin,860,33554432,378.80,,
0,bench/30gib-5.bin,861,33554432,497.58,,
0,bench/30gib-5.bin,862,33554432,343.93,,
0,bench/30gib-5.bin,863,33554432,407.11,,
0,bench/30gib-5.bin,864,33554432,521.85,,
0,bench/30gib-5.bin,865,33554432,354.66,,
0,bench/30gib-5.bin,866,33554432,340.86,,
0,bench/30gib-5.bin,867,33554432,386.79,,
0,bench/30gib-5.bin,868,33554432,344.68,,
0,bench/30gib-5.bin,869,33554432,402.36,,
0,bench/30gib-5.bin,870,33554432,517.64,,
0,bench/30gib-5.bin,871,33554432,343.71,,
0,bench/30gib-5.bin,872,33554432,476.41,,
0,bench/30gib-5.bin,873,33554432,412.81,,
0,bench/30gib-5.bin,874,33554432,607.29,,
0,bench/30gib-5.bin,875,33554432,406.21,,
0,bench/30gib-5.bin,876,33554432,366.69,,
0,bench/30gib-5.bin,877,33554432,406.15,,
0,bench/30gib-5.bin,878,33554432,415.86,,
0,bench/30gib-5.bin,879,33554432,369.12,,
0,bench/30gib-5.bin,880,33554432,466.21,,
0,bench/30gib-5.bin,881,33554432,511.37,,
0,bench/30gib-5.bin,882,33554432,359.71,,
0,bench/30gib-5.bin,883,33554432,457.25,,
0,bench/30gib-5.bin,884,33554432,563.05,,
0,bench/30gib-5.bin,885,33554432,443.42,,
0,bench/30gib-5.bin,886,33554432,703.19,,
0,bench/30gib-5.bin,887,33554432,344.78,,
0,bench/30gib-5.bin,888,33554432,341.30,,
0,bench/30gib-5.bin,889,33554432,440.76,,
0,bench/30gib-5.bin,890,33554432,688.01,,
0,bench/30gib-5.bin,891,33554432,361.85,,
0,bench/30gib-5.bin,892,33554432,495.56,,
0,bench/30gib-5.bin,893,33554432,509.31,,
0,bench/30gib-5.bin,894,33554432,341.88,,
0,bench/30gib-5.bin,895,33554432,377.65,,
0,bench/30gib-5.bin,896,33554432,372.48,,
0,bench/30gib-5.bin,897,33554432,341.80,,
0,bench/30gib-5.bin,898,33554432,362.94,,
0,bench/30gib-5.bin,899,33554432,346.62,,
0,bench/30gib-5.bin,900,33554432,388.92,,
0,bench/30gib-5.bin,901,33554432,878.77,,
0,bench/30gib-5.bin,902,33554432,401.83,,
0,bench/30gib-5.bin,903,33554432,558.80,,
0,bench/30gib-5.bin,904,33554432,440.54,,
0,bench/30gib-5.bin,905,33554432,835.42,,
0,bench/30gib-5.bin,906,33554432,487.01,,
0,bench/30gib-5.bin,907,33554432,403.70,,
0,bench/30gib-5.bin,908,33554432,427.38,,
0,bench/30gib-5.bin,909,33554432,643.70,,
0,bench/30gib-5.bin,910,33554432,555.69,,
0,bench/30gib-5.bin,911,33554432,410.36,,
0,bench/30gib-5.bin,912,33554432,499.95,,
0,bench/30gib-5.bin,913,33554432,638.68,,
0,bench/30gib-5.bin,914,33554432,351.62,,
0,bench/30gib-5.bin,915,33554432,542.70,,
0,bench/30gib-5.bin,916,33554432,373.76,,
0,bench/30gib-5.bin,917,33554432,365.91,,
0,bench/30gib-5.bin,918,33554432,586.67,,
0,bench/30gib-5.bin,919,33554432,1280.03,,
0,bench/30gib-5.bin,920,33554432,381.50,,
0,bench/30gib-5.bin,921,33554432,489.17,,
0,bench/30gib-5.bin,922,33554432,343.00,,
0,bench/30gib-5.bin,923,33554432,463.42,,
0,bench/30gib-5.bin,924,33554432,443.86,,
0,bench/30gib-5.bin,925,33554432,437.72,,
0,bench/30gib-5.bin,926,33554432,343.29,,
0,bench/30gib-5.bin,927,33554432,397.86,,
0,bench/30gib-5.bin,928,33554432,391.56,,
0,bench/30gib-5.bin,929,33554432,382.84,,
0,bench/30gib-5.bin,930,33554432,342.73,,
0,bench/30gib-5.bin,931,33554432,488.75,,
0,bench/30gib-5.bin,932,33554432,468.08,,
0,bench/30gib-5.bin,933,33554432,351.04,,
0,bench/30gib-5.bin,934,33554432,516.61,,
0,bench/30gib-5.bin,935,33554432,428.86,,
0,bench/30gib-5.bin,936,33554432,342.85,,
0,bench/30gib-5.bin,937,33554432,351.89,,
0,bench/30gib-5.bin,938,33554432,571.06,,
0,bench/30gib-5.bin,939,33554432,432.38,,
0,bench/30gib-5.bin,940,33554432,511.82,,
0,bench/30gib-5.bin,941,33554432,361.97,,
0,bench/30gib-5.bin,942,33554432,628.48,,
0,bench/30gib-5.bin,943,33554432,754.71,,
0,bench/30gib-5.bin,944,33554432,369.20,,
0,bench/30gib-5.bin,945,33554432,402.18,,
0,bench/30gib-5.bin,946,33554432,504.25,,
0,bench/30gib-5.bin,947,33554432,632.67,,
0,bench/30gib-5.bin,948,33554432,347.15,,
0,bench/30gib-5.bin,949,33554432,355.99,,
0,bench/30gib-5.bin,950,33554432,442.33,,
0,bench/30gib-5.bin,951,33554432,344.50,,
0,bench/30gib-5.bin,952,33554432,438.61,,
0,bench/30gib-5.bin,953,33554432,343.19,,
0,bench/30gib-5.bin,954,33554432,448.22,,
0,bench/30gib-5.bin,955,33554432,452.45,,
0,bench/30gib-5.bin,956,33554432,680.13,,
0,bench/30gib-5.bin,957,33554432,344.16,,
0,bench/30gib-5.bin,958,33554432,341.33,,
0,bench/30gib-5.bin,959,33554432,341.68,,
0,bench/30gib-5.bin,960,33554432,492.81,,
0,bench/30gib-6.bin,1,33554432,1130.36,,
0,bench/30gib-6.bin,2,33554432,3251.48,,
0,bench/30gib-6.bin,3,33554432,1040.49,,
0,bench/30gib-6.bin,4,33554432,1670.83,,
0,bench/30gib-6.bin,5,33554432,1543.06,,
0,bench/30gib-6.bin,6,33554432,2944.77,,
0,bench/30gib-6.bin,7,33554432,1680.51,,
0,bench/30gib-6.bin,8,33554432,3708.69,,
0,bench/30gib-6.bin,9,33554432,1354.30,,
0,bench/30gib-6.bin,10,33554432,3554.59,,
0,bench/30gib-6.bin,11,33554432,932.03,,
0,bench/30gib-6.bin,12,33554432,1377.02,,
0,bench/30gib-6.bin,13,33554432,1141.07,,
0,bench/30gib-6.bin,14,33554432,1651.88,,
0,bench/30gib-6.bin,15,33554432,3701.12,,
0,bench/30gib-6.bin,16,33554432,928.89,,
0,bench/30gib-6.bin,17,33554432,1725.85,,
0,bench/30gib-6.bin,18,33554432,3390.83,,
0,bench/30gib-6.bin,19,33554432,1671.95,,
0,bench/30gib-6.bin,20,33554432,1778.04,,
0,bench/30gib-6.bin,21,33554432,1961.57,,
0,bench/30gib-6.bin,22,33554432,1607.56,,
0,bench/30gib-6.bin,23,33554432,1795.94,,
0,bench/30gib-6.bin,24,33554432,1618.46,,
0,bench/30gib-6.bin,25,33554432,1764.58,,
0,bench/30gib-6.bin,26,33554432,1448.59,,
0,bench/30gib-6.bin,27,33554432,1140.93,,
0,bench/30gib-6.bin,28,33554432,860.84,,
0,bench/30gib-6.bin,29,33554432,658.03,,
0,bench/30gib-6.bin,30,33554432,837.17,,
0,bench/30gib-6.bin,31,33554432,872.18,,
0,bench/30gib-6.bin,32,33554432,733.00,,
0,bench/30gib-6.bin,33,33554432,1006.21,,
0,bench/30gib-6.bin,34,33554432,892.04,,
0,bench/30gib-6.bin,35,33554432,584.77,,
0,bench/30gib-6.bin,36,33554432,394.74,,
0,bench/30gib-6.bin,37,33554432,533.26,,
0,bench/30gib-6.bin,38,33554432,718.72,,
0,bench/30gib-6.bin,39,33554432,439.37,,
0,bench/30gib-6.bin,40,33554432,656.03,,
0,bench/30gib-6.bin,41,33554432,726.28,,
0,bench/30gib-6.bin,42,33554432,728.88,,
0,bench/30gib-6.bin,43,33554432,446.59,,
0,bench/30gib-6.bin,44,33554432,563.82,,
0,bench/30gib-6.bin,45,33554432,1004.64,,
0,bench/30gib-6.bin,46,33554432,625.40,,
0,bench/30gib-6.bin,47,33554432,489.21,,
0,bench/30gib-6.bin,48,33554432,557.57,,
0,bench/30gib-6.bin,49,33554432,641.05,,
0,bench/30gib-6.bin,50,33554432,491.64,,
0,bench/30gib-6.bin,51,33554432,363.69,,
0,bench/30gib-6.bin,52,33554432,498.66,,
0,bench/30gib-6.bin,53,33554432,593.04,,
0,bench/30gib-6.bin,54,33554432,687.43,,
0,bench/30gib-6.bin,55,33554432,445.60,,
0,bench/30gib-6.bin,56,33554432,542.61,,
0,bench/30gib-6.bin,57,33554432,507.94,,
0,bench/30gib-6.bin,58,33554432,689.96,,
0,bench/30gib-6.bin,59,33554432,523.19,,
0,bench/30gib-6.bin,60,33554432,719.31,,
0,bench/30gib-6.bin,61,33554432,408.69,,
0,bench/30gib-6.bin,62,33554432,484.67,,
0,bench/30gib-6.bin,63,33554432,1273.45,,
0,bench/30gib-6.bin,64,33554432,790.55,,
0,bench/30gib-6.bin,65,33554432,920.21,,
0,bench/30gib-6.bin,66,33554432,471.04,,
0,bench/30gib-6.bin,67,33554432,411.44,,
0,bench/30gib-6.bin,68,33554432,543.57,,
0,bench/30gib-6.bin,69,33554432,436.98,,
0,bench/30gib-6.bin,70,33554432,735.60,,
0,bench/30gib-6.bin,71,33554432,549.74,,
0,bench/30gib-6.bin,72,33554432,384.61,,
0,bench/30gib-6.bin,73,33554432,458.38,,
0,bench/30gib-6.bin,74,33554432,462.90,,
0,bench/30gib-6.bin,75,33554432,455.80,,
0,bench/30gib-6.bin,76,33554432,368.13,,
0,bench/30gib-6.bin,77,33554432,374.38,,
0,bench/30gib-6.bin,78,33554432,351.12,,
0,bench/30gib-6.bin,79,33554432,413.60,,
0,bench/30gib-6.bin,80,33554432,594.14,,
0,bench/30gib-6.bin,81,33554432,478.05,,
0,bench/30gib-6.bin,82,33554432,376.16,,
0,bench/30gib-6.bin,83,33554432,367.32,,
0,bench/30gib-6.bin,84,33554432,479.54,,
0,bench/30gib-6.bin,85,33554432,353.06,,
0,bench/30gib-6.bin,86,33554432,535.46,,
0,bench/30gib-6.bin,87,33554432,397.64,,
0,bench/30gib-6.bin,88,33554432,371.49,,
0,bench/30gib-6.bin,89,33554432,398.60,,
0,bench/30gib-6.bin,90,33554432,437.70,,
0,bench/30gib-6.bin,91,33554432,402.81,,
0,bench/30gib-6.bin,92,33554432,494.36,,
0,bench/30gib-6.bin,93,33554432,408.34,,
0,bench/30gib-6.bin,94,33554432,498.17,,
0,bench/30gib-6.bin,95,33554432,584.67,,
0,bench/30gib-6.bin,96,33554432,371.11,,
0,bench/30gib-6.bin,97,33554432,388.47,,
0,bench/30gib-6.bin,98,33554432,674.31,,
0,bench/30gib-6.bin,99,33554432,597.15,,
0,bench/30gib-6.bin,100,33554432,412.51,,
0,bench/30gib-6.bin,101,33554432,467.75,,
0,bench/30gib-6.bin,102,33554432,355.25,,
0,bench/30gib-6.bin,103,33554432,397.65,,
0,bench/30gib-6.bin,104,33554432,526.59,,
0,bench/30gib-6.bin,105,33554432,443.81,,
0,bench/30gib-6.bin,106,33554432,420.07,,
0,bench/30gib-6.bin,107,33554432,476.87,,
0,bench/30gib-6.bin,108,33554432,343.27,,
0,bench/30gib-6.bin,109,33554432,402.85,,
0,bench/30gib-6.bin,110,33554432,402.01,,
0,bench/30gib-6.bin,111,33554432,449.62,,
0,bench/30gib-6.bin,112,33554432,913.13,,
0,bench/30gib-6.bin,113,33554432,733.08,,
0,bench/30gib-6.bin,114,33554432,602.31,,
0,bench/30gib-6.bin,115,33554432,350.28,,
0,bench/30gib-6.bin,116,33554432,450.68,,
0,bench/30gib-6.bin,117,33554432,338.74,,
0,bench/30gib-6.bin,118,33554432,406.90,,
0,bench/30gib-6.bin,119,33554432,435.48,,
0,bench/30gib-6.bin,120,33554432,349.45,,
0,bench/30gib-6.bin,121,33554432,345.62,,
0,bench/30gib-6.bin,122,33554432,388.66,,
0,bench/30gib-6.bin,123,33554432,525.91,,
0,bench/30gib-6.bin,124,33554432,362.46,,
0,bench/30gib-6.bin,125,33554432,372.77,,
0,bench/30gib-6.bin,126,33554432,371.32,,
0,bench/30gib-6.bin,127,33554432,501.02,,
0,bench/30gib-6.bin,128,33554432,345.46,,
0,bench/30gib-6.bin,129,33554432,342.00,,
0,bench/30gib-6.bin,130,33554432,400.54,,
0,bench/30gib-6.bin,131,33554432,605.50,,
0,bench/30gib-6.bin,132,33554432,495.35,,
0,bench/30gib-6.bin,133,33554432,388.34,,
0,bench/30gib-6.bin,134,33554432,365.90,,
0,bench/30gib-6.bin,135,33554432,348.54,,
0,bench/30gib-6.bin,136,33554432,517.83,,
0,bench/30gib-6.bin,137,33554432,406.98,,
0,bench/30gib-6.bin,138,33554432,344.21,,
0,bench/30gib-6.bin,139,33554432,379.75,,
0,bench/30gib-6.bin,140,33554432,998.98,,
0,bench/30gib-6.bin,141,33554432,475.68,,
0,bench/30gib-6.bin,142,33554432,585.85,,
0,bench/30gib-6.bin,143,33554432,495.81,,
0,bench/30gib-6.bin,144,33554432,436.61,,
0,bench/30gib-6.bin,145,33554432,440.78,,
0,bench/30gib-6.bin,146,33554432,519.10,,
0,bench/30gib-6.bin,147,33554432,506.14,,
0,bench/30gib-6.bin,148,33554432,469.55,,
0,bench/30gib-6.bin,149,33554432,375.21,,
0,bench/30gib-6.bin,150,33554432,501.45,,
0,bench/30gib-6.bin,151,33554432,475.30,,
0,bench/30gib-6.bin,152,33554432,387.52,,
0,bench/30gib-6.bin,153,33554432,430.45,,
0,bench/30gib-6.bin,154,33554432,368.77,,
0,bench/30gib-6.bin,155,33554432,420.61,,
0,bench/30gib-6.bin,156,33554432,374.38,,
0,bench/30gib-6.bin,157,33554432,1223.53,,
0,bench/30gib-6.bin,158,33554432,531.12,,
0,bench/30gib-6.bin,159,33554432,425.99,,
0,bench/30gib-6.bin,160,33554432,363.42,,
0,bench/30gib-6.bin,161,33554432,340.37,,
0,bench/30gib-6.bin,162,33554432,550.96,,
0,bench/30gib-6.bin,163,33554432,613.18,,
0,bench/30gib-6.bin,164,33554432,382.24,,
0,bench/30gib-6.bin,165,33554432,877.20,,
0,bench/30gib-6.bin,166,33554432,387.35,,
0,bench/30gib-6.bin,167,33554432,396.10,,
0,bench/30gib-6.bin,168,33554432,391.75,,
0,bench/30gib-6.bin,169,33554432,451.77,,
0,bench/30gib-6.bin,170,33554432,435.91,,
0,bench/30gib-6.bin,171,33554432,342.27,,
0,bench/30gib-6.bin,172,33554432,502.49,,
0,bench/30gib-6.bin,173,33554432,391.69,,
0,bench/30gib-6.bin,174,33554432,361.51,,
0,bench/30gib-6.bin,175,33554432,398.85,,
0,bench/30gib-6.bin,176,33554432,476.80,,
0,bench/30gib-6.bin,177,33554432,436.83,,
0,bench/30gib-6.bin,178,33554432,344.13,,
0,bench/30gib-6.bin,179,33554432,963.77,,
0,bench/30gib-6.bin,180,33554432,639.98,,
0,bench/30gib-6.bin,181,33554432,550.43,,
0,bench/30gib-6.bin,182,33554432,345.96,,
0,bench/30gib-6.bin,183,33554432,341.78,,
0,bench/30gib-6.bin,184,33554432,352.20,,
0,bench/30gib-6.bin,185,33554432,413.23,,
0,bench/30gib-6.bin,186,33554432,1696.65,,
0,bench/30gib-6.bin,187,33554432,502.00,,
0,bench/30gib-6.bin,188,33554432,367.06,,
0,bench/30gib-6.bin,189,33554432,371.51,,
0,bench/30gib-6.bin,190,33554432,346.45,,
0,bench/30gib-6.bin,191,33554432,346.00,,
0,bench/30gib-6.bin,192,33554432,416.45,,
0,bench/30gib-6.bin,193,33554432,432.08,,
0,bench/30gib-6.bin,194,33554432,350.23,,
0,bench/30gib-6.bin,195,33554432,452.33,,
0,bench/30gib-6.bin,196,33554432,427.62,,
0,bench/30gib-6.bin,197,33554432,346.53,,
0,bench/30gib-6.bin,198,33554432,369.03,,
0,bench/30gib-6.bin,199,33554432,534.17,,
0,bench/30gib-6.bin,200,33554432,346.36,,
0,bench/30gib-6.bin,201,33554432,494.85,,
0,bench/30gib-6.bin,202,33554432,473.87,,
0,bench/30gib-6.bin,203,33554432,450.30,,
0,bench/30gib-6.bin,204,33554432,366.50,,
0,bench/30gib-6.bin,205,33554432,348.65,,
0,bench/30gib-6.bin,206,33554432,380.63,,
0,bench/30gib-6.bin,207,33554432,385.46,,
0,bench/30gib-6.bin,208,33554432,395.40,,
0,bench/30gib-6.bin,209,33554432,350.97,,
0,bench/30gib-6.bin,210,33554432,458.54,,
0,bench/30gib-6.bin,211,33554432,455.89,,
0,bench/30gib-6.bin,212,33554432,824.16,,
0,bench/30gib-6.bin,213,33554432,367.54,,
0,bench/30gib-6.bin,214,33554432,350.10,,
0,bench/30gib-6.bin,215,33554432,416.57,,
0,bench/30gib-6.bin,216,33554432,350.55,,
0,bench/30gib-6.bin,217,33554432,345.23,,
0,bench/30gib-6.bin,218,33554432,448.13,,
0,bench/30gib-6.bin,219,33554432,384.61,,
0,bench/30gib-6.bin,220,33554432,370.51,,
0,bench/30gib-6.bin,221,33554432,344.88,,
0,bench/30gib-6.bin,222,33554432,358.86,,
0,bench/30gib-6.bin,223,33554432,475.31,,
0,bench/30gib-6.bin,224,33554432,344.15,,
0,bench/30gib-6.bin,225,33554432,366.11,,
0,bench/30gib-6.bin,226,33554432,380.66,,
0,bench/30gib-6.bin,227,33554432,385.27,,
0,bench/30gib-6.bin,228,33554432,456.53,,
0,bench/30gib-6.bin,229,33554432,340.72,,
0,bench/30gib-6.bin,230,33554432,351.66,,
0,bench/30gib-6.bin,231,33554432,491.53,,
0,bench/30gib-6.bin,232,33554432,342.28,,
0,bench/30gib-6.bin,233,33554432,342.24,,
0,bench/30gib-6.bin,234,33554432,386.42,,
0,bench/30gib-6.bin,235,33554432,397.60,,
0,bench/30gib-6.bin,236,33554432,390.30,,
0,bench/30gib-6.bin,237,33554432,351.46,,
0,bench/30gib-6.bin,238,33554432,858.65,,
0,bench/30gib-6.bin,239,33554432,353.66,,
0,bench/30gib-6.bin,240,33554432,382.24,,
0,bench/30gib-6.bin,241,33554432,485.21,,
0,bench/30gib-6.bin,242,33554432,600.27,,
0,bench/30gib-6.bin,243,33554432,359.05,,
0,bench/30gib-6.bin,244,33554432,341.83,,
0,bench/30gib-6.bin,245,33554432,380.69,,
0,bench/30gib-6.bin,246,33554432,494.32,,
0,bench/30gib-6.bin,247,33554432,354.08,,
0,bench/30gib-6.bin,248,33554432,343.30,,
0,bench/30gib-6.bin,249,33554432,341.98,,
0,bench/30gib-6.bin,250,33554432,566.35,,
0,bench/30gib-6.bin,251,33554432,798.20,,
0,bench/30gib-6.bin,252,33554432,406.31,,
0,bench/30gib-6.bin,253,33554432,381.67,,
0,bench/30gib-6.bin,254,33554432,437.93,,
0,bench/30gib-6.bin,255,33554432,487.32,,
0,bench/30gib-6.bin,256,33554432,433.71,,
0,bench/30gib-6.bin,257,33554432,456.62,,
0,bench/30gib-6.bin,258,33554432,516.93,,
0,bench/30gib-6.bin,259,33554432,417.06,,
0,bench/30gib-6.bin,260,33554432,344.67,,
0,bench/30gib-6.bin,261,33554432,341.92,,
0,bench/30gib-6.bin,262,33554432,342.59,,
0,bench/30gib-6.bin,263,33554432,854.25,,
0,bench/30gib-6.bin,264,33554432,485.70,,
0,bench/30gib-6.bin,265,33554432,444.91,,
0,bench/30gib-6.bin,266,33554432,351.01,,
0,bench/30gib-6.bin,267,33554432,444.23,,
0,bench/30gib-6.bin,268,33554432,384.91,,
0,bench/30gib-6.bin,269,33554432,358.44,,
0,bench/30gib-6.bin,270,33554432,486.78,,
0,bench/30gib-6.bin,271,33554432,408.62,,
0,bench/30gib-6.bin,272,33554432,436.16,,
0,bench/30gib-6.bin,273,33554432,378.23,,
0,bench/30gib-6.bin,274,33554432,342.70,,
0,bench/30gib-6.bin,275,33554432,342.51,,
0,bench/30gib-6.bin,276,33554432,533.80,,
0,bench/30gib-6.bin,277,33554432,462.18,,
0,bench/30gib-6.bin,278,33554432,342.60,,
0,bench/30gib-6.bin,279,33554432,348.28,,
0,bench/30gib-6.bin,280,33554432,432.88,,
0,bench/30gib-6.bin,281,33554432,495.37,,
0,bench/30gib-6.bin,282,33554432,439.86,,
0,bench/30gib-6.bin,283,33554432,391.90,,
0,bench/30gib-6.bin,284,33554432,389.65,,
0,bench/30gib-6.bin,285,33554432,341.48,,
0,bench/30gib-6.bin,286,33554432,365.93,,
0,bench/30gib-6.bin,287,33554432,342.02,,
0,bench/30gib-6.bin,288,33554432,342.63,,
0,bench/30gib-6.bin,289,33554432,444.30,,
0,bench/30gib-6.bin,290,33554432,420.68,,
0,bench/30gib-6.bin,291,33554432,355.00,,
0,bench/30gib-6.bin,292,33554432,341.76,,
0,bench/30gib-6.bin,293,33554432,402.19,,
0,bench/30gib-6.bin,294,33554432,427.63,,
0,bench/30gib-6.bin,295,33554432,351.51,,
0,bench/30gib-6.bin,296,33554432,367.96,,
0,bench/30gib-6.bin,297,33554432,490.82,,
0,bench/30gib-6.bin,298,33554432,381.59,,
0,bench/30gib-6.bin,299,33554432,345.93,,
0,bench/30gib-6.bin,300,33554432,351.81,,
0,bench/30gib-6.bin,301,33554432,383.57,,
0,bench/30gib-6.bin,302,33554432,390.47,,
0,bench/30gib-6.bin,303,33554432,410.42,,
0,bench/30gib-6.bin,304,33554432,608.40,,
0,bench/30gib-6.bin,305,33554432,378.39,,
0,bench/30gib-6.bin,306,33554432,403.36,,
0,bench/30gib-6.bin,307,33554432,382.58,,
0,bench/30gib-6.bin,308,33554432,522.09,,
0,bench/30gib-6.bin,309,33554432,355.95,,
0,bench/30gib-6.bin,310,33554432,625.00,,
0,bench/30gib-6.bin,311,33554432,367.90,,
0,bench/30gib-6.bin,312,33554432,400.26,,
0,bench/30gib-6.bin,313,33554432,416.60,,
0,bench/30gib-6.bin,314,33554432,373.91,,
0,bench/30gib-6.bin,315,33554432,1017.05,,
0,bench/30gib-6.bin,316,33554432,522.02,,
0,bench/30gib-6.bin,317,33554432,342.09,,
0,bench/30gib-6.bin,318,33554432,374.44,,
0,bench/30gib-6.bin,319,33554432,538.87,,
0,bench/30gib-6.bin,320,33554432,344.50,,
0,bench/30gib-6.bin,321,33554432,395.10,,
0,bench/30gib-6.bin,322,33554432,377.38,,
0,bench/30gib-6.bin,323,33554432,352.21,,
0,bench/30gib-6.bin,324,33554432,394.30,,
0,bench/30gib-6.bin,325,33554432,466.62,,
0,bench/30gib-6.bin,326,33554432,356.57,,
0,bench/30gib-6.bin,327,33554432,1942.48,,
0,bench/30gib-6.bin,328,33554432,471.22,,
0,bench/30gib-6.bin,329,33554432,678.24,,
0,bench/30gib-6.bin,330,33554432,401.06,,
0,bench/30gib-6.bin,331,33554432,371.06,,
0,bench/30gib-6.bin,332,33554432,472.50,,
0,bench/30gib-6.bin,333,33554432,344.74,,
0,bench/30gib-6.bin,334,33554432,435.78,,
0,bench/30gib-6.bin,335,33554432,446.54,,
0,bench/30gib-6.bin,336,33554432,342.47,,
0,bench/30gib-6.bin,337,33554432,342.83,,
0,bench/30gib-6.bin,338,33554432,456.57,,
0,bench/30gib-6.bin,339,33554432,343.94,,
0,bench/30gib-6.bin,340,33554432,348.01,,
0,bench/30gib-6.bin,341,33554432,467.58,,
0,bench/30gib-6.bin,342,33554432,349.43,,
0,bench/30gib-6.bin,343,33554432,462.13,,
0,bench/30gib-6.bin,344,33554432,357.08,,
0,bench/30gib-6.bin,345,33554432,445.97,,
0,bench/30gib-6.bin,346,33554432,341.27,,
0,bench/30gib-6.bin,347,33554432,363.59,,
0,bench/30gib-6.bin,348,33554432,1516.49,,
0,bench/30gib-6.bin,349,33554432,376.46,,
0,bench/30gib-6.bin,350,33554432,493.26,,
0,bench/30gib-6.bin,351,33554432,347.04,,
0,bench/30gib-6.bin,352,33554432,823.80,,
0,bench/30gib-6.bin,353,33554432,401.97,,
0,bench/30gib-6.bin,354,33554432,409.97,,
0,bench/30gib-6.bin,355,33554432,391.48,,
0,bench/30gib-6.bin,356,33554432,356.28,,
0,bench/30gib-6.bin,357,33554432,547.21,,
0,bench/30gib-6.bin,358,33554432,387.92,,
0,bench/30gib-6.bin,359,33554432,479.99,,
0,bench/30gib-6.bin,360,33554432,367.03,,
0,bench/30gib-6.bin,361,33554432,352.19,,
0,bench/30gib-6.bin,362,33554432,434.48,,
0,bench/30gib-6.bin,363,33554432,347.94,,
0,bench/30gib-6.bin,364,33554432,575.23,,
0,bench/30gib-6.bin,365,33554432,346.47,,
0,bench/30gib-6.bin,366,33554432,541.61,,
0,bench/30gib-6.bin,367,33554432,442.29,,
0,bench/30gib-6.bin,368,33554432,385.38,,
0,bench/30gib-6.bin,369,33554432,627.99,,
0,bench/30gib-6.bin,370,33554432,383.08,,
0,bench/30gib-6.bin,371,33554432,439.17,,
0,bench/30gib-6.bin,372,33554432,411.71,,
0,bench/30gib-6.bin,373,33554432,429.84,,
0,bench/30gib-6.bin,374,33554432,349.35,,
0,bench/30gib-6.bin,375,33554432,505.79,,
0,bench/30gib-6.bin,376,33554432,392.03,,
0,bench/30gib-6.bin,377,33554432,545.42,,
0,bench/30gib-6.bin,378,33554432,435.46,,
0,bench/30gib-6.bin,379,33554432,390.32,,
0,bench/30gib-6.bin,380,33554432,441.20,,
0,bench/30gib-6.bin,381,33554432,360.02,,
0,bench/30gib-6.bin,382,33554432,344.10,,
0,bench/30gib-6.bin,383,33554432,566.99,,
0,bench/30gib-6.bin,384,33554432,345.18,,
0,bench/30gib-6.bin,385,33554432,522.40,,
0,bench/30gib-6.bin,386,33554432,446.05,,
0,bench/30gib-6.bin,387,33554432,417.36,,
0,bench/30gib-6.bin,388,33554432,456.12,,
0,bench/30gib-6.bin,389,33554432,506.62,,
0,bench/30gib-6.bin,390,33554432,707.38,,
0,bench/30gib-6.bin,391,33554432,408.53,,
0,bench/30gib-6.bin,392,33554432,393.03,,
0,bench/30gib-6.bin,393,33554432,347.16,,
0,bench/30gib-6.bin,394,33554432,422.98,,
0,bench/30gib-6.bin,395,33554432,508.44,,
0,bench/30gib-6.bin,396,33554432,503.80,,
0,bench/30gib-6.bin,397,33554432,606.85,,
0,bench/30gib-6.bin,398,33554432,398.33,,
0,bench/30gib-6.bin,399,33554432,403.75,,
0,bench/30gib-6.bin,400,33554432,359.19,,
0,bench/30gib-6.bin,401,33554432,469.14,,
0,bench/30gib-6.bin,402,33554432,443.20,,
0,bench/30gib-6.bin,403,33554432,410.23,,
0,bench/30gib-6.bin,404,33554432,427.19,,
0,bench/30gib-6.bin,405,33554432,382.48,,
0,bench/30gib-6.bin,406,33554432,401.46,,
0,bench/30gib-6.bin,407,33554432,629.08,,
0,bench/30gib-6.bin,408,33554432,426.41,,
0,bench/30gib-6.bin,409,33554432,366.56,,
0,bench/30gib-6.bin,410,33554432,522.44,,
0,bench/30gib-6.bin,411,33554432,435.29,,
0,bench/30gib-6.bin,412,33554432,486.56,,
0,bench/30gib-6.bin,413,33554432,496.52,,
0,bench/30gib-6.bin,414,33554432,345.56,,
0,bench/30gib-6.bin,415,33554432,440.79,,
0,bench/30gib-6.bin,416,33554432,349.52,,
0,bench/30gib-6.bin,417,33554432,437.94,,
0,bench/30gib-6.bin,418,33554432,427.32,,
0,bench/30gib-6.bin,419,33554432,431.50,,
0,bench/30gib-6.bin,420,33554432,426.66,,
0,bench/30gib-6.bin,421,33554432,340.11,,
0,bench/30gib-6.bin,422,33554432,341.34,,
0,bench/30gib-6.bin,423,33554432,766.51,,
0,bench/30gib-6.bin,424,33554432,389.69,,
0,bench/30gib-6.bin,425,33554432,536.75,,
0,bench/30gib-6.bin,426,33554432,345.97,,
0,bench/30gib-6.bin,427,33554432,2657.73,,
0,bench/30gib-6.bin,428,33554432,394.16,,
0,bench/30gib-6.bin,429,33554432,528.07,,
0,bench/30gib-6.bin,430,33554432,541.09,,
0,bench/30gib-6.bin,431,33554432,602.85,,
0,bench/30gib-6.bin,432,33554432,349.51,,
0,bench/30gib-6.bin,433,33554432,369.95,,
0,bench/30gib-6.bin,434,33554432,353.96,,
0,bench/30gib-6.bin,435,33554432,433.32,,
0,bench/30gib-6.bin,436,33554432,350.26,,
0,bench/30gib-6.bin,437,33554432,646.77,,
0,bench/30gib-6.bin,438,33554432,351.67,,
0,bench/30gib-6.bin,439,33554432,341.88,,
0,bench/30gib-6.bin,440,33554432,358.49,,
0,bench/30gib-6.bin,441,33554432,446.76,,
0,bench/30gib-6.bin,442,33554432,451.17,,
0,bench/30gib-6.bin,443,33554432,416.49,,
0,bench/30gib-6.bin,444,33554432,793.07,,
0,bench/30gib-6.bin,445,33554432,503.12,,
0,bench/30gib-6.bin,446,33554432,490.87,,
0,bench/30gib-6.bin,447,33554432,343.65,,
0,bench/30gib-6.bin,448,33554432,341.14,,
0,bench/30gib-6.bin,449,33554432,460.79,,
0,bench/30gib-6.bin,450,33554432,415.44,,
0,bench/30gib-6.bin,451,33554432,446.12,,
0,bench/30gib-6.bin,452,33554432,341.87,,
0,bench/30gib-6.bin,453,33554432,562.77,,
0,bench/30gib-6.bin,454,33554432,381.18,,
0,bench/30gib-6.bin,455,33554432,370.76,,
0,bench/30gib-6.bin,456,33554432,352.65,,
0,bench/30gib-6.bin,457,33554432,361.38,,
0,bench/30gib-6.bin,458,33554432,422.24,,
0,bench/30gib-6.bin,459,33554432,341.08,,
0,bench/30gib-6.bin,460,33554432,341.18,,
0,bench/30gib-6.bin,461,33554432,412.14,,
0,bench/30gib-6.bin,462,33554432,417.40,,
0,bench/30gib-6.bin,463,33554432,352.15,,
0,bench/30gib-6.bin,464,33554432,374.74,,
0,bench/30gib-6.bin,465,33554432,431.50,,
0,bench/30gib-6.bin,466,33554432,600.76,,
0,bench/30gib-6.bin,467,33554432,419.79,,
0,bench/30gib-6.bin,468,33554432,357.15,,
0,bench/30gib-6.bin,469,33554432,555.73,,
0,bench/30gib-6.bin,470,33554432,441.51,,
0,bench/30gib-6.bin,471,33554432,380.26,,
0,bench/30gib-6.bin,472,33554432,480.29,,
0,bench/30gib-6.bin,473,33554432,563.24,,
0,bench/30gib-6.bin,474,33554432,613.91,,
0,bench/30gib-6.bin,475,33554432,525.65,,
0,bench/30gib-6.bin,476,33554432,505.61,,
0,bench/30gib-6.bin,477,33554432,350.05,,
0,bench/30gib-6.bin,478,33554432,491.50,,
0,bench/30gib-6.bin,479,33554432,397.77,,
0,bench/30gib-6.bin,480,33554432,406.10,,
0,bench/30gib-6.bin,481,33554432,460.25,,
0,bench/30gib-6.bin,482,33554432,447.05,,
0,bench/30gib-6.bin,483,33554432,354.78,,
0,bench/30gib-6.bin,484,33554432,555.65,,
0,bench/30gib-6.bin,485,33554432,362.02,,
0,bench/30gib-6.bin,486,33554432,379.03,,
0,bench/30gib-6.bin,487,33554432,671.26,,
0,bench/30gib-6.bin,488,33554432,375.53,,
0,bench/30gib-6.bin,489,33554432,493.70,,
0,bench/30gib-6.bin,490,33554432,343.57,,
0,bench/30gib-6.bin,491,33554432,342.90,,
0,bench/30gib-6.bin,492,33554432,347.40,,
0,bench/30gib-6.bin,493,33554432,343.47,,
0,bench/30gib-6.bin,494,33554432,570.20,,
0,bench/30gib-6.bin,495,33554432,460.18,,
0,bench/30gib-6.bin,496,33554432,564.68,,
0,bench/30gib-6.bin,497,33554432,349.85,,
0,bench/30gib-6.bin,498,33554432,405.43,,
0,bench/30gib-6.bin,499,33554432,362.23,,
0,bench/30gib-6.bin,500,33554432,341.27,,
0,bench/30gib-6.bin,501,33554432,438.37,,
0,bench/30gib-6.bin,502,33554432,457.99,,
0,bench/30gib-6.bin,503,33554432,499.99,,
0,bench/30gib-6.bin,504,33554432,346.12,,
0,bench/30gib-6.bin,505,33554432,457.74,,
0,bench/30gib-6.bin,506,33554432,343.92,,
0,bench/30gib-6.bin,507,33554432,341.83,,
0,bench/30gib-6.bin,508,33554432,456.91,,
0,bench/30gib-6.bin,509,33554432,540.78,,
0,bench/30gib-6.bin,510,33554432,349.35,,
0,bench/30gib-6.bin,511,33554432,355.79,,
0,bench/30gib-6.bin,512,33554432,353.99,,
0,bench/30gib-6.bin,513,33554432,555.75,,
0,bench/30gib-6.bin,514,33554432,410.96,,
0,bench/30gib-6.bin,515,33554432,612.79,,
0,bench/30gib-6.bin,516,33554432,350.48,,
0,bench/30gib-6.bin,517,33554432,741.40,,
0,bench/30gib-6.bin,518,33554432,398.84,,
0,bench/30gib-6.bin,519,33554432,365.52,,
0,bench/30gib-6.bin,520,33554432,472.13,,
0,bench/30gib-6.bin,521,33554432,382.06,,
0,bench/30gib-6.bin,522,33554432,489.70,,
0,bench/30gib-6.bin,523,33554432,343.82,,
0,bench/30gib-6.bin,524,33554432,341.99,,
0,bench/30gib-6.bin,525,33554432,345.81,,
0,bench/30gib-6.bin,526,33554432,386.55,,
0,bench/30gib-6.bin,527,33554432,343.80,,
0,bench/30gib-6.bin,528,33554432,403.09,,
0,bench/30gib-6.bin,529,33554432,403.09,,
0,bench/30gib-6.bin,530,33554432,425.16,,
0,bench/30gib-6.bin,531,33554432,463.96,,
0,bench/30gib-6.bin,532,33554432,388.15,,
0,bench/30gib-6.bin,533,33554432,457.84,,
0,bench/30gib-6.bin,534,33554432,385.49,,
0,bench/30gib-6.bin,535,33554432,808.98,,
0,bench/30gib-6.bin,536,33554432,364.96,,
0,bench/30gib-6.bin,537,33554432,466.52,,
0,bench/30gib-6.bin,538,33554432,386.06,,
0,bench/30gib-6.bin,539,33554432,547.57,,
0,bench/30gib-6.bin,540,33554432,590.20,,
0,bench/30gib-6.bin,541,33554432,534.33,,
0,bench/30gib-6.bin,542,33554432,477.81,,
0,bench/30gib-6.bin,543,33554432,354.42,,
0,bench/30gib-6.bin,544,33554432,345.86,,
0,bench/30gib-6.bin,545,33554432,345.31,,
0,bench/30gib-6.bin,546,33554432,412.94,,
0,bench/30gib-6.bin,547,33554432,465.16,,
0,bench/30gib-6.bin,548,33554432,377.50,,
0,bench/30gib-6.bin,549,33554432,495.81,,
0,bench/30gib-6.bin,550,33554432,357.32,,
0,bench/30gib-6.bin,551,33554432,425.23,,
0,bench/30gib-6.bin,552,33554432,468.63,,
0,bench/30gib-6.bin,553,33554432,583.94,,
0,bench/30gib-6.bin,554,33554432,375.79,,
0,bench/30gib-6.bin,555,33554432,341.21,,
0,bench/30gib-6.bin,556,33554432,554.28,,
0,bench/30gib-6.bin,557,33554432,481.58,,
0,bench/30gib-6.bin,558,33554432,352.03,,
0,bench/30gib-6.bin,559,33554432,409.61,,
0,bench/30gib-6.bin,560,33554432,451.96,,
0,bench/30gib-6.bin,561,33554432,528.37,,
0,bench/30gib-6.bin,562,33554432,463.44,,
0,bench/30gib-6.bin,563,33554432,355.27,,
0,bench/30gib-6.bin,564,33554432,448.36,,
0,bench/30gib-6.bin,565,33554432,427.20,,
0,bench/30gib-6.bin,566,33554432,606.49,,
0,bench/30gib-6.bin,567,33554432,452.22,,
0,bench/30gib-6.bin,568,33554432,448.33,,
0,bench/30gib-6.bin,569,33554432,348.48,,
0,bench/30gib-6.bin,570,33554432,342.13,,
0,bench/30gib-6.bin,571,33554432,342.85,,
0,bench/30gib-6.bin,572,33554432,380.90,,
0,bench/30gib-6.bin,573,33554432,359.04,,
0,bench/30gib-6.bin,574,33554432,520.45,,
0,bench/30gib-6.bin,575,33554432,427.79,,
0,bench/30gib-6.bin,576,33554432,413.68,,
0,bench/30gib-6.bin,577,33554432,351.08,,
0,bench/30gib-6.bin,578,33554432,342.17,,
0,bench/30gib-6.bin,579,33554432,393.40,,
0,bench/30gib-6.bin,580,33554432,494.43,,
0,bench/30gib-6.bin,581,33554432,438.44,,
0,bench/30gib-6.bin,582,33554432,340.11,,
0,bench/30gib-6.bin,583,33554432,418.48,,
0,bench/30gib-6.bin,584,33554432,370.69,,
0,bench/30gib-6.bin,585,33554432,530.47,,
0,bench/30gib-6.bin,586,33554432,349.10,,
0,bench/30gib-6.bin,587,33554432,625.49,,
0,bench/30gib-6.bin,588,33554432,352.54,,
0,bench/30gib-6.bin,589,33554432,346.31,,
0,bench/30gib-6.bin,590,33554432,457.90,,
0,bench/30gib-6.bin,591,33554432,368.88,,
0,bench/30gib-6.bin,592,33554432,511.14,,
0,bench/30gib-6.bin,593,33554432,345.33,,
0,bench/30gib-6.bin,594,33554432,347.82,,
0,bench/30gib-6.bin,595,33554432,341.88,,
0,bench/30gib-6.bin,596,33554432,349.34,,
0,bench/30gib-6.bin,597,33554432,340.90,,
0,bench/30gib-6.bin,598,33554432,460.99,,
0,bench/30gib-6.bin,599,33554432,340.77,,
0,bench/30gib-6.bin,600,33554432,342.73,,
0,bench/30gib-6.bin,601,33554432,347.31,,
0,bench/30gib-6.bin,602,33554432,393.24,,
0,bench/30gib-6.bin,603,33554432,817.10,,
0,bench/30gib-6.bin,604,33554432,366.51,,
0,bench/30gib-6.bin,605,33554432,380.23,,
0,bench/30gib-6.bin,606,33554432,341.87,,
0,bench/30gib-6.bin,607,33554432,603.80,,
0,bench/30gib-6.bin,608,33554432,2676.88,,
0,bench/30gib-6.bin,609,33554432,357.58,,
0,bench/30gib-6.bin,610,33554432,340.52,,
0,bench/30gib-6.bin,611,33554432,434.16,,
0,bench/30gib-6.bin,612,33554432,394.47,,
0,bench/30gib-6.bin,613,33554432,395.01,,
0,bench/30gib-6.bin,614,33554432,452.61,,
0,bench/30gib-6.bin,615,33554432,342.37,,
0,bench/30gib-6.bin,616,33554432,443.46,,
0,bench/30gib-6.bin,617,33554432,401.67,,
0,bench/30gib-6.bin,618,33554432,382.38,,
0,bench/30gib-6.bin,619,33554432,369.92,,
0,bench/30gib-6.bin,620,33554432,465.96,,
0,bench/30gib-6.bin,621,33554432,352.73,,
0,bench/30gib-6.bin,622,33554432,466.20,,
0,bench/30gib-6.bin,623,33554432,394.32,,
0,bench/30gib-6.bin,624,33554432,553.60,,
0,bench/30gib-6.bin,625,33554432,461.47,,
0,bench/30gib-6.bin,626,33554432,340.94,,
0,bench/30gib-6.bin,627,33554432,360.33,,
0,bench/30gib-6.bin,628,33554432,367.34,,
0,bench/30gib-6.bin,629,33554432,414.02,,
0,bench/30gib-6.bin,630,33554432,342.42,,
0,bench/30gib-6.bin,631,33554432,346.17,,
0,bench/30gib-6.bin,632,33554432,381.17,,
0,bench/30gib-6.bin,633,33554432,446.53,,
0,bench/30gib-6.bin,634,33554432,340.21,,
0,bench/30gib-6.bin,635,33554432,387.29,,
0,bench/30gib-6.bin,636,33554432,347.64,,
0,bench/30gib-6.bin,637,33554432,343.77,,
0,bench/30gib-6.bin,638,33554432,1288.01,,
0,bench/30gib-6.bin,639,33554432,420.08,,
0,bench/30gib-6.bin,640,33554432,500.15,,
0,bench/30gib-6.bin,641,33554432,341.94,,
0,bench/30gib-6.bin,642,33554432,594.41,,
0,bench/30gib-6.bin,643,33554432,694.67,,
0,bench/30gib-6.bin,644,33554432,483.14,,
0,bench/30gib-6.bin,645,33554432,637.32,,
0,bench/30gib-6.bin,646,33554432,344.07,,
0,bench/30gib-6.bin,647,33554432,462.05,,
0,bench/30gib-6.bin,648,33554432,514.41,,
0,bench/30gib-6.bin,649,33554432,425.03,,
0,bench/30gib-6.bin,650,33554432,519.72,,
0,bench/30gib-6.bin,651,33554432,341.27,,
0,bench/30gib-6.bin,652,33554432,341.53,,
0,bench/30gib-6.bin,653,33554432,461.70,,
0,bench/30gib-6.bin,654,33554432,394.51,,
0,bench/30gib-6.bin,655,33554432,570.82,,
0,bench/30gib-6.bin,656,33554432,474.67,,
0,bench/30gib-6.bin,657,33554432,515.68,,
0,bench/30gib-6.bin,658,33554432,345.43,,
0,bench/30gib-6.bin,659,33554432,374.35,,
0,bench/30gib-6.bin,660,33554432,396.11,,
0,bench/30gib-6.bin,661,33554432,340.91,,
0,bench/30gib-6.bin,662,33554432,353.40,,
0,bench/30gib-6.bin,663,33554432,344.84,,
0,bench/30gib-6.bin,664,33554432,677.70,,
0,bench/30gib-6.bin,665,33554432,537.67,,
0,bench/30gib-6.bin,666,33554432,561.94,,
0,bench/30gib-6.bin,667,33554432,374.85,,
0,bench/30gib-6.bin,668,33554432,1154.96,,
0,bench/30gib-6.bin,669,33554432,375.43,,
0,bench/30gib-6.bin,670,33554432,364.86,,
0,bench/30gib-6.bin,671,33554432,342.94,,
0,bench/30gib-6.bin,672,33554432,436.07,,
0,bench/30gib-6.bin,673,33554432,408.99,,
0,bench/30gib-6.bin,674,33554432,340.14,,
0,bench/30gib-6.bin,675,33554432,588.97,,
0,bench/30gib-6.bin,676,33554432,724.37,,
0,bench/30gib-6.bin,677,33554432,420.07,,
0,bench/30gib-6.bin,678,33554432,356.07,,
0,bench/30gib-6.bin,679,33554432,505.87,,
0,bench/30gib-6.bin,680,33554432,344.36,,
0,bench/30gib-6.bin,681,33554432,438.85,,
0,bench/30gib-6.bin,682,33554432,501.77,,
0,bench/30gib-6.bin,683,33554432,491.24,,
0,bench/30gib-6.bin,684,33554432,383.72,,
0,bench/30gib-6.bin,685,33554432,381.29,,
0,bench/30gib-6.bin,686,33554432,947.15,,
0,bench/30gib-6.bin,687,33554432,405.40,,
0,bench/30gib-6.bin,688,33554432,341.53,,
0,bench/30gib-6.bin,689,33554432,395.90,,
0,bench/30gib-6.bin,690,33554432,498.50,,
0,bench/30gib-6.bin,691,33554432,651.40,,
0,bench/30gib-6.bin,692,33554432,356.32,,
0,bench/30gib-6.bin,693,33554432,403.05,,
0,bench/30gib-6.bin,694,33554432,357.41,,
0,bench/30gib-6.bin,695,33554432,400.32,,
0,bench/30gib-6.bin,696,33554432,393.53,,
0,bench/30gib-6.bin,697,33554432,374.92,,
0,bench/30gib-6.bin,698,33554432,436.15,,
0,bench/30gib-6.bin,699,33554432,698.04,,
0,bench/30gib-6.bin,700,33554432,355.04,,
0,bench/30gib-6.bin,701,33554432,367.86,,
0,bench/30gib-6.bin,702,33554432,440.67,,
0,bench/30gib-6.bin,703,33554432,585.87,,
0,bench/30gib-6.bin,704,33554432,504.49,,
0,bench/30gib-6.bin,705,33554432,419.90,,
0,bench/30gib-6.bin,706,33554432,391.61,,
0,bench/30gib-6.bin,707,33554432,348.13,,
0,bench/30gib-6.bin,708,33554432,543.41,,
0,bench/30gib-6.bin,709,33554432,369.85,,
0,bench/30gib-6.bin,710,33554432,359.03,,
0,bench/30gib-6.bin,711,33554432,599.24,,
0,bench/30gib-6.bin,712,33554432,358.56,,
0,bench/30gib-6.bin,713,33554432,343.84,,
0,bench/30gib-6.bin,714,33554432,420.13,,
0,bench/30gib-6.bin,715,33554432,360.46,,
0,bench/30gib-6.bin,716,33554432,480.11,,
0,bench/30gib-6.bin,717,33554432,463.76,,
0,bench/30gib-6.bin,718,33554432,522.11,,
0,bench/30gib-6.bin,719,33554432,347.85,,
0,bench/30gib-6.bin,720,33554432,598.08,,
0,bench/30gib-6.bin,721,33554432,425.75,,
0,bench/30gib-6.bin,722,33554432,370.48,,
0,bench/30gib-6.bin,723,33554432,514.13,,
0,bench/30gib-6.bin,724,33554432,354.96,,
0,bench/30gib-6.bin,725,33554432,576.91,,
0,bench/30gib-6.bin,726,33554432,342.13,,
0,bench/30gib-6.bin,727,33554432,340.79,,
0,bench/30gib-6.bin,728,33554432,454.32,,
0,bench/30gib-6.bin,729,33554432,835.72,,
0,bench/30gib-6.bin,730,33554432,376.21,,
0,bench/30gib-6.bin,731,33554432,372.01,,
0,bench/30gib-6.bin,732,33554432,341.46,,
0,bench/30gib-6.bin,733,33554432,343.60,,
0,bench/30gib-6.bin,734,33554432,345.28,,
0,bench/30gib-6.bin,735,33554432,343.64,,
0,bench/30gib-6.bin,736,33554432,341.09,,
0,bench/30gib-6.bin,737,33554432,499.61,,
0,bench/30gib-6.bin,738,33554432,420.11,,
0,bench/30gib-6.bin,739,33554432,447.64,,
0,bench/30gib-6.bin,740,33554432,372.25,,
0,bench/30gib-6.bin,741,33554432,342.46,,
0,bench/30gib-6.bin,742,33554432,655.82,,
0,bench/30gib-6.bin,743,33554432,348.98,,
0,bench/30gib-6.bin,744,33554432,510.16,,
0,bench/30gib-6.bin,745,33554432,418.11,,
0,bench/30gib-6.bin,746,33554432,585.72,,
0,bench/30gib-6.bin,747,33554432,472.87,,
0,bench/30gib-6.bin,748,33554432,579.22,,
0,bench/30gib-6.bin,749,33554432,437.61,,
0,bench/30gib-6.bin,750,33554432,343.20,,
0,bench/30gib-6.bin,751,33554432,370.17,,
0,bench/30gib-6.bin,752,33554432,342.05,,
0,bench/30gib-6.bin,753,33554432,431.54,,
0,bench/30gib-6.bin,754,33554432,499.78,,
0,bench/30gib-6.bin,755,33554432,342.55,,
0,bench/30gib-6.bin,756,33554432,341.65,,
0,bench/30gib-6.bin,757,33554432,861.25,,
0,bench/30gib-6.bin,758,33554432,353.59,,
0,bench/30gib-6.bin,759,33554432,529.64,,
0,bench/30gib-6.bin,760,33554432,453.78,,
0,bench/30gib-6.bin,761,33554432,359.02,,
0,bench/30gib-6.bin,762,33554432,343.94,,
0,bench/30gib-6.bin,763,33554432,395.26,,
0,bench/30gib-6.bin,764,33554432,344.75,,
0,bench/30gib-6.bin,765,33554432,342.38,,
0,bench/30gib-6.bin,766,33554432,343.66,,
0,bench/30gib-6.bin,767,33554432,714.33,,
0,bench/30gib-6.bin,768,33554432,425.69,,
0,bench/30gib-6.bin,769,33554432,342.59,,
0,bench/30gib-6.bin,770,33554432,417.78,,
0,bench/30gib-6.bin,771,33554432,420.82,,
0,bench/30gib-6.bin,772,33554432,493.58,,
0,bench/30gib-6.bin,773,33554432,360.84,,
0,bench/30gib-6.bin,774,33554432,350.77,,
0,bench/30gib-6.bin,775,33554432,518.64,,
0,bench/30gib-6.bin,776,33554432,340.77,,
0,bench/30gib-6.bin,777,33554432,352.20,,
0,bench/30gib-6.bin,778,33554432,435.95,,
0,bench/30gib-6.bin,779,33554432,503.01,,
0,bench/30gib-6.bin,780,33554432,375.60,,
0,bench/30gib-6.bin,781,33554432,470.66,,
0,bench/30gib-6.bin,782,33554432,613.83,,
0,bench/30gib-6.bin,783,33554432,664.75,,
0,bench/30gib-6.bin,784,33554432,499.32,,
0,bench/30gib-6.bin,785,33554432,340.86,,
0,bench/30gib-6.bin,786,33554432,364.18,,
0,bench/30gib-6.bin,787,33554432,383.12,,
0,bench/30gib-6.bin,788,33554432,488.72,,
0,bench/30gib-6.bin,789,33554432,394.89,,
0,bench/30gib-6.bin,790,33554432,529.78,,
0,bench/30gib-6.bin,791,33554432,429.05,,
0,bench/30gib-6.bin,792,33554432,590.48,,
0,bench/30gib-6.bin,793,33554432,428.70,,
0,bench/30gib-6.bin,794,33554432,481.66,,
0,bench/30gib-6.bin,795,33554432,375.41,,
0,bench/30gib-6.bin,796,33554432,577.42,,
0,bench/30gib-6.bin,797,33554432,488.99,,
0,bench/30gib-6.bin,798,33554432,427.87,,
0,bench/30gib-6.bin,799,33554432,592.29,,
0,bench/30gib-6.bin,800,33554432,346.56,,
0,bench/30gib-6.bin,801,33554432,531.03,,
0,bench/30gib-6.bin,802,33554432,444.80,,
0,bench/30gib-6.bin,803,33554432,343.47,,
0,bench/30gib-6.bin,804,33554432,461.66,,
0,bench/30gib-6.bin,805,33554432,346.36,,
0,bench/30gib-6.bin,806,33554432,2368.39,,
0,bench/30gib-6.bin,807,33554432,599.03,,
0,bench/30gib-6.bin,808,33554432,347.07,,
0,bench/30gib-6.bin,809,33554432,430.47,,
0,bench/30gib-6.bin,810,33554432,442.40,,
0,bench/30gib-6.bin,811,33554432,450.33,,
0,bench/30gib-6.bin,812,33554432,419.95,,
0,bench/30gib-6.bin,813,33554432,522.51,,
0,bench/30gib-6.bin,814,33554432,383.60,,
0,bench/30gib-6.bin,815,33554432,431.55,,
0,bench/30gib-6.bin,816,33554432,410.32,,
0,bench/30gib-6.bin,817,33554432,415.17,,
0,bench/30gib-6.bin,818,33554432,503.60,,
0,bench/30gib-6.bin,819,33554432,422.02,,
0,bench/30gib-6.bin,820,33554432,388.74,,
0,bench/30gib-6.bin,821,33554432,362.15,,
0,bench/30gib-6.bin,822,33554432,373.78,,
0,bench/30gib-6.bin,823,33554432,349.37,,
0,bench/30gib-6.bin,824,33554432,431.08,,
0,bench/30gib-6.bin,825,33554432,641.65,,
0,bench/30gib-6.bin,826,33554432,451.94,,
0,bench/30gib-6.bin,827,33554432,448.71,,
0,bench/30gib-6.bin,828,33554432,1580.98,,
0,bench/30gib-6.bin,829,33554432,1485.78,,
0,bench/30gib-6.bin,830,33554432,339.12,,
0,bench/30gib-6.bin,831,33554432,499.41,,
0,bench/30gib-6.bin,832,33554432,347.62,,
0,bench/30gib-6.bin,833,33554432,415.46,,
0,bench/30gib-6.bin,834,33554432,382.62,,
0,bench/30gib-6.bin,835,33554432,405.63,,
0,bench/30gib-6.bin,836,33554432,442.72,,
0,bench/30gib-6.bin,837,33554432,410.83,,
0,bench/30gib-6.bin,838,33554432,467.01,,
0,bench/30gib-6.bin,839,33554432,344.97,,
0,bench/30gib-6.bin,840,33554432,503.03,,
0,bench/30gib-6.bin,841,33554432,456.89,,
0,bench/30gib-6.bin,842,33554432,423.51,,
0,bench/30gib-6.bin,843,33554432,341.05,,
0,bench/30gib-6.bin,844,33554432,339.75,,
0,bench/30gib-6.bin,845,33554432,558.04,,
0,bench/30gib-6.bin,846,33554432,342.37,,
0,bench/30gib-6.bin,847,33554432,386.16,,
0,bench/30gib-6.bin,848,33554432,348.77,,
0,bench/30gib-6.bin,849,33554432,341.09,,
0,bench/30gib-6.bin,850,33554432,444.10,,
0,bench/30gib-6.bin,851,33554432,388.45,,
0,bench/30gib-6.bin,852,33554432,484.44,,
0,bench/30gib-6.bin,853,33554432,355.46,,
0,bench/30gib-6.bin,854,33554432,355.57,,
0,bench/30gib-6.bin,855,33554432,409.58,,
0,bench/30gib-6.bin,856,33554432,354.45,,
0,bench/30gib-6.bin,857,33554432,512.33,,
0,bench/30gib-6.bin,858,33554432,341.71,,
0,bench/30gib-6.bin,859,33554432,352.81,,
0,bench/30gib-6.bin,860,33554432,342.58,,
0,bench/30gib-6.bin,861,33554432,450.02,,
0,bench/30gib-6.bin,862,33554432,342.11,,
0,bench/30gib-6.bin,863,33554432,492.37,,
0,bench/30gib-6.bin,864,33554432,455.12,,
0,bench/30gib-6.bin,865,33554432,408.55,,
0,bench/30gib-6.bin,866,33554432,479.98,,
0,bench/30gib-6.bin,867,33554432,456.99,,
0,bench/30gib-6.bin,868,33554432,343.68,,
0,bench/30gib-6.bin,869,33554432,479.81,,
0,bench/30gib-6.bin,870,33554432,577.10,,
0,bench/30gib-6.bin,871,33554432,352.15,,
0,bench/30gib-6.bin,872,33554432,658.68,,
0,bench/30gib-6.bin,873,33554432,483.37,,
0,bench/30gib-6.bin,874,33554432,351.62,,
0,bench/30gib-6.bin,875,33554432,350.30,,
0,bench/30gib-6.bin,876,33554432,341.89,,
0,bench/30gib-6.bin,877,33554432,476.85,,
0,bench/30gib-6.bin,878,33554432,344.38,,
0,bench/30gib-6.bin,879,33554432,364.36,,
0,bench/30gib-6.bin,880,33554432,382.61,,
0,bench/30gib-6.bin,881,33554432,513.72,,
0,bench/30gib-6.bin,882,33554432,383.63,,
0,bench/30gib-6.bin,883,33554432,444.20,,
0,bench/30gib-6.bin,884,33554432,372.62,,
0,bench/30gib-6.bin,885,33554432,485.30,,
0,bench/30gib-6.bin,886,33554432,376.55,,
0,bench/30gib-6.bin,887,33554432,361.95,,
0,bench/30gib-6.bin,888,33554432,344.89,,
0,bench/30gib-6.bin,889,33554432,341.28,,
0,bench/30gib-6.bin,890,33554432,363.78,,
0,bench/30gib-6.bin,891,33554432,492.13,,
0,bench/30gib-6.bin,892,33554432,390.07,,
0,bench/30gib-6.bin,893,33554432,356.07,,
0,bench/30gib-6.bin,894,33554432,399.09,,
0,bench/30gib-6.bin,895,33554432,340.78,,
0,bench/30gib-6.bin,896,33554432,349.77,,
0,bench/30gib-6.bin,897,33554432,503.26,,
0,bench/30gib-6.bin,898,33554432,405.96,,
0,bench/30gib-6.bin,899,33554432,346.50,,
0,bench/30gib-6.bin,900,33554432,460.14,,
0,bench/30gib-6.bin,901,33554432,342.14,,
0,bench/30gib-6.bin,902,33554432,360.80,,
0,bench/30gib-6.bin,903,33554432,471.52,,
0,bench/30gib-6.bin,904,33554432,390.50,,
0,bench/30gib-6.bin,905,33554432,340.79,,
0,bench/30gib-6.bin,906,33554432,433.16,,
0,bench/30gib-6.bin,907,33554432,479.73,,
0,bench/30gib-6.bin,908,33554432,1293.10,,
0,bench/30gib-6.bin,909,33554432,583.73,,
0,bench/30gib-6.bin,910,33554432,420.23,,
0,bench/30gib-6.bin,911,33554432,379.48,,
0,bench/30gib-6.bin,912,33554432,350.19,,
0,bench/30gib-6.bin,913,33554432,341.71,,
0,bench/30gib-6.bin,914,33554432,454.98,,
0,bench/30gib-6.bin,915,33554432,341.15,,
0,bench/30gib-6.bin,916,33554432,418.37,,
0,bench/30gib-6.bin,917,33554432,356.30,,
0,bench/30gib-6.bin,918,33554432,436.46,,
0,bench/30gib-6.bin,919,33554432,390.14,,
0,bench/30gib-6.bin,920,33554432,344.54,,
0,bench/30gib-6.bin,921,33554432,386.77,,
0,bench/30gib-6.bin,922,33554432,478.78,,
0,bench/30gib-6.bin,923,33554432,604.30,,
0,bench/30gib-6.bin,924,33554432,687.11,,
0,bench/30gib-6.bin,925,33554432,342.52,,
0,bench/30gib-6.bin,926,33554432,812.29,,
0,bench/30gib-6.bin,927,33554432,346.20,,
0,bench/30gib-6.bin,928,33554432,503.57,,
0,bench/30gib-6.bin,929,33554432,344.72,,
0,bench/30gib-6.bin,930,33554432,391.66,,
0,bench/30gib-6.bin,931,33554432,395.72,,
0,bench/30gib-6.bin,932,33554432,350.04,,
0,bench/30gib-6.bin,933,33554432,404.76,,
0,bench/30gib-6.bin,934,33554432,395.85,,
0,bench/30gib-6.bin,935,33554432,339.87,,
0,bench/30gib-6.bin,936,33554432,349.28,,
0,bench/30gib-6.bin,937,33554432,357.87,,
0,bench/30gib-6.bin,938,33554432,356.45,,
0,bench/30gib-6.bin,939,33554432,354.35,,
0,bench/30gib-6.bin,940,33554432,430.56,,
0,bench/30gib-6.bin,941,33554432,348.87,,
0,bench/30gib-6.bin,942,33554432,922.85,,
0,bench/30gib-6.bin,943,33554432,415.72,,
0,bench/30gib-6.bin,944,33554432,342.22,,
0,bench/30gib-6.bin,945,33554432,605.66,,
0,bench/30gib-6.bin,946,33554432,578.75,,
0,bench/30gib-6.bin,947,33554432,340.51,,
0,bench/30gib-6.bin,948,33554432,381.90,,
0,bench/30gib-6.bin,949,33554432,347.44,,
0,bench/30gib-6.bin,950,33554432,634.37,,
0,bench/30gib-6.bin,951,33554432,462.22,,
0,bench/30gib-6.bin,952,33554432,340.84,,
0,bench/30gib-6.bin,953,33554432,396.84,,
0,bench/30gib-6.bin,954,33554432,390.56,,
0,bench/30gib-6.bin,955,33554432,343.72,,
0,bench/30gib-6.bin,956,33554432,536.02,,
0,bench/30gib-6.bin,957,33554432,395.80,,
0,bench/30gib-6.bin,958,33554432,405.52,,
0,bench/30gib-6.bin,959,33554432,496.32,,
0,bench/30gib-6.bin,960,33554432,345.29,,
0,bench/30gib-7.bin,1,33554432,979.71,,
0,bench/30gib-7.bin,2,33554432,1341.25,,
0,bench/30gib-7.bin,3,33554432,1924.21,,
0,bench/30gib-7.bin,4,33554432,1535.01,,
0,bench/30gib-7.bin,5,33554432,725.81,,
0,bench/30gib-7.bin,6,33554432,1192.49,,
0,bench/30gib-7.bin,7,33554432,1564.52,,
0,bench/30gib-7.bin,8,33554432,1032.48,,
0,bench/30gib-7.bin,9,33554432,990.04,,
0,bench/30gib-7.bin,10,33554432,1021.16,,
0,bench/30gib-7.bin,11,33554432,1026.30,,
0,bench/30gib-7.bin,12,33554432,753.10,,
0,bench/30gib-7.bin,13,33554432,815.31,,
0,bench/30gib-7.bin,14,33554432,1596.92,,
0,bench/30gib-7.bin,15,33554432,1266.30,,
0,bench/30gib-7.bin,16,33554432,1035.66,,
0,bench/30gib-7.bin,17,33554432,1589.31,,
0,bench/30gib-7.bin,18,33554432,842.05,,
0,bench/30gib-7.bin,19,33554432,1715.65,,
0,bench/30gib-7.bin,20,33554432,1455.78,,
0,bench/30gib-7.bin,21,33554432,1883.08,,
0,bench/30gib-7.bin,22,33554432,1856.07,,
0,bench/30gib-7.bin,23,33554432,1714.54,,
0,bench/30gib-7.bin,24,33554432,1563.33,,
0,bench/30gib-7.bin,25,33554432,1854.96,,
0,bench/30gib-7.bin,26,33554432,1337.24,,
0,bench/30gib-7.bin,27,33554432,1103.60,,
0,bench/30gib-7.bin,28,33554432,916.29,,
0,bench/30gib-7.bin,29,33554432,1344.97,,
0,bench/30gib-7.bin,30,33554432,851.70,,
0,bench/30gib-7.bin,31,33554432,575.04,,
0,bench/30gib-7.bin,32,33554432,705.71,,
0,bench/30gib-7.bin,33,33554432,1069.39,,
0,bench/30gib-7.bin,34,33554432,518.66,,
0,bench/30gib-7.bin,35,33554432,503.19,,
0,bench/30gib-7.bin,36,33554432,829.33,,
0,bench/30gib-7.bin,37,33554432,751.86,,
0,bench/30gib-7.bin,38,33554432,824.49,,
0,bench/30gib-7.bin,39,33554432,536.53,,
0,bench/30gib-7.bin,40,33554432,560.55,,
0,bench/30gib-7.bin,41,33554432,781.61,,
0,bench/30gib-7.bin,42,33554432,490.52,,
0,bench/30gib-7.bin,43,33554432,559.44,,
0,bench/30gib-7.bin,44,33554432,584.38,,
0,bench/30gib-7.bin,45,33554432,524.55,,
0,bench/30gib-7.bin,46,33554432,597.76,,
0,bench/30gib-7.bin,47,33554432,544.64,,
0,bench/30gib-7.bin,48,33554432,458.03,,
0,bench/30gib-7.bin,49,33554432,508.14,,
0,bench/30gib-7.bin,50,33554432,588.02,,
0,bench/30gib-7.bin,51,33554432,542.37,,
0,bench/30gib-7.bin,52,33554432,454.97,,
0,bench/30gib-7.bin,53,33554432,421.07,,
0,bench/30gib-7.bin,54,33554432,653.52,,
0,bench/30gib-7.bin,55,33554432,604.84,,
0,bench/30gib-7.bin,56,33554432,619.12,,
0,bench/30gib-7.bin,57,33554432,429.39,,
0,bench/30gib-7.bin,58,33554432,650.23,,
0,bench/30gib-7.bin,59,33554432,354.11,,
0,bench/30gib-7.bin,60,33554432,467.59,,
0,bench/30gib-7.bin,61,33554432,510.43,,
0,bench/30gib-7.bin,62,33554432,780.30,,
0,bench/30gib-7.bin,63,33554432,461.50,,
0,bench/30gib-7.bin,64,33554432,359.92,,
0,bench/30gib-7.bin,65,33554432,399.10,,
0,bench/30gib-7.bin,66,33554432,469.29,,
0,bench/30gib-7.bin,67,33554432,429.66,,
0,bench/30gib-7.bin,68,33554432,419.12,,
0,bench/30gib-7.bin,69,33554432,1073.74,,
0,bench/30gib-7.bin,70,33554432,583.32,,
0,bench/30gib-7.bin,71,33554432,361.47,,
0,bench/30gib-7.bin,72,33554432,349.39,,
0,bench/30gib-7.bin,73,33554432,344.84,,
0,bench/30gib-7.bin,74,33554432,512.39,,
0,bench/30gib-7.bin,75,33554432,746.67,,
0,bench/30gib-7.bin,76,33554432,473.61,,
0,bench/30gib-7.bin,77,33554432,602.87,,
0,bench/30gib-7.bin,78,33554432,627.22,,
0,bench/30gib-7.bin,79,33554432,434.49,,
0,bench/30gib-7.bin,80,33554432,497.36,,
0,bench/30gib-7.bin,81,33554432,368.44,,
0,bench/30gib-7.bin,82,33554432,615.65,,
0,bench/30gib-7.bin,83,33554432,608.88,,
0,bench/30gib-7.bin,84,33554432,449.84,,
0,bench/30gib-7.bin,85,33554432,502.78,,
0,bench/30gib-7.bin,86,33554432,390.57,,
0,bench/30gib-7.bin,87,33554432,504.64,,
0,bench/30gib-7.bin,88,33554432,440.44,,
0,bench/30gib-7.bin,89,33554432,545.31,,
0,bench/30gib-7.bin,90,33554432,427.76,,
0,bench/30gib-7.bin,91,33554432,397.12,,
0,bench/30gib-7.bin,92,33554432,349.26,,
0,bench/30gib-7.bin,93,33554432,410.18,,
0,bench/30gib-7.bin,94,33554432,483.90,,
0,bench/30gib-7.bin,95,33554432,377.88,,
0,bench/30gib-7.bin,96,33554432,475.11,,
0,bench/30gib-7.bin,97,33554432,802.58,,
0,bench/30gib-7.bin,98,33554432,590.57,,
0,bench/30gib-7.bin,99,33554432,552.73,,
0,bench/30gib-7.bin,100,33554432,500.96,,
0,bench/30gib-7.bin,101,33554432,613.46,,
0,bench/30gib-7.bin,102,33554432,412.37,,
0,bench/30gib-7.bin,103,33554432,476.61,,
0,bench/30gib-7.bin,104,33554432,460.71,,
0,bench/30gib-7.bin,105,33554432,381.01,,
0,bench/30gib-7.bin,106,33554432,399.90,,
0,bench/30gib-7.bin,107,33554432,380.57,,
0,bench/30gib-7.bin,108,33554432,391.09,,
0,bench/30gib-7.bin,109,33554432,472.35,,
0,bench/30gib-7.bin,110,33554432,355.67,,
0,bench/30gib-7.bin,111,33554432,378.54,,
0,bench/30gib-7.bin,112,33554432,344.12,,
0,bench/30gib-7.bin,113,33554432,398.50,,
0,bench/30gib-7.bin,114,33554432,501.17,,
0,bench/30gib-7.bin,115,33554432,375.50,,
0,bench/30gib-7.bin,116,33554432,419.03,,
0,bench/30gib-7.bin,117,33554432,341.93,,
0,bench/30gib-7.bin,118,33554432,367.71,,
0,bench/30gib-7.bin,119,33554432,503.60,,
0,bench/30gib-7.bin,120,33554432,454.76,,
0,bench/30gib-7.bin,121,33554432,475.04,,
0,bench/30gib-7.bin,122,33554432,348.96,,
0,bench/30gib-7.bin,123,33554432,348.62,,
0,bench/30gib-7.bin,124,33554432,343.71,,
0,bench/30gib-7.bin,125,33554432,482.63,,
0,bench/30gib-7.bin,126,33554432,463.89,,
0,bench/30gib-7.bin,127,33554432,381.83,,
0,bench/30gib-7.bin,128,33554432,527.22,,
0,bench/30gib-7.bin,129,33554432,531.78,,
0,bench/30gib-7.bin,130,33554432,498.42,,
0,bench/30gib-7.bin,131,33554432,356.12,,
0,bench/30gib-7.bin,132,33554432,413.85,,
0,bench/30gib-7.bin,133,33554432,340.44,,
0,bench/30gib-7.bin,134,33554432,465.95,,
0,bench/30gib-7.bin,135,33554432,363.89,,
0,bench/30gib-7.bin,136,33554432,343.42,,
0,bench/30gib-7.bin,137,33554432,491.41,,
0,bench/30gib-7.bin,138,33554432,525.12,,
0,bench/30gib-7.bin,139,33554432,459.29,,
0,bench/30gib-7.bin,140,33554432,461.87,,
0,bench/30gib-7.bin,141,33554432,561.16,,
0,bench/30gib-7.bin,142,33554432,516.87,,
0,bench/30gib-7.bin,143,33554432,347.93,,
0,bench/30gib-7.bin,144,33554432,523.01,,
0,bench/30gib-7.bin,145,33554432,443.90,,
0,bench/30gib-7.bin,146,33554432,520.08,,
0,bench/30gib-7.bin,147,33554432,487.98,,
0,bench/30gib-7.bin,148,33554432,458.85,,
0,bench/30gib-7.bin,149,33554432,382.16,,
0,bench/30gib-7.bin,150,33554432,386.43,,
0,bench/30gib-7.bin,151,33554432,420.99,,
0,bench/30gib-7.bin,152,33554432,345.62,,
0,bench/30gib-7.bin,153,33554432,349.67,,
0,bench/30gib-7.bin,154,33554432,507.76,,
0,bench/30gib-7.bin,155,33554432,559.14,,
0,bench/30gib-7.bin,156,33554432,361.55,,
0,bench/30gib-7.bin,157,33554432,345.10,,
0,bench/30gib-7.bin,158,33554432,354.10,,
0,bench/30gib-7.bin,159,33554432,357.64,,
0,bench/30gib-7.bin,160,33554432,439.77,,
0,bench/30gib-7.bin,161,33554432,558.96,,
0,bench/30gib-7.bin,162,33554432,381.20,,
0,bench/30gib-7.bin,163,33554432,408.51,,
0,bench/30gib-7.bin,164,33554432,341.45,,
0,bench/30gib-7.bin,165,33554432,399.56,,
0,bench/30gib-7.bin,166,33554432,378.01,,
0,bench/30gib-7.bin,167,33554432,352.96,,
0,bench/30gib-7.bin,168,33554432,394.75,,
0,bench/30gib-7.bin,169,33554432,367.35,,
0,bench/30gib-7.bin,170,33554432,408.45,,
0,bench/30gib-7.bin,171,33554432,489.43,,
0,bench/30gib-7.bin,172,33554432,409.41,,
0,bench/30gib-7.bin,173,33554432,409.57,,
0,bench/30gib-7.bin,174,33554432,516.35,,
0,bench/30gib-7.bin,175,33554432,347.88,,
0,bench/30gib-7.bin,176,33554432,383.51,,
0,bench/30gib-7.bin,177,33554432,346.64,,
0,bench/30gib-7.bin,178,33554432,438.90,,
0,bench/30gib-7.bin,179,33554432,499.27,,
0,bench/30gib-7.bin,180,33554432,349.50,,
0,bench/30gib-7.bin,181,33554432,441.72,,
0,bench/30gib-7.bin,182,33554432,389.06,,
0,bench/30gib-7.bin,183,33554432,575.76,,
0,bench/30gib-7.bin,184,33554432,518.41,,
0,bench/30gib-7.bin,185,33554432,387.79,,
0,bench/30gib-7.bin,186,33554432,492.25,,
0,bench/30gib-7.bin,187,33554432,354.78,,
0,bench/30gib-7.bin,188,33554432,635.56,,
0,bench/30gib-7.bin,189,33554432,359.46,,
0,bench/30gib-7.bin,190,33554432,395.98,,
0,bench/30gib-7.bin,191,33554432,348.74,,
0,bench/30gib-7.bin,192,33554432,385.63,,
0,bench/30gib-7.bin,193,33554432,394.69,,
0,bench/30gib-7.bin,194,33554432,720.99,,
0,bench/30gib-7.bin,195,33554432,341.83,,
0,bench/30gib-7.bin,196,33554432,384.64,,
0,bench/30gib-7.bin,197,33554432,392.02,,
0,bench/30gib-7.bin,198,33554432,479.76,,
0,bench/30gib-7.bin,199,33554432,456.42,,
0,bench/30gib-7.bin,200,33554432,386.41,,
0,bench/30gib-7.bin,201,33554432,359.58,,
0,bench/30gib-7.bin,202,33554432,429.16,,
0,bench/30gib-7.bin,203,33554432,372.86,,
0,bench/30gib-7.bin,204,33554432,472.08,,
0,bench/30gib-7.bin,205,33554432,386.31,,
0,bench/30gib-7.bin,206,33554432,344.32,,
0,bench/30gib-7.bin,207,33554432,474.06,,
0,bench/30gib-7.bin,208,33554432,484.49,,
0,bench/30gib-7.bin,209,33554432,362.31,,
0,bench/30gib-7.bin,210,33554432,340.36,,
0,bench/30gib-7.bin,211,33554432,477.66,,
0,bench/30gib-7.bin,212,33554432,431.87,,
0,bench/30gib-7.bin,213,33554432,405.54,,
0,bench/30gib-7.bin,214,33554432,395.31,,
0,bench/30gib-7.bin,215,33554432,518.23,,
0,bench/30gib-7.bin,216,33554432,376.09,,
0,bench/30gib-7.bin,217,33554432,492.62,,
0,bench/30gib-7.bin,218,33554432,369.04,,
0,bench/30gib-7.bin,219,33554432,377.03,,
0,bench/30gib-7.bin,220,33554432,568.39,,
0,bench/30gib-7.bin,221,33554432,407.33,,
0,bench/30gib-7.bin,222,33554432,342.23,,
0,bench/30gib-7.bin,223,33554432,366.18,,
0,bench/30gib-7.bin,224,33554432,455.34,,
0,bench/30gib-7.bin,225,33554432,384.20,,
0,bench/30gib-7.bin,226,33554432,1566.64,,
0,bench/30gib-7.bin,227,33554432,440.92,,
0,bench/30gib-7.bin,228,33554432,459.22,,
0,bench/30gib-7.bin,229,33554432,363.55,,
0,bench/30gib-7.bin,230,33554432,518.68,,
0,bench/30gib-7.bin,231,33554432,441.58,,
0,bench/30gib-7.bin,232,33554432,363.94,,
0,bench/30gib-7.bin,233,33554432,353.80,,
0,bench/30gib-7.bin,234,33554432,490.71,,
0,bench/30gib-7.bin,235,33554432,425.36,,
0,bench/30gib-7.bin,236,33554432,399.03,,
0,bench/30gib-7.bin,237,33554432,399.81,,
0,bench/30gib-7.bin,238,33554432,387.10,,
0,bench/30gib-7.bin,239,33554432,534.07,,
0,bench/30gib-7.bin,240,33554432,452.76,,
0,bench/30gib-7.bin,241,33554432,529.75,,
0,bench/30gib-7.bin,242,33554432,385.71,,
0,bench/30gib-7.bin,243,33554432,341.20,,
0,bench/30gib-7.bin,244,33554432,393.17,,
0,bench/30gib-7.bin,245,33554432,350.42,,
0,bench/30gib-7.bin,246,33554432,670.34,,
0,bench/30gib-7.bin,247,33554432,494.50,,
0,bench/30gib-7.bin,248,33554432,459.24,,
0,bench/30gib-7.bin,249,33554432,396.35,,
0,bench/30gib-7.bin,250,33554432,433.94,,
0,bench/30gib-7.bin,251,33554432,362.66,,
0,bench/30gib-7.bin,252,33554432,546.74,,
0,bench/30gib-7.bin,253,33554432,420.07,,
0,bench/30gib-7.bin,254,33554432,465.86,,
0,bench/30gib-7.bin,255,33554432,355.99,,
0,bench/30gib-7.bin,256,33554432,1007.30,,
0,bench/30gib-7.bin,257,33554432,435.25,,
0,bench/30gib-7.bin,258,33554432,430.81,,
0,bench/30gib-7.bin,259,33554432,341.66,,
0,bench/30gib-7.bin,260,33554432,358.31,,
0,bench/30gib-7.bin,261,33554432,473.22,,
0,bench/30gib-7.bin,262,33554432,565.29,,
0,bench/30gib-7.bin,263,33554432,651.81,,
0,bench/30gib-7.bin,264,33554432,1118.28,,
0,bench/30gib-7.bin,265,33554432,421.27,,
0,bench/30gib-7.bin,266,33554432,341.05,,
0,bench/30gib-7.bin,267,33554432,353.92,,
0,bench/30gib-7.bin,268,33554432,399.14,,
0,bench/30gib-7.bin,269,33554432,396.23,,
0,bench/30gib-7.bin,270,33554432,343.79,,
0,bench/30gib-7.bin,271,33554432,416.88,,
0,bench/30gib-7.bin,272,33554432,342.65,,
0,bench/30gib-7.bin,273,33554432,462.62,,
0,bench/30gib-7.bin,274,33554432,440.42,,
0,bench/30gib-7.bin,275,33554432,460.07,,
0,bench/30gib-7.bin,276,33554432,412.37,,
0,bench/30gib-7.bin,277,33554432,466.83,,
0,bench/30gib-7.bin,278,33554432,414.18,,
0,bench/30gib-7.bin,279,33554432,616.54,,
0,bench/30gib-7.bin,280,33554432,373.35,,
0,bench/30gib-7.bin,281,33554432,526.45,,
0,bench/30gib-7.bin,282,33554432,496.16,,
0,bench/30gib-7.bin,283,33554432,454.34,,
0,bench/30gib-7.bin,284,33554432,431.42,,
0,bench/30gib-7.bin,285,33554432,473.50,,
0,bench/30gib-7.bin,286,33554432,445.73,,
0,bench/30gib-7.bin,287,33554432,368.80,,
0,bench/30gib-7.bin,288,33554432,446.94,,
0,bench/30gib-7.bin,289,33554432,391.09,,
0,bench/30gib-7.bin,290,33554432,445.26,,
0,bench/30gib-7.bin,291,33554432,414.32,,
0,bench/30gib-7.bin,292,33554432,391.27,,
0,bench/30gib-7.bin,293,33554432,396.42,,
0,bench/30gib-7.bin,294,33554432,420.93,,
0,bench/30gib-7.bin,295,33554432,345.65,,
0,bench/30gib-7.bin,296,33554432,340.86,,
0,bench/30gib-7.bin,297,33554432,347.01,,
0,bench/30gib-7.bin,298,33554432,372.61,,
0,bench/30gib-7.bin,299,33554432,482.85,,
0,bench/30gib-7.bin,300,33554432,349.85,,
0,bench/30gib-7.bin,301,33554432,523.45,,
0,bench/30gib-7.bin,302,33554432,341.90,,
0,bench/30gib-7.bin,303,33554432,498.77,,
0,bench/30gib-7.bin,304,33554432,611.45,,
0,bench/30gib-7.bin,305,33554432,361.73,,
0,bench/30gib-7.bin,306,33554432,505.80,,
0,bench/30gib-7.bin,307,33554432,436.98,,
0,bench/30gib-7.bin,308,33554432,370.91,,
0,bench/30gib-7.bin,309,33554432,432.88,,
0,bench/30gib-7.bin,310,33554432,342.76,,
0,bench/30gib-7.bin,311,33554432,379.06,,
0,bench/30gib-7.bin,312,33554432,350.35,,
0,bench/30gib-7.bin,313,33554432,440.12,,
0,bench/30gib-7.bin,314,33554432,363.16,,
0,bench/30gib-7.bin,315,33554432,428.17,,
0,bench/30gib-7.bin,316,33554432,352.34,,
0,bench/30gib-7.bin,317,33554432,377.51,,
0,bench/30gib-7.bin,318,33554432,535.34,,
0,bench/30gib-7.bin,319,33554432,540.01,,
0,bench/30gib-7.bin,320,33554432,391.23,,
0,bench/30gib-7.bin,321,33554432,354.55,,
0,bench/30gib-7.bin,322,33554432,363.85,,
0,bench/30gib-7.bin,323,33554432,350.64,,
0,bench/30gib-7.bin,324,33554432,409.80,,
0,bench/30gib-7.bin,325,33554432,433.71,,
0,bench/30gib-7.bin,326,33554432,373.69,,
0,bench/30gib-7.bin,327,33554432,347.57,,
0,bench/30gib-7.bin,328,33554432,362.61,,
0,bench/30gib-7.bin,329,33554432,488.49,,
0,bench/30gib-7.bin,330,33554432,412.08,,
0,bench/30gib-7.bin,331,33554432,342.52,,
0,bench/30gib-7.bin,332,33554432,356.13,,
0,bench/30gib-7.bin,333,33554432,444.54,,
0,bench/30gib-7.bin,334,33554432,461.07,,
0,bench/30gib-7.bin,335,33554432,374.99,,
0,bench/30gib-7.bin,336,33554432,392.72,,
0,bench/30gib-7.bin,337,33554432,505.18,,
0,bench/30gib-7.bin,338,33554432,504.31,,
0,bench/30gib-7.bin,339,33554432,364.43,,
0,bench/30gib-7.bin,340,33554432,344.12,,
0,bench/30gib-7.bin,341,33554432,367.17,,
0,bench/30gib-7.bin,342,33554432,670.85,,
0,bench/30gib-7.bin,343,33554432,499.41,,
0,bench/30gib-7.bin,344,33554432,383.10,,
0,bench/30gib-7.bin,345,33554432,435.40,,
0,bench/30gib-7.bin,346,33554432,356.73,,
0,bench/30gib-7.bin,347,33554432,368.50,,
0,bench/30gib-7.bin,348,33554432,532.68,,
0,bench/30gib-7.bin,349,33554432,363.48,,
0,bench/30gib-7.bin,350,33554432,379.75,,
0,bench/30gib-7.bin,351,33554432,374.38,,
0,bench/30gib-7.bin,352,33554432,391.00,,
0,bench/30gib-7.bin,353,33554432,382.93,,
0,bench/30gib-7.bin,354,33554432,357.03,,
0,bench/30gib-7.bin,355,33554432,540.60,,
0,bench/30gib-7.bin,356,33554432,452.93,,
0,bench/30gib-7.bin,357,33554432,384.44,,
0,bench/30gib-7.bin,358,33554432,435.74,,
0,bench/30gib-7.bin,359,33554432,396.43,,
0,bench/30gib-7.bin,360,33554432,374.75,,
0,bench/30gib-7.bin,361,33554432,343.49,,
0,bench/30gib-7.bin,362,33554432,477.16,,
0,bench/30gib-7.bin,363,33554432,346.37,,
0,bench/30gib-7.bin,364,33554432,385.70,,
0,bench/30gib-7.bin,365,33554432,426.43,,
0,bench/30gib-7.bin,366,33554432,430.83,,
0,bench/30gib-7.bin,367,33554432,343.61,,
0,bench/30gib-7.bin,368,33554432,700.26,,
0,bench/30gib-7.bin,369,33554432,454.13,,
0,bench/30gib-7.bin,370,33554432,441.89,,
0,bench/30gib-7.bin,371,33554432,474.70,,
0,bench/30gib-7.bin,372,33554432,357.80,,
0,bench/30gib-7.bin,373,33554432,346.96,,
0,bench/30gib-7.bin,374,33554432,436.96,,
0,bench/30gib-7.bin,375,33554432,371.50,,
0,bench/30gib-7.bin,376,33554432,451.89,,
0,bench/30gib-7.bin,377,33554432,574.44,,
0,bench/30gib-7.bin,378,33554432,481.99,,
0,bench/30gib-7.bin,379,33554432,383.38,,
0,bench/30gib-7.bin,380,33554432,462.90,,
0,bench/30gib-7.bin,381,33554432,548.39,,
0,bench/30gib-7.bin,382,33554432,415.59,,
0,bench/30gib-7.bin,383,33554432,464.34,,
0,bench/30gib-7.bin,384,33554432,478.60,,
0,bench/30gib-7.bin,385,33554432,501.73,,
0,bench/30gib-7.bin,386,33554432,341.43,,
0,bench/30gib-7.bin,387,33554432,470.73,,
0,bench/30gib-7.bin,388,33554432,429.55,,
0,bench/30gib-7.bin,389,33554432,387.12,,
0,bench/30gib-7.bin,390,33554432,511.96,,
0,bench/30gib-7.bin,391,33554432,429.43,,
0,bench/30gib-7.bin,392,33554432,392.76,,
0,bench/30gib-7.bin,393,33554432,481.64,,
0,bench/30gib-7.bin,394,33554432,460.19,,
0,bench/30gib-7.bin,395,33554432,410.91,,
0,bench/30gib-7.bin,396,33554432,397.39,,
0,bench/30gib-7.bin,397,33554432,374.93,,
0,bench/30gib-7.bin,398,33554432,394.13,,
0,bench/30gib-7.bin,399,33554432,340.90,,
0,bench/30gib-7.bin,400,33554432,556.61,,
0,bench/30gib-7.bin,401,33554432,436.21,,
0,bench/30gib-7.bin,402,33554432,459.11,,
0,bench/30gib-7.bin,403,33554432,462.33,,
0,bench/30gib-7.bin,404,33554432,466.71,,
0,bench/30gib-7.bin,405,33554432,351.42,,
0,bench/30gib-7.bin,406,33554432,469.53,,
0,bench/30gib-7.bin,407,33554432,576.24,,
0,bench/30gib-7.bin,408,33554432,349.56,,
0,bench/30gib-7.bin,409,33554432,454.04,,
0,bench/30gib-7.bin,410,33554432,619.86,,
0,bench/30gib-7.bin,411,33554432,1067.86,,
0,bench/30gib-7.bin,412,33554432,543.71,,
0,bench/30gib-7.bin,413,33554432,451.68,,
0,bench/30gib-7.bin,414,33554432,451.50,,
0,bench/30gib-7.bin,415,33554432,342.54,,
0,bench/30gib-7.bin,416,33554432,422.45,,
0,bench/30gib-7.bin,417,33554432,344.15,,
0,bench/30gib-7.bin,418,33554432,538.53,,
0,bench/30gib-7.bin,419,33554432,544.41,,
0,bench/30gib-7.bin,420,33554432,342.27,,
0,bench/30gib-7.bin,421,33554432,469.11,,
0,bench/30gib-7.bin,422,33554432,344.36,,
0,bench/30gib-7.bin,423,33554432,482.24,,
0,bench/30gib-7.bin,424,33554432,468.16,,
0,bench/30gib-7.bin,425,33554432,348.06,,
0,bench/30gib-7.bin,426,33554432,403.25,,
0,bench/30gib-7.bin,427,33554432,345.83,,
0,bench/30gib-7.bin,428,33554432,381.20,,
0,bench/30gib-7.bin,429,33554432,370.49,,
0,bench/30gib-7.bin,430,33554432,369.20,,
0,bench/30gib-7.bin,431,33554432,435.78,,
0,bench/30gib-7.bin,432,33554432,646.43,,
0,bench/30gib-7.bin,433,33554432,397.13,,
0,bench/30gib-7.bin,434,33554432,470.30,,
0,bench/30gib-7.bin,435,33554432,465.33,,
0,bench/30gib-7.bin,436,33554432,342.27,,
0,bench/30gib-7.bin,437,33554432,1050.90,,
0,bench/30gib-7.bin,438,33554432,387.70,,
0,bench/30gib-7.bin,439,33554432,408.61,,
0,bench/30gib-7.bin,440,33554432,1675.73,,
0,bench/30gib-7.bin,441,33554432,553.22,,
0,bench/30gib-7.bin,442,33554432,340.95,,
0,bench/30gib-7.bin,443,33554432,395.56,,
0,bench/30gib-7.bin,444,33554432,350.71,,
0,bench/30gib-7.bin,445,33554432,410.83,,
0,bench/30gib-7.bin,446,33554432,427.48,,
0,bench/30gib-7.bin,447,33554432,350.43,,
0,bench/30gib-7.bin,448,33554432,349.35,,
0,bench/30gib-7.bin,449,33554432,426.58,,
0,bench/30gib-7.bin,450,33554432,435.51,,
0,bench/30gib-7.bin,451,33554432,347.01,,
0,bench/30gib-7.bin,452,33554432,345.04,,
0,bench/30gib-7.bin,453,33554432,370.46,,
0,bench/30gib-7.bin,454,33554432,387.41,,
0,bench/30gib-7.bin,455,33554432,355.02,,
0,bench/30gib-7.bin,456,33554432,354.07,,
0,bench/30gib-7.bin,457,33554432,547.47,,
0,bench/30gib-7.bin,458,33554432,497.48,,
0,bench/30gib-7.bin,459,33554432,562.24,,
0,bench/30gib-7.bin,460,33554432,413.12,,
0,bench/30gib-7.bin,461,33554432,359.02,,
0,bench/30gib-7.bin,462,33554432,349.26,,
0,bench/30gib-7.bin,463,33554432,479.27,,
0,bench/30gib-7.bin,464,33554432,344.07,,
0,bench/30gib-7.bin,465,33554432,388.62,,
0,bench/30gib-7.bin,466,33554432,342.18,,
0,bench/30gib-7.bin,467,33554432,428.70,,
0,bench/30gib-7.bin,468,33554432,515.65,,
0,bench/30gib-7.bin,469,33554432,399.12,,
0,bench/30gib-7.bin,470,33554432,365.95,,
0,bench/30gib-7.bin,471,33554432,345.77,,
0,bench/30gib-7.bin,472,33554432,379.51,,
0,bench/30gib-7.bin,473,33554432,570.01,,
0,bench/30gib-7.bin,474,33554432,463.71,,
0,bench/30gib-7.bin,475,33554432,433.91,,
0,bench/30gib-7.bin,476,33554432,353.11,,
0,bench/30gib-7.bin,477,33554432,374.52,,
0,bench/30gib-7.bin,478,33554432,340.84,,
0,bench/30gib-7.bin,479,33554432,553.99,,
0,bench/30gib-7.bin,480,33554432,407.57,,
0,bench/30gib-7.bin,481,33554432,490.13,,
0,bench/30gib-7.bin,482,33554432,350.03,,
0,bench/30gib-7.bin,483,33554432,379.46,,
0,bench/30gib-7.bin,484,33554432,398.38,,
0,bench/30gib-7.bin,485,33554432,470.99,,
0,bench/30gib-7.bin,486,33554432,430.45,,
0,bench/30gib-7.bin,487,33554432,655.29,,
0,bench/30gib-7.bin,488,33554432,464.59,,
0,bench/30gib-7.bin,489,33554432,376.14,,
0,bench/30gib-7.bin,490,33554432,447.65,,
0,bench/30gib-7.bin,491,33554432,339.73,,
0,bench/30gib-7.bin,492,33554432,432.97,,
0,bench/30gib-7.bin,493,33554432,411.57,,
0,bench/30gib-7.bin,494,33554432,457.57,,
0,bench/30gib-7.bin,495,33554432,342.03,,
0,bench/30gib-7.bin,496,33554432,399.69,,
0,bench/30gib-7.bin,497,33554432,396.48,,
0,bench/30gib-7.bin,498,33554432,487.28,,
0,bench/30gib-7.bin,499,33554432,585.21,,
0,bench/30gib-7.bin,500,33554432,425.51,,
0,bench/30gib-7.bin,501,33554432,350.77,,
0,bench/30gib-7.bin,502,33554432,402.56,,
0,bench/30gib-7.bin,503,33554432,349.17,,
0,bench/30gib-7.bin,504,33554432,349.86,,
0,bench/30gib-7.bin,505,33554432,429.71,,
0,bench/30gib-7.bin,506,33554432,432.30,,
0,bench/30gib-7.bin,507,33554432,367.83,,
0,bench/30gib-7.bin,508,33554432,458.39,,
0,bench/30gib-7.bin,509,33554432,344.54,,
0,bench/30gib-7.bin,510,33554432,414.49,,
0,bench/30gib-7.bin,511,33554432,366.55,,
0,bench/30gib-7.bin,512,33554432,505.16,,
0,bench/30gib-7.bin,513,33554432,345.27,,
0,bench/30gib-7.bin,514,33554432,381.50,,
0,bench/30gib-7.bin,515,33554432,381.70,,
0,bench/30gib-7.bin,516,33554432,491.43,,
0,bench/30gib-7.bin,517,33554432,385.83,,
0,bench/30gib-7.bin,518,33554432,727.29,,
0,bench/30gib-7.bin,519,33554432,540.64,,
0,bench/30gib-7.bin,520,33554432,1133.26,,
0,bench/30gib-7.bin,521,33554432,666.39,,
0,bench/30gib-7.bin,522,33554432,421.88,,
0,bench/30gib-7.bin,523,33554432,361.80,,
0,bench/30gib-7.bin,524,33554432,456.50,,
0,bench/30gib-7.bin,525,33554432,385.02,,
0,bench/30gib-7.bin,526,33554432,415.72,,
0,bench/30gib-7.bin,527,33554432,384.05,,
0,bench/30gib-7.bin,528,33554432,344.16,,
0,bench/30gib-7.bin,529,33554432,473.05,,
0,bench/30gib-7.bin,530,33554432,376.44,,
0,bench/30gib-7.bin,531,33554432,467.73,,
0,bench/30gib-7.bin,532,33554432,340.86,,
0,bench/30gib-7.bin,533,33554432,404.13,,
0,bench/30gib-7.bin,534,33554432,354.31,,
0,bench/30gib-7.bin,535,33554432,518.22,,
0,bench/30gib-7.bin,536,33554432,457.06,,
0,bench/30gib-7.bin,537,33554432,344.21,,
0,bench/30gib-7.bin,538,33554432,371.63,,
0,bench/30gib-7.bin,539,33554432,353.65,,
0,bench/30gib-7.bin,540,33554432,342.99,,
0,bench/30gib-7.bin,541,33554432,399.69,,
0,bench/30gib-7.bin,542,33554432,484.72,,
0,bench/30gib-7.bin,543,33554432,425.01,,
0,bench/30gib-7.bin,544,33554432,347.50,,
0,bench/30gib-7.bin,545,33554432,382.13,,
0,bench/30gib-7.bin,546,33554432,430.21,,
0,bench/30gib-7.bin,547,33554432,388.65,,
0,bench/30gib-7.bin,548,33554432,340.14,,
0,bench/30gib-7.bin,549,33554432,443.59,,
0,bench/30gib-7.bin,550,33554432,341.53,,
0,bench/30gib-7.bin,551,33554432,589.89,,
0,bench/30gib-7.bin,552,33554432,378.39,,
0,bench/30gib-7.bin,553,33554432,380.03,,
0,bench/30gib-7.bin,554,33554432,342.95,,
0,bench/30gib-7.bin,555,33554432,455.81,,
0,bench/30gib-7.bin,556,33554432,517.63,,
0,bench/30gib-7.bin,557,33554432,375.74,,
0,bench/30gib-7.bin,558,33554432,384.66,,
0,bench/30gib-7.bin,559,33554432,349.05,,
0,bench/30gib-7.bin,560,33554432,488.55,,
0,bench/30gib-7.bin,561,33554432,341.67,,
0,bench/30gib-7.bin,562,33554432,447.50,,
0,bench/30gib-7.bin,563,33554432,392.23,,
0,bench/30gib-7.bin,564,33554432,429.21,,
0,bench/30gib-7.bin,565,33554432,380.83,,
0,bench/30gib-7.bin,566,33554432,434.96,,
0,bench/30gib-7.bin,567,33554432,343.39,,
0,bench/30gib-7.bin,568,33554432,346.89,,
0,bench/30gib-7.bin,569,33554432,441.91,,
0,bench/30gib-7.bin,570,33554432,353.20,,
0,bench/30gib-7.bin,571,33554432,560.18,,
0,bench/30gib-7.bin,572,33554432,1730.40,,
0,bench/30gib-7.bin,573,33554432,362.80,,
0,bench/30gib-7.bin,574,33554432,1142.90,,
0,bench/30gib-7.bin,575,33554432,416.79,,
0,bench/30gib-7.bin,576,33554432,341.04,,
0,bench/30gib-7.bin,577,33554432,345.01,,
0,bench/30gib-7.bin,578,33554432,344.17,,
0,bench/30gib-7.bin,579,33554432,394.74,,
0,bench/30gib-7.bin,580,33554432,347.11,,
0,bench/30gib-7.bin,581,33554432,535.01,,
0,bench/30gib-7.bin,582,33554432,389.68,,
0,bench/30gib-7.bin,583,33554432,350.81,,
0,bench/30gib-7.bin,584,33554432,345.20,,
0,bench/30gib-7.bin,585,33554432,354.27,,
0,bench/30gib-7.bin,586,33554432,381.52,,
0,bench/30gib-7.bin,587,33554432,344.68,,
0,bench/30gib-7.bin,588,33554432,342.75,,
0,bench/30gib-7.bin,589,33554432,406.52,,
0,bench/30gib-7.bin,590,33554432,343.07,,
0,bench/30gib-7.bin,591,33554432,371.94,,
0,bench/30gib-7.bin,592,33554432,435.05,,
0,bench/30gib-7.bin,593,33554432,346.69,,
0,bench/30gib-7.bin,594,33554432,458.18,,
0,bench/30gib-7.bin,595,33554432,399.03,,
0,bench/30gib-7.bin,596,33554432,353.80,,
0,bench/30gib-7.bin,597,33554432,344.41,,
0,bench/30gib-7.bin,598,33554432,369.64,,
0,bench/30gib-7.bin,599,33554432,348.49,,
0,bench/30gib-7.bin,600,33554432,459.14,,
0,bench/30gib-7.bin,601,33554432,345.57,,
0,bench/30gib-7.bin,602,33554432,366.76,,
0,bench/30gib-7.bin,603,33554432,349.92,,
0,bench/30gib-7.bin,604,33554432,434.37,,
0,bench/30gib-7.bin,605,33554432,404.62,,
0,bench/30gib-7.bin,606,33554432,408.91,,
0,bench/30gib-7.bin,607,33554432,445.78,,
0,bench/30gib-7.bin,608,33554432,537.94,,
0,bench/30gib-7.bin,609,33554432,572.96,,
0,bench/30gib-7.bin,610,33554432,550.29,,
0,bench/30gib-7.bin,611,33554432,348.68,,
0,bench/30gib-7.bin,612,33554432,436.05,,
0,bench/30gib-7.bin,613,33554432,387.59,,
0,bench/30gib-7.bin,614,33554432,412.68,,
0,bench/30gib-7.bin,615,33554432,428.45,,
0,bench/30gib-7.bin,616,33554432,353.33,,
0,bench/30gib-7.bin,617,33554432,594.40,,
0,bench/30gib-7.bin,618,33554432,342.57,,
0,bench/30gib-7.bin,619,33554432,423.12,,
0,bench/30gib-7.bin,620,33554432,464.84,,
0,bench/30gib-7.bin,621,33554432,489.38,,
0,bench/30gib-7.bin,622,33554432,343.50,,
0,bench/30gib-7.bin,623,33554432,366.30,,
0,bench/30gib-7.bin,624,33554432,498.22,,
0,bench/30gib-7.bin,625,33554432,381.43,,
0,bench/30gib-7.bin,626,33554432,743.63,,
0,bench/30gib-7.bin,627,33554432,345.40,,
0,bench/30gib-7.bin,628,33554432,405.82,,
0,bench/30gib-7.bin,629,33554432,509.81,,
0,bench/30gib-7.bin,630,33554432,456.54,,
0,bench/30gib-7.bin,631,33554432,341.54,,
0,bench/30gib-7.bin,632,33554432,363.29,,
0,bench/30gib-7.bin,633,33554432,342.16,,
0,bench/30gib-7.bin,634,33554432,560.70,,
0,bench/30gib-7.bin,635,33554432,379.58,,
0,bench/30gib-7.bin,636,33554432,416.13,,
0,bench/30gib-7.bin,637,33554432,341.08,,
0,bench/30gib-7.bin,638,33554432,479.77,,
0,bench/30gib-7.bin,639,33554432,487.61,,
0,bench/30gib-7.bin,640,33554432,363.91,,
0,bench/30gib-7.bin,641,33554432,343.77,,
0,bench/30gib-7.bin,642,33554432,341.36,,
0,bench/30gib-7.bin,643,33554432,754.63,,
0,bench/30gib-7.bin,644,33554432,342.86,,
0,bench/30gib-7.bin,645,33554432,399.87,,
0,bench/30gib-7.bin,646,33554432,411.04,,
0,bench/30gib-7.bin,647,33554432,348.98,,
0,bench/30gib-7.bin,648,33554432,457.97,,
0,bench/30gib-7.bin,649,33554432,422.49,,
0,bench/30gib-7.bin,650,33554432,457.47,,
0,bench/30gib-7.bin,651,33554432,535.90,,
0,bench/30gib-7.bin,652,33554432,467.04,,
0,bench/30gib-7.bin,653,33554432,529.96,,
0,bench/30gib-7.bin,654,33554432,418.45,,
0,bench/30gib-7.bin,655,33554432,491.74,,
0,bench/30gib-7.bin,656,33554432,454.33,,
0,bench/30gib-7.bin,657,33554432,398.59,,
0,bench/30gib-7.bin,658,33554432,387.36,,
0,bench/30gib-7.bin,659,33554432,419.85,,
0,bench/30gib-7.bin,660,33554432,413.85,,
0,bench/30gib-7.bin,661,33554432,351.29,,
0,bench/30gib-7.bin,662,33554432,414.49,,
0,bench/30gib-7.bin,663,33554432,417.35,,
0,bench/30gib-7.bin,664,33554432,340.22,,
0,bench/30gib-7.bin,665,33554432,384.03,,
0,bench/30gib-7.bin,666,33554432,458.14,,
0,bench/30gib-7.bin,667,33554432,345.27,,
0,bench/30gib-7.bin,668,33554432,421.16,,
0,bench/30gib-7.bin,669,33554432,668.32,,
0,bench/30gib-7.bin,670,33554432,436.94,,
0,bench/30gib-7.bin,671,33554432,345.23,,
0,bench/30gib-7.bin,672,33554432,359.60,,
0,bench/30gib-7.bin,673,33554432,525.85,,
0,bench/30gib-7.bin,674,33554432,626.20,,
0,bench/30gib-7.bin,675,33554432,339.81,,
0,bench/30gib-7.bin,676,33554432,342.44,,
0,bench/30gib-7.bin,677,33554432,360.73,,
0,bench/30gib-7.bin,678,33554432,508.22,,
0,bench/30gib-7.bin,679,33554432,440.89,,
0,bench/30gib-7.bin,680,33554432,347.31,,
0,bench/30gib-7.bin,681,33554432,378.40,,
0,bench/30gib-7.bin,682,33554432,342.95,,
0,bench/30gib-7.bin,683,33554432,435.53,,
0,bench/30gib-7.bin,684,33554432,343.94,,
0,bench/30gib-7.bin,685,33554432,415.19,,
0,bench/30gib-7.bin,686,33554432,351.82,,
0,bench/30gib-7.bin,687,33554432,464.61,,
0,bench/30gib-7.bin,688,33554432,423.08,,
0,bench/30gib-7.bin,689,33554432,347.93,,
0,bench/30gib-7.bin,690,33554432,387.55,,
0,bench/30gib-7.bin,691,33554432,341.89,,
0,bench/30gib-7.bin,692,33554432,341.69,,
0,bench/30gib-7.bin,693,33554432,394.36,,
0,bench/30gib-7.bin,694,33554432,406.97,,
0,bench/30gib-7.bin,695,33554432,341.00,,
0,bench/30gib-7.bin,696,33554432,403.40,,
0,bench/30gib-7.bin,697,33554432,344.29,,
0,bench/30gib-7.bin,698,33554432,372.93,,
0,bench/30gib-7.bin,699,33554432,397.78,,
0,bench/30gib-7.bin,700,33554432,436.42,,
0,bench/30gib-7.bin,701,33554432,355.56,,
0,bench/30gib-7.bin,702,33554432,341.31,,
0,bench/30gib-7.bin,703,33554432,360.76,,
0,bench/30gib-7.bin,704,33554432,472.47,,
0,bench/30gib-7.bin,705,33554432,446.05,,
0,bench/30gib-7.bin,706,33554432,424.99,,
0,bench/30gib-7.bin,707,33554432,426.25,,
0,bench/30gib-7.bin,708,33554432,382.60,,
0,bench/30gib-7.bin,709,33554432,417.24,,
0,bench/30gib-7.bin,710,33554432,603.05,,
0,bench/30gib-7.bin,711,33554432,628.33,,
0,bench/30gib-7.bin,712,33554432,460.15,,
0,bench/30gib-7.bin,713,33554432,443.52,,
0,bench/30gib-7.bin,714,33554432,426.94,,
0,bench/30gib-7.bin,715,33554432,380.49,,
0,bench/30gib-7.bin,716,33554432,427.12,,
0,bench/30gib-7.bin,717,33554432,797.23,,
0,bench/30gib-7.bin,718,33554432,389.76,,
0,bench/30gib-7.bin,719,33554432,341.31,,
0,bench/30gib-7.bin,720,33554432,420.40,,
0,bench/30gib-7.bin,721,33554432,378.04,,
0,bench/30gib-7.bin,722,33554432,356.53,,
0,bench/30gib-7.bin,723,33554432,409.14,,
0,bench/30gib-7.bin,724,33554432,385.31,,
0,bench/30gib-7.bin,725,33554432,340.21,,
0,bench/30gib-7.bin,726,33554432,503.61,,
0,bench/30gib-7.bin,727,33554432,441.56,,
0,bench/30gib-7.bin,728,33554432,340.88,,
0,bench/30gib-7.bin,729,33554432,349.81,,
0,bench/30gib-7.bin,730,33554432,367.09,,
0,bench/30gib-7.bin,731,33554432,432.96,,
0,bench/30gib-7.bin,732,33554432,341.57,,
0,bench/30gib-7.bin,733,33554432,408.85,,
0,bench/30gib-7.bin,734,33554432,426.48,,
0,bench/30gib-7.bin,735,33554432,380.63,,
0,bench/30gib-7.bin,736,33554432,341.12,,
0,bench/30gib-7.bin,737,33554432,481.45,,
0,bench/30gib-7.bin,738,33554432,450.16,,
0,bench/30gib-7.bin,739,33554432,1634.59,,
0,bench/30gib-7.bin,740,33554432,347.01,,
0,bench/30gib-7.bin,741,33554432,396.99,,
0,bench/30gib-7.bin,742,33554432,368.42,,
0,bench/30gib-7.bin,743,33554432,357.25,,
0,bench/30gib-7.bin,744,33554432,386.72,,
0,bench/30gib-7.bin,745,33554432,486.16,,
0,bench/30gib-7.bin,746,33554432,367.43,,
0,bench/30gib-7.bin,747,33554432,390.65,,
0,bench/30gib-7.bin,748,33554432,470.20,,
0,bench/30gib-7.bin,749,33554432,426.12,,
0,bench/30gib-7.bin,750,33554432,370.87,,
0,bench/30gib-7.bin,751,33554432,559.20,,
0,bench/30gib-7.bin,752,33554432,929.41,,
0,bench/30gib-7.bin,753,33554432,535.77,,
0,bench/30gib-7.bin,754,33554432,341.18,,
0,bench/30gib-7.bin,755,33554432,366.07,,
0,bench/30gib-7.bin,756,33554432,346.83,,
0,bench/30gib-7.bin,757,33554432,387.02,,
0,bench/30gib-7.bin,758,33554432,393.52,,
0,bench/30gib-7.bin,759,33554432,471.67,,
0,bench/30gib-7.bin,760,33554432,424.45,,
0,bench/30gib-7.bin,761,33554432,439.21,,
0,bench/30gib-7.bin,762,33554432,341.57,,
0,bench/30gib-7.bin,763,33554432,358.34,,
0,bench/30gib-7.bin,764,33554432,391.16,,
0,bench/30gib-7.bin,765,33554432,470.60,,
0,bench/30gib-7.bin,766,33554432,490.01,,
0,bench/30gib-7.bin,767,33554432,541.59,,
0,bench/30gib-7.bin,768,33554432,347.59,,
0,bench/30gib-7.bin,769,33554432,341.52,,
0,bench/30gib-7.bin,770,33554432,343.18,,
0,bench/30gib-7.bin,771,33554432,428.57,,
0,bench/30gib-7.bin,772,33554432,428.59,,
0,bench/30gib-7.bin,773,33554432,368.42,,
0,bench/30gib-7.bin,774,33554432,593.91,,
0,bench/30gib-7.bin,775,33554432,406.16,,
0,bench/30gib-7.bin,776,33554432,393.94,,
0,bench/30gib-7.bin,777,33554432,552.03,,
0,bench/30gib-7.bin,778,33554432,374.21,,
0,bench/30gib-7.bin,779,33554432,342.74,,
0,bench/30gib-7.bin,780,33554432,481.48,,
0,bench/30gib-7.bin,781,33554432,362.98,,
0,bench/30gib-7.bin,782,33554432,415.95,,
0,bench/30gib-7.bin,783,33554432,417.21,,
0,bench/30gib-7.bin,784,33554432,380.90,,
0,bench/30gib-7.bin,785,33554432,598.56,,
0,bench/30gib-7.bin,786,33554432,375.35,,
0,bench/30gib-7.bin,787,33554432,340.81,,
0,bench/30gib-7.bin,788,33554432,887.25,,
0,bench/30gib-7.bin,789,33554432,378.63,,
0,bench/30gib-7.bin,790,33554432,407.69,,
0,bench/30gib-7.bin,791,33554432,388.47,,
0,bench/30gib-7.bin,792,33554432,498.68,,
0,bench/30gib-7.bin,793,33554432,433.83,,
0,bench/30gib-7.bin,794,33554432,395.06,,
0,bench/30gib-7.bin,795,33554432,380.42,,
0,bench/30gib-7.bin,796,33554432,344.68,,
0,bench/30gib-7.bin,797,33554432,377.85,,
0,bench/30gib-7.bin,798,33554432,514.96,,
0,bench/30gib-7.bin,799,33554432,347.36,,
0,bench/30gib-7.bin,800,33554432,527.60,,
0,bench/30gib-7.bin,801,33554432,452.00,,
0,bench/30gib-7.bin,802,33554432,392.44,,
0,bench/30gib-7.bin,803,33554432,396.11,,
0,bench/30gib-7.bin,804,33554432,479.15,,
0,bench/30gib-7.bin,805,33554432,443.08,,
0,bench/30gib-7.bin,806,33554432,520.85,,
0,bench/30gib-7.bin,807,33554432,363.18,,
0,bench/30gib-7.bin,808,33554432,376.62,,
0,bench/30gib-7.bin,809,33554432,559.87,,
0,bench/30gib-7.bin,810,33554432,380.72,,
0,bench/30gib-7.bin,811,33554432,447.70,,
0,bench/30gib-7.bin,812,33554432,408.55,,
0,bench/30gib-7.bin,813,33554432,346.25,,
0,bench/30gib-7.bin,814,33554432,351.89,,
0,bench/30gib-7.bin,815,33554432,357.57,,
0,bench/30gib-7.bin,816,33554432,411.35,,
0,bench/30gib-7.bin,817,33554432,461.81,,
0,bench/30gib-7.bin,818,33554432,348.03,,
0,bench/30gib-7.bin,819,33554432,406.04,,
0,bench/30gib-7.bin,820,33554432,357.46,,
0,bench/30gib-7.bin,821,33554432,483.20,,
0,bench/30gib-7.bin,822,33554432,364.65,,
0,bench/30gib-7.bin,823,33554432,369.72,,
0,bench/30gib-7.bin,824,33554432,390.97,,
0,bench/30gib-7.bin,825,33554432,341.39,,
0,bench/30gib-7.bin,826,33554432,342.90,,
0,bench/30gib-7.bin,827,33554432,488.14,,
0,bench/30gib-7.bin,828,33554432,432.66,,
0,bench/30gib-7.bin,829,33554432,341.51,,
0,bench/30gib-7.bin,830,33554432,364.43,,
0,bench/30gib-7.bin,831,33554432,425.28,,
0,bench/30gib-7.bin,832,33554432,341.73,,
0,bench/30gib-7.bin,833,33554432,563.69,,
0,bench/30gib-7.bin,834,33554432,926.13,,
0,bench/30gib-7.bin,835,33554432,366.14,,
0,bench/30gib-7.bin,836,33554432,428.97,,
0,bench/30gib-7.bin,837,33554432,457.93,,
0,bench/30gib-7.bin,838,33554432,400.24,,
0,bench/30gib-7.bin,839,33554432,402.24,,
0,bench/30gib-7.bin,840,33554432,340.91,,
0,bench/30gib-7.bin,841,33554432,346.24,,
0,bench/30gib-7.bin,842,33554432,417.94,,
0,bench/30gib-7.bin,843,33554432,384.20,,
0,bench/30gib-7.bin,844,33554432,349.03,,
0,bench/30gib-7.bin,845,33554432,341.70,,
0,bench/30gib-7.bin,846,33554432,491.86,,
0,bench/30gib-7.bin,847,33554432,351.11,,
0,bench/30gib-7.bin,848,33554432,372.85,,
0,bench/30gib-7.bin,849,33554432,341.64,,
0,bench/30gib-7.bin,850,33554432,516.59,,
0,bench/30gib-7.bin,851,33554432,347.56,,
0,bench/30gib-7.bin,852,33554432,351.26,,
0,bench/30gib-7.bin,853,33554432,407.33,,
0,bench/30gib-7.bin,854,33554432,486.40,,
0,bench/30gib-7.bin,855,33554432,445.70,,
0,bench/30gib-7.bin,856,33554432,385.16,,
0,bench/30gib-7.bin,857,33554432,341.57,,
0,bench/30gib-7.bin,858,33554432,362.22,,
0,bench/30gib-7.bin,859,33554432,373.21,,
0,bench/30gib-7.bin,860,33554432,435.70,,
0,bench/30gib-7.bin,861,33554432,377.18,,
0,bench/30gib-7.bin,862,33554432,473.00,,
0,bench/30gib-7.bin,863,33554432,543.85,,
0,bench/30gib-7.bin,864,33554432,341.09,,
0,bench/30gib-7.bin,865,33554432,657.80,,
0,bench/30gib-7.bin,866,33554432,460.33,,
0,bench/30gib-7.bin,867,33554432,343.61,,
0,bench/30gib-7.bin,868,33554432,485.17,,
0,bench/30gib-7.bin,869,33554432,539.79,,
0,bench/30gib-7.bin,870,33554432,372.00,,
0,bench/30gib-7.bin,871,33554432,344.86,,
0,bench/30gib-7.bin,872,33554432,388.30,,
0,bench/30gib-7.bin,873,33554432,391.28,,
0,bench/30gib-7.bin,874,33554432,408.26,,
0,bench/30gib-7.bin,875,33554432,494.57,,
0,bench/30gib-7.bin,876,33554432,1323.31,,
0,bench/30gib-7.bin,877,33554432,342.17,,
0,bench/30gib-7.bin,878,33554432,343.53,,
0,bench/30gib-7.bin,879,33554432,427.68,,
0,bench/30gib-7.bin,880,33554432,383.90,,
0,bench/30gib-7.bin,881,33554432,341.83,,
0,bench/30gib-7.bin,882,33554432,343.34,,
0,bench/30gib-7.bin,883,33554432,352.37,,
0,bench/30gib-7.bin,884,33554432,582.45,,
0,bench/30gib-7.bin,885,33554432,373.51,,
0,bench/30gib-7.bin,886,33554432,368.08,,
0,bench/30gib-7.bin,887,33554432,1586.06,,
0,bench/30gib-7.bin,888,33554432,432.81,,
0,bench/30gib-7.bin,889,33554432,510.61,,
0,bench/30gib-7.bin,890,33554432,758.63,,
0,bench/30gib-7.bin,891,33554432,366.49,,
0,bench/30gib-7.bin,892,33554432,463.86,,
0,bench/30gib-7.bin,893,33554432,341.22,,
0,bench/30gib-7.bin,894,33554432,547.33,,
0,bench/30gib-7.bin,895,33554432,810.24,,
0,bench/30gib-7.bin,896,33554432,453.45,,
0,bench/30gib-7.bin,897,33554432,347.44,,
0,bench/30gib-7.bin,898,33554432,352.20,,
0,bench/30gib-7.bin,899,33554432,355.77,,
0,bench/30gib-7.bin,900,33554432,1018.97,,
0,bench/30gib-7.bin,901,33554432,351.54,,
0,bench/30gib-7.bin,902,33554432,512.63,,
0,bench/30gib-7.bin,903,33554432,347.02,,
0,bench/30gib-7.bin,904,33554432,556.38,,
0,bench/30gib-7.bin,905,33554432,523.17,,
0,bench/30gib-7.bin,906,33554432,384.06,,
0,bench/30gib-7.bin,907,33554432,385.79,,
0,bench/30gib-7.bin,908,33554432,340.99,,
0,bench/30gib-7.bin,909,33554432,409.68,,
0,bench/30gib-7.bin,910,33554432,436.59,,
0,bench/30gib-7.bin,911,33554432,552.71,,
0,bench/30gib-7.bin,912,33554432,446.21,,
0,bench/30gib-7.bin,913,33554432,341.52,,
0,bench/30gib-7.bin,914,33554432,400.48,,
0,bench/30gib-7.bin,915,33554432,355.72,,
0,bench/30gib-7.bin,916,33554432,363.65,,
0,bench/30gib-7.bin,917,33554432,344.80,,
0,bench/30gib-7.bin,918,33554432,341.60,,
0,bench/30gib-7.bin,919,33554432,347.58,,
0,bench/30gib-7.bin,920,33554432,376.33,,
0,bench/30gib-7.bin,921,33554432,341.76,,
0,bench/30gib-7.bin,922,33554432,815.62,,
0,bench/30gib-7.bin,923,33554432,371.91,,
0,bench/30gib-7.bin,924,33554432,341.78,,
0,bench/30gib-7.bin,925,33554432,357.29,,
0,bench/30gib-7.bin,926,33554432,382.43,,
0,bench/30gib-7.bin,927,33554432,340.07,,
0,bench/30gib-7.bin,928,33554432,362.61,,
0,bench/30gib-7.bin,929,33554432,353.88,,
0,bench/30gib-7.bin,930,33554432,356.39,,
0,bench/30gib-7.bin,931,33554432,491.86,,
0,bench/30gib-7.bin,932,33554432,386.65,,
0,bench/30gib-7.bin,933,33554432,510.41,,
0,bench/30gib-7.bin,934,33554432,463.02,,
0,bench/30gib-7.bin,935,33554432,348.71,,
0,bench/30gib-7.bin,936,33554432,341.43,,
0,bench/30gib-7.bin,937,33554432,543.75,,
0,bench/30gib-7.bin,938,33554432,468.70,,
0,bench/30gib-7.bin,939,33554432,678.19,,
0,bench/30gib-7.bin,940,33554432,408.00,,
0,bench/30gib-7.bin,941,33554432,503.18,,
0,bench/30gib-7.bin,942,33554432,359.52,,
0,bench/30gib-7.bin,943,33554432,425.32,,
0,bench/30gib-7.bin,944,33554432,344.72,,
0,bench/30gib-7.bin,945,33554432,375.19,,
0,bench/30gib-7.bin,946,33554432,419.57,,
0,bench/30gib-7.bin,947,33554432,415.20,,
0,bench/30gib-7.bin,948,33554432,459.26,,
0,bench/30gib-7.bin,949,33554432,409.75,,
0,bench/30gib-7.bin,950,33554432,347.16,,
0,bench/30gib-7.bin,951,33554432,384.14,,
0,bench/30gib-7.bin,952,33554432,350.47,,
0,bench/30gib-7.bin,953,33554432,578.49,,
0,bench/30gib-7.bin,954,33554432,575.33,,
0,bench/30gib-7.bin,955,33554432,340.74,,
0,bench/30gib-7.bin,956,33554432,508.70,,
0,bench/30gib-7.bin,957,33554432,423.50,,
0,bench/30gib-7.bin,958,33554432,473.44,,
0,bench/30gib-7.bin,959,33554432,342.02,,
0,bench/30gib-7.bin,960,33554432,570.39,,
0,bench/30gib-8.bin,1,33554432,1969.78,,
0,bench/30gib-8.bin,2,33554432,1628.28,,
0,bench/30gib-8.bin,3,33554432,1096.38,,
0,bench/30gib-8.bin,4,33554432,1542.14,,
0,bench/30gib-8.bin,5,33554432,1586.52,,
0,bench/30gib-8.bin,6,33554432,1216.39,,
0,bench/30gib-8.bin,7,33554432,1397.71,,
0,bench/30gib-8.bin,8,33554432,1415.15,,
0,bench/30gib-8.bin,9,33554432,1299.74,,
0,bench/30gib-8.bin,10,33554432,1072.53,,
0,bench/30gib-8.bin,11,33554432,1013.56,,
0,bench/30gib-8.bin,12,33554432,1814.60,,
0,bench/30gib-8.bin,13,33554432,2089.05,,
0,bench/30gib-8.bin,14,33554432,1546.12,,
0,bench/30gib-8.bin,15,33554432,1377.83,,
0,bench/30gib-8.bin,16,33554432,1939.53,,
0,bench/30gib-8.bin,17,33554432,886.53,,
0,bench/30gib-8.bin,18,33554432,1155.83,,
0,bench/30gib-8.bin,19,33554432,1573.02,,
0,bench/30gib-8.bin,20,33554432,1635.91,,
0,bench/30gib-8.bin,21,33554432,1782.60,,
0,bench/30gib-8.bin,22,33554432,1695.76,,
0,bench/30gib-8.bin,23,33554432,1747.25,,
0,bench/30gib-8.bin,24,33554432,1641.71,,
0,bench/30gib-8.bin,25,33554432,1913.85,,
0,bench/30gib-8.bin,26,33554432,1308.08,,
0,bench/30gib-8.bin,27,33554432,866.33,,
0,bench/30gib-8.bin,28,33554432,763.62,,
0,bench/30gib-8.bin,29,33554432,581.08,,
0,bench/30gib-8.bin,30,33554432,901.60,,
0,bench/30gib-8.bin,31,33554432,1994.57,,
0,bench/30gib-8.bin,32,33554432,435.40,,
0,bench/30gib-8.bin,33,33554432,798.43,,
0,bench/30gib-8.bin,34,33554432,1114.62,,
0,bench/30gib-8.bin,35,33554432,854.04,,
0,bench/30gib-8.bin,36,33554432,811.46,,
0,bench/30gib-8.bin,37,33554432,634.04,,
0,bench/30gib-8.bin,38,33554432,436.93,,
0,bench/30gib-8.bin,39,33554432,902.98,,
0,bench/30gib-8.bin,40,33554432,879.25,,
0,bench/30gib-8.bin,41,33554432,385.34,,
0,bench/30gib-8.bin,42,33554432,699.77,,
0,bench/30gib-8.bin,43,33554432,642.02,,
0,bench/30gib-8.bin,44,33554432,398.08,,
0,bench/30gib-8.bin,45,33554432,454.31,,
0,bench/30gib-8.bin,46,33554432,614.79,,
0,bench/30gib-8.bin,47,33554432,605.90,,
0,bench/30gib-8.bin,48,33554432,615.84,,
0,bench/30gib-8.bin,49,33554432,513.72,,
0,bench/30gib-8.bin,50,33554432,670.59,,
0,bench/30gib-8.bin,51,33554432,415.67,,
0,bench/30gib-8.bin,52,33554432,514.59,,
0,bench/30gib-8.bin,53,33554432,974.09,,
0,bench/30gib-8.bin,54,33554432,567.59,,
0,bench/30gib-8.bin,55,33554432,545.78,,
0,bench/30gib-8.bin,56,33554432,502.40,,
0,bench/30gib-8.bin,57,33554432,398.45,,
0,bench/30gib-8.bin,58,33554432,356.61,,
0,bench/30gib-8.bin,59,33554432,486.02,,
0,bench/30gib-8.bin,60,33554432,524.30,,
0,bench/30gib-8.bin,61,33554432,468.94,,
0,bench/30gib-8.bin,62,33554432,596.21,,
0,bench/30gib-8.bin,63,33554432,642.42,,
0,bench/30gib-8.bin,64,33554432,554.34,,
0,bench/30gib-8.bin,65,33554432,567.96,,
0,bench/30gib-8.bin,66,33554432,576.80,,
0,bench/30gib-8.bin,67,33554432,669.11,,
0,bench/30gib-8.bin,68,33554432,832.39,,
0,bench/30gib-8.bin,69,33554432,343.28,,
0,bench/30gib-8.bin,70,33554432,574.48,,
0,bench/30gib-8.bin,71,33554432,797.75,,
0,bench/30gib-8.bin,72,33554432,487.60,,
0,bench/30gib-8.bin,73,33554432,544.39,,
0,bench/30gib-8.bin,74,33554432,479.72,,
0,bench/30gib-8.bin,75,33554432,354.80,,
0,bench/30gib-8.bin,76,33554432,384.53,,
0,bench/30gib-8.bin,77,33554432,612.05,,
0,bench/30gib-8.bin,78,33554432,428.27,,
0,bench/30gib-8.bin,79,33554432,440.05,,
0,bench/30gib-8.bin,80,33554432,469.19,,
0,bench/30gib-8.bin,81,33554432,440.82,,
0,bench/30gib-8.bin,82,33554432,448.59,,
0,bench/30gib-8.bin,83,33554432,393.69,,
0,bench/30gib-8.bin,84,33554432,452.08,,
0,bench/30gib-8.bin,85,33554432,428.95,,
0,bench/30gib-8.bin,86,33554432,346.85,,
0,bench/30gib-8.bin,87,33554432,668.57,,
0,bench/30gib-8.bin,88,33554432,719.69,,
0,bench/30gib-8.bin,89,33554432,1740.97,,
0,bench/30gib-8.bin,90,33554432,355.24,,
0,bench/30gib-8.bin,91,33554432,471.92,,
0,bench/30gib-8.bin,92,33554432,429.44,,
0,bench/30gib-8.bin,93,33554432,474.06,,
0,bench/30gib-8.bin,94,33554432,361.48,,
0,bench/30gib-8.bin,95,33554432,372.46,,
0,bench/30gib-8.bin,96,33554432,595.20,,
0,bench/30gib-8.bin,97,33554432,354.80,,
0,bench/30gib-8.bin,98,33554432,392.31,,
0,bench/30gib-8.bin,99,33554432,489.01,,
0,bench/30gib-8.bin,100,33554432,488.55,,
0,bench/30gib-8.bin,101,33554432,559.78,,
0,bench/30gib-8.bin,102,33554432,470.24,,
0,bench/30gib-8.bin,103,33554432,342.16,,
0,bench/30gib-8.bin,104,33554432,524.23,,
0,bench/30gib-8.bin,105,33554432,578.58,,
0,bench/30gib-8.bin,106,33554432,805.54,,
0,bench/30gib-8.bin,107,33554432,446.08,,
0,bench/30gib-8.bin,108,33554432,348.60,,
0,bench/30gib-8.bin,109,33554432,361.17,,
0,bench/30gib-8.bin,110,33554432,598.84,,
0,bench/30gib-8.bin,111,33554432,479.08,,
0,bench/30gib-8.bin,112,33554432,478.78,,
0,bench/30gib-8.bin,113,33554432,396.23,,
0,bench/30gib-8.bin,114,33554432,350.37,,
0,bench/30gib-8.bin,115,33554432,415.39,,
0,bench/30gib-8.bin,116,33554432,369.71,,
0,bench/30gib-8.bin,117,33554432,348.02,,
0,bench/30gib-8.bin,118,33554432,341.79,,
0,bench/30gib-8.bin,119,33554432,343.59,,
0,bench/30gib-8.bin,120,33554432,343.82,,
0,bench/30gib-8.bin,121,33554432,372.73,,
0,bench/30gib-8.bin,122,33554432,466.48,,
0,bench/30gib-8.bin,123,33554432,488.21,,
0,bench/30gib-8.bin,124,33554432,529.76,,
0,bench/30gib-8.bin,125,33554432,351.83,,
0,bench/30gib-8.bin,126,33554432,520.52,,
0,bench/30gib-8.bin,127,33554432,350.21,,
0,bench/30gib-8.bin,128,33554432,381.09,,
0,bench/30gib-8.bin,129,33554432,407.04,,
0,bench/30gib-8.bin,130,33554432,519.56,,
0,bench/30gib-8.bin,131,33554432,341.26,,
0,bench/30gib-8.bin,132,33554432,394.94,,
0,bench/30gib-8.bin,133,33554432,476.89,,
0,bench/30gib-8.bin,134,33554432,450.77,,
0,bench/30gib-8.bin,135,33554432,343.56,,
0,bench/30gib-8.bin,136,33554432,347.14,,
0,bench/30gib-8.bin,137,33554432,452.11,,
0,bench/30gib-8.bin,138,33554432,388.25,,
0,bench/30gib-8.bin,139,33554432,619.37,,
0,bench/30gib-8.bin,140,33554432,541.56,,
0,bench/30gib-8.bin,141,33554432,558.54,,
0,bench/30gib-8.bin,142,33554432,437.29,,
0,bench/30gib-8.bin,143,33554432,439.75,,
0,bench/30gib-8.bin,144,33554432,495.91,,
0,bench/30gib-8.bin,145,33554432,510.07,,
0,bench/30gib-8.bin,146,33554432,379.09,,
0,bench/30gib-8.bin,147,33554432,515.08,,
0,bench/30gib-8.bin,148,33554432,390.93,,
0,bench/30gib-8.bin,149,33554432,379.86,,
0,bench/30gib-8.bin,150,33554432,410.60,,
0,bench/30gib-8.bin,151,33554432,341.61,,
0,bench/30gib-8.bin,152,33554432,355.74,,
0,bench/30gib-8.bin,153,33554432,443.97,,
0,bench/30gib-8.bin,154,33554432,442.75,,
0,bench/30gib-8.bin,155,33554432,509.75,,
0,bench/30gib-8.bin,156,33554432,354.11,,
0,bench/30gib-8.bin,157,33554432,343.21,,
0,bench/30gib-8.bin,158,33554432,374.43,,
0,bench/30gib-8.bin,159,33554432,605.98,,
0,bench/30gib-8.bin,160,33554432,494.45,,
0,bench/30gib-8.bin,161,33554432,450.13,,
0,bench/30gib-8.bin,162,33554432,354.45,,
0,bench/30gib-8.bin,163,33554432,352.08,,
0,bench/30gib-8.bin,164,33554432,922.19,,
0,bench/30gib-8.bin,165,33554432,431.80,,
0,bench/30gib-8.bin,166,33554432,383.99,,
0,bench/30gib-8.bin,167,33554432,388.32,,
0,bench/30gib-8.bin,168,33554432,367.48,,
0,bench/30gib-8.bin,169,33554432,455.44,,
0,bench/30gib-8.bin,170,33554432,730.13,,
0,bench/30gib-8.bin,171,33554432,484.41,,
0,bench/30gib-8.bin,172,33554432,454.51,,
0,bench/30gib-8.bin,173,33554432,384.62,,
0,bench/30gib-8.bin,174,33554432,464.93,,
0,bench/30gib-8.bin,175,33554432,565.33,,
0,bench/30gib-8.bin,176,33554432,346.49,,
0,bench/30gib-8.bin,177,33554432,449.29,,
0,bench/30gib-8.bin,178,33554432,412.61,,
0,bench/30gib-8.bin,179,33554432,365.82,,
0,bench/30gib-8.bin,180,33554432,528.91,,
0,bench/30gib-8.bin,181,33554432,517.88,,
0,bench/30gib-8.bin,182,33554432,421.17,,
0,bench/30gib-8.bin,183,33554432,457.83,,
0,bench/30gib-8.bin,184,33554432,340.20,,
0,bench/30gib-8.bin,185,33554432,345.68,,
0,bench/30gib-8.bin,186,33554432,342.97,,
0,bench/30gib-8.bin,187,33554432,525.34,,
0,bench/30gib-8.bin,188,33554432,342.41,,
0,bench/30gib-8.bin,189,33554432,499.78,,
0,bench/30gib-8.bin,190,33554432,374.12,,
0,bench/30gib-8.bin,191,33554432,363.91,,
0,bench/30gib-8.bin,192,33554432,342.66,,
0,bench/30gib-8.bin,193,33554432,477.41,,
0,bench/30gib-8.bin,194,33554432,374.73,,
0,bench/30gib-8.bin,195,33554432,362.88,,
0,bench/30gib-8.bin,196,33554432,345.14,,
0,bench/30gib-8.bin,197,33554432,384.33,,
0,bench/30gib-8.bin,198,33554432,533.37,,
0,bench/30gib-8.bin,199,33554432,643.93,,
0,bench/30gib-8.bin,200,33554432,442.43,,
0,bench/30gib-8.bin,201,33554432,664.23,,
0,bench/30gib-8.bin,202,33554432,345.85,,
0,bench/30gib-8.bin,203,33554432,418.15,,
0,bench/30gib-8.bin,204,33554432,345.00,,
0,bench/30gib-8.bin,205,33554432,364.81,,
0,bench/30gib-8.bin,206,33554432,444.76,,
0,bench/30gib-8.bin,207,33554432,346.85,,
0,bench/30gib-8.bin,208,33554432,447.83,,
0,bench/30gib-8.bin,209,33554432,691.02,,
0,bench/30gib-8.bin,210,33554432,544.39,,
0,bench/30gib-8.bin,211,33554432,485.19,,
0,bench/30gib-8.bin,212,33554432,343.74,,
0,bench/30gib-8.bin,213,33554432,544.19,,
0,bench/30gib-8.bin,214,33554432,542.71,,
0,bench/30gib-8.bin,215,33554432,396.05,,
0,bench/30gib-8.bin,216,33554432,424.63,,
0,bench/30gib-8.bin,217,33554432,340.89,,
0,bench/30gib-8.bin,218,33554432,574.54,,
0,bench/30gib-8.bin,219,33554432,480.93,,
0,bench/30gib-8.bin,220,33554432,362.36,,
0,bench/30gib-8.bin,221,33554432,346.86,,
0,bench/30gib-8.bin,222,33554432,556.62,,
0,bench/30gib-8.bin,223,33554432,359.51,,
0,bench/30gib-8.bin,224,33554432,401.18,,
0,bench/30gib-8.bin,225,33554432,393.31,,
0,bench/30gib-8.bin,226,33554432,342.93,,
0,bench/30gib-8.bin,227,33554432,345.96,,
0,bench/30gib-8.bin,228,33554432,342.87,,
0,bench/30gib-8.bin,229,33554432,389.85,,
0,bench/30gib-8.bin,230,33554432,341.62,,
0,bench/30gib-8.bin,231,33554432,348.68,,
0,bench/30gib-8.bin,232,33554432,447.59,,
0,bench/30gib-8.bin,233,33554432,479.29,,
0,bench/30gib-8.bin,234,33554432,357.52,,
0,bench/30gib-8.bin,235,33554432,357.63,,
0,bench/30gib-8.bin,236,33554432,3217.06,,
0,bench/30gib-8.bin,237,33554432,342.68,,
0,bench/30gib-8.bin,238,33554432,342.05,,
0,bench/30gib-8.bin,239,33554432,421.64,,
0,bench/30gib-8.bin,240,33554432,346.78,,
0,bench/30gib-8.bin,241,33554432,413.96,,
0,bench/30gib-8.bin,242,33554432,378.25,,
0,bench/30gib-8.bin,243,33554432,343.91,,
0,bench/30gib-8.bin,244,33554432,484.59,,
0,bench/30gib-8.bin,245,33554432,531.90,,
0,bench/30gib-8.bin,246,33554432,378.29,,
0,bench/30gib-8.bin,247,33554432,421.64,,
0,bench/30gib-8.bin,248,33554432,416.89,,
0,bench/30gib-8.bin,249,33554432,483.20,,
0,bench/30gib-8.bin,250,33554432,451.23,,
0,bench/30gib-8.bin,251,33554432,401.47,,
0,bench/30gib-8.bin,252,33554432,368.10,,
0,bench/30gib-8.bin,253,33554432,343.42,,
0,bench/30gib-8.bin,254,33554432,872.59,,
0,bench/30gib-8.bin,255,33554432,340.07,,
0,bench/30gib-8.bin,256,33554432,347.26,,
0,bench/30gib-8.bin,257,33554432,346.15,,
0,bench/30gib-8.bin,258,33554432,340.79,,
0,bench/30gib-8.bin,259,33554432,534.04,,
0,bench/30gib-8.bin,260,33554432,1238.76,,
0,bench/30gib-8.bin,261,33554432,450.15,,
0,bench/30gib-8.bin,262,33554432,341.68,,
0,bench/30gib-8.bin,263,33554432,469.06,,
0,bench/30gib-8.bin,264,33554432,619.14,,
0,bench/30gib-8.bin,265,33554432,416.17,,
0,bench/30gib-8.bin,266,33554432,469.34,,
0,bench/30gib-8.bin,267,33554432,503.68,,
0,bench/30gib-8.bin,268,33554432,533.01,,
0,bench/30gib-8.bin,269,33554432,361.65,,
0,bench/30gib-8.bin,270,33554432,345.99,,
0,bench/30gib-8.bin,271,33554432,465.44,,
0,bench/30gib-8.bin,272,33554432,400.48,,
0,bench/30gib-8.bin,273,33554432,342.06,,
0,bench/30gib-8.bin,274,33554432,412.95,,
0,bench/30gib-8.bin,275,33554432,371.80,,
0,bench/30gib-8.bin,276,33554432,436.93,,
0,bench/30gib-8.bin,277,33554432,439.35,,
0,bench/30gib-8.bin,278,33554432,340.52,,
0,bench/30gib-8.bin,279,33554432,1031.38,,
0,bench/30gib-8.bin,280,33554432,491.79,,
0,bench/30gib-8.bin,281,33554432,547.92,,
0,bench/30gib-8.bin,282,33554432,410.17,,
0,bench/30gib-8.bin,283,33554432,340.88,,
0,bench/30gib-8.bin,284,33554432,404.62,,
0,bench/30gib-8.bin,285,33554432,345.16,,
0,bench/30gib-8.bin,286,33554432,415.12,,
0,bench/30gib-8.bin,287,33554432,345.45,,
0,bench/30gib-8.bin,288,33554432,420.73,,
0,bench/30gib-8.bin,289,33554432,465.87,,
0,bench/30gib-8.bin,290,33554432,402.06,,
0,bench/30gib-8.bin,291,33554432,528.64,,
0,bench/30gib-8.bin,292,33554432,390.79,,
0,bench/30gib-8.bin,293,33554432,343.07,,
0,bench/30gib-8.bin,294,33554432,411.09,,
0,bench/30gib-8.bin,295,33554432,590.15,,
0,bench/30gib-8.bin,296,33554432,379.23,,
0,bench/30gib-8.bin,297,33554432,458.03,,
0,bench/30gib-8.bin,298,33554432,407.00,,
0,bench/30gib-8.bin,299,33554432,343.56,,
0,bench/30gib-8.bin,300,33554432,344.76,,
0,bench/30gib-8.bin,301,33554432,344.05,,
0,bench/30gib-8.bin,302,33554432,356.37,,
0,bench/30gib-8.bin,303,33554432,417.90,,
0,bench/30gib-8.bin,304,33554432,353.35,,
0,bench/30gib-8.bin,305,33554432,437.90,,
0,bench/30gib-8.bin,306,33554432,595.31,,
0,bench/30gib-8.bin,307,33554432,414.64,,
0,bench/30gib-8.bin,308,33554432,432.92,,
0,bench/30gib-8.bin,309,33554432,753.20,,
0,bench/30gib-8.bin,310,33554432,350.01,,
0,bench/30gib-8.bin,311,33554432,641.78,,
0,bench/30gib-8.bin,312,33554432,396.52,,
0,bench/30gib-8.bin,313,33554432,523.96,,
0,bench/30gib-8.bin,314,33554432,361.10,,
0,bench/30gib-8.bin,315,33554432,470.61,,
0,bench/30gib-8.bin,316,33554432,538.19,,
0,bench/30gib-8.bin,317,33554432,341.54,,
0,bench/30gib-8.bin,318,33554432,496.82,,
0,bench/30gib-8.bin,319,33554432,343.19,,
0,bench/30gib-8.bin,320,33554432,483.05,,
0,bench/30gib-8.bin,321,33554432,349.14,,
0,bench/30gib-8.bin,322,33554432,875.53,,
0,bench/30gib-8.bin,323,33554432,412.00,,
0,bench/30gib-8.bin,324,33554432,386.20,,
0,bench/30gib-8.bin,325,33554432,517.80,,
0,bench/30gib-8.bin,326,33554432,347.51,,
0,bench/30gib-8.bin,327,33554432,363.59,,
0,bench/30gib-8.bin,328,33554432,345.79,,
0,bench/30gib-8.bin,329,33554432,346.65,,
0,bench/30gib-8.bin,330,33554432,401.12,,
0,bench/30gib-8.bin,331,33554432,346.17,,
0,bench/30gib-8.bin,332,33554432,459.18,,
0,bench/30gib-8.bin,333,33554432,342.44,,
0,bench/30gib-8.bin,334,33554432,418.72,,
0,bench/30gib-8.bin,335,33554432,495.91,,
0,bench/30gib-8.bin,336,33554432,529.91,,
0,bench/30gib-8.bin,337,33554432,348.29,,
0,bench/30gib-8.bin,338,33554432,456.98,,
0,bench/30gib-8.bin,339,33554432,504.30,,
0,bench/30gib-8.bin,340,33554432,533.47,,
0,bench/30gib-8.bin,341,33554432,2260.63,,
0,bench/30gib-8.bin,342,33554432,348.74,,
0,bench/30gib-8.bin,343,33554432,351.14,,
0,bench/30gib-8.bin,344,33554432,412.95,,
0,bench/30gib-8.bin,345,33554432,382.11,,
0,bench/30gib-8.bin,346,33554432,523.58,,
0,bench/30gib-8.bin,347,33554432,380.63,,
0,bench/30gib-8.bin,348,33554432,340.78,,
0,bench/30gib-8.bin,349,33554432,402.65,,
0,bench/30gib-8.bin,350,33554432,341.70,,
0,bench/30gib-8.bin,351,33554432,361.26,,
0,bench/30gib-8.bin,352,33554432,398.69,,
0,bench/30gib-8.bin,353,33554432,452.46,,
0,bench/30gib-8.bin,354,33554432,474.29,,
0,bench/30gib-8.bin,355,33554432,413.39,,
0,bench/30gib-8.bin,356,33554432,637.15,,
0,bench/30gib-8.bin,357,33554432,341.36,,
0,bench/30gib-8.bin,358,33554432,629.62,,
0,bench/30gib-8.bin,359,33554432,347.59,,
0,bench/30gib-8.bin,360,33554432,384.38,,
0,bench/30gib-8.bin,361,33554432,394.71,,
0,bench/30gib-8.bin,362,33554432,403.61,,
0,bench/30gib-8.bin,363,33554432,433.94,,
0,bench/30gib-8.bin,364,33554432,431.05,,
0,bench/30gib-8.bin,365,33554432,365.63,,
0,bench/30gib-8.bin,366,33554432,626.28,,
0,bench/30gib-8.bin,367,33554432,344.38,,
0,bench/30gib-8.bin,368,33554432,540.17,,
0,bench/30gib-8.bin,369,33554432,351.22,,
0,bench/30gib-8.bin,370,33554432,340.98,,
0,bench/30gib-8.bin,371,33554432,447.31,,
0,bench/30gib-8.bin,372,33554432,361.70,,
0,bench/30gib-8.bin,373,33554432,506.42,,
0,bench/30gib-8.bin,374,33554432,431.09,,
0,bench/30gib-8.bin,375,33554432,787.85,,
0,bench/30gib-8.bin,376,33554432,364.49,,
0,bench/30gib-8.bin,377,33554432,350.68,,
0,bench/30gib-8.bin,378,33554432,344.69,,
0,bench/30gib-8.bin,379,33554432,404.78,,
0,bench/30gib-8.bin,380,33554432,344.93,,
0,bench/30gib-8.bin,381,33554432,707.03,,
0,bench/30gib-8.bin,382,33554432,425.11,,
0,bench/30gib-8.bin,383,33554432,492.15,,
0,bench/30gib-8.bin,384,33554432,666.83,,
0,bench/30gib-8.bin,385,33554432,511.55,,
0,bench/30gib-8.bin,386,33554432,493.83,,
0,bench/30gib-8.bin,387,33554432,580.89,,
0,bench/30gib-8.bin,388,33554432,429.43,,
0,bench/30gib-8.bin,389,33554432,427.62,,
0,bench/30gib-8.bin,390,33554432,1397.36,,
0,bench/30gib-8.bin,391,33554432,355.44,,
0,bench/30gib-8.bin,392,33554432,346.65,,
0,bench/30gib-8.bin,393,33554432,527.76,,
0,bench/30gib-8.bin,394,33554432,434.54,,
0,bench/30gib-8.bin,395,33554432,602.45,,
0,bench/30gib-8.bin,396,33554432,425.43,,
0,bench/30gib-8.bin,397,33554432,485.25,,
0,bench/30gib-8.bin,398,33554432,537.19,,
0,bench/30gib-8.bin,399,33554432,406.33,,
0,bench/30gib-8.bin,400,33554432,405.69,,
0,bench/30gib-8.bin,401,33554432,797.00,,
0,bench/30gib-8.bin,402,33554432,381.56,,
0,bench/30gib-8.bin,403,33554432,420.62,,
0,bench/30gib-8.bin,404,33554432,344.30,,
0,bench/30gib-8.bin,405,33554432,342.05,,
0,bench/30gib-8.bin,406,33554432,388.29,,
0,bench/30gib-8.bin,407,33554432,442.00,,
0,bench/30gib-8.bin,408,33554432,490.79,,
0,bench/30gib-8.bin,409,33554432,650.89,,
0,bench/30gib-8.bin,410,33554432,422.68,,
0,bench/30gib-8.bin,411,33554432,472.90,,
0,bench/30gib-8.bin,412,33554432,503.58,,
0,bench/30gib-8.bin,413,33554432,423.17,,
0,bench/30gib-8.bin,414,33554432,530.36,,
0,bench/30gib-8.bin,415,33554432,430.68,,
0,bench/30gib-8.bin,416,33554432,412.92,,
0,bench/30gib-8.bin,417,33554432,484.08,,
0,bench/30gib-8.bin,418,33554432,346.64,,
0,bench/30gib-8.bin,419,33554432,507.72,,
0,bench/30gib-8.bin,420,33554432,343.99,,
0,bench/30gib-8.bin,421,33554432,405.46,,
0,bench/30gib-8.bin,422,33554432,405.21,,
0,bench/30gib-8.bin,423,33554432,345.17,,
0,bench/30gib-8.bin,424,33554432,486.30,,
0,bench/30gib-8.bin,425,33554432,391.64,,
0,bench/30gib-8.bin,426,33554432,484.74,,
0,bench/30gib-8.bin,427,33554432,340.70,,
0,bench/30gib-8.bin,428,33554432,401.55,,
0,bench/30gib-8.bin,429,33554432,375.05,,
0,bench/30gib-8.bin,430,33554432,352.87,,
0,bench/30gib-8.bin,431,33554432,378.51,,
0,bench/30gib-8.bin,432,33554432,341.61,,
0,bench/30gib-8.bin,433,33554432,408.28,,
0,bench/30gib-8.bin,434,33554432,340.83,,
0,bench/30gib-8.bin,435,33554432,390.68,,
0,bench/30gib-8.bin,436,33554432,361.27,,
0,bench/30gib-8.bin,437,33554432,346.32,,
0,bench/30gib-8.bin,438,33554432,492.55,,
0,bench/30gib-8.bin,439,33554432,374.03,,
0,bench/30gib-8.bin,440,33554432,417.08,,
0,bench/30gib-8.bin,441,33554432,480.68,,
0,bench/30gib-8.bin,442,33554432,449.69,,
0,bench/30gib-8.bin,443,33554432,429.78,,
0,bench/30gib-8.bin,444,33554432,387.66,,
0,bench/30gib-8.bin,445,33554432,345.11,,
0,bench/30gib-8.bin,446,33554432,416.76,,
0,bench/30gib-8.bin,447,33554432,342.24,,
0,bench/30gib-8.bin,448,33554432,431.53,,
0,bench/30gib-8.bin,449,33554432,369.50,,
0,bench/30gib-8.bin,450,33554432,341.61,,
0,bench/30gib-8.bin,451,33554432,551.15,,
0,bench/30gib-8.bin,452,33554432,346.07,,
0,bench/30gib-8.bin,453,33554432,356.94,,
0,bench/30gib-8.bin,454,33554432,339.92,,
0,bench/30gib-8.bin,455,33554432,342.00,,
0,bench/30gib-8.bin,456,33554432,725.07,,
0,bench/30gib-8.bin,457,33554432,419.12,,
0,bench/30gib-8.bin,458,33554432,503.41,,
0,bench/30gib-8.bin,459,33554432,442.46,,
0,bench/30gib-8.bin,460,33554432,402.14,,
0,bench/30gib-8.bin,461,33554432,1042.79,,
0,bench/30gib-8.bin,462,33554432,398.55,,
0,bench/30gib-8.bin,463,33554432,570.68,,
0,bench/30gib-8.bin,464,33554432,340.91,,
0,bench/30gib-8.bin,465,33554432,369.34,,
0,bench/30gib-8.bin,466,33554432,549.19,,
0,bench/30gib-8.bin,467,33554432,342.92,,
0,bench/30gib-8.bin,468,33554432,373.46,,
0,bench/30gib-8.bin,469,33554432,524.99,,
0,bench/30gib-8.bin,470,33554432,452.46,,
0,bench/30gib-8.bin,471,33554432,342.32,,
0,bench/30gib-8.bin,472,33554432,517.28,,
0,bench/30gib-8.bin,473,33554432,370.25,,
0,bench/30gib-8.bin,474,33554432,343.29,,
0,bench/30gib-8.bin,475,33554432,434.84,,
0,bench/30gib-8.bin,476,33554432,340.90,,
0,bench/30gib-8.bin,477,33554432,394.67,,
0,bench/30gib-8.bin,478,33554432,1462.53,,
0,bench/30gib-8.bin,479,33554432,353.38,,
0,bench/30gib-8.bin,480,33554432,395.23,,
0,bench/30gib-8.bin,481,33554432,928.28,,
0,bench/30gib-8.bin,482,33554432,344.86,,
0,bench/30gib-8.bin,483,33554432,391.40,,
0,bench/30gib-8.bin,484,33554432,409.21,,
0,bench/30gib-8.bin,485,33554432,344.89,,
0,bench/30gib-8.bin,486,33554432,462.61,,
0,bench/30gib-8.bin,487,33554432,392.03,,
0,bench/30gib-8.bin,488,33554432,427.82,,
0,bench/30gib-8.bin,489,33554432,504.26,,
0,bench/30gib-8.bin,490,33554432,577.17,,
0,bench/30gib-8.bin,491,33554432,340.69,,
0,bench/30gib-8.bin,492,33554432,340.76,,
0,bench/30gib-8.bin,493,33554432,374.87,,
0,bench/30gib-8.bin,494,33554432,429.20,,
0,bench/30gib-8.bin,495,33554432,367.07,,
0,bench/30gib-8.bin,496,33554432,357.99,,
0,bench/30gib-8.bin,497,33554432,436.71,,
0,bench/30gib-8.bin,498,33554432,457.58,,
0,bench/30gib-8.bin,499,33554432,438.48,,
0,bench/30gib-8.bin,500,33554432,451.03,,
0,bench/30gib-8.bin,501,33554432,342.92,,
0,bench/30gib-8.bin,502,33554432,551.69,,
0,bench/30gib-8.bin,503,33554432,382.94,,
0,bench/30gib-8.bin,504,33554432,414.64,,
0,bench/30gib-8.bin,505,33554432,647.89,,
0,bench/30gib-8.bin,506,33554432,440.16,,
0,bench/30gib-8.bin,507,33554432,354.63,,
0,bench/30gib-8.bin,508,33554432,345.69,,
0,bench/30gib-8.bin,509,33554432,461.13,,
0,bench/30gib-8.bin,510,33554432,434.29,,
0,bench/30gib-8.bin,511,33554432,345.73,,
0,bench/30gib-8.bin,512,33554432,341.83,,
0,bench/30gib-8.bin,513,33554432,357.21,,
0,bench/30gib-8.bin,514,33554432,431.73,,
0,bench/30gib-8.bin,515,33554432,618.33,,
0,bench/30gib-8.bin,516,33554432,341.28,,
0,bench/30gib-8.bin,517,33554432,603.16,,
0,bench/30gib-8.bin,518,33554432,354.91,,
0,bench/30gib-8.bin,519,33554432,482.26,,
0,bench/30gib-8.bin,520,33554432,503.74,,
0,bench/30gib-8.bin,521,33554432,444.90,,
0,bench/30gib-8.bin,522,33554432,365.49,,
0,bench/30gib-8.bin,523,33554432,362.83,,
0,bench/30gib-8.bin,524,33554432,426.80,,
0,bench/30gib-8.bin,525,33554432,485.43,,
0,bench/30gib-8.bin,526,33554432,350.92,,
0,bench/30gib-8.bin,527,33554432,375.86,,
0,bench/30gib-8.bin,528,33554432,393.65,,
0,bench/30gib-8.bin,529,33554432,417.74,,
0,bench/30gib-8.bin,530,33554432,376.24,,
0,bench/30gib-8.bin,531,33554432,343.83,,
0,bench/30gib-8.bin,532,33554432,344.77,,
0,bench/30gib-8.bin,533,33554432,419.26,,
0,bench/30gib-8.bin,534,33554432,404.92,,
0,bench/30gib-8.bin,535,33554432,346.82,,
0,bench/30gib-8.bin,536,33554432,352.24,,
0,bench/30gib-8.bin,537,33554432,353.06,,
0,bench/30gib-8.bin,538,33554432,364.23,,
0,bench/30gib-8.bin,539,33554432,434.43,,
0,bench/30gib-8.bin,540,33554432,496.73,,
0,bench/30gib-8.bin,541,33554432,341.17,,
0,bench/30gib-8.bin,542,33554432,394.01,,
0,bench/30gib-8.bin,543,33554432,349.74,,
0,bench/30gib-8.bin,544,33554432,440.29,,
0,bench/30gib-8.bin,545,33554432,373.27,,
0,bench/30gib-8.bin,546,33554432,368.66,,
0,bench/30gib-8.bin,547,33554432,380.08,,
0,bench/30gib-8.bin,548,33554432,416.37,,
0,bench/30gib-8.bin,549,33554432,449.19,,
0,bench/30gib-8.bin,550,33554432,363.04,,
0,bench/30gib-8.bin,551,33554432,343.88,,
0,bench/30gib-8.bin,552,33554432,524.04,,
0,bench/30gib-8.bin,553,33554432,342.21,,
0,bench/30gib-8.bin,554,33554432,402.65,,
0,bench/30gib-8.bin,555,33554432,373.09,,
0,bench/30gib-8.bin,556,33554432,580.31,,
0,bench/30gib-8.bin,557,33554432,349.70,,
0,bench/30gib-8.bin,558,33554432,524.49,,
0,bench/30gib-8.bin,559,33554432,417.81,,
0,bench/30gib-8.bin,560,33554432,932.58,,
0,bench/30gib-8.bin,561,33554432,436.65,,
0,bench/30gib-8.bin,562,33554432,992.01,,
0,bench/30gib-8.bin,563,33554432,1806.70,,
0,bench/30gib-8.bin,564,33554432,442.12,,
0,bench/30gib-8.bin,565,33554432,563.21,,
0,bench/30gib-8.bin,566,33554432,459.67,,
0,bench/30gib-8.bin,567,33554432,409.60,,
0,bench/30gib-8.bin,568,33554432,433.91,,
0,bench/30gib-8.bin,569,33554432,341.87,,
0,bench/30gib-8.bin,570,33554432,497.07,,
0,bench/30gib-8.bin,571,33554432,406.81,,
0,bench/30gib-8.bin,572,33554432,473.47,,
0,bench/30gib-8.bin,573,33554432,349.52,,
0,bench/30gib-8.bin,574,33554432,348.89,,
0,bench/30gib-8.bin,575,33554432,447.04,,
0,bench/30gib-8.bin,576,33554432,340.30,,
0,bench/30gib-8.bin,577,33554432,442.94,,
0,bench/30gib-8.bin,578,33554432,507.44,,
0,bench/30gib-8.bin,579,33554432,345.68,,
0,bench/30gib-8.bin,580,33554432,422.85,,
0,bench/30gib-8.bin,581,33554432,400.79,,
0,bench/30gib-8.bin,582,33554432,355.04,,
0,bench/30gib-8.bin,583,33554432,360.21,,
0,bench/30gib-8.bin,584,33554432,485.62,,
0,bench/30gib-8.bin,585,33554432,342.12,,
0,bench/30gib-8.bin,586,33554432,444.38,,
0,bench/30gib-8.bin,587,33554432,391.11,,
0,bench/30gib-8.bin,588,33554432,513.53,,
0,bench/30gib-8.bin,589,33554432,412.95,,
0,bench/30gib-8.bin,590,33554432,467.73,,
0,bench/30gib-8.bin,591,33554432,506.57,,
0,bench/30gib-8.bin,592,33554432,352.46,,
0,bench/30gib-8.bin,593,33554432,460.69,,
0,bench/30gib-8.bin,594,33554432,570.43,,
0,bench/30gib-8.bin,595,33554432,346.48,,
0,bench/30gib-8.bin,596,33554432,355.92,,
0,bench/30gib-8.bin,597,33554432,462.87,,
0,bench/30gib-8.bin,598,33554432,470.11,,
0,bench/30gib-8.bin,599,33554432,403.96,,
0,bench/30gib-8.bin,600,33554432,506.31,,
0,bench/30gib-8.bin,601,33554432,352.19,,
0,bench/30gib-8.bin,602,33554432,466.50,,
0,bench/30gib-8.bin,603,33554432,342.96,,
0,bench/30gib-8.bin,604,33554432,346.28,,
0,bench/30gib-8.bin,605,33554432,366.01,,
0,bench/30gib-8.bin,606,33554432,368.21,,
0,bench/30gib-8.bin,607,33554432,427.43,,
0,bench/30gib-8.bin,608,33554432,345.13,,
0,bench/30gib-8.bin,609,33554432,356.66,,
0,bench/30gib-8.bin,610,33554432,406.68,,
0,bench/30gib-8.bin,611,33554432,378.46,,
0,bench/30gib-8.bin,612,33554432,466.03,,
0,bench/30gib-8.bin,613,33554432,491.95,,
0,bench/30gib-8.bin,614,33554432,648.06,,
0,bench/30gib-8.bin,615,33554432,405.54,,
0,bench/30gib-8.bin,616,33554432,342.27,,
0,bench/30gib-8.bin,617,33554432,496.79,,
0,bench/30gib-8.bin,618,33554432,560.29,,
0,bench/30gib-8.bin,619,33554432,360.50,,
0,bench/30gib-8.bin,620,33554432,484.90,,
0,bench/30gib-8.bin,621,33554432,450.17,,
0,bench/30gib-8.bin,622,33554432,447.20,,
0,bench/30gib-8.bin,623,33554432,349.15,,
0,bench/30gib-8.bin,624,33554432,404.04,,
0,bench/30gib-8.bin,625,33554432,358.76,,
0,bench/30gib-8.bin,626,33554432,369.36,,
0,bench/30gib-8.bin,627,33554432,434.31,,
0,bench/30gib-8.bin,628,33554432,363.72,,
0,bench/30gib-8.bin,629,33554432,350.07,,
0,bench/30gib-8.bin,630,33554432,499.60,,
0,bench/30gib-8.bin,631,33554432,343.29,,
0,bench/30gib-8.bin,632,33554432,341.77,,
0,bench/30gib-8.bin,633,33554432,404.93,,
0,bench/30gib-8.bin,634,33554432,634.21,,
0,bench/30gib-8.bin,635,33554432,589.82,,
0,bench/30gib-8.bin,636,33554432,421.77,,
0,bench/30gib-8.bin,637,33554432,488.01,,
0,bench/30gib-8.bin,638,33554432,434.79,,
0,bench/30gib-8.bin,639,33554432,465.68,,
0,bench/30gib-8.bin,640,33554432,424.23,,
0,bench/30gib-8.bin,641,33554432,458.68,,
0,bench/30gib-8.bin,642,33554432,405.91,,
0,bench/30gib-8.bin,643,33554432,345.99,,
0,bench/30gib-8.bin,644,33554432,343.96,,
0,bench/30gib-8.bin,645,33554432,348.47,,
0,bench/30gib-8.bin,646,33554432,463.95,,
0,bench/30gib-8.bin,647,33554432,368.57,,
0,bench/30gib-8.bin,648,33554432,408.23,,
0,bench/30gib-8.bin,649,33554432,408.90,,
0,bench/30gib-8.bin,650,33554432,347.62,,
0,bench/30gib-8.bin,651,33554432,369.31,,
0,bench/30gib-8.bin,652,33554432,359.10,,
0,bench/30gib-8.bin,653,33554432,405.27,,
0,bench/30gib-8.bin,654,33554432,459.09,,
0,bench/30gib-8.bin,655,33554432,619.68,,
0,bench/30gib-8.bin,656,33554432,378.29,,
0,bench/30gib-8.bin,657,33554432,454.03,,
0,bench/30gib-8.bin,658,33554432,346.37,,
0,bench/30gib-8.bin,659,33554432,430.46,,
0,bench/30gib-8.bin,660,33554432,358.78,,
0,bench/30gib-8.bin,661,33554432,404.16,,
0,bench/30gib-8.bin,662,33554432,386.01,,
0,bench/30gib-8.bin,663,33554432,426.09,,
0,bench/30gib-8.bin,664,33554432,538.68,,
0,bench/30gib-8.bin,665,33554432,474.67,,
0,bench/30gib-8.bin,666,33554432,417.63,,
0,bench/30gib-8.bin,667,33554432,426.22,,
0,bench/30gib-8.bin,668,33554432,350.66,,
0,bench/30gib-8.bin,669,33554432,443.31,,
0,bench/30gib-8.bin,670,33554432,371.88,,
0,bench/30gib-8.bin,671,33554432,383.19,,
0,bench/30gib-8.bin,672,33554432,373.03,,
0,bench/30gib-8.bin,673,33554432,343.61,,
0,bench/30gib-8.bin,674,33554432,405.72,,
0,bench/30gib-8.bin,675,33554432,355.01,,
0,bench/30gib-8.bin,676,33554432,411.01,,
0,bench/30gib-8.bin,677,33554432,356.77,,
0,bench/30gib-8.bin,678,33554432,342.96,,
0,bench/30gib-8.bin,679,33554432,341.84,,
0,bench/30gib-8.bin,680,33554432,384.99,,
0,bench/30gib-8.bin,681,33554432,489.06,,
0,bench/30gib-8.bin,682,33554432,630.89,,
0,bench/30gib-8.bin,683,33554432,351.15,,
0,bench/30gib-8.bin,684,33554432,344.66,,
0,bench/30gib-8.bin,685,33554432,484.42,,
0,bench/30gib-8.bin,686,33554432,661.31,,
0,bench/30gib-8.bin,687,33554432,343.82,,
0,bench/30gib-8.bin,688,33554432,389.89,,
0,bench/30gib-8.bin,689,33554432,815.91,,
0,bench/30gib-8.bin,690,33554432,346.08,,
0,bench/30gib-8.bin,691,33554432,417.64,,
0,bench/30gib-8.bin,692,33554432,519.41,,
0,bench/30gib-8.bin,693,33554432,471.40,,
0,bench/30gib-8.bin,694,33554432,347.34,,
0,bench/30gib-8.bin,695,33554432,476.91,,
0,bench/30gib-8.bin,696,33554432,383.41,,
0,bench/30gib-8.bin,697,33554432,532.27,,
0,bench/30gib-8.bin,698,33554432,380.22,,
0,bench/30gib-8.bin,699,33554432,602.05,,
0,bench/30gib-8.bin,700,33554432,353.88,,
0,bench/30gib-8.bin,701,33554432,423.24,,
0,bench/30gib-8.bin,702,33554432,374.60,,
0,bench/30gib-8.bin,703,33554432,478.09,,
0,bench/30gib-8.bin,704,33554432,407.20,,
0,bench/30gib-8.bin,705,33554432,342.44,,
0,bench/30gib-8.bin,706,33554432,408.75,,
0,bench/30gib-8.bin,707,33554432,444.75,,
0,bench/30gib-8.bin,708,33554432,442.82,,
0,bench/30gib-8.bin,709,33554432,440.96,,
0,bench/30gib-8.bin,710,33554432,377.80,,
0,bench/30gib-8.bin,711,33554432,346.30,,
0,bench/30gib-8.bin,712,33554432,397.49,,
0,bench/30gib-8.bin,713,33554432,425.15,,
0,bench/30gib-8.bin,714,33554432,729.75,,
0,bench/30gib-8.bin,715,33554432,494.35,,
0,bench/30gib-8.bin,716,33554432,600.54,,
0,bench/30gib-8.bin,717,33554432,382.75,,
0,bench/30gib-8.bin,718,33554432,545.24,,
0,bench/30gib-8.bin,719,33554432,1230.30,,
0,bench/30gib-8.bin,720,33554432,375.21,,
0,bench/30gib-8.bin,721,33554432,347.62,,
0,bench/30gib-8.bin,722,33554432,344.77,,
0,bench/30gib-8.bin,723,33554432,344.19,,
0,bench/30gib-8.bin,724,33554432,342.48,,
0,bench/30gib-8.bin,725,33554432,431.08,,
0,bench/30gib-8.bin,726,33554432,365.62,,
0,bench/30gib-8.bin,727,33554432,489.07,,
0,bench/30gib-8.bin,728,33554432,1164.96,,
0,bench/30gib-8.bin,729,33554432,438.90,,
0,bench/30gib-8.bin,730,33554432,506.66,,
0,bench/30gib-8.bin,731,33554432,513.47,,
0,bench/30gib-8.bin,732,33554432,363.01,,
0,bench/30gib-8.bin,733,33554432,407.07,,
0,bench/30gib-8.bin,734,33554432,1311.09,,
0,bench/30gib-8.bin,735,33554432,344.40,,
0,bench/30gib-8.bin,736,33554432,403.76,,
0,bench/30gib-8.bin,737,33554432,524.96,,
0,bench/30gib-8.bin,738,33554432,810.67,,
0,bench/30gib-8.bin,739,33554432,469.38,,
0,bench/30gib-8.bin,740,33554432,356.22,,
0,bench/30gib-8.bin,741,33554432,447.34,,
0,bench/30gib-8.bin,742,33554432,349.37,,
0,bench/30gib-8.bin,743,33554432,459.76,,
0,bench/30gib-8.bin,744,33554432,376.66,,
0,bench/30gib-8.bin,745,33554432,368.15,,
0,bench/30gib-8.bin,746,33554432,613.55,,
0,bench/30gib-8.bin,747,33554432,353.57,,
0,bench/30gib-8.bin,748,33554432,778.10,,
0,bench/30gib-8.bin,749,33554432,566.90,,
0,bench/30gib-8.bin,750,33554432,355.02,,
0,bench/30gib-8.bin,751,33554432,390.48,,
0,bench/30gib-8.bin,752,33554432,449.78,,
0,bench/30gib-8.bin,753,33554432,345.50,,
0,bench/30gib-8.bin,754,33554432,342.04,,
0,bench/30gib-8.bin,755,33554432,362.53,,
0,bench/30gib-8.bin,756,33554432,549.15,,
0,bench/30gib-8.bin,757,33554432,453.59,,
0,bench/30gib-8.bin,758,33554432,553.82,,
0,bench/30gib-8.bin,759,33554432,566.58,,
0,bench/30gib-8.bin,760,33554432,830.59,,
0,bench/30gib-8.bin,761,33554432,515.98,,
0,bench/30gib-8.bin,762,33554432,394.26,,
0,bench/30gib-8.bin,763,33554432,458.24,,
0,bench/30gib-8.bin,764,33554432,356.30,,
0,bench/30gib-8.bin,765,33554432,508.99,,
0,bench/30gib-8.bin,766,33554432,365.70,,
0,bench/30gib-8.bin,767,33554432,432.98,,
0,bench/30gib-8.bin,768,33554432,348.02,,
0,bench/30gib-8.bin,769,33554432,352.25,,
0,bench/30gib-8.bin,770,33554432,350.66,,
0,bench/30gib-8.bin,771,33554432,347.25,,
0,bench/30gib-8.bin,772,33554432,542.49,,
0,bench/30gib-8.bin,773,33554432,447.28,,
0,bench/30gib-8.bin,774,33554432,383.02,,
0,bench/30gib-8.bin,775,33554432,580.01,,
0,bench/30gib-8.bin,776,33554432,345.86,,
0,bench/30gib-8.bin,777,33554432,344.80,,
0,bench/30gib-8.bin,778,33554432,587.69,,
0,bench/30gib-8.bin,779,33554432,611.56,,
0,bench/30gib-8.bin,780,33554432,352.02,,
0,bench/30gib-8.bin,781,33554432,378.69,,
0,bench/30gib-8.bin,782,33554432,342.96,,
0,bench/30gib-8.bin,783,33554432,388.59,,
0,bench/30gib-8.bin,784,33554432,392.88,,
0,bench/30gib-8.bin,785,33554432,345.38,,
0,bench/30gib-8.bin,786,33554432,401.95,,
0,bench/30gib-8.bin,787,33554432,386.08,,
0,bench/30gib-8.bin,788,33554432,406.24,,
0,bench/30gib-8.bin,789,33554432,388.35,,
0,bench/30gib-8.bin,790,33554432,478.38,,
0,bench/30gib-8.bin,791,33554432,340.29,,
0,bench/30gib-8.bin,792,33554432,609.01,,
0,bench/30gib-8.bin,793,33554432,346.24,,
0,bench/30gib-8.bin,794,33554432,425.05,,
0,bench/30gib-8.bin,795,33554432,354.88,,
0,bench/30gib-8.bin,796,33554432,487.72,,
0,bench/30gib-8.bin,797,33554432,346.61,,
0,bench/30gib-8.bin,798,33554432,558.90,,
0,bench/30gib-8.bin,799,33554432,395.78,,
0,bench/30gib-8.bin,800,33554432,467.07,,
0,bench/30gib-8.bin,801,33554432,473.96,,
0,bench/30gib-8.bin,802,33554432,489.25,,
0,bench/30gib-8.bin,803,33554432,378.80,,
0,bench/30gib-8.bin,804,33554432,354.52,,
0,bench/30gib-8.bin,805,33554432,380.47,,
0,bench/30gib-8.bin,806,33554432,415.67,,
0,bench/30gib-8.bin,807,33554432,382.31,,
0,bench/30gib-8.bin,808,33554432,345.36,,
0,bench/30gib-8.bin,809,33554432,484.29,,
0,bench/30gib-8.bin,810,33554432,341.33,,
0,bench/30gib-8.bin,811,33554432,433.61,,
0,bench/30gib-8.bin,812,33554432,343.56,,
0,bench/30gib-8.bin,813,33554432,598.26,,
0,bench/30gib-8.bin,814,33554432,504.87,,
0,bench/30gib-8.bin,815,33554432,345.79,,
0,bench/30gib-8.bin,816,33554432,483.75,,
0,bench/30gib-8.bin,817,33554432,342.32,,
0,bench/30gib-8.bin,818,33554432,477.92,,
0,bench/30gib-8.bin,819,33554432,341.71,,
0,bench/30gib-8.bin,820,33554432,345.41,,
0,bench/30gib-8.bin,821,33554432,341.14,,
0,bench/30gib-8.bin,822,33554432,463.52,,
0,bench/30gib-8.bin,823,33554432,535.11,,
0,bench/30gib-8.bin,824,33554432,539.63,,
0,bench/30gib-8.bin,825,33554432,348.89,,
0,bench/30gib-8.bin,826,33554432,346.63,,
0,bench/30gib-8.bin,827,33554432,418.58,,
0,bench/30gib-8.bin,828,33554432,341.21,,
0,bench/30gib-8.bin,829,33554432,414.56,,
0,bench/30gib-8.bin,830,33554432,343.93,,
0,bench/30gib-8.bin,831,33554432,436.09,,
0,bench/30gib-8.bin,832,33554432,466.98,,
0,bench/30gib-8.bin,833,33554432,483.33,,
0,bench/30gib-8.bin,834,33554432,382.95,,
0,bench/30gib-8.bin,835,33554432,483.55,,
0,bench/30gib-8.bin,836,33554432,432.98,,
0,bench/30gib-8.bin,837,33554432,346.24,,
0,bench/30gib-8.bin,838,33554432,390.55,,
0,bench/30gib-8.bin,839,33554432,377.87,,
0,bench/30gib-8.bin,840,33554432,964.53,,
0,bench/30gib-8.bin,841,33554432,377.48,,
0,bench/30gib-8.bin,842,33554432,361.30,,
0,bench/30gib-8.bin,843,33554432,568.52,,
0,bench/30gib-8.bin,844,33554432,356.66,,
0,bench/30gib-8.bin,845,33554432,442.61,,
0,bench/30gib-8.bin,846,33554432,363.22,,
0,bench/30gib-8.bin,847,33554432,697.33,,
0,bench/30gib-8.bin,848,33554432,932.67,,
0,bench/30gib-8.bin,849,33554432,348.02,,
0,bench/30gib-8.bin,850,33554432,490.82,,
0,bench/30gib-8.bin,851,33554432,372.76,,
0,bench/30gib-8.bin,852,33554432,357.53,,
0,bench/30gib-8.bin,853,33554432,358.11,,
0,bench/30gib-8.bin,854,33554432,509.50,,
0,bench/30gib-8.bin,855,33554432,476.45,,
0,bench/30gib-8.bin,856,33554432,444.85,,
0,bench/30gib-8.bin,857,33554432,348.22,,
0,bench/30gib-8.bin,858,33554432,479.93,,
0,bench/30gib-8.bin,859,33554432,515.54,,
0,bench/30gib-8.bin,860,33554432,381.94,,
0,bench/30gib-8.bin,861,33554432,422.21,,
0,bench/30gib-8.bin,862,33554432,390.32,,
0,bench/30gib-8.bin,863,33554432,756.35,,
0,bench/30gib-8.bin,864,33554432,405.53,,
0,bench/30gib-8.bin,865,33554432,421.21,,
0,bench/30gib-8.bin,866,33554432,392.54,,
0,bench/30gib-8.bin,867,33554432,396.27,,
0,bench/30gib-8.bin,868,33554432,374.42,,
0,bench/30gib-8.bin,869,33554432,427.22,,
0,bench/30gib-8.bin,870,33554432,374.45,,
0,bench/30gib-8.bin,871,33554432,340.48,,
0,bench/30gib-8.bin,872,33554432,355.08,,
0,bench/30gib-8.bin,873,33554432,344.81,,
0,bench/30gib-8.bin,874,33554432,356.57,,
0,bench/30gib-8.bin,875,33554432,347.64,,
0,bench/30gib-8.bin,876,33554432,583.07,,
0,bench/30gib-8.bin,877,33554432,630.45,,
0,bench/30gib-8.bin,878,33554432,453.01,,
0,bench/30gib-8.bin,879,33554432,347.58,,
0,bench/30gib-8.bin,880,33554432,689.07,,
0,bench/30gib-8.bin,881,33554432,494.95,,
0,bench/30gib-8.bin,882,33554432,502.21,,
0,bench/30gib-8.bin,883,33554432,419.59,,
0,bench/30gib-8.bin,884,33554432,532.75,,
0,bench/30gib-8.bin,885,33554432,383.26,,
0,bench/30gib-8.bin,886,33554432,359.53,,
0,bench/30gib-8.bin,887,33554432,451.64,,
0,bench/30gib-8.bin,888,33554432,574.45,,
0,bench/30gib-8.bin,889,33554432,342.49,,
0,bench/30gib-8.bin,890,33554432,543.38,,
0,bench/30gib-8.bin,891,33554432,342.22,,
0,bench/30gib-8.bin,892,33554432,392.52,,
0,bench/30gib-8.bin,893,33554432,824.95,,
0,bench/30gib-8.bin,894,33554432,403.64,,
0,bench/30gib-8.bin,895,33554432,346.44,,
0,bench/30gib-8.bin,896,33554432,469.93,,
0,bench/30gib-8.bin,897,33554432,409.04,,
0,bench/30gib-8.bin,898,33554432,341.22,,
0,bench/30gib-8.bin,899,33554432,455.32,,
0,bench/30gib-8.bin,900,33554432,372.98,,
0,bench/30gib-8.bin,901,33554432,445.20,,
0,bench/30gib-8.bin,902,33554432,539.54,,
0,bench/30gib-8.bin,903,33554432,530.77,,
0,bench/30gib-8.bin,904,33554432,378.35,,
0,bench/30gib-8.bin,905,33554432,520.17,,
0,bench/30gib-8.bin,906,33554432,617.04,,
0,bench/30gib-8.bin,907,33554432,349.23,,
0,bench/30gib-8.bin,908,33554432,412.12,,
0,bench/30gib-8.bin,909,33554432,1128.13,,
0,bench/30gib-8.bin,910,33554432,369.85,,
0,bench/30gib-8.bin,911,33554432,406.02,,
0,bench/30gib-8.bin,912,33554432,410.33,,
0,bench/30gib-8.bin,913,33554432,372.69,,
0,bench/30gib-8.bin,914,33554432,434.63,,
0,bench/30gib-8.bin,915,33554432,425.70,,
0,bench/30gib-8.bin,916,33554432,369.73,,
0,bench/30gib-8.bin,917,33554432,341.02,,
0,bench/30gib-8.bin,918,33554432,601.77,,
0,bench/30gib-8.bin,919,33554432,455.44,,
0,bench/30gib-8.bin,920,33554432,582.63,,
0,bench/30gib-8.bin,921,33554432,354.00,,
0,bench/30gib-8.bin,922,33554432,399.48,,
0,bench/30gib-8.bin,923,33554432,1730.56,,
0,bench/30gib-8.bin,924,33554432,495.04,,
0,bench/30gib-8.bin,925,33554432,346.94,,
0,bench/30gib-8.bin,926,33554432,429.93,,
0,bench/30gib-8.bin,927,33554432,414.71,,
0,bench/30gib-8.bin,928,33554432,543.72,,
0,bench/30gib-8.bin,929,33554432,342.13,,
0,bench/30gib-8.bin,930,33554432,351.17,,
0,bench/30gib-8.bin,931,33554432,350.71,,
0,bench/30gib-8.bin,932,33554432,517.92,,
0,bench/30gib-8.bin,933,33554432,348.16,,
0,bench/30gib-8.bin,934,33554432,386.75,,
0,bench/30gib-8.bin,935,33554432,501.45,,
0,bench/30gib-8.bin,936,33554432,379.55,,
0,bench/30gib-8.bin,937,33554432,339.82,,
0,bench/30gib-8.bin,938,33554432,566.29,,
0,bench/30gib-8.bin,939,33554432,595.83,,
0,bench/30gib-8.bin,940,33554432,398.41,,
0,bench/30gib-8.bin,941,33554432,578.25,,
0,bench/30gib-8.bin,942,33554432,420.36,,
0,bench/30gib-8.bin,943,33554432,349.06,,
0,bench/30gib-8.bin,944,33554432,502.06,,
0,bench/30gib-8.bin,945,33554432,461.57,,
0,bench/30gib-8.bin,946,33554432,408.54,,
0,bench/30gib-8.bin,947,33554432,342.41,,
0,bench/30gib-8.bin,948,33554432,423.66,,
0,bench/30gib-8.bin,949,33554432,350.57,,
0,bench/30gib-8.bin,950,33554432,348.27,,
0,bench/30gib-8.bin,951,33554432,853.93,,
0,bench/30gib-8.bin,952,33554432,470.14,,
0,bench/30gib-8.bin,953,33554432,565.26,,
0,bench/30gib-8.bin,954,33554432,409.96,,
0,bench/30gib-8.bin,955,33554432,357.91,,
0,bench/30gib-8.bin,956,33554432,396.85,,
0,bench/30gib-8.bin,957,33554432,378.06,,
0,bench/30gib-8.bin,958,33554432,412.50,,
0,bench/30gib-8.bin,959,33554432,343.97,,
0,bench/30gib-8.bin,960,33554432,612.88,,
0,bench/30gib-9.bin,1,33554432,2003.16,,
0,bench/30gib-9.bin,2,33554432,1477.85,,
0,bench/30gib-9.bin,3,33554432,762.83,,
0,bench/30gib-9.bin,4,33554432,1261.90,,
0,bench/30gib-9.bin,5,33554432,1194.87,,
0,bench/30gib-9.bin,6,33554432,1262.04,,
0,bench/30gib-9.bin,7,33554432,1758.55,,
0,bench/30gib-9.bin,8,33554432,1044.26,,
0,bench/30gib-9.bin,9,33554432,1449.71,,
0,bench/30gib-9.bin,10,33554432,1064.76,,
0,bench/30gib-9.bin,11,33554432,1492.79,,
0,bench/30gib-9.bin,12,33554432,760.77,,
0,bench/30gib-9.bin,13,33554432,1437.11,,
0,bench/30gib-9.bin,14,33554432,1444.17,,
0,bench/30gib-9.bin,15,33554432,1087.08,,
0,bench/30gib-9.bin,16,33554432,999.89,,
0,bench/30gib-9.bin,17,33554432,1164.04,,
0,bench/30gib-9.bin,18,33554432,973.33,,
0,bench/30gib-9.bin,19,33554432,1672.28,,
0,bench/30gib-9.bin,20,33554432,1516.69,,
0,bench/30gib-9.bin,21,33554432,2114.65,,
0,bench/30gib-9.bin,22,33554432,1774.34,,
0,bench/30gib-9.bin,23,33554432,1758.78,,
0,bench/30gib-9.bin,24,33554432,3107.42,,
0,bench/30gib-9.bin,25,33554432,1743.74,,
0,bench/30gib-9.bin,26,33554432,1379.63,,
0,bench/30gib-9.bin,27,33554432,816.80,,
0,bench/30gib-9.bin,28,33554432,680.98,,
0,bench/30gib-9.bin,29,33554432,783.88,,
0,bench/30gib-9.bin,30,33554432,752.13,,
0,bench/30gib-9.bin,31,33554432,837.54,,
0,bench/30gib-9.bin,32,33554432,690.74,,
0,bench/30gib-9.bin,33,33554432,764.33,,
0,bench/30gib-9.bin,34,33554432,954.64,,
0,bench/30gib-9.bin,35,33554432,745.47,,
0,bench/30gib-9.bin,36,33554432,1182.46,,
0,bench/30gib-9.bin,37,33554432,372.02,,
0,bench/30gib-9.bin,38,33554432,360.89,,
0,bench/30gib-9.bin,39,33554432,499.48,,
0,bench/30gib-9.bin,40,33554432,539.50,,
0,bench/30gib-9.bin,41,33554432,509.29,,
0,bench/30gib-9.bin,42,33554432,719.36,,
0,bench/30gib-9.bin,43,33554432,624.42,,
0,bench/30gib-9.bin,44,33554432,530.50,,
0,bench/30gib-9.bin,45,33554432,675.83,,
0,bench/30gib-9.bin,46,33554432,467.53,,
0,bench/30gib-9.bin,47,33554432,666.56,,
0,bench/30gib-9.bin,48,33554432,486.22,,
0,bench/30gib-9.bin,49,33554432,892.61,,
0,bench/30gib-9.bin,50,33554432,724.30,,
0,bench/30gib-9.bin,51,33554432,466.75,,
0,bench/30gib-9.bin,52,33554432,494.88,,
0,bench/30gib-9.bin,53,33554432,670.46,,
0,bench/30gib-9.bin,54,33554432,410.23,,
0,bench/30gib-9.bin,55,33554432,551.56,,
0,bench/30gib-9.bin,56,33554432,604.29,,
0,bench/30gib-9.bin,57,33554432,476.60,,
0,bench/30gib-9.bin,58,33554432,560.06,,
0,bench/30gib-9.bin,59,33554432,967.90,,
0,bench/30gib-9.bin,60,33554432,435.11,,
0,bench/30gib-9.bin,61,33554432,511.40,,
0,bench/30gib-9.bin,62,33554432,481.21,,
0,bench/30gib-9.bin,63,33554432,355.69,,
0,bench/30gib-9.bin,64,33554432,544.37,,
0,bench/30gib-9.bin,65,33554432,465.84,,
0,bench/30gib-9.bin,66,33554432,482.42,,
0,bench/30gib-9.bin,67,33554432,571.69,,
0,bench/30gib-9.bin,68,33554432,405.23,,
0,bench/30gib-9.bin,69,33554432,579.26,,
0,bench/30gib-9.bin,70,33554432,344.40,,
0,bench/30gib-9.bin,71,33554432,483.30,,
0,bench/30gib-9.bin,72,33554432,483.19,,
0,bench/30gib-9.bin,73,33554432,367.42,,
0,bench/30gib-9.bin,74,33554432,651.98,,
0,bench/30gib-9.bin,75,33554432,375.60,,
0,bench/30gib-9.bin,76,33554432,372.22,,
0,bench/30gib-9.bin,77,33554432,479.54,,
0,bench/30gib-9.bin,78,33554432,533.39,,
0,bench/30gib-9.bin,79,33554432,443.81,,
0,bench/30gib-9.bin,80,33554432,451.79,,
0,bench/30gib-9.bin,81,33554432,598.83,,
0,bench/30gib-9.bin,82,33554432,372.77,,
0,bench/30gib-9.bin,83,33554432,468.75,,
0,bench/30gib-9.bin,84,33554432,576.98,,
0,bench/30gib-9.bin,85,33554432,500.28,,
0,bench/30gib-9.bin,86,33554432,885.09,,
0,bench/30gib-9.bin,87,33554432,420.93,,
0,bench/30gib-9.bin,88,33554432,365.60,,
0,bench/30gib-9.bin,89,33554432,345.79,,
0,bench/30gib-9.bin,90,33554432,385.25,,
0,bench/30gib-9.bin,91,33554432,456.91,,
0,bench/30gib-9.bin,92,33554432,375.17,,
0,bench/30gib-9.bin,93,33554432,672.30,,
0,bench/30gib-9.bin,94,33554432,414.29,,
0,bench/30gib-9.bin,95,33554432,541.95,,
0,bench/30gib-9.bin,96,33554432,379.46,,
0,bench/30gib-9.bin,97,33554432,570.96,,
0,bench/30gib-9.bin,98,33554432,440.33,,
0,bench/30gib-9.bin,99,33554432,380.91,,
0,bench/30gib-9.bin,100,33554432,468.28,,
0,bench/30gib-9.bin,101,33554432,508.54,,
0,bench/30gib-9.bin,102,33554432,341.02,,
0,bench/30gib-9.bin,103,33554432,533.27,,
0,bench/30gib-9.bin,104,33554432,405.21,,
0,bench/30gib-9.bin,105,33554432,419.29,,
0,bench/30gib-9.bin,106,33554432,362.58,,
0,bench/30gib-9.bin,107,33554432,354.58,,
0,bench/30gib-9.bin,108,33554432,452.64,,
0,bench/30gib-9.bin,109,33554432,395.42,,
0,bench/30gib-9.bin,110,33554432,527.68,,
0,bench/30gib-9.bin,111,33554432,458.64,,
0,bench/30gib-9.bin,112,33554432,386.73,,
0,bench/30gib-9.bin,113,33554432,494.78,,
0,bench/30gib-9.bin,114,33554432,341.53,,
0,bench/30gib-9.bin,115,33554432,547.52,,
0,bench/30gib-9.bin,116,33554432,356.57,,
0,bench/30gib-9.bin,117,33554432,344.79,,
0,bench/30gib-9.bin,118,33554432,468.66,,
0,bench/30gib-9.bin,119,33554432,512.63,,
0,bench/30gib-9.bin,120,33554432,645.50,,
0,bench/30gib-9.bin,121,33554432,377.27,,
0,bench/30gib-9.bin,122,33554432,436.91,,
0,bench/30gib-9.bin,123,33554432,525.91,,
0,bench/30gib-9.bin,124,33554432,423.22,,
0,bench/30gib-9.bin,125,33554432,476.72,,
0,bench/30gib-9.bin,126,33554432,346.02,,
0,bench/30gib-9.bin,127,33554432,612.60,,
0,bench/30gib-9.bin,128,33554432,394.75,,
0,bench/30gib-9.bin,129,33554432,381.27,,
0,bench/30gib-9.bin,130,33554432,348.14,,
0,bench/30gib-9.bin,131,33554432,346.03,,
0,bench/30gib-9.bin,132,33554432,477.74,,
0,bench/30gib-9.bin,133,33554432,341.99,,
0,bench/30gib-9.bin,134,33554432,344.54,,
0,bench/30gib-9.bin,135,33554432,423.77,,
0,bench/30gib-9.bin,136,33554432,465.60,,
0,bench/30gib-9.bin,137,33554432,906.49,,
0,bench/30gib-9.bin,138,33554432,423.39,,
0,bench/30gib-9.bin,139,33554432,378.91,,
0,bench/30gib-9.bin,140,33554432,421.55,,
0,bench/30gib-9.bin,141,33554432,510.17,,
0,bench/30gib-9.bin,142,33554432,541.42,,
0,bench/30gib-9.bin,143,33554432,520.58,,
0,bench/30gib-9.bin,144,33554432,344.02,,
0,bench/30gib-9.bin,145,33554432,458.51,,
0,bench/30gib-9.bin,146,33554432,464.38,,
0,bench/30gib-9.bin,147,33554432,459.90,,
0,bench/30gib-9.bin,148,33554432,342.78,,
0,bench/30gib-9.bin,149,33554432,517.11,,
0,bench/30gib-9.bin,150,33554432,429.94,,
0,bench/30gib-9.bin,151,33554432,479.71,,
0,bench/30gib-9.bin,152,33554432,397.47,,
0,bench/30gib-9.bin,153,33554432,431.33,,
0,bench/30gib-9.bin,154,33554432,369.87,,
0,bench/30gib-9.bin,155,33554432,345.01,,
0,bench/30gib-9.bin,156,33554432,453.00,,
0,bench/30gib-9.bin,157,33554432,359.02,,
0,bench/30gib-9.bin,158,33554432,393.50,,
0,bench/30gib-9.bin,159,33554432,917.81,,
0,bench/30gib-9.bin,160,33554432,388.95,,
0,bench/30gib-9.bin,161,33554432,562.50,,
0,bench/30gib-9.bin,162,33554432,426.79,,
0,bench/30gib-9.bin,163,33554432,381.59,,
0,bench/30gib-9.bin,164,33554432,365.51,,
0,bench/30gib-9.bin,165,33554432,349.94,,
0,bench/30gib-9.bin,166,33554432,381.24,,
0,bench/30gib-9.bin,167,33554432,527.96,,
0,bench/30gib-9.bin,168,33554432,454.76,,
0,bench/30gib-9.bin,169,33554432,366.40,,
0,bench/30gib-9.bin,170,33554432,433.79,,
0,bench/30gib-9.bin,171,33554432,467.46,,
0,bench/30gib-9.bin,172,33554432,400.94,,
0,bench/30gib-9.bin,173,33554432,372.69,,
0,bench/30gib-9.bin,174,33554432,488.54,,
0,bench/30gib-9.bin,175,33554432,392.86,,
0,bench/30gib-9.bin,176,33554432,563.33,,
0,bench/30gib-9.bin,177,33554432,474.28,,
0,bench/30gib-9.bin,178,33554432,456.30,,
0,bench/30gib-9.bin,179,33554432,359.40,,
0,bench/30gib-9.bin,180,33554432,465.87,,
0,bench/30gib-9.bin,181,33554432,344.50,,
0,bench/30gib-9.bin,182,33554432,391.36,,
0,bench/30gib-9.bin,183,33554432,365.73,,
0,bench/30gib-9.bin,184,33554432,341.25,,
0,bench/30gib-9.bin,185,33554432,389.99,,
0,bench/30gib-9.bin,186,33554432,370.17,,
0,bench/30gib-9.bin,187,33554432,412.30,,
0,bench/30gib-9.bin,188,33554432,342.68,,
0,bench/30gib-9.bin,189,33554432,343.63,,
0,bench/30gib-9.bin,190,33554432,341.44,,
0,bench/30gib-9.bin,191,33554432,358.78,,
0,bench/30gib-9.bin,192,33554432,526.89,,
0,bench/30gib-9.bin,193,33554432,366.46,,
0,bench/30gib-9.bin,194,33554432,375.47,,
0,bench/30gib-9.bin,195,33554432,1497.86,,
0,bench/30gib-9.bin,196,33554432,490.78,,
0,bench/30gib-9.bin,197,33554432,343.46,,
0,bench/30gib-9.bin,198,33554432,388.96,,
0,bench/30gib-9.bin,199,33554432,497.89,,
0,bench/30gib-9.bin,200,33554432,459.30,,
0,bench/30gib-9.bin,201,33554432,347.63,,
0,bench/30gib-9.bin,202,33554432,363.79,,
0,bench/30gib-9.bin,203,33554432,523.69,,
0,bench/30gib-9.bin,204,33554432,567.11,,
0,bench/30gib-9.bin,205,33554432,393.36,,
0,bench/30gib-9.bin,206,33554432,482.60,,
0,bench/30gib-9.bin,207,33554432,448.00,,
0,bench/30gib-9.bin,208,33554432,341.84,,
0,bench/30gib-9.bin,209,33554432,450.87,,
0,bench/30gib-9.bin,210,33554432,448.54,,
0,bench/30gib-9.bin,211,33554432,364.15,,
0,bench/30gib-9.bin,212,33554432,474.90,,
0,bench/30gib-9.bin,213,33554432,341.64,,
0,bench/30gib-9.bin,214,33554432,423.76,,
0,bench/30gib-9.bin,215,33554432,341.91,,
0,bench/30gib-9.bin,216,33554432,598.87,,
0,bench/30gib-9.bin,217,33554432,374.17,,
0,bench/30gib-9.bin,218,33554432,665.33,,
0,bench/30gib-9.bin,219,33554432,543.14,,
0,bench/30gib-9.bin,220,33554432,344.11,,
0,bench/30gib-9.bin,221,33554432,463.20,,
0,bench/30gib-9.bin,222,33554432,359.04,,
0,bench/30gib-9.bin,223,33554432,621.98,,
0,bench/30gib-9.bin,224,33554432,352.73,,
0,bench/30gib-9.bin,225,33554432,376.93,,
0,bench/30gib-9.bin,226,33554432,348.82,,
0,bench/30gib-9.bin,227,33554432,473.97,,
0,bench/30gib-9.bin,228,33554432,413.02,,
0,bench/30gib-9.bin,229,33554432,418.25,,
0,bench/30gib-9.bin,230,33554432,659.34,,
0,bench/30gib-9.bin,231,33554432,422.04,,
0,bench/30gib-9.bin,232,33554432,429.64,,
0,bench/30gib-9.bin,233,33554432,441.86,,
0,bench/30gib-9.bin,234,33554432,358.63,,
0,bench/30gib-9.bin,235,33554432,432.38,,
0,bench/30gib-9.bin,236,33554432,346.15,,
0,bench/30gib-9.bin,237,33554432,422.27,,
0,bench/30gib-9.bin,238,33554432,524.59,,
0,bench/30gib-9.bin,239,33554432,379.24,,
0,bench/30gib-9.bin,240,33554432,669.72,,
0,bench/30gib-9.bin,241,33554432,613.07,,
0,bench/30gib-9.bin,242,33554432,341.16,,
0,bench/30gib-9.bin,243,33554432,347.59,,
0,bench/30gib-9.bin,244,33554432,353.49,,
0,bench/30gib-9.bin,245,33554432,455.80,,
0,bench/30gib-9.bin,246,33554432,468.99,,
0,bench/30gib-9.bin,247,33554432,376.89,,
0,bench/30gib-9.bin,248,33554432,369.20,,
0,bench/30gib-9.bin,249,33554432,340.17,,
0,bench/30gib-9.bin,250,33554432,468.51,,
0,bench/30gib-9.bin,251,33554432,890.53,,
0,bench/30gib-9.bin,252,33554432,352.33,,
0,bench/30gib-9.bin,253,33554432,544.15,,
0,bench/30gib-9.bin,254,33554432,421.03,,
0,bench/30gib-9.bin,255,33554432,451.86,,
0,bench/30gib-9.bin,256,33554432,531.64,,
0,bench/30gib-9.bin,257,33554432,398.70,,
0,bench/30gib-9.bin,258,33554432,342.63,,
0,bench/30gib-9.bin,259,33554432,404.42,,
0,bench/30gib-9.bin,260,33554432,444.88,,
0,bench/30gib-9.bin,261,33554432,346.31,,
0,bench/30gib-9.bin,262,33554432,339.95,,
0,bench/30gib-9.bin,263,33554432,482.88,,
0,bench/30gib-9.bin,264,33554432,373.73,,
0,bench/30gib-9.bin,265,33554432,1057.81,,
0,bench/30gib-9.bin,266,33554432,437.21,,
0,bench/30gib-9.bin,267,33554432,372.62,,
0,bench/30gib-9.bin,268,33554432,348.77,,
0,bench/30gib-9.bin,269,33554432,370.24,,
0,bench/30gib-9.bin,270,33554432,346.20,,
0,bench/30gib-9.bin,271,33554432,385.94,,
0,bench/30gib-9.bin,272,33554432,342.53,,
0,bench/30gib-9.bin,273,33554432,384.67,,
0,bench/30gib-9.bin,274,33554432,372.61,,
0,bench/30gib-9.bin,275,33554432,468.14,,
0,bench/30gib-9.bin,276,33554432,395.78,,
0,bench/30gib-9.bin,277,33554432,492.02,,
0,bench/30gib-9.bin,278,33554432,340.64,,
0,bench/30gib-9.bin,279,33554432,432.36,,
0,bench/30gib-9.bin,280,33554432,342.23,,
0,bench/30gib-9.bin,281,33554432,343.83,,
0,bench/30gib-9.bin,282,33554432,342.68,,
0,bench/30gib-9.bin,283,33554432,395.02,,
0,bench/30gib-9.bin,284,33554432,417.68,,
0,bench/30gib-9.bin,285,33554432,383.59,,
0,bench/30gib-9.bin,286,33554432,2365.33,,
0,bench/30gib-9.bin,287,33554432,429.27,,
0,bench/30gib-9.bin,288,33554432,433.50,,
0,bench/30gib-9.bin,289,33554432,642.16,,
0,bench/30gib-9.bin,290,33554432,405.38,,
0,bench/30gib-9.bin,291,33554432,443.24,,
0,bench/30gib-9.bin,292,33554432,343.20,,
0,bench/30gib-9.bin,293,33554432,352.31,,
0,bench/30gib-9.bin,294,33554432,379.57,,
0,bench/30gib-9.bin,295,33554432,514.24,,
0,bench/30gib-9.bin,296,33554432,413.34,,
0,bench/30gib-9.bin,297,33554432,960.20,,
0,bench/30gib-9.bin,298,33554432,524.25,,
0,bench/30gib-9.bin,299,33554432,1967.01,,
0,bench/30gib-9.bin,300,33554432,347.94,,
0,bench/30gib-9.bin,301,33554432,519.39,,
0,bench/30gib-9.bin,302,33554432,373.93,,
0,bench/30gib-9.bin,303,33554432,686.04,,
0,bench/30gib-9.bin,304,33554432,342.12,,
0,bench/30gib-9.bin,305,33554432,481.02,,
0,bench/30gib-9.bin,306,33554432,445.98,,
0,bench/30gib-9.bin,307,33554432,342.12,,
0,bench/30gib-9.bin,308,33554432,344.45,,
0,bench/30gib-9.bin,309,33554432,390.46,,
0,bench/30gib-9.bin,310,33554432,340.44,,
0,bench/30gib-9.bin,311,33554432,345.95,,
0,bench/30gib-9.bin,312,33554432,404.94,,
0,bench/30gib-9.bin,313,33554432,391.50,,
0,bench/30gib-9.bin,314,33554432,391.49,,
0,bench/30gib-9.bin,315,33554432,409.69,,
0,bench/30gib-9.bin,316,33554432,344.51,,
0,bench/30gib-9.bin,317,33554432,416.93,,
0,bench/30gib-9.bin,318,33554432,483.28,,
0,bench/30gib-9.bin,319,33554432,353.86,,
0,bench/30gib-9.bin,320,33554432,407.72,,
0,bench/30gib-9.bin,321,33554432,507.85,,
0,bench/30gib-9.bin,322,33554432,349.02,,
0,bench/30gib-9.bin,323,33554432,375.37,,
0,bench/30gib-9.bin,324,33554432,508.24,,
0,bench/30gib-9.bin,325,33554432,413.10,,
0,bench/30gib-9.bin,326,33554432,402.58,,
0,bench/30gib-9.bin,327,33554432,360.84,,
0,bench/30gib-9.bin,328,33554432,363.90,,
0,bench/30gib-9.bin,329,33554432,420.79,,
0,bench/30gib-9.bin,330,33554432,359.92,,
0,bench/30gib-9.bin,331,33554432,376.31,,
0,bench/30gib-9.bin,332,33554432,392.87,,
0,bench/30gib-9.bin,333,33554432,388.80,,
0,bench/30gib-9.bin,334,33554432,474.13,,
0,bench/30gib-9.bin,335,33554432,361.16,,
0,bench/30gib-9.bin,336,33554432,403.61,,
0,bench/30gib-9.bin,337,33554432,531.01,,
0,bench/30gib-9.bin,338,33554432,416.14,,
0,bench/30gib-9.bin,339,33554432,551.12,,
0,bench/30gib-9.bin,340,33554432,367.56,,
0,bench/30gib-9.bin,341,33554432,366.16,,
0,bench/30gib-9.bin,342,33554432,351.31,,
0,bench/30gib-9.bin,343,33554432,384.04,,
0,bench/30gib-9.bin,344,33554432,347.02,,
0,bench/30gib-9.bin,345,33554432,375.24,,
0,bench/30gib-9.bin,346,33554432,449.38,,
0,bench/30gib-9.bin,347,33554432,539.34,,
0,bench/30gib-9.bin,348,33554432,419.62,,
0,bench/30gib-9.bin,349,33554432,341.67,,
0,bench/30gib-9.bin,350,33554432,580.90,,
0,bench/30gib-9.bin,351,33554432,562.70,,
0,bench/30gib-9.bin,352,33554432,530.79,,
0,bench/30gib-9.bin,353,33554432,521.79,,
0,bench/30gib-9.bin,354,33554432,372.64,,
0,bench/30gib-9.bin,355,33554432,549.00,,
0,bench/30gib-9.bin,356,33554432,475.21,,
0,bench/30gib-9.bin,357,33554432,348.03,,
0,bench/30gib-9.bin,358,33554432,350.67,,
0,bench/30gib-9.bin,359,33554432,348.10,,
0,bench/30gib-9.bin,360,33554432,471.29,,
0,bench/30gib-9.bin,361,33554432,371.64,,
0,bench/30gib-9.bin,362,33554432,446.92,,
0,bench/30gib-9.bin,363,33554432,462.87,,
0,bench/30gib-9.bin,364,33554432,342.87,,
0,bench/30gib-9.bin,365,33554432,526.10,,
0,bench/30gib-9.bin,366,33554432,378.51,,
0,bench/30gib-9.bin,367,33554432,496.60,,
0,bench/30gib-9.bin,368,33554432,502.43,,
0,bench/30gib-9.bin,369,33554432,416.71,,
0,bench/30gib-9.bin,370,33554432,443.37,,
0,bench/30gib-9.bin,371,33554432,349.88,,
0,bench/30gib-9.bin,372,33554432,597.96,,
0,bench/30gib-9.bin,373,33554432,1010.60,,
0,bench/30gib-9.bin,374,33554432,560.67,,
0,bench/30gib-9.bin,375,33554432,524.76,,
0,bench/30gib-9.bin,376,33554432,347.04,,
0,bench/30gib-9.bin,377,33554432,442.16,,
0,bench/30gib-9.bin,378,33554432,404.59,,
0,bench/30gib-9.bin,379,33554432,480.29,,
0,bench/30gib-9.bin,380,33554432,460.60,,
0,bench/30gib-9.bin,381,33554432,413.09,,
0,bench/30gib-9.bin,382,33554432,545.32,,
0,bench/30gib-9.bin,383,33554432,386.36,,
0,bench/30gib-9.bin,384,33554432,554.88,,
0,bench/30gib-9.bin,385,33554432,517.41,,
0,bench/30gib-9.bin,386,33554432,341.10,,
0,bench/30gib-9.bin,387,33554432,377.74,,
0,bench/30gib-9.bin,388,33554432,1615.41,,
0,bench/30gib-9.bin,389,33554432,440.02,,
0,bench/30gib-9.bin,390,33554432,383.11,,
0,bench/30gib-9.bin,391,33554432,356.08,,
0,bench/30gib-9.bin,392,33554432,444.97,,
0,bench/30gib-9.bin,393,33554432,373.47,,
0,bench/30gib-9.bin,394,33554432,401.51,,
0,bench/30gib-9.bin,395,33554432,431.06,,
0,bench/30gib-9.bin,396,33554432,433.31,,
0,bench/30gib-9.bin,397,33554432,1279.58,,
0,bench/30gib-9.bin,398,33554432,349.19,,
0,bench/30gib-9.bin,399,33554432,373.17,,
0,bench/30gib-9.bin,400,33554432,450.18,,
0,bench/30gib-9.bin,401,33554432,341.62,,
0,bench/30gib-9.bin,402,33554432,537.13,,
0,bench/30gib-9.bin,403,33554432,506.96,,
0,bench/30gib-9.bin,404,33554432,360.53,,
0,bench/30gib-9.bin,405,33554432,404.56,,
0,bench/30gib-9.bin,406,33554432,399.16,,
0,bench/30gib-9.bin,407,33554432,518.76,,
0,bench/30gib-9.bin,408,33554432,380.11,,
0,bench/30gib-9.bin,409,33554432,712.79,,
0,bench/30gib-9.bin,410,33554432,402.36,,
0,bench/30gib-9.bin,411,33554432,494.76,,
0,bench/30gib-9.bin,412,33554432,353.49,,
0,bench/30gib-9.bin,413,33554432,410.12,,
0,bench/30gib-9.bin,414,33554432,489.43,,
0,bench/30gib-9.bin,415,33554432,425.07,,
0,bench/30gib-9.bin,416,33554432,356.80,,
0,bench/30gib-9.bin,417,33554432,385.59,,
0,bench/30gib-9.bin,418,33554432,482.25,,
0,bench/30gib-9.bin,419,33554432,494.28,,
0,bench/30gib-9.bin,420,33554432,584.25,,
0,bench/30gib-9.bin,421,33554432,442.84,,
0,bench/30gib-9.bin,422,33554432,395.34,,
0,bench/30gib-9.bin,423,33554432,762.81,,
0,bench/30gib-9.bin,424,33554432,344.17,,
0,bench/30gib-9.bin,425,33554432,365.50,,
0,bench/30gib-9.bin,426,33554432,385.85,,
0,bench/30gib-9.bin,427,33554432,378.25,,
0,bench/30gib-9.bin,428,33554432,344.89,,
0,bench/30gib-9.bin,429,33554432,406.87,,
0,bench/30gib-9.bin,430,33554432,432.41,,
0,bench/30gib-9.bin,431,33554432,395.02,,
0,bench/30gib-9.bin,432,33554432,483.11,,
0,bench/30gib-9.bin,433,33554432,450.03,,
0,bench/30gib-9.bin,434,33554432,364.67,,
0,bench/30gib-9.bin,435,33554432,476.18,,
0,bench/30gib-9.bin,436,33554432,633.99,,
0,bench/30gib-9.bin,437,33554432,353.04,,
0,bench/30gib-9.bin,438,33554432,517.94,,
0,bench/30gib-9.bin,439,33554432,414.61,,
0,bench/30gib-9.bin,440,33554432,405.47,,
0,bench/30gib-9.bin,441,33554432,440.68,,
0,bench/30gib-9.bin,442,33554432,384.51,,
0,bench/30gib-9.bin,443,33554432,411.67,,
0,bench/30gib-9.bin,444,33554432,535.34,,
0,bench/30gib-9.bin,445,33554432,378.64,,
0,bench/30gib-9.bin,446,33554432,349.58,,
0,bench/30gib-9.bin,447,33554432,407.52,,
0,bench/30gib-9.bin,448,33554432,474.73,,
0,bench/30gib-9.bin,449,33554432,349.75,,
0,bench/30gib-9.bin,450,33554432,456.15,,
0,bench/30gib-9.bin,451,33554432,544.68,,
0,bench/30gib-9.bin,452,33554432,628.17,,
0,bench/30gib-9.bin,453,33554432,344.99,,
0,bench/30gib-9.bin,454,33554432,342.60,,
0,bench/30gib-9.bin,455,33554432,473.99,,
0,bench/30gib-9.bin,456,33554432,354.40,,
0,bench/30gib-9.bin,457,33554432,389.44,,
0,bench/30gib-9.bin,458,33554432,473.15,,
0,bench/30gib-9.bin,459,33554432,351.62,,
0,bench/30gib-9.bin,460,33554432,434.52,,
0,bench/30gib-9.bin,461,33554432,446.99,,
0,bench/30gib-9.bin,462,33554432,389.14,,
0,bench/30gib-9.bin,463,33554432,517.35,,
0,bench/30gib-9.bin,464,33554432,351.32,,
0,bench/30gib-9.bin,465,33554432,432.43,,
0,bench/30gib-9.bin,466,33554432,396.72,,
0,bench/30gib-9.bin,467,33554432,529.55,,
0,bench/30gib-9.bin,468,33554432,390.05,,
0,bench/30gib-9.bin,469,33554432,360.66,,
0,bench/30gib-9.bin,470,33554432,341.60,,
0,bench/30gib-9.bin,471,33554432,376.24,,
0,bench/30gib-9.bin,472,33554432,724.55,,
0,bench/30gib-9.bin,473,33554432,419.06,,
0,bench/30gib-9.bin,474,33554432,507.20,,
0,bench/30gib-9.bin,475,33554432,377.25,,
0,bench/30gib-9.bin,476,33554432,342.17,,
0,bench/30gib-9.bin,477,33554432,508.06,,
0,bench/30gib-9.bin,478,33554432,671.05,,
0,bench/30gib-9.bin,479,33554432,465.03,,
0,bench/30gib-9.bin,480,33554432,659.73,,
0,bench/30gib-9.bin,481,33554432,523.42,,
0,bench/30gib-9.bin,482,33554432,531.89,,
0,bench/30gib-9.bin,483,33554432,342.98,,
0,bench/30gib-9.bin,484,33554432,360.17,,
0,bench/30gib-9.bin,485,33554432,458.66,,
0,bench/30gib-9.bin,486,33554432,496.97,,
0,bench/30gib-9.bin,487,33554432,351.68,,
0,bench/30gib-9.bin,488,33554432,465.23,,
0,bench/30gib-9.bin,489,33554432,342.74,,
0,bench/30gib-9.bin,490,33554432,479.26,,
0,bench/30gib-9.bin,491,33554432,1209.39,,
0,bench/30gib-9.bin,492,33554432,370.83,,
0,bench/30gib-9.bin,493,33554432,342.00,,
0,bench/30gib-9.bin,494,33554432,342.08,,
0,bench/30gib-9.bin,495,33554432,348.51,,
0,bench/30gib-9.bin,496,33554432,395.41,,
0,bench/30gib-9.bin,497,33554432,447.16,,
0,bench/30gib-9.bin,498,33554432,418.10,,
0,bench/30gib-9.bin,499,33554432,1955.08,,
0,bench/30gib-9.bin,500,33554432,356.26,,
0,bench/30gib-9.bin,501,33554432,360.74,,
0,bench/30gib-9.bin,502,33554432,427.63,,
0,bench/30gib-9.bin,503,33554432,343.12,,
0,bench/30gib-9.bin,504,33554432,549.32,,
0,bench/30gib-9.bin,505,33554432,341.79,,
0,bench/30gib-9.bin,506,33554432,416.02,,
0,bench/30gib-9.bin,507,33554432,342.83,,
0,bench/30gib-9.bin,508,33554432,394.29,,
0,bench/30gib-9.bin,509,33554432,344.23,,
0,bench/30gib-9.bin,510,33554432,343.93,,
0,bench/30gib-9.bin,511,33554432,405.63,,
0,bench/30gib-9.bin,512,33554432,429.65,,
0,bench/30gib-9.bin,513,33554432,365.17,,
0,bench/30gib-9.bin,514,33554432,608.23,,
0,bench/30gib-9.bin,515,33554432,527.59,,
0,bench/30gib-9.bin,516,33554432,392.89,,
0,bench/30gib-9.bin,517,33554432,344.07,,
0,bench/30gib-9.bin,518,33554432,345.90,,
0,bench/30gib-9.bin,519,33554432,408.12,,
0,bench/30gib-9.bin,520,33554432,417.17,,
0,bench/30gib-9.bin,521,33554432,342.65,,
0,bench/30gib-9.bin,522,33554432,395.63,,
0,bench/30gib-9.bin,523,33554432,345.36,,
0,bench/30gib-9.bin,524,33554432,461.80,,
0,bench/30gib-9.bin,525,33554432,410.13,,
0,bench/30gib-9.bin,526,33554432,467.53,,
0,bench/30gib-9.bin,527,33554432,419.44,,
0,bench/30gib-9.bin,528,33554432,452.76,,
0,bench/30gib-9.bin,529,33554432,430.46,,
0,bench/30gib-9.bin,530,33554432,364.31,,
0,bench/30gib-9.bin,531,33554432,388.77,,
0,bench/30gib-9.bin,532,33554432,431.40,,
0,bench/30gib-9.bin,533,33554432,368.15,,
0,bench/30gib-9.bin,534,33554432,393.67,,
0,bench/30gib-9.bin,535,33554432,534.50,,
0,bench/30gib-9.bin,536,33554432,454.27,,
0,bench/30gib-9.bin,537,33554432,411.07,,
0,bench/30gib-9.bin,538,33554432,606.29,,
0,bench/30gib-9.bin,539,33554432,351.33,,
0,bench/30gib-9.bin,540,33554432,450.39,,
0,bench/30gib-9.bin,541,33554432,400.49,,
0,bench/30gib-9.bin,542,33554432,480.87,,
0,bench/30gib-9.bin,543,33554432,464.34,,
0,bench/30gib-9.bin,544,33554432,343.55,,
0,bench/30gib-9.bin,545,33554432,495.01,,
0,bench/30gib-9.bin,546,33554432,342.86,,
0,bench/30gib-9.bin,547,33554432,563.85,,
0,bench/30gib-9.bin,548,33554432,345.87,,
0,bench/30gib-9.bin,549,33554432,489.70,,
0,bench/30gib-9.bin,550,33554432,405.19,,
0,bench/30gib-9.bin,551,33554432,397.92,,
0,bench/30gib-9.bin,552,33554432,373.82,,
0,bench/30gib-9.bin,553,33554432,342.12,,
0,bench/30gib-9.bin,554,33554432,380.46,,
0,bench/30gib-9.bin,555,33554432,344.24,,
0,bench/30gib-9.bin,556,33554432,352.31,,
0,bench/30gib-9.bin,557,33554432,576.31,,
0,bench/30gib-9.bin,558,33554432,467.51,,
0,bench/30gib-9.bin,559,33554432,342.70,,
0,bench/30gib-9.bin,560,33554432,529.93,,
0,bench/30gib-9.bin,561,33554432,549.48,,
0,bench/30gib-9.bin,562,33554432,356.04,,
0,bench/30gib-9.bin,563,33554432,481.95,,
0,bench/30gib-9.bin,564,33554432,498.82,,
0,bench/30gib-9.bin,565,33554432,436.70,,
0,bench/30gib-9.bin,566,33554432,351.71,,
0,bench/30gib-9.bin,567,33554432,408.65,,
0,bench/30gib-9.bin,568,33554432,394.36,,
0,bench/30gib-9.bin,569,33554432,471.02,,
0,bench/30gib-9.bin,570,33554432,342.41,,
0,bench/30gib-9.bin,571,33554432,577.13,,
0,bench/30gib-9.bin,572,33554432,431.11,,
0,bench/30gib-9.bin,573,33554432,348.21,,
0,bench/30gib-9.bin,574,33554432,356.28,,
0,bench/30gib-9.bin,575,33554432,354.74,,
0,bench/30gib-9.bin,576,33554432,474.27,,
0,bench/30gib-9.bin,577,33554432,546.26,,
0,bench/30gib-9.bin,578,33554432,1079.61,,
0,bench/30gib-9.bin,579,33554432,375.37,,
0,bench/30gib-9.bin,580,33554432,386.21,,
0,bench/30gib-9.bin,581,33554432,345.07,,
0,bench/30gib-9.bin,582,33554432,339.81,,
0,bench/30gib-9.bin,583,33554432,371.52,,
0,bench/30gib-9.bin,584,33554432,414.06,,
0,bench/30gib-9.bin,585,33554432,342.94,,
0,bench/30gib-9.bin,586,33554432,486.67,,
0,bench/30gib-9.bin,587,33554432,464.47,,
0,bench/30gib-9.bin,588,33554432,453.94,,
0,bench/30gib-9.bin,589,33554432,340.73,,
0,bench/30gib-9.bin,590,33554432,358.78,,
0,bench/30gib-9.bin,591,33554432,350.25,,
0,bench/30gib-9.bin,592,33554432,395.84,,
0,bench/30gib-9.bin,593,33554432,358.35,,
0,bench/30gib-9.bin,594,33554432,514.36,,
0,bench/30gib-9.bin,595,33554432,340.35,,
0,bench/30gib-9.bin,596,33554432,408.58,,
0,bench/30gib-9.bin,597,33554432,429.18,,
0,bench/30gib-9.bin,598,33554432,385.34,,
0,bench/30gib-9.bin,599,33554432,551.38,,
0,bench/30gib-9.bin,600,33554432,404.64,,
0,bench/30gib-9.bin,601,33554432,413.05,,
0,bench/30gib-9.bin,602,33554432,407.00,,
0,bench/30gib-9.bin,603,33554432,425.41,,
0,bench/30gib-9.bin,604,33554432,375.94,,
0,bench/30gib-9.bin,605,33554432,443.55,,
0,bench/30gib-9.bin,606,33554432,974.90,,
0,bench/30gib-9.bin,607,33554432,341.94,,
0,bench/30gib-9.bin,608,33554432,396.01,,
0,bench/30gib-9.bin,609,33554432,362.27,,
0,bench/30gib-9.bin,610,33554432,423.12,,
0,bench/30gib-9.bin,611,33554432,364.20,,
0,bench/30gib-9.bin,612,33554432,395.29,,
0,bench/30gib-9.bin,613,33554432,581.31,,
0,bench/30gib-9.bin,614,33554432,354.32,,
0,bench/30gib-9.bin,615,33554432,409.99,,
0,bench/30gib-9.bin,616,33554432,398.19,,
0,bench/30gib-9.bin,617,33554432,345.50,,
0,bench/30gib-9.bin,618,33554432,453.19,,
0,bench/30gib-9.bin,619,33554432,346.28,,
0,bench/30gib-9.bin,620,33554432,340.95,,
0,bench/30gib-9.bin,621,33554432,551.37,,
0,bench/30gib-9.bin,622,33554432,615.85,,
0,bench/30gib-9.bin,623,33554432,341.61,,
0,bench/30gib-9.bin,624,33554432,434.82,,
0,bench/30gib-9.bin,625,33554432,348.94,,
0,bench/30gib-9.bin,626,33554432,536.81,,
0,bench/30gib-9.bin,627,33554432,356.49,,
0,bench/30gib-9.bin,628,33554432,369.82,,
0,bench/30gib-9.bin,629,33554432,342.60,,
0,bench/30gib-9.bin,630,33554432,343.65,,
0,bench/30gib-9.bin,631,33554432,617.24,,
0,bench/30gib-9.bin,632,33554432,423.56,,
0,bench/30gib-9.bin,633,33554432,351.60,,
0,bench/30gib-9.bin,634,33554432,455.04,,
0,bench/30gib-9.bin,635,33554432,340.91,,
0,bench/30gib-9.bin,636,33554432,430.81,,
0,bench/30gib-9.bin,637,33554432,342.20,,
0,bench/30gib-9.bin,638,33554432,343.27,,
0,bench/30gib-9.bin,639,33554432,430.91,,
0,bench/30gib-9.bin,640,33554432,342.11,,
0,bench/30gib-9.bin,641,33554432,356.14,,
0,bench/30gib-9.bin,642,33554432,465.45,,
0,bench/30gib-9.bin,643,33554432,463.33,,
0,bench/30gib-9.bin,644,33554432,345.86,,
0,bench/30gib-9.bin,645,33554432,355.89,,
0,bench/30gib-9.bin,646,33554432,343.64,,
0,bench/30gib-9.bin,647,33554432,909.70,,
0,bench/30gib-9.bin,648,33554432,580.70,,
0,bench/30gib-9.bin,649,33554432,347.08,,
0,bench/30gib-9.bin,650,33554432,1257.46,,
0,bench/30gib-9.bin,651,33554432,399.24,,
0,bench/30gib-9.bin,652,33554432,345.59,,
0,bench/30gib-9.bin,653,33554432,343.38,,
0,bench/30gib-9.bin,654,33554432,1312.07,,
0,bench/30gib-9.bin,655,33554432,364.61,,
0,bench/30gib-9.bin,656,33554432,483.02,,
0,bench/30gib-9.bin,657,33554432,365.00,,
0,bench/30gib-9.bin,658,33554432,404.29,,
0,bench/30gib-9.bin,659,33554432,548.82,,
0,bench/30gib-9.bin,660,33554432,356.66,,
0,bench/30gib-9.bin,661,33554432,344.25,,
0,bench/30gib-9.bin,662,33554432,375.98,,
0,bench/30gib-9.bin,663,33554432,477.11,,
0,bench/30gib-9.bin,664,33554432,531.53,,
0,bench/30gib-9.bin,665,33554432,502.44,,
0,bench/30gib-9.bin,666,33554432,381.99,,
0,bench/30gib-9.bin,667,33554432,341.69,,
0,bench/30gib-9.bin,668,33554432,343.58,,
0,bench/30gib-9.bin,669,33554432,349.87,,
0,bench/30gib-9.bin,670,33554432,344.89,,
0,bench/30gib-9.bin,671,33554432,469.13,,
0,bench/30gib-9.bin,672,33554432,346.75,,
0,bench/30gib-9.bin,673,33554432,549.21,,
0,bench/30gib-9.bin,674,33554432,370.87,,
0,bench/30gib-9.bin,675,33554432,376.69,,
0,bench/30gib-9.bin,676,33554432,552.37,,
0,bench/30gib-9.bin,677,33554432,373.10,,
0,bench/30gib-9.bin,678,33554432,352.26,,
0,bench/30gib-9.bin,679,33554432,489.79,,
0,bench/30gib-9.bin,680,33554432,357.23,,
0,bench/30gib-9.bin,681,33554432,357.68,,
0,bench/30gib-9.bin,682,33554432,617.48,,
0,bench/30gib-9.bin,683,33554432,426.55,,
0,bench/30gib-9.bin,684,33554432,343.81,,
0,bench/30gib-9.bin,685,33554432,436.94,,
0,bench/30gib-9.bin,686,33554432,402.67,,
0,bench/30gib-9.bin,687,33554432,345.66,,
0,bench/30gib-9.bin,688,33554432,2119.58,,
0,bench/30gib-9.bin,689,33554432,387.09,,
0,bench/30gib-9.bin,690,33554432,347.36,,
0,bench/30gib-9.bin,691,33554432,540.94,,
0,bench/30gib-9.bin,692,33554432,353.88,,
0,bench/30gib-9.bin,693,33554432,379.80,,
0,bench/30gib-9.bin,694,33554432,378.18,,
0,bench/30gib-9.bin,695,33554432,433.28,,
0,bench/30gib-9.bin,696,33554432,441.26,,
0,bench/30gib-9.bin,697,33554432,350.49,,
0,bench/30gib-9.bin,698,33554432,350.05,,
0,bench/30gib-9.bin,699,33554432,344.98,,
0,bench/30gib-9.bin,700,33554432,989.79,,
0,bench/30gib-9.bin,701,33554432,481.67,,
0,bench/30gib-9.bin,702,33554432,461.56,,
0,bench/30gib-9.bin,703,33554432,366.05,,
0,bench/30gib-9.bin,704,33554432,344.86,,
0,bench/30gib-9.bin,705,33554432,450.51,,
0,bench/30gib-9.bin,706,33554432,436.09,,
0,bench/30gib-9.bin,707,33554432,510.15,,
0,bench/30gib-9.bin,708,33554432,343.51,,
0,bench/30gib-9.bin,709,33554432,381.57,,
0,bench/30gib-9.bin,710,33554432,560.87,,
0,bench/30gib-9.bin,711,33554432,518.59,,
0,bench/30gib-9.bin,712,33554432,356.30,,
0,bench/30gib-9.bin,713,33554432,370.38,,
0,bench/30gib-9.bin,714,33554432,378.89,,
0,bench/30gib-9.bin,715,33554432,397.49,,
0,bench/30gib-9.bin,716,33554432,461.28,,
0,bench/30gib-9.bin,717,33554432,363.42,,
0,bench/30gib-9.bin,718,33554432,419.19,,
0,bench/30gib-9.bin,719,33554432,409.90,,
0,bench/30gib-9.bin,720,33554432,375.13,,
0,bench/30gib-9.bin,721,33554432,347.16,,
0,bench/30gib-9.bin,722,33554432,457.36,,
0,bench/30gib-9.bin,723,33554432,366.92,,
0,bench/30gib-9.bin,724,33554432,404.40,,
0,bench/30gib-9.bin,725,33554432,342.54,,
0,bench/30gib-9.bin,726,33554432,534.81,,
0,bench/30gib-9.bin,727,33554432,484.99,,
0,bench/30gib-9.bin,728,33554432,463.09,,
0,bench/30gib-9.bin,729,33554432,377.74,,
0,bench/30gib-9.bin,730,33554432,405.87,,
0,bench/30gib-9.bin,731,33554432,438.31,,
0,bench/30gib-9.bin,732,33554432,360.03,,
0,bench/30gib-9.bin,733,33554432,394.28,,
0,bench/30gib-9.bin,734,33554432,458.56,,
0,bench/30gib-9.bin,735,33554432,930.40,,
0,bench/30gib-9.bin,736,33554432,397.02,,
0,bench/30gib-9.bin,737,33554432,493.23,,
0,bench/30gib-9.bin,738,33554432,416.02,,
0,bench/30gib-9.bin,739,33554432,432.01,,
0,bench/30gib-9.bin,740,33554432,352.76,,
0,bench/30gib-9.bin,741,33554432,342.44,,
0,bench/30gib-9.bin,742,33554432,372.37,,
0,bench/30gib-9.bin,743,33554432,359.67,,
0,bench/30gib-9.bin,744,33554432,359.30,,
0,bench/30gib-9.bin,745,33554432,483.26,,
0,bench/30gib-9.bin,746,33554432,369.43,,
0,bench/30gib-9.bin,747,33554432,515.03,,
0,bench/30gib-9.bin,748,33554432,477.53,,
0,bench/30gib-9.bin,749,33554432,505.89,,
0,bench/30gib-9.bin,750,33554432,353.16,,
0,bench/30gib-9.bin,751,33554432,348.66,,
0,bench/30gib-9.bin,752,33554432,401.23,,
0,bench/30gib-9.bin,753,33554432,348.63,,
0,bench/30gib-9.bin,754,33554432,480.74,,
0,bench/30gib-9.bin,755,33554432,411.60,,
0,bench/30gib-9.bin,756,33554432,352.56,,
0,bench/30gib-9.bin,757,33554432,373.29,,
0,bench/30gib-9.bin,758,33554432,354.79,,
0,bench/30gib-9.bin,759,33554432,520.61,,
0,bench/30gib-9.bin,760,33554432,441.04,,
0,bench/30gib-9.bin,761,33554432,1203.35,,
0,bench/30gib-9.bin,762,33554432,388.44,,
0,bench/30gib-9.bin,763,33554432,389.65,,
0,bench/30gib-9.bin,764,33554432,343.61,,
0,bench/30gib-9.bin,765,33554432,497.16,,
0,bench/30gib-9.bin,766,33554432,474.71,,
0,bench/30gib-9.bin,767,33554432,343.66,,
0,bench/30gib-9.bin,768,33554432,518.91,,
0,bench/30gib-9.bin,769,33554432,568.26,,
0,bench/30gib-9.bin,770,33554432,503.26,,
0,bench/30gib-9.bin,771,33554432,341.05,,
0,bench/30gib-9.bin,772,33554432,554.01,,
0,bench/30gib-9.bin,773,33554432,344.47,,
0,bench/30gib-9.bin,774,33554432,416.87,,
0,bench/30gib-9.bin,775,33554432,347.54,,
0,bench/30gib-9.bin,776,33554432,460.56,,
0,bench/30gib-9.bin,777,33554432,559.87,,
0,bench/30gib-9.bin,778,33554432,707.59,,
0,bench/30gib-9.bin,779,33554432,496.77,,
0,bench/30gib-9.bin,780,33554432,343.69,,
0,bench/30gib-9.bin,781,33554432,366.53,,
0,bench/30gib-9.bin,782,33554432,403.87,,
0,bench/30gib-9.bin,783,33554432,353.89,,
0,bench/30gib-9.bin,784,33554432,390.77,,
0,bench/30gib-9.bin,785,33554432,340.10,,
0,bench/30gib-9.bin,786,33554432,345.55,,
0,bench/30gib-9.bin,787,33554432,449.09,,
0,bench/30gib-9.bin,788,33554432,1353.56,,
0,bench/30gib-9.bin,789,33554432,345.57,,
0,bench/30gib-9.bin,790,33554432,642.64,,
0,bench/30gib-9.bin,791,33554432,354.76,,
0,bench/30gib-9.bin,792,33554432,431.18,,
0,bench/30gib-9.bin,793,33554432,437.45,,
0,bench/30gib-9.bin,794,33554432,794.14,,
0,bench/30gib-9.bin,795,33554432,340.97,,
0,bench/30gib-9.bin,796,33554432,397.92,,
0,bench/30gib-9.bin,797,33554432,441.31,,
0,bench/30gib-9.bin,798,33554432,359.49,,
0,bench/30gib-9.bin,799,33554432,450.57,,
0,bench/30gib-9.bin,800,33554432,431.37,,
0,bench/30gib-9.bin,801,33554432,345.65,,
0,bench/30gib-9.bin,802,33554432,406.35,,
0,bench/30gib-9.bin,803,33554432,341.67,,
0,bench/30gib-9.bin,804,33554432,340.89,,
0,bench/30gib-9.bin,805,33554432,346.91,,
0,bench/30gib-9.bin,806,33554432,493.52,,
0,bench/30gib-9.bin,807,33554432,801.84,,
0,bench/30gib-9.bin,808,33554432,349.71,,
0,bench/30gib-9.bin,809,33554432,350.88,,
0,bench/30gib-9.bin,810,33554432,341.67,,
0,bench/30gib-9.bin,811,33554432,342.40,,
0,bench/30gib-9.bin,812,33554432,343.02,,
0,bench/30gib-9.bin,813,33554432,384.30,,
0,bench/30gib-9.bin,814,33554432,491.42,,
0,bench/30gib-9.bin,815,33554432,341.69,,
0,bench/30gib-9.bin,816,33554432,350.06,,
0,bench/30gib-9.bin,817,33554432,435.50,,
0,bench/30gib-9.bin,818,33554432,340.57,,
0,bench/30gib-9.bin,819,33554432,561.28,,
0,bench/30gib-9.bin,820,33554432,430.38,,
0,bench/30gib-9.bin,821,33554432,362.79,,
0,bench/30gib-9.bin,822,33554432,451.53,,
0,bench/30gib-9.bin,823,33554432,378.54,,
0,bench/30gib-9.bin,824,33554432,841.14,,
0,bench/30gib-9.bin,825,33554432,800.30,,
0,bench/30gib-9.bin,826,33554432,429.39,,
0,bench/30gib-9.bin,827,33554432,408.13,,
0,bench/30gib-9.bin,828,33554432,380.20,,
0,bench/30gib-9.bin,829,33554432,648.29,,
0,bench/30gib-9.bin,830,33554432,380.48,,
0,bench/30gib-9.bin,831,33554432,347.83,,
0,bench/30gib-9.bin,832,33554432,393.18,,
0,bench/30gib-9.bin,833,33554432,568.19,,
0,bench/30gib-9.bin,834,33554432,423.54,,
0,bench/30gib-9.bin,835,33554432,417.45,,
0,bench/30gib-9.bin,836,33554432,451.47,,
0,bench/30gib-9.bin,837,33554432,533.07,,
0,bench/30gib-9.bin,838,33554432,352.74,,
0,bench/30gib-9.bin,839,33554432,488.52,,
0,bench/30gib-9.bin,840,33554432,374.89,,
0,bench/30gib-9.bin,841,33554432,345.14,,
0,bench/30gib-9.bin,842,33554432,486.25,,
0,bench/30gib-9.bin,843,33554432,344.03,,
0,bench/30gib-9.bin,844,33554432,551.33,,
0,bench/30gib-9.bin,845,33554432,560.92,,
0,bench/30gib-9.bin,846,33554432,491.61,,
0,bench/30gib-9.bin,847,33554432,358.95,,
0,bench/30gib-9.bin,848,33554432,413.74,,
0,bench/30gib-9.bin,849,33554432,418.69,,
0,bench/30gib-9.bin,850,33554432,430.19,,
0,bench/30gib-9.bin,851,33554432,345.85,,
0,bench/30gib-9.bin,852,33554432,344.97,,
0,bench/30gib-9.bin,853,33554432,460.08,,
0,bench/30gib-9.bin,854,33554432,374.72,,
0,bench/30gib-9.bin,855,33554432,394.47,,
0,bench/30gib-9.bin,856,33554432,344.98,,
0,bench/30gib-9.bin,857,33554432,514.27,,
0,bench/30gib-9.bin,858,33554432,402.57,,
0,bench/30gib-9.bin,859,33554432,497.41,,
0,bench/30gib-9.bin,860,33554432,354.78,,
0,bench/30gib-9.bin,861,33554432,519.04,,
0,bench/30gib-9.bin,862,33554432,384.38,,
0,bench/30gib-9.bin,863,33554432,344.31,,
0,bench/30gib-9.bin,864,33554432,524.48,,
0,bench/30gib-9.bin,865,33554432,495.95,,
0,bench/30gib-9.bin,866,33554432,427.35,,
0,bench/30gib-9.bin,867,33554432,401.30,,
0,bench/30gib-9.bin,868,33554432,342.09,,
0,bench/30gib-9.bin,869,33554432,411.76,,
0,bench/30gib-9.bin,870,33554432,341.10,,
0,bench/30gib-9.bin,871,33554432,697.25,,
0,bench/30gib-9.bin,872,33554432,631.10,,
0,bench/30gib-9.bin,873,33554432,430.75,,
0,bench/30gib-9.bin,874,33554432,392.16,,
0,bench/30gib-9.bin,875,33554432,348.09,,
0,bench/30gib-9.bin,876,33554432,427.16,,
0,bench/30gib-9.bin,877,33554432,456.91,,
0,bench/30gib-9.bin,878,33554432,513.76,,
0,bench/30gib-9.bin,879,33554432,402.50,,
0,bench/30gib-9.bin,880,33554432,615.46,,
0,bench/30gib-9.bin,881,33554432,342.86,,
0,bench/30gib-9.bin,882,33554432,501.24,,
0,bench/30gib-9.bin,883,33554432,359.03,,
0,bench/30gib-9.bin,884,33554432,423.53,,
0,bench/30gib-9.bin,885,33554432,396.15,,
0,bench/30gib-9.bin,886,33554432,580.87,,
0,bench/30gib-9.bin,887,33554432,464.38,,
0,bench/30gib-9.bin,888,33554432,379.02,,
0,bench/30gib-9.bin,889,33554432,351.39,,
0,bench/30gib-9.bin,890,33554432,342.41,,
0,bench/30gib-9.bin,891,33554432,406.71,,
0,bench/30gib-9.bin,892,33554432,446.84,,
0,bench/30gib-9.bin,893,33554432,617.58,,
0,bench/30gib-9.bin,894,33554432,532.70,,
0,bench/30gib-9.bin,895,33554432,369.38,,
0,bench/30gib-9.bin,896,33554432,344.54,,
0,bench/30gib-9.bin,897,33554432,526.67,,
0,bench/30gib-9.bin,898,33554432,340.10,,
0,bench/30gib-9.bin,899,33554432,394.82,,
0,bench/30gib-9.bin,900,33554432,482.20,,
0,bench/30gib-9.bin,901,33554432,365.15,,
0,bench/30gib-9.bin,902,33554432,652.17,,
0,bench/30gib-9.bin,903,33554432,382.14,,
0,bench/30gib-9.bin,904,33554432,352.05,,
0,bench/30gib-9.bin,905,33554432,449.29,,
0,bench/30gib-9.bin,906,33554432,439.28,,
0,bench/30gib-9.bin,907,33554432,351.27,,
0,bench/30gib-9.bin,908,33554432,403.74,,
0,bench/30gib-9.bin,909,33554432,428.28,,
0,bench/30gib-9.bin,910,33554432,353.43,,
0,bench/30gib-9.bin,911,33554432,518.21,,
0,bench/30gib-9.bin,912,33554432,346.05,,
0,bench/30gib-9.bin,913,33554432,429.21,,
0,bench/30gib-9.bin,914,33554432,353.70,,
0,bench/30gib-9.bin,915,33554432,339.86,,
0,bench/30gib-9.bin,916,33554432,397.36,,
0,bench/30gib-9.bin,917,33554432,351.63,,
0,bench/30gib-9.bin,918,33554432,401.71,,
0,bench/30gib-9.bin,919,33554432,353.51,,
0,bench/30gib-9.bin,920,33554432,1146.39,,
0,bench/30gib-9.bin,921,33554432,441.59,,
0,bench/30gib-9.bin,922,33554432,475.64,,
0,bench/30gib-9.bin,923,33554432,342.18,,
0,bench/30gib-9.bin,924,33554432,344.81,,
0,bench/30gib-9.bin,925,33554432,352.74,,
0,bench/30gib-9.bin,926,33554432,418.00,,
0,bench/30gib-9.bin,927,33554432,390.38,,
0,bench/30gib-9.bin,928,33554432,445.61,,
0,bench/30gib-9.bin,929,33554432,381.38,,
0,bench/30gib-9.bin,930,33554432,359.16,,
0,bench/30gib-9.bin,931,33554432,363.66,,
0,bench/30gib-9.bin,932,33554432,536.15,,
0,bench/30gib-9.bin,933,33554432,348.11,,
0,bench/30gib-9.bin,934,33554432,344.36,,
0,bench/30gib-9.bin,935,33554432,591.36,,
0,bench/30gib-9.bin,936,33554432,526.91,,
0,bench/30gib-9.bin,937,33554432,433.22,,
0,bench/30gib-9.bin,938,33554432,401.45,,
0,bench/30gib-9.bin,939,33554432,626.00,,
0,bench/30gib-9.bin,940,33554432,652.71,,
0,bench/30gib-9.bin,941,33554432,469.26,,
0,bench/30gib-9.bin,942,33554432,346.65,,
0,bench/30gib-9.bin,943,33554432,380.86,,
0,bench/30gib-9.bin,944,33554432,432.75,,
0,bench/30gib-9.bin,945,33554432,482.59,,
0,bench/30gib-9.bin,946,33554432,362.55,,
0,bench/30gib-9.bin,947,33554432,396.42,,
0,bench/30gib-9.bin,948,33554432,445.86,,
0,bench/30gib-9.bin,949,33554432,340.44,,
0,bench/30gib-9.bin,950,33554432,357.42,,
0,bench/30gib-9.bin,951,33554432,357.66,,
0,bench/30gib-9.bin,952,33554432,342.01,,
0,bench/30gib-9.bin,953,33554432,449.46,,
0,bench/30gib-9.bin,954,33554432,351.81,,
0,bench/30gib-9.bin,955,33554432,341.15,,
0,bench/30gib-9.bin,956,33554432,346.27,,
0,bench/30gib-9.bin,957,33554432,392.57,,
0,bench/30gib-9.bin,958,33554432,341.11,,
0,bench/30gib-9.bin,959,33554432,553.77,,
0,bench/30gib-9.bin,960,33554432,419.51,,
