iter,key,part_number,bytes,download_ms,vip,conn_id
0,bench/30gib-0.bin,1,33554432,607.32,,
0,bench/30gib-0.bin,2,33554432,760.54,,
0,bench/30gib-0.bin,3,33554432,714.55,,
0,bench/30gib-0.bin,4,33554432,900.52,,
0,bench/30gib-0.bin,5,33554432,1450.34,,
0,bench/30gib-0.bin,6,33554432,1145.20,,
0,bench/30gib-0.bin,7,33554432,1138.20,,
0,bench/30gib-0.bin,8,33554432,1435.72,,
0,bench/30gib-0.bin,9,33554432,607.11,,
0,bench/30gib-0.bin,10,33554432,472.97,,
0,bench/30gib-0.bin,11,33554432,939.88,,
0,bench/30gib-0.bin,12,33554432,664.95,,
0,bench/30gib-0.bin,13,33554432,1354.60,,
0,bench/30gib-0.bin,14,33554432,656.79,,
0,bench/30gib-0.bin,15,33554432,759.48,,
0,bench/30gib-0.bin,16,33554432,1026.78,,
0,bench/30gib-0.bin,17,33554432,619.60,,
0,bench/30gib-0.bin,18,33554432,765.44,,
0,bench/30gib-0.bin,19,33554432,684.82,,
0,bench/30gib-0.bin,20,33554432,952.29,,
0,bench/30gib-0.bin,21,33554432,732.55,,
0,bench/30gib-0.bin,22,33554432,1231.21,,
0,bench/30gib-0.bin,23,33554432,814.60,,
0,bench/30gib-0.bin,24,33554432,951.41,,
0,bench/30gib-0.bin,25,33554432,852.50,,
0,bench/30gib-0.bin,26,33554432,794.60,,
0,bench/30gib-0.bin,27,33554432,407.74,,
0,bench/30gib-0.bin,28,33554432,709.60,,
0,bench/30gib-0.bin,29,33554432,389.44,,
0,bench/30gib-0.bin,30,33554432,361.44,,
0,bench/30gib-0.bin,31,33554432,604.81,,
0,bench/30gib-0.bin,32,33554432,364.99,,
0,bench/30gib-0.bin,33,33554432,825.24,,
0,bench/30gib-0.bin,34,33554432,863.14,,
0,bench/30gib-0.bin,35,33554432,932.94,,
0,bench/30gib-0.bin,36,33554432,441.31,,
0,bench/30gib-0.bin,37,33554432,409.83,,
0,bench/30gib-0.bin,38,33554432,457.13,,
0,bench/30gib-0.bin,39,33554432,627.13,,
0,bench/30gib-0.bin,40,33554432,1478.35,,
0,bench/30gib-0.bin,41,33554432,721.83,,
0,bench/30gib-0.bin,42,33554432,926.73,,
0,bench/30gib-0.bin,43,33554432,508.80,,
0,bench/30gib-0.bin,44,33554432,718.87,,
0,bench/30gib-0.bin,45,33554432,632.03,,
0,bench/30gib-0.bin,46,33554432,720.43,,
0,bench/30gib-0.bin,47,33554432,1039.18,,
0,bench/30gib-0.bin,48,33554432,471.67,,
0,bench/30gib-0.bin,49,33554432,613.54,,
0,bench/30gib-0.bin,50,33554432,1015.02,,
0,bench/30gib-0.bin,51,33554432,515.77,,
0,bench/30gib-0.bin,52,33554432,534.41,,
0,bench/30gib-0.bin,53,33554432,470.70,,
0,bench/30gib-0.bin,54,33554432,471.35,,
0,bench/30gib-0.bin,55,33554432,1701.62,,
0,bench/30gib-0.bin,56,33554432,534.42,,
0,bench/30gib-0.bin,57,33554432,529.35,,
0,bench/30gib-0.bin,58,33554432,477.28,,
0,bench/30gib-0.bin,59,33554432,491.38,,
0,bench/30gib-0.bin,60,33554432,719.16,,
0,bench/30gib-0.bin,61,33554432,1059.23,,
0,bench/30gib-0.bin,62,33554432,1003.79,,
0,bench/30gib-0.bin,63,33554432,655.76,,
0,bench/30gib-0.bin,64,33554432,678.25,,
0,bench/30gib-0.bin,65,33554432,618.59,,
0,bench/30gib-0.bin,66,33554432,540.66,,
0,bench/30gib-0.bin,67,33554432,343.30,,
0,bench/30gib-0.bin,68,33554432,603.05,,
0,bench/30gib-0.bin,69,33554432,376.42,,
0,bench/30gib-0.bin,70,33554432,506.64,,
0,bench/30gib-0.bin,71,33554432,471.60,,
0,bench/30gib-0.bin,72,33554432,418.41,,
0,bench/30gib-0.bin,73,33554432,357.93,,
0,bench/30gib-0.bin,74,33554432,434.59,,
0,bench/30gib-0.bin,75,33554432,664.50,,
0,bench/30gib-0.bin,76,33554432,1167.46,,
0,bench/30gib-0.bin,77,33554432,544.00,,
0,bench/30gib-0.bin,78,33554432,764.07,,
0,bench/30gib-0.bin,79,33554432,381.81,,
0,bench/30gib-0.bin,80,33554432,564.19,,
0,bench/30gib-0.bin,81,33554432,430.77,,
0,bench/30gib-0.bin,82,33554432,501.92,,
0,bench/30gib-0.bin,83,33554432,718.21,,
0,bench/30gib-0.bin,84,33554432,523.91,,
0,bench/30gib-0.bin,85,33554432,422.45,,
0,bench/30gib-0.bin,86,33554432,574.80,,
0,bench/30gib-0.bin,87,33554432,370.30,,
0,bench/30gib-0.bin,88,33554432,610.02,,
0,bench/30gib-0.bin,89,33554432,649.76,,
0,bench/30gib-0.bin,90,33554432,601.75,,
0,bench/30gib-0.bin,91,33554432,512.19,,
0,bench/30gib-0.bin,92,33554432,406.72,,
0,bench/30gib-0.bin,93,33554432,698.05,,
0,bench/30gib-0.bin,94,33554432,407.74,,
0,bench/30gib-0.bin,95,33554432,416.90,,
0,bench/30gib-0.bin,96,33554432,416.58,,
0,bench/30gib-0.bin,97,33554432,595.47,,
0,bench/30gib-0.bin,98,33554432,485.50,,
0,bench/30gib-0.bin,99,33554432,471.40,,
0,bench/30gib-0.bin,100,33554432,524.83,,
0,bench/30gib-0.bin,101,33554432,801.95,,
0,bench/30gib-0.bin,102,33554432,480.44,,
0,bench/30gib-0.bin,103,33554432,436.83,,
0,bench/30gib-0.bin,104,33554432,448.12,,
0,bench/30gib-0.bin,105,33554432,346.38,,
0,bench/30gib-0.bin,106,33554432,433.31,,
0,bench/30gib-0.bin,107,33554432,526.74,,
0,bench/30gib-0.bin,108,33554432,377.52,,
0,bench/30gib-0.bin,109,33554432,667.53,,
0,bench/30gib-0.bin,110,33554432,370.61,,
0,bench/30gib-0.bin,111,33554432,345.41,,
0,bench/30gib-0.bin,112,33554432,684.26,,
0,bench/30gib-0.bin,113,33554432,641.88,,
0,bench/30gib-0.bin,114,33554432,405.64,,
0,bench/30gib-0.bin,115,33554432,376.20,,
0,bench/30gib-0.bin,116,33554432,633.76,,
0,bench/30gib-0.bin,117,33554432,588.28,,
0,bench/30gib-0.bin,118,33554432,385.90,,
0,bench/30gib-0.bin,119,33554432,423.26,,
0,bench/30gib-0.bin,120,33554432,382.08,,
0,bench/30gib-0.bin,121,33554432,555.53,,
0,bench/30gib-0.bin,122,33554432,542.37,,
0,bench/30gib-0.bin,123,33554432,839.02,,
0,bench/30gib-0.bin,124,33554432,659.42,,
0,bench/30gib-0.bin,125,33554432,676.70,,
0,bench/30gib-0.bin,126,33554432,526.75,,
0,bench/30gib-0.bin,127,33554432,1151.29,,
0,bench/30gib-0.bin,128,33554432,418.55,,
0,bench/30gib-0.bin,129,33554432,519.42,,
0,bench/30gib-0.bin,130,33554432,376.41,,
0,bench/30gib-0.bin,131,33554432,964.09,,
0,bench/30gib-0.bin,132,33554432,528.98,,
0,bench/30gib-0.bin,133,33554432,452.57,,
0,bench/30gib-0.bin,134,33554432,355.54,,
0,bench/30gib-0.bin,135,33554432,412.94,,
0,bench/30gib-0.bin,136,33554432,500.65,,
0,bench/30gib-0.bin,137,33554432,401.49,,
0,bench/30gib-0.bin,138,33554432,596.72,,
0,bench/30gib-0.bin,139,33554432,591.40,,
0,bench/30gib-0.bin,140,33554432,502.77,,
0,bench/30gib-0.bin,141,33554432,836.33,,
0,bench/30gib-0.bin,142,33554432,390.78,,
0,bench/30gib-0.bin,143,33554432,380.75,,
0,bench/30gib-0.bin,144,33554432,421.42,,
0,bench/30gib-0.bin,145,33554432,743.72,,
0,bench/30gib-0.bin,146,33554432,405.49,,
0,bench/30gib-0.bin,147,33554432,460.95,,
0,bench/30gib-0.bin,148,33554432,484.30,,
0,bench/30gib-0.bin,149,33554432,541.60,,
0,bench/30gib-0.bin,150,33554432,457.02,,
0,bench/30gib-0.bin,151,33554432,353.26,,
0,bench/30gib-0.bin,152,33554432,349.27,,
0,bench/30gib-0.bin,153,33554432,397.63,,
0,bench/30gib-0.bin,154,33554432,614.53,,
0,bench/30gib-0.bin,155,33554432,436.79,,
0,bench/30gib-0.bin,156,33554432,406.39,,
0,bench/30gib-0.bin,157,33554432,558.90,,
0,bench/30gib-0.bin,158,33554432,442.07,,
0,bench/30gib-0.bin,159,33554432,548.36,,
0,bench/30gib-0.bin,160,33554432,666.41,,
0,bench/30gib-0.bin,161,33554432,359.50,,
0,bench/30gib-0.bin,162,33554432,719.78,,
0,bench/30gib-0.bin,163,33554432,529.16,,
0,bench/30gib-0.bin,164,33554432,374.68,,
0,bench/30gib-0.bin,165,33554432,391.72,,
0,bench/30gib-0.bin,166,33554432,514.39,,
0,bench/30gib-0.bin,167,33554432,605.84,,
0,bench/30gib-0.bin,168,33554432,346.80,,
0,bench/30gib-0.bin,169,33554432,492.38,,
0,bench/30gib-0.bin,170,33554432,426.59,,
0,bench/30gib-0.bin,171,33554432,381.79,,
0,bench/30gib-0.bin,172,33554432,409.55,,
0,bench/30gib-0.bin,173,33554432,634.67,,
0,bench/30gib-0.bin,174,33554432,413.05,,
0,bench/30gib-0.bin,175,33554432,797.14,,
0,bench/30gib-0.bin,176,33554432,534.37,,
0,bench/30gib-0.bin,177,33554432,351.88,,
0,bench/30gib-0.bin,178,33554432,405.19,,
0,bench/30gib-0.bin,179,33554432,516.17,,
0,bench/30gib-0.bin,180,33554432,458.38,,
0,bench/30gib-0.bin,181,33554432,467.09,,
0,bench/30gib-0.bin,182,33554432,377.23,,
0,bench/30gib-0.bin,183,33554432,407.42,,
0,bench/30gib-0.bin,184,33554432,1063.20,,
0,bench/30gib-0.bin,185,33554432,364.14,,
0,bench/30gib-0.bin,186,33554432,558.26,,
0,bench/30gib-0.bin,187,33554432,525.98,,
0,bench/30gib-0.bin,188,33554432,370.37,,
0,bench/30gib-0.bin,189,33554432,790.83,,
0,bench/30gib-0.bin,190,33554432,406.01,,
0,bench/30gib-0.bin,191,33554432,511.22,,
0,bench/30gib-0.bin,192,33554432,461.75,,
0,bench/30gib-0.bin,193,33554432,628.70,,
0,bench/30gib-0.bin,194,33554432,353.92,,
0,bench/30gib-0.bin,195,33554432,760.21,,
0,bench/30gib-0.bin,196,33554432,392.64,,
0,bench/30gib-0.bin,197,33554432,525.10,,
0,bench/30gib-0.bin,198,33554432,536.62,,
0,bench/30gib-0.bin,199,33554432,436.16,,
0,bench/30gib-0.bin,200,33554432,592.66,,
0,bench/30gib-0.bin,201,33554432,618.33,,
0,bench/30gib-0.bin,202,33554432,1141.68,,
0,bench/30gib-0.bin,203,33554432,399.63,,
0,bench/30gib-0.bin,204,33554432,448.77,,
0,bench/30gib-0.bin,205,33554432,441.85,,
0,bench/30gib-0.bin,206,33554432,375.02,,
0,bench/30gib-0.bin,207,33554432,467.56,,
0,bench/30gib-0.bin,208,33554432,768.28,,
0,bench/30gib-0.bin,209,33554432,880.85,,
0,bench/30gib-0.bin,210,33554432,367.21,,
0,bench/30gib-0.bin,211,33554432,415.19,,
0,bench/30gib-0.bin,212,33554432,564.03,,
0,bench/30gib-0.bin,213,33554432,381.27,,
0,bench/30gib-0.bin,214,33554432,571.73,,
0,bench/30gib-0.bin,215,33554432,394.16,,
0,bench/30gib-0.bin,216,33554432,525.67,,
0,bench/30gib-0.bin,217,33554432,355.37,,
0,bench/30gib-0.bin,218,33554432,461.06,,
0,bench/30gib-0.bin,219,33554432,470.33,,
0,bench/30gib-0.bin,220,33554432,382.95,,
0,bench/30gib-0.bin,221,33554432,357.76,,
0,bench/30gib-0.bin,222,33554432,408.17,,
0,bench/30gib-0.bin,223,33554432,574.70,,
0,bench/30gib-0.bin,224,33554432,559.70,,
0,bench/30gib-0.bin,225,33554432,599.46,,
0,bench/30gib-0.bin,226,33554432,369.43,,
0,bench/30gib-0.bin,227,33554432,933.50,,
0,bench/30gib-0.bin,228,33554432,359.23,,
0,bench/30gib-0.bin,229,33554432,371.28,,
0,bench/30gib-0.bin,230,33554432,590.21,,
0,bench/30gib-0.bin,231,33554432,379.63,,
0,bench/30gib-0.bin,232,33554432,399.46,,
0,bench/30gib-0.bin,233,33554432,385.38,,
0,bench/30gib-0.bin,234,33554432,411.59,,
0,bench/30gib-0.bin,235,33554432,511.06,,
0,bench/30gib-0.bin,236,33554432,387.22,,
0,bench/30gib-0.bin,237,33554432,465.78,,
0,bench/30gib-0.bin,238,33554432,431.30,,
0,bench/30gib-0.bin,239,33554432,508.04,,
0,bench/30gib-0.bin,240,33554432,487.69,,
0,bench/30gib-0.bin,241,33554432,353.30,,
0,bench/30gib-0.bin,242,33554432,499.40,,
0,bench/30gib-0.bin,243,33554432,406.42,,
0,bench/30gib-0.bin,244,33554432,436.32,,
0,bench/30gib-0.bin,245,33554432,401.69,,
0,bench/30gib-0.bin,246,33554432,412.37,,
0,bench/30gib-0.bin,247,33554432,419.65,,
0,bench/30gib-0.bin,248,33554432,445.17,,
0,bench/30gib-0.bin,249,33554432,443.17,,
0,bench/30gib-0.bin,250,33554432,521.67,,
0,bench/30gib-0.bin,251,33554432,395.67,,
0,bench/30gib-0.bin,252,33554432,367.65,,
0,bench/30gib-0.bin,253,33554432,414.25,,
0,bench/30gib-0.bin,254,33554432,372.37,,
0,bench/30gib-0.bin,255,33554432,705.65,,
0,bench/30gib-0.bin,256,33554432,604.30,,
0,bench/30gib-0.bin,257,33554432,436.80,,
0,bench/30gib-0.bin,258,33554432,483.69,,
0,bench/30gib-0.bin,259,33554432,426.62,,
0,bench/30gib-0.bin,260,33554432,429.42,,
0,bench/30gib-0.bin,261,33554432,699.41,,
0,bench/30gib-0.bin,262,33554432,479.71,,
0,bench/30gib-0.bin,263,33554432,1093.50,,
0,bench/30gib-0.bin,264,33554432,499.95,,
0,bench/30gib-0.bin,265,33554432,375.46,,
0,bench/30gib-0.bin,266,33554432,340.35,,
0,bench/30gib-0.bin,267,33554432,496.20,,
0,bench/30gib-0.bin,268,33554432,517.42,,
0,bench/30gib-0.bin,269,33554432,385.34,,
0,bench/30gib-0.bin,270,33554432,437.98,,
0,bench/30gib-0.bin,271,33554432,425.29,,
0,bench/30gib-0.bin,272,33554432,478.18,,
0,bench/30gib-0.bin,273,33554432,398.23,,
0,bench/30gib-0.bin,274,33554432,628.73,,
0,bench/30gib-0.bin,275,33554432,357.63,,
0,bench/30gib-0.bin,276,33554432,398.52,,
0,bench/30gib-0.bin,277,33554432,450.57,,
0,bench/30gib-0.bin,278,33554432,417.20,,
0,bench/30gib-0.bin,279,33554432,381.38,,
0,bench/30gib-0.bin,280,33554432,340.40,,
0,bench/30gib-0.bin,281,33554432,511.16,,
0,bench/30gib-0.bin,282,33554432,551.73,,
0,bench/30gib-0.bin,283,33554432,471.43,,
0,bench/30gib-0.bin,284,33554432,496.91,,
0,bench/30gib-0.bin,285,33554432,475.71,,
0,bench/30gib-0.bin,286,33554432,611.37,,
0,bench/30gib-0.bin,287,33554432,406.40,,
0,bench/30gib-0.bin,288,33554432,345.96,,
0,bench/30gib-0.bin,289,33554432,862.04,,
0,bench/30gib-0.bin,290,33554432,510.58,,
0,bench/30gib-0.bin,291,33554432,950.60,,
0,bench/30gib-0.bin,292,33554432,351.41,,
0,bench/30gib-0.bin,293,33554432,768.55,,
0,bench/30gib-0.bin,294,33554432,503.15,,
0,bench/30gib-0.bin,295,33554432,566.67,,
0,bench/30gib-0.bin,296,33554432,420.17,,
0,bench/30gib-0.bin,297,33554432,348.31,,
0,bench/30gib-0.bin,298,33554432,372.00,,
0,bench/30gib-0.bin,299,33554432,466.13,,
0,bench/30gib-0.bin,300,33554432,483.11,,
0,bench/30gib-0.bin,301,33554432,417.63,,
0,bench/30gib-0.bin,302,33554432,380.20,,
0,bench/30gib-0.bin,303,33554432,348.62,,
0,bench/30gib-0.bin,304,33554432,402.15,,
0,bench/30gib-0.bin,305,33554432,401.75,,
0,bench/30gib-0.bin,306,33554432,776.34,,
0,bench/30gib-0.bin,307,33554432,412.38,,
0,bench/30gib-0.bin,308,33554432,353.45,,
0,bench/30gib-0.bin,309,33554432,494.76,,
0,bench/30gib-0.bin,310,33554432,446.58,,
0,bench/30gib-0.bin,311,33554432,455.06,,
0,bench/30gib-0.bin,312,33554432,533.65,,
0,bench/30gib-0.bin,313,33554432,487.24,,
0,bench/30gib-0.bin,314,33554432,843.95,,
0,bench/30gib-0.bin,315,33554432,710.09,,
0,bench/30gib-0.bin,316,33554432,940.47,,
0,bench/30gib-0.bin,317,33554432,629.91,,
0,bench/30gib-0.bin,318,33554432,546.78,,
0,bench/30gib-0.bin,319,33554432,649.25,,
0,bench/30gib-0.bin,320,33554432,799.67,,
0,bench/30gib-0.bin,321,33554432,498.39,,
0,bench/30gib-0.bin,322,33554432,477.77,,
0,bench/30gib-0.bin,323,33554432,518.10,,
0,bench/30gib-0.bin,324,33554432,436.07,,
0,bench/30gib-0.bin,325,33554432,449.47,,
0,bench/30gib-0.bin,326,33554432,349.47,,
0,bench/30gib-0.bin,327,33554432,531.93,,
0,bench/30gib-0.bin,328,33554432,352.66,,
0,bench/30gib-0.bin,329,33554432,479.61,,
0,bench/30gib-0.bin,330,33554432,498.06,,
0,bench/30gib-0.bin,331,33554432,436.75,,
0,bench/30gib-0.bin,332,33554432,558.88,,
0,bench/30gib-0.bin,333,33554432,429.08,,
0,bench/30gib-0.bin,334,33554432,853.70,,
0,bench/30gib-0.bin,335,33554432,346.10,,
0,bench/30gib-0.bin,336,33554432,395.42,,
0,bench/30gib-0.bin,337,33554432,720.30,,
0,bench/30gib-0.bin,338,33554432,596.77,,
0,bench/30gib-0.bin,339,33554432,409.45,,
0,bench/30gib-0.bin,340,33554432,661.89,,
0,bench/30gib-0.bin,341,33554432,528.24,,
0,bench/30gib-0.bin,342,33554432,420.21,,
0,bench/30gib-0.bin,343,33554432,498.75,,
0,bench/30gib-0.bin,344,33554432,494.96,,
0,bench/30gib-0.bin,345,33554432,504.76,,
0,bench/30gib-0.bin,346,33554432,444.91,,
0,bench/30gib-0.bin,347,33554432,768.89,,
0,bench/30gib-0.bin,348,33554432,555.80,,
0,bench/30gib-0.bin,349,33554432,469.58,,
0,bench/30gib-0.bin,350,33554432,757.10,,
0,bench/30gib-0.bin,351,33554432,538.61,,
0,bench/30gib-0.bin,352,33554432,563.38,,
0,bench/30gib-0.bin,353,33554432,544.61,,
0,bench/30gib-0.bin,354,33554432,467.34,,
0,bench/30gib-0.bin,355,33554432,596.03,,
0,bench/30gib-0.bin,356,33554432,459.33,,
0,bench/30gib-0.bin,357,33554432,743.29,,
0,bench/30gib-0.bin,358,33554432,430.38,,
0,bench/30gib-0.bin,359,33554432,438.15,,
0,bench/30gib-0.bin,360,33554432,575.38,,
0,bench/30gib-0.bin,361,33554432,366.04,,
0,bench/30gib-0.bin,362,33554432,426.74,,
0,bench/30gib-0.bin,363,33554432,424.85,,
0,bench/30gib-0.bin,364,33554432,486.73,,
0,bench/30gib-0.bin,365,33554432,528.71,,
0,bench/30gib-0.bin,366,33554432,442.32,,
0,bench/30gib-0.bin,367,33554432,621.15,,
0,bench/30gib-0.bin,368,33554432,453.07,,
0,bench/30gib-0.bin,369,33554432,530.40,,
0,bench/30gib-0.bin,370,33554432,517.24,,
0,bench/30gib-0.bin,371,33554432,396.24,,
0,bench/30gib-0.bin,372,33554432,732.08,,
0,bench/30gib-0.bin,373,33554432,616.91,,
0,bench/30gib-0.bin,374,33554432,404.62,,
0,bench/30gib-0.bin,375,33554432,350.58,,
0,bench/30gib-0.bin,376,33554432,495.58,,
0,bench/30gib-0.bin,377,33554432,441.85,,
0,bench/30gib-0.bin,378,33554432,645.53,,
0,bench/30gib-0.bin,379,33554432,356.86,,
0,bench/30gib-0.bin,380,33554432,497.98,,
0,bench/30gib-0.bin,381,33554432,805.51,,
0,bench/30gib-0.bin,382,33554432,692.18,,
0,bench/30gib-0.bin,383,33554432,345.93,,
0,bench/30gib-0.bin,384,33554432,383.66,,
0,bench/30gib-0.bin,385,33554432,483.87,,
0,bench/30gib-0.bin,386,33554432,471.79,,
0,bench/30gib-0.bin,387,33554432,930.40,,
0,bench/30gib-0.bin,388,33554432,462.08,,
0,bench/30gib-0.bin,389,33554432,739.38,,
0,bench/30gib-0.bin,390,33554432,437.03,,
0,bench/30gib-0.bin,391,33554432,500.40,,
0,bench/30gib-0.bin,392,33554432,367.40,,
0,bench/30gib-0.bin,393,33554432,408.47,,
0,bench/30gib-0.bin,394,33554432,403.49,,
0,bench/30gib-0.bin,395,33554432,496.12,,
0,bench/30gib-0.bin,396,33554432,764.52,,
0,bench/30gib-0.bin,397,33554432,357.01,,
0,bench/30gib-0.bin,398,33554432,434.03,,
0,bench/30gib-0.bin,399,33554432,976.83,,
0,bench/30gib-0.bin,400,33554432,342.94,,
0,bench/30gib-0.bin,401,33554432,529.59,,
0,bench/30gib-0.bin,402,33554432,367.15,,
0,bench/30gib-0.bin,403,33554432,349.67,,
0,bench/30gib-0.bin,404,33554432,586.73,,
0,bench/30gib-0.bin,405,33554432,355.29,,
0,bench/30gib-0.bin,406,33554432,343.90,,
0,bench/30gib-0.bin,407,33554432,484.00,,
0,bench/30gib-0.bin,408,33554432,488.77,,
0,bench/30gib-0.bin,409,33554432,511.20,,
0,bench/30gib-0.bin,410,33554432,1020.23,,
0,bench/30gib-0.bin,411,33554432,459.86,,
0,bench/30gib-0.bin,412,33554432,445.45,,
0,bench/30gib-0.bin,413,33554432,725.48,,
0,bench/30gib-0.bin,414,33554432,587.03,,
0,bench/30gib-0.bin,415,33554432,478.33,,
0,bench/30gib-0.bin,416,33554432,381.36,,
0,bench/30gib-0.bin,417,33554432,498.02,,
0,bench/30gib-0.bin,418,33554432,385.67,,
0,bench/30gib-0.bin,419,33554432,602.44,,
0,bench/30gib-0.bin,420,33554432,503.58,,
0,bench/30gib-0.bin,421,33554432,497.90,,
0,bench/30gib-0.bin,422,33554432,539.08,,
0,bench/30gib-0.bin,423,33554432,508.57,,
0,bench/30gib-0.bin,424,33554432,521.50,,
0,bench/30gib-0.bin,425,33554432,446.91,,
0,bench/30gib-0.bin,426,33554432,351.52,,
0,bench/30gib-0.bin,427,33554432,374.39,,
0,bench/30gib-0.bin,428,33554432,424.35,,
0,bench/30gib-0.bin,429,33554432,421.75,,
0,bench/30gib-0.bin,430,33554432,355.14,,
0,bench/30gib-0.bin,431,33554432,535.68,,
0,bench/30gib-0.bin,432,33554432,365.49,,
0,bench/30gib-0.bin,433,33554432,354.80,,
0,bench/30gib-0.bin,434,33554432,504.48,,
0,bench/30gib-0.bin,435,33554432,346.92,,
0,bench/30gib-0.bin,436,33554432,367.67,,
0,bench/30gib-0.bin,437,33554432,425.72,,
0,bench/30gib-0.bin,438,33554432,506.01,,
0,bench/30gib-0.bin,439,33554432,653.95,,
0,bench/30gib-0.bin,440,33554432,638.91,,
0,bench/30gib-0.bin,441,33554432,349.40,,
0,bench/30gib-0.bin,442,33554432,662.62,,
0,bench/30gib-0.bin,443,33554432,452.59,,
0,bench/30gib-0.bin,444,33554432,876.80,,
0,bench/30gib-0.bin,445,33554432,506.72,,
0,bench/30gib-0.bin,446,33554432,482.18,,
0,bench/30gib-0.bin,447,33554432,412.41,,
0,bench/30gib-0.bin,448,33554432,740.44,,
0,bench/30gib-0.bin,449,33554432,420.50,,
0,bench/30gib-0.bin,450,33554432,363.41,,
0,bench/30gib-0.bin,451,33554432,345.54,,
0,bench/30gib-0.bin,452,33554432,550.34,,
0,bench/30gib-0.bin,453,33554432,503.15,,
0,bench/30gib-0.bin,454,33554432,346.62,,
0,bench/30gib-0.bin,455,33554432,610.17,,
0,bench/30gib-0.bin,456,33554432,442.99,,
0,bench/30gib-0.bin,457,33554432,562.33,,
0,bench/30gib-0.bin,458,33554432,781.66,,
0,bench/30gib-0.bin,459,33554432,811.77,,
0,bench/30gib-0.bin,460,33554432,450.59,,
0,bench/30gib-0.bin,461,33554432,622.17,,
0,bench/30gib-0.bin,462,33554432,562.35,,
0,bench/30gib-0.bin,463,33554432,481.97,,
0,bench/30gib-0.bin,464,33554432,504.69,,
0,bench/30gib-0.bin,465,33554432,358.72,,
0,bench/30gib-0.bin,466,33554432,547.99,,
0,bench/30gib-0.bin,467,33554432,388.56,,
0,bench/30gib-0.bin,468,33554432,386.87,,
0,bench/30gib-0.bin,469,33554432,352.62,,
0,bench/30gib-0.bin,470,33554432,662.01,,
0,bench/30gib-0.bin,471,33554432,652.16,,
0,bench/30gib-0.bin,472,33554432,430.75,,
0,bench/30gib-0.bin,473,33554432,383.81,,
0,bench/30gib-0.bin,474,33554432,343.62,,
0,bench/30gib-0.bin,475,33554432,788.53,,
0,bench/30gib-0.bin,476,33554432,350.53,,
0,bench/30gib-0.bin,477,33554432,350.48,,
0,bench/30gib-0.bin,478,33554432,842.76,,
0,bench/30gib-0.bin,479,33554432,388.60,,
0,bench/30gib-0.bin,480,33554432,838.85,,
0,bench/30gib-0.bin,481,33554432,568.17,,
0,bench/30gib-0.bin,482,33554432,501.71,,
0,bench/30gib-0.bin,483,33554432,837.20,,
0,bench/30gib-0.bin,484,33554432,430.82,,
0,bench/30gib-0.bin,485,33554432,436.30,,
0,bench/30gib-0.bin,486,33554432,468.98,,
0,bench/30gib-0.bin,487,33554432,679.25,,
0,bench/30gib-0.bin,488,33554432,389.26,,
0,bench/30gib-0.bin,489,33554432,921.68,,
0,bench/30gib-0.bin,490,33554432,644.73,,
0,bench/30gib-0.bin,491,33554432,510.08,,
0,bench/30gib-0.bin,492,33554432,579.94,,
0,bench/30gib-0.bin,493,33554432,400.22,,
0,bench/30gib-0.bin,494,33554432,440.24,,
0,bench/30gib-0.bin,495,33554432,477.70,,
0,bench/30gib-0.bin,496,33554432,617.70,,
0,bench/30gib-0.bin,497,33554432,347.16,,
0,bench/30gib-0.bin,498,33554432,824.16,,
0,bench/30gib-0.bin,499,33554432,513.43,,
0,bench/30gib-0.bin,500,33554432,413.60,,
0,bench/30gib-0.bin,501,33554432,671.52,,
0,bench/30gib-0.bin,502,33554432,387.67,,
0,bench/30gib-0.bin,503,33554432,490.91,,
0,bench/30gib-0.bin,504,33554432,647.66,,
0,bench/30gib-0.bin,505,33554432,534.86,,
0,bench/30gib-0.bin,506,33554432,499.00,,
0,bench/30gib-0.bin,507,33554432,538.47,,
0,bench/30gib-0.bin,508,33554432,501.81,,
0,bench/30gib-0.bin,509,33554432,399.89,,
0,bench/30gib-0.bin,510,33554432,734.97,,
0,bench/30gib-0.bin,511,33554432,491.67,,
0,bench/30gib-0.bin,512,33554432,419.21,,
0,bench/30gib-0.bin,513,33554432,1054.83,,
0,bench/30gib-0.bin,514,33554432,524.01,,
0,bench/30gib-0.bin,515,33554432,600.05,,
0,bench/30gib-0.bin,516,33554432,667.62,,
0,bench/30gib-0.bin,517,33554432,531.32,,
0,bench/30gib-0.bin,518,33554432,444.84,,
0,bench/30gib-0.bin,519,33554432,473.42,,
0,bench/30gib-0.bin,520,33554432,562.19,,
0,bench/30gib-0.bin,521,33554432,390.00,,
0,bench/30gib-0.bin,522,33554432,480.64,,
0,bench/30gib-0.bin,523,33554432,769.46,,
0,bench/30gib-0.bin,524,33554432,472.23,,
0,bench/30gib-0.bin,525,33554432,466.63,,
0,bench/30gib-0.bin,526,33554432,754.06,,
0,bench/30gib-0.bin,527,33554432,498.04,,
0,bench/30gib-0.bin,528,33554432,629.92,,
0,bench/30gib-0.bin,529,33554432,495.34,,
0,bench/30gib-0.bin,530,33554432,369.53,,
0,bench/30gib-0.bin,531,33554432,612.39,,
0,bench/30gib-0.bin,532,33554432,449.36,,
0,bench/30gib-0.bin,533,33554432,823.72,,
0,bench/30gib-0.bin,534,33554432,421.80,,
0,bench/30gib-0.bin,535,33554432,506.61,,
0,bench/30gib-0.bin,536,33554432,552.24,,
0,bench/30gib-0.bin,537,33554432,359.35,,
0,bench/30gib-0.bin,538,33554432,726.30,,
0,bench/30gib-0.bin,539,33554432,440.94,,
0,bench/30gib-0.bin,540,33554432,435.67,,
0,bench/30gib-0.bin,541,33554432,650.87,,
0,bench/30gib-0.bin,542,33554432,340.55,,
0,bench/30gib-0.bin,543,33554432,555.91,,
0,bench/30gib-0.bin,544,33554432,456.99,,
0,bench/30gib-0.bin,545,33554432,540.55,,
0,bench/30gib-0.bin,546,33554432,659.52,,
0,bench/30gib-0.bin,547,33554432,477.67,,
0,bench/30gib-0.bin,548,33554432,351.81,,
0,bench/30gib-0.bin,549,33554432,438.13,,
0,bench/30gib-0.bin,550,33554432,641.89,,
0,bench/30gib-0.bin,551,33554432,596.38,,
0,bench/30gib-0.bin,552,33554432,359.91,,
0,bench/30gib-0.bin,553,33554432,545.19,,
0,bench/30gib-0.bin,554,33554432,553.07,,
0,bench/30gib-0.bin,555,33554432,460.99,,
0,bench/30gib-0.bin,556,33554432,531.11,,
0,bench/30gib-0.bin,557,33554432,511.25,,
0,bench/30gib-0.bin,558,33554432,597.79,,
0,bench/30gib-0.bin,559,33554432,361.71,,
0,bench/30gib-0.bin,560,33554432,508.06,,
0,bench/30gib-0.bin,561,33554432,631.34,,
0,bench/30gib-0.bin,562,33554432,484.17,,
0,bench/30gib-0.bin,563,33554432,511.23,,
0,bench/30gib-0.bin,564,33554432,503.68,,
0,bench/30gib-0.bin,565,33554432,645.69,,
0,bench/30gib-0.bin,566,33554432,709.63,,
0,bench/30gib-0.bin,567,33554432,489.09,,
0,bench/30gib-0.bin,568,33554432,455.89,,
0,bench/30gib-0.bin,569,33554432,403.38,,
0,bench/30gib-0.bin,570,33554432,699.32,,
0,bench/30gib-0.bin,571,33554432,431.38,,
0,bench/30gib-0.bin,572,33554432,676.21,,
0,bench/30gib-0.bin,573,33554432,601.75,,
0,bench/30gib-0.bin,574,33554432,570.95,,
0,bench/30gib-0.bin,575,33554432,450.26,,
0,bench/30gib-0.bin,576,33554432,420.52,,
0,bench/30gib-0.bin,577,33554432,911.01,,
0,bench/30gib-0.bin,578,33554432,483.81,,
0,bench/30gib-0.bin,579,33554432,489.84,,
0,bench/30gib-0.bin,580,33554432,496.32,,
0,bench/30gib-0.bin,581,33554432,408.44,,
0,bench/30gib-0.bin,582,33554432,571.87,,
0,bench/30gib-0.bin,583,33554432,572.58,,
0,bench/30gib-0.bin,584,33554432,659.77,,
0,bench/30gib-0.bin,585,33554432,415.31,,
0,bench/30gib-0.bin,586,33554432,500.63,,
0,bench/30gib-0.bin,587,33554432,640.73,,
0,bench/30gib-0.bin,588,33554432,475.04,,
0,bench/30gib-0.bin,589,33554432,740.29,,
0,bench/30gib-0.bin,590,33554432,390.38,,
0,bench/30gib-0.bin,591,33554432,423.21,,
0,bench/30gib-0.bin,592,33554432,462.91,,
0,bench/30gib-0.bin,593,33554432,447.74,,
0,bench/30gib-0.bin,594,33554432,518.28,,
0,bench/30gib-0.bin,595,33554432,485.64,,
0,bench/30gib-0.bin,596,33554432,446.31,,
0,bench/30gib-0.bin,597,33554432,346.54,,
0,bench/30gib-0.bin,598,33554432,586.79,,
0,bench/30gib-0.bin,599,33554432,683.70,,
0,bench/30gib-0.bin,600,33554432,437.49,,
0,bench/30gib-0.bin,601,33554432,414.24,,
0,bench/30gib-0.bin,602,33554432,588.11,,
0,bench/30gib-0.bin,603,33554432,424.13,,
0,bench/30gib-0.bin,604,33554432,576.25,,
0,bench/30gib-0.bin,605,33554432,441.68,,
0,bench/30gib-0.bin,606,33554432,515.09,,
0,bench/30gib-0.bin,607,33554432,576.48,,
0,bench/30gib-0.bin,608,33554432,463.60,,
0,bench/30gib-0.bin,609,33554432,448.91,,
0,bench/30gib-0.bin,610,33554432,710.97,,
0,bench/30gib-0.bin,611,33554432,586.04,,
0,bench/30gib-0.bin,612,33554432,355.05,,
0,bench/30gib-0.bin,613,33554432,477.67,,
0,bench/30gib-0.bin,614,33554432,556.51,,
0,bench/30gib-0.bin,615,33554432,525.87,,
0,bench/30gib-0.bin,616,33554432,479.07,,
0,bench/30gib-0.bin,617,33554432,485.69,,
0,bench/30gib-0.bin,618,33554432,535.30,,
0,bench/30gib-0.bin,619,33554432,508.32,,
0,bench/30gib-0.bin,620,33554432,504.48,,
0,bench/30gib-0.bin,621,33554432,632.03,,
0,bench/30gib-0.bin,622,33554432,559.56,,
0,bench/30gib-0.bin,623,33554432,562.16,,
0,bench/30gib-0.bin,624,33554432,431.47,,
0,bench/30gib-0.bin,625,33554432,705.82,,
0,bench/30gib-0.bin,626,33554432,466.78,,
0,bench/30gib-0.bin,627,33554432,1051.30,,
0,bench/30gib-0.bin,628,33554432,402.26,,
0,bench/30gib-0.bin,629,33554432,375.37,,
0,bench/30gib-0.bin,630,33554432,674.90,,
0,bench/30gib-0.bin,631,33554432,483.73,,
0,bench/30gib-0.bin,632,33554432,435.99,,
0,bench/30gib-0.bin,633,33554432,503.51,,
0,bench/30gib-0.bin,634,33554432,402.29,,
0,bench/30gib-0.bin,635,33554432,678.35,,
0,bench/30gib-0.bin,636,33554432,401.02,,
0,bench/30gib-0.bin,637,33554432,368.55,,
0,bench/30gib-0.bin,638,33554432,383.30,,
0,bench/30gib-0.bin,639,33554432,753.69,,
0,bench/30gib-0.bin,640,33554432,441.02,,
0,bench/30gib-0.bin,641,33554432,712.08,,
0,bench/30gib-0.bin,642,33554432,405.94,,
0,bench/30gib-0.bin,643,33554432,512.01,,
0,bench/30gib-0.bin,644,33554432,390.07,,
0,bench/30gib-0.bin,645,33554432,416.98,,
0,bench/30gib-0.bin,646,33554432,617.28,,
0,bench/30gib-0.bin,647,33554432,572.08,,
0,bench/30gib-0.bin,648,33554432,798.55,,
0,bench/30gib-0.bin,649,33554432,446.55,,
0,bench/30gib-0.bin,650,33554432,864.69,,
0,bench/30gib-0.bin,651,33554432,374.86,,
0,bench/30gib-0.bin,652,33554432,345.78,,
0,bench/30gib-0.bin,653,33554432,560.72,,
0,bench/30gib-0.bin,654,33554432,348.56,,
0,bench/30gib-0.bin,655,33554432,653.64,,
0,bench/30gib-0.bin,656,33554432,411.31,,
0,bench/30gib-0.bin,657,33554432,442.25,,
0,bench/30gib-0.bin,658,33554432,514.53,,
0,bench/30gib-0.bin,659,33554432,634.20,,
0,bench/30gib-0.bin,660,33554432,657.48,,
0,bench/30gib-0.bin,661,33554432,534.44,,
0,bench/30gib-0.bin,662,33554432,1037.20,,
0,bench/30gib-0.bin,663,33554432,911.87,,
0,bench/30gib-0.bin,664,33554432,508.73,,
0,bench/30gib-0.bin,665,33554432,402.54,,
0,bench/30gib-0.bin,666,33554432,594.35,,
0,bench/30gib-0.bin,667,33554432,394.38,,
0,bench/30gib-0.bin,668,33554432,988.64,,
0,bench/30gib-0.bin,669,33554432,595.42,,
0,bench/30gib-0.bin,670,33554432,428.48,,
0,bench/30gib-0.bin,671,33554432,554.29,,
0,bench/30gib-0.bin,672,33554432,573.10,,
0,bench/30gib-0.bin,673,33554432,349.31,,
0,bench/30gib-0.bin,674,33554432,660.63,,
0,bench/30gib-0.bin,675,33554432,606.43,,
0,bench/30gib-0.bin,676,33554432,453.10,,
0,bench/30gib-0.bin,677,33554432,444.72,,
0,bench/30gib-0.bin,678,33554432,479.49,,
0,bench/30gib-0.bin,679,33554432,739.92,,
0,bench/30gib-0.bin,680,33554432,414.08,,
0,bench/30gib-0.bin,681,33554432,430.24,,
0,bench/30gib-0.bin,682,33554432,444.68,,
0,bench/30gib-0.bin,683,33554432,385.00,,
0,bench/30gib-0.bin,684,33554432,467.03,,
0,bench/30gib-0.bin,685,33554432,640.01,,
0,bench/30gib-0.bin,686,33554432,840.20,,
0,bench/30gib-0.bin,687,33554432,554.60,,
0,bench/30gib-0.bin,688,33554432,1080.16,,
0,bench/30gib-0.bin,689,33554432,362.99,,
0,bench/30gib-0.bin,690,33554432,835.51,,
0,bench/30gib-0.bin,691,33554432,410.65,,
0,bench/30gib-0.bin,692,33554432,496.76,,
0,bench/30gib-0.bin,693,33554432,408.65,,
0,bench/30gib-0.bin,694,33554432,623.34,,
0,bench/30gib-0.bin,695,33554432,496.83,,
0,bench/30gib-0.bin,696,33554432,570.99,,
0,bench/30gib-0.bin,697,33554432,480.73,,
0,bench/30gib-0.bin,698,33554432,401.01,,
0,bench/30gib-0.bin,699,33554432,555.35,,
0,bench/30gib-0.bin,700,33554432,663.04,,
0,bench/30gib-0.bin,701,33554432,392.67,,
0,bench/30gib-0.bin,702,33554432,373.90,,
0,bench/30gib-0.bin,703,33554432,892.26,,
0,bench/30gib-0.bin,704,33554432,487.50,,
0,bench/30gib-0.bin,705,33554432,578.20,,
0,bench/30gib-0.bin,706,33554432,484.52,,
0,bench/30gib-0.bin,707,33554432,586.63,,
0,bench/30gib-0.bin,708,33554432,449.75,,
0,bench/30gib-0.bin,709,33554432,565.54,,
0,bench/30gib-0.bin,710,33554432,697.95,,
0,bench/30gib-0.bin,711,33554432,501.92,,
0,bench/30gib-0.bin,712,33554432,540.14,,
0,bench/30gib-0.bin,713,33554432,373.04,,
0,bench/30gib-0.bin,714,33554432,486.68,,
0,bench/30gib-0.bin,715,33554432,1146.78,,
0,bench/30gib-0.bin,716,33554432,495.65,,
0,bench/30gib-0.bin,717,33554432,444.45,,
0,bench/30gib-0.bin,718,33554432,661.28,,
0,bench/30gib-0.bin,719,33554432,354.63,,
0,bench/30gib-0.bin,720,33554432,458.60,,
0,bench/30gib-0.bin,721,33554432,1000.37,,
0,bench/30gib-0.bin,722,33554432,550.95,,
0,bench/30gib-0.bin,723,33554432,476.60,,
0,bench/30gib-0.bin,724,33554432,586.65,,
0,bench/30gib-0.bin,725,33554432,378.50,,
0,bench/30gib-0.bin,726,33554432,952.01,,
0,bench/30gib-0.bin,727,33554432,514.80,,
0,bench/30gib-0.bin,728,33554432,683.04,,
0,bench/30gib-0.bin,729,33554432,460.68,,
0,bench/30gib-0.bin,730,33554432,339.95,,
0,bench/30gib-0.bin,731,33554432,910.89,,
0,bench/30gib-0.bin,732,33554432,817.15,,
0,bench/30gib-0.bin,733,33554432,535.55,,
0,bench/30gib-0.bin,734,33554432,417.05,,
0,bench/30gib-0.bin,735,33554432,343.86,,
0,bench/30gib-0.bin,736,33554432,510.47,,
0,bench/30gib-0.bin,737,33554432,696.09,,
0,bench/30gib-0.bin,738,33554432,372.50,,
0,bench/30gib-0.bin,739,33554432,647.13,,
0,bench/30gib-0.bin,740,33554432,630.33,,
0,bench/30gib-0.bin,741,33554432,348.89,,
0,bench/30gib-0.bin,742,33554432,346.64,,
0,bench/30gib-0.bin,743,33554432,528.50,,
0,bench/30gib-0.bin,744,33554432,382.57,,
0,bench/30gib-0.bin,745,33554432,578.11,,
0,bench/30gib-0.bin,746,33554432,724.77,,
0,bench/30gib-0.bin,747,33554432,361.09,,
0,bench/30gib-0.bin,748,33554432,562.74,,
0,bench/30gib-0.bin,749,33554432,684.30,,
0,bench/30gib-0.bin,750,33554432,451.58,,
0,bench/30gib-0.bin,751,33554432,461.12,,
0,bench/30gib-0.bin,752,33554432,791.10,,
0,bench/30gib-0.bin,753,33554432,563.67,,
0,bench/30gib-0.bin,754,33554432,474.30,,
0,bench/30gib-0.bin,755,33554432,678.43,,
0,bench/30gib-0.bin,756,33554432,727.42,,
0,bench/30gib-0.bin,757,33554432,472.21,,
0,bench/30gib-0.bin,758,33554432,621.40,,
0,bench/30gib-0.bin,759,33554432,522.21,,
0,bench/30gib-0.bin,760,33554432,526.26,,
0,bench/30gib-0.bin,761,33554432,510.03,,
0,bench/30gib-0.bin,762,33554432,377.25,,
0,bench/30gib-0.bin,763,33554432,542.37,,
0,bench/30gib-0.bin,764,33554432,400.07,,
0,bench/30gib-0.bin,765,33554432,356.16,,
0,bench/30gib-0.bin,766,33554432,591.41,,
0,bench/30gib-0.bin,767,33554432,429.48,,
0,bench/30gib-0.bin,768,33554432,434.64,,
0,bench/30gib-0.bin,769,33554432,866.94,,
0,bench/30gib-0.bin,770,33554432,573.37,,
0,bench/30gib-0.bin,771,33554432,619.72,,
0,bench/30gib-0.bin,772,33554432,482.39,,
0,bench/30gib-0.bin,773,33554432,1010.12,,
0,bench/30gib-0.bin,774,33554432,441.05,,
0,bench/30gib-0.bin,775,33554432,382.48,,
0,bench/30gib-0.bin,776,33554432,468.57,,
0,bench/30gib-0.bin,777,33554432,384.19,,
0,bench/30gib-0.bin,778,33554432,461.61,,
0,bench/30gib-0.bin,779,33554432,588.59,,
0,bench/30gib-0.bin,780,33554432,360.04,,
0,bench/30gib-0.bin,781,33554432,581.52,,
0,bench/30gib-0.bin,782,33554432,460.28,,
0,bench/30gib-0.bin,783,33554432,379.24,,
0,bench/30gib-0.bin,784,33554432,617.12,,
0,bench/30gib-0.bin,785,33554432,342.81,,
0,bench/30gib-0.bin,786,33554432,723.07,,
0,bench/30gib-0.bin,787,33554432,403.46,,
0,bench/30gib-0.bin,788,33554432,464.80,,
0,bench/30gib-0.bin,789,33554432,412.63,,
0,bench/30gib-0.bin,790,33554432,517.68,,
0,bench/30gib-0.bin,791,33554432,599.52,,
0,bench/30gib-0.bin,792,33554432,491.23,,
0,bench/30gib-0.bin,793,33554432,517.16,,
0,bench/30gib-0.bin,794,33554432,507.04,,
0,bench/30gib-0.bin,795,33554432,613.51,,
0,bench/30gib-0.bin,796,33554432,379.85,,
0,bench/30gib-0.bin,797,33554432,507.62,,
0,bench/30gib-0.bin,798,33554432,751.91,,
0,bench/30gib-0.bin,799,33554432,397.02,,
0,bench/30gib-0.bin,800,33554432,363.09,,
0,bench/30gib-0.bin,801,33554432,345.60,,
0,bench/30gib-0.bin,802,33554432,382.94,,
0,bench/30gib-0.bin,803,33554432,693.85,,
0,bench/30gib-0.bin,804,33554432,682.21,,
0,bench/30gib-0.bin,805,33554432,566.43,,
0,bench/30gib-0.bin,806,33554432,562.54,,
0,bench/30gib-0.bin,807,33554432,763.65,,
0,bench/30gib-0.bin,808,33554432,516.41,,
0,bench/30gib-0.bin,809,33554432,564.41,,
0,bench/30gib-0.bin,810,33554432,413.63,,
0,bench/30gib-0.bin,811,33554432,513.15,,
0,bench/30gib-0.bin,812,33554432,730.97,,
0,bench/30gib-0.bin,813,33554432,643.22,,
0,bench/30gib-0.bin,814,33554432,395.85,,
0,bench/30gib-0.bin,815,33554432,533.91,,
0,bench/30gib-0.bin,816,33554432,488.93,,
0,bench/30gib-0.bin,817,33554432,540.78,,
0,bench/30gib-0.bin,818,33554432,632.66,,
0,bench/30gib-0.bin,819,33554432,523.62,,
0,bench/30gib-0.bin,820,33554432,362.81,,
0,bench/30gib-0.bin,821,33554432,441.36,,
0,bench/30gib-0.bin,822,33554432,606.72,,
0,bench/30gib-0.bin,823,33554432,512.05,,
0,bench/30gib-0.bin,824,33554432,469.78,,
0,bench/30gib-0.bin,825,33554432,553.52,,
0,bench/30gib-0.bin,826,33554432,542.67,,
0,bench/30gib-0.bin,827,33554432,451.72,,
0,bench/30gib-0.bin,828,33554432,726.75,,
0,bench/30gib-0.bin,829,33554432,386.53,,
0,bench/30gib-0.bin,830,33554432,749.26,,
0,bench/30gib-0.bin,831,33554432,421.41,,
0,bench/30gib-0.bin,832,33554432,666.32,,
0,bench/30gib-0.bin,833,33554432,675.12,,
0,bench/30gib-0.bin,834,33554432,697.54,,
0,bench/30gib-0.bin,835,33554432,376.65,,
0,bench/30gib-0.bin,836,33554432,509.88,,
0,bench/30gib-0.bin,837,33554432,601.42,,
0,bench/30gib-0.bin,838,33554432,421.20,,
0,bench/30gib-0.bin,839,33554432,612.09,,
0,bench/30gib-0.bin,840,33554432,349.05,,
0,bench/30gib-0.bin,841,33554432,403.03,,
0,bench/30gib-0.bin,842,33554432,666.87,,
0,bench/30gib-0.bin,843,33554432,796.11,,
0,bench/30gib-0.bin,844,33554432,520.85,,
0,bench/30gib-0.bin,845,33554432,426.03,,
0,bench/30gib-0.bin,846,33554432,384.50,,
0,bench/30gib-0.bin,847,33554432,519.38,,
0,bench/30gib-0.bin,848,33554432,563.64,,
0,bench/30gib-0.bin,849,33554432,455.88,,
0,bench/30gib-0.bin,850,33554432,347.65,,
0,bench/30gib-0.bin,851,33554432,959.39,,
0,bench/30gib-0.bin,852,33554432,620.79,,
0,bench/30gib-0.bin,853,33554432,419.17,,
0,bench/30gib-0.bin,854,33554432,583.74,,
0,bench/30gib-0.bin,855,33554432,388.14,,
0,bench/30gib-0.bin,856,33554432,343.79,,
0,bench/30gib-0.bin,857,33554432,460.18,,
0,bench/30gib-0.bin,858,33554432,912.79,,
0,bench/30gib-0.bin,859,33554432,466.23,,
0,bench/30gib-0.bin,860,33554432,585.56,,
0,bench/30gib-0.bin,861,33554432,466.45,,
0,bench/30gib-0.bin,862,33554432,695.20,,
0,bench/30gib-0.bin,863,33554432,465.09,,
0,bench/30gib-0.bin,864,33554432,435.57,,
0,bench/30gib-0.bin,865,33554432,401.99,,
0,bench/30gib-0.bin,866,33554432,582.62,,
0,bench/30gib-0.bin,867,33554432,393.73,,
0,bench/30gib-0.bin,868,33554432,498.45,,
0,bench/30gib-0.bin,869,33554432,504.02,,
0,bench/30gib-0.bin,870,33554432,448.86,,
0,bench/30gib-0.bin,871,33554432,450.52,,
0,bench/30gib-0.bin,872,33554432,492.01,,
0,bench/30gib-0.bin,873,33554432,490.13,,
0,bench/30gib-0.bin,874,33554432,466.19,,
0,bench/30gib-0.bin,875,33554432,424.87,,
0,bench/30gib-0.bin,876,33554432,355.33,,
0,bench/30gib-0.bin,877,33554432,359.12,,
0,bench/30gib-0.bin,878,33554432,687.74,,
0,bench/30gib-0.bin,879,33554432,475.24,,
0,bench/30gib-0.bin,880,33554432,466.39,,
0,bench/30gib-0.bin,881,33554432,515.29,,
0,bench/30gib-0.bin,882,33554432,499.85,,
0,bench/30gib-0.bin,883,33554432,443.48,,
0,bench/30gib-0.bin,884,33554432,401.69,,
0,bench/30gib-0.bin,885,33554432,457.44,,
0,bench/30gib-0.bin,886,33554432,394.35,,
0,bench/30gib-0.bin,887,33554432,390.78,,
0,bench/30gib-0.bin,888,33554432,615.49,,
0,bench/30gib-0.bin,889,33554432,620.92,,
0,bench/30gib-0.bin,890,33554432,602.96,,
0,bench/30gib-0.bin,891,33554432,487.37,,
0,bench/30gib-0.bin,892,33554432,448.02,,
0,bench/30gib-0.bin,893,33554432,387.42,,
0,bench/30gib-0.bin,894,33554432,404.19,,
0,bench/30gib-0.bin,895,33554432,721.03,,
0,bench/30gib-0.bin,896,33554432,592.36,,
0,bench/30gib-0.bin,897,33554432,570.68,,
0,bench/30gib-0.bin,898,33554432,564.60,,
0,bench/30gib-0.bin,899,33554432,460.97,,
0,bench/30gib-0.bin,900,33554432,494.86,,
0,bench/30gib-0.bin,901,33554432,440.17,,
0,bench/30gib-0.bin,902,33554432,480.44,,
0,bench/30gib-0.bin,903,33554432,910.77,,
0,bench/30gib-0.bin,904,33554432,391.45,,
0,bench/30gib-0.bin,905,33554432,577.26,,
0,bench/30gib-0.bin,906,33554432,444.66,,
0,bench/30gib-0.bin,907,33554432,473.70,,
0,bench/30gib-0.bin,908,33554432,554.14,,
0,bench/30gib-0.bin,909,33554432,440.53,,
0,bench/30gib-0.bin,910,33554432,357.91,,
0,bench/30gib-0.bin,911,33554432,670.31,,
0,bench/30gib-0.bin,912,33554432,571.01,,
0,bench/30gib-0.bin,913,33554432,711.79,,
0,bench/30gib-0.bin,914,33554432,355.05,,
0,bench/30gib-0.bin,915,33554432,543.74,,
0,bench/30gib-0.bin,916,33554432,530.58,,
0,bench/30gib-0.bin,917,33554432,364.38,,
0,bench/30gib-0.bin,918,33554432,514.33,,
0,bench/30gib-0.bin,919,33554432,627.62,,
0,bench/30gib-0.bin,920,33554432,471.24,,
0,bench/30gib-0.bin,921,33554432,640.36,,
0,bench/30gib-0.bin,922,33554432,577.61,,
0,bench/30gib-0.bin,923,33554432,628.52,,
0,bench/30gib-0.bin,924,33554432,397.67,,
0,bench/30gib-0.bin,925,33554432,504.28,,
0,bench/30gib-0.bin,926,33554432,524.11,,
0,bench/30gib-0.bin,927,33554432,498.86,,
0,bench/30gib-0.bin,928,33554432,653.92,,
0,bench/30gib-0.bin,929,33554432,446.67,,
0,bench/30gib-0.bin,930,33554432,350.64,,
0,bench/30gib-0.bin,931,33554432,473.13,,
0,bench/30gib-0.bin,932,33554432,749.78,,
0,bench/30gib-0.bin,933,33554432,598.92,,
0,bench/30gib-0.bin,934,33554432,409.34,,
0,bench/30gib-0.bin,935,33554432,734.65,,
0,bench/30gib-0.bin,936,33554432,467.07,,
0,bench/30gib-0.bin,937,33554432,726.32,,
0,bench/30gib-0.bin,938,33554432,447.85,,
0,bench/30gib-0.bin,939,33554432,498.80,,
0,bench/30gib-0.bin,940,33554432,432.87,,
0,bench/30gib-0.bin,941,33554432,549.55,,
0,bench/30gib-0.bin,942,33554432,595.56,,
0,bench/30gib-0.bin,943,33554432,638.82,,
0,bench/30gib-0.bin,944,33554432,461.36,,
0,bench/30gib-0.bin,945,33554432,355.36,,
0,bench/30gib-0.bin,946,33554432,570.94,,
0,bench/30gib-0.bin,947,33554432,471.50,,
0,bench/30gib-0.bin,948,33554432,466.75,,
0,bench/30gib-0.bin,949,33554432,444.17,,
0,bench/30gib-0.bin,950,33554432,395.01,,
0,bench/30gib-0.bin,951,33554432,392.32,,
0,bench/30gib-0.bin,952,33554432,405.71,,
0,bench/30gib-0.bin,953,33554432,464.39,,
0,bench/30gib-0.bin,954,33554432,560.57,,
0,bench/30gib-0.bin,955,33554432,371.68,,
0,bench/30gib-0.bin,956,33554432,456.28,,
0,bench/30gib-0.bin,957,33554432,516.19,,
0,bench/30gib-0.bin,958,33554432,510.30,,
0,bench/30gib-0.bin,959,33554432,345.42,,
0,bench/30gib-0.bin,960,33554432,355.26,,
0,bench/30gib-1.bin,1,33554432,773.60,,
0,bench/30gib-1.bin,2,33554432,1182.93,,
0,bench/30gib-1.bin,3,33554432,616.13,,
0,bench/30gib-1.bin,4,33554432,704.47,,
0,bench/30gib-1.bin,5,33554432,996.79,,
0,bench/30gib-1.bin,6,33554432,1195.16,,
0,bench/30gib-1.bin,7,33554432,1007.92,,
0,bench/30gib-1.bin,8,33554432,1386.51,,
0,bench/30gib-1.bin,9,33554432,1210.98,,
0,bench/30gib-1.bin,10,33554432,792.81,,
0,bench/30gib-1.bin,11,33554432,1213.63,,
0,bench/30gib-1.bin,12,33554432,747.67,,
0,bench/30gib-1.bin,13,33554432,1148.77,,
0,bench/30gib-1.bin,14,33554432,711.60,,
0,bench/30gib-1.bin,15,33554432,559.46,,
0,bench/30gib-1.bin,16,33554432,856.14,,
0,bench/30gib-1.bin,17,33554432,551.66,,
0,bench/30gib-1.bin,18,33554432,1240.05,,
0,bench/30gib-1.bin,19,33554432,998.30,,
0,bench/30gib-1.bin,20,33554432,1042.75,,
0,bench/30gib-1.bin,21,33554432,768.26,,
0,bench/30gib-1.bin,22,33554432,1256.11,,
0,bench/30gib-1.bin,23,33554432,596.48,,
0,bench/30gib-1.bin,24,33554432,1021.39,,
0,bench/30gib-1.bin,25,33554432,787.17,,
0,bench/30gib-1.bin,26,33554432,919.71,,
0,bench/30gib-1.bin,27,33554432,503.52,,
0,bench/30gib-1.bin,28,33554432,480.53,,
0,bench/30gib-1.bin,29,33554432,729.25,,
0,bench/30gib-1.bin,30,33554432,562.04,,
0,bench/30gib-1.bin,31,33554432,835.49,,
0,bench/30gib-1.bin,32,33554432,912.00,,
0,bench/30gib-1.bin,33,33554432,671.79,,
0,bench/30gib-1.bin,34,33554432,951.66,,
0,bench/30gib-1.bin,35,33554432,624.73,,
0,bench/30gib-1.bin,36,33554432,435.08,,
0,bench/30gib-1.bin,37,33554432,418.28,,
0,bench/30gib-1.bin,38,33554432,439.80,,
0,bench/30gib-1.bin,39,33554432,736.39,,
0,bench/30gib-1.bin,40,33554432,406.32,,
0,bench/30gib-1.bin,41,33554432,385.84,,
0,bench/30gib-1.bin,42,33554432,369.44,,
0,bench/30gib-1.bin,43,33554432,394.31,,
0,bench/30gib-1.bin,44,33554432,414.37,,
0,bench/30gib-1.bin,45,33554432,764.60,,
0,bench/30gib-1.bin,46,33554432,1030.84,,
0,bench/30gib-1.bin,47,33554432,976.66,,
0,bench/30gib-1.bin,48,33554432,1500.24,,
0,bench/30gib-1.bin,49,33554432,560.95,,
0,bench/30gib-1.bin,50,33554432,752.27,,
0,bench/30gib-1.bin,51,33554432,424.31,,
0,bench/30gib-1.bin,52,33554432,351.44,,
0,bench/30gib-1.bin,53,33554432,695.93,,
0,bench/30gib-1.bin,54,33554432,562.67,,
0,bench/30gib-1.bin,55,33554432,477.73,,
0,bench/30gib-1.bin,56,33554432,496.34,,
0,bench/30gib-1.bin,57,33554432,730.38,,
0,bench/30gib-1.bin,58,33554432,1084.11,,
0,bench/30gib-1.bin,59,33554432,372.64,,
0,bench/30gib-1.bin,60,33554432,648.31,,
0,bench/30gib-1.bin,61,33554432,358.06,,
0,bench/30gib-1.bin,62,33554432,994.87,,
0,bench/30gib-1.bin,63,33554432,494.06,,
0,bench/30gib-1.bin,64,33554432,482.22,,
0,bench/30gib-1.bin,65,33554432,695.94,,
0,bench/30gib-1.bin,66,33554432,467.66,,
0,bench/30gib-1.bin,67,33554432,681.47,,
0,bench/30gib-1.bin,68,33554432,422.38,,
0,bench/30gib-1.bin,69,33554432,615.82,,
0,bench/30gib-1.bin,70,33554432,415.94,,
0,bench/30gib-1.bin,71,33554432,500.82,,
0,bench/30gib-1.bin,72,33554432,395.84,,
0,bench/30gib-1.bin,73,33554432,357.52,,
0,bench/30gib-1.bin,74,33554432,364.03,,
0,bench/30gib-1.bin,75,33554432,479.25,,
0,bench/30gib-1.bin,76,33554432,348.19,,
0,bench/30gib-1.bin,77,33554432,595.99,,
0,bench/30gib-1.bin,78,33554432,792.20,,
0,bench/30gib-1.bin,79,33554432,700.35,,
0,bench/30gib-1.bin,80,33554432,344.72,,
0,bench/30gib-1.bin,81,33554432,574.79,,
0,bench/30gib-1.bin,82,33554432,364.23,,
0,bench/30gib-1.bin,83,33554432,726.00,,
0,bench/30gib-1.bin,84,33554432,427.96,,
0,bench/30gib-1.bin,85,33554432,482.81,,
0,bench/30gib-1.bin,86,33554432,802.25,,
0,bench/30gib-1.bin,87,33554432,373.48,,
0,bench/30gib-1.bin,88,33554432,572.31,,
0,bench/30gib-1.bin,89,33554432,460.53,,
0,bench/30gib-1.bin,90,33554432,388.50,,
0,bench/30gib-1.bin,91,33554432,368.38,,
0,bench/30gib-1.bin,92,33554432,345.71,,
0,bench/30gib-1.bin,93,33554432,595.54,,
0,bench/30gib-1.bin,94,33554432,878.71,,
0,bench/30gib-1.bin,95,33554432,505.75,,
0,bench/30gib-1.bin,96,33554432,416.55,,
0,bench/30gib-1.bin,97,33554432,497.13,,
0,bench/30gib-1.bin,98,33554432,656.37,,
0,bench/30gib-1.bin,99,33554432,342.24,,
0,bench/30gib-1.bin,100,33554432,584.94,,
0,bench/30gib-1.bin,101,33554432,616.53,,
0,bench/30gib-1.bin,102,33554432,447.75,,
0,bench/30gib-1.bin,103,33554432,708.56,,
0,bench/30gib-1.bin,104,33554432,686.00,,
0,bench/30gib-1.bin,105,33554432,635.19,,
0,bench/30gib-1.bin,106,33554432,759.90,,
0,bench/30gib-1.bin,107,33554432,413.82,,
0,bench/30gib-1.bin,108,33554432,369.78,,
0,bench/30gib-1.bin,109,33554432,517.67,,
0,bench/30gib-1.bin,110,33554432,347.56,,
0,bench/30gib-1.bin,111,33554432,489.93,,
0,bench/30gib-1.bin,112,33554432,919.42,,
0,bench/30gib-1.bin,113,33554432,537.75,,
0,bench/30gib-1.bin,114,33554432,432.74,,
0,bench/30gib-1.bin,115,33554432,351.04,,
0,bench/30gib-1.bin,116,33554432,709.32,,
0,bench/30gib-1.bin,117,33554432,490.08,,
0,bench/30gib-1.bin,118,33554432,605.27,,
0,bench/30gib-1.bin,119,33554432,529.14,,
0,bench/30gib-1.bin,120,33554432,424.92,,
0,bench/30gib-1.bin,121,33554432,436.98,,
0,bench/30gib-1.bin,122,33554432,348.16,,
0,bench/30gib-1.bin,123,33554432,665.86,,
0,bench/30gib-1.bin,124,33554432,605.31,,
0,bench/30gib-1.bin,125,33554432,533.21,,
0,bench/30gib-1.bin,126,33554432,405.36,,
0,bench/30gib-1.bin,127,33554432,612.27,,
0,bench/30gib-1.bin,128,33554432,366.83,,
0,bench/30gib-1.bin,129,33554432,1104.40,,
0,bench/30gib-1.bin,130,33554432,981.93,,
0,bench/30gib-1.bin,131,33554432,341.34,,
0,bench/30gib-1.bin,132,33554432,462.47,,
0,bench/30gib-1.bin,133,33554432,395.88,,
0,bench/30gib-1.bin,134,33554432,682.88,,
0,bench/30gib-1.bin,135,33554432,816.12,,
0,bench/30gib-1.bin,136,33554432,360.98,,
0,bench/30gib-1.bin,137,33554432,764.24,,
0,bench/30gib-1.bin,138,33554432,377.14,,
0,bench/30gib-1.bin,139,33554432,346.49,,
0,bench/30gib-1.bin,140,33554432,375.04,,
0,bench/30gib-1.bin,141,33554432,458.64,,
0,bench/30gib-1.bin,142,33554432,433.46,,
0,bench/30gib-1.bin,143,33554432,359.85,,
0,bench/30gib-1.bin,144,33554432,791.62,,
0,bench/30gib-1.bin,145,33554432,469.39,,
0,bench/30gib-1.bin,146,33554432,700.94,,
0,bench/30gib-1.bin,147,33554432,466.84,,
0,bench/30gib-1.bin,148,33554432,383.93,,
0,bench/30gib-1.bin,149,33554432,604.31,,
0,bench/30gib-1.bin,150,33554432,467.84,,
0,bench/30gib-1.bin,151,33554432,389.97,,
0,bench/30gib-1.bin,152,33554432,514.47,,
0,bench/30gib-1.bin,153,33554432,431.04,,
0,bench/30gib-1.bin,154,33554432,946.06,,
0,bench/30gib-1.bin,155,33554432,396.46,,
0,bench/30gib-1.bin,156,33554432,360.28,,
0,bench/30gib-1.bin,157,33554432,449.53,,
0,bench/30gib-1.bin,158,33554432,698.63,,
0,bench/30gib-1.bin,159,33554432,500.49,,
0,bench/30gib-1.bin,160,33554432,606.71,,
0,bench/30gib-1.bin,161,33554432,388.76,,
0,bench/30gib-1.bin,162,33554432,486.43,,
0,bench/30gib-1.bin,163,33554432,654.12,,
0,bench/30gib-1.bin,164,33554432,348.22,,
0,bench/30gib-1.bin,165,33554432,370.23,,
0,bench/30gib-1.bin,166,33554432,696.86,,
0,bench/30gib-1.bin,167,33554432,353.38,,
0,bench/30gib-1.bin,168,33554432,534.96,,
0,bench/30gib-1.bin,169,33554432,638.92,,
0,bench/30gib-1.bin,170,33554432,437.64,,
0,bench/30gib-1.bin,171,33554432,408.19,,
0,bench/30gib-1.bin,172,33554432,889.78,,
0,bench/30gib-1.bin,173,33554432,601.84,,
0,bench/30gib-1.bin,174,33554432,663.23,,
0,bench/30gib-1.bin,175,33554432,403.76,,
0,bench/30gib-1.bin,176,33554432,405.90,,
0,bench/30gib-1.bin,177,33554432,472.71,,
0,bench/30gib-1.bin,178,33554432,490.21,,
0,bench/30gib-1.bin,179,33554432,426.84,,
0,bench/30gib-1.bin,180,33554432,421.21,,
0,bench/30gib-1.bin,181,33554432,399.52,,
0,bench/30gib-1.bin,182,33554432,346.01,,
0,bench/30gib-1.bin,183,33554432,355.55,,
0,bench/30gib-1.bin,184,33554432,1107.91,,
0,bench/30gib-1.bin,185,33554432,383.42,,
0,bench/30gib-1.bin,186,33554432,600.67,,
0,bench/30gib-1.bin,187,33554432,456.61,,
0,bench/30gib-1.bin,188,33554432,479.38,,
0,bench/30gib-1.bin,189,33554432,380.64,,
0,bench/30gib-1.bin,190,33554432,647.03,,
0,bench/30gib-1.bin,191,33554432,919.84,,
0,bench/30gib-1.bin,192,33554432,522.20,,
0,bench/30gib-1.bin,193,33554432,538.31,,
0,bench/30gib-1.bin,194,33554432,811.40,,
0,bench/30gib-1.bin,195,33554432,653.24,,
0,bench/30gib-1.bin,196,33554432,448.12,,
0,bench/30gib-1.bin,197,33554432,348.83,,
0,bench/30gib-1.bin,198,33554432,599.41,,
0,bench/30gib-1.bin,199,33554432,457.13,,
0,bench/30gib-1.bin,200,33554432,430.24,,
0,bench/30gib-1.bin,201,33554432,416.69,,
0,bench/30gib-1.bin,202,33554432,476.46,,
0,bench/30gib-1.bin,203,33554432,522.11,,
0,bench/30gib-1.bin,204,33554432,430.03,,
0,bench/30gib-1.bin,205,33554432,653.20,,
0,bench/30gib-1.bin,206,33554432,439.75,,
0,bench/30gib-1.bin,207,33554432,363.08,,
0,bench/30gib-1.bin,208,33554432,357.18,,
0,bench/30gib-1.bin,209,33554432,444.68,,
0,bench/30gib-1.bin,210,33554432,362.34,,
0,bench/30gib-1.bin,211,33554432,411.93,,
0,bench/30gib-1.bin,212,33554432,425.58,,
0,bench/30gib-1.bin,213,33554432,422.33,,
0,bench/30gib-1.bin,214,33554432,395.49,,
0,bench/30gib-1.bin,215,33554432,418.87,,
0,bench/30gib-1.bin,216,33554432,486.92,,
0,bench/30gib-1.bin,217,33554432,507.38,,
0,bench/30gib-1.bin,218,33554432,397.74,,
0,bench/30gib-1.bin,219,33554432,393.48,,
0,bench/30gib-1.bin,220,33554432,660.17,,
0,bench/30gib-1.bin,221,33554432,603.84,,
0,bench/30gib-1.bin,222,33554432,718.74,,
0,bench/30gib-1.bin,223,33554432,356.63,,
0,bench/30gib-1.bin,224,33554432,347.76,,
0,bench/30gib-1.bin,225,33554432,458.13,,
0,bench/30gib-1.bin,226,33554432,424.54,,
0,bench/30gib-1.bin,227,33554432,589.19,,
0,bench/30gib-1.bin,228,33554432,380.42,,
0,bench/30gib-1.bin,229,33554432,396.58,,
0,bench/30gib-1.bin,230,33554432,463.28,,
0,bench/30gib-1.bin,231,33554432,392.91,,
0,bench/30gib-1.bin,232,33554432,360.24,,
0,bench/30gib-1.bin,233,33554432,431.56,,
0,bench/30gib-1.bin,234,33554432,453.11,,
0,bench/30gib-1.bin,235,33554432,903.09,,
0,bench/30gib-1.bin,236,33554432,355.94,,
0,bench/30gib-1.bin,237,33554432,345.42,,
0,bench/30gib-1.bin,238,33554432,408.18,,
0,bench/30gib-1.bin,239,33554432,546.85,,
0,bench/30gib-1.bin,240,33554432,610.06,,
0,bench/30gib-1.bin,241,33554432,458.81,,
0,bench/30gib-1.bin,242,33554432,443.50,,
0,bench/30gib-1.bin,243,33554432,507.46,,
0,bench/30gib-1.bin,244,33554432,412.07,,
0,bench/30gib-1.bin,245,33554432,353.48,,
0,bench/30gib-1.bin,246,33554432,463.42,,
0,bench/30gib-1.bin,247,33554432,498.99,,
0,bench/30gib-1.bin,248,33554432,453.67,,
0,bench/30gib-1.bin,249,33554432,503.96,,
0,bench/30gib-1.bin,250,33554432,354.90,,
0,bench/30gib-1.bin,251,33554432,346.38,,
0,bench/30gib-1.bin,252,33554432,483.37,,
0,bench/30gib-1.bin,253,33554432,812.01,,
0,bench/30gib-1.bin,254,33554432,589.11,,
0,bench/30gib-1.bin,255,33554432,686.65,,
0,bench/30gib-1.bin,256,33554432,424.61,,
0,bench/30gib-1.bin,257,33554432,772.65,,
0,bench/30gib-1.bin,258,33554432,385.69,,
0,bench/30gib-1.bin,259,33554432,555.72,,
0,bench/30gib-1.bin,260,33554432,481.05,,
0,bench/30gib-1.bin,261,33554432,435.90,,
0,bench/30gib-1.bin,262,33554432,343.51,,
0,bench/30gib-1.bin,263,33554432,447.54,,
0,bench/30gib-1.bin,264,33554432,423.07,,
0,bench/30gib-1.bin,265,33554432,609.34,,
0,bench/30gib-1.bin,266,33554432,344.02,,
0,bench/30gib-1.bin,267,33554432,346.92,,
0,bench/30gib-1.bin,268,33554432,772.98,,
0,bench/30gib-1.bin,269,33554432,341.80,,
0,bench/30gib-1.bin,270,33554432,579.63,,
0,bench/30gib-1.bin,271,33554432,565.90,,
0,bench/30gib-1.bin,272,33554432,594.61,,
0,bench/30gib-1.bin,273,33554432,459.17,,
0,bench/30gib-1.bin,274,33554432,496.37,,
0,bench/30gib-1.bin,275,33554432,459.68,,
0,bench/30gib-1.bin,276,33554432,578.54,,
0,bench/30gib-1.bin,277,33554432,503.26,,
0,bench/30gib-1.bin,278,33554432,733.89,,
0,bench/30gib-1.bin,279,33554432,844.02,,
0,bench/30gib-1.bin,280,33554432,1049.58,,
0,bench/30gib-1.bin,281,33554432,583.16,,
0,bench/30gib-1.bin,282,33554432,587.87,,
0,bench/30gib-1.bin,283,33554432,705.43,,
0,bench/30gib-1.bin,284,33554432,567.86,,
0,bench/30gib-1.bin,285,33554432,490.16,,
0,bench/30gib-1.bin,286,33554432,468.08,,
0,bench/30gib-1.bin,287,33554432,672.57,,
0,bench/30gib-1.bin,288,33554432,348.31,,
0,bench/30gib-1.bin,289,33554432,658.59,,
0,bench/30gib-1.bin,290,33554432,419.31,,
0,bench/30gib-1.bin,291,33554432,469.30,,
0,bench/30gib-1.bin,292,33554432,367.90,,
0,bench/30gib-1.bin,293,33554432,501.10,,
0,bench/30gib-1.bin,294,33554432,662.70,,
0,bench/30gib-1.bin,295,33554432,587.09,,
0,bench/30gib-1.bin,296,33554432,461.16,,
0,bench/30gib-1.bin,297,33554432,404.77,,
0,bench/30gib-1.bin,298,33554432,376.23,,
0,bench/30gib-1.bin,299,33554432,449.36,,
0,bench/30gib-1.bin,300,33554432,359.99,,
0,bench/30gib-1.bin,301,33554432,401.96,,
0,bench/30gib-1.bin,302,33554432,417.04,,
0,bench/30gib-1.bin,303,33554432,369.90,,
0,bench/30gib-1.bin,304,33554432,443.12,,
0,bench/30gib-1.bin,305,33554432,344.18,,
0,bench/30gib-1.bin,306,33554432,514.45,,
0,bench/30gib-1.bin,307,33554432,428.77,,
0,bench/30gib-1.bin,308,33554432,655.94,,
0,bench/30gib-1.bin,309,33554432,449.60,,
0,bench/30gib-1.bin,310,33554432,566.54,,
0,bench/30gib-1.bin,311,33554432,441.01,,
0,bench/30gib-1.bin,312,33554432,586.27,,
0,bench/30gib-1.bin,313,33554432,387.54,,
0,bench/30gib-1.bin,314,33554432,475.46,,
0,bench/30gib-1.bin,315,33554432,560.60,,
0,bench/30gib-1.bin,316,33554432,625.90,,
0,bench/30gib-1.bin,317,33554432,587.99,,
0,bench/30gib-1.bin,318,33554432,424.12,,
0,bench/30gib-1.bin,319,33554432,516.72,,
0,bench/30gib-1.bin,320,33554432,537.65,,
0,bench/30gib-1.bin,321,33554432,397.16,,
0,bench/30gib-1.bin,322,33554432,363.31,,
0,bench/30gib-1.bin,323,33554432,585.50,,
0,bench/30gib-1.bin,324,33554432,555.96,,
0,bench/30gib-1.bin,325,33554432,490.58,,
0,bench/30gib-1.bin,326,33554432,442.54,,
0,bench/30gib-1.bin,327,33554432,395.94,,
0,bench/30gib-1.bin,328,33554432,499.82,,
0,bench/30gib-1.bin,329,33554432,459.47,,
0,bench/30gib-1.bin,330,33554432,429.13,,
0,bench/30gib-1.bin,331,33554432,405.77,,
0,bench/30gib-1.bin,332,33554432,543.48,,
0,bench/30gib-1.bin,333,33554432,402.68,,
0,bench/30gib-1.bin,334,33554432,344.36,,
0,bench/30gib-1.bin,335,33554432,396.10,,
0,bench/30gib-1.bin,336,33554432,761.87,,
0,bench/30gib-1.bin,337,33554432,344.19,,
0,bench/30gib-1.bin,338,33554432,564.64,,
0,bench/30gib-1.bin,339,33554432,441.44,,
0,bench/30gib-1.bin,340,33554432,669.19,,
0,bench/30gib-1.bin,341,33554432,511.83,,
0,bench/30gib-1.bin,342,33554432,390.81,,
0,bench/30gib-1.bin,343,33554432,498.39,,
0,bench/30gib-1.bin,344,33554432,391.18,,
0,bench/30gib-1.bin,345,33554432,546.55,,
0,bench/30gib-1.bin,346,33554432,413.94,,
0,bench/30gib-1.bin,347,33554432,352.81,,
0,bench/30gib-1.bin,348,33554432,345.69,,
0,bench/30gib-1.bin,349,33554432,581.51,,
0,bench/30gib-1.bin,350,33554432,533.27,,
0,bench/30gib-1.bin,351,33554432,530.31,,
0,bench/30gib-1.bin,352,33554432,509.64,,
0,bench/30gib-1.bin,353,33554432,400.90,,
0,bench/30gib-1.bin,354,33554432,556.23,,
0,bench/30gib-1.bin,355,33554432,406.91,,
0,bench/30gib-1.bin,356,33554432,395.35,,
0,bench/30gib-1.bin,357,33554432,532.31,,
0,bench/30gib-1.bin,358,33554432,634.34,,
0,bench/30gib-1.bin,359,33554432,709.89,,
0,bench/30gib-1.bin,360,33554432,484.06,,
0,bench/30gib-1.bin,361,33554432,359.77,,
0,bench/30gib-1.bin,362,33554432,942.58,,
0,bench/30gib-1.bin,363,33554432,683.18,,
0,bench/30gib-1.bin,364,33554432,463.56,,
0,bench/30gib-1.bin,365,33554432,569.59,,
0,bench/30gib-1.bin,366,33554432,518.94,,
0,bench/30gib-1.bin,367,33554432,525.07,,
0,bench/30gib-1.bin,368,33554432,432.26,,
0,bench/30gib-1.bin,369,33554432,479.36,,
0,bench/30gib-1.bin,370,33554432,566.01,,
0,bench/30gib-1.bin,371,33554432,387.85,,
0,bench/30gib-1.bin,372,33554432,376.24,,
0,bench/30gib-1.bin,373,33554432,487.74,,
0,bench/30gib-1.bin,374,33554432,533.08,,
0,bench/30gib-1.bin,375,33554432,646.07,,
0,bench/30gib-1.bin,376,33554432,344.16,,
0,bench/30gib-1.bin,377,33554432,613.13,,
0,bench/30gib-1.bin,378,33554432,678.75,,
0,bench/30gib-1.bin,379,33554432,642.38,,
0,bench/30gib-1.bin,380,33554432,374.69,,
0,bench/30gib-1.bin,381,33554432,806.04,,
0,bench/30gib-1.bin,382,33554432,837.74,,
0,bench/30gib-1.bin,383,33554432,541.79,,
0,bench/30gib-1.bin,384,33554432,384.58,,
0,bench/30gib-1.bin,385,33554432,552.12,,
0,bench/30gib-1.bin,386,33554432,567.36,,
0,bench/30gib-1.bin,387,33554432,564.58,,
0,bench/30gib-1.bin,388,33554432,344.92,,
0,bench/30gib-1.bin,389,33554432,450.49,,
0,bench/30gib-1.bin,390,33554432,360.05,,
0,bench/30gib-1.bin,391,33554432,841.96,,
0,bench/30gib-1.bin,392,33554432,517.32,,
0,bench/30gib-1.bin,393,33554432,428.19,,
0,bench/30gib-1.bin,394,33554432,985.42,,
0,bench/30gib-1.bin,395,33554432,468.15,,
0,bench/30gib-1.bin,396,33554432,342.83,,
0,bench/30gib-1.bin,397,33554432,514.35,,
0,bench/30gib-1.bin,398,33554432,370.89,,
0,bench/30gib-1.bin,399,33554432,363.06,,
0,bench/30gib-1.bin,400,33554432,470.91,,
0,bench/30gib-1.bin,401,33554432,588.89,,
0,bench/30gib-1.bin,402,33554432,397.37,,
0,bench/30gib-1.bin,403,33554432,426.21,,
0,bench/30gib-1.bin,404,33554432,460.28,,
0,bench/30gib-1.bin,405,33554432,657.96,,
0,bench/30gib-1.bin,406,33554432,652.39,,
0,bench/30gib-1.bin,407,33554432,359.89,,
0,bench/30gib-1.bin,408,33554432,838.42,,
0,bench/30gib-1.bin,409,33554432,885.05,,
0,bench/30gib-1.bin,410,33554432,355.49,,
0,bench/30gib-1.bin,411,33554432,547.75,,
0,bench/30gib-1.bin,412,33554432,393.79,,
0,bench/30gib-1.bin,413,33554432,481.86,,
0,bench/30gib-1.bin,414,33554432,442.56,,
0,bench/30gib-1.bin,415,33554432,546.91,,
0,bench/30gib-1.bin,416,33554432,562.51,,
0,bench/30gib-1.bin,417,33554432,481.24,,
0,bench/30gib-1.bin,418,33554432,446.53,,
0,bench/30gib-1.bin,419,33554432,501.67,,
0,bench/30gib-1.bin,420,33554432,604.08,,
0,bench/30gib-1.bin,421,33554432,344.31,,
0,bench/30gib-1.bin,422,33554432,518.18,,
0,bench/30gib-1.bin,423,33554432,576.98,,
0,bench/30gib-1.bin,424,33554432,445.92,,
0,bench/30gib-1.bin,425,33554432,346.33,,
0,bench/30gib-1.bin,426,33554432,370.18,,
0,bench/30gib-1.bin,427,33554432,398.57,,
0,bench/30gib-1.bin,428,33554432,394.76,,
0,bench/30gib-1.bin,429,33554432,638.45,,
0,bench/30gib-1.bin,430,33554432,619.10,,
0,bench/30gib-1.bin,431,33554432,371.88,,
0,bench/30gib-1.bin,432,33554432,423.77,,
0,bench/30gib-1.bin,433,33554432,655.90,,
0,bench/30gib-1.bin,434,33554432,458.42,,
0,bench/30gib-1.bin,435,33554432,616.14,,
0,bench/30gib-1.bin,436,33554432,417.83,,
0,bench/30gib-1.bin,437,33554432,504.70,,
0,bench/30gib-1.bin,438,33554432,738.19,,
0,bench/30gib-1.bin,439,33554432,458.42,,
0,bench/30gib-1.bin,440,33554432,491.13,,
0,bench/30gib-1.bin,441,33554432,572.00,,
0,bench/30gib-1.bin,442,33554432,349.67,,
0,bench/30gib-1.bin,443,33554432,408.29,,
0,bench/30gib-1.bin,444,33554432,881.97,,
0,bench/30gib-1.bin,445,33554432,677.57,,
0,bench/30gib-1.bin,446,33554432,384.55,,
0,bench/30gib-1.bin,447,33554432,518.65,,
0,bench/30gib-1.bin,448,33554432,427.54,,
0,bench/30gib-1.bin,449,33554432,524.39,,
0,bench/30gib-1.bin,450,33554432,444.39,,
0,bench/30gib-1.bin,451,33554432,384.60,,
0,bench/30gib-1.bin,452,33554432,362.89,,
0,bench/30gib-1.bin,453,33554432,351.16,,
0,bench/30gib-1.bin,454,33554432,344.62,,
0,bench/30gib-1.bin,455,33554432,529.08,,
0,bench/30gib-1.bin,456,33554432,439.81,,
0,bench/30gib-1.bin,457,33554432,419.58,,
0,bench/30gib-1.bin,458,33554432,982.71,,
0,bench/30gib-1.bin,459,33554432,606.65,,
0,bench/30gib-1.bin,460,33554432,389.93,,
0,bench/30gib-1.bin,461,33554432,357.72,,
0,bench/30gib-1.bin,462,33554432,406.90,,
0,bench/30gib-1.bin,463,33554432,432.93,,
0,bench/30gib-1.bin,464,33554432,341.07,,
0,bench/30gib-1.bin,465,33554432,542.04,,
0,bench/30gib-1.bin,466,33554432,521.07,,
0,bench/30gib-1.bin,467,33554432,767.38,,
0,bench/30gib-1.bin,468,33554432,946.51,,
0,bench/30gib-1.bin,469,33554432,442.66,,
0,bench/30gib-1.bin,470,33554432,406.05,,
0,bench/30gib-1.bin,471,33554432,519.09,,
0,bench/30gib-1.bin,472,33554432,344.00,,
0,bench/30gib-1.bin,473,33554432,409.66,,
0,bench/30gib-1.bin,474,33554432,412.70,,
0,bench/30gib-1.bin,475,33554432,403.92,,
0,bench/30gib-1.bin,476,33554432,592.06,,
0,bench/30gib-1.bin,477,33554432,381.31,,
0,bench/30gib-1.bin,478,33554432,363.08,,
0,bench/30gib-1.bin,479,33554432,850.14,,
0,bench/30gib-1.bin,480,33554432,429.77,,
0,bench/30gib-1.bin,481,33554432,568.09,,
0,bench/30gib-1.bin,482,33554432,379.86,,
0,bench/30gib-1.bin,483,33554432,840.53,,
0,bench/30gib-1.bin,484,33554432,458.87,,
0,bench/30gib-1.bin,485,33554432,398.72,,
0,bench/30gib-1.bin,486,33554432,600.19,,
0,bench/30gib-1.bin,487,33554432,786.94,,
0,bench/30gib-1.bin,488,33554432,793.87,,
0,bench/30gib-1.bin,489,33554432,439.73,,
0,bench/30gib-1.bin,490,33554432,365.87,,
0,bench/30gib-1.bin,491,33554432,431.56,,
0,bench/30gib-1.bin,492,33554432,544.63,,
0,bench/30gib-1.bin,493,33554432,480.40,,
0,bench/30gib-1.bin,494,33554432,446.13,,
0,bench/30gib-1.bin,495,33554432,401.14,,
0,bench/30gib-1.bin,496,33554432,458.23,,
0,bench/30gib-1.bin,497,33554432,593.31,,
0,bench/30gib-1.bin,498,33554432,1328.47,,
0,bench/30gib-1.bin,499,33554432,690.51,,
0,bench/30gib-1.bin,500,33554432,345.94,,
0,bench/30gib-1.bin,501,33554432,445.42,,
0,bench/30gib-1.bin,502,33554432,517.47,,
0,bench/30gib-1.bin,503,33554432,715.78,,
0,bench/30gib-1.bin,504,33554432,805.15,,
0,bench/30gib-1.bin,505,33554432,354.85,,
0,bench/30gib-1.bin,506,33554432,362.00,,
0,bench/30gib-1.bin,507,33554432,464.10,,
0,bench/30gib-1.bin,508,33554432,480.03,,
0,bench/30gib-1.bin,509,33554432,424.05,,
0,bench/30gib-1.bin,510,33554432,513.71,,
0,bench/30gib-1.bin,511,33554432,501.24,,
0,bench/30gib-1.bin,512,33554432,378.49,,
0,bench/30gib-1.bin,513,33554432,382.18,,
0,bench/30gib-1.bin,514,33554432,1040.06,,
0,bench/30gib-1.bin,515,33554432,471.96,,
0,bench/30gib-1.bin,516,33554432,357.83,,
0,bench/30gib-1.bin,517,33554432,340.80,,
0,bench/30gib-1.bin,518,33554432,465.36,,
0,bench/30gib-1.bin,519,33554432,489.24,,
0,bench/30gib-1.bin,520,33554432,676.39,,
0,bench/30gib-1.bin,521,33554432,659.13,,
0,bench/30gib-1.bin,522,33554432,571.52,,
0,bench/30gib-1.bin,523,33554432,526.19,,
0,bench/30gib-1.bin,524,33554432,448.53,,
0,bench/30gib-1.bin,525,33554432,529.24,,
0,bench/30gib-1.bin,526,33554432,492.61,,
0,bench/30gib-1.bin,527,33554432,630.21,,
0,bench/30gib-1.bin,528,33554432,349.85,,
0,bench/30gib-1.bin,529,33554432,631.94,,
0,bench/30gib-1.bin,530,33554432,423.13,,
0,bench/30gib-1.bin,531,33554432,694.90,,
0,bench/30gib-1.bin,532,33554432,389.47,,
0,bench/30gib-1.bin,533,33554432,552.22,,
0,bench/30gib-1.bin,534,33554432,891.39,,
0,bench/30gib-1.bin,535,33554432,530.79,,
0,bench/30gib-1.bin,536,33554432,425.19,,
0,bench/30gib-1.bin,537,33554432,440.12,,
0,bench/30gib-1.bin,538,33554432,461.99,,
0,bench/30gib-1.bin,539,33554432,344.08,,
0,bench/30gib-1.bin,540,33554432,751.78,,
0,bench/30gib-1.bin,541,33554432,348.22,,
0,bench/30gib-1.bin,542,33554432,352.62,,
0,bench/30gib-1.bin,543,33554432,679.72,,
0,bench/30gib-1.bin,544,33554432,760.33,,
0,bench/30gib-1.bin,545,33554432,475.07,,
0,bench/30gib-1.bin,546,33554432,515.01,,
0,bench/30gib-1.bin,547,33554432,616.07,,
0,bench/30gib-1.bin,548,33554432,563.66,,
0,bench/30gib-1.bin,549,33554432,578.68,,
0,bench/30gib-1.bin,550,33554432,460.50,,
0,bench/30gib-1.bin,551,33554432,522.48,,
0,bench/30gib-1.bin,552,33554432,534.03,,
0,bench/30gib-1.bin,553,33554432,545.37,,
0,bench/30gib-1.bin,554,33554432,546.81,,
0,bench/30gib-1.bin,555,33554432,653.62,,
0,bench/30gib-1.bin,556,33554432,918.56,,
0,bench/30gib-1.bin,557,33554432,443.93,,
0,bench/30gib-1.bin,558,33554432,632.13,,
0,bench/30gib-1.bin,559,33554432,1024.07,,
0,bench/30gib-1.bin,560,33554432,470.36,,
0,bench/30gib-1.bin,561,33554432,412.57,,
0,bench/30gib-1.bin,562,33554432,534.62,,
0,bench/30gib-1.bin,563,33554432,975.59,,
0,bench/30gib-1.bin,564,33554432,594.73,,
0,bench/30gib-1.bin,565,33554432,514.40,,
0,bench/30gib-1.bin,566,33554432,503.08,,
0,bench/30gib-1.bin,567,33554432,436.20,,
0,bench/30gib-1.bin,568,33554432,832.91,,
0,bench/30gib-1.bin,569,33554432,422.29,,
0,bench/30gib-1.bin,570,33554432,770.97,,
0,bench/30gib-1.bin,571,33554432,373.82,,
0,bench/30gib-1.bin,572,33554432,366.62,,
0,bench/30gib-1.bin,573,33554432,562.97,,
0,bench/30gib-1.bin,574,33554432,633.95,,
0,bench/30gib-1.bin,575,33554432,407.89,,
0,bench/30gib-1.bin,576,33554432,353.72,,
0,bench/30gib-1.bin,577,33554432,340.63,,
0,bench/30gib-1.bin,578,33554432,344.67,,
0,bench/30gib-1.bin,579,33554432,719.08,,
0,bench/30gib-1.bin,580,33554432,565.15,,
0,bench/30gib-1.bin,581,33554432,548.05,,
0,bench/30gib-1.bin,582,33554432,944.01,,
0,bench/30gib-1.bin,583,33554432,643.78,,
0,bench/30gib-1.bin,584,33554432,474.06,,
0,bench/30gib-1.bin,585,33554432,382.45,,
0,bench/30gib-1.bin,586,33554432,444.95,,
0,bench/30gib-1.bin,587,33554432,350.62,,
0,bench/30gib-1.bin,588,33554432,542.25,,
0,bench/30gib-1.bin,589,33554432,430.09,,
0,bench/30gib-1.bin,590,33554432,398.47,,
0,bench/30gib-1.bin,591,33554432,636.06,,
0,bench/30gib-1.bin,592,33554432,585.61,,
0,bench/30gib-1.bin,593,33554432,895.82,,
0,bench/30gib-1.bin,594,33554432,350.87,,
0,bench/30gib-1.bin,595,33554432,488.84,,
0,bench/30gib-1.bin,596,33554432,394.51,,
0,bench/30gib-1.bin,597,33554432,649.95,,
0,bench/30gib-1.bin,598,33554432,383.29,,
0,bench/30gib-1.bin,599,33554432,554.02,,
0,bench/30gib-1.bin,600,33554432,455.65,,
0,bench/30gib-1.bin,601,33554432,607.98,,
0,bench/30gib-1.bin,602,33554432,433.04,,
0,bench/30gib-1.bin,603,33554432,601.35,,
0,bench/30gib-1.bin,604,33554432,843.20,,
0,bench/30gib-1.bin,605,33554432,475.05,,
0,bench/30gib-1.bin,606,33554432,491.65,,
0,bench/30gib-1.bin,607,33554432,371.53,,
0,bench/30gib-1.bin,608,33554432,671.55,,
0,bench/30gib-1.bin,609,33554432,497.54,,
0,bench/30gib-1.bin,610,33554432,707.60,,
0,bench/30gib-1.bin,611,33554432,694.10,,
0,bench/30gib-1.bin,612,33554432,442.88,,
0,bench/30gib-1.bin,613,33554432,590.43,,
0,bench/30gib-1.bin,614,33554432,519.03,,
0,bench/30gib-1.bin,615,33554432,383.74,,
0,bench/30gib-1.bin,616,33554432,494.26,,
0,bench/30gib-1.bin,617,33554432,702.75,,
0,bench/30gib-1.bin,618,33554432,718.54,,
0,bench/30gib-1.bin,619,33554432,628.68,,
0,bench/30gib-1.bin,620,33554432,539.20,,
0,bench/30gib-1.bin,621,33554432,347.71,,
0,bench/30gib-1.bin,622,33554432,537.60,,
0,bench/30gib-1.bin,623,33554432,586.94,,
0,bench/30gib-1.bin,624,33554432,496.53,,
0,bench/30gib-1.bin,625,33554432,584.83,,
0,bench/30gib-1.bin,626,33554432,674.93,,
0,bench/30gib-1.bin,627,33554432,722.62,,
0,bench/30gib-1.bin,628,33554432,439.71,,
0,bench/30gib-1.bin,629,33554432,450.54,,
0,bench/30gib-1.bin,630,33554432,435.15,,
0,bench/30gib-1.bin,631,33554432,820.91,,
0,bench/30gib-1.bin,632,33554432,460.57,,
0,bench/30gib-1.bin,633,33554432,968.63,,
0,bench/30gib-1.bin,634,33554432,427.55,,
0,bench/30gib-1.bin,635,33554432,714.54,,
0,bench/30gib-1.bin,636,33554432,574.89,,
0,bench/30gib-1.bin,637,33554432,944.30,,
0,bench/30gib-1.bin,638,33554432,687.88,,
0,bench/30gib-1.bin,639,33554432,601.24,,
0,bench/30gib-1.bin,640,33554432,345.46,,
0,bench/30gib-1.bin,641,33554432,407.00,,
0,bench/30gib-1.bin,642,33554432,452.32,,
0,bench/30gib-1.bin,643,33554432,439.44,,
0,bench/30gib-1.bin,644,33554432,417.19,,
0,bench/30gib-1.bin,645,33554432,601.94,,
0,bench/30gib-1.bin,646,33554432,457.26,,
0,bench/30gib-1.bin,647,33554432,597.37,,
0,bench/30gib-1.bin,648,33554432,555.93,,
0,bench/30gib-1.bin,649,33554432,515.08,,
0,bench/30gib-1.bin,650,33554432,534.15,,
0,bench/30gib-1.bin,651,33554432,348.33,,
0,bench/30gib-1.bin,652,33554432,379.71,,
0,bench/30gib-1.bin,653,33554432,450.83,,
0,bench/30gib-1.bin,654,33554432,554.43,,
0,bench/30gib-1.bin,655,33554432,427.25,,
0,bench/30gib-1.bin,656,33554432,499.66,,
0,bench/30gib-1.bin,657,33554432,482.99,,
0,bench/30gib-1.bin,658,33554432,640.52,,
0,bench/30gib-1.bin,659,33554432,382.68,,
0,bench/30gib-1.bin,660,33554432,442.99,,
0,bench/30gib-1.bin,661,33554432,350.60,,
0,bench/30gib-1.bin,662,33554432,578.36,,
0,bench/30gib-1.bin,663,33554432,581.43,,
0,bench/30gib-1.bin,664,33554432,419.75,,
0,bench/30gib-1.bin,665,33554432,391.97,,
0,bench/30gib-1.bin,666,33554432,376.96,,
0,bench/30gib-1.bin,667,33554432,633.20,,
0,bench/30gib-1.bin,668,33554432,352.23,,
0,bench/30gib-1.bin,669,33554432,343.74,,
0,bench/30gib-1.bin,670,33554432,439.04,,
0,bench/30gib-1.bin,671,33554432,352.72,,
0,bench/30gib-1.bin,672,33554432,397.03,,
0,bench/30gib-1.bin,673,33554432,422.84,,
0,bench/30gib-1.bin,674,33554432,514.92,,
0,bench/30gib-1.bin,675,33554432,503.77,,
0,bench/30gib-1.bin,676,33554432,370.77,,
0,bench/30gib-1.bin,677,33554432,962.81,,
0,bench/30gib-1.bin,678,33554432,347.72,,
0,bench/30gib-1.bin,679,33554432,558.61,,
0,bench/30gib-1.bin,680,33554432,522.80,,
0,bench/30gib-1.bin,681,33554432,457.13,,
0,bench/30gib-1.bin,682,33554432,433.22,,
0,bench/30gib-1.bin,683,33554432,433.35,,
0,bench/30gib-1.bin,684,33554432,503.81,,
0,bench/30gib-1.bin,685,33554432,618.26,,
0,bench/30gib-1.bin,686,33554432,565.31,,
0,bench/30gib-1.bin,687,33554432,357.20,,
0,bench/30gib-1.bin,688,33554432,425.43,,
0,bench/30gib-1.bin,689,33554432,428.86,,
0,bench/30gib-1.bin,690,33554432,543.37,,
0,bench/30gib-1.bin,691,33554432,479.97,,
0,bench/30gib-1.bin,692,33554432,406.23,,
0,bench/30gib-1.bin,693,33554432,445.04,,
0,bench/30gib-1.bin,694,33554432,394.70,,
0,bench/30gib-1.bin,695,33554432,361.74,,
0,bench/30gib-1.bin,696,33554432,427.47,,
0,bench/30gib-1.bin,697,33554432,378.36,,
0,bench/30gib-1.bin,698,33554432,703.25,,
0,bench/30gib-1.bin,699,33554432,424.87,,
0,bench/30gib-1.bin,700,33554432,376.10,,
0,bench/30gib-1.bin,701,33554432,548.86,,
0,bench/30gib-1.bin,702,33554432,685.46,,
0,bench/30gib-1.bin,703,33554432,451.03,,
0,bench/30gib-1.bin,704,33554432,742.42,,
0,bench/30gib-1.bin,705,33554432,552.08,,
0,bench/30gib-1.bin,706,33554432,344.93,,
0,bench/30gib-1.bin,707,33554432,547.84,,
0,bench/30gib-1.bin,708,33554432,610.20,,
0,bench/30gib-1.bin,709,33554432,420.06,,
0,bench/30gib-1.bin,710,33554432,457.40,,
0,bench/30gib-1.bin,711,33554432,445.95,,
0,bench/30gib-1.bin,712,33554432,553.98,,
0,bench/30gib-1.bin,713,33554432,471.92,,
0,bench/30gib-1.bin,714,33554432,542.88,,
0,bench/30gib-1.bin,715,33554432,360.71,,
0,bench/30gib-1.bin,716,33554432,623.66,,
0,bench/30gib-1.bin,717,33554432,569.25,,
0,bench/30gib-1.bin,718,33554432,464.57,,
0,bench/30gib-1.bin,719,33554432,616.69,,
0,bench/30gib-1.bin,720,33554432,465.41,,
0,bench/30gib-1.bin,721,33554432,503.60,,
0,bench/30gib-1.bin,722,33554432,648.31,,
0,bench/30gib-1.bin,723,33554432,641.28,,
0,bench/30gib-1.bin,724,33554432,600.73,,
0,bench/30gib-1.bin,725,33554432,568.91,,
0,bench/30gib-1.bin,726,33554432,658.09,,
0,bench/30gib-1.bin,727,33554432,562.27,,
0,bench/30gib-1.bin,728,33554432,542.10,,
0,bench/30gib-1.bin,729,33554432,481.62,,
0,bench/30gib-1.bin,730,33554432,520.41,,
0,bench/30gib-1.bin,731,33554432,399.25,,
0,bench/30gib-1.bin,732,33554432,508.68,,
0,bench/30gib-1.bin,733,33554432,969.71,,
0,bench/30gib-1.bin,734,33554432,365.81,,
0,bench/30gib-1.bin,735,33554432,615.14,,
0,bench/30gib-1.bin,736,33554432,800.87,,
0,bench/30gib-1.bin,737,33554432,629.41,,
0,bench/30gib-1.bin,738,33554432,616.20,,
0,bench/30gib-1.bin,739,33554432,790.28,,
0,bench/30gib-1.bin,740,33554432,385.87,,
0,bench/30gib-1.bin,741,33554432,457.10,,
0,bench/30gib-1.bin,742,33554432,628.68,,
0,bench/30gib-1.bin,743,33554432,387.76,,
0,bench/30gib-1.bin,744,33554432,523.32,,
0,bench/30gib-1.bin,745,33554432,539.73,,
0,bench/30gib-1.bin,746,33554432,506.47,,
0,bench/30gib-1.bin,747,33554432,540.91,,
0,bench/30gib-1.bin,748,33554432,447.16,,
0,bench/30gib-1.bin,749,33554432,365.64,,
0,bench/30gib-1.bin,750,33554432,403.02,,
0,bench/30gib-1.bin,751,33554432,403.27,,
0,bench/30gib-1.bin,752,33554432,691.31,,
0,bench/30gib-1.bin,753,33554432,376.19,,
0,bench/30gib-1.bin,754,33554432,709.60,,
0,bench/30gib-1.bin,755,33554432,434.35,,
0,bench/30gib-1.bin,756,33554432,344.40,,
0,bench/30gib-1.bin,757,33554432,421.51,,
0,bench/30gib-1.bin,758,33554432,528.01,,
0,bench/30gib-1.bin,759,33554432,475.18,,
0,bench/30gib-1.bin,760,33554432,558.78,,
0,bench/30gib-1.bin,761,33554432,385.99,,
0,bench/30gib-1.bin,762,33554432,555.36,,
0,bench/30gib-1.bin,763,33554432,631.17,,
0,bench/30gib-1.bin,764,33554432,375.48,,
0,bench/30gib-1.bin,765,33554432,483.88,,
0,bench/30gib-1.bin,766,33554432,741.76,,
0,bench/30gib-1.bin,767,33554432,604.80,,
0,bench/30gib-1.bin,768,33554432,422.31,,
0,bench/30gib-1.bin,769,33554432,669.37,,
0,bench/30gib-1.bin,770,33554432,457.31,,
0,bench/30gib-1.bin,771,33554432,386.06,,
0,bench/30gib-1.bin,772,33554432,586.00,,
0,bench/30gib-1.bin,773,33554432,341.91,,
0,bench/30gib-1.bin,774,33554432,738.49,,
0,bench/30gib-1.bin,775,33554432,453.01,,
0,bench/30gib-1.bin,776,33554432,623.66,,
0,bench/30gib-1.bin,777,33554432,476.74,,
0,bench/30gib-1.bin,778,33554432,385.17,,
0,bench/30gib-1.bin,779,33554432,552.69,,
0,bench/30gib-1.bin,780,33554432,528.71,,
0,bench/30gib-1.bin,781,33554432,457.04,,
0,bench/30gib-1.bin,782,33554432,768.03,,
0,bench/30gib-1.bin,783,33554432,347.54,,
0,bench/30gib-1.bin,784,33554432,697.98,,
0,bench/30gib-1.bin,785,33554432,342.07,,
0,bench/30gib-1.bin,786,33554432,550.27,,
0,bench/30gib-1.bin,787,33554432,485.58,,
0,bench/30gib-1.bin,788,33554432,583.44,,
0,bench/30gib-1.bin,789,33554432,516.08,,
0,bench/30gib-1.bin,790,33554432,412.30,,
0,bench/30gib-1.bin,791,33554432,500.16,,
0,bench/30gib-1.bin,792,33554432,548.30,,
0,bench/30gib-1.bin,793,33554432,505.20,,
0,bench/30gib-1.bin,794,33554432,415.22,,
0,bench/30gib-1.bin,795,33554432,594.04,,
0,bench/30gib-1.bin,796,33554432,399.78,,
0,bench/30gib-1.bin,797,33554432,515.23,,
0,bench/30gib-1.bin,798,33554432,429.06,,
0,bench/30gib-1.bin,799,33554432,468.20,,
0,bench/30gib-1.bin,800,33554432,476.25,,
0,bench/30gib-1.bin,801,33554432,682.74,,
0,bench/30gib-1.bin,802,33554432,714.71,,
0,bench/30gib-1.bin,803,33554432,496.76,,
0,bench/30gib-1.bin,804,33554432,484.31,,
0,bench/30gib-1.bin,805,33554432,386.87,,
0,bench/30gib-1.bin,806,33554432,409.14,,
0,bench/30gib-1.bin,807,33554432,443.49,,
0,bench/30gib-1.bin,808,33554432,364.65,,
0,bench/30gib-1.bin,809,33554432,440.19,,
0,bench/30gib-1.bin,810,33554432,578.25,,
0,bench/30gib-1.bin,811,33554432,514.80,,
0,bench/30gib-1.bin,812,33554432,519.36,,
0,bench/30gib-1.bin,813,33554432,612.23,,
0,bench/30gib-1.bin,814,33554432,391.65,,
0,bench/30gib-1.bin,815,33554432,405.26,,
0,bench/30gib-1.bin,816,33554432,450.97,,
0,bench/30gib-1.bin,817,33554432,504.37,,
0,bench/30gib-1.bin,818,33554432,503.08,,
0,bench/30gib-1.bin,819,33554432,524.59,,
0,bench/30gib-1.bin,820,33554432,363.60,,
0,bench/30gib-1.bin,821,33554432,400.38,,
0,bench/30gib-1.bin,822,33554432,700.08,,
0,bench/30gib-1.bin,823,33554432,556.54,,
0,bench/30gib-1.bin,824,33554432,920.88,,
0,bench/30gib-1.bin,825,33554432,341.58,,
0,bench/30gib-1.bin,826,33554432,452.13,,
0,bench/30gib-1.bin,827,33554432,558.33,,
0,bench/30gib-1.bin,828,33554432,376.85,,
0,bench/30gib-1.bin,829,33554432,591.99,,
0,bench/30gib-1.bin,830,33554432,507.72,,
0,bench/30gib-1.bin,831,33554432,352.25,,
0,bench/30gib-1.bin,832,33554432,404.07,,
0,bench/30gib-1.bin,833,33554432,624.28,,
0,bench/30gib-1.bin,834,33554432,568.92,,
0,bench/30gib-1.bin,835,33554432,374.25,,
0,bench/30gib-1.bin,836,33554432,596.20,,
0,bench/30gib-1.bin,837,33554432,693.60,,
0,bench/30gib-1.bin,838,33554432,416.84,,
0,bench/30gib-1.bin,839,33554432,513.77,,
0,bench/30gib-1.bin,840,33554432,424.67,,
0,bench/30gib-1.bin,841,33554432,528.55,,
0,bench/30gib-1.bin,842,33554432,366.86,,
0,bench/30gib-1.bin,843,33554432,509.71,,
0,bench/30gib-1.bin,844,33554432,448.46,,
0,bench/30gib-1.bin,845,33554432,666.57,,
0,bench/30gib-1.bin,846,33554432,455.91,,
0,bench/30gib-1.bin,847,33554432,484.00,,
0,bench/30gib-1.bin,848,33554432,444.70,,
0,bench/30gib-1.bin,849,33554432,526.83,,
0,bench/30gib-1.bin,850,33554432,413.06,,
0,bench/30gib-1.bin,851,33554432,699.70,,
0,bench/30gib-1.bin,852,33554432,598.52,,
0,bench/30gib-1.bin,853,33554432,445.18,,
0,bench/30gib-1.bin,854,33554432,631.83,,
0,bench/30gib-1.bin,855,33554432,343.30,,
0,bench/30gib-1.bin,856,33554432,434.12,,
0,bench/30gib-1.bin,857,33554432,753.24,,
0,bench/30gib-1.bin,858,33554432,407.47,,
0,bench/30gib-1.bin,859,33554432,474.43,,
0,bench/30gib-1.bin,860,33554432,429.02,,
0,bench/30gib-1.bin,861,33554432,443.29,,
0,bench/30gib-1.bin,862,33554432,528.48,,
0,bench/30gib-1.bin,863,33554432,1086.83,,
0,bench/30gib-1.bin,864,33554432,422.93,,
0,bench/30gib-1.bin,865,33554432,686.37,,
0,bench/30gib-1.bin,866,33554432,443.94,,
0,bench/30gib-1.bin,867,33554432,490.64,,
0,bench/30gib-1.bin,868,33554432,495.95,,
0,bench/30gib-1.bin,869,33554432,492.41,,
0,bench/30gib-1.bin,870,33554432,409.18,,
0,bench/30gib-1.bin,871,33554432,432.92,,
0,bench/30gib-1.bin,872,33554432,497.90,,
0,bench/30gib-1.bin,873,33554432,511.54,,
0,bench/30gib-1.bin,874,33554432,497.88,,
0,bench/30gib-1.bin,875,33554432,468.37,,
0,bench/30gib-1.bin,876,33554432,708.07,,
0,bench/30gib-1.bin,877,33554432,455.98,,
0,bench/30gib-1.bin,878,33554432,562.86,,
0,bench/30gib-1.bin,879,33554432,376.53,,
0,bench/30gib-1.bin,880,33554432,726.87,,
0,bench/30gib-1.bin,881,33554432,486.10,,
0,bench/30gib-1.bin,882,33554432,537.28,,
0,bench/30gib-1.bin,883,33554432,520.63,,
0,bench/30gib-1.bin,884,33554432,472.02,,
0,bench/30gib-1.bin,885,33554432,587.61,,
0,bench/30gib-1.bin,886,33554432,533.97,,
0,bench/30gib-1.bin,887,33554432,501.86,,
0,bench/30gib-1.bin,888,33554432,602.12,,
0,bench/30gib-1.bin,889,33554432,570.33,,
0,bench/30gib-1.bin,890,33554432,510.11,,
0,bench/30gib-1.bin,891,33554432,341.30,,
0,bench/30gib-1.bin,892,33554432,498.54,,
0,bench/30gib-1.bin,893,33554432,991.24,,
0,bench/30gib-1.bin,894,33554432,350.94,,
0,bench/30gib-1.bin,895,33554432,444.92,,
0,bench/30gib-1.bin,896,33554432,515.35,,
0,bench/30gib-1.bin,897,33554432,494.54,,
0,bench/30gib-1.bin,898,33554432,455.39,,
0,bench/30gib-1.bin,899,33554432,506.25,,
0,bench/30gib-1.bin,900,33554432,515.60,,
0,bench/30gib-1.bin,901,33554432,712.32,,
0,bench/30gib-1.bin,902,33554432,734.41,,
0,bench/30gib-1.bin,903,33554432,461.47,,
0,bench/30gib-1.bin,904,33554432,642.47,,
0,bench/30gib-1.bin,905,33554432,517.28,,
0,bench/30gib-1.bin,906,33554432,441.85,,
0,bench/30gib-1.bin,907,33554432,805.49,,
0,bench/30gib-1.bin,908,33554432,467.42,,
0,bench/30gib-1.bin,909,33554432,497.48,,
0,bench/30gib-1.bin,910,33554432,346.42,,
0,bench/30gib-1.bin,911,33554432,903.61,,
0,bench/30gib-1.bin,912,33554432,395.97,,
0,bench/30gib-1.bin,913,33554432,421.40,,
0,bench/30gib-1.bin,914,33554432,366.42,,
0,bench/30gib-1.bin,915,33554432,504.64,,
0,bench/30gib-1.bin,916,33554432,367.67,,
0,bench/30gib-1.bin,917,33554432,441.08,,
0,bench/30gib-1.bin,918,33554432,503.17,,
0,bench/30gib-1.bin,919,33554432,559.45,,
0,bench/30gib-1.bin,920,33554432,485.42,,
0,bench/30gib-1.bin,921,33554432,375.30,,
0,bench/30gib-1.bin,922,33554432,848.18,,
0,bench/30gib-1.bin,923,33554432,431.07,,
0,bench/30gib-1.bin,924,33554432,688.77,,
0,bench/30gib-1.bin,925,33554432,542.73,,
0,bench/30gib-1.bin,926,33554432,452.66,,
0,bench/30gib-1.bin,927,33554432,409.47,,
0,bench/30gib-1.bin,928,33554432,430.21,,
0,bench/30gib-1.bin,929,33554432,355.71,,
0,bench/30gib-1.bin,930,33554432,419.57,,
0,bench/30gib-1.bin,931,33554432,392.73,,
0,bench/30gib-1.bin,932,33554432,555.69,,
0,bench/30gib-1.bin,933,33554432,374.34,,
0,bench/30gib-1.bin,934,33554432,706.75,,
0,bench/30gib-1.bin,935,33554432,645.69,,
0,bench/30gib-1.bin,936,33554432,511.46,,
0,bench/30gib-1.bin,937,33554432,593.26,,
0,bench/30gib-1.bin,938,33554432,407.97,,
0,bench/30gib-1.bin,939,33554432,604.76,,
0,bench/30gib-1.bin,940,33554432,359.89,,
0,bench/30gib-1.bin,941,33554432,408.41,,
0,bench/30gib-1.bin,942,33554432,426.82,,
0,bench/30gib-1.bin,943,33554432,481.71,,
0,bench/30gib-1.bin,944,33554432,471.04,,
0,bench/30gib-1.bin,945,33554432,668.93,,
0,bench/30gib-1.bin,946,33554432,636.52,,
0,bench/30gib-1.bin,947,33554432,709.37,,
0,bench/30gib-1.bin,948,33554432,439.97,,
0,bench/30gib-1.bin,949,33554432,397.74,,
0,bench/30gib-1.bin,950,33554432,407.04,,
0,bench/30gib-1.bin,951,33554432,604.03,,
0,bench/30gib-1.bin,952,33554432,370.56,,
0,bench/30gib-1.bin,953,33554432,418.58,,
0,bench/30gib-1.bin,954,33554432,619.27,,
0,bench/30gib-1.bin,955,33554432,494.42,,
0,bench/30gib-1.bin,956,33554432,352.62,,
0,bench/30gib-1.bin,957,33554432,479.66,,
0,bench/30gib-1.bin,958,33554432,473.06,,
0,bench/30gib-1.bin,959,33554432,413.50,,
0,bench/30gib-1.bin,960,33554432,426.23,,
0,bench/30gib-2.bin,1,33554432,768.65,,
0,bench/30gib-2.bin,2,33554432,584.13,,
0,bench/30gib-2.bin,3,33554432,1165.57,,
0,bench/30gib-2.bin,4,33554432,700.86,,
0,bench/30gib-2.bin,5,33554432,595.81,,
0,bench/30gib-2.bin,6,33554432,865.88,,
0,bench/30gib-2.bin,7,33554432,1050.30,,
0,bench/30gib-2.bin,8,33554432,942.15,,
0,bench/30gib-2.bin,9,33554432,679.76,,
0,bench/30gib-2.bin,10,33554432,524.86,,
0,bench/30gib-2.bin,11,33554432,813.64,,
0,bench/30gib-2.bin,12,33554432,588.59,,
0,bench/30gib-2.bin,13,33554432,1042.68,,
0,bench/30gib-2.bin,14,33554432,710.48,,
0,bench/30gib-2.bin,15,33554432,536.63,,
0,bench/30gib-2.bin,16,33554432,881.99,,
0,bench/30gib-2.bin,17,33554432,757.63,,
0,bench/30gib-2.bin,18,33554432,1709.76,,
0,bench/30gib-2.bin,19,33554432,951.32,,
0,bench/30gib-2.bin,20,33554432,1352.14,,
0,bench/30gib-2.bin,21,33554432,537.75,,
0,bench/30gib-2.bin,22,33554432,616.62,,
0,bench/30gib-2.bin,23,33554432,737.99,,
0,bench/30gib-2.bin,24,33554432,1174.26,,
0,bench/30gib-2.bin,25,33554432,980.97,,
0,bench/30gib-2.bin,26,33554432,528.20,,
0,bench/30gib-2.bin,27,33554432,570.68,,
0,bench/30gib-2.bin,28,33554432,562.83,,
0,bench/30gib-2.bin,29,33554432,430.34,,
0,bench/30gib-2.bin,30,33554432,568.76,,
0,bench/30gib-2.bin,31,33554432,668.05,,
0,bench/30gib-2.bin,32,33554432,402.69,,
0,bench/30gib-2.bin,33,33554432,899.86,,
0,bench/30gib-2.bin,34,33554432,653.60,,
0,bench/30gib-2.bin,35,33554432,457.91,,
0,bench/30gib-2.bin,36,33554432,535.90,,
0,bench/30gib-2.bin,37,33554432,534.36,,
0,bench/30gib-2.bin,38,33554432,699.55,,
0,bench/30gib-2.bin,39,33554432,453.04,,
0,bench/30gib-2.bin,40,33554432,774.26,,
0,bench/30gib-2.bin,41,33554432,835.84,,
0,bench/30gib-2.bin,42,33554432,372.21,,
0,bench/30gib-2.bin,43,33554432,1074.87,,
0,bench/30gib-2.bin,44,33554432,962.62,,
0,bench/30gib-2.bin,45,33554432,902.60,,
0,bench/30gib-2.bin,46,33554432,621.29,,
0,bench/30gib-2.bin,47,33554432,457.10,,
0,bench/30gib-2.bin,48,33554432,618.46,,
0,bench/30gib-2.bin,49,33554432,909.49,,
0,bench/30gib-2.bin,50,33554432,485.83,,
0,bench/30gib-2.bin,51,33554432,526.25,,
0,bench/30gib-2.bin,52,33554432,754.73,,
0,bench/30gib-2.bin,53,33554432,588.64,,
0,bench/30gib-2.bin,54,33554432,1151.64,,
0,bench/30gib-2.bin,55,33554432,969.10,,
0,bench/30gib-2.bin,56,33554432,450.75,,
0,bench/30gib-2.bin,57,33554432,447.32,,
0,bench/30gib-2.bin,58,33554432,436.00,,
0,bench/30gib-2.bin,59,33554432,988.74,,
0,bench/30gib-2.bin,60,33554432,761.87,,
0,bench/30gib-2.bin,61,33554432,401.39,,
0,bench/30gib-2.bin,62,33554432,1097.99,,
0,bench/30gib-2.bin,63,33554432,373.90,,
0,bench/30gib-2.bin,64,33554432,355.80,,
0,bench/30gib-2.bin,65,33554432,346.87,,
0,bench/30gib-2.bin,66,33554432,634.56,,
0,bench/30gib-2.bin,67,33554432,580.04,,
0,bench/30gib-2.bin,68,33554432,665.38,,
0,bench/30gib-2.bin,69,33554432,733.53,,
0,bench/30gib-2.bin,70,33554432,639.63,,
0,bench/30gib-2.bin,71,33554432,441.32,,
0,bench/30gib-2.bin,72,33554432,889.48,,
0,bench/30gib-2.bin,73,33554432,440.38,,
0,bench/30gib-2.bin,74,33554432,486.09,,
0,bench/30gib-2.bin,75,33554432,856.59,,
0,bench/30gib-2.bin,76,33554432,453.33,,
0,bench/30gib-2.bin,77,33554432,355.23,,
0,bench/30gib-2.bin,78,33554432,600.56,,
0,bench/30gib-2.bin,79,33554432,341.42,,
0,bench/30gib-2.bin,80,33554432,344.51,,
0,bench/30gib-2.bin,81,33554432,485.73,,
0,bench/30gib-2.bin,82,33554432,633.46,,
0,bench/30gib-2.bin,83,33554432,504.23,,
0,bench/30gib-2.bin,84,33554432,437.52,,
0,bench/30gib-2.bin,85,33554432,354.43,,
0,bench/30gib-2.bin,86,33554432,350.82,,
0,bench/30gib-2.bin,87,33554432,845.74,,
0,bench/30gib-2.bin,88,33554432,463.16,,
0,bench/30gib-2.bin,89,33554432,469.44,,
0,bench/30gib-2.bin,90,33554432,498.09,,
0,bench/30gib-2.bin,91,33554432,342.64,,
0,bench/30gib-2.bin,92,33554432,572.40,,
0,bench/30gib-2.bin,93,33554432,461.23,,
0,bench/30gib-2.bin,94,33554432,514.60,,
0,bench/30gib-2.bin,95,33554432,499.56,,
0,bench/30gib-2.bin,96,33554432,506.85,,
0,bench/30gib-2.bin,97,33554432,504.50,,
0,bench/30gib-2.bin,98,33554432,485.60,,
0,bench/30gib-2.bin,99,33554432,456.26,,
0,bench/30gib-2.bin,100,33554432,520.24,,
0,bench/30gib-2.bin,101,33554432,405.09,,
0,bench/30gib-2.bin,102,33554432,826.03,,
0,bench/30gib-2.bin,103,33554432,375.09,,
0,bench/30gib-2.bin,104,33554432,355.14,,
0,bench/30gib-2.bin,105,33554432,717.56,,
0,bench/30gib-2.bin,106,33554432,626.86,,
0,bench/30gib-2.bin,107,33554432,861.85,,
0,bench/30gib-2.bin,108,33554432,638.55,,
0,bench/30gib-2.bin,109,33554432,505.81,,
0,bench/30gib-2.bin,110,33554432,520.30,,
0,bench/30gib-2.bin,111,33554432,521.54,,
0,bench/30gib-2.bin,112,33554432,392.51,,
0,bench/30gib-2.bin,113,33554432,648.05,,
0,bench/30gib-2.bin,114,33554432,416.36,,
0,bench/30gib-2.bin,115,33554432,717.71,,
0,bench/30gib-2.bin,116,33554432,805.29,,
0,bench/30gib-2.bin,117,33554432,449.93,,
0,bench/30gib-2.bin,118,33554432,472.00,,
0,bench/30gib-2.bin,119,33554432,418.02,,
0,bench/30gib-2.bin,120,33554432,632.83,,
0,bench/30gib-2.bin,121,33554432,453.96,,
0,bench/30gib-2.bin,122,33554432,347.45,,
0,bench/30gib-2.bin,123,33554432,468.12,,
0,bench/30gib-2.bin,124,33554432,627.22,,
0,bench/30gib-2.bin,125,33554432,346.81,,
0,bench/30gib-2.bin,126,33554432,439.39,,
0,bench/30gib-2.bin,127,33554432,400.64,,
0,bench/30gib-2.bin,128,33554432,853.67,,
0,bench/30gib-2.bin,129,33554432,388.39,,
0,bench/30gib-2.bin,130,33554432,476.64,,
0,bench/30gib-2.bin,131,33554432,503.38,,
0,bench/30gib-2.bin,132,33554432,453.60,,
0,bench/30gib-2.bin,133,33554432,513.49,,
0,bench/30gib-2.bin,134,33554432,350.42,,
0,bench/30gib-2.bin,135,33554432,524.68,,
0,bench/30gib-2.bin,136,33554432,450.77,,
0,bench/30gib-2.bin,137,33554432,529.20,,
0,bench/30gib-2.bin,138,33554432,347.20,,
0,bench/30gib-2.bin,139,33554432,478.52,,
0,bench/30gib-2.bin,140,33554432,652.15,,
0,bench/30gib-2.bin,141,33554432,872.33,,
0,bench/30gib-2.bin,142,33554432,431.99,,
0,bench/30gib-2.bin,143,33554432,491.52,,
0,bench/30gib-2.bin,144,33554432,608.63,,
0,bench/30gib-2.bin,145,33554432,345.63,,
0,bench/30gib-2.bin,146,33554432,410.14,,
0,bench/30gib-2.bin,147,33554432,486.39,,
0,bench/30gib-2.bin,148,33554432,419.59,,
0,bench/30gib-2.bin,149,33554432,537.29,,
0,bench/30gib-2.bin,150,33554432,601.34,,
0,bench/30gib-2.bin,151,33554432,543.47,,
0,bench/30gib-2.bin,152,33554432,495.82,,
0,bench/30gib-2.bin,153,33554432,353.76,,
0,bench/30gib-2.bin,154,33554432,408.52,,
0,bench/30gib-2.bin,155,33554432,352.49,,
0,bench/30gib-2.bin,156,33554432,392.46,,
0,bench/30gib-2.bin,157,33554432,436.31,,
0,bench/30gib-2.bin,158,33554432,349.70,,
0,bench/30gib-2.bin,159,33554432,377.70,,
0,bench/30gib-2.bin,160,33554432,383.41,,
0,bench/30gib-2.bin,161,33554432,519.77,,
0,bench/30gib-2.bin,162,33554432,388.26,,
0,bench/30gib-2.bin,163,33554432,649.01,,
0,bench/30gib-2.bin,164,33554432,427.61,,
0,bench/30gib-2.bin,165,33554432,492.63,,
0,bench/30gib-2.bin,166,33554432,574.91,,
0,bench/30gib-2.bin,167,33554432,501.16,,
0,bench/30gib-2.bin,168,33554432,436.90,,
0,bench/30gib-2.bin,169,33554432,441.27,,
0,bench/30gib-2.bin,170,33554432,442.77,,
0,bench/30gib-2.bin,171,33554432,623.47,,
0,bench/30gib-2.bin,172,33554432,413.78,,
0,bench/30gib-2.bin,173,33554432,358.58,,
0,bench/30gib-2.bin,174,33554432,451.71,,
0,bench/30gib-2.bin,175,33554432,540.95,,
0,bench/30gib-2.bin,176,33554432,343.15,,
0,bench/30gib-2.bin,177,33554432,423.16,,
0,bench/30gib-2.bin,178,33554432,419.12,,
0,bench/30gib-2.bin,179,33554432,415.56,,
0,bench/30gib-2.bin,180,33554432,363.86,,
0,bench/30gib-2.bin,181,33554432,418.77,,
0,bench/30gib-2.bin,182,33554432,378.69,,
0,bench/30gib-2.bin,183,33554432,630.44,,
0,bench/30gib-2.bin,184,33554432,356.46,,
0,bench/30gib-2.bin,185,33554432,348.23,,
0,bench/30gib-2.bin,186,33554432,391.23,,
0,bench/30gib-2.bin,187,33554432,580.48,,
0,bench/30gib-2.bin,188,33554432,364.26,,
0,bench/30gib-2.bin,189,33554432,537.43,,
0,bench/30gib-2.bin,190,33554432,361.54,,
0,bench/30gib-2.bin,191,33554432,352.09,,
0,bench/30gib-2.bin,192,33554432,480.32,,
0,bench/30gib-2.bin,193,33554432,473.01,,
0,bench/30gib-2.bin,194,33554432,597.32,,
0,bench/30gib-2.bin,195,33554432,355.30,,
0,bench/30gib-2.bin,196,33554432,448.14,,
0,bench/30gib-2.bin,197,33554432,967.36,,
0,bench/30gib-2.bin,198,33554432,408.16,,
0,bench/30gib-2.bin,199,33554432,512.53,,
0,bench/30gib-2.bin,200,33554432,457.46,,
0,bench/30gib-2.bin,201,33554432,600.03,,
0,bench/30gib-2.bin,202,33554432,407.07,,
0,bench/30gib-2.bin,203,33554432,514.86,,
0,bench/30gib-2.bin,204,33554432,376.28,,
0,bench/30gib-2.bin,205,33554432,505.37,,
0,bench/30gib-2.bin,206,33554432,409.96,,
0,bench/30gib-2.bin,207,33554432,359.12,,
0,bench/30gib-2.bin,208,33554432,361.71,,
0,bench/30gib-2.bin,209,33554432,409.51,,
0,bench/30gib-2.bin,210,33554432,463.51,,
0,bench/30gib-2.bin,211,33554432,341.34,,
0,bench/30gib-2.bin,212,33554432,382.83,,
0,bench/30gib-2.bin,213,33554432,406.68,,
0,bench/30gib-2.bin,214,33554432,343.41,,
0,bench/30gib-2.bin,215,33554432,509.44,,
0,bench/30gib-2.bin,216,33554432,431.83,,
0,bench/30gib-2.bin,217,33554432,577.40,,
0,bench/30gib-2.bin,218,33554432,440.88,,
0,bench/30gib-2.bin,219,33554432,546.16,,
0,bench/30gib-2.bin,220,33554432,751.40,,
0,bench/30gib-2.bin,221,33554432,434.08,,
0,bench/30gib-2.bin,222,33554432,707.19,,
0,bench/30gib-2.bin,223,33554432,610.75,,
0,bench/30gib-2.bin,224,33554432,477.68,,
0,bench/30gib-2.bin,225,33554432,511.25,,
0,bench/30gib-2.bin,226,33554432,475.06,,
0,bench/30gib-2.bin,227,33554432,399.27,,
0,bench/30gib-2.bin,228,33554432,396.81,,
0,bench/30gib-2.bin,229,33554432,491.77,,
0,bench/30gib-2.bin,230,33554432,375.97,,
0,bench/30gib-2.bin,231,33554432,476.40,,
0,bench/30gib-2.bin,232,33554432,388.63,,
0,bench/30gib-2.bin,233,33554432,464.22,,
0,bench/30gib-2.bin,234,33554432,548.07,,
0,bench/30gib-2.bin,235,33554432,356.76,,
0,bench/30gib-2.bin,236,33554432,897.43,,
0,bench/30gib-2.bin,237,33554432,435.44,,
0,bench/30gib-2.bin,238,33554432,366.43,,
0,bench/30gib-2.bin,239,33554432,388.22,,
0,bench/30gib-2.bin,240,33554432,598.52,,
0,bench/30gib-2.bin,241,33554432,361.88,,
0,bench/30gib-2.bin,242,33554432,380.40,,
0,bench/30gib-2.bin,243,33554432,492.23,,
0,bench/30gib-2.bin,244,33554432,692.11,,
0,bench/30gib-2.bin,245,33554432,370.02,,
0,bench/30gib-2.bin,246,33554432,395.19,,
0,bench/30gib-2.bin,247,33554432,415.24,,
0,bench/30gib-2.bin,248,33554432,412.16,,
0,bench/30gib-2.bin,249,33554432,560.52,,
0,bench/30gib-2.bin,250,33554432,613.49,,
0,bench/30gib-2.bin,251,33554432,428.62,,
0,bench/30gib-2.bin,252,33554432,519.84,,
0,bench/30gib-2.bin,253,33554432,672.69,,
0,bench/30gib-2.bin,254,33554432,667.08,,
0,bench/30gib-2.bin,255,33554432,345.52,,
0,bench/30gib-2.bin,256,33554432,480.06,,
0,bench/30gib-2.bin,257,33554432,361.20,,
0,bench/30gib-2.bin,258,33554432,377.17,,
0,bench/30gib-2.bin,259,33554432,691.78,,
0,bench/30gib-2.bin,260,33554432,682.56,,
0,bench/30gib-2.bin,261,33554432,473.65,,
0,bench/30gib-2.bin,262,33554432,345.27,,
0,bench/30gib-2.bin,263,33554432,411.68,,
0,bench/30gib-2.bin,264,33554432,567.56,,
0,bench/30gib-2.bin,265,33554432,464.72,,
0,bench/30gib-2.bin,266,33554432,625.97,,
0,bench/30gib-2.bin,267,33554432,532.09,,
0,bench/30gib-2.bin,268,33554432,550.73,,
0,bench/30gib-2.bin,269,33554432,366.96,,
0,bench/30gib-2.bin,270,33554432,367.09,,
0,bench/30gib-2.bin,271,33554432,625.89,,
0,bench/30gib-2.bin,272,33554432,484.83,,
0,bench/30gib-2.bin,273,33554432,532.00,,
0,bench/30gib-2.bin,274,33554432,375.27,,
0,bench/30gib-2.bin,275,33554432,927.89,,
0,bench/30gib-2.bin,276,33554432,518.65,,
0,bench/30gib-2.bin,277,33554432,455.53,,
0,bench/30gib-2.bin,278,33554432,399.23,,
0,bench/30gib-2.bin,279,33554432,1065.69,,
0,bench/30gib-2.bin,280,33554432,372.12,,
0,bench/30gib-2.bin,281,33554432,507.78,,
0,bench/30gib-2.bin,282,33554432,498.17,,
0,bench/30gib-2.bin,283,33554432,597.70,,
0,bench/30gib-2.bin,284,33554432,351.68,,
0,bench/30gib-2.bin,285,33554432,340.82,,
0,bench/30gib-2.bin,286,33554432,476.00,,
0,bench/30gib-2.bin,287,33554432,622.02,,
0,bench/30gib-2.bin,288,33554432,450.06,,
0,bench/30gib-2.bin,289,33554432,453.99,,
0,bench/30gib-2.bin,290,33554432,435.88,,
0,bench/30gib-2.bin,291,33554432,517.79,,
0,bench/30gib-2.bin,292,33554432,535.82,,
0,bench/30gib-2.bin,293,33554432,541.66,,
0,bench/30gib-2.bin,294,33554432,516.25,,
0,bench/30gib-2.bin,295,33554432,369.88,,
0,bench/30gib-2.bin,296,33554432,574.85,,
0,bench/30gib-2.bin,297,33554432,814.89,,
0,bench/30gib-2.bin,298,33554432,929.76,,
0,bench/30gib-2.bin,299,33554432,689.86,,
0,bench/30gib-2.bin,300,33554432,476.58,,
0,bench/30gib-2.bin,301,33554432,663.49,,
0,bench/30gib-2.bin,302,33554432,556.84,,
0,bench/30gib-2.bin,303,33554432,551.79,,
0,bench/30gib-2.bin,304,33554432,428.90,,
0,bench/30gib-2.bin,305,33554432,353.85,,
0,bench/30gib-2.bin,306,33554432,353.62,,
0,bench/30gib-2.bin,307,33554432,395.92,,
0,bench/30gib-2.bin,308,33554432,349.41,,
0,bench/30gib-2.bin,309,33554432,423.61,,
0,bench/30gib-2.bin,310,33554432,737.88,,
0,bench/30gib-2.bin,311,33554432,510.02,,
0,bench/30gib-2.bin,312,33554432,342.53,,
0,bench/30gib-2.bin,313,33554432,520.37,,
0,bench/30gib-2.bin,314,33554432,537.48,,
0,bench/30gib-2.bin,315,33554432,382.24,,
0,bench/30gib-2.bin,316,33554432,343.66,,
0,bench/30gib-2.bin,317,33554432,580.44,,
0,bench/30gib-2.bin,318,33554432,455.85,,
0,bench/30gib-2.bin,319,33554432,713.44,,
0,bench/30gib-2.bin,320,33554432,672.41,,
0,bench/30gib-2.bin,321,33554432,591.20,,
0,bench/30gib-2.bin,322,33554432,456.39,,
0,bench/30gib-2.bin,323,33554432,420.47,,
0,bench/30gib-2.bin,324,33554432,413.65,,
0,bench/30gib-2.bin,325,33554432,508.41,,
0,bench/30gib-2.bin,326,33554432,460.30,,
0,bench/30gib-2.bin,327,33554432,935.58,,
0,bench/30gib-2.bin,328,33554432,503.91,,
0,bench/30gib-2.bin,329,33554432,458.86,,
0,bench/30gib-2.bin,330,33554432,348.95,,
0,bench/30gib-2.bin,331,33554432,413.22,,
0,bench/30gib-2.bin,332,33554432,567.16,,
0,bench/30gib-2.bin,333,33554432,439.95,,
0,bench/30gib-2.bin,334,33554432,606.16,,
0,bench/30gib-2.bin,335,33554432,625.90,,
0,bench/30gib-2.bin,336,33554432,340.91,,
0,bench/30gib-2.bin,337,33554432,385.11,,
0,bench/30gib-2.bin,338,33554432,676.54,,
0,bench/30gib-2.bin,339,33554432,755.46,,
0,bench/30gib-2.bin,340,33554432,456.70,,
0,bench/30gib-2.bin,341,33554432,490.25,,
0,bench/30gib-2.bin,342,33554432,443.54,,
0,bench/30gib-2.bin,343,33554432,904.71,,
0,bench/30gib-2.bin,344,33554432,398.52,,
0,bench/30gib-2.bin,345,33554432,468.91,,
0,bench/30gib-2.bin,346,33554432,667.62,,
0,bench/30gib-2.bin,347,33554432,573.01,,
0,bench/30gib-2.bin,348,33554432,432.79,,
0,bench/30gib-2.bin,349,33554432,570.72,,
0,bench/30gib-2.bin,350,33554432,380.65,,
0,bench/30gib-2.bin,351,33554432,608.49,,
0,bench/30gib-2.bin,352,33554432,525.45,,
0,bench/30gib-2.bin,353,33554432,461.74,,
0,bench/30gib-2.bin,354,33554432,511.34,,
0,bench/30gib-2.bin,355,33554432,540.57,,
0,bench/30gib-2.bin,356,33554432,564.57,,
0,bench/30gib-2.bin,357,33554432,544.16,,
0,bench/30gib-2.bin,358,33554432,347.93,,
0,bench/30gib-2.bin,359,33554432,385.44,,
0,bench/30gib-2.bin,360,33554432,512.90,,
0,bench/30gib-2.bin,361,33554432,368.65,,
0,bench/30gib-2.bin,362,33554432,728.11,,
0,bench/30gib-2.bin,363,33554432,505.88,,
0,bench/30gib-2.bin,364,33554432,351.53,,
0,bench/30gib-2.bin,365,33554432,484.05,,
0,bench/30gib-2.bin,366,33554432,468.59,,
0,bench/30gib-2.bin,367,33554432,503.26,,
0,bench/30gib-2.bin,368,33554432,392.21,,
0,bench/30gib-2.bin,369,33554432,429.02,,
0,bench/30gib-2.bin,370,33554432,489.81,,
0,bench/30gib-2.bin,371,33554432,385.40,,
0,bench/30gib-2.bin,372,33554432,557.48,,
0,bench/30gib-2.bin,373,33554432,528.66,,
0,bench/30gib-2.bin,374,33554432,558.74,,
0,bench/30gib-2.bin,375,33554432,584.86,,
0,bench/30gib-2.bin,376,33554432,402.20,,
0,bench/30gib-2.bin,377,33554432,428.76,,
0,bench/30gib-2.bin,378,33554432,766.55,,
0,bench/30gib-2.bin,379,33554432,645.40,,
0,bench/30gib-2.bin,380,33554432,691.55,,
0,bench/30gib-2.bin,381,33554432,545.98,,
0,bench/30gib-2.bin,382,33554432,732.14,,
0,bench/30gib-2.bin,383,33554432,606.93,,
0,bench/30gib-2.bin,384,33554432,357.64,,
0,bench/30gib-2.bin,385,33554432,568.12,,
0,bench/30gib-2.bin,386,33554432,361.19,,
0,bench/30gib-2.bin,387,33554432,355.02,,
0,bench/30gib-2.bin,388,33554432,862.84,,
0,bench/30gib-2.bin,389,33554432,459.15,,
0,bench/30gib-2.bin,390,33554432,778.19,,
0,bench/30gib-2.bin,391,33554432,609.58,,
0,bench/30gib-2.bin,392,33554432,393.00,,
0,bench/30gib-2.bin,393,33554432,487.42,,
0,bench/30gib-2.bin,394,33554432,428.77,,
0,bench/30gib-2.bin,395,33554432,343.78,,
0,bench/30gib-2.bin,396,33554432,357.63,,
0,bench/30gib-2.bin,397,33554432,523.03,,
0,bench/30gib-2.bin,398,33554432,366.58,,
0,bench/30gib-2.bin,399,33554432,596.77,,
0,bench/30gib-2.bin,400,33554432,446.70,,
0,bench/30gib-2.bin,401,33554432,553.65,,
0,bench/30gib-2.bin,402,33554432,441.24,,
0,bench/30gib-2.bin,403,33554432,521.97,,
0,bench/30gib-2.bin,404,33554432,424.33,,
0,bench/30gib-2.bin,405,33554432,700.62,,
0,bench/30gib-2.bin,406,33554432,648.85,,
0,bench/30gib-2.bin,407,33554432,554.88,,
0,bench/30gib-2.bin,408,33554432,566.90,,
0,bench/30gib-2.bin,409,33554432,613.04,,
0,bench/30gib-2.bin,410,33554432,405.37,,
0,bench/30gib-2.bin,411,33554432,722.04,,
0,bench/30gib-2.bin,412,33554432,495.53,,
0,bench/30gib-2.bin,413,33554432,992.75,,
0,bench/30gib-2.bin,414,33554432,906.31,,
0,bench/30gib-2.bin,415,33554432,490.58,,
0,bench/30gib-2.bin,416,33554432,502.23,,
0,bench/30gib-2.bin,417,33554432,424.40,,
0,bench/30gib-2.bin,418,33554432,371.30,,
0,bench/30gib-2.bin,419,33554432,356.54,,
0,bench/30gib-2.bin,420,33554432,507.80,,
0,bench/30gib-2.bin,421,33554432,341.37,,
0,bench/30gib-2.bin,422,33554432,466.58,,
0,bench/30gib-2.bin,423,33554432,342.64,,
0,bench/30gib-2.bin,424,33554432,789.78,,
0,bench/30gib-2.bin,425,33554432,568.66,,
0,bench/30gib-2.bin,426,33554432,445.41,,
0,bench/30gib-2.bin,427,33554432,571.18,,
0,bench/30gib-2.bin,428,33554432,541.53,,
0,bench/30gib-2.bin,429,33554432,514.22,,
0,bench/30gib-2.bin,430,33554432,711.33,,
0,bench/30gib-2.bin,431,33554432,530.27,,
0,bench/30gib-2.bin,432,33554432,546.99,,
0,bench/30gib-2.bin,433,33554432,462.59,,
0,bench/30gib-2.bin,434,33554432,410.28,,
0,bench/30gib-2.bin,435,33554432,447.30,,
0,bench/30gib-2.bin,436,33554432,530.56,,
0,bench/30gib-2.bin,437,33554432,597.62,,
0,bench/30gib-2.bin,438,33554432,518.56,,
0,bench/30gib-2.bin,439,33554432,493.78,,
0,bench/30gib-2.bin,440,33554432,667.45,,
0,bench/30gib-2.bin,441,33554432,566.78,,
0,bench/30gib-2.bin,442,33554432,412.38,,
0,bench/30gib-2.bin,443,33554432,420.98,,
0,bench/30gib-2.bin,444,33554432,352.52,,
0,bench/30gib-2.bin,445,33554432,677.62,,
0,bench/30gib-2.bin,446,33554432,797.45,,
0,bench/30gib-2.bin,447,33554432,350.58,,
0,bench/30gib-2.bin,448,33554432,391.97,,
0,bench/30gib-2.bin,449,33554432,601.88,,
0,bench/30gib-2.bin,450,33554432,583.88,,
0,bench/30gib-2.bin,451,33554432,400.82,,
0,bench/30gib-2.bin,452,33554432,441.57,,
0,bench/30gib-2.bin,453,33554432,357.55,,
0,bench/30gib-2.bin,454,33554432,516.75,,
0,bench/30gib-2.bin,455,33554432,572.22,,
0,bench/30gib-2.bin,456,33554432,350.00,,
0,bench/30gib-2.bin,457,33554432,703.90,,
0,bench/30gib-2.bin,458,33554432,377.44,,
0,bench/30gib-2.bin,459,33554432,345.57,,
0,bench/30gib-2.bin,460,33554432,708.44,,
0,bench/30gib-2.bin,461,33554432,663.58,,
0,bench/30gib-2.bin,462,33554432,530.82,,
0,bench/30gib-2.bin,463,33554432,510.62,,
0,bench/30gib-2.bin,464,33554432,522.14,,
0,bench/30gib-2.bin,465,33554432,611.69,,
0,bench/30gib-2.bin,466,33554432,340.93,,
0,bench/30gib-2.bin,467,33554432,515.66,,
0,bench/30gib-2.bin,468,33554432,622.03,,
0,bench/30gib-2.bin,469,33554432,764.47,,
0,bench/30gib-2.bin,470,33554432,529.57,,
0,bench/30gib-2.bin,471,33554432,482.31,,
0,bench/30gib-2.bin,472,33554432,347.84,,
0,bench/30gib-2.bin,473,33554432,595.22,,
0,bench/30gib-2.bin,474,33554432,647.99,,
0,bench/30gib-2.bin,475,33554432,516.70,,
0,bench/30gib-2.bin,476,33554432,864.78,,
0,bench/30gib-2.bin,477,33554432,406.23,,
0,bench/30gib-2.bin,478,33554432,372.38,,
0,bench/30gib-2.bin,479,33554432,684.44,,
0,bench/30gib-2.bin,480,33554432,529.92,,
0,bench/30gib-2.bin,481,33554432,477.48,,
0,bench/30gib-2.bin,482,33554432,545.98,,
0,bench/30gib-2.bin,483,33554432,469.08,,
0,bench/30gib-2.bin,484,33554432,984.54,,
0,bench/30gib-2.bin,485,33554432,466.66,,
0,bench/30gib-2.bin,486,33554432,384.59,,
0,bench/30gib-2.bin,487,33554432,342.01,,
0,bench/30gib-2.bin,488,33554432,648.13,,
0,bench/30gib-2.bin,489,33554432,466.81,,
0,bench/30gib-2.bin,490,33554432,601.08,,
0,bench/30gib-2.bin,491,33554432,487.02,,
0,bench/30gib-2.bin,492,33554432,611.90,,
0,bench/30gib-2.bin,493,33554432,360.35,,
0,bench/30gib-2.bin,494,33554432,525.94,,
0,bench/30gib-2.bin,495,33554432,520.10,,
0,bench/30gib-2.bin,496,33554432,1190.71,,
0,bench/30gib-2.bin,497,33554432,613.32,,
0,bench/30gib-2.bin,498,33554432,434.66,,
0,bench/30gib-2.bin,499,33554432,514.91,,
0,bench/30gib-2.bin,500,33554432,428.83,,
0,bench/30gib-2.bin,501,33554432,376.66,,
0,bench/30gib-2.bin,502,33554432,427.98,,
0,bench/30gib-2.bin,503,33554432,344.54,,
0,bench/30gib-2.bin,504,33554432,590.76,,
0,bench/30gib-2.bin,505,33554432,579.96,,
0,bench/30gib-2.bin,506,33554432,679.28,,
0,bench/30gib-2.bin,507,33554432,349.01,,
0,bench/30gib-2.bin,508,33554432,680.24,,
0,bench/30gib-2.bin,509,33554432,592.42,,
0,bench/30gib-2.bin,510,33554432,450.08,,
0,bench/30gib-2.bin,511,33554432,543.23,,
0,bench/30gib-2.bin,512,33554432,369.90,,
0,bench/30gib-2.bin,513,33554432,711.58,,
0,bench/30gib-2.bin,514,33554432,803.25,,
0,bench/30gib-2.bin,515,33554432,376.54,,
0,bench/30gib-2.bin,516,33554432,359.24,,
0,bench/30gib-2.bin,517,33554432,612.17,,
0,bench/30gib-2.bin,518,33554432,606.10,,
0,bench/30gib-2.bin,519,33554432,399.21,,
0,bench/30gib-2.bin,520,33554432,470.64,,
0,bench/30gib-2.bin,521,33554432,351.61,,
0,bench/30gib-2.bin,522,33554432,579.15,,
0,bench/30gib-2.bin,523,33554432,434.60,,
0,bench/30gib-2.bin,524,33554432,345.05,,
0,bench/30gib-2.bin,525,33554432,464.26,,
0,bench/30gib-2.bin,526,33554432,376.43,,
0,bench/30gib-2.bin,527,33554432,794.66,,
0,bench/30gib-2.bin,528,33554432,609.67,,
0,bench/30gib-2.bin,529,33554432,412.70,,
0,bench/30gib-2.bin,530,33554432,477.04,,
0,bench/30gib-2.bin,531,33554432,349.33,,
0,bench/30gib-2.bin,532,33554432,398.16,,
0,bench/30gib-2.bin,533,33554432,438.60,,
0,bench/30gib-2.bin,534,33554432,374.47,,
0,bench/30gib-2.bin,535,33554432,344.04,,
0,bench/30gib-2.bin,536,33554432,474.76,,
0,bench/30gib-2.bin,537,33554432,361.32,,
0,bench/30gib-2.bin,538,33554432,468.02,,
0,bench/30gib-2.bin,539,33554432,497.80,,
0,bench/30gib-2.bin,540,33554432,496.68,,
0,bench/30gib-2.bin,541,33554432,417.46,,
0,bench/30gib-2.bin,542,33554432,789.83,,
0,bench/30gib-2.bin,543,33554432,441.74,,
0,bench/30gib-2.bin,544,33554432,381.05,,
0,bench/30gib-2.bin,545,33554432,348.45,,
0,bench/30gib-2.bin,546,33554432,509.97,,
0,bench/30gib-2.bin,547,33554432,344.01,,
0,bench/30gib-2.bin,548,33554432,525.92,,
0,bench/30gib-2.bin,549,33554432,421.32,,
0,bench/30gib-2.bin,550,33554432,612.58,,
0,bench/30gib-2.bin,551,33554432,444.21,,
0,bench/30gib-2.bin,552,33554432,933.33,,
0,bench/30gib-2.bin,553,33554432,569.59,,
0,bench/30gib-2.bin,554,33554432,909.45,,
0,bench/30gib-2.bin,555,33554432,350.06,,
0,bench/30gib-2.bin,556,33554432,482.84,,
0,bench/30gib-2.bin,557,33554432,569.26,,
0,bench/30gib-2.bin,558,33554432,522.68,,
0,bench/30gib-2.bin,559,33554432,360.99,,
0,bench/30gib-2.bin,560,33554432,388.87,,
0,bench/30gib-2.bin,561,33554432,357.51,,
0,bench/30gib-2.bin,562,33554432,552.11,,
0,bench/30gib-2.bin,563,33554432,342.86,,
0,bench/30gib-2.bin,564,33554432,508.65,,
0,bench/30gib-2.bin,565,33554432,601.32,,
0,bench/30gib-2.bin,566,33554432,346.54,,
0,bench/30gib-2.bin,567,33554432,505.69,,
0,bench/30gib-2.bin,568,33554432,349.33,,
0,bench/30gib-2.bin,569,33554432,446.12,,
0,bench/30gib-2.bin,570,33554432,439.17,,
0,bench/30gib-2.bin,571,33554432,672.58,,
0,bench/30gib-2.bin,572,33554432,571.41,,
0,bench/30gib-2.bin,573,33554432,492.40,,
0,bench/30gib-2.bin,574,33554432,607.02,,
0,bench/30gib-2.bin,575,33554432,414.38,,
0,bench/30gib-2.bin,576,33554432,704.43,,
0,bench/30gib-2.bin,577,33554432,498.47,,
0,bench/30gib-2.bin,578,33554432,558.68,,
0,bench/30gib-2.bin,579,33554432,931.31,,
0,bench/30gib-2.bin,580,33554432,428.77,,
0,bench/30gib-2.bin,581,33554432,404.57,,
0,bench/30gib-2.bin,582,33554432,528.22,,
0,bench/30gib-2.bin,583,33554432,628.26,,
0,bench/30gib-2.bin,584,33554432,357.73,,
0,bench/30gib-2.bin,585,33554432,472.12,,
0,bench/30gib-2.bin,586,33554432,425.75,,
0,bench/30gib-2.bin,587,33554432,512.46,,
0,bench/30gib-2.bin,588,33554432,638.38,,
0,bench/30gib-2.bin,589,33554432,380.35,,
0,bench/30gib-2.bin,590,33554432,416.02,,
0,bench/30gib-2.bin,591,33554432,530.66,,
0,bench/30gib-2.bin,592,33554432,430.59,,
0,bench/30gib-2.bin,593,33554432,349.91,,
0,bench/30gib-2.bin,594,33554432,373.67,,
0,bench/30gib-2.bin,595,33554432,512.01,,
0,bench/30gib-2.bin,596,33554432,493.45,,
0,bench/30gib-2.bin,597,33554432,525.82,,
0,bench/30gib-2.bin,598,33554432,383.26,,
0,bench/30gib-2.bin,599,33554432,372.76,,
0,bench/30gib-2.bin,600,33554432,773.23,,
0,bench/30gib-2.bin,601,33554432,724.03,,
0,bench/30gib-2.bin,602,33554432,506.36,,
0,bench/30gib-2.bin,603,33554432,894.49,,
0,bench/30gib-2.bin,604,33554432,458.49,,
0,bench/30gib-2.bin,605,33554432,411.96,,
0,bench/30gib-2.bin,606,33554432,468.68,,
0,bench/30gib-2.bin,607,33554432,514.26,,
0,bench/30gib-2.bin,608,33554432,348.04,,
0,bench/30gib-2.bin,609,33554432,441.84,,
0,bench/30gib-2.bin,610,33554432,725.55,,
0,bench/30gib-2.bin,611,33554432,506.53,,
0,bench/30gib-2.bin,612,33554432,447.33,,
0,bench/30gib-2.bin,613,33554432,510.49,,
0,bench/30gib-2.bin,614,33554432,643.59,,
0,bench/30gib-2.bin,615,33554432,425.29,,
0,bench/30gib-2.bin,616,33554432,589.01,,
0,bench/30gib-2.bin,617,33554432,459.28,,
0,bench/30gib-2.bin,618,33554432,362.93,,
0,bench/30gib-2.bin,619,33554432,348.84,,
0,bench/30gib-2.bin,620,33554432,656.76,,
0,bench/30gib-2.bin,621,33554432,406.69,,
0,bench/30gib-2.bin,622,33554432,633.33,,
0,bench/30gib-2.bin,623,33554432,688.90,,
0,bench/30gib-2.bin,624,33554432,794.00,,
0,bench/30gib-2.bin,625,33554432,360.23,,
0,bench/30gib-2.bin,626,33554432,526.56,,
0,bench/30gib-2.bin,627,33554432,346.05,,
0,bench/30gib-2.bin,628,33554432,464.54,,
0,bench/30gib-2.bin,629,33554432,615.99,,
0,bench/30gib-2.bin,630,33554432,414.69,,
0,bench/30gib-2.bin,631,33554432,595.81,,
0,bench/30gib-2.bin,632,33554432,627.35,,
0,bench/30gib-2.bin,633,33554432,402.24,,
0,bench/30gib-2.bin,634,33554432,443.60,,
0,bench/30gib-2.bin,635,33554432,495.79,,
0,bench/30gib-2.bin,636,33554432,855.02,,
0,bench/30gib-2.bin,637,33554432,588.88,,
0,bench/30gib-2.bin,638,33554432,409.68,,
0,bench/30gib-2.bin,639,33554432,632.51,,
0,bench/30gib-2.bin,640,33554432,760.83,,
0,bench/30gib-2.bin,641,33554432,585.10,,
0,bench/30gib-2.bin,642,33554432,445.01,,
0,bench/30gib-2.bin,643,33554432,447.70,,
0,bench/30gib-2.bin,644,33554432,569.63,,
0,bench/30gib-2.bin,645,33554432,523.80,,
0,bench/30gib-2.bin,646,33554432,402.35,,
0,bench/30gib-2.bin,647,33554432,553.42,,
0,bench/30gib-2.bin,648,33554432,489.14,,
0,bench/30gib-2.bin,649,33554432,547.44,,
0,bench/30gib-2.bin,650,33554432,540.62,,
0,bench/30gib-2.bin,651,33554432,418.42,,
0,bench/30gib-2.bin,652,33554432,800.87,,
0,bench/30gib-2.bin,653,33554432,471.62,,
0,bench/30gib-2.bin,654,33554432,423.73,,
0,bench/30gib-2.bin,655,33554432,695.96,,
0,bench/30gib-2.bin,656,33554432,751.11,,
0,bench/30gib-2.bin,657,33554432,349.47,,
0,bench/30gib-2.bin,658,33554432,463.17,,
0,bench/30gib-2.bin,659,33554432,545.46,,
0,bench/30gib-2.bin,660,33554432,440.73,,
0,bench/30gib-2.bin,661,33554432,378.41,,
0,bench/30gib-2.bin,662,33554432,432.25,,
0,bench/30gib-2.bin,663,33554432,406.44,,
0,bench/30gib-2.bin,664,33554432,394.85,,
0,bench/30gib-2.bin,665,33554432,609.92,,
0,bench/30gib-2.bin,666,33554432,478.56,,
0,bench/30gib-2.bin,667,33554432,596.94,,
0,bench/30gib-2.bin,668,33554432,353.82,,
0,bench/30gib-2.bin,669,33554432,434.63,,
0,bench/30gib-2.bin,670,33554432,524.06,,
0,bench/30gib-2.bin,671,33554432,549.40,,
0,bench/30gib-2.bin,672,33554432,489.58,,
0,bench/30gib-2.bin,673,33554432,344.76,,
0,bench/30gib-2.bin,674,33554432,473.13,,
0,bench/30gib-2.bin,675,33554432,615.43,,
0,bench/30gib-2.bin,676,33554432,388.99,,
0,bench/30gib-2.bin,677,33554432,575.46,,
0,bench/30gib-2.bin,678,33554432,565.00,,
0,bench/30gib-2.bin,679,33554432,612.61,,
0,bench/30gib-2.bin,680,33554432,613.01,,
0,bench/30gib-2.bin,681,33554432,566.94,,
0,bench/30gib-2.bin,682,33554432,442.72,,
0,bench/30gib-2.bin,683,33554432,502.04,,
0,bench/30gib-2.bin,684,33554432,391.62,,
0,bench/30gib-2.bin,685,33554432,522.81,,
0,bench/30gib-2.bin,686,33554432,454.23,,
0,bench/30gib-2.bin,687,33554432,604.93,,
0,bench/30gib-2.bin,688,33554432,551.99,,
0,bench/30gib-2.bin,689,33554432,416.56,,
0,bench/30gib-2.bin,690,33554432,362.27,,
0,bench/30gib-2.bin,691,33554432,403.53,,
0,bench/30gib-2.bin,692,33554432,425.59,,
0,bench/30gib-2.bin,693,33554432,376.17,,
0,bench/30gib-2.bin,694,33554432,378.62,,
0,bench/30gib-2.bin,695,33554432,528.08,,
0,bench/30gib-2.bin,696,33554432,571.69,,
0,bench/30gib-2.bin,697,33554432,422.60,,
0,bench/30gib-2.bin,698,33554432,481.10,,
0,bench/30gib-2.bin,699,33554432,617.29,,
0,bench/30gib-2.bin,700,33554432,566.83,,
0,bench/30gib-2.bin,701,33554432,1254.03,,
0,bench/30gib-2.bin,702,33554432,505.21,,
0,bench/30gib-2.bin,703,33554432,497.13,,
0,bench/30gib-2.bin,704,33554432,656.06,,
0,bench/30gib-2.bin,705,33554432,493.90,,
0,bench/30gib-2.bin,706,33554432,507.91,,
0,bench/30gib-2.bin,707,33554432,917.45,,
0,bench/30gib-2.bin,708,33554432,432.47,,
0,bench/30gib-2.bin,709,33554432,619.25,,
0,bench/30gib-2.bin,710,33554432,531.26,,
0,bench/30gib-2.bin,711,33554432,344.27,,
0,bench/30gib-2.bin,712,33554432,573.41,,
0,bench/30gib-2.bin,713,33554432,395.72,,
0,bench/30gib-2.bin,714,33554432,459.30,,
0,bench/30gib-2.bin,715,33554432,655.74,,
0,bench/30gib-2.bin,716,33554432,651.27,,
0,bench/30gib-2.bin,717,33554432,511.12,,
0,bench/30gib-2.bin,718,33554432,355.67,,
0,bench/30gib-2.bin,719,33554432,444.63,,
0,bench/30gib-2.bin,720,33554432,357.29,,
0,bench/30gib-2.bin,721,33554432,777.57,,
0,bench/30gib-2.bin,722,33554432,700.59,,
0,bench/30gib-2.bin,723,33554432,680.58,,
0,bench/30gib-2.bin,724,33554432,359.05,,
0,bench/30gib-2.bin,725,33554432,400.97,,
0,bench/30gib-2.bin,726,33554432,431.55,,
0,bench/30gib-2.bin,727,33554432,447.40,,
0,bench/30gib-2.bin,728,33554432,474.79,,
0,bench/30gib-2.bin,729,33554432,463.35,,
0,bench/30gib-2.bin,730,33554432,529.24,,
0,bench/30gib-2.bin,731,33554432,565.96,,
0,bench/30gib-2.bin,732,33554432,1177.29,,
0,bench/30gib-2.bin,733,33554432,954.78,,
0,bench/30gib-2.bin,734,33554432,522.84,,
0,bench/30gib-2.bin,735,33554432,715.69,,
0,bench/30gib-2.bin,736,33554432,432.55,,
0,bench/30gib-2.bin,737,33554432,429.00,,
0,bench/30gib-2.bin,738,33554432,561.53,,
0,bench/30gib-2.bin,739,33554432,526.55,,
0,bench/30gib-2.bin,740,33554432,448.07,,
0,bench/30gib-2.bin,741,33554432,352.99,,
0,bench/30gib-2.bin,742,33554432,501.74,,
0,bench/30gib-2.bin,743,33554432,691.67,,
0,bench/30gib-2.bin,744,33554432,605.84,,
0,bench/30gib-2.bin,745,33554432,427.91,,
0,bench/30gib-2.bin,746,33554432,389.89,,
0,bench/30gib-2.bin,747,33554432,597.46,,
0,bench/30gib-2.bin,748,33554432,490.63,,
0,bench/30gib-2.bin,749,33554432,355.95,,
0,bench/30gib-2.bin,750,33554432,395.84,,
0,bench/30gib-2.bin,751,33554432,547.71,,
0,bench/30gib-2.bin,752,33554432,526.84,,
0,bench/30gib-2.bin,753,33554432,495.51,,
0,bench/30gib-2.bin,754,33554432,574.39,,
0,bench/30gib-2.bin,755,33554432,784.38,,
0,bench/30gib-2.bin,756,33554432,687.23,,
0,bench/30gib-2.bin,757,33554432,371.89,,
0,bench/30gib-2.bin,758,33554432,481.83,,
0,bench/30gib-2.bin,759,33554432,349.50,,
0,bench/30gib-2.bin,760,33554432,470.44,,
0,bench/30gib-2.bin,761,33554432,708.77,,
0,bench/30gib-2.bin,762,33554432,458.30,,
0,bench/30gib-2.bin,763,33554432,420.27,,
0,bench/30gib-2.bin,764,33554432,641.59,,
0,bench/30gib-2.bin,765,33554432,372.37,,
0,bench/30gib-2.bin,766,33554432,607.07,,
0,bench/30gib-2.bin,767,33554432,737.69,,
0,bench/30gib-2.bin,768,33554432,351.36,,
0,bench/30gib-2.bin,769,33554432,771.88,,
0,bench/30gib-2.bin,770,33554432,449.47,,
0,bench/30gib-2.bin,771,33554432,429.43,,
0,bench/30gib-2.bin,772,33554432,703.74,,
0,bench/30gib-2.bin,773,33554432,353.53,,
0,bench/30gib-2.bin,774,33554432,400.00,,
0,bench/30gib-2.bin,775,33554432,348.84,,
0,bench/30gib-2.bin,776,33554432,473.90,,
0,bench/30gib-2.bin,777,33554432,491.08,,
0,bench/30gib-2.bin,778,33554432,450.79,,
0,bench/30gib-2.bin,779,33554432,448.59,,
0,bench/30gib-2.bin,780,33554432,1051.47,,
0,bench/30gib-2.bin,781,33554432,436.50,,
0,bench/30gib-2.bin,782,33554432,606.96,,
0,bench/30gib-2.bin,783,33554432,729.21,,
0,bench/30gib-2.bin,784,33554432,651.56,,
0,bench/30gib-2.bin,785,33554432,388.92,,
0,bench/30gib-2.bin,786,33554432,415.83,,
0,bench/30gib-2.bin,787,33554432,573.11,,
0,bench/30gib-2.bin,788,33554432,538.61,,
0,bench/30gib-2.bin,789,33554432,499.66,,
0,bench/30gib-2.bin,790,33554432,428.32,,
0,bench/30gib-2.bin,791,33554432,760.58,,
0,bench/30gib-2.bin,792,33554432,479.96,,
0,bench/30gib-2.bin,793,33554432,503.45,,
0,bench/30gib-2.bin,794,33554432,550.52,,
0,bench/30gib-2.bin,795,33554432,451.36,,
0,bench/30gib-2.bin,796,33554432,705.57,,
0,bench/30gib-2.bin,797,33554432,463.25,,
0,bench/30gib-2.bin,798,33554432,719.19,,
0,bench/30gib-2.bin,799,33554432,412.07,,
0,bench/30gib-2.bin,800,33554432,569.17,,
0,bench/30gib-2.bin,801,33554432,387.51,,
0,bench/30gib-2.bin,802,33554432,488.98,,
0,bench/30gib-2.bin,803,33554432,515.37,,
0,bench/30gib-2.bin,804,33554432,440.34,,
0,bench/30gib-2.bin,805,33554432,493.90,,
0,bench/30gib-2.bin,806,33554432,502.44,,
0,bench/30gib-2.bin,807,33554432,446.47,,
0,bench/30gib-2.bin,808,33554432,509.36,,
0,bench/30gib-2.bin,809,33554432,489.19,,
0,bench/30gib-2.bin,810,33554432,372.29,,
0,bench/30gib-2.bin,811,33554432,437.17,,
0,bench/30gib-2.bin,812,33554432,579.42,,
0,bench/30gib-2.bin,813,33554432,542.42,,
0,bench/30gib-2.bin,814,33554432,588.72,,
0,bench/30gib-2.bin,815,33554432,349.48,,
0,bench/30gib-2.bin,816,33554432,424.72,,
0,bench/30gib-2.bin,817,33554432,433.43,,
0,bench/30gib-2.bin,818,33554432,482.73,,
0,bench/30gib-2.bin,819,33554432,664.03,,
0,bench/30gib-2.bin,820,33554432,493.10,,
0,bench/30gib-2.bin,821,33554432,594.02,,
0,bench/30gib-2.bin,822,33554432,374.78,,
0,bench/30gib-2.bin,823,33554432,364.12,,
0,bench/30gib-2.bin,824,33554432,500.29,,
0,bench/30gib-2.bin,825,33554432,454.74,,
0,bench/30gib-2.bin,826,33554432,627.43,,
0,bench/30gib-2.bin,827,33554432,585.21,,
0,bench/30gib-2.bin,828,33554432,570.63,,
0,bench/30gib-2.bin,829,33554432,400.05,,
0,bench/30gib-2.bin,830,33554432,488.58,,
0,bench/30gib-2.bin,831,33554432,732.86,,
0,bench/30gib-2.bin,832,33554432,358.10,,
0,bench/30gib-2.bin,833,33554432,669.64,,
0,bench/30gib-2.bin,834,33554432,615.00,,
0,bench/30gib-2.bin,835,33554432,344.93,,
0,bench/30gib-2.bin,836,33554432,626.96,,
0,bench/30gib-2.bin,837,33554432,375.99,,
0,bench/30gib-2.bin,838,33554432,537.40,,
0,bench/30gib-2.bin,839,33554432,441.71,,
0,bench/30gib-2.bin,840,33554432,344.00,,
0,bench/30gib-2.bin,841,33554432,584.88,,
0,bench/30gib-2.bin,842,33554432,535.57,,
0,bench/30gib-2.bin,843,33554432,413.51,,
0,bench/30gib-2.bin,844,33554432,604.73,,
0,bench/30gib-2.bin,845,33554432,626.09,,
0,bench/30gib-2.bin,846,33554432,856.90,,
0,bench/30gib-2.bin,847,33554432,785.19,,
0,bench/30gib-2.bin,848,33554432,857.09,,
0,bench/30gib-2.bin,849,33554432,429.76,,
0,bench/30gib-2.bin,850,33554432,629.33,,
0,bench/30gib-2.bin,851,33554432,394.19,,
0,bench/30gib-2.bin,852,33554432,1071.90,,
0,bench/30gib-2.bin,853,33554432,589.19,,
0,bench/30gib-2.bin,854,33554432,387.02,,
0,bench/30gib-2.bin,855,33554432,525.42,,
0,bench/30gib-2.bin,856,33554432,607.09,,
0,bench/30gib-2.bin,857,33554432,390.40,,
0,bench/30gib-2.bin,858,33554432,579.23,,
0,bench/30gib-2.bin,859,33554432,689.32,,
0,bench/30gib-2.bin,860,33554432,576.39,,
0,bench/30gib-2.bin,861,33554432,525.69,,
0,bench/30gib-2.bin,862,33554432,723.72,,
0,bench/30gib-2.bin,863,33554432,440.11,,
0,bench/30gib-2.bin,864,33554432,493.67,,
0,bench/30gib-2.bin,865,33554432,627.84,,
0,bench/30gib-2.bin,866,33554432,672.30,,
0,bench/30gib-2.bin,867,33554432,417.69,,
0,bench/30gib-2.bin,868,33554432,679.93,,
0,bench/30gib-2.bin,869,33554432,667.64,,
0,bench/30gib-2.bin,870,33554432,452.77,,
0,bench/30gib-2.bin,871,33554432,409.78,,
0,bench/30gib-2.bin,872,33554432,522.14,,
0,bench/30gib-2.bin,873,33554432,443.46,,
0,bench/30gib-2.bin,874,33554432,478.78,,
0,bench/30gib-2.bin,875,33554432,607.12,,
0,bench/30gib-2.bin,876,33554432,391.91,,
0,bench/30gib-2.bin,877,33554432,661.60,,
0,bench/30gib-2.bin,878,33554432,365.02,,
0,bench/30gib-2.bin,879,33554432,737.96,,
0,bench/30gib-2.bin,880,33554432,463.67,,
0,bench/30gib-2.bin,881,33554432,495.30,,
0,bench/30gib-2.bin,882,33554432,413.21,,
0,bench/30gib-2.bin,883,33554432,430.48,,
0,bench/30gib-2.bin,884,33554432,810.28,,
0,bench/30gib-2.bin,885,33554432,465.71,,
0,bench/30gib-2.bin,886,33554432,479.54,,
0,bench/30gib-2.bin,887,33554432,673.81,,
0,bench/30gib-2.bin,888,33554432,430.40,,
0,bench/30gib-2.bin,889,33554432,396.48,,
0,bench/30gib-2.bin,890,33554432,650.23,,
0,bench/30gib-2.bin,891,33554432,344.37,,
0,bench/30gib-2.bin,892,33554432,459.16,,
0,bench/30gib-2.bin,893,33554432,526.46,,
0,bench/30gib-2.bin,894,33554432,524.97,,
0,bench/30gib-2.bin,895,33554432,469.11,,
0,bench/30gib-2.bin,896,33554432,409.24,,
0,bench/30gib-2.bin,897,33554432,541.06,,
0,bench/30gib-2.bin,898,33554432,1135.41,,
0,bench/30gib-2.bin,899,33554432,711.93,,
0,bench/30gib-2.bin,900,33554432,650.83,,
0,bench/30gib-2.bin,901,33554432,386.30,,
0,bench/30gib-2.bin,902,33554432,608.93,,
0,bench/30gib-2.bin,903,33554432,374.83,,
0,bench/30gib-2.bin,904,33554432,510.07,,
0,bench/30gib-2.bin,905,33554432,344.79,,
0,bench/30gib-2.bin,906,33554432,471.60,,
0,bench/30gib-2.bin,907,33554432,567.28,,
0,bench/30gib-2.bin,908,33554432,612.76,,
0,bench/30gib-2.bin,909,33554432,475.46,,
0,bench/30gib-2.bin,910,33554432,563.68,,
0,bench/30gib-2.bin,911,33554432,411.17,,
0,bench/30gib-2.bin,912,33554432,876.13,,
0,bench/30gib-2.bin,913,33554432,539.78,,
0,bench/30gib-2.bin,914,33554432,577.07,,
0,bench/30gib-2.bin,915,33554432,558.28,,
0,bench/30gib-2.bin,916,33554432,745.07,,
0,bench/30gib-2.bin,917,33554432,392.43,,
0,bench/30gib-2.bin,918,33554432,347.08,,
0,bench/30gib-2.bin,919,33554432,439.41,,
0,bench/30gib-2.bin,920,33554432,391.23,,
0,bench/30gib-2.bin,921,33554432,442.86,,
0,bench/30gib-2.bin,922,33554432,437.82,,
0,bench/30gib-2.bin,923,33554432,439.50,,
0,bench/30gib-2.bin,924,33554432,526.53,,
0,bench/30gib-2.bin,925,33554432,454.21,,
0,bench/30gib-2.bin,926,33554432,372.70,,
0,bench/30gib-2.bin,927,33554432,612.63,,
0,bench/30gib-2.bin,928,33554432,407.52,,
0,bench/30gib-2.bin,929,33554432,347.75,,
0,bench/30gib-2.bin,930,33554432,572.94,,
0,bench/30gib-2.bin,931,33554432,595.93,,
0,bench/30gib-2.bin,932,33554432,429.54,,
0,bench/30gib-2.bin,933,33554432,470.71,,
0,bench/30gib-2.bin,934,33554432,473.14,,
0,bench/30gib-2.bin,935,33554432,551.38,,
0,bench/30gib-2.bin,936,33554432,406.23,,
0,bench/30gib-2.bin,937,33554432,600.79,,
0,bench/30gib-2.bin,938,33554432,439.82,,
0,bench/30gib-2.bin,939,33554432,489.84,,
0,bench/30gib-2.bin,940,33554432,445.39,,
0,bench/30gib-2.bin,941,33554432,666.76,,
0,bench/30gib-2.bin,942,33554432,762.89,,
0,bench/30gib-2.bin,943,33554432,643.64,,
0,bench/30gib-2.bin,944,33554432,552.88,,
0,bench/30gib-2.bin,945,33554432,491.79,,
0,bench/30gib-2.bin,946,33554432,632.23,,
0,bench/30gib-2.bin,947,33554432,469.93,,
0,bench/30gib-2.bin,948,33554432,635.74,,
0,bench/30gib-2.bin,949,33554432,474.92,,
0,bench/30gib-2.bin,950,33554432,600.27,,
0,bench/30gib-2.bin,951,33554432,517.53,,
0,bench/30gib-2.bin,952,33554432,519.80,,
0,bench/30gib-2.bin,953,33554432,592.56,,
0,bench/30gib-2.bin,954,33554432,437.37,,
0,bench/30gib-2.bin,955,33554432,585.51,,
0,bench/30gib-2.bin,956,33554432,453.08,,
0,bench/30gib-2.bin,957,33554432,371.25,,
0,bench/30gib-2.bin,958,33554432,352.07,,
0,bench/30gib-2.bin,959,33554432,396.63,,
0,bench/30gib-2.bin,960,33554432,483.09,,
0,bench/30gib-3.bin,1,33554432,826.42,,
0,bench/30gib-3.bin,2,33554432,744.16,,
0,bench/30gib-3.bin,3,33554432,984.74,,
0,bench/30gib-3.bin,4,33554432,760.05,,
0,bench/30gib-3.bin,5,33554432,1188.65,,
0,bench/30gib-3.bin,6,33554432,493.22,,
0,bench/30gib-3.bin,7,33554432,824.88,,
0,bench/30gib-3.bin,8,33554432,804.92,,
0,bench/30gib-3.bin,9,33554432,682.16,,
0,bench/30gib-3.bin,10,33554432,751.00,,
0,bench/30gib-3.bin,11,33554432,561.95,,
0,bench/30gib-3.bin,12,33554432,669.61,,
0,bench/30gib-3.bin,13,33554432,986.95,,
0,bench/30gib-3.bin,14,33554432,611.55,,
0,bench/30gib-3.bin,15,33554432,921.83,,
0,bench/30gib-3.bin,16,33554432,735.52,,
0,bench/30gib-3.bin,17,33554432,769.00,,
0,bench/30gib-3.bin,18,33554432,1668.30,,
0,bench/30gib-3.bin,19,33554432,763.47,,
0,bench/30gib-3.bin,20,33554432,874.68,,
0,bench/30gib-3.bin,21,33554432,407.25,,
0,bench/30gib-3.bin,22,33554432,714.50,,
0,bench/30gib-3.bin,23,33554432,745.35,,
0,bench/30gib-3.bin,24,33554432,1272.60,,
0,bench/30gib-3.bin,25,33554432,674.96,,
0,bench/30gib-3.bin,26,33554432,627.64,,
0,bench/30gib-3.bin,27,33554432,604.40,,
0,bench/30gib-3.bin,28,33554432,615.20,,
0,bench/30gib-3.bin,29,33554432,962.17,,
0,bench/30gib-3.bin,30,33554432,930.04,,
0,bench/30gib-3.bin,31,33554432,762.83,,
0,bench/30gib-3.bin,32,33554432,699.77,,
0,bench/30gib-3.bin,33,33554432,915.57,,
0,bench/30gib-3.bin,34,33554432,420.56,,
0,bench/30gib-3.bin,35,33554432,470.48,,
0,bench/30gib-3.bin,36,33554432,452.81,,
0,bench/30gib-3.bin,37,33554432,434.53,,
0,bench/30gib-3.bin,38,33554432,820.24,,
0,bench/30gib-3.bin,39,33554432,1013.00,,
0,bench/30gib-3.bin,40,33554432,459.56,,
0,bench/30gib-3.bin,41,33554432,959.90,,
0,bench/30gib-3.bin,42,33554432,713.06,,
0,bench/30gib-3.bin,43,33554432,407.02,,
0,bench/30gib-3.bin,44,33554432,742.27,,
0,bench/30gib-3.bin,45,33554432,946.93,,
0,bench/30gib-3.bin,46,33554432,401.73,,
0,bench/30gib-3.bin,47,33554432,520.71,,
0,bench/30gib-3.bin,48,33554432,457.78,,
0,bench/30gib-3.bin,49,33554432,814.74,,
0,bench/30gib-3.bin,50,33554432,519.78,,
0,bench/30gib-3.bin,51,33554432,693.11,,
0,bench/30gib-3.bin,52,33554432,1030.18,,
0,bench/30gib-3.bin,53,33554432,1703.37,,
0,bench/30gib-3.bin,54,33554432,1200.20,,
0,bench/30gib-3.bin,55,33554432,347.94,,
0,bench/30gib-3.bin,56,33554432,627.06,,
0,bench/30gib-3.bin,57,33554432,548.90,,
0,bench/30gib-3.bin,58,33554432,616.34,,
0,bench/30gib-3.bin,59,33554432,1294.32,,
0,bench/30gib-3.bin,60,33554432,371.45,,
0,bench/30gib-3.bin,61,33554432,486.34,,
0,bench/30gib-3.bin,62,33554432,507.32,,
0,bench/30gib-3.bin,63,33554432,677.13,,
0,bench/30gib-3.bin,64,33554432,460.20,,
0,bench/30gib-3.bin,65,33554432,465.33,,
0,bench/30gib-3.bin,66,33554432,352.74,,
0,bench/30gib-3.bin,67,33554432,582.03,,
0,bench/30gib-3.bin,68,33554432,679.85,,
0,bench/30gib-3.bin,69,33554432,699.73,,
0,bench/30gib-3.bin,70,33554432,500.32,,
0,bench/30gib-3.bin,71,33554432,651.49,,
0,bench/30gib-3.bin,72,33554432,361.82,,
0,bench/30gib-3.bin,73,33554432,1172.00,,
0,bench/30gib-3.bin,74,33554432,449.47,,
0,bench/30gib-3.bin,75,33554432,379.24,,
0,bench/30gib-3.bin,76,33554432,632.57,,
0,bench/30gib-3.bin,77,33554432,443.35,,
0,bench/30gib-3.bin,78,33554432,561.32,,
0,bench/30gib-3.bin,79,33554432,960.58,,
0,bench/30gib-3.bin,80,33554432,791.99,,
0,bench/30gib-3.bin,81,33554432,341.71,,
0,bench/30gib-3.bin,82,33554432,709.71,,
0,bench/30gib-3.bin,83,33554432,346.19,,
0,bench/30gib-3.bin,84,33554432,470.92,,
0,bench/30gib-3.bin,85,33554432,350.57,,
0,bench/30gib-3.bin,86,33554432,555.85,,
0,bench/30gib-3.bin,87,33554432,560.92,,
0,bench/30gib-3.bin,88,33554432,719.29,,
0,bench/30gib-3.bin,89,33554432,537.87,,
0,bench/30gib-3.bin,90,33554432,728.16,,
0,bench/30gib-3.bin,91,33554432,533.74,,
0,bench/30gib-3.bin,92,33554432,488.71,,
0,bench/30gib-3.bin,93,33554432,632.79,,
0,bench/30gib-3.bin,94,33554432,535.25,,
0,bench/30gib-3.bin,95,33554432,493.45,,
0,bench/30gib-3.bin,96,33554432,528.69,,
0,bench/30gib-3.bin,97,33554432,479.47,,
0,bench/30gib-3.bin,98,33554432,735.21,,
0,bench/30gib-3.bin,99,33554432,563.67,,
0,bench/30gib-3.bin,100,33554432,385.85,,
0,bench/30gib-3.bin,101,33554432,380.68,,
0,bench/30gib-3.bin,102,33554432,437.16,,
0,bench/30gib-3.bin,103,33554432,461.41,,
0,bench/30gib-3.bin,104,33554432,411.78,,
0,bench/30gib-3.bin,105,33554432,864.74,,
0,bench/30gib-3.bin,106,33554432,587.04,,
0,bench/30gib-3.bin,107,33554432,362.06,,
0,bench/30gib-3.bin,108,33554432,598.14,,
0,bench/30gib-3.bin,109,33554432,390.26,,
0,bench/30gib-3.bin,110,33554432,347.02,,
0,bench/30gib-3.bin,111,33554432,528.07,,
0,bench/30gib-3.bin,112,33554432,343.40,,
0,bench/30gib-3.bin,113,33554432,499.65,,
0,bench/30gib-3.bin,114,33554432,459.10,,
0,bench/30gib-3.bin,115,33554432,471.04,,
0,bench/30gib-3.bin,116,33554432,423.81,,
0,bench/30gib-3.bin,117,33554432,450.74,,
0,bench/30gib-3.bin,118,33554432,411.86,,
0,bench/30gib-3.bin,119,33554432,1084.58,,
0,bench/30gib-3.bin,120,33554432,402.79,,
0,bench/30gib-3.bin,121,33554432,441.35,,
0,bench/30gib-3.bin,122,33554432,415.23,,
0,bench/30gib-3.bin,123,33554432,646.86,,
0,bench/30gib-3.bin,124,33554432,530.83,,
0,bench/30gib-3.bin,125,33554432,428.61,,
0,bench/30gib-3.bin,126,33554432,676.19,,
0,bench/30gib-3.bin,127,33554432,518.73,,
0,bench/30gib-3.bin,128,33554432,540.25,,
0,bench/30gib-3.bin,129,33554432,657.35,,
0,bench/30gib-3.bin,130,33554432,438.38,,
0,bench/30gib-3.bin,131,33554432,362.94,,
0,bench/30gib-3.bin,132,33554432,528.83,,
0,bench/30gib-3.bin,133,33554432,394.83,,
0,bench/30gib-3.bin,134,33554432,532.30,,
0,bench/30gib-3.bin,135,33554432,408.75,,
0,bench/30gib-3.bin,136,33554432,666.45,,
0,bench/30gib-3.bin,137,33554432,456.75,,
0,bench/30gib-3.bin,138,33554432,422.93,,
0,bench/30gib-3.bin,139,33554432,888.38,,
0,bench/30gib-3.bin,140,33554432,536.90,,
0,bench/30gib-3.bin,141,33554432,342.59,,
0,bench/30gib-3.bin,142,33554432,403.80,,
0,bench/30gib-3.bin,143,33554432,921.00,,
0,bench/30gib-3.bin,144,33554432,405.11,,
0,bench/30gib-3.bin,145,33554432,393.28,,
0,bench/30gib-3.bin,146,33554432,636.74,,
0,bench/30gib-3.bin,147,33554432,709.88,,
0,bench/30gib-3.bin,148,33554432,417.98,,
0,bench/30gib-3.bin,149,33554432,439.24,,
0,bench/30gib-3.bin,150,33554432,986.58,,
0,bench/30gib-3.bin,151,33554432,621.76,,
0,bench/30gib-3.bin,152,33554432,429.59,,
0,bench/30gib-3.bin,153,33554432,350.59,,
0,bench/30gib-3.bin,154,33554432,352.66,,
0,bench/30gib-3.bin,155,33554432,342.54,,
0,bench/30gib-3.bin,156,33554432,588.01,,
0,bench/30gib-3.bin,157,33554432,428.11,,
0,bench/30gib-3.bin,158,33554432,413.16,,
0,bench/30gib-3.bin,159,33554432,525.46,,
0,bench/30gib-3.bin,160,33554432,451.37,,
0,bench/30gib-3.bin,161,33554432,384.30,,
0,bench/30gib-3.bin,162,33554432,565.50,,
0,bench/30gib-3.bin,163,33554432,633.18,,
0,bench/30gib-3.bin,164,33554432,458.62,,
0,bench/30gib-3.bin,165,33554432,476.22,,
0,bench/30gib-3.bin,166,33554432,652.97,,
0,bench/30gib-3.bin,167,33554432,506.79,,
0,bench/30gib-3.bin,168,33554432,386.14,,
0,bench/30gib-3.bin,169,33554432,651.14,,
0,bench/30gib-3.bin,170,33554432,344.84,,
0,bench/30gib-3.bin,171,33554432,352.21,,
0,bench/30gib-3.bin,172,33554432,401.31,,
0,bench/30gib-3.bin,173,33554432,399.25,,
0,bench/30gib-3.bin,174,33554432,476.33,,
0,bench/30gib-3.bin,175,33554432,561.72,,
0,bench/30gib-3.bin,176,33554432,438.32,,
0,bench/30gib-3.bin,177,33554432,562.19,,
0,bench/30gib-3.bin,178,33554432,352.96,,
0,bench/30gib-3.bin,179,33554432,347.02,,
0,bench/30gib-3.bin,180,33554432,344.89,,
0,bench/30gib-3.bin,181,33554432,463.19,,
0,bench/30gib-3.bin,182,33554432,371.46,,
0,bench/30gib-3.bin,183,33554432,581.85,,
0,bench/30gib-3.bin,184,33554432,993.52,,
0,bench/30gib-3.bin,185,33554432,558.70,,
0,bench/30gib-3.bin,186,33554432,343.40,,
0,bench/30gib-3.bin,187,33554432,405.76,,
0,bench/30gib-3.bin,188,33554432,394.75,,
0,bench/30gib-3.bin,189,33554432,676.09,,
0,bench/30gib-3.bin,190,33554432,514.49,,
0,bench/30gib-3.bin,191,33554432,459.61,,
0,bench/30gib-3.bin,192,33554432,414.31,,
0,bench/30gib-3.bin,193,33554432,697.15,,
0,bench/30gib-3.bin,194,33554432,417.23,,
0,bench/30gib-3.bin,195,33554432,384.25,,
0,bench/30gib-3.bin,196,33554432,406.68,,
0,bench/30gib-3.bin,197,33554432,351.50,,
0,bench/30gib-3.bin,198,33554432,348.22,,
0,bench/30gib-3.bin,199,33554432,438.09,,
0,bench/30gib-3.bin,200,33554432,519.65,,
0,bench/30gib-3.bin,201,33554432,357.41,,
0,bench/30gib-3.bin,202,33554432,405.94,,
0,bench/30gib-3.bin,203,33554432,554.45,,
0,bench/30gib-3.bin,204,33554432,464.70,,
0,bench/30gib-3.bin,205,33554432,455.22,,
0,bench/30gib-3.bin,206,33554432,960.55,,
0,bench/30gib-3.bin,207,33554432,664.33,,
0,bench/30gib-3.bin,208,33554432,498.74,,
0,bench/30gib-3.bin,209,33554432,420.53,,
0,bench/30gib-3.bin,210,33554432,724.92,,
0,bench/30gib-3.bin,211,33554432,606.91,,
0,bench/30gib-3.bin,212,33554432,448.38,,
0,bench/30gib-3.bin,213,33554432,411.10,,
0,bench/30gib-3.bin,214,33554432,537.16,,
0,bench/30gib-3.bin,215,33554432,590.65,,
0,bench/30gib-3.bin,216,33554432,439.78,,
0,bench/30gib-3.bin,217,33554432,442.16,,
0,bench/30gib-3.bin,218,33554432,526.55,,
0,bench/30gib-3.bin,219,33554432,531.46,,
0,bench/30gib-3.bin,220,33554432,436.25,,
0,bench/30gib-3.bin,221,33554432,404.64,,
0,bench/30gib-3.bin,222,33554432,905.96,,
0,bench/30gib-3.bin,223,33554432,365.76,,
0,bench/30gib-3.bin,224,33554432,394.19,,
0,bench/30gib-3.bin,225,33554432,399.24,,
0,bench/30gib-3.bin,226,33554432,481.29,,
0,bench/30gib-3.bin,227,33554432,536.00,,
0,bench/30gib-3.bin,228,33554432,477.62,,
0,bench/30gib-3.bin,229,33554432,412.87,,
0,bench/30gib-3.bin,230,33554432,368.88,,
0,bench/30gib-3.bin,231,33554432,383.84,,
0,bench/30gib-3.bin,232,33554432,626.74,,
0,bench/30gib-3.bin,233,33554432,771.17,,
0,bench/30gib-3.bin,234,33554432,783.66,,
0,bench/30gib-3.bin,235,33554432,671.89,,
0,bench/30gib-3.bin,236,33554432,510.90,,
0,bench/30gib-3.bin,237,33554432,405.55,,
0,bench/30gib-3.bin,238,33554432,686.81,,
0,bench/30gib-3.bin,239,33554432,618.90,,
0,bench/30gib-3.bin,240,33554432,729.25,,
0,bench/30gib-3.bin,241,33554432,378.25,,
0,bench/30gib-3.bin,242,33554432,408.74,,
0,bench/30gib-3.bin,243,33554432,661.36,,
0,bench/30gib-3.bin,244,33554432,395.92,,
0,bench/30gib-3.bin,245,33554432,629.51,,
0,bench/30gib-3.bin,246,33554432,607.13,,
0,bench/30gib-3.bin,247,33554432,420.72,,
0,bench/30gib-3.bin,248,33554432,567.44,,
0,bench/30gib-3.bin,249,33554432,631.26,,
0,bench/30gib-3.bin,250,33554432,432.27,,
0,bench/30gib-3.bin,251,33554432,612.68,,
0,bench/30gib-3.bin,252,33554432,387.44,,
0,bench/30gib-3.bin,253,33554432,439.65,,
0,bench/30gib-3.bin,254,33554432,366.31,,
0,bench/30gib-3.bin,255,33554432,449.38,,
0,bench/30gib-3.bin,256,33554432,494.42,,
0,bench/30gib-3.bin,257,33554432,469.55,,
0,bench/30gib-3.bin,258,33554432,688.62,,
0,bench/30gib-3.bin,259,33554432,769.39,,
0,bench/30gib-3.bin,260,33554432,395.26,,
0,bench/30gib-3.bin,261,33554432,672.35,,
0,bench/30gib-3.bin,262,33554432,384.29,,
0,bench/30gib-3.bin,263,33554432,478.09,,
0,bench/30gib-3.bin,264,33554432,613.01,,
0,bench/30gib-3.bin,265,33554432,397.92,,
0,bench/30gib-3.bin,266,33554432,630.74,,
0,bench/30gib-3.bin,267,33554432,420.26,,
0,bench/30gib-3.bin,268,33554432,371.10,,
0,bench/30gib-3.bin,269,33554432,422.40,,
0,bench/30gib-3.bin,270,33554432,800.15,,
0,bench/30gib-3.bin,271,33554432,395.71,,
0,bench/30gib-3.bin,272,33554432,387.12,,
0,bench/30gib-3.bin,273,33554432,540.20,,
0,bench/30gib-3.bin,274,33554432,352.81,,
0,bench/30gib-3.bin,275,33554432,419.18,,
0,bench/30gib-3.bin,276,33554432,744.07,,
0,bench/30gib-3.bin,277,33554432,384.56,,
0,bench/30gib-3.bin,278,33554432,343.86,,
0,bench/30gib-3.bin,279,33554432,405.28,,
0,bench/30gib-3.bin,280,33554432,458.30,,
0,bench/30gib-3.bin,281,33554432,501.19,,
0,bench/30gib-3.bin,282,33554432,600.36,,
0,bench/30gib-3.bin,283,33554432,396.45,,
0,bench/30gib-3.bin,284,33554432,492.61,,
0,bench/30gib-3.bin,285,33554432,340.56,,
0,bench/30gib-3.bin,286,33554432,444.70,,
0,bench/30gib-3.bin,287,33554432,381.49,,
0,bench/30gib-3.bin,288,33554432,499.61,,
0,bench/30gib-3.bin,289,33554432,675.27,,
0,bench/30gib-3.bin,290,33554432,361.44,,
0,bench/30gib-3.bin,291,33554432,354.13,,
0,bench/30gib-3.bin,292,33554432,457.94,,
0,bench/30gib-3.bin,293,33554432,510.12,,
0,bench/30gib-3.bin,294,33554432,346.46,,
0,bench/30gib-3.bin,295,33554432,647.49,,
0,bench/30gib-3.bin,296,33554432,564.74,,
0,bench/30gib-3.bin,297,33554432,408.72,,
0,bench/30gib-3.bin,298,33554432,520.09,,
0,bench/30gib-3.bin,299,33554432,750.29,,
0,bench/30gib-3.bin,300,33554432,429.26,,
0,bench/30gib-3.bin,301,33554432,475.04,,
0,bench/30gib-3.bin,302,33554432,414.82,,
0,bench/30gib-3.bin,303,33554432,491.69,,
0,bench/30gib-3.bin,304,33554432,345.78,,
0,bench/30gib-3.bin,305,33554432,442.06,,
0,bench/30gib-3.bin,306,33554432,341.79,,
0,bench/30gib-3.bin,307,33554432,517.15,,
0,bench/30gib-3.bin,308,33554432,473.25,,
0,bench/30gib-3.bin,309,33554432,374.36,,
0,bench/30gib-3.bin,310,33554432,569.51,,
0,bench/30gib-3.bin,311,33554432,386.30,,
0,bench/30gib-3.bin,312,33554432,351.68,,
0,bench/30gib-3.bin,313,33554432,381.56,,
0,bench/30gib-3.bin,314,33554432,553.29,,
0,bench/30gib-3.bin,315,33554432,519.43,,
0,bench/30gib-3.bin,316,33554432,447.82,,
0,bench/30gib-3.bin,317,33554432,608.40,,
0,bench/30gib-3.bin,318,33554432,560.25,,
0,bench/30gib-3.bin,319,33554432,498.55,,
0,bench/30gib-3.bin,320,33554432,425.33,,
0,bench/30gib-3.bin,321,33554432,431.82,,
0,bench/30gib-3.bin,322,33554432,375.50,,
0,bench/30gib-3.bin,323,33554432,594.86,,
0,bench/30gib-3.bin,324,33554432,584.98,,
0,bench/30gib-3.bin,325,33554432,651.28,,
0,bench/30gib-3.bin,326,33554432,494.11,,
0,bench/30gib-3.bin,327,33554432,554.87,,
0,bench/30gib-3.bin,328,33554432,926.94,,
0,bench/30gib-3.bin,329,33554432,350.58,,
0,bench/30gib-3.bin,330,33554432,557.52,,
0,bench/30gib-3.bin,331,33554432,560.98,,
0,bench/30gib-3.bin,332,33554432,574.18,,
0,bench/30gib-3.bin,333,33554432,370.54,,
0,bench/30gib-3.bin,334,33554432,536.25,,
0,bench/30gib-3.bin,335,33554432,434.73,,
0,bench/30gib-3.bin,336,33554432,804.70,,
0,bench/30gib-3.bin,337,33554432,433.33,,
0,bench/30gib-3.bin,338,33554432,702.87,,
0,bench/30gib-3.bin,339,33554432,661.82,,
0,bench/30gib-3.bin,340,33554432,547.15,,
0,bench/30gib-3.bin,341,33554432,469.00,,
0,bench/30gib-3.bin,342,33554432,362.39,,
0,bench/30gib-3.bin,343,33554432,534.22,,
0,bench/30gib-3.bin,344,33554432,340.97,,
0,bench/30gib-3.bin,345,33554432,643.18,,
0,bench/30gib-3.bin,346,33554432,405.27,,
0,bench/30gib-3.bin,347,33554432,481.47,,
0,bench/30gib-3.bin,348,33554432,472.18,,
0,bench/30gib-3.bin,349,33554432,395.74,,
0,bench/30gib-3.bin,350,33554432,1086.77,,
0,bench/30gib-3.bin,351,33554432,422.26,,
0,bench/30gib-3.bin,352,33554432,350.94,,
0,bench/30gib-3.bin,353,33554432,502.93,,
0,bench/30gib-3.bin,354,33554432,448.13,,
0,bench/30gib-3.bin,355,33554432,341.75,,
0,bench/30gib-3.bin,356,33554432,343.32,,
0,bench/30gib-3.bin,357,33554432,579.10,,
0,bench/30gib-3.bin,358,33554432,547.81,,
0,bench/30gib-3.bin,359,33554432,363.24,,
0,bench/30gib-3.bin,360,33554432,693.70,,
0,bench/30gib-3.bin,361,33554432,711.49,,
0,bench/30gib-3.bin,362,33554432,590.75,,
0,bench/30gib-3.bin,363,33554432,664.79,,
0,bench/30gib-3.bin,364,33554432,347.99,,
0,bench/30gib-3.bin,365,33554432,640.84,,
0,bench/30gib-3.bin,366,33554432,624.96,,
0,bench/30gib-3.bin,367,33554432,542.83,,
0,bench/30gib-3.bin,368,33554432,485.82,,
0,bench/30gib-3.bin,369,33554432,748.32,,
0,bench/30gib-3.bin,370,33554432,560.08,,
0,bench/30gib-3.bin,371,33554432,362.67,,
0,bench/30gib-3.bin,372,33554432,957.68,,
0,bench/30gib-3.bin,373,33554432,736.11,,
0,bench/30gib-3.bin,374,33554432,602.74,,
0,bench/30gib-3.bin,375,33554432,340.01,,
0,bench/30gib-3.bin,376,33554432,777.97,,
0,bench/30gib-3.bin,377,33554432,441.89,,
0,bench/30gib-3.bin,378,33554432,572.61,,
0,bench/30gib-3.bin,379,33554432,418.68,,
0,bench/30gib-3.bin,380,33554432,485.02,,
0,bench/30gib-3.bin,381,33554432,767.18,,
0,bench/30gib-3.bin,382,33554432,499.05,,
0,bench/30gib-3.bin,383,33554432,439.70,,
0,bench/30gib-3.bin,384,33554432,602.22,,
0,bench/30gib-3.bin,385,33554432,363.95,,
0,bench/30gib-3.bin,386,33554432,777.44,,
0,bench/30gib-3.bin,387,33554432,773.89,,
0,bench/30gib-3.bin,388,33554432,348.43,,
0,bench/30gib-3.bin,389,33554432,385.35,,
0,bench/30gib-3.bin,390,33554432,745.42,,
0,bench/30gib-3.bin,391,33554432,599.05,,
0,bench/30gib-3.bin,392,33554432,729.78,,
0,bench/30gib-3.bin,393,33554432,578.37,,
0,bench/30gib-3.bin,394,33554432,425.69,,
0,bench/30gib-3.bin,395,33554432,402.04,,
0,bench/30gib-3.bin,396,33554432,559.30,,
0,bench/30gib-3.bin,397,33554432,529.00,,
0,bench/30gib-3.bin,398,33554432,720.42,,
0,bench/30gib-3.bin,399,33554432,472.53,,
0,bench/30gib-3.bin,400,33554432,393.81,,
0,bench/30gib-3.bin,401,33554432,375.79,,
0,bench/30gib-3.bin,402,33554432,1096.36,,
0,bench/30gib-3.bin,403,33554432,356.10,,
0,bench/30gib-3.bin,404,33554432,375.27,,
0,bench/30gib-3.bin,405,33554432,781.35,,
0,bench/30gib-3.bin,406,33554432,347.89,,
0,bench/30gib-3.bin,407,33554432,370.80,,
0,bench/30gib-3.bin,408,33554432,341.80,,
0,bench/30gib-3.bin,409,33554432,867.37,,
0,bench/30gib-3.bin,410,33554432,656.30,,
0,bench/30gib-3.bin,411,33554432,533.59,,
0,bench/30gib-3.bin,412,33554432,510.79,,
0,bench/30gib-3.bin,413,33554432,409.92,,
0,bench/30gib-3.bin,414,33554432,524.68,,
0,bench/30gib-3.bin,415,33554432,526.64,,
0,bench/30gib-3.bin,416,33554432,347.15,,
0,bench/30gib-3.bin,417,33554432,447.53,,
0,bench/30gib-3.bin,418,33554432,448.15,,
0,bench/30gib-3.bin,419,33554432,346.10,,
0,bench/30gib-3.bin,420,33554432,425.27,,
0,bench/30gib-3.bin,421,33554432,434.17,,
0,bench/30gib-3.bin,422,33554432,501.15,,
0,bench/30gib-3.bin,423,33554432,491.94,,
0,bench/30gib-3.bin,424,33554432,431.50,,
0,bench/30gib-3.bin,425,33554432,448.12,,
0,bench/30gib-3.bin,426,33554432,399.56,,
0,bench/30gib-3.bin,427,33554432,487.84,,
0,bench/30gib-3.bin,428,33554432,349.10,,
0,bench/30gib-3.bin,429,33554432,343.13,,
0,bench/30gib-3.bin,430,33554432,417.23,,
0,bench/30gib-3.bin,431,33554432,403.70,,
0,bench/30gib-3.bin,432,33554432,658.42,,
0,bench/30gib-3.bin,433,33554432,343.60,,
0,bench/30gib-3.bin,434,33554432,346.82,,
0,bench/30gib-3.bin,435,33554432,538.67,,
0,bench/30gib-3.bin,436,33554432,438.52,,
0,bench/30gib-3.bin,437,33554432,809.04,,
0,bench/30gib-3.bin,438,33554432,458.34,,
0,bench/30gib-3.bin,439,33554432,438.25,,
0,bench/30gib-3.bin,440,33554432,388.82,,
0,bench/30gib-3.bin,441,33554432,354.05,,
0,bench/30gib-3.bin,442,33554432,792.48,,
0,bench/30gib-3.bin,443,33554432,614.70,,
0,bench/30gib-3.bin,444,33554432,638.44,,
0,bench/30gib-3.bin,445,33554432,377.84,,
0,bench/30gib-3.bin,446,33554432,365.02,,
0,bench/30gib-3.bin,447,33554432,804.69,,
0,bench/30gib-3.bin,448,33554432,495.72,,
0,bench/30gib-3.bin,449,33554432,412.25,,
0,bench/30gib-3.bin,450,33554432,344.72,,
0,bench/30gib-3.bin,451,33554432,496.19,,
0,bench/30gib-3.bin,452,33554432,434.86,,
0,bench/30gib-3.bin,453,33554432,561.10,,
0,bench/30gib-3.bin,454,33554432,450.61,,
0,bench/30gib-3.bin,455,33554432,641.92,,
0,bench/30gib-3.bin,456,33554432,785.17,,
0,bench/30gib-3.bin,457,33554432,799.89,,
0,bench/30gib-3.bin,458,33554432,405.84,,
0,bench/30gib-3.bin,459,33554432,360.69,,
0,bench/30gib-3.bin,460,33554432,406.23,,
0,bench/30gib-3.bin,461,33554432,348.05,,
0,bench/30gib-3.bin,462,33554432,598.87,,
0,bench/30gib-3.bin,463,33554432,518.16,,
0,bench/30gib-3.bin,464,33554432,376.18,,
0,bench/30gib-3.bin,465,33554432,435.58,,
0,bench/30gib-3.bin,466,33554432,632.37,,
0,bench/30gib-3.bin,467,33554432,540.48,,
0,bench/30gib-3.bin,468,33554432,559.04,,
0,bench/30gib-3.bin,469,33554432,429.79,,
0,bench/30gib-3.bin,470,33554432,458.75,,
0,bench/30gib-3.bin,471,33554432,611.67,,
0,bench/30gib-3.bin,472,33554432,482.78,,
0,bench/30gib-3.bin,473,33554432,853.76,,
0,bench/30gib-3.bin,474,33554432,590.59,,
0,bench/30gib-3.bin,475,33554432,555.19,,
0,bench/30gib-3.bin,476,33554432,510.56,,
0,bench/30gib-3.bin,477,33554432,502.86,,
0,bench/30gib-3.bin,478,33554432,400.92,,
0,bench/30gib-3.bin,479,33554432,962.91,,
0,bench/30gib-3.bin,480,33554432,499.46,,
0,bench/30gib-3.bin,481,33554432,521.26,,
0,bench/30gib-3.bin,482,33554432,482.56,,
0,bench/30gib-3.bin,483,33554432,352.84,,
0,bench/30gib-3.bin,484,33554432,578.98,,
0,bench/30gib-3.bin,485,33554432,485.30,,
0,bench/30gib-3.bin,486,33554432,916.61,,
0,bench/30gib-3.bin,487,33554432,448.82,,
0,bench/30gib-3.bin,488,33554432,511.70,,
0,bench/30gib-3.bin,489,33554432,451.71,,
0,bench/30gib-3.bin,490,33554432,571.71,,
0,bench/30gib-3.bin,491,33554432,358.75,,
0,bench/30gib-3.bin,492,33554432,519.23,,
0,bench/30gib-3.bin,493,33554432,368.42,,
0,bench/30gib-3.bin,494,33554432,709.03,,
0,bench/30gib-3.bin,495,33554432,648.79,,
0,bench/30gib-3.bin,496,33554432,351.98,,
0,bench/30gib-3.bin,497,33554432,806.75,,
0,bench/30gib-3.bin,498,33554432,597.56,,
0,bench/30gib-3.bin,499,33554432,343.25,,
0,bench/30gib-3.bin,500,33554432,365.85,,
0,bench/30gib-3.bin,501,33554432,639.45,,
0,bench/30gib-3.bin,502,33554432,420.22,,
0,bench/30gib-3.bin,503,33554432,540.99,,
0,bench/30gib-3.bin,504,33554432,580.95,,
0,bench/30gib-3.bin,505,33554432,342.25,,
0,bench/30gib-3.bin,506,33554432,483.33,,
0,bench/30gib-3.bin,507,33554432,1017.57,,
0,bench/30gib-3.bin,508,33554432,431.94,,
0,bench/30gib-3.bin,509,33554432,510.91,,
0,bench/30gib-3.bin,510,33554432,560.12,,
0,bench/30gib-3.bin,511,33554432,515.48,,
0,bench/30gib-3.bin,512,33554432,812.54,,
0,bench/30gib-3.bin,513,33554432,534.09,,
0,bench/30gib-3.bin,514,33554432,446.44,,
0,bench/30gib-3.bin,515,33554432,390.11,,
0,bench/30gib-3.bin,516,33554432,374.98,,
0,bench/30gib-3.bin,517,33554432,436.38,,
0,bench/30gib-3.bin,518,33554432,569.06,,
0,bench/30gib-3.bin,519,33554432,399.29,,
0,bench/30gib-3.bin,520,33554432,396.88,,
0,bench/30gib-3.bin,521,33554432,632.49,,
0,bench/30gib-3.bin,522,33554432,344.09,,
0,bench/30gib-3.bin,523,33554432,636.56,,
0,bench/30gib-3.bin,524,33554432,503.24,,
0,bench/30gib-3.bin,525,33554432,430.76,,
0,bench/30gib-3.bin,526,33554432,515.70,,
0,bench/30gib-3.bin,527,33554432,448.36,,
0,bench/30gib-3.bin,528,33554432,375.15,,
0,bench/30gib-3.bin,529,33554432,837.11,,
0,bench/30gib-3.bin,530,33554432,520.23,,
0,bench/30gib-3.bin,531,33554432,361.61,,
0,bench/30gib-3.bin,532,33554432,356.45,,
0,bench/30gib-3.bin,533,33554432,616.60,,
0,bench/30gib-3.bin,534,33554432,487.74,,
0,bench/30gib-3.bin,535,33554432,404.42,,
0,bench/30gib-3.bin,536,33554432,646.45,,
0,bench/30gib-3.bin,537,33554432,449.39,,
0,bench/30gib-3.bin,538,33554432,439.96,,
0,bench/30gib-3.bin,539,33554432,368.76,,
0,bench/30gib-3.bin,540,33554432,525.07,,
0,bench/30gib-3.bin,541,33554432,531.48,,
0,bench/30gib-3.bin,542,33554432,583.51,,
0,bench/30gib-3.bin,543,33554432,465.29,,
0,bench/30gib-3.bin,544,33554432,590.01,,
0,bench/30gib-3.bin,545,33554432,939.92,,
0,bench/30gib-3.bin,546,33554432,710.38,,
0,bench/30gib-3.bin,547,33554432,502.31,,
0,bench/30gib-3.bin,548,33554432,661.67,,
0,bench/30gib-3.bin,549,33554432,504.09,,
0,bench/30gib-3.bin,550,33554432,407.79,,
0,bench/30gib-3.bin,551,33554432,346.23,,
0,bench/30gib-3.bin,552,33554432,632.36,,
0,bench/30gib-3.bin,553,33554432,673.68,,
0,bench/30gib-3.bin,554,33554432,468.87,,
0,bench/30gib-3.bin,555,33554432,376.28,,
0,bench/30gib-3.bin,556,33554432,439.32,,
0,bench/30gib-3.bin,557,33554432,538.60,,
0,bench/30gib-3.bin,558,33554432,581.37,,
0,bench/30gib-3.bin,559,33554432,385.01,,
0,bench/30gib-3.bin,560,33554432,543.67,,
0,bench/30gib-3.bin,561,33554432,755.29,,
0,bench/30gib-3.bin,562,33554432,405.05,,
0,bench/30gib-3.bin,563,33554432,587.57,,
0,bench/30gib-3.bin,564,33554432,632.23,,
0,bench/30gib-3.bin,565,33554432,340.18,,
0,bench/30gib-3.bin,566,33554432,590.16,,
0,bench/30gib-3.bin,567,33554432,460.09,,
0,bench/30gib-3.bin,568,33554432,539.27,,
0,bench/30gib-3.bin,569,33554432,491.47,,
0,bench/30gib-3.bin,570,33554432,661.27,,
0,bench/30gib-3.bin,571,33554432,474.14,,
0,bench/30gib-3.bin,572,33554432,461.95,,
0,bench/30gib-3.bin,573,33554432,501.46,,
0,bench/30gib-3.bin,574,33554432,804.25,,
0,bench/30gib-3.bin,575,33554432,456.32,,
0,bench/30gib-3.bin,576,33554432,532.28,,
0,bench/30gib-3.bin,577,33554432,596.30,,
0,bench/30gib-3.bin,578,33554432,348.40,,
0,bench/30gib-3.bin,579,33554432,412.86,,
0,bench/30gib-3.bin,580,33554432,355.00,,
0,bench/30gib-3.bin,581,33554432,685.62,,
0,bench/30gib-3.bin,582,33554432,395.01,,
0,bench/30gib-3.bin,583,33554432,947.86,,
0,bench/30gib-3.bin,584,33554432,619.69,,
0,bench/30gib-3.bin,585,33554432,950.40,,
0,bench/30gib-3.bin,586,33554432,655.03,,
0,bench/30gib-3.bin,587,33554432,404.09,,
0,bench/30gib-3.bin,588,33554432,414.82,,
0,bench/30gib-3.bin,589,33554432,587.86,,
0,bench/30gib-3.bin,590,33554432,447.18,,
0,bench/30gib-3.bin,591,33554432,488.34,,
0,bench/30gib-3.bin,592,33554432,564.93,,
0,bench/30gib-3.bin,593,33554432,466.97,,
0,bench/30gib-3.bin,594,33554432,424.54,,
0,bench/30gib-3.bin,595,33554432,500.57,,
0,bench/30gib-3.bin,596,33554432,496.58,,
0,bench/30gib-3.bin,597,33554432,629.39,,
0,bench/30gib-3.bin,598,33554432,444.80,,
0,bench/30gib-3.bin,599,33554432,460.07,,
0,bench/30gib-3.bin,600,33554432,379.86,,
0,bench/30gib-3.bin,601,33554432,544.95,,
0,bench/30gib-3.bin,602,33554432,397.59,,
0,bench/30gib-3.bin,603,33554432,1123.03,,
0,bench/30gib-3.bin,604,33554432,543.93,,
0,bench/30gib-3.bin,605,33554432,521.83,,
0,bench/30gib-3.bin,606,33554432,671.85,,
0,bench/30gib-3.bin,607,33554432,516.18,,
0,bench/30gib-3.bin,608,33554432,772.06,,
0,bench/30gib-3.bin,609,33554432,499.30,,
0,bench/30gib-3.bin,610,33554432,419.08,,
0,bench/30gib-3.bin,611,33554432,550.11,,
0,bench/30gib-3.bin,612,33554432,389.25,,
0,bench/30gib-3.bin,613,33554432,476.51,,
0,bench/30gib-3.bin,614,33554432,375.15,,
0,bench/30gib-3.bin,615,33554432,396.68,,
0,bench/30gib-3.bin,616,33554432,614.04,,
0,bench/30gib-3.bin,617,33554432,741.02,,
0,bench/30gib-3.bin,618,33554432,510.98,,
0,bench/30gib-3.bin,619,33554432,434.53,,
0,bench/30gib-3.bin,620,33554432,664.94,,
0,bench/30gib-3.bin,621,33554432,446.88,,
0,bench/30gib-3.bin,622,33554432,511.75,,
0,bench/30gib-3.bin,623,33554432,598.64,,
0,bench/30gib-3.bin,624,33554432,1072.00,,
0,bench/30gib-3.bin,625,33554432,614.98,,
0,bench/30gib-3.bin,626,33554432,346.96,,
0,bench/30gib-3.bin,627,33554432,414.35,,
0,bench/30gib-3.bin,628,33554432,703.09,,
0,bench/30gib-3.bin,629,33554432,480.45,,
0,bench/30gib-3.bin,630,33554432,457.38,,
0,bench/30gib-3.bin,631,33554432,577.40,,
0,bench/30gib-3.bin,632,33554432,409.52,,
0,bench/30gib-3.bin,633,33554432,499.08,,
0,bench/30gib-3.bin,634,33554432,414.56,,
0,bench/30gib-3.bin,635,33554432,354.41,,
0,bench/30gib-3.bin,636,33554432,506.63,,
0,bench/30gib-3.bin,637,33554432,551.37,,
0,bench/30gib-3.bin,638,33554432,485.89,,
0,bench/30gib-3.bin,639,33554432,786.72,,
0,bench/30gib-3.bin,640,33554432,627.18,,
0,bench/30gib-3.bin,641,33554432,350.52,,
0,bench/30gib-3.bin,642,33554432,640.56,,
0,bench/30gib-3.bin,643,33554432,378.42,,
0,bench/30gib-3.bin,644,33554432,442.02,,
0,bench/30gib-3.bin,645,33554432,565.95,,
0,bench/30gib-3.bin,646,33554432,560.15,,
0,bench/30gib-3.bin,647,33554432,442.88,,
0,bench/30gib-3.bin,648,33554432,486.07,,
0,bench/30gib-3.bin,649,33554432,423.00,,
0,bench/30gib-3.bin,650,33554432,554.82,,
0,bench/30gib-3.bin,651,33554432,507.43,,
0,bench/30gib-3.bin,652,33554432,387.05,,
0,bench/30gib-3.bin,653,33554432,468.90,,
0,bench/30gib-3.bin,654,33554432,483.06,,
0,bench/30gib-3.bin,655,33554432,400.02,,
0,bench/30gib-3.bin,656,33554432,694.15,,
0,bench/30gib-3.bin,657,33554432,497.87,,
0,bench/30gib-3.bin,658,33554432,631.29,,
0,bench/30gib-3.bin,659,33554432,568.63,,
0,bench/30gib-3.bin,660,33554432,492.20,,
0,bench/30gib-3.bin,661,33554432,684.97,,
0,bench/30gib-3.bin,662,33554432,621.64,,
0,bench/30gib-3.bin,663,33554432,366.03,,
0,bench/30gib-3.bin,664,33554432,365.18,,
0,bench/30gib-3.bin,665,33554432,345.12,,
0,bench/30gib-3.bin,666,33554432,370.76,,
0,bench/30gib-3.bin,667,33554432,387.45,,
0,bench/30gib-3.bin,668,33554432,722.80,,
0,bench/30gib-3.bin,669,33554432,1049.09,,
0,bench/30gib-3.bin,670,33554432,420.30,,
0,bench/30gib-3.bin,671,33554432,1036.74,,
0,bench/30gib-3.bin,672,33554432,630.83,,
0,bench/30gib-3.bin,673,33554432,606.21,,
0,bench/30gib-3.bin,674,33554432,576.74,,
0,bench/30gib-3.bin,675,33554432,480.92,,
0,bench/30gib-3.bin,676,33554432,847.17,,
0,bench/30gib-3.bin,677,33554432,596.68,,
0,bench/30gib-3.bin,678,33554432,726.15,,
0,bench/30gib-3.bin,679,33554432,508.04,,
0,bench/30gib-3.bin,680,33554432,420.68,,
0,bench/30gib-3.bin,681,33554432,1164.07,,
0,bench/30gib-3.bin,682,33554432,564.11,,
0,bench/30gib-3.bin,683,33554432,348.95,,
0,bench/30gib-3.bin,684,33554432,496.89,,
0,bench/30gib-3.bin,685,33554432,846.38,,
0,bench/30gib-3.bin,686,33554432,496.92,,
0,bench/30gib-3.bin,687,33554432,460.95,,
0,bench/30gib-3.bin,688,33554432,488.49,,
0,bench/30gib-3.bin,689,33554432,618.35,,
0,bench/30gib-3.bin,690,33554432,340.88,,
0,bench/30gib-3.bin,691,33554432,441.05,,
0,bench/30gib-3.bin,692,33554432,409.30,,
0,bench/30gib-3.bin,693,33554432,609.92,,
0,bench/30gib-3.bin,694,33554432,492.04,,
0,bench/30gib-3.bin,695,33554432,538.61,,
0,bench/30gib-3.bin,696,33554432,569.04,,
0,bench/30gib-3.bin,697,33554432,394.29,,
0,bench/30gib-3.bin,698,33554432,345.76,,
0,bench/30gib-3.bin,699,33554432,666.57,,
0,bench/30gib-3.bin,700,33554432,398.75,,
0,bench/30gib-3.bin,701,33554432,467.54,,
0,bench/30gib-3.bin,702,33554432,476.22,,
0,bench/30gib-3.bin,703,33554432,648.30,,
0,bench/30gib-3.bin,704,33554432,439.68,,
0,bench/30gib-3.bin,705,33554432,1061.20,,
0,bench/30gib-3.bin,706,33554432,654.48,,
0,bench/30gib-3.bin,707,33554432,452.87,,
0,bench/30gib-3.bin,708,33554432,532.58,,
0,bench/30gib-3.bin,709,33554432,437.92,,
0,bench/30gib-3.bin,710,33554432,487.44,,
0,bench/30gib-3.bin,711,33554432,579.74,,
0,bench/30gib-3.bin,712,33554432,485.75,,
0,bench/30gib-3.bin,713,33554432,594.63,,
0,bench/30gib-3.bin,714,33554432,359.45,,
0,bench/30gib-3.bin,715,33554432,585.51,,
0,bench/30gib-3.bin,716,33554432,623.04,,
0,bench/30gib-3.bin,717,33554432,1188.31,,
0,bench/30gib-3.bin,718,33554432,457.47,,
0,bench/30gib-3.bin,719,33554432,378.56,,
0,bench/30gib-3.bin,720,33554432,526.24,,
0,bench/30gib-3.bin,721,33554432,412.63,,
0,bench/30gib-3.bin,722,33554432,444.35,,
0,bench/30gib-3.bin,723,33554432,504.95,,
0,bench/30gib-3.bin,724,33554432,596.53,,
0,bench/30gib-3.bin,725,33554432,471.67,,
0,bench/30gib-3.bin,726,33554432,349.78,,
0,bench/30gib-3.bin,727,33554432,460.07,,
0,bench/30gib-3.bin,728,33554432,525.00,,
0,bench/30gib-3.bin,729,33554432,406.31,,
0,bench/30gib-3.bin,730,33554432,379.42,,
0,bench/30gib-3.bin,731,33554432,776.81,,
0,bench/30gib-3.bin,732,33554432,492.64,,
0,bench/30gib-3.bin,733,33554432,573.64,,
0,bench/30gib-3.bin,734,33554432,596.34,,
0,bench/30gib-3.bin,735,33554432,493.19,,
0,bench/30gib-3.bin,736,33554432,364.87,,
0,bench/30gib-3.bin,737,33554432,345.34,,
0,bench/30gib-3.bin,738,33554432,588.37,,
0,bench/30gib-3.bin,739,33554432,357.72,,
0,bench/30gib-3.bin,740,33554432,566.67,,
0,bench/30gib-3.bin,741,33554432,625.68,,
0,bench/30gib-3.bin,742,33554432,854.93,,
0,bench/30gib-3.bin,743,33554432,442.00,,
0,bench/30gib-3.bin,744,33554432,540.41,,
0,bench/30gib-3.bin,745,33554432,806.02,,
0,bench/30gib-3.bin,746,33554432,367.61,,
0,bench/30gib-3.bin,747,33554432,559.28,,
0,bench/30gib-3.bin,748,33554432,613.98,,
0,bench/30gib-3.bin,749,33554432,341.17,,
0,bench/30gib-3.bin,750,33554432,362.47,,
0,bench/30gib-3.bin,751,33554432,541.74,,
0,bench/30gib-3.bin,752,33554432,674.71,,
0,bench/30gib-3.bin,753,33554432,477.60,,
0,bench/30gib-3.bin,754,33554432,360.64,,
0,bench/30gib-3.bin,755,33554432,511.94,,
0,bench/30gib-3.bin,756,33554432,424.20,,
0,bench/30gib-3.bin,757,33554432,402.36,,
0,bench/30gib-3.bin,758,33554432,503.68,,
0,bench/30gib-3.bin,759,33554432,382.18,,
0,bench/30gib-3.bin,760,33554432,411.84,,
0,bench/30gib-3.bin,761,33554432,609.38,,
0,bench/30gib-3.bin,762,33554432,588.55,,
0,bench/30gib-3.bin,763,33554432,353.22,,
0,bench/30gib-3.bin,764,33554432,359.86,,
0,bench/30gib-3.bin,765,33554432,437.30,,
0,bench/30gib-3.bin,766,33554432,489.01,,
0,bench/30gib-3.bin,767,33554432,349.03,,
0,bench/30gib-3.bin,768,33554432,601.43,,
0,bench/30gib-3.bin,769,33554432,547.84,,
0,bench/30gib-3.bin,770,33554432,589.40,,
0,bench/30gib-3.bin,771,33554432,361.69,,
0,bench/30gib-3.bin,772,33554432,534.63,,
0,bench/30gib-3.bin,773,33554432,358.69,,
0,bench/30gib-3.bin,774,33554432,521.37,,
0,bench/30gib-3.bin,775,33554432,1072.14,,
0,bench/30gib-3.bin,776,33554432,546.91,,
0,bench/30gib-3.bin,777,33554432,408.23,,
0,bench/30gib-3.bin,778,33554432,456.22,,
0,bench/30gib-3.bin,779,33554432,680.40,,
0,bench/30gib-3.bin,780,33554432,525.95,,
0,bench/30gib-3.bin,781,33554432,347.17,,
0,bench/30gib-3.bin,782,33554432,548.59,,
0,bench/30gib-3.bin,783,33554432,759.31,,
0,bench/30gib-3.bin,784,33554432,787.08,,
0,bench/30gib-3.bin,785,33554432,624.11,,
0,bench/30gib-3.bin,786,33554432,525.52,,
0,bench/30gib-3.bin,787,33554432,515.05,,
0,bench/30gib-3.bin,788,33554432,449.35,,
0,bench/30gib-3.bin,789,33554432,469.51,,
0,bench/30gib-3.bin,790,33554432,496.41,,
0,bench/30gib-3.bin,791,33554432,592.94,,
0,bench/30gib-3.bin,792,33554432,452.66,,
0,bench/30gib-3.bin,793,33554432,763.21,,
0,bench/30gib-3.bin,794,33554432,341.66,,
0,bench/30gib-3.bin,795,33554432,541.37,,
0,bench/30gib-3.bin,796,33554432,522.86,,
0,bench/30gib-3.bin,797,33554432,414.47,,
0,bench/30gib-3.bin,798,33554432,637.78,,
0,bench/30gib-3.bin,799,33554432,369.88,,
0,bench/30gib-3.bin,800,33554432,480.28,,
0,bench/30gib-3.bin,801,33554432,417.60,,
0,bench/30gib-3.bin,802,33554432,528.89,,
0,bench/30gib-3.bin,803,33554432,399.16,,
0,bench/30gib-3.bin,804,33554432,363.24,,
0,bench/30gib-3.bin,805,33554432,576.20,,
0,bench/30gib-3.bin,806,33554432,652.69,,
0,bench/30gib-3.bin,807,33554432,452.22,,
0,bench/30gib-3.bin,808,33554432,522.22,,
0,bench/30gib-3.bin,809,33554432,512.08,,
0,bench/30gib-3.bin,810,33554432,435.24,,
0,bench/30gib-3.bin,811,33554432,539.83,,
0,bench/30gib-3.bin,812,33554432,586.27,,
0,bench/30gib-3.bin,813,33554432,507.91,,
0,bench/30gib-3.bin,814,33554432,452.43,,
0,bench/30gib-3.bin,815,33554432,650.95,,
0,bench/30gib-3.bin,816,33554432,508.86,,
0,bench/30gib-3.bin,817,33554432,624.94,,
0,bench/30gib-3.bin,818,33554432,353.24,,
0,bench/30gib-3.bin,819,33554432,581.52,,
0,bench/30gib-3.bin,820,33554432,524.39,,
0,bench/30gib-3.bin,821,33554432,642.28,,
0,bench/30gib-3.bin,822,33554432,380.12,,
0,bench/30gib-3.bin,823,33554432,574.37,,
0,bench/30gib-3.bin,824,33554432,372.86,,
0,bench/30gib-3.bin,825,33554432,388.80,,
0,bench/30gib-3.bin,826,33554432,406.27,,
0,bench/30gib-3.bin,827,33554432,423.47,,
0,bench/30gib-3.bin,828,33554432,982.26,,
0,bench/30gib-3.bin,829,33554432,633.36,,
0,bench/30gib-3.bin,830,33554432,686.89,,
0,bench/30gib-3.bin,831,33554432,570.45,,
0,bench/30gib-3.bin,832,33554432,400.21,,
0,bench/30gib-3.bin,833,33554432,646.62,,
0,bench/30gib-3.bin,834,33554432,605.49,,
0,bench/30gib-3.bin,835,33554432,622.48,,
0,bench/30gib-3.bin,836,33554432,430.04,,
0,bench/30gib-3.bin,837,33554432,505.17,,
0,bench/30gib-3.bin,838,33554432,552.62,,
0,bench/30gib-3.bin,839,33554432,471.85,,
0,bench/30gib-3.bin,840,33554432,467.22,,
0,bench/30gib-3.bin,841,33554432,350.41,,
0,bench/30gib-3.bin,842,33554432,413.16,,
0,bench/30gib-3.bin,843,33554432,518.28,,
0,bench/30gib-3.bin,844,33554432,429.28,,
0,bench/30gib-3.bin,845,33554432,447.42,,
0,bench/30gib-3.bin,846,33554432,461.92,,
0,bench/30gib-3.bin,847,33554432,477.24,,
0,bench/30gib-3.bin,848,33554432,468.30,,
0,bench/30gib-3.bin,849,33554432,341.04,,
0,bench/30gib-3.bin,850,33554432,866.04,,
0,bench/30gib-3.bin,851,33554432,566.54,,
0,bench/30gib-3.bin,852,33554432,548.38,,
0,bench/30gib-3.bin,853,33554432,521.54,,
0,bench/30gib-3.bin,854,33554432,423.59,,
0,bench/30gib-3.bin,855,33554432,408.57,,
0,bench/30gib-3.bin,856,33554432,477.02,,
0,bench/30gib-3.bin,857,33554432,520.29,,
0,bench/30gib-3.bin,858,33554432,399.50,,
0,bench/30gib-3.bin,859,33554432,523.13,,
0,bench/30gib-3.bin,860,33554432,471.22,,
0,bench/30gib-3.bin,861,33554432,696.50,,
0,bench/30gib-3.bin,862,33554432,356.13,,
0,bench/30gib-3.bin,863,33554432,434.64,,
0,bench/30gib-3.bin,864,33554432,357.74,,
0,bench/30gib-3.bin,865,33554432,909.09,,
0,bench/30gib-3.bin,866,33554432,764.10,,
0,bench/30gib-3.bin,867,33554432,635.27,,
0,bench/30gib-3.bin,868,33554432,394.66,,
0,bench/30gib-3.bin,869,33554432,837.18,,
0,bench/30gib-3.bin,870,33554432,358.48,,
0,bench/30gib-3.bin,871,33554432,673.44,,
0,bench/30gib-3.bin,872,33554432,454.40,,
0,bench/30gib-3.bin,873,33554432,543.17,,
0,bench/30gib-3.bin,874,33554432,503.88,,
0,bench/30gib-3.bin,875,33554432,421.63,,
0,bench/30gib-3.bin,876,33554432,624.43,,
0,bench/30gib-3.bin,877,33554432,462.49,,
0,bench/30gib-3.bin,878,33554432,514.25,,
0,bench/30gib-3.bin,879,33554432,776.69,,
0,bench/30gib-3.bin,880,33554432,483.76,,
0,bench/30gib-3.bin,881,33554432,435.12,,
0,bench/30gib-3.bin,882,33554432,515.56,,
0,bench/30gib-3.bin,883,33554432,713.35,,
0,bench/30gib-3.bin,884,33554432,733.03,,
0,bench/30gib-3.bin,885,33554432,455.02,,
0,bench/30gib-3.bin,886,33554432,412.14,,
0,bench/30gib-3.bin,887,33554432,613.88,,
0,bench/30gib-3.bin,888,33554432,404.98,,
0,bench/30gib-3.bin,889,33554432,403.52,,
0,bench/30gib-3.bin,890,33554432,415.02,,
0,bench/30gib-3.bin,891,33554432,433.69,,
0,bench/30gib-3.bin,892,33554432,441.87,,
0,bench/30gib-3.bin,893,33554432,455.72,,
0,bench/30gib-3.bin,894,33554432,457.82,,
0,bench/30gib-3.bin,895,33554432,744.62,,
0,bench/30gib-3.bin,896,33554432,547.33,,
0,bench/30gib-3.bin,897,33554432,509.38,,
0,bench/30gib-3.bin,898,33554432,404.96,,
0,bench/30gib-3.bin,899,33554432,498.30,,
0,bench/30gib-3.bin,900,33554432,534.14,,
0,bench/30gib-3.bin,901,33554432,483.62,,
0,bench/30gib-3.bin,902,33554432,466.14,,
0,bench/30gib-3.bin,903,33554432,544.79,,
0,bench/30gib-3.bin,904,33554432,679.44,,
0,bench/30gib-3.bin,905,33554432,359.74,,
0,bench/30gib-3.bin,906,33554432,500.80,,
0,bench/30gib-3.bin,907,33554432,605.46,,
0,bench/30gib-3.bin,908,33554432,456.96,,
0,bench/30gib-3.bin,909,33554432,344.95,,
0,bench/30gib-3.bin,910,33554432,1133.72,,
0,bench/30gib-3.bin,911,33554432,450.54,,
0,bench/30gib-3.bin,912,33554432,407.87,,
0,bench/30gib-3.bin,913,33554432,423.93,,
0,bench/30gib-3.bin,914,33554432,506.94,,
0,bench/30gib-3.bin,915,33554432,451.99,,
0,bench/30gib-3.bin,916,33554432,480.91,,
0,bench/30gib-3.bin,917,33554432,609.41,,
0,bench/30gib-3.bin,918,33554432,549.97,,
0,bench/30gib-3.bin,919,33554432,983.21,,
0,bench/30gib-3.bin,920,33554432,591.20,,
0,bench/30gib-3.bin,921,33554432,404.68,,
0,bench/30gib-3.bin,922,33554432,546.64,,
0,bench/30gib-3.bin,923,33554432,517.11,,
0,bench/30gib-3.bin,924,33554432,483.96,,
0,bench/30gib-3.bin,925,33554432,482.58,,
0,bench/30gib-3.bin,926,33554432,505.56,,
0,bench/30gib-3.bin,927,33554432,700.37,,
0,bench/30gib-3.bin,928,33554432,451.69,,
0,bench/30gib-3.bin,929,33554432,688.37,,
0,bench/30gib-3.bin,930,33554432,592.49,,
0,bench/30gib-3.bin,931,33554432,668.21,,
0,bench/30gib-3.bin,932,33554432,492.24,,
0,bench/30gib-3.bin,933,33554432,773.04,,
0,bench/30gib-3.bin,934,33554432,394.75,,
0,bench/30gib-3.bin,935,33554432,431.71,,
0,bench/30gib-3.bin,936,33554432,666.39,,
0,bench/30gib-3.bin,937,33554432,531.27,,
0,bench/30gib-3.bin,938,33554432,651.65,,
0,bench/30gib-3.bin,939,33554432,436.79,,
0,bench/30gib-3.bin,940,33554432,828.49,,
0,bench/30gib-3.bin,941,33554432,831.03,,
0,bench/30gib-3.bin,942,33554432,550.66,,
0,bench/30gib-3.bin,943,33554432,541.07,,
0,bench/30gib-3.bin,944,33554432,430.76,,
0,bench/30gib-3.bin,945,33554432,437.63,,
0,bench/30gib-3.bin,946,33554432,473.17,,
0,bench/30gib-3.bin,947,33554432,611.53,,
0,bench/30gib-3.bin,948,33554432,435.05,,
0,bench/30gib-3.bin,949,33554432,526.97,,
0,bench/30gib-3.bin,950,33554432,502.80,,
0,bench/30gib-3.bin,951,33554432,386.92,,
0,bench/30gib-3.bin,952,33554432,561.10,,
0,bench/30gib-3.bin,953,33554432,601.59,,
0,bench/30gib-3.bin,954,33554432,408.33,,
0,bench/30gib-3.bin,955,33554432,472.45,,
0,bench/30gib-3.bin,956,33554432,413.07,,
0,bench/30gib-3.bin,957,33554432,527.86,,
0,bench/30gib-3.bin,958,33554432,500.20,,
0,bench/30gib-3.bin,959,33554432,396.90,,
0,bench/30gib-3.bin,960,33554432,380.20,,
0,bench/30gib-4.bin,1,33554432,932.42,,
0,bench/30gib-4.bin,2,33554432,755.83,,
0,bench/30gib-4.bin,3,33554432,1430.77,,
0,bench/30gib-4.bin,4,33554432,873.86,,
0,bench/30gib-4.bin,5,33554432,448.87,,
0,bench/30gib-4.bin,6,33554432,751.63,,
0,bench/30gib-4.bin,7,33554432,871.18,,
0,bench/30gib-4.bin,8,33554432,819.96,,
0,bench/30gib-4.bin,9,33554432,731.67,,
0,bench/30gib-4.bin,10,33554432,488.20,,
0,bench/30gib-4.bin,11,33554432,1053.88,,
0,bench/30gib-4.bin,12,33554432,755.50,,
0,bench/30gib-4.bin,13,33554432,1150.96,,
0,bench/30gib-4.bin,14,33554432,801.32,,
0,bench/30gib-4.bin,15,33554432,909.45,,
0,bench/30gib-4.bin,16,33554432,816.47,,
0,bench/30gib-4.bin,17,33554432,582.87,,
0,bench/30gib-4.bin,18,33554432,1761.87,,
0,bench/30gib-4.bin,19,33554432,1210.46,,
0,bench/30gib-4.bin,20,33554432,1289.59,,
0,bench/30gib-4.bin,21,33554432,588.66,,
0,bench/30gib-4.bin,22,33554432,826.86,,
0,bench/30gib-4.bin,23,33554432,1522.54,,
0,bench/30gib-4.bin,24,33554432,1079.72,,
0,bench/30gib-4.bin,25,33554432,907.91,,
0,bench/30gib-4.bin,26,33554432,715.95,,
0,bench/30gib-4.bin,27,33554432,587.31,,
0,bench/30gib-4.bin,28,33554432,518.43,,
0,bench/30gib-4.bin,29,33554432,606.70,,
0,bench/30gib-4.bin,30,33554432,529.32,,
0,bench/30gib-4.bin,31,33554432,463.68,,
0,bench/30gib-4.bin,32,33554432,568.21,,
0,bench/30gib-4.bin,33,33554432,422.51,,
0,bench/30gib-4.bin,34,33554432,713.18,,
0,bench/30gib-4.bin,35,33554432,543.27,,
0,bench/30gib-4.bin,36,33554432,466.13,,
0,bench/30gib-4.bin,37,33554432,583.66,,
0,bench/30gib-4.bin,38,33554432,597.13,,
0,bench/30gib-4.bin,39,33554432,613.43,,
0,bench/30gib-4.bin,40,33554432,693.41,,
0,bench/30gib-4.bin,41,33554432,959.46,,
0,bench/30gib-4.bin,42,33554432,1105.68,,
0,bench/30gib-4.bin,43,33554432,447.64,,
0,bench/30gib-4.bin,44,33554432,381.28,,
0,bench/30gib-4.bin,45,33554432,357.49,,
0,bench/30gib-4.bin,46,33554432,919.06,,
0,bench/30gib-4.bin,47,33554432,592.94,,
0,bench/30gib-4.bin,48,33554432,561.77,,
0,bench/30gib-4.bin,49,33554432,1125.63,,
0,bench/30gib-4.bin,50,33554432,812.58,,
0,bench/30gib-4.bin,51,33554432,479.49,,
0,bench/30gib-4.bin,52,33554432,551.18,,
0,bench/30gib-4.bin,53,33554432,513.45,,
0,bench/30gib-4.bin,54,33554432,539.79,,
0,bench/30gib-4.bin,55,33554432,703.41,,
0,bench/30gib-4.bin,56,33554432,679.12,,
0,bench/30gib-4.bin,57,33554432,392.04,,
0,bench/30gib-4.bin,58,33554432,442.40,,
0,bench/30gib-4.bin,59,33554432,1131.67,,
0,bench/30gib-4.bin,60,33554432,802.11,,
0,bench/30gib-4.bin,61,33554432,464.83,,
0,bench/30gib-4.bin,62,33554432,1022.34,,
0,bench/30gib-4.bin,63,33554432,593.01,,
0,bench/30gib-4.bin,64,33554432,598.52,,
0,bench/30gib-4.bin,65,33554432,396.82,,
0,bench/30gib-4.bin,66,33554432,764.99,,
0,bench/30gib-4.bin,67,33554432,407.83,,
0,bench/30gib-4.bin,68,33554432,443.76,,
0,bench/30gib-4.bin,69,33554432,829.12,,
0,bench/30gib-4.bin,70,33554432,872.41,,
0,bench/30gib-4.bin,71,33554432,378.83,,
0,bench/30gib-4.bin,72,33554432,510.88,,
0,bench/30gib-4.bin,73,33554432,373.82,,
0,bench/30gib-4.bin,74,33554432,485.05,,
0,bench/30gib-4.bin,75,33554432,461.62,,
0,bench/30gib-4.bin,76,33554432,434.54,,
0,bench/30gib-4.bin,77,33554432,499.03,,
0,bench/30gib-4.bin,78,33554432,500.43,,
0,bench/30gib-4.bin,79,33554432,578.65,,
0,bench/30gib-4.bin,80,33554432,359.44,,
0,bench/30gib-4.bin,81,33554432,483.40,,
0,bench/30gib-4.bin,82,33554432,437.64,,
0,bench/30gib-4.bin,83,33554432,346.08,,
0,bench/30gib-4.bin,84,33554432,428.10,,
0,bench/30gib-4.bin,85,33554432,739.95,,
0,bench/30gib-4.bin,86,33554432,383.64,,
0,bench/30gib-4.bin,87,33554432,699.94,,
0,bench/30gib-4.bin,88,33554432,343.67,,
0,bench/30gib-4.bin,89,33554432,639.05,,
0,bench/30gib-4.bin,90,33554432,479.33,,
0,bench/30gib-4.bin,91,33554432,556.93,,
0,bench/30gib-4.bin,92,33554432,490.74,,
0,bench/30gib-4.bin,93,33554432,577.32,,
0,bench/30gib-4.bin,94,33554432,549.20,,
0,bench/30gib-4.bin,95,33554432,596.02,,
0,bench/30gib-4.bin,96,33554432,491.49,,
0,bench/30gib-4.bin,97,33554432,447.87,,
0,bench/30gib-4.bin,98,33554432,540.59,,
0,bench/30gib-4.bin,99,33554432,526.50,,
0,bench/30gib-4.bin,100,33554432,439.28,,
0,bench/30gib-4.bin,101,33554432,599.47,,
0,bench/30gib-4.bin,102,33554432,424.43,,
0,bench/30gib-4.bin,103,33554432,939.84,,
0,bench/30gib-4.bin,104,33554432,461.06,,
0,bench/30gib-4.bin,105,33554432,597.33,,
0,bench/30gib-4.bin,106,33554432,849.68,,
0,bench/30gib-4.bin,107,33554432,367.66,,
0,bench/30gib-4.bin,108,33554432,979.90,,
0,bench/30gib-4.bin,109,33554432,407.36,,
0,bench/30gib-4.bin,110,33554432,389.36,,
0,bench/30gib-4.bin,111,33554432,600.02,,
0,bench/30gib-4.bin,112,33554432,494.33,,
0,bench/30gib-4.bin,113,33554432,527.71,,
0,bench/30gib-4.bin,114,33554432,623.78,,
0,bench/30gib-4.bin,115,33554432,475.59,,
0,bench/30gib-4.bin,116,33554432,676.05,,
0,bench/30gib-4.bin,117,33554432,470.19,,
0,bench/30gib-4.bin,118,33554432,358.93,,
0,bench/30gib-4.bin,119,33554432,670.89,,
0,bench/30gib-4.bin,120,33554432,447.27,,
0,bench/30gib-4.bin,121,33554432,410.54,,
0,bench/30gib-4.bin,122,33554432,407.14,,
0,bench/30gib-4.bin,123,33554432,571.32,,
0,bench/30gib-4.bin,124,33554432,460.05,,
0,bench/30gib-4.bin,125,33554432,536.40,,
0,bench/30gib-4.bin,126,33554432,653.80,,
0,bench/30gib-4.bin,127,33554432,631.70,,
0,bench/30gib-4.bin,128,33554432,351.90,,
0,bench/30gib-4.bin,129,33554432,472.30,,
0,bench/30gib-4.bin,130,33554432,914.72,,
0,bench/30gib-4.bin,131,33554432,553.27,,
0,bench/30gib-4.bin,132,33554432,497.08,,
0,bench/30gib-4.bin,133,33554432,370.23,,
0,bench/30gib-4.bin,134,33554432,689.38,,
0,bench/30gib-4.bin,135,33554432,732.77,,
0,bench/30gib-4.bin,136,33554432,472.55,,
0,bench/30gib-4.bin,137,33554432,381.64,,
0,bench/30gib-4.bin,138,33554432,556.11,,
0,bench/30gib-4.bin,139,33554432,682.85,,
0,bench/30gib-4.bin,140,33554432,361.82,,
0,bench/30gib-4.bin,141,33554432,442.74,,
0,bench/30gib-4.bin,142,33554432,908.31,,
0,bench/30gib-4.bin,143,33554432,583.00,,
0,bench/30gib-4.bin,144,33554432,405.95,,
0,bench/30gib-4.bin,145,33554432,556.54,,
0,bench/30gib-4.bin,146,33554432,567.00,,
0,bench/30gib-4.bin,147,33554432,859.21,,
0,bench/30gib-4.bin,148,33554432,440.65,,
0,bench/30gib-4.bin,149,33554432,709.93,,
0,bench/30gib-4.bin,150,33554432,503.71,,
0,bench/30gib-4.bin,151,33554432,842.40,,
0,bench/30gib-4.bin,152,33554432,722.95,,
0,bench/30gib-4.bin,153,33554432,587.06,,
0,bench/30gib-4.bin,154,33554432,905.38,,
0,bench/30gib-4.bin,155,33554432,399.61,,
0,bench/30gib-4.bin,156,33554432,433.43,,
0,bench/30gib-4.bin,157,33554432,550.84,,
0,bench/30gib-4.bin,158,33554432,354.02,,
0,bench/30gib-4.bin,159,33554432,674.38,,
0,bench/30gib-4.bin,160,33554432,454.87,,
0,bench/30gib-4.bin,161,33554432,518.53,,
0,bench/30gib-4.bin,162,33554432,620.22,,
0,bench/30gib-4.bin,163,33554432,410.60,,
0,bench/30gib-4.bin,164,33554432,352.36,,
0,bench/30gib-4.bin,165,33554432,515.59,,
0,bench/30gib-4.bin,166,33554432,350.47,,
0,bench/30gib-4.bin,167,33554432,849.24,,
0,bench/30gib-4.bin,168,33554432,356.57,,
0,bench/30gib-4.bin,169,33554432,361.07,,
0,bench/30gib-4.bin,170,33554432,405.14,,
0,bench/30gib-4.bin,171,33554432,411.67,,
0,bench/30gib-4.bin,172,33554432,522.80,,
0,bench/30gib-4.bin,173,33554432,572.63,,
0,bench/30gib-4.bin,174,33554432,355.11,,
0,bench/30gib-4.bin,175,33554432,412.04,,
0,bench/30gib-4.bin,176,33554432,433.02,,
0,bench/30gib-4.bin,177,33554432,409.66,,
0,bench/30gib-4.bin,178,33554432,416.27,,
0,bench/30gib-4.bin,179,33554432,515.23,,
0,bench/30gib-4.bin,180,33554432,841.56,,
0,bench/30gib-4.bin,181,33554432,411.88,,
0,bench/30gib-4.bin,182,33554432,495.11,,
0,bench/30gib-4.bin,183,33554432,1098.57,,
0,bench/30gib-4.bin,184,33554432,377.15,,
0,bench/30gib-4.bin,185,33554432,475.06,,
0,bench/30gib-4.bin,186,33554432,413.74,,
0,bench/30gib-4.bin,187,33554432,589.47,,
0,bench/30gib-4.bin,188,33554432,708.24,,
0,bench/30gib-4.bin,189,33554432,518.16,,
0,bench/30gib-4.bin,190,33554432,545.00,,
0,bench/30gib-4.bin,191,33554432,349.52,,
0,bench/30gib-4.bin,192,33554432,722.80,,
0,bench/30gib-4.bin,193,33554432,339.82,,
0,bench/30gib-4.bin,194,33554432,485.71,,
0,bench/30gib-4.bin,195,33554432,389.07,,
0,bench/30gib-4.bin,196,33554432,461.88,,
0,bench/30gib-4.bin,197,33554432,445.60,,
0,bench/30gib-4.bin,198,33554432,429.08,,
0,bench/30gib-4.bin,199,33554432,762.24,,
0,bench/30gib-4.bin,200,33554432,397.76,,
0,bench/30gib-4.bin,201,33554432,422.03,,
0,bench/30gib-4.bin,202,33554432,439.95,,
0,bench/30gib-4.bin,203,33554432,457.31,,
0,bench/30gib-4.bin,204,33554432,351.16,,
0,bench/30gib-4.bin,205,33554432,422.51,,
0,bench/30gib-4.bin,206,33554432,431.89,,
0,bench/30gib-4.bin,207,33554432,570.98,,
0,bench/30gib-4.bin,208,33554432,1005.59,,
0,bench/30gib-4.bin,209,33554432,414.55,,
0,bench/30gib-4.bin,210,33554432,393.34,,
0,bench/30gib-4.bin,211,33554432,1184.13,,
0,bench/30gib-4.bin,212,33554432,418.58,,
0,bench/30gib-4.bin,213,33554432,342.54,,
0,bench/30gib-4.bin,214,33554432,463.33,,
0,bench/30gib-4.bin,215,33554432,624.08,,
0,bench/30gib-4.bin,216,33554432,546.80,,
0,bench/30gib-4.bin,217,33554432,483.26,,
0,bench/30gib-4.bin,218,33554432,520.80,,
0,bench/30gib-4.bin,219,33554432,391.14,,
0,bench/30gib-4.bin,220,33554432,539.73,,
0,bench/30gib-4.bin,221,33554432,484.54,,
0,bench/30gib-4.bin,222,33554432,524.26,,
0,bench/30gib-4.bin,223,33554432,457.57,,
0,bench/30gib-4.bin,224,33554432,582.57,,
0,bench/30gib-4.bin,225,33554432,794.58,,
0,bench/30gib-4.bin,226,33554432,421.26,,
0,bench/30gib-4.bin,227,33554432,671.17,,
0,bench/30gib-4.bin,228,33554432,434.47,,
0,bench/30gib-4.bin,229,33554432,714.81,,
0,bench/30gib-4.bin,230,33554432,700.24,,
0,bench/30gib-4.bin,231,33554432,360.89,,
0,bench/30gib-4.bin,232,33554432,379.20,,
0,bench/30gib-4.bin,233,33554432,808.13,,
0,bench/30gib-4.bin,234,33554432,468.97,,
0,bench/30gib-4.bin,235,33554432,529.65,,
0,bench/30gib-4.bin,236,33554432,561.85,,
0,bench/30gib-4.bin,237,33554432,604.14,,
0,bench/30gib-4.bin,238,33554432,786.21,,
0,bench/30gib-4.bin,239,33554432,486.69,,
0,bench/30gib-4.bin,240,33554432,577.60,,
0,bench/30gib-4.bin,241,33554432,407.81,,
0,bench/30gib-4.bin,242,33554432,877.43,,
0,bench/30gib-4.bin,243,33554432,382.38,,
0,bench/30gib-4.bin,244,33554432,425.86,,
0,bench/30gib-4.bin,245,33554432,566.02,,
0,bench/30gib-4.bin,246,33554432,545.51,,
0,bench/30gib-4.bin,247,33554432,443.02,,
0,bench/30gib-4.bin,248,33554432,458.92,,
0,bench/30gib-4.bin,249,33554432,390.23,,
0,bench/30gib-4.bin,250,33554432,341.12,,
0,bench/30gib-4.bin,251,33554432,359.83,,
0,bench/30gib-4.bin,252,33554432,418.82,,
0,bench/30gib-4.bin,253,33554432,495.42,,
0,bench/30gib-4.bin,254,33554432,549.86,,
0,bench/30gib-4.bin,255,33554432,449.78,,
0,bench/30gib-4.bin,256,33554432,695.05,,
0,bench/30gib-4.bin,257,33554432,754.57,,
0,bench/30gib-4.bin,258,33554432,535.46,,
0,bench/30gib-4.bin,259,33554432,452.04,,
0,bench/30gib-4.bin,260,33554432,440.95,,
0,bench/30gib-4.bin,261,33554432,465.44,,
0,bench/30gib-4.bin,262,33554432,420.64,,
0,bench/30gib-4.bin,263,33554432,470.22,,
0,bench/30gib-4.bin,264,33554432,414.10,,
0,bench/30gib-4.bin,265,33554432,618.25,,
0,bench/30gib-4.bin,266,33554432,503.32,,
0,bench/30gib-4.bin,267,33554432,443.84,,
0,bench/30gib-4.bin,268,33554432,588.35,,
0,bench/30gib-4.bin,269,33554432,376.15,,
0,bench/30gib-4.bin,270,33554432,561.58,,
0,bench/30gib-4.bin,271,33554432,739.32,,
0,bench/30gib-4.bin,272,33554432,519.85,,
0,bench/30gib-4.bin,273,33554432,381.87,,
0,bench/30gib-4.bin,274,33554432,357.10,,
0,bench/30gib-4.bin,275,33554432,747.53,,
0,bench/30gib-4.bin,276,33554432,442.07,,
0,bench/30gib-4.bin,277,33554432,431.66,,
0,bench/30gib-4.bin,278,33554432,669.61,,
0,bench/30gib-4.bin,279,33554432,618.91,,
0,bench/30gib-4.bin,280,33554432,418.51,,
0,bench/30gib-4.bin,281,33554432,510.53,,
0,bench/30gib-4.bin,282,33554432,466.30,,
0,bench/30gib-4.bin,283,33554432,839.18,,
0,bench/30gib-4.bin,284,33554432,618.25,,
0,bench/30gib-4.bin,285,33554432,455.89,,
0,bench/30gib-4.bin,286,33554432,596.12,,
0,bench/30gib-4.bin,287,33554432,368.94,,
0,bench/30gib-4.bin,288,33554432,368.02,,
0,bench/30gib-4.bin,289,33554432,351.58,,
0,bench/30gib-4.bin,290,33554432,395.13,,
0,bench/30gib-4.bin,291,33554432,359.28,,
0,bench/30gib-4.bin,292,33554432,423.84,,
0,bench/30gib-4.bin,293,33554432,356.76,,
0,bench/30gib-4.bin,294,33554432,657.76,,
0,bench/30gib-4.bin,295,33554432,380.90,,
0,bench/30gib-4.bin,296,33554432,382.39,,
0,bench/30gib-4.bin,297,33554432,515.38,,
0,bench/30gib-4.bin,298,33554432,492.70,,
0,bench/30gib-4.bin,299,33554432,344.97,,
0,bench/30gib-4.bin,300,33554432,648.89,,
0,bench/30gib-4.bin,301,33554432,549.95,,
0,bench/30gib-4.bin,302,33554432,444.58,,
0,bench/30gib-4.bin,303,33554432,567.38,,
0,bench/30gib-4.bin,304,33554432,561.86,,
0,bench/30gib-4.bin,305,33554432,421.37,,
0,bench/30gib-4.bin,306,33554432,447.98,,
0,bench/30gib-4.bin,307,33554432,513.14,,
0,bench/30gib-4.bin,308,33554432,353.55,,
0,bench/30gib-4.bin,309,33554432,475.88,,
0,bench/30gib-4.bin,310,33554432,567.61,,
0,bench/30gib-4.bin,311,33554432,1167.48,,
0,bench/30gib-4.bin,312,33554432,409.10,,
0,bench/30gib-4.bin,313,33554432,642.51,,
0,bench/30gib-4.bin,314,33554432,417.00,,
0,bench/30gib-4.bin,315,33554432,560.17,,
0,bench/30gib-4.bin,316,33554432,564.95,,
0,bench/30gib-4.bin,317,33554432,358.76,,
0,bench/30gib-4.bin,318,33554432,536.35,,
0,bench/30gib-4.bin,319,33554432,544.93,,
0,bench/30gib-4.bin,320,33554432,642.24,,
0,bench/30gib-4.bin,321,33554432,411.27,,
0,bench/30gib-4.bin,322,33554432,526.89,,
0,bench/30gib-4.bin,323,33554432,370.00,,
0,bench/30gib-4.bin,324,33554432,567.34,,
0,bench/30gib-4.bin,325,33554432,554.54,,
0,bench/30gib-4.bin,326,33554432,360.78,,
0,bench/30gib-4.bin,327,33554432,548.63,,
0,bench/30gib-4.bin,328,33554432,402.43,,
0,bench/30gib-4.bin,329,33554432,614.28,,
0,bench/30gib-4.bin,330,33554432,368.65,,
0,bench/30gib-4.bin,331,33554432,618.55,,
0,bench/30gib-4.bin,332,33554432,365.92,,
0,bench/30gib-4.bin,333,33554432,484.97,,
0,bench/30gib-4.bin,334,33554432,528.43,,
0,bench/30gib-4.bin,335,33554432,578.24,,
0,bench/30gib-4.bin,336,33554432,615.59,,
0,bench/30gib-4.bin,337,33554432,454.93,,
0,bench/30gib-4.bin,338,33554432,427.19,,
0,bench/30gib-4.bin,339,33554432,346.57,,
0,bench/30gib-4.bin,340,33554432,350.33,,
0,bench/30gib-4.bin,341,33554432,495.95,,
0,bench/30gib-4.bin,342,33554432,946.22,,
0,bench/30gib-4.bin,343,33554432,583.42,,
0,bench/30gib-4.bin,344,33554432,424.72,,
0,bench/30gib-4.bin,345,33554432,599.58,,
0,bench/30gib-4.bin,346,33554432,376.36,,
0,bench/30gib-4.bin,347,33554432,413.49,,
0,bench/30gib-4.bin,348,33554432,428.00,,
0,bench/30gib-4.bin,349,33554432,464.28,,
0,bench/30gib-4.bin,350,33554432,370.99,,
0,bench/30gib-4.bin,351,33554432,460.33,,
0,bench/30gib-4.bin,352,33554432,500.92,,
0,bench/30gib-4.bin,353,33554432,588.67,,
0,bench/30gib-4.bin,354,33554432,385.28,,
0,bench/30gib-4.bin,355,33554432,422.61,,
0,bench/30gib-4.bin,356,33554432,344.22,,
0,bench/30gib-4.bin,357,33554432,346.48,,
0,bench/30gib-4.bin,358,33554432,344.51,,
0,bench/30gib-4.bin,359,33554432,349.73,,
0,bench/30gib-4.bin,360,33554432,347.19,,
0,bench/30gib-4.bin,361,33554432,489.99,,
0,bench/30gib-4.bin,362,33554432,449.63,,
0,bench/30gib-4.bin,363,33554432,660.13,,
0,bench/30gib-4.bin,364,33554432,423.18,,
0,bench/30gib-4.bin,365,33554432,424.59,,
0,bench/30gib-4.bin,366,33554432,428.90,,
0,bench/30gib-4.bin,367,33554432,518.99,,
0,bench/30gib-4.bin,368,33554432,391.79,,
0,bench/30gib-4.bin,369,33554432,412.02,,
0,bench/30gib-4.bin,370,33554432,618.84,,
0,bench/30gib-4.bin,371,33554432,347.03,,
0,bench/30gib-4.bin,372,33554432,872.25,,
0,bench/30gib-4.bin,373,33554432,692.09,,
0,bench/30gib-4.bin,374,33554432,695.23,,
0,bench/30gib-4.bin,375,33554432,516.11,,
0,bench/30gib-4.bin,376,33554432,372.84,,
0,bench/30gib-4.bin,377,33554432,505.89,,
0,bench/30gib-4.bin,378,33554432,540.95,,
0,bench/30gib-4.bin,379,33554432,493.10,,
0,bench/30gib-4.bin,380,33554432,452.65,,
0,bench/30gib-4.bin,381,33554432,440.03,,
0,bench/30gib-4.bin,382,33554432,352.28,,
0,bench/30gib-4.bin,383,33554432,427.10,,
0,bench/30gib-4.bin,384,33554432,418.35,,
0,bench/30gib-4.bin,385,33554432,392.60,,
0,bench/30gib-4.bin,386,33554432,670.63,,
0,bench/30gib-4.bin,387,33554432,388.61,,
0,bench/30gib-4.bin,388,33554432,491.86,,
0,bench/30gib-4.bin,389,33554432,449.43,,
0,bench/30gib-4.bin,390,33554432,341.42,,
0,bench/30gib-4.bin,391,33554432,450.74,,
0,bench/30gib-4.bin,392,33554432,438.89,,
0,bench/30gib-4.bin,393,33554432,519.83,,
0,bench/30gib-4.bin,394,33554432,347.68,,
0,bench/30gib-4.bin,395,33554432,401.07,,
0,bench/30gib-4.bin,396,33554432,924.28,,
0,bench/30gib-4.bin,397,33554432,428.98,,
0,bench/30gib-4.bin,398,33554432,913.93,,
0,bench/30gib-4.bin,399,33554432,470.08,,
0,bench/30gib-4.bin,400,33554432,556.09,,
0,bench/30gib-4.bin,401,33554432,683.45,,
0,bench/30gib-4.bin,402,33554432,342.80,,
0,bench/30gib-4.bin,403,33554432,503.28,,
0,bench/30gib-4.bin,404,33554432,355.33,,
0,bench/30gib-4.bin,405,33554432,477.62,,
0,bench/30gib-4.bin,406,33554432,750.38,,
0,bench/30gib-4.bin,407,33554432,406.92,,
0,bench/30gib-4.bin,408,33554432,352.90,,
0,bench/30gib-4.bin,409,33554432,426.14,,
0,bench/30gib-4.bin,410,33554432,1125.79,,
0,bench/30gib-4.bin,411,33554432,343.29,,
0,bench/30gib-4.bin,412,33554432,473.43,,
0,bench/30gib-4.bin,413,33554432,341.04,,
0,bench/30gib-4.bin,414,33554432,835.43,,
0,bench/30gib-4.bin,415,33554432,367.81,,
0,bench/30gib-4.bin,416,33554432,345.27,,
0,bench/30gib-4.bin,417,33554432,437.92,,
0,bench/30gib-4.bin,418,33554432,507.26,,
0,bench/30gib-4.bin,419,33554432,744.61,,
0,bench/30gib-4.bin,420,33554432,599.14,,
0,bench/30gib-4.bin,421,33554432,685.97,,
0,bench/30gib-4.bin,422,33554432,428.07,,
0,bench/30gib-4.bin,423,33554432,406.88,,
0,bench/30gib-4.bin,424,33554432,380.30,,
0,bench/30gib-4.bin,425,33554432,415.59,,
0,bench/30gib-4.bin,426,33554432,581.70,,
0,bench/30gib-4.bin,427,33554432,551.61,,
0,bench/30gib-4.bin,428,33554432,409.99,,
0,bench/30gib-4.bin,429,33554432,347.10,,
0,bench/30gib-4.bin,430,33554432,353.04,,
0,bench/30gib-4.bin,431,33554432,442.74,,
0,bench/30gib-4.bin,432,33554432,457.58,,
0,bench/30gib-4.bin,433,33554432,981.43,,
0,bench/30gib-4.bin,434,33554432,364.56,,
0,bench/30gib-4.bin,435,33554432,526.67,,
0,bench/30gib-4.bin,436,33554432,816.25,,
0,bench/30gib-4.bin,437,33554432,511.65,,
0,bench/30gib-4.bin,438,33554432,526.12,,
0,bench/30gib-4.bin,439,33554432,587.70,,
0,bench/30gib-4.bin,440,33554432,394.97,,
0,bench/30gib-4.bin,441,33554432,780.01,,
0,bench/30gib-4.bin,442,33554432,521.26,,
0,bench/30gib-4.bin,443,33554432,683.89,,
0,bench/30gib-4.bin,444,33554432,535.03,,
0,bench/30gib-4.bin,445,33554432,351.60,,
0,bench/30gib-4.bin,446,33554432,714.66,,
0,bench/30gib-4.bin,447,33554432,344.82,,
0,bench/30gib-4.bin,448,33554432,383.26,,
0,bench/30gib-4.bin,449,33554432,699.54,,
0,bench/30gib-4.bin,450,33554432,343.79,,
0,bench/30gib-4.bin,451,33554432,410.58,,
0,bench/30gib-4.bin,452,33554432,456.75,,
0,bench/30gib-4.bin,453,33554432,512.46,,
0,bench/30gib-4.bin,454,33554432,482.07,,
0,bench/30gib-4.bin,455,33554432,496.42,,
0,bench/30gib-4.bin,456,33554432,652.38,,
0,bench/30gib-4.bin,457,33554432,344.06,,
0,bench/30gib-4.bin,458,33554432,447.72,,
0,bench/30gib-4.bin,459,33554432,742.98,,
0,bench/30gib-4.bin,460,33554432,342.18,,
0,bench/30gib-4.bin,461,33554432,486.92,,
0,bench/30gib-4.bin,462,33554432,694.08,,
0,bench/30gib-4.bin,463,33554432,450.15,,
0,bench/30gib-4.bin,464,33554432,653.89,,
0,bench/30gib-4.bin,465,33554432,395.15,,
0,bench/30gib-4.bin,466,33554432,576.69,,
0,bench/30gib-4.bin,467,33554432,923.59,,
0,bench/30gib-4.bin,468,33554432,381.61,,
0,bench/30gib-4.bin,469,33554432,568.91,,
0,bench/30gib-4.bin,470,33554432,378.24,,
0,bench/30gib-4.bin,471,33554432,545.69,,
0,bench/30gib-4.bin,472,33554432,487.04,,
0,bench/30gib-4.bin,473,33554432,439.38,,
0,bench/30gib-4.bin,474,33554432,392.08,,
0,bench/30gib-4.bin,475,33554432,385.37,,
0,bench/30gib-4.bin,476,33554432,438.67,,
0,bench/30gib-4.bin,477,33554432,485.52,,
0,bench/30gib-4.bin,478,33554432,375.03,,
0,bench/30gib-4.bin,479,33554432,519.42,,
0,bench/30gib-4.bin,480,33554432,342.56,,
0,bench/30gib-4.bin,481,33554432,871.07,,
0,bench/30gib-4.bin,482,33554432,553.05,,
0,bench/30gib-4.bin,483,33554432,405.69,,
0,bench/30gib-4.bin,484,33554432,493.80,,
0,bench/30gib-4.bin,485,33554432,488.28,,
0,bench/30gib-4.bin,486,33554432,609.44,,
0,bench/30gib-4.bin,487,33554432,425.55,,
0,bench/30gib-4.bin,488,33554432,578.23,,
0,bench/30gib-4.bin,489,33554432,347.09,,
0,bench/30gib-4.bin,490,33554432,393.47,,
0,bench/30gib-4.bin,491,33554432,532.73,,
0,bench/30gib-4.bin,492,33554432,487.75,,
0,bench/30gib-4.bin,493,33554432,522.93,,
0,bench/30gib-4.bin,494,33554432,374.12,,
0,bench/30gib-4.bin,495,33554432,500.79,,
0,bench/30gib-4.bin,496,33554432,630.81,,
0,bench/30gib-4.bin,497,33554432,355.44,,
0,bench/30gib-4.bin,498,33554432,638.64,,
0,bench/30gib-4.bin,499,33554432,512.49,,
0,bench/30gib-4.bin,500,33554432,528.85,,
0,bench/30gib-4.bin,501,33554432,799.74,,
0,bench/30gib-4.bin,502,33554432,1233.38,,
0,bench/30gib-4.bin,503,33554432,640.35,,
0,bench/30gib-4.bin,504,33554432,463.73,,
0,bench/30gib-4.bin,505,33554432,461.13,,
0,bench/30gib-4.bin,506,33554432,344.32,,
0,bench/30gib-4.bin,507,33554432,364.97,,
0,bench/30gib-4.bin,508,33554432,400.99,,
0,bench/30gib-4.bin,509,33554432,373.67,,
0,bench/30gib-4.bin,510,33554432,441.63,,
0,bench/30gib-4.bin,511,33554432,454.53,,
0,bench/30gib-4.bin,512,33554432,344.36,,
0,bench/30gib-4.bin,513,33554432,810.89,,
0,bench/30gib-4.bin,514,33554432,405.41,,
0,bench/30gib-4.bin,515,33554432,560.57,,
0,bench/30gib-4.bin,516,33554432,580.84,,
0,bench/30gib-4.bin,517,33554432,684.50,,
0,bench/30gib-4.bin,518,33554432,416.49,,
0,bench/30gib-4.bin,519,33554432,349.13,,
0,bench/30gib-4.bin,520,33554432,345.28,,
0,bench/30gib-4.bin,521,33554432,685.42,,
0,bench/30gib-4.bin,522,33554432,408.01,,
0,bench/30gib-4.bin,523,33554432,400.01,,
0,bench/30gib-4.bin,524,33554432,574.92,,
0,bench/30gib-4.bin,525,33554432,347.55,,
0,bench/30gib-4.bin,526,33554432,512.58,,
0,bench/30gib-4.bin,527,33554432,380.24,,
0,bench/30gib-4.bin,528,33554432,492.14,,
0,bench/30gib-4.bin,529,33554432,455.58,,
0,bench/30gib-4.bin,530,33554432,378.47,,
0,bench/30gib-4.bin,531,33554432,553.34,,
0,bench/30gib-4.bin,532,33554432,705.84,,
0,bench/30gib-4.bin,533,33554432,562.85,,
0,bench/30gib-4.bin,534,33554432,405.53,,
0,bench/30gib-4.bin,535,33554432,435.99,,
0,bench/30gib-4.bin,536,33554432,551.68,,
0,bench/30gib-4.bin,537,33554432,781.74,,
0,bench/30gib-4.bin,538,33554432,347.87,,
0,bench/30gib-4.bin,539,33554432,344.48,,
0,bench/30gib-4.bin,540,33554432,427.09,,
0,bench/30gib-4.bin,541,33554432,436.54,,
0,bench/30gib-4.bin,542,33554432,656.91,,
0,bench/30gib-4.bin,543,33554432,551.99,,
0,bench/30gib-4.bin,544,33554432,387.26,,
0,bench/30gib-4.bin,545,33554432,489.65,,
0,bench/30gib-4.bin,546,33554432,478.28,,
0,bench/30gib-4.bin,547,33554432,468.35,,
0,bench/30gib-4.bin,548,33554432,472.56,,
0,bench/30gib-4.bin,549,33554432,533.36,,
0,bench/30gib-4.bin,550,33554432,503.69,,
0,bench/30gib-4.bin,551,33554432,435.57,,
0,bench/30gib-4.bin,552,33554432,474.78,,
0,bench/30gib-4.bin,553,33554432,471.46,,
0,bench/30gib-4.bin,554,33554432,480.05,,
0,bench/30gib-4.bin,555,33554432,581.02,,
0,bench/30gib-4.bin,556,33554432,351.34,,
0,bench/30gib-4.bin,557,33554432,529.71,,
0,bench/30gib-4.bin,558,33554432,506.29,,
0,bench/30gib-4.bin,559,33554432,568.77,,
0,bench/30gib-4.bin,560,33554432,502.24,,
0,bench/30gib-4.bin,561,33554432,634.08,,
0,bench/30gib-4.bin,562,33554432,515.40,,
0,bench/30gib-4.bin,563,33554432,636.29,,
0,bench/30gib-4.bin,564,33554432,475.33,,
0,bench/30gib-4.bin,565,33554432,356.55,,
0,bench/30gib-4.bin,566,33554432,997.12,,
0,bench/30gib-4.bin,567,33554432,516.24,,
0,bench/30gib-4.bin,568,33554432,471.39,,
0,bench/30gib-4.bin,569,33554432,594.41,,
0,bench/30gib-4.bin,570,33554432,455.94,,
0,bench/30gib-4.bin,571,33554432,349.80,,
0,bench/30gib-4.bin,572,33554432,834.89,,
0,bench/30gib-4.bin,573,33554432,376.33,,
0,bench/30gib-4.bin,574,33554432,688.92,,
0,bench/30gib-4.bin,575,33554432,468.53,,
0,bench/30gib-4.bin,576,33554432,494.62,,
0,bench/30gib-4.bin,577,33554432,340.58,,
0,bench/30gib-4.bin,578,33554432,625.73,,
0,bench/30gib-4.bin,579,33554432,755.77,,
0,bench/30gib-4.bin,580,33554432,509.26,,
0,bench/30gib-4.bin,581,33554432,747.20,,
0,bench/30gib-4.bin,582,33554432,416.28,,
0,bench/30gib-4.bin,583,33554432,484.11,,
0,bench/30gib-4.bin,584,33554432,665.48,,
0,bench/30gib-4.bin,585,33554432,604.78,,
0,bench/30gib-4.bin,586,33554432,574.32,,
0,bench/30gib-4.bin,587,33554432,381.05,,
0,bench/30gib-4.bin,588,33554432,376.60,,
0,bench/30gib-4.bin,589,33554432,388.95,,
0,bench/30gib-4.bin,590,33554432,460.10,,
0,bench/30gib-4.bin,591,33554432,511.95,,
0,bench/30gib-4.bin,592,33554432,533.12,,
0,bench/30gib-4.bin,593,33554432,464.38,,
0,bench/30gib-4.bin,594,33554432,399.56,,
0,bench/30gib-4.bin,595,33554432,357.25,,
0,bench/30gib-4.bin,596,33554432,557.67,,
0,bench/30gib-4.bin,597,33554432,581.43,,
0,bench/30gib-4.bin,598,33554432,450.72,,
0,bench/30gib-4.bin,599,33554432,674.33,,
0,bench/30gib-4.bin,600,33554432,445.70,,
0,bench/30gib-4.bin,601,33554432,759.89,,
0,bench/30gib-4.bin,602,33554432,893.29,,
0,bench/30gib-4.bin,603,33554432,567.81,,
0,bench/30gib-4.bin,604,33554432,595.03,,
0,bench/30gib-4.bin,605,33554432,521.00,,
0,bench/30gib-4.bin,606,33554432,595.09,,
0,bench/30gib-4.bin,607,33554432,386.61,,
0,bench/30gib-4.bin,608,33554432,484.25,,
0,bench/30gib-4.bin,609,33554432,481.95,,
0,bench/30gib-4.bin,610,33554432,431.53,,
0,bench/30gib-4.bin,611,33554432,472.85,,
0,bench/30gib-4.bin,612,33554432,495.72,,
0,bench/30gib-4.bin,613,33554432,403.62,,
0,bench/30gib-4.bin,614,33554432,403.70,,
0,bench/30gib-4.bin,615,33554432,475.94,,
0,bench/30gib-4.bin,616,33554432,522.16,,
0,bench/30gib-4.bin,617,33554432,723.08,,
0,bench/30gib-4.bin,618,33554432,434.23,,
0,bench/30gib-4.bin,619,33554432,353.69,,
0,bench/30gib-4.bin,620,33554432,443.65,,
0,bench/30gib-4.bin,621,33554432,450.79,,
0,bench/30gib-4.bin,622,33554432,502.30,,
0,bench/30gib-4.bin,623,33554432,575.64,,
0,bench/30gib-4.bin,624,33554432,661.41,,
0,bench/30gib-4.bin,625,33554432,629.40,,
0,bench/30gib-4.bin,626,33554432,750.96,,
0,bench/30gib-4.bin,627,33554432,466.78,,
0,bench/30gib-4.bin,628,33554432,448.24,,
0,bench/30gib-4.bin,629,33554432,458.60,,
0,bench/30gib-4.bin,630,33554432,394.03,,
0,bench/30gib-4.bin,631,33554432,370.29,,
0,bench/30gib-4.bin,632,33554432,459.33,,
0,bench/30gib-4.bin,633,33554432,379.93,,
0,bench/30gib-4.bin,634,33554432,456.17,,
0,bench/30gib-4.bin,635,33554432,674.72,,
0,bench/30gib-4.bin,636,33554432,376.64,,
0,bench/30gib-4.bin,637,33554432,385.21,,
0,bench/30gib-4.bin,638,33554432,551.83,,
0,bench/30gib-4.bin,639,33554432,390.69,,
0,bench/30gib-4.bin,640,33554432,442.85,,
0,bench/30gib-4.bin,641,33554432,649.97,,
0,bench/30gib-4.bin,642,33554432,527.05,,
0,bench/30gib-4.bin,643,33554432,363.63,,
0,bench/30gib-4.bin,644,33554432,612.72,,
0,bench/30gib-4.bin,645,33554432,406.39,,
0,bench/30gib-4.bin,646,33554432,683.22,,
0,bench/30gib-4.bin,647,33554432,344.54,,
0,bench/30gib-4.bin,648,33554432,447.54,,
0,bench/30gib-4.bin,649,33554432,839.09,,
0,bench/30gib-4.bin,650,33554432,457.76,,
0,bench/30gib-4.bin,651,33554432,433.19,,
0,bench/30gib-4.bin,652,33554432,360.53,,
0,bench/30gib-4.bin,653,33554432,684.97,,
0,bench/30gib-4.bin,654,33554432,478.45,,
0,bench/30gib-4.bin,655,33554432,391.44,,
0,bench/30gib-4.bin,656,33554432,541.74,,
0,bench/30gib-4.bin,657,33554432,870.99,,
0,bench/30gib-4.bin,658,33554432,636.85,,
0,bench/30gib-4.bin,659,33554432,459.71,,
0,bench/30gib-4.bin,660,33554432,513.42,,
0,bench/30gib-4.bin,661,33554432,905.96,,
0,bench/30gib-4.bin,662,33554432,457.89,,
0,bench/30gib-4.bin,663,33554432,619.46,,
0,bench/30gib-4.bin,664,33554432,555.87,,
0,bench/30gib-4.bin,665,33554432,381.58,,
0,bench/30gib-4.bin,666,33554432,502.86,,
0,bench/30gib-4.bin,667,33554432,373.63,,
0,bench/30gib-4.bin,668,33554432,540.84,,
0,bench/30gib-4.bin,669,33554432,375.48,,
0,bench/30gib-4.bin,670,33554432,460.46,,
0,bench/30gib-4.bin,671,33554432,355.03,,
0,bench/30gib-4.bin,672,33554432,364.88,,
0,bench/30gib-4.bin,673,33554432,498.23,,
0,bench/30gib-4.bin,674,33554432,679.52,,
0,bench/30gib-4.bin,675,33554432,545.13,,
0,bench/30gib-4.bin,676,33554432,621.50,,
0,bench/30gib-4.bin,677,33554432,789.52,,
0,bench/30gib-4.bin,678,33554432,460.47,,
0,bench/30gib-4.bin,679,33554432,357.20,,
0,bench/30gib-4.bin,680,33554432,563.09,,
0,bench/30gib-4.bin,681,33554432,466.11,,
0,bench/30gib-4.bin,682,33554432,558.72,,
0,bench/30gib-4.bin,683,33554432,587.56,,
0,bench/30gib-4.bin,684,33554432,451.71,,
0,bench/30gib-4.bin,685,33554432,347.40,,
0,bench/30gib-4.bin,686,33554432,448.95,,
0,bench/30gib-4.bin,687,33554432,477.94,,
0,bench/30gib-4.bin,688,33554432,687.39,,
0,bench/30gib-4.bin,689,33554432,794.70,,
0,bench/30gib-4.bin,690,33554432,391.97,,
0,bench/30gib-4.bin,691,33554432,538.49,,
0,bench/30gib-4.bin,692,33554432,414.18,,
0,bench/30gib-4.bin,693,33554432,478.42,,
0,bench/30gib-4.bin,694,33554432,544.16,,
0,bench/30gib-4.bin,695,33554432,365.32,,
0,bench/30gib-4.bin,696,33554432,401.97,,
0,bench/30gib-4.bin,697,33554432,429.90,,
0,bench/30gib-4.bin,698,33554432,503.50,,
0,bench/30gib-4.bin,699,33554432,630.80,,
0,bench/30gib-4.bin,700,33554432,576.47,,
0,bench/30gib-4.bin,701,33554432,651.90,,
0,bench/30gib-4.bin,702,33554432,551.01,,
0,bench/30gib-4.bin,703,33554432,446.57,,
0,bench/30gib-4.bin,704,33554432,456.50,,
0,bench/30gib-4.bin,705,33554432,560.17,,
0,bench/30gib-4.bin,706,33554432,538.66,,
0,bench/30gib-4.bin,707,33554432,442.12,,
0,bench/30gib-4.bin,708,33554432,453.29,,
0,bench/30gib-4.bin,709,33554432,395.15,,
0,bench/30gib-4.bin,710,33554432,446.63,,
0,bench/30gib-4.bin,711,33554432,544.35,,
0,bench/30gib-4.bin,712,33554432,591.88,,
0,bench/30gib-4.bin,713,33554432,367.75,,
0,bench/30gib-4.bin,714,33554432,456.40,,
0,bench/30gib-4.bin,715,33554432,375.78,,
0,bench/30gib-4.bin,716,33554432,413.87,,
0,bench/30gib-4.bin,717,33554432,361.32,,
0,bench/30gib-4.bin,718,33554432,349.64,,
0,bench/30gib-4.bin,719,33554432,416.48,,
0,bench/30gib-4.bin,720,33554432,495.94,,
0,bench/30gib-4.bin,721,33554432,406.28,,
0,bench/30gib-4.bin,722,33554432,397.81,,
0,bench/30gib-4.bin,723,33554432,555.02,,
0,bench/30gib-4.bin,724,33554432,523.10,,
0,bench/30gib-4.bin,725,33554432,345.32,,
0,bench/30gib-4.bin,726,33554432,651.93,,
0,bench/30gib-4.bin,727,33554432,690.51,,
0,bench/30gib-4.bin,728,33554432,362.92,,
0,bench/30gib-4.bin,729,33554432,550.47,,
0,bench/30gib-4.bin,730,33554432,503.10,,
0,bench/30gib-4.bin,731,33554432,425.05,,
0,bench/30gib-4.bin,732,33554432,451.85,,
0,bench/30gib-4.bin,733,33554432,914.75,,
0,bench/30gib-4.bin,734,33554432,855.70,,
0,bench/30gib-4.bin,735,33554432,415.01,,
0,bench/30gib-4.bin,736,33554432,786.99,,
0,bench/30gib-4.bin,737,33554432,504.79,,
0,bench/30gib-4.bin,738,33554432,548.53,,
0,bench/30gib-4.bin,739,33554432,411.19,,
0,bench/30gib-4.bin,740,33554432,375.39,,
0,bench/30gib-4.bin,741,33554432,1079.23,,
0,bench/30gib-4.bin,742,33554432,643.54,,
0,bench/30gib-4.bin,743,33554432,342.74,,
0,bench/30gib-4.bin,744,33554432,810.54,,
0,bench/30gib-4.bin,745,33554432,383.63,,
0,bench/30gib-4.bin,746,33554432,390.03,,
0,bench/30gib-4.bin,747,33554432,729.95,,
0,bench/30gib-4.bin,748,33554432,343.71,,
0,bench/30gib-4.bin,749,33554432,497.60,,
0,bench/30gib-4.bin,750,33554432,410.43,,
0,bench/30gib-4.bin,751,33554432,564.38,,
0,bench/30gib-4.bin,752,33554432,689.51,,
0,bench/30gib-4.bin,753,33554432,576.59,,
0,bench/30gib-4.bin,754,33554432,409.10,,
0,bench/30gib-4.bin,755,33554432,343.85,,
0,bench/30gib-4.bin,756,33554432,764.19,,
0,bench/30gib-4.bin,757,33554432,510.32,,
0,bench/30gib-4.bin,758,33554432,459.51,,
0,bench/30gib-4.bin,759,33554432,544.10,,
0,bench/30gib-4.bin,760,33554432,374.23,,
0,bench/30gib-4.bin,761,33554432,358.51,,
0,bench/30gib-4.bin,762,33554432,347.33,,
0,bench/30gib-4.bin,763,33554432,373.91,,
0,bench/30gib-4.bin,764,33554432,644.89,,
0,bench/30gib-4.bin,765,33554432,563.99,,
0,bench/30gib-4.bin,766,33554432,509.45,,
0,bench/30gib-4.bin,767,33554432,514.30,,
0,bench/30gib-4.bin,768,33554432,568.31,,
0,bench/30gib-4.bin,769,33554432,451.32,,
0,bench/30gib-4.bin,770,33554432,567.43,,
0,bench/30gib-4.bin,771,33554432,555.80,,
0,bench/30gib-4.bin,772,33554432,488.73,,
0,bench/30gib-4.bin,773,33554432,434.32,,
0,bench/30gib-4.bin,774,33554432,357.08,,
0,bench/30gib-4.bin,775,33554432,464.27,,
0,bench/30gib-4.bin,776,33554432,442.68,,
0,bench/30gib-4.bin,777,33554432,344.02,,
0,bench/30gib-4.bin,778,33554432,459.51,,
0,bench/30gib-4.bin,779,33554432,445.78,,
0,bench/30gib-4.bin,780,33554432,460.65,,
0,bench/30gib-4.bin,781,33554432,517.75,,
0,bench/30gib-4.bin,782,33554432,365.97,,
0,bench/30gib-4.bin,783,33554432,376.29,,
0,bench/30gib-4.bin,784,33554432,734.12,,
0,bench/30gib-4.bin,785,33554432,672.49,,
0,bench/30gib-4.bin,786,33554432,408.86,,
0,bench/30gib-4.bin,787,33554432,351.38,,
0,bench/30gib-4.bin,788,33554432,540.32,,
0,bench/30gib-4.bin,789,33554432,547.35,,
0,bench/30gib-4.bin,790,33554432,442.63,,
0,bench/30gib-4.bin,791,33554432,502.61,,
0,bench/30gib-4.bin,792,33554432,388.34,,
0,bench/30gib-4.bin,793,33554432,465.21,,
0,bench/30gib-4.bin,794,33554432,448.77,,
0,bench/30gib-4.bin,795,33554432,481.15,,
0,bench/30gib-4.bin,796,33554432,684.95,,
0,bench/30gib-4.bin,797,33554432,445.15,,
0,bench/30gib-4.bin,798,33554432,663.07,,
0,bench/30gib-4.bin,799,33554432,477.46,,
0,bench/30gib-4.bin,800,33554432,708.06,,
0,bench/30gib-4.bin,801,33554432,385.94,,
0,bench/30gib-4.bin,802,33554432,427.28,,
0,bench/30gib-4.bin,803,33554432,673.23,,
0,bench/30gib-4.bin,804,33554432,369.27,,
0,bench/30gib-4.bin,805,33554432,772.77,,
0,bench/30gib-4.bin,806,33554432,384.33,,
0,bench/30gib-4.bin,807,33554432,492.91,,
0,bench/30gib-4.bin,808,33554432,574.42,,
0,bench/30gib-4.bin,809,33554432,583.42,,
0,bench/30gib-4.bin,810,33554432,504.59,,
0,bench/30gib-4.bin,811,33554432,414.67,,
0,bench/30gib-4.bin,812,33554432,1008.48,,
0,bench/30gib-4.bin,813,33554432,363.44,,
0,bench/30gib-4.bin,814,33554432,448.46,,
0,bench/30gib-4.bin,815,33554432,460.44,,
0,bench/30gib-4.bin,816,33554432,628.74,,
0,bench/30gib-4.bin,817,33554432,578.65,,
0,bench/30gib-4.bin,818,33554432,662.28,,
0,bench/30gib-4.bin,819,33554432,555.81,,
0,bench/30gib-4.bin,820,33554432,582.13,,
0,bench/30gib-4.bin,821,33554432,721.45,,
0,bench/30gib-4.bin,822,33554432,502.74,,
0,bench/30gib-4.bin,823,33554432,477.93,,
0,bench/30gib-4.bin,824,33554432,575.97,,
0,bench/30gib-4.bin,825,33554432,599.19,,
0,bench/30gib-4.bin,826,33554432,380.74,,
0,bench/30gib-4.bin,827,33554432,418.86,,
0,bench/30gib-4.bin,828,33554432,396.74,,
0,bench/30gib-4.bin,829,33554432,543.64,,
0,bench/30gib-4.bin,830,33554432,984.05,,
0,bench/30gib-4.bin,831,33554432,442.32,,
0,bench/30gib-4.bin,832,33554432,533.82,,
0,bench/30gib-4.bin,833,33554432,554.22,,
0,bench/30gib-4.bin,834,33554432,633.44,,
0,bench/30gib-4.bin,835,33554432,543.41,,
0,bench/30gib-4.bin,836,33554432,424.46,,
0,bench/30gib-4.bin,837,33554432,603.63,,
0,bench/30gib-4.bin,838,33554432,411.39,,
0,bench/30gib-4.bin,839,33554432,506.92,,
0,bench/30gib-4.bin,840,33554432,664.99,,
0,bench/30gib-4.bin,841,33554432,387.81,,
0,bench/30gib-4.bin,842,33554432,413.18,,
0,bench/30gib-4.bin,843,33554432,522.87,,
0,bench/30gib-4.bin,844,33554432,620.10,,
0,bench/30gib-4.bin,845,33554432,484.39,,
0,bench/30gib-4.bin,846,33554432,543.18,,
0,bench/30gib-4.bin,847,33554432,710.71,,
0,bench/30gib-4.bin,848,33554432,521.70,,
0,bench/30gib-4.bin,849,33554432,428.32,,
0,bench/30gib-4.bin,850,33554432,418.73,,
0,bench/30gib-4.bin,851,33554432,454.40,,
0,bench/30gib-4.bin,852,33554432,462.02,,
0,bench/30gib-4.bin,853,33554432,629.08,,
0,bench/30gib-4.bin,854,33554432,636.02,,
0,bench/30gib-4.bin,855,33554432,478.31,,
0,bench/30gib-4.bin,856,33554432,472.05,,
0,bench/30gib-4.bin,857,33554432,524.24,,
0,bench/30gib-4.bin,858,33554432,537.61,,
0,bench/30gib-4.bin,859,33554432,430.57,,
0,bench/30gib-4.bin,860,33554432,572.44,,
0,bench/30gib-4.bin,861,33554432,688.01,,
0,bench/30gib-4.bin,862,33554432,584.80,,
0,bench/30gib-4.bin,863,33554432,601.81,,
0,bench/30gib-4.bin,864,33554432,727.32,,
0,bench/30gib-4.bin,865,33554432,373.94,,
0,bench/30gib-4.bin,866,33554432,637.48,,
0,bench/30gib-4.bin,867,33554432,391.11,,
0,bench/30gib-4.bin,868,33554432,359.57,,
0,bench/30gib-4.bin,869,33554432,637.94,,
0,bench/30gib-4.bin,870,33554432,549.74,,
0,bench/30gib-4.bin,871,33554432,863.37,,
0,bench/30gib-4.bin,872,33554432,613.24,,
0,bench/30gib-4.bin,873,33554432,479.04,,
0,bench/30gib-4.bin,874,33554432,394.40,,
0,bench/30gib-4.bin,875,33554432,537.97,,
0,bench/30gib-4.bin,876,33554432,430.21,,
0,bench/30gib-4.bin,877,33554432,781.58,,
0,bench/30gib-4.bin,878,33554432,436.61,,
0,bench/30gib-4.bin,879,33554432,422.99,,
0,bench/30gib-4.bin,880,33554432,441.90,,
0,bench/30gib-4.bin,881,33554432,764.73,,
0,bench/30gib-4.bin,882,33554432,473.25,,
0,bench/30gib-4.bin,883,33554432,527.53,,
0,bench/30gib-4.bin,884,33554432,422.45,,
0,bench/30gib-4.bin,885,33554432,397.26,,
0,bench/30gib-4.bin,886,33554432,534.27,,
0,bench/30gib-4.bin,887,33554432,605.73,,
0,bench/30gib-4.bin,888,33554432,570.72,,
0,bench/30gib-4.bin,889,33554432,558.39,,
0,bench/30gib-4.bin,890,33554432,411.76,,
0,bench/30gib-4.bin,891,33554432,664.18,,
0,bench/30gib-4.bin,892,33554432,429.02,,
0,bench/30gib-4.bin,893,33554432,656.26,,
0,bench/30gib-4.bin,894,33554432,533.09,,
0,bench/30gib-4.bin,895,33554432,559.02,,
0,bench/30gib-4.bin,896,33554432,401.51,,
0,bench/30gib-4.bin,897,33554432,1044.12,,
0,bench/30gib-4.bin,898,33554432,697.24,,
0,bench/30gib-4.bin,899,33554432,616.05,,
0,bench/30gib-4.bin,900,33554432,510.09,,
0,bench/30gib-4.bin,901,33554432,546.60,,
0,bench/30gib-4.bin,902,33554432,461.60,,
0,bench/30gib-4.bin,903,33554432,684.89,,
0,bench/30gib-4.bin,904,33554432,485.74,,
0,bench/30gib-4.bin,905,33554432,568.59,,
0,bench/30gib-4.bin,906,33554432,455.83,,
0,bench/30gib-4.bin,907,33554432,443.72,,
0,bench/30gib-4.bin,908,33554432,812.59,,
0,bench/30gib-4.bin,909,33554432,513.75,,
0,bench/30gib-4.bin,910,33554432,782.66,,
0,bench/30gib-4.bin,911,33554432,416.99,,
0,bench/30gib-4.bin,912,33554432,471.60,,
0,bench/30gib-4.bin,913,33554432,530.63,,
0,bench/30gib-4.bin,914,33554432,397.44,,
0,bench/30gib-4.bin,915,33554432,425.27,,
0,bench/30gib-4.bin,916,33554432,494.35,,
0,bench/30gib-4.bin,917,33554432,493.30,,
0,bench/30gib-4.bin,918,33554432,476.76,,
0,bench/30gib-4.bin,919,33554432,551.37,,
0,bench/30gib-4.bin,920,33554432,498.60,,
0,bench/30gib-4.bin,921,33554432,609.11,,
0,bench/30gib-4.bin,922,33554432,537.65,,
0,bench/30gib-4.bin,923,33554432,386.65,,
0,bench/30gib-4.bin,924,33554432,534.73,,
0,bench/30gib-4.bin,925,33554432,564.31,,
0,bench/30gib-4.bin,926,33554432,508.75,,
0,bench/30gib-4.bin,927,33554432,364.88,,
0,bench/30gib-4.bin,928,33554432,397.52,,
0,bench/30gib-4.bin,929,33554432,409.86,,
0,bench/30gib-4.bin,930,33554432,881.64,,
0,bench/30gib-4.bin,931,33554432,358.45,,
0,bench/30gib-4.bin,932,33554432,415.89,,
0,bench/30gib-4.bin,933,33554432,364.19,,
0,bench/30gib-4.bin,934,33554432,464.32,,
0,bench/30gib-4.bin,935,33554432,445.70,,
0,bench/30gib-4.bin,936,33554432,551.32,,
0,bench/30gib-4.bin,937,33554432,520.50,,
0,bench/30gib-4.bin,938,33554432,402.24,,
0,bench/30gib-4.bin,939,33554432,503.25,,
0,bench/30gib-4.bin,940,33554432,448.80,,
0,bench/30gib-4.bin,941,33554432,449.34,,
0,bench/30gib-4.bin,942,33554432,787.58,,
0,bench/30gib-4.bin,943,33554432,558.37,,
0,bench/30gib-4.bin,944,33554432,484.68,,
0,bench/30gib-4.bin,945,33554432,445.40,,
0,bench/30gib-4.bin,946,33554432,742.02,,
0,bench/30gib-4.bin,947,33554432,548.44,,
0,bench/30gib-4.bin,948,33554432,446.54,,
0,bench/30gib-4.bin,949,33554432,776.67,,
0,bench/30gib-4.bin,950,33554432,521.61,,
0,bench/30gib-4.bin,951,33554432,418.33,,
0,bench/30gib-4.bin,952,33554432,540.03,,
0,bench/30gib-4.bin,953,33554432,813.42,,
0,bench/30gib-4.bin,954,33554432,484.26,,
0,bench/30gib-4.bin,955,33554432,480.42,,
0,bench/30gib-4.bin,956,33554432,556.18,,
0,bench/30gib-4.bin,957,33554432,505.24,,
0,bench/30gib-4.bin,958,33554432,448.55,,
0,bench/30gib-4.bin,959,33554432,434.85,,
0,bench/30gib-4.bin,960,33554432,415.89,,
0,bench/30gib-5.bin,1,33554432,867.36,,
0,bench/30gib-5.bin,2,33554432,1137.38,,
0,bench/30gib-5.bin,3,33554432,1126.85,,
0,bench/30gib-5.bin,4,33554432,804.33,,
0,bench/30gib-5.bin,5,33554432,763.20,,
0,bench/30gib-5.bin,6,33554432,713.84,,
0,bench/30gib-5.bin,7,33554432,1568.07,,
0,bench/30gib-5.bin,8,33554432,1098.40,,
0,bench/30gib-5.bin,9,33554432,786.31,,
0,bench/30gib-5.bin,10,33554432,626.76,,
0,bench/30gib-5.bin,11,33554432,1121.62,,
0,bench/30gib-5.bin,12,33554432,505.74,,
0,bench/30gib-5.bin,13,33554432,1558.37,,
0,bench/30gib-5.bin,14,33554432,932.27,,
0,bench/30gib-5.bin,15,33554432,1069.36,,
0,bench/30gib-5.bin,16,33554432,803.49,,
0,bench/30gib-5.bin,17,33554432,490.99,,
0,bench/30gib-5.bin,18,33554432,1648.13,,
0,bench/30gib-5.bin,19,33554432,1319.91,,
0,bench/30gib-5.bin,20,33554432,1252.25,,
0,bench/30gib-5.bin,21,33554432,677.30,,
0,bench/30gib-5.bin,22,33554432,797.19,,
0,bench/30gib-5.bin,23,33554432,1031.60,,
0,bench/30gib-5.bin,24,33554432,863.70,,
0,bench/30gib-5.bin,25,33554432,1053.50,,
0,bench/30gib-5.bin,26,33554432,710.97,,
0,bench/30gib-5.bin,27,33554432,574.62,,
0,bench/30gib-5.bin,28,33554432,510.78,,
0,bench/30gib-5.bin,29,33554432,695.90,,
0,bench/30gib-5.bin,30,33554432,705.79,,
0,bench/30gib-5.bin,31,33554432,1156.69,,
0,bench/30gib-5.bin,32,33554432,1117.01,,
0,bench/30gib-5.bin,33,33554432,649.82,,
0,bench/30gib-5.bin,34,33554432,553.58,,
0,bench/30gib-5.bin,35,33554432,872.91,,
0,bench/30gib-5.bin,36,33554432,551.24,,
0,bench/30gib-5.bin,37,33554432,854.07,,
0,bench/30gib-5.bin,38,33554432,665.64,,
0,bench/30gib-5.bin,39,33554432,982.85,,
0,bench/30gib-5.bin,40,33554432,414.82,,
0,bench/30gib-5.bin,41,33554432,733.82,,
0,bench/30gib-5.bin,42,33554432,402.27,,
0,bench/30gib-5.bin,43,33554432,1011.43,,
0,bench/30gib-5.bin,44,33554432,1387.19,,
0,bench/30gib-5.bin,45,33554432,410.96,,
0,bench/30gib-5.bin,46,33554432,628.27,,
0,bench/30gib-5.bin,47,33554432,485.45,,
0,bench/30gib-5.bin,48,33554432,992.59,,
0,bench/30gib-5.bin,49,33554432,522.30,,
0,bench/30gib-5.bin,50,33554432,377.52,,
0,bench/30gib-5.bin,51,33554432,715.42,,
0,bench/30gib-5.bin,52,33554432,569.63,,
0,bench/30gib-5.bin,53,33554432,545.35,,
0,bench/30gib-5.bin,54,33554432,534.87,,
0,bench/30gib-5.bin,55,33554432,487.73,,
0,bench/30gib-5.bin,56,33554432,692.20,,
0,bench/30gib-5.bin,57,33554432,563.73,,
0,bench/30gib-5.bin,58,33554432,795.62,,
0,bench/30gib-5.bin,59,33554432,747.78,,
0,bench/30gib-5.bin,60,33554432,489.23,,
0,bench/30gib-5.bin,61,33554432,474.03,,
0,bench/30gib-5.bin,62,33554432,500.76,,
0,bench/30gib-5.bin,63,33554432,594.45,,
0,bench/30gib-5.bin,64,33554432,366.40,,
0,bench/30gib-5.bin,65,33554432,445.11,,
0,bench/30gib-5.bin,66,33554432,442.22,,
0,bench/30gib-5.bin,67,33554432,433.66,,
0,bench/30gib-5.bin,68,33554432,564.31,,
0,bench/30gib-5.bin,69,33554432,390.78,,
0,bench/30gib-5.bin,70,33554432,662.12,,
0,bench/30gib-5.bin,71,33554432,400.61,,
0,bench/30gib-5.bin,72,33554432,452.93,,
0,bench/30gib-5.bin,73,33554432,385.44,,
0,bench/30gib-5.bin,74,33554432,539.87,,
0,bench/30gib-5.bin,75,33554432,707.83,,
0,bench/30gib-5.bin,76,33554432,475.44,,
0,bench/30gib-5.bin,77,33554432,344.55,,
0,bench/30gib-5.bin,78,33554432,426.08,,
0,bench/30gib-5.bin,79,33554432,665.33,,
0,bench/30gib-5.bin,80,33554432,367.48,,
0,bench/30gib-5.bin,81,33554432,440.61,,
0,bench/30gib-5.bin,82,33554432,355.60,,
0,bench/30gib-5.bin,83,33554432,367.97,,
0,bench/30gib-5.bin,84,33554432,564.70,,
0,bench/30gib-5.bin,85,33554432,507.55,,
0,bench/30gib-5.bin,86,33554432,390.30,,
0,bench/30gib-5.bin,87,33554432,904.24,,
0,bench/30gib-5.bin,88,33554432,861.54,,
0,bench/30gib-5.bin,89,33554432,653.53,,
0,bench/30gib-5.bin,90,33554432,514.94,,
0,bench/30gib-5.bin,91,33554432,774.74,,
0,bench/30gib-5.bin,92,33554432,564.44,,
0,bench/30gib-5.bin,93,33554432,673.27,,
0,bench/30gib-5.bin,94,33554432,423.09,,
0,bench/30gib-5.bin,95,33554432,462.62,,
0,bench/30gib-5.bin,96,33554432,532.23,,
0,bench/30gib-5.bin,97,33554432,677.76,,
0,bench/30gib-5.bin,98,33554432,657.79,,
0,bench/30gib-5.bin,99,33554432,360.53,,
0,bench/30gib-5.bin,100,33554432,689.50,,
0,bench/30gib-5.bin,101,33554432,547.24,,
0,bench/30gib-5.bin,102,33554432,463.57,,
0,bench/30gib-5.bin,103,33554432,409.68,,
0,bench/30gib-5.bin,104,33554432,341.26,,
0,bench/30gib-5.bin,105,33554432,444.54,,
0,bench/30gib-5.bin,106,33554432,353.90,,
0,bench/30gib-5.bin,107,33554432,887.43,,
0,bench/30gib-5.bin,108,33554432,351.22,,
0,bench/30gib-5.bin,109,33554432,669.53,,
0,bench/30gib-5.bin,110,33554432,467.41,,
0,bench/30gib-5.bin,111,33554432,511.90,,
0,bench/30gib-5.bin,112,33554432,507.78,,
0,bench/30gib-5.bin,113,33554432,522.50,,
0,bench/30gib-5.bin,114,33554432,340.03,,
0,bench/30gib-5.bin,115,33554432,402.39,,
0,bench/30gib-5.bin,116,33554432,619.54,,
0,bench/30gib-5.bin,117,33554432,389.69,,
0,bench/30gib-5.bin,118,33554432,476.81,,
0,bench/30gib-5.bin,119,33554432,408.09,,
0,bench/30gib-5.bin,120,33554432,385.13,,
0,bench/30gib-5.bin,121,33554432,671.38,,
0,bench/30gib-5.bin,122,33554432,581.24,,
0,bench/30gib-5.bin,123,33554432,397.90,,
0,bench/30gib-5.bin,124,33554432,342.44,,
0,bench/30gib-5.bin,125,33554432,403.92,,
0,bench/30gib-5.bin,126,33554432,795.11,,
0,bench/30gib-5.bin,127,33554432,562.44,,
0,bench/30gib-5.bin,128,33554432,568.76,,
0,bench/30gib-5.bin,129,33554432,340.48,,
0,bench/30gib-5.bin,130,33554432,449.47,,
0,bench/30gib-5.bin,131,33554432,442.67,,
0,bench/30gib-5.bin,132,33554432,378.14,,
0,bench/30gib-5.bin,133,33554432,411.72,,
0,bench/30gib-5.bin,134,33554432,488.88,,
0,bench/30gib-5.bin,135,33554432,423.88,,
0,bench/30gib-5.bin,136,33554432,412.85,,
0,bench/30gib-5.bin,137,33554432,444.86,,
0,bench/30gib-5.bin,138,33554432,350.21,,
0,bench/30gib-5.bin,139,33554432,450.79,,
0,bench/30gib-5.bin,140,33554432,345.02,,
0,bench/30gib-5.bin,141,33554432,462.87,,
0,bench/30gib-5.bin,142,33554432,456.91,,
0,bench/30gib-5.bin,143,33554432,459.17,,
0,bench/30gib-5.bin,144,33554432,595.81,,
0,bench/30gib-5.bin,145,33554432,426.19,,
0,bench/30gib-5.bin,146,33554432,475.61,,
0,bench/30gib-5.bin,147,33554432,539.79,,
0,bench/30gib-5.bin,148,33554432,1021.68,,
0,bench/30gib-5.bin,149,33554432,642.95,,
0,bench/30gib-5.bin,150,33554432,430.72,,
0,bench/30gib-5.bin,151,33554432,378.85,,
0,bench/30gib-5.bin,152,33554432,503.30,,
0,bench/30gib-5.bin,153,33554432,435.45,,
0,bench/30gib-5.bin,154,33554432,408.60,,
0,bench/30gib-5.bin,155,33554432,433.50,,
0,bench/30gib-5.bin,156,33554432,698.11,,
0,bench/30gib-5.bin,157,33554432,374.73,,
0,bench/30gib-5.bin,158,33554432,484.63,,
0,bench/30gib-5.bin,159,33554432,539.04,,
0,bench/30gib-5.bin,160,33554432,539.93,,
0,bench/30gib-5.bin,161,33554432,539.01,,
0,bench/30gib-5.bin,162,33554432,371.86,,
0,bench/30gib-5.bin,163,33554432,730.19,,
0,bench/30gib-5.bin,164,33554432,352.98,,
0,bench/30gib-5.bin,165,33554432,588.36,,
0,bench/30gib-5.bin,166,33554432,355.37,,
0,bench/30gib-5.bin,167,33554432,670.22,,
0,bench/30gib-5.bin,168,33554432,788.82,,
0,bench/30gib-5.bin,169,33554432,501.79,,
0,bench/30gib-5.bin,170,33554432,622.39,,
0,bench/30gib-5.bin,171,33554432,383.42,,
0,bench/30gib-5.bin,172,33554432,427.49,,
0,bench/30gib-5.bin,173,33554432,428.53,,
0,bench/30gib-5.bin,174,33554432,346.30,,
0,bench/30gib-5.bin,175,33554432,709.30,,
0,bench/30gib-5.bin,176,33554432,383.06,,
0,bench/30gib-5.bin,177,33554432,424.17,,
0,bench/30gib-5.bin,178,33554432,499.12,,
0,bench/30gib-5.bin,179,33554432,433.48,,
0,bench/30gib-5.bin,180,33554432,623.50,,
0,bench/30gib-5.bin,181,33554432,807.30,,
0,bench/30gib-5.bin,182,33554432,1053.07,,
0,bench/30gib-5.bin,183,33554432,571.64,,
0,bench/30gib-5.bin,184,33554432,464.12,,
0,bench/30gib-5.bin,185,33554432,871.10,,
0,bench/30gib-5.bin,186,33554432,374.58,,
0,bench/30gib-5.bin,187,33554432,620.14,,
0,bench/30gib-5.bin,188,33554432,500.35,,
0,bench/30gib-5.bin,189,33554432,1214.51,,
0,bench/30gib-5.bin,190,33554432,678.25,,
0,bench/30gib-5.bin,191,33554432,432.07,,
0,bench/30gib-5.bin,192,33554432,515.87,,
0,bench/30gib-5.bin,193,33554432,535.60,,
0,bench/30gib-5.bin,194,33554432,345.57,,
0,bench/30gib-5.bin,195,33554432,582.80,,
0,bench/30gib-5.bin,196,33554432,433.05,,
0,bench/30gib-5.bin,197,33554432,540.49,,
0,bench/30gib-5.bin,198,33554432,410.86,,
0,bench/30gib-5.bin,199,33554432,479.13,,
0,bench/30gib-5.bin,200,33554432,459.13,,
0,bench/30gib-5.bin,201,33554432,458.98,,
0,bench/30gib-5.bin,202,33554432,452.35,,
0,bench/30gib-5.bin,203,33554432,418.99,,
0,bench/30gib-5.bin,204,33554432,350.87,,
0,bench/30gib-5.bin,205,33554432,400.18,,
0,bench/30gib-5.bin,206,33554432,489.55,,
0,bench/30gib-5.bin,207,33554432,382.10,,
0,bench/30gib-5.bin,208,33554432,357.81,,
0,bench/30gib-5.bin,209,33554432,464.13,,
0,bench/30gib-5.bin,210,33554432,567.95,,
0,bench/30gib-5.bin,211,33554432,512.84,,
0,bench/30gib-5.bin,212,33554432,383.05,,
0,bench/30gib-5.bin,213,33554432,593.08,,
0,bench/30gib-5.bin,214,33554432,999.79,,
0,bench/30gib-5.bin,215,33554432,547.46,,
0,bench/30gib-5.bin,216,33554432,400.77,,
0,bench/30gib-5.bin,217,33554432,422.47,,
0,bench/30gib-5.bin,218,33554432,366.58,,
0,bench/30gib-5.bin,219,33554432,518.07,,
0,bench/30gib-5.bin,220,33554432,833.07,,
0,bench/30gib-5.bin,221,33554432,355.71,,
0,bench/30gib-5.bin,222,33554432,486.52,,
0,bench/30gib-5.bin,223,33554432,365.07,,
0,bench/30gib-5.bin,224,33554432,346.99,,
0,bench/30gib-5.bin,225,33554432,493.34,,
0,bench/30gib-5.bin,226,33554432,420.87,,
0,bench/30gib-5.bin,227,33554432,349.09,,
0,bench/30gib-5.bin,228,33554432,409.80,,
0,bench/30gib-5.bin,229,33554432,478.69,,
0,bench/30gib-5.bin,230,33554432,422.50,,
0,bench/30gib-5.bin,231,33554432,662.34,,
0,bench/30gib-5.bin,232,33554432,787.76,,
0,bench/30gib-5.bin,233,33554432,447.04,,
0,bench/30gib-5.bin,234,33554432,450.96,,
0,bench/30gib-5.bin,235,33554432,768.99,,
0,bench/30gib-5.bin,236,33554432,764.04,,
0,bench/30gib-5.bin,237,33554432,544.02,,
0,bench/30gib-5.bin,238,33554432,459.08,,
0,bench/30gib-5.bin,239,33554432,535.96,,
0,bench/30gib-5.bin,240,33554432,472.11,,
0,bench/30gib-5.bin,241,33554432,499.91,,
0,bench/30gib-5.bin,242,33554432,408.87,,
0,bench/30gib-5.bin,243,33554432,388.77,,
0,bench/30gib-5.bin,244,33554432,651.63,,
0,bench/30gib-5.bin,245,33554432,544.22,,
0,bench/30gib-5.bin,246,33554432,461.45,,
0,bench/30gib-5.bin,247,33554432,467.44,,
0,bench/30gib-5.bin,248,33554432,369.15,,
0,bench/30gib-5.bin,249,33554432,418.10,,
0,bench/30gib-5.bin,250,33554432,678.77,,
0,bench/30gib-5.bin,251,33554432,715.84,,
0,bench/30gib-5.bin,252,33554432,455.68,,
0,bench/30gib-5.bin,253,33554432,459.36,,
0,bench/30gib-5.bin,254,33554432,393.42,,
0,bench/30gib-5.bin,255,33554432,705.44,,
0,bench/30gib-5.bin,256,33554432,518.65,,
0,bench/30gib-5.bin,257,33554432,581.63,,
0,bench/30gib-5.bin,258,33554432,453.83,,
0,bench/30gib-5.bin,259,33554432,522.02,,
0,bench/30gib-5.bin,260,33554432,522.25,,
0,bench/30gib-5.bin,261,33554432,404.20,,
0,bench/30gib-5.bin,262,33554432,345.46,,
0,bench/30gib-5.bin,263,33554432,492.61,,
0,bench/30gib-5.bin,264,33554432,534.55,,
0,bench/30gib-5.bin,265,33554432,545.13,,
0,bench/30gib-5.bin,266,33554432,593.61,,
0,bench/30gib-5.bin,267,33554432,471.82,,
0,bench/30gib-5.bin,268,33554432,599.61,,
0,bench/30gib-5.bin,269,33554432,407.64,,
0,bench/30gib-5.bin,270,33554432,490.30,,
0,bench/30gib-5.bin,271,33554432,406.24,,
0,bench/30gib-5.bin,272,33554432,397.68,,
0,bench/30gib-5.bin,273,33554432,417.61,,
0,bench/30gib-5.bin,274,33554432,741.40,,
0,bench/30gib-5.bin,275,33554432,647.49,,
0,bench/30gib-5.bin,276,33554432,972.03,,
0,bench/30gib-5.bin,277,33554432,732.05,,
0,bench/30gib-5.bin,278,33554432,431.32,,
0,bench/30gib-5.bin,279,33554432,409.62,,
0,bench/30gib-5.bin,280,33554432,343.99,,
0,bench/30gib-5.bin,281,33554432,825.54,,
0,bench/30gib-5.bin,282,33554432,352.33,,
0,bench/30gib-5.bin,283,33554432,388.23,,
0,bench/30gib-5.bin,284,33554432,560.49,,
0,bench/30gib-5.bin,285,33554432,475.13,,
0,bench/30gib-5.bin,286,33554432,346.78,,
0,bench/30gib-5.bin,287,33554432,466.20,,
0,bench/30gib-5.bin,288,33554432,401.89,,
0,bench/30gib-5.bin,289,33554432,492.69,,
0,bench/30gib-5.bin,290,33554432,579.04,,
0,bench/30gib-5.bin,291,33554432,381.78,,
0,bench/30gib-5.bin,292,33554432,553.65,,
0,bench/30gib-5.bin,293,33554432,680.19,,
0,bench/30gib-5.bin,294,33554432,584.84,,
0,bench/30gib-5.bin,295,33554432,348.93,,
0,bench/30gib-5.bin,296,33554432,343.51,,
0,bench/30gib-5.bin,297,33554432,444.69,,
0,bench/30gib-5.bin,298,33554432,589.74,,
0,bench/30gib-5.bin,299,33554432,684.69,,
0,bench/30gib-5.bin,300,33554432,550.62,,
0,bench/30gib-5.bin,301,33554432,387.26,,
0,bench/30gib-5.bin,302,33554432,459.42,,
0,bench/30gib-5.bin,303,33554432,423.76,,
0,bench/30gib-5.bin,304,33554432,440.34,,
0,bench/30gib-5.bin,305,33554432,493.47,,
0,bench/30gib-5.bin,306,33554432,432.64,,
0,bench/30gib-5.bin,307,33554432,454.77,,
0,bench/30gib-5.bin,308,33554432,426.88,,
0,bench/30gib-5.bin,309,33554432,390.65,,
0,bench/30gib-5.bin,310,33554432,437.61,,
0,bench/30gib-5.bin,311,33554432,393.11,,
0,bench/30gib-5.bin,312,33554432,1182.57,,
0,bench/30gib-5.bin,313,33554432,351.25,,
0,bench/30gib-5.bin,314,33554432,444.71,,
0,bench/30gib-5.bin,315,33554432,451.14,,
0,bench/30gib-5.bin,316,33554432,419.15,,
0,bench/30gib-5.bin,317,33554432,349.41,,
0,bench/30gib-5.bin,318,33554432,850.47,,
0,bench/30gib-5.bin,319,33554432,408.73,,
0,bench/30gib-5.bin,320,33554432,500.99,,
0,bench/30gib-5.bin,321,33554432,468.56,,
0,bench/30gib-5.bin,322,33554432,405.33,,
0,bench/30gib-5.bin,323,33554432,475.31,,
0,bench/30gib-5.bin,324,33554432,378.37,,
0,bench/30gib-5.bin,325,33554432,631.00,,
0,bench/30gib-5.bin,326,33554432,563.41,,
0,bench/30gib-5.bin,327,33554432,424.43,,
0,bench/30gib-5.bin,328,33554432,388.67,,
0,bench/30gib-5.bin,329,33554432,482.88,,
0,bench/30gib-5.bin,330,33554432,393.26,,
0,bench/30gib-5.bin,331,33554432,921.19,,
0,bench/30gib-5.bin,332,33554432,359.55,,
0,bench/30gib-5.bin,333,33554432,355.10,,
0,bench/30gib-5.bin,334,33554432,560.85,,
0,bench/30gib-5.bin,335,33554432,430.95,,
0,bench/30gib-5.bin,336,33554432,482.60,,
0,bench/30gib-5.bin,337,33554432,556.90,,
0,bench/30gib-5.bin,338,33554432,518.52,,
0,bench/30gib-5.bin,339,33554432,591.89,,
0,bench/30gib-5.bin,340,33554432,573.70,,
0,bench/30gib-5.bin,341,33554432,534.89,,
0,bench/30gib-5.bin,342,33554432,544.23,,
0,bench/30gib-5.bin,343,33554432,509.73,,
0,bench/30gib-5.bin,344,33554432,669.95,,
0,bench/30gib-5.bin,345,33554432,594.20,,
0,bench/30gib-5.bin,346,33554432,351.10,,
0,bench/30gib-5.bin,347,33554432,465.85,,
0,bench/30gib-5.bin,348,33554432,464.34,,
0,bench/30gib-5.bin,349,33554432,516.70,,
0,bench/30gib-5.bin,350,33554432,343.92,,
0,bench/30gib-5.bin,351,33554432,383.52,,
0,bench/30gib-5.bin,352,33554432,496.37,,
0,bench/30gib-5.bin,353,33554432,345.13,,
0,bench/30gib-5.bin,354,33554432,349.66,,
0,bench/30gib-5.bin,355,33554432,441.71,,
0,bench/30gib-5.bin,356,33554432,673.99,,
0,bench/30gib-5.bin,357,33554432,512.42,,
0,bench/30gib-5.bin,358,33554432,697.03,,
0,bench/30gib-5.bin,359,33554432,383.13,,
0,bench/30gib-5.bin,360,33554432,508.37,,
0,bench/30gib-5.bin,361,33554432,467.67,,
0,bench/30gib-5.bin,362,33554432,437.08,,
0,bench/30gib-5.bin,363,33554432,454.41,,
0,bench/30gib-5.bin,364,33554432,413.89,,
0,bench/30gib-5.bin,365,33554432,434.39,,
0,bench/30gib-5.bin,366,33554432,451.95,,
0,bench/30gib-5.bin,367,33554432,588.83,,
0,bench/30gib-5.bin,368,33554432,433.01,,
0,bench/30gib-5.bin,369,33554432,356.05,,
0,bench/30gib-5.bin,370,33554432,614.07,,
0,bench/30gib-5.bin,371,33554432,384.78,,
0,bench/30gib-5.bin,372,33554432,935.77,,
0,bench/30gib-5.bin,373,33554432,718.62,,
0,bench/30gib-5.bin,374,33554432,658.32,,
0,bench/30gib-5.bin,375,33554432,534.06,,
0,bench/30gib-5.bin,376,33554432,345.02,,
0,bench/30gib-5.bin,377,33554432,360.63,,
0,bench/30gib-5.bin,378,33554432,349.27,,
0,bench/30gib-5.bin,379,33554432,407.94,,
0,bench/30gib-5.bin,380,33554432,526.61,,
0,bench/30gib-5.bin,381,33554432,461.07,,
0,bench/30gib-5.bin,382,33554432,509.36,,
0,bench/30gib-5.bin,383,33554432,362.73,,
0,bench/30gib-5.bin,384,33554432,584.04,,
0,bench/30gib-5.bin,385,33554432,435.62,,
0,bench/30gib-5.bin,386,33554432,354.44,,
0,bench/30gib-5.bin,387,33554432,372.41,,
0,bench/30gib-5.bin,388,33554432,701.26,,
0,bench/30gib-5.bin,389,33554432,387.85,,
0,bench/30gib-5.bin,390,33554432,670.48,,
0,bench/30gib-5.bin,391,33554432,414.03,,
0,bench/30gib-5.bin,392,33554432,975.31,,
0,bench/30gib-5.bin,393,33554432,353.40,,
0,bench/30gib-5.bin,394,33554432,467.00,,
0,bench/30gib-5.bin,395,33554432,442.14,,
0,bench/30gib-5.bin,396,33554432,380.35,,
0,bench/30gib-5.bin,397,33554432,534.24,,
0,bench/30gib-5.bin,398,33554432,403.48,,
0,bench/30gib-5.bin,399,33554432,385.01,,
0,bench/30gib-5.bin,400,33554432,604.13,,
0,bench/30gib-5.bin,401,33554432,546.97,,
0,bench/30gib-5.bin,402,33554432,435.82,,
0,bench/30gib-5.bin,403,33554432,383.72,,
0,bench/30gib-5.bin,404,33554432,520.47,,
0,bench/30gib-5.bin,405,33554432,454.00,,
0,bench/30gib-5.bin,406,33554432,458.94,,
0,bench/30gib-5.bin,407,33554432,813.88,,
0,bench/30gib-5.bin,408,33554432,410.45,,
0,bench/30gib-5.bin,409,33554432,533.00,,
0,bench/30gib-5.bin,410,33554432,360.02,,
0,bench/30gib-5.bin,411,33554432,479.68,,
0,bench/30gib-5.bin,412,33554432,479.37,,
0,bench/30gib-5.bin,413,33554432,1081.02,,
0,bench/30gib-5.bin,414,33554432,500.64,,
0,bench/30gib-5.bin,415,33554432,672.26,,
0,bench/30gib-5.bin,416,33554432,646.09,,
0,bench/30gib-5.bin,417,33554432,526.92,,
0,bench/30gib-5.bin,418,33554432,597.65,,
0,bench/30gib-5.bin,419,33554432,871.43,,
0,bench/30gib-5.bin,420,33554432,426.97,,
0,bench/30gib-5.bin,421,33554432,343.02,,
0,bench/30gib-5.bin,422,33554432,426.12,,
0,bench/30gib-5.bin,423,33554432,595.58,,
0,bench/30gib-5.bin,424,33554432,579.88,,
0,bench/30gib-5.bin,425,33554432,357.14,,
0,bench/30gib-5.bin,426,33554432,786.62,,
0,bench/30gib-5.bin,427,33554432,823.12,,
0,bench/30gib-5.bin,428,33554432,449.25,,
0,bench/30gib-5.bin,429,33554432,559.23,,
0,bench/30gib-5.bin,430,33554432,382.82,,
0,bench/30gib-5.bin,431,33554432,342.47,,
0,bench/30gib-5.bin,432,33554432,469.81,,
0,bench/30gib-5.bin,433,33554432,369.01,,
0,bench/30gib-5.bin,434,33554432,499.55,,
0,bench/30gib-5.bin,435,33554432,344.16,,
0,bench/30gib-5.bin,436,33554432,428.28,,
0,bench/30gib-5.bin,437,33554432,397.54,,
0,bench/30gib-5.bin,438,33554432,513.01,,
0,bench/30gib-5.bin,439,33554432,389.08,,
0,bench/30gib-5.bin,440,33554432,361.13,,
0,bench/30gib-5.bin,441,33554432,454.66,,
0,bench/30gib-5.bin,442,33554432,784.53,,
0,bench/30gib-5.bin,443,33554432,714.87,,
0,bench/30gib-5.bin,444,33554432,536.34,,
0,bench/30gib-5.bin,445,33554432,517.42,,
0,bench/30gib-5.bin,446,33554432,365.96,,
0,bench/30gib-5.bin,447,33554432,735.83,,
0,bench/30gib-5.bin,448,33554432,419.05,,
0,bench/30gib-5.bin,449,33554432,461.44,,
0,bench/30gib-5.bin,450,33554432,521.00,,
0,bench/30gib-5.bin,451,33554432,766.25,,
0,bench/30gib-5.bin,452,33554432,447.88,,
0,bench/30gib-5.bin,453,33554432,350.43,,
0,bench/30gib-5.bin,454,33554432,624.58,,
0,bench/30gib-5.bin,455,33554432,358.47,,
0,bench/30gib-5.bin,456,33554432,815.58,,
0,bench/30gib-5.bin,457,33554432,343.22,,
0,bench/30gib-5.bin,458,33554432,581.91,,
0,bench/30gib-5.bin,459,33554432,980.68,,
0,bench/30gib-5.bin,460,33554432,777.95,,
0,bench/30gib-5.bin,461,33554432,534.99,,
0,bench/30gib-5.bin,462,33554432,352.10,,
0,bench/30gib-5.bin,463,33554432,368.41,,
0,bench/30gib-5.bin,464,33554432,599.94,,
0,bench/30gib-5.bin,465,33554432,353.28,,
0,bench/30gib-5.bin,466,33554432,559.96,,
0,bench/30gib-5.bin,467,33554432,449.16,,
0,bench/30gib-5.bin,468,33554432,531.49,,
0,bench/30gib-5.bin,469,33554432,349.53,,
0,bench/30gib-5.bin,470,33554432,466.99,,
0,bench/30gib-5.bin,471,33554432,523.15,,
0,bench/30gib-5.bin,472,33554432,455.24,,
0,bench/30gib-5.bin,473,33554432,774.75,,
0,bench/30gib-5.bin,474,33554432,429.05,,
0,bench/30gib-5.bin,475,33554432,587.54,,
0,bench/30gib-5.bin,476,33554432,403.63,,
0,bench/30gib-5.bin,477,33554432,490.39,,
0,bench/30gib-5.bin,478,33554432,517.21,,
0,bench/30gib-5.bin,479,33554432,436.37,,
0,bench/30gib-5.bin,480,33554432,372.75,,
0,bench/30gib-5.bin,481,33554432,354.66,,
0,bench/30gib-5.bin,482,33554432,634.04,,
0,bench/30gib-5.bin,483,33554432,551.23,,
0,bench/30gib-5.bin,484,33554432,349.84,,
0,bench/30gib-5.bin,485,33554432,675.60,,
0,bench/30gib-5.bin,486,33554432,445.95,,
0,bench/30gib-5.bin,487,33554432,454.36,,
0,bench/30gib-5.bin,488,33554432,805.79,,
0,bench/30gib-5.bin,489,33554432,378.68,,
0,bench/30gib-5.bin,490,33554432,650.33,,
0,bench/30gib-5.bin,491,33554432,469.76,,
0,bench/30gib-5.bin,492,33554432,590.97,,
0,bench/30gib-5.bin,493,33554432,424.85,,
0,bench/30gib-5.bin,494,33554432,615.04,,
0,bench/30gib-5.bin,495,33554432,456.19,,
0,bench/30gib-5.bin,496,33554432,461.11,,
0,bench/30gib-5.bin,497,33554432,390.66,,
0,bench/30gib-5.bin,498,33554432,390.27,,
0,bench/30gib-5.bin,499,33554432,571.60,,
0,bench/30gib-5.bin,500,33554432,505.67,,
0,bench/30gib-5.bin,501,33554432,511.15,,
0,bench/30gib-5.bin,502,33554432,444.85,,
0,bench/30gib-5.bin,503,33554432,420.89,,
0,bench/30gib-5.bin,504,33554432,384.53,,
0,bench/30gib-5.bin,505,33554432,428.59,,
0,bench/30gib-5.bin,506,33554432,566.45,,
0,bench/30gib-5.bin,507,33554432,395.08,,
0,bench/30gib-5.bin,508,33554432,356.26,,
0,bench/30gib-5.bin,509,33554432,1071.58,,
0,bench/30gib-5.bin,510,33554432,386.10,,
0,bench/30gib-5.bin,511,33554432,606.30,,
0,bench/30gib-5.bin,512,33554432,357.25,,
0,bench/30gib-5.bin,513,33554432,343.86,,
0,bench/30gib-5.bin,514,33554432,833.20,,
0,bench/30gib-5.bin,515,33554432,518.14,,
0,bench/30gib-5.bin,516,33554432,354.27,,
0,bench/30gib-5.bin,517,33554432,342.00,,
0,bench/30gib-5.bin,518,33554432,629.49,,
0,bench/30gib-5.bin,519,33554432,568.13,,
0,bench/30gib-5.bin,520,33554432,394.75,,
0,bench/30gib-5.bin,521,33554432,411.39,,
0,bench/30gib-5.bin,522,33554432,366.67,,
0,bench/30gib-5.bin,523,33554432,407.90,,
0,bench/30gib-5.bin,524,33554432,420.04,,
0,bench/30gib-5.bin,525,33554432,402.43,,
0,bench/30gib-5.bin,526,33554432,898.00,,
0,bench/30gib-5.bin,527,33554432,341.41,,
0,bench/30gib-5.bin,528,33554432,654.45,,
0,bench/30gib-5.bin,529,33554432,810.70,,
0,bench/30gib-5.bin,530,33554432,455.32,,
0,bench/30gib-5.bin,531,33554432,676.33,,
0,bench/30gib-5.bin,532,33554432,444.60,,
0,bench/30gib-5.bin,533,33554432,458.13,,
0,bench/30gib-5.bin,534,33554432,648.01,,
0,bench/30gib-5.bin,535,33554432,648.85,,
0,bench/30gib-5.bin,536,33554432,590.07,,
0,bench/30gib-5.bin,537,33554432,379.16,,
0,bench/30gib-5.bin,538,33554432,406.93,,
0,bench/30gib-5.bin,539,33554432,344.30,,
0,bench/30gib-5.bin,540,33554432,396.77,,
0,bench/30gib-5.bin,541,33554432,440.87,,
0,bench/30gib-5.bin,542,33554432,436.49,,
0,bench/30gib-5.bin,543,33554432,346.55,,
0,bench/30gib-5.bin,544,33554432,555.84,,
0,bench/30gib-5.bin,545,33554432,497.76,,
0,bench/30gib-5.bin,546,33554432,557.40,,
0,bench/30gib-5.bin,547,33554432,616.66,,
0,bench/30gib-5.bin,548,33554432,483.97,,
0,bench/30gib-5.bin,549,33554432,613.47,,
0,bench/30gib-5.bin,550,33554432,751.65,,
0,bench/30gib-5.bin,551,33554432,510.43,,
0,bench/30gib-5.bin,552,33554432,480.86,,
0,bench/30gib-5.bin,553,33554432,452.90,,
0,bench/30gib-5.bin,554,33554432,360.82,,
0,bench/30gib-5.bin,555,33554432,539.52,,
0,bench/30gib-5.bin,556,33554432,608.78,,
0,bench/30gib-5.bin,557,33554432,352.59,,
0,bench/30gib-5.bin,558,33554432,419.00,,
0,bench/30gib-5.bin,559,33554432,499.19,,
0,bench/30gib-5.bin,560,33554432,382.60,,
0,bench/30gib-5.bin,561,33554432,542.68,,
0,bench/30gib-5.bin,562,33554432,504.01,,
0,bench/30gib-5.bin,563,33554432,432.37,,
0,bench/30gib-5.bin,564,33554432,547.77,,
0,bench/30gib-5.bin,565,33554432,757.94,,
0,bench/30gib-5.bin,566,33554432,498.83,,
0,bench/30gib-5.bin,567,33554432,569.66,,
0,bench/30gib-5.bin,568,33554432,728.64,,
0,bench/30gib-5.bin,569,33554432,433.52,,
0,bench/30gib-5.bin,570,33554432,351.64,,
0,bench/30gib-5.bin,571,33554432,355.36,,
0,bench/30gib-5.bin,572,33554432,689.30,,
0,bench/30gib-5.bin,573,33554432,560.22,,
0,bench/30gib-5.bin,574,33554432,749.61,,
0,bench/30gib-5.bin,575,33554432,527.17,,
0,bench/30gib-5.bin,576,33554432,528.87,,
0,bench/30gib-5.bin,577,33554432,526.98,,
0,bench/30gib-5.bin,578,33554432,684.14,,
0,bench/30gib-5.bin,579,33554432,671.94,,
0,bench/30gib-5.bin,580,33554432,624.95,,
0,bench/30gib-5.bin,581,33554432,909.99,,
0,bench/30gib-5.bin,582,33554432,745.63,,
0,bench/30gib-5.bin,583,33554432,619.92,,
0,bench/30gib-5.bin,584,33554432,519.43,,
0,bench/30gib-5.bin,585,33554432,480.22,,
0,bench/30gib-5.bin,586,33554432,1017.21,,
0,bench/30gib-5.bin,587,33554432,622.25,,
0,bench/30gib-5.bin,588,33554432,960.39,,
0,bench/30gib-5.bin,589,33554432,411.97,,
0,bench/30gib-5.bin,590,33554432,370.63,,
0,bench/30gib-5.bin,591,33554432,660.94,,
0,bench/30gib-5.bin,592,33554432,396.62,,
0,bench/30gib-5.bin,593,33554432,425.86,,
0,bench/30gib-5.bin,594,33554432,647.37,,
0,bench/30gib-5.bin,595,33554432,552.16,,
0,bench/30gib-5.bin,596,33554432,520.61,,
0,bench/30gib-5.bin,597,33554432,345.53,,
0,bench/30gib-5.bin,598,33554432,347.26,,
0,bench/30gib-5.bin,599,33554432,342.55,,
0,bench/30gib-5.bin,600,33554432,542.42,,
0,bench/30gib-5.bin,601,33554432,668.97,,
0,bench/30gib-5.bin,602,33554432,582.46,,
0,bench/30gib-5.bin,603,33554432,645.87,,
0,bench/30gib-5.bin,604,33554432,463.72,,
0,bench/30gib-5.bin,605,33554432,536.14,,
0,bench/30gib-5.bin,606,33554432,402.80,,
0,bench/30gib-5.bin,607,33554432,384.50,,
0,bench/30gib-5.bin,608,33554432,503.24,,
0,bench/30gib-5.bin,609,33554432,457.53,,
0,bench/30gib-5.bin,610,33554432,510.02,,
0,bench/30gib-5.bin,611,33554432,459.68,,
0,bench/30gib-5.bin,612,33554432,348.99,,
0,bench/30gib-5.bin,613,33554432,383.15,,
0,bench/30gib-5.bin,614,33554432,511.81,,
0,bench/30gib-5.bin,615,33554432,371.60,,
0,bench/30gib-5.bin,616,33554432,351.20,,
0,bench/30gib-5.bin,617,33554432,453.56,,
0,bench/30gib-5.bin,618,33554432,761.00,,
0,bench/30gib-5.bin,619,33554432,698.46,,
0,bench/30gib-5.bin,620,33554432,588.26,,
0,bench/30gib-5.bin,621,33554432,807.63,,
0,bench/30gib-5.bin,622,33554432,510.18,,
0,bench/30gib-5.bin,623,33554432,685.68,,
0,bench/30gib-5.bin,624,33554432,468.17,,
0,bench/30gib-5.bin,625,33554432,345.99,,
0,bench/30gib-5.bin,626,33554432,512.39,,
0,bench/30gib-5.bin,627,33554432,422.56,,
0,bench/30gib-5.bin,628,33554432,690.04,,
0,bench/30gib-5.bin,629,33554432,542.57,,
0,bench/30gib-5.bin,630,33554432,497.48,,
0,bench/30gib-5.bin,631,33554432,635.49,,
0,bench/30gib-5.bin,632,33554432,462.40,,
0,bench/30gib-5.bin,633,33554432,649.83,,
0,bench/30gib-5.bin,634,33554432,378.61,,
0,bench/30gib-5.bin,635,33554432,477.95,,
0,bench/30gib-5.bin,636,33554432,456.02,,
0,bench/30gib-5.bin,637,33554432,525.20,,
0,bench/30gib-5.bin,638,33554432,668.28,,
0,bench/30gib-5.bin,639,33554432,481.75,,
0,bench/30gib-5.bin,640,33554432,698.23,,
0,bench/30gib-5.bin,641,33554432,594.03,,
0,bench/30gib-5.bin,642,33554432,472.46,,
0,bench/30gib-5.bin,643,33554432,460.78,,
0,bench/30gib-5.bin,644,33554432,624.91,,
0,bench/30gib-5.bin,645,33554432,632.71,,
0,bench/30gib-5.bin,646,33554432,540.71,,
0,bench/30gib-5.bin,647,33554432,502.03,,
0,bench/30gib-5.bin,648,33554432,418.51,,
0,bench/30gib-5.bin,649,33554432,377.36,,
0,bench/30gib-5.bin,650,33554432,782.35,,
0,bench/30gib-5.bin,651,33554432,666.78,,
0,bench/30gib-5.bin,652,33554432,412.02,,
0,bench/30gib-5.bin,653,33554432,391.88,,
0,bench/30gib-5.bin,654,33554432,435.82,,
0,bench/30gib-5.bin,655,33554432,798.97,,
0,bench/30gib-5.bin,656,33554432,599.08,,
0,bench/30gib-5.bin,657,33554432,1020.99,,
0,bench/30gib-5.bin,658,33554432,422.15,,
0,bench/30gib-5.bin,659,33554432,620.89,,
0,bench/30gib-5.bin,660,33554432,452.82,,
0,bench/30gib-5.bin,661,33554432,446.18,,
0,bench/30gib-5.bin,662,33554432,450.51,,
0,bench/30gib-5.bin,663,33554432,423.42,,
0,bench/30gib-5.bin,664,33554432,382.99,,
0,bench/30gib-5.bin,665,33554432,404.99,,
0,bench/30gib-5.bin,666,33554432,570.31,,
0,bench/30gib-5.bin,667,33554432,596.54,,
0,bench/30gib-5.bin,668,33554432,443.73,,
0,bench/30gib-5.bin,669,33554432,839.58,,
0,bench/30gib-5.bin,670,33554432,560.44,,
0,bench/30gib-5.bin,671,33554432,414.96,,
0,bench/30gib-5.bin,672,33554432,438.38,,
0,bench/30gib-5.bin,673,33554432,459.92,,
0,bench/30gib-5.bin,674,33554432,496.32,,
0,bench/30gib-5.bin,675,33554432,505.87,,
0,bench/30gib-5.bin,676,33554432,778.48,,
0,bench/30gib-5.bin,677,33554432,490.14,,
0,bench/30gib-5.bin,678,33554432,373.09,,
0,bench/30gib-5.bin,679,33554432,340.09,,
0,bench/30gib-5.bin,680,33554432,417.33,,
0,bench/30gib-5.bin,681,33554432,434.28,,
0,bench/30gib-5.bin,682,33554432,540.03,,
0,bench/30gib-5.bin,683,33554432,526.75,,
0,bench/30gib-5.bin,684,33554432,497.61,,
0,bench/30gib-5.bin,685,33554432,495.81,,
0,bench/30gib-5.bin,686,33554432,410.23,,
0,bench/30gib-5.bin,687,33554432,478.04,,
0,bench/30gib-5.bin,688,33554432,509.20,,
0,bench/30gib-5.bin,689,33554432,755.59,,
0,bench/30gib-5.bin,690,33554432,458.10,,
0,bench/30gib-5.bin,691,33554432,452.12,,
0,bench/30gib-5.bin,692,33554432,516.49,,
0,bench/30gib-5.bin,693,33554432,682.45,,
0,bench/30gib-5.bin,694,33554432,575.71,,
0,bench/30gib-5.bin,695,33554432,348.38,,
0,bench/30gib-5.bin,696,33554432,349.75,,
0,bench/30gib-5.bin,697,33554432,445.19,,
0,bench/30gib-5.bin,698,33554432,543.77,,
0,bench/30gib-5.bin,699,33554432,346.22,,
0,bench/30gib-5.bin,700,33554432,431.87,,
0,bench/30gib-5.bin,701,33554432,491.36,,
0,bench/30gib-5.bin,702,33554432,554.10,,
0,bench/30gib-5.bin,703,33554432,466.23,,
0,bench/30gib-5.bin,704,33554432,536.43,,
0,bench/30gib-5.bin,705,33554432,913.23,,
0,bench/30gib-5.bin,706,33554432,418.79,,
0,bench/30gib-5.bin,707,33554432,525.88,,
0,bench/30gib-5.bin,708,33554432,776.85,,
0,bench/30gib-5.bin,709,33554432,447.76,,
0,bench/30gib-5.bin,710,33554432,456.87,,
0,bench/30gib-5.bin,711,33554432,482.15,,
0,bench/30gib-5.bin,712,33554432,951.32,,
0,bench/30gib-5.bin,713,33554432,533.32,,
0,bench/30gib-5.bin,714,33554432,486.87,,
0,bench/30gib-5.bin,715,33554432,484.33,,
0,bench/30gib-5.bin,716,33554432,479.37,,
0,bench/30gib-5.bin,717,33554432,617.04,,
0,bench/30gib-5.bin,718,33554432,455.67,,
0,bench/30gib-5.bin,719,33554432,833.47,,
0,bench/30gib-5.bin,720,33554432,700.91,,
0,bench/30gib-5.bin,721,33554432,544.62,,
0,bench/30gib-5.bin,722,33554432,418.80,,
0,bench/30gib-5.bin,723,33554432,581.82,,
0,bench/30gib-5.bin,724,33554432,551.71,,
0,bench/30gib-5.bin,725,33554432,459.72,,
0,bench/30gib-5.bin,726,33554432,399.11,,
0,bench/30gib-5.bin,727,33554432,353.03,,
0,bench/30gib-5.bin,728,33554432,781.61,,
0,bench/30gib-5.bin,729,33554432,398.11,,
0,bench/30gib-5.bin,730,33554432,341.44,,
0,bench/30gib-5.bin,731,33554432,409.91,,
0,bench/30gib-5.bin,732,33554432,550.22,,
0,bench/30gib-5.bin,733,33554432,533.72,,
0,bench/30gib-5.bin,734,33554432,819.73,,
0,bench/30gib-5.bin,735,33554432,437.56,,
0,bench/30gib-5.bin,736,33554432,458.66,,
0,bench/30gib-5.bin,737,33554432,589.69,,
0,bench/30gib-5.bin,738,33554432,487.61,,
0,bench/30gib-5.bin,739,33554432,343.33,,
0,bench/30gib-5.bin,740,33554432,468.00,,
0,bench/30gib-5.bin,741,33554432,379.58,,
0,bench/30gib-5.bin,742,33554432,460.73,,
0,bench/30gib-5.bin,743,33554432,539.40,,
0,bench/30gib-5.bin,744,33554432,547.81,,
0,bench/30gib-5.bin,745,33554432,554.75,,
0,bench/30gib-5.bin,746,33554432,360.79,,
0,bench/30gib-5.bin,747,33554432,345.60,,
0,bench/30gib-5.bin,748,33554432,478.24,,
0,bench/30gib-5.bin,749,33554432,479.01,,
0,bench/30gib-5.bin,750,33554432,514.46,,
0,bench/30gib-5.bin,751,33554432,857.94,,
0,bench/30gib-5.bin,752,33554432,431.21,,
0,bench/30gib-5.bin,753,33554432,555.35,,
0,bench/30gib-5.bin,754,33554432,554.51,,
0,bench/30gib-5.bin,755,33554432,439.06,,
0,bench/30gib-5.bin,756,33554432,473.72,,
0,bench/30gib-5.bin,757,33554432,428.90,,
0,bench/30gib-5.bin,758,33554432,682.93,,
0,bench/30gib-5.bin,759,33554432,554.51,,
0,bench/30gib-5.bin,760,33554432,417.11,,
0,bench/30gib-5.bin,761,33554432,403.34,,
0,bench/30gib-5.bin,762,33554432,579.36,,
0,bench/30gib-5.bin,763,33554432,400.44,,
0,bench/30gib-5.bin,764,33554432,407.49,,
0,bench/30gib-5.bin,765,33554432,466.09,,
0,bench/30gib-5.bin,766,33554432,818.74,,
0,bench/30gib-5.bin,767,33554432,564.13,,
0,bench/30gib-5.bin,768,33554432,610.95,,
0,bench/30gib-5.bin,769,33554432,578.11,,
0,bench/30gib-5.bin,770,33554432,506.00,,
0,bench/30gib-5.bin,771,33554432,466.46,,
0,bench/30gib-5.bin,772,33554432,489.62,,
0,bench/30gib-5.bin,773,33554432,426.82,,
0,bench/30gib-5.bin,774,33554432,478.90,,
0,bench/30gib-5.bin,775,33554432,979.77,,
0,bench/30gib-5.bin,776,33554432,447.28,,
0,bench/30gib-5.bin,777,33554432,507.12,,
0,bench/30gib-5.bin,778,33554432,388.81,,
0,bench/30gib-5.bin,779,33554432,365.96,,
0,bench/30gib-5.bin,780,33554432,750.81,,
0,bench/30gib-5.bin,781,33554432,418.06,,
0,bench/30gib-5.bin,782,33554432,347.85,,
0,bench/30gib-5.bin,783,33554432,718.42,,
0,bench/30gib-5.bin,784,33554432,475.94,,
0,bench/30gib-5.bin,785,33554432,473.24,,
0,bench/30gib-5.bin,786,33554432,384.30,,
0,bench/30gib-5.bin,787,33554432,658.71,,
0,bench/30gib-5.bin,788,33554432,487.16,,
0,bench/30gib-5.bin,789,33554432,620.01,,
0,bench/30gib-5.bin,790,33554432,410.05,,
0,bench/30gib-5.bin,791,33554432,553.09,,
0,bench/30gib-5.bin,792,33554432,710.52,,
0,bench/30gib-5.bin,793,33554432,575.47,,
0,bench/30gib-5.bin,794,33554432,394.35,,
0,bench/30gib-5.bin,795,33554432,436.10,,
0,bench/30gib-5.bin,796,33554432,450.22,,
0,bench/30gib-5.bin,797,33554432,360.34,,
0,bench/30gib-5.bin,798,33554432,354.77,,
0,bench/30gib-5.bin,799,33554432,820.22,,
0,bench/30gib-5.bin,800,33554432,386.22,,
0,bench/30gib-5.bin,801,33554432,559.00,,
0,bench/30gib-5.bin,802,33554432,390.63,,
0,bench/30gib-5.bin,803,33554432,507.90,,
0,bench/30gib-5.bin,804,33554432,599.55,,
0,bench/30gib-5.bin,805,33554432,531.44,,
0,bench/30gib-5.bin,806,33554432,466.53,,
0,bench/30gib-5.bin,807,33554432,449.62,,
0,bench/30gib-5.bin,808,33554432,493.88,,
0,bench/30gib-5.bin,809,33554432,570.39,,
0,bench/30gib-5.bin,810,33554432,493.34,,
0,bench/30gib-5.bin,811,33554432,483.56,,
0,bench/30gib-5.bin,812,33554432,513.50,,
0,bench/30gib-5.bin,813,33554432,637.03,,
0,bench/30gib-5.bin,814,33554432,563.07,,
0,bench/30gib-5.bin,815,33554432,627.12,,
0,bench/30gib-5.bin,816,33554432,610.79,,
0,bench/30gib-5.bin,817,33554432,676.56,,
0,bench/30gib-5.bin,818,33554432,513.80,,
0,bench/30gib-5.bin,819,33554432,349.16,,
0,bench/30gib-5.bin,820,33554432,345.29,,
0,bench/30gib-5.bin,821,33554432,373.48,,
0,bench/30gib-5.bin,822,33554432,391.45,,
0,bench/30gib-5.bin,823,33554432,626.53,,
0,bench/30gib-5.bin,824,33554432,654.17,,
0,bench/30gib-5.bin,825,33554432,625.20,,
0,bench/30gib-5.bin,826,33554432,508.70,,
0,bench/30gib-5.bin,827,33554432,628.15,,
0,bench/30gib-5.bin,828,33554432,383.75,,
0,bench/30gib-5.bin,829,33554432,669.53,,
0,bench/30gib-5.bin,830,33554432,605.03,,
0,bench/30gib-5.bin,831,33554432,634.62,,
0,bench/30gib-5.bin,832,33554432,565.09,,
0,bench/30gib-5.bin,833,33554432,463.43,,
0,bench/30gib-5.bin,834,33554432,547.03,,
0,bench/30gib-5.bin,835,33554432,362.11,,
0,bench/30gib-5.bin,836,33554432,620.16,,
0,bench/30gib-5.bin,837,33554432,583.23,,
0,bench/30gib-5.bin,838,33554432,610.81,,
0,bench/30gib-5.bin,839,33554432,633.94,,
0,bench/30gib-5.bin,840,33554432,452.86,,
0,bench/30gib-5.bin,841,33554432,354.47,,
0,bench/30gib-5.bin,842,33554432,522.35,,
0,bench/30gib-5.bin,843,33554432,404.83,,
0,bench/30gib-5.bin,844,33554432,483.68,,
0,bench/30gib-5.bin,845,33554432,447.42,,
0,bench/30gib-5.bin,846,33554432,544.95,,
0,bench/30gib-5.bin,847,33554432,974.81,,
0,bench/30gib-5.bin,848,33554432,728.10,,
0,bench/30gib-5.bin,849,33554432,416.14,,
0,bench/30gib-5.bin,850,33554432,549.76,,
0,bench/30gib-5.bin,851,33554432,675.81,,
0,bench/30gib-5.bin,852,33554432,673.37,,
0,bench/30gib-5.bin,853,33554432,636.93,,
0,bench/30gib-5.bin,854,33554432,398.95,,
0,bench/30gib-5.bin,855,33554432,552.86,,
0,bench/30gib-5.bin,856,33554432,341.16,,
0,bench/30gib-5.bin,857,33554432,532.94,,
0,bench/30gib-5.bin,858,33554432,385.46,,
0,bench/30gib-5.bin,859,33554432,396.17,,
0,bench/30gib-5.bin,860,33554432,515.06,,
0,bench/30gib-5.bin,861,33554432,604.20,,
0,bench/30gib-5.bin,862,33554432,515.29,,
0,bench/30gib-5.bin,863,33554432,384.86,,
0,bench/30gib-5.bin,864,33554432,828.62,,
0,bench/30gib-5.bin,865,33554432,899.48,,
0,bench/30gib-5.bin,866,33554432,438.91,,
0,bench/30gib-5.bin,867,33554432,886.13,,
0,bench/30gib-5.bin,868,33554432,485.19,,
0,bench/30gib-5.bin,869,33554432,496.33,,
0,bench/30gib-5.bin,870,33554432,428.29,,
0,bench/30gib-5.bin,871,33554432,480.84,,
0,bench/30gib-5.bin,872,33554432,377.74,,
0,bench/30gib-5.bin,873,33554432,390.37,,
0,bench/30gib-5.bin,874,33554432,345.83,,
0,bench/30gib-5.bin,875,33554432,599.68,,
0,bench/30gib-5.bin,876,33554432,405.57,,
0,bench/30gib-5.bin,877,33554432,353.71,,
0,bench/30gib-5.bin,878,33554432,383.21,,
0,bench/30gib-5.bin,879,33554432,587.97,,
0,bench/30gib-5.bin,880,33554432,707.04,,
0,bench/30gib-5.bin,881,33554432,1318.04,,
0,bench/30gib-5.bin,882,33554432,618.19,,
0,bench/30gib-5.bin,883,33554432,405.26,,
0,bench/30gib-5.bin,884,33554432,369.17,,
0,bench/30gib-5.bin,885,33554432,428.95,,
0,bench/30gib-5.bin,886,33554432,665.85,,
0,bench/30gib-5.bin,887,33554432,473.47,,
0,bench/30gib-5.bin,888,33554432,397.50,,
0,bench/30gib-5.bin,889,33554432,545.90,,
0,bench/30gib-5.bin,890,33554432,483.83,,
0,bench/30gib-5.bin,891,33554432,402.48,,
0,bench/30gib-5.bin,892,33554432,671.88,,
0,bench/30gib-5.bin,893,33554432,442.39,,
0,bench/30gib-5.bin,894,33554432,573.39,,
0,bench/30gib-5.bin,895,33554432,379.08,,
0,bench/30gib-5.bin,896,33554432,493.69,,
0,bench/30gib-5.bin,897,33554432,493.80,,
0,bench/30gib-5.bin,898,33554432,444.59,,
0,bench/30gib-5.bin,899,33554432,1075.08,,
0,bench/30gib-5.bin,900,33554432,594.60,,
0,bench/30gib-5.bin,901,33554432,553.21,,
0,bench/30gib-5.bin,902,33554432,385.57,,
0,bench/30gib-5.bin,903,33554432,503.02,,
0,bench/30gib-5.bin,904,33554432,403.48,,
0,bench/30gib-5.bin,905,33554432,354.45,,
0,bench/30gib-5.bin,906,33554432,468.24,,
0,bench/30gib-5.bin,907,33554432,350.87,,
0,bench/30gib-5.bin,908,33554432,429.34,,
0,bench/30gib-5.bin,909,33554432,438.52,,
0,bench/30gib-5.bin,910,33554432,882.87,,
0,bench/30gib-5.bin,911,33554432,460.94,,
0,bench/30gib-5.bin,912,33554432,422.80,,
0,bench/30gib-5.bin,913,33554432,445.49,,
0,bench/30gib-5.bin,914,33554432,544.75,,
0,bench/30gib-5.bin,915,33554432,615.80,,
0,bench/30gib-5.bin,916,33554432,574.33,,
0,bench/30gib-5.bin,917,33554432,419.11,,
0,bench/30gib-5.bin,918,33554432,726.55,,
0,bench/30gib-5.bin,919,33554432,435.72,,
0,bench/30gib-5.bin,920,33554432,416.01,,
0,bench/30gib-5.bin,921,33554432,440.31,,
0,bench/30gib-5.bin,922,33554432,618.21,,
0,bench/30gib-5.bin,923,33554432,723.86,,
0,bench/30gib-5.bin,924,33554432,546.35,,
0,bench/30gib-5.bin,925,33554432,446.80,,
0,bench/30gib-5.bin,926,33554432,527.32,,
0,bench/30gib-5.bin,927,33554432,389.65,,
0,bench/30gib-5.bin,928,33554432,589.43,,
0,bench/30gib-5.bin,929,33554432,519.51,,
0,bench/30gib-5.bin,930,33554432,407.89,,
0,bench/30gib-5.bin,931,33554432,406.29,,
0,bench/30gib-5.bin,932,33554432,520.36,,
0,bench/30gib-5.bin,933,33554432,476.02,,
0,bench/30gib-5.bin,934,33554432,620.27,,
0,bench/30gib-5.bin,935,33554432,575.18,,
0,bench/30gib-5.bin,936,33554432,579.69,,
0,bench/30gib-5.bin,937,33554432,581.47,,
0,bench/30gib-5.bin,938,33554432,343.95,,
0,bench/30gib-5.bin,939,33554432,584.79,,
0,bench/30gib-5.bin,940,33554432,413.09,,
0,bench/30gib-5.bin,941,33554432,607.76,,
0,bench/30gib-5.bin,942,33554432,423.58,,
0,bench/30gib-5.bin,943,33554432,568.70,,
0,bench/30gib-5.bin,944,33554432,677.25,,
0,bench/30gib-5.bin,945,33554432,361.24,,
0,bench/30gib-5.bin,946,33554432,443.16,,
0,bench/30gib-5.bin,947,33554432,708.22,,
0,bench/30gib-5.bin,948,33554432,387.88,,
0,bench/30gib-5.bin,949,33554432,538.95,,
0,bench/30gib-5.bin,950,33554432,463.39,,
0,bench/30gib-5.bin,951,33554432,491.15,,
0,bench/30gib-5.bin,952,33554432,552.41,,
0,bench/30gib-5.bin,953,33554432,556.45,,
0,bench/30gib-5.bin,954,33554432,580.17,,
0,bench/30gib-5.bin,955,33554432,458.09,,
0,bench/30gib-5.bin,956,33554432,509.26,,
0,bench/30gib-5.bin,957,33554432,412.55,,
0,bench/30gib-5.bin,958,33554432,432.87,,
0,bench/30gib-5.bin,959,33554432,349.18,,
0,bench/30gib-5.bin,960,33554432,354.56,,
0,bench/30gib-6.bin,1,33554432,757.04,,
0,bench/30gib-6.bin,2,33554432,708.85,,
0,bench/30gib-6.bin,3,33554432,977.30,,
0,bench/30gib-6.bin,4,33554432,725.72,,
0,bench/30gib-6.bin,5,33554432,561.39,,
0,bench/30gib-6.bin,6,33554432,484.21,,
0,bench/30gib-6.bin,7,33554432,823.85,,
0,bench/30gib-6.bin,8,33554432,1237.65,,
0,bench/30gib-6.bin,9,33554432,615.66,,
0,bench/30gib-6.bin,10,33554432,741.33,,
0,bench/30gib-6.bin,11,33554432,880.61,,
0,bench/30gib-6.bin,12,33554432,588.16,,
0,bench/30gib-6.bin,13,33554432,1398.60,,
0,bench/30gib-6.bin,14,33554432,693.20,,
0,bench/30gib-6.bin,15,33554432,1419.60,,
0,bench/30gib-6.bin,16,33554432,701.35,,
0,bench/30gib-6.bin,17,33554432,595.49,,
0,bench/30gib-6.bin,18,33554432,1229.33,,
0,bench/30gib-6.bin,19,33554432,974.27,,
0,bench/30gib-6.bin,20,33554432,774.71,,
0,bench/30gib-6.bin,21,33554432,610.99,,
0,bench/30gib-6.bin,22,33554432,529.03,,
0,bench/30gib-6.bin,23,33554432,2113.61,,
0,bench/30gib-6.bin,24,33554432,640.23,,
0,bench/30gib-6.bin,25,33554432,918.97,,
0,bench/30gib-6.bin,26,33554432,434.75,,
0,bench/30gib-6.bin,27,33554432,544.83,,
0,bench/30gib-6.bin,28,33554432,474.77,,
0,bench/30gib-6.bin,29,33554432,696.89,,
0,bench/30gib-6.bin,30,33554432,503.32,,
0,bench/30gib-6.bin,31,33554432,532.58,,
0,bench/30gib-6.bin,32,33554432,464.27,,
0,bench/30gib-6.bin,33,33554432,506.31,,
0,bench/30gib-6.bin,34,33554432,528.62,,
0,bench/30gib-6.bin,35,33554432,714.82,,
0,bench/30gib-6.bin,36,33554432,560.28,,
0,bench/30gib-6.bin,37,33554432,526.45,,
0,bench/30gib-6.bin,38,33554432,791.44,,
0,bench/30gib-6.bin,39,33554432,956.26,,
0,bench/30gib-6.bin,40,33554432,773.87,,
0,bench/30gib-6.bin,41,33554432,971.93,,
0,bench/30gib-6.bin,42,33554432,589.42,,
0,bench/30gib-6.bin,43,33554432,806.30,,
0,bench/30gib-6.bin,44,33554432,1131.45,,
0,bench/30gib-6.bin,45,33554432,602.02,,
0,bench/30gib-6.bin,46,33554432,911.66,,
0,bench/30gib-6.bin,47,33554432,390.89,,
0,bench/30gib-6.bin,48,33554432,614.36,,
0,bench/30gib-6.bin,49,33554432,487.24,,
0,bench/30gib-6.bin,50,33554432,533.02,,
0,bench/30gib-6.bin,51,33554432,376.52,,
0,bench/30gib-6.bin,52,33554432,416.15,,
0,bench/30gib-6.bin,53,33554432,444.61,,
0,bench/30gib-6.bin,54,33554432,539.54,,
0,bench/30gib-6.bin,55,33554432,724.65,,
0,bench/30gib-6.bin,56,33554432,1312.74,,
0,bench/30gib-6.bin,57,33554432,395.99,,
0,bench/30gib-6.bin,58,33554432,614.10,,
0,bench/30gib-6.bin,59,33554432,654.53,,
0,bench/30gib-6.bin,60,33554432,686.33,,
0,bench/30gib-6.bin,61,33554432,744.64,,
0,bench/30gib-6.bin,62,33554432,628.21,,
0,bench/30gib-6.bin,63,33554432,361.30,,
0,bench/30gib-6.bin,64,33554432,518.60,,
0,bench/30gib-6.bin,65,33554432,404.92,,
0,bench/30gib-6.bin,66,33554432,453.56,,
0,bench/30gib-6.bin,67,33554432,616.30,,
0,bench/30gib-6.bin,68,33554432,407.77,,
0,bench/30gib-6.bin,69,33554432,493.70,,
0,bench/30gib-6.bin,70,33554432,1299.14,,
0,bench/30gib-6.bin,71,33554432,360.16,,
0,bench/30gib-6.bin,72,33554432,534.59,,
0,bench/30gib-6.bin,73,33554432,478.16,,
0,bench/30gib-6.bin,74,33554432,569.49,,
0,bench/30gib-6.bin,75,33554432,348.31,,
0,bench/30gib-6.bin,76,33554432,474.41,,
0,bench/30gib-6.bin,77,33554432,400.22,,
0,bench/30gib-6.bin,78,33554432,401.14,,
0,bench/30gib-6.bin,79,33554432,517.58,,
0,bench/30gib-6.bin,80,33554432,446.49,,
0,bench/30gib-6.bin,81,33554432,421.14,,
0,bench/30gib-6.bin,82,33554432,847.64,,
0,bench/30gib-6.bin,83,33554432,539.69,,
0,bench/30gib-6.bin,84,33554432,356.62,,
0,bench/30gib-6.bin,85,33554432,709.81,,
0,bench/30gib-6.bin,86,33554432,572.05,,
0,bench/30gib-6.bin,87,33554432,519.35,,
0,bench/30gib-6.bin,88,33554432,487.19,,
0,bench/30gib-6.bin,89,33554432,457.21,,
0,bench/30gib-6.bin,90,33554432,406.16,,
0,bench/30gib-6.bin,91,33554432,561.04,,
0,bench/30gib-6.bin,92,33554432,435.40,,
0,bench/30gib-6.bin,93,33554432,548.07,,
0,bench/30gib-6.bin,94,33554432,351.30,,
0,bench/30gib-6.bin,95,33554432,599.12,,
0,bench/30gib-6.bin,96,33554432,576.75,,
0,bench/30gib-6.bin,97,33554432,425.58,,
0,bench/30gib-6.bin,98,33554432,763.85,,
0,bench/30gib-6.bin,99,33554432,400.70,,
0,bench/30gib-6.bin,100,33554432,645.41,,
0,bench/30gib-6.bin,101,33554432,361.76,,
0,bench/30gib-6.bin,102,33554432,342.55,,
0,bench/30gib-6.bin,103,33554432,795.00,,
0,bench/30gib-6.bin,104,33554432,422.27,,
0,bench/30gib-6.bin,105,33554432,1192.57,,
0,bench/30gib-6.bin,106,33554432,1052.36,,
0,bench/30gib-6.bin,107,33554432,477.44,,
0,bench/30gib-6.bin,108,33554432,593.62,,
0,bench/30gib-6.bin,109,33554432,895.75,,
0,bench/30gib-6.bin,110,33554432,368.59,,
0,bench/30gib-6.bin,111,33554432,450.13,,
0,bench/30gib-6.bin,112,33554432,387.54,,
0,bench/30gib-6.bin,113,33554432,744.72,,
0,bench/30gib-6.bin,114,33554432,379.70,,
0,bench/30gib-6.bin,115,33554432,455.67,,
0,bench/30gib-6.bin,116,33554432,1180.76,,
0,bench/30gib-6.bin,117,33554432,346.35,,
0,bench/30gib-6.bin,118,33554432,1150.80,,
0,bench/30gib-6.bin,119,33554432,671.05,,
0,bench/30gib-6.bin,120,33554432,561.34,,
0,bench/30gib-6.bin,121,33554432,379.19,,
0,bench/30gib-6.bin,122,33554432,638.88,,
0,bench/30gib-6.bin,123,33554432,352.63,,
0,bench/30gib-6.bin,124,33554432,482.93,,
0,bench/30gib-6.bin,125,33554432,787.76,,
0,bench/30gib-6.bin,126,33554432,453.53,,
0,bench/30gib-6.bin,127,33554432,390.81,,
0,bench/30gib-6.bin,128,33554432,449.87,,
0,bench/30gib-6.bin,129,33554432,932.28,,
0,bench/30gib-6.bin,130,33554432,634.87,,
0,bench/30gib-6.bin,131,33554432,424.54,,
0,bench/30gib-6.bin,132,33554432,492.82,,
0,bench/30gib-6.bin,133,33554432,636.11,,
0,bench/30gib-6.bin,134,33554432,425.51,,
0,bench/30gib-6.bin,135,33554432,343.50,,
0,bench/30gib-6.bin,136,33554432,480.37,,
0,bench/30gib-6.bin,137,33554432,346.37,,
0,bench/30gib-6.bin,138,33554432,513.85,,
0,bench/30gib-6.bin,139,33554432,416.00,,
0,bench/30gib-6.bin,140,33554432,358.17,,
0,bench/30gib-6.bin,141,33554432,420.70,,
0,bench/30gib-6.bin,142,33554432,565.05,,
0,bench/30gib-6.bin,143,33554432,377.06,,
0,bench/30gib-6.bin,144,33554432,646.82,,
0,bench/30gib-6.bin,145,33554432,428.63,,
0,bench/30gib-6.bin,146,33554432,428.56,,
0,bench/30gib-6.bin,147,33554432,678.81,,
0,bench/30gib-6.bin,148,33554432,597.97,,
0,bench/30gib-6.bin,149,33554432,368.15,,
0,bench/30gib-6.bin,150,33554432,472.27,,
0,bench/30gib-6.bin,151,33554432,534.29,,
0,bench/30gib-6.bin,152,33554432,998.65,,
0,bench/30gib-6.bin,153,33554432,481.44,,
0,bench/30gib-6.bin,154,33554432,418.28,,
0,bench/30gib-6.bin,155,33554432,439.74,,
0,bench/30gib-6.bin,156,33554432,733.22,,
0,bench/30gib-6.bin,157,33554432,533.95,,
0,bench/30gib-6.bin,158,33554432,552.56,,
0,bench/30gib-6.bin,159,33554432,431.46,,
0,bench/30gib-6.bin,160,33554432,428.16,,
0,bench/30gib-6.bin,161,33554432,483.85,,
0,bench/30gib-6.bin,162,33554432,365.12,,
0,bench/30gib-6.bin,163,33554432,679.53,,
0,bench/30gib-6.bin,164,33554432,459.40,,
0,bench/30gib-6.bin,165,33554432,652.62,,
0,bench/30gib-6.bin,166,33554432,438.27,,
0,bench/30gib-6.bin,167,33554432,515.37,,
0,bench/30gib-6.bin,168,33554432,475.03,,
0,bench/30gib-6.bin,169,33554432,352.86,,
0,bench/30gib-6.bin,170,33554432,399.32,,
0,bench/30gib-6.bin,171,33554432,390.71,,
0,bench/30gib-6.bin,172,33554432,452.98,,
0,bench/30gib-6.bin,173,33554432,343.64,,
0,bench/30gib-6.bin,174,33554432,684.95,,
0,bench/30gib-6.bin,175,33554432,422.66,,
0,bench/30gib-6.bin,176,33554432,489.95,,
0,bench/30gib-6.bin,177,33554432,385.87,,
0,bench/30gib-6.bin,178,33554432,354.43,,
0,bench/30gib-6.bin,179,33554432,489.03,,
0,bench/30gib-6.bin,180,33554432,391.59,,
0,bench/30gib-6.bin,181,33554432,866.09,,
0,bench/30gib-6.bin,182,33554432,428.00,,
0,bench/30gib-6.bin,183,33554432,578.01,,
0,bench/30gib-6.bin,184,33554432,388.58,,
0,bench/30gib-6.bin,185,33554432,597.00,,
0,bench/30gib-6.bin,186,33554432,437.32,,
0,bench/30gib-6.bin,187,33554432,461.86,,
0,bench/30gib-6.bin,188,33554432,507.73,,
0,bench/30gib-6.bin,189,33554432,497.60,,
0,bench/30gib-6.bin,190,33554432,520.78,,
0,bench/30gib-6.bin,191,33554432,347.53,,
0,bench/30gib-6.bin,192,33554432,402.88,,
0,bench/30gib-6.bin,193,33554432,402.78,,
0,bench/30gib-6.bin,194,33554432,476.86,,
0,bench/30gib-6.bin,195,33554432,377.87,,
0,bench/30gib-6.bin,196,33554432,474.11,,
0,bench/30gib-6.bin,197,33554432,447.12,,
0,bench/30gib-6.bin,198,33554432,401.26,,
0,bench/30gib-6.bin,199,33554432,463.65,,
0,bench/30gib-6.bin,200,33554432,645.92,,
0,bench/30gib-6.bin,201,33554432,1182.06,,
0,bench/30gib-6.bin,202,33554432,426.17,,
0,bench/30gib-6.bin,203,33554432,381.02,,
0,bench/30gib-6.bin,204,33554432,354.88,,
0,bench/30gib-6.bin,205,33554432,346.43,,
0,bench/30gib-6.bin,206,33554432,683.88,,
0,bench/30gib-6.bin,207,33554432,458.51,,
0,bench/30gib-6.bin,208,33554432,354.99,,
0,bench/30gib-6.bin,209,33554432,366.93,,
0,bench/30gib-6.bin,210,33554432,608.09,,
0,bench/30gib-6.bin,211,33554432,393.06,,
0,bench/30gib-6.bin,212,33554432,502.78,,
0,bench/30gib-6.bin,213,33554432,581.41,,
0,bench/30gib-6.bin,214,33554432,559.18,,
0,bench/30gib-6.bin,215,33554432,398.62,,
0,bench/30gib-6.bin,216,33554432,444.58,,
0,bench/30gib-6.bin,217,33554432,461.48,,
0,bench/30gib-6.bin,218,33554432,456.61,,
0,bench/30gib-6.bin,219,33554432,1055.96,,
0,bench/30gib-6.bin,220,33554432,396.12,,
0,bench/30gib-6.bin,221,33554432,495.99,,
0,bench/30gib-6.bin,222,33554432,460.44,,
0,bench/30gib-6.bin,223,33554432,473.16,,
0,bench/30gib-6.bin,224,33554432,434.43,,
0,bench/30gib-6.bin,225,33554432,537.79,,
0,bench/30gib-6.bin,226,33554432,381.83,,
0,bench/30gib-6.bin,227,33554432,476.20,,
0,bench/30gib-6.bin,228,33554432,407.14,,
0,bench/30gib-6.bin,229,33554432,506.08,,
0,bench/30gib-6.bin,230,33554432,714.20,,
0,bench/30gib-6.bin,231,33554432,527.40,,
0,bench/30gib-6.bin,232,33554432,546.13,,
0,bench/30gib-6.bin,233,33554432,363.68,,
0,bench/30gib-6.bin,234,33554432,491.89,,
0,bench/30gib-6.bin,235,33554432,399.95,,
0,bench/30gib-6.bin,236,33554432,389.96,,
0,bench/30gib-6.bin,237,33554432,622.84,,
0,bench/30gib-6.bin,238,33554432,537.84,,
0,bench/30gib-6.bin,239,33554432,501.66,,
0,bench/30gib-6.bin,240,33554432,346.82,,
0,bench/30gib-6.bin,241,33554432,354.68,,
0,bench/30gib-6.bin,242,33554432,507.54,,
0,bench/30gib-6.bin,243,33554432,523.18,,
0,bench/30gib-6.bin,244,33554432,611.83,,
0,bench/30gib-6.bin,245,33554432,455.52,,
0,bench/30gib-6.bin,246,33554432,345.24,,
0,bench/30gib-6.bin,247,33554432,421.45,,
0,bench/30gib-6.bin,248,33554432,422.42,,
0,bench/30gib-6.bin,249,33554432,395.88,,
0,bench/30gib-6.bin,250,33554432,441.76,,
0,bench/30gib-6.bin,251,33554432,430.37,,
0,bench/30gib-6.bin,252,33554432,651.59,,
0,bench/30gib-6.bin,253,33554432,697.67,,
0,bench/30gib-6.bin,254,33554432,639.17,,
0,bench/30gib-6.bin,255,33554432,429.30,,
0,bench/30gib-6.bin,256,33554432,448.90,,
0,bench/30gib-6.bin,257,33554432,686.43,,
0,bench/30gib-6.bin,258,33554432,410.51,,
0,bench/30gib-6.bin,259,33554432,425.24,,
0,bench/30gib-6.bin,260,33554432,366.98,,
0,bench/30gib-6.bin,261,33554432,435.49,,
0,bench/30gib-6.bin,262,33554432,579.56,,
0,bench/30gib-6.bin,263,33554432,461.05,,
0,bench/30gib-6.bin,264,33554432,624.48,,
0,bench/30gib-6.bin,265,33554432,778.88,,
0,bench/30gib-6.bin,266,33554432,651.88,,
0,bench/30gib-6.bin,267,33554432,397.51,,
0,bench/30gib-6.bin,268,33554432,342.00,,
0,bench/30gib-6.bin,269,33554432,429.90,,
0,bench/30gib-6.bin,270,33554432,348.04,,
0,bench/30gib-6.bin,271,33554432,472.06,,
0,bench/30gib-6.bin,272,33554432,392.42,,
0,bench/30gib-6.bin,273,33554432,414.19,,
0,bench/30gib-6.bin,274,33554432,428.85,,
0,bench/30gib-6.bin,275,33554432,399.26,,
0,bench/30gib-6.bin,276,33554432,442.93,,
0,bench/30gib-6.bin,277,33554432,560.38,,
0,bench/30gib-6.bin,278,33554432,369.04,,
0,bench/30gib-6.bin,279,33554432,452.97,,
0,bench/30gib-6.bin,280,33554432,656.88,,
0,bench/30gib-6.bin,281,33554432,523.92,,
0,bench/30gib-6.bin,282,33554432,460.40,,
0,bench/30gib-6.bin,283,33554432,455.93,,
0,bench/30gib-6.bin,284,33554432,353.44,,
0,bench/30gib-6.bin,285,33554432,475.66,,
0,bench/30gib-6.bin,286,33554432,791.74,,
0,bench/30gib-6.bin,287,33554432,424.49,,
0,bench/30gib-6.bin,288,33554432,424.26,,
0,bench/30gib-6.bin,289,33554432,479.60,,
0,bench/30gib-6.bin,290,33554432,413.59,,
0,bench/30gib-6.bin,291,33554432,450.46,,
0,bench/30gib-6.bin,292,33554432,641.69,,
0,bench/30gib-6.bin,293,33554432,529.84,,
0,bench/30gib-6.bin,294,33554432,630.55,,
0,bench/30gib-6.bin,295,33554432,377.14,,
0,bench/30gib-6.bin,296,33554432,343.05,,
0,bench/30gib-6.bin,297,33554432,542.92,,
0,bench/30gib-6.bin,298,33554432,656.22,,
0,bench/30gib-6.bin,299,33554432,996.92,,
0,bench/30gib-6.bin,300,33554432,912.22,,
0,bench/30gib-6.bin,301,33554432,406.46,,
0,bench/30gib-6.bin,302,33554432,546.73,,
0,bench/30gib-6.bin,303,33554432,431.00,,
0,bench/30gib-6.bin,304,33554432,340.99,,
0,bench/30gib-6.bin,305,33554432,423.86,,
0,bench/30gib-6.bin,306,33554432,536.37,,
0,bench/30gib-6.bin,307,33554432,444.97,,
0,bench/30gib-6.bin,308,33554432,446.59,,
0,bench/30gib-6.bin,309,33554432,373.70,,
0,bench/30gib-6.bin,310,33554432,342.77,,
0,bench/30gib-6.bin,311,33554432,347.55,,
0,bench/30gib-6.bin,312,33554432,445.83,,
0,bench/30gib-6.bin,313,33554432,1122.00,,
0,bench/30gib-6.bin,314,33554432,343.64,,
0,bench/30gib-6.bin,315,33554432,478.19,,
0,bench/30gib-6.bin,316,33554432,437.45,,
0,bench/30gib-6.bin,317,33554432,385.15,,
0,bench/30gib-6.bin,318,33554432,476.54,,
0,bench/30gib-6.bin,319,33554432,499.15,,
0,bench/30gib-6.bin,320,33554432,364.18,,
0,bench/30gib-6.bin,321,33554432,456.36,,
0,bench/30gib-6.bin,322,33554432,594.16,,
0,bench/30gib-6.bin,323,33554432,500.17,,
0,bench/30gib-6.bin,324,33554432,516.41,,
0,bench/30gib-6.bin,325,33554432,909.04,,
0,bench/30gib-6.bin,326,33554432,605.38,,
0,bench/30gib-6.bin,327,33554432,618.91,,
0,bench/30gib-6.bin,328,33554432,562.19,,
0,bench/30gib-6.bin,329,33554432,544.08,,
0,bench/30gib-6.bin,330,33554432,592.54,,
0,bench/30gib-6.bin,331,33554432,516.80,,
0,bench/30gib-6.bin,332,33554432,619.73,,
0,bench/30gib-6.bin,333,33554432,500.14,,
0,bench/30gib-6.bin,334,33554432,369.84,,
0,bench/30gib-6.bin,335,33554432,598.49,,
0,bench/30gib-6.bin,336,33554432,548.39,,
0,bench/30gib-6.bin,337,33554432,435.99,,
0,bench/30gib-6.bin,338,33554432,378.99,,
0,bench/30gib-6.bin,339,33554432,542.79,,
0,bench/30gib-6.bin,340,33554432,512.08,,
0,bench/30gib-6.bin,341,33554432,344.91,,
0,bench/30gib-6.bin,342,33554432,351.03,,
0,bench/30gib-6.bin,343,33554432,596.08,,
0,bench/30gib-6.bin,344,33554432,386.73,,
0,bench/30gib-6.bin,345,33554432,466.41,,
0,bench/30gib-6.bin,346,33554432,629.59,,
0,bench/30gib-6.bin,347,33554432,381.98,,
0,bench/30gib-6.bin,348,33554432,445.01,,
0,bench/30gib-6.bin,349,33554432,410.23,,
0,bench/30gib-6.bin,350,33554432,374.55,,
0,bench/30gib-6.bin,351,33554432,387.21,,
0,bench/30gib-6.bin,352,33554432,559.32,,
0,bench/30gib-6.bin,353,33554432,377.68,,
0,bench/30gib-6.bin,354,33554432,594.99,,
0,bench/30gib-6.bin,355,33554432,504.99,,
0,bench/30gib-6.bin,356,33554432,877.09,,
0,bench/30gib-6.bin,357,33554432,410.30,,
0,bench/30gib-6.bin,358,33554432,438.07,,
0,bench/30gib-6.bin,359,33554432,457.63,,
0,bench/30gib-6.bin,360,33554432,349.04,,
0,bench/30gib-6.bin,361,33554432,356.70,,
0,bench/30gib-6.bin,362,33554432,403.08,,
0,bench/30gib-6.bin,363,33554432,650.38,,
0,bench/30gib-6.bin,364,33554432,584.31,,
0,bench/30gib-6.bin,365,33554432,619.46,,
0,bench/30gib-6.bin,366,33554432,399.97,,
0,bench/30gib-6.bin,367,33554432,398.73,,
0,bench/30gib-6.bin,368,33554432,349.89,,
0,bench/30gib-6.bin,369,33554432,455.68,,
0,bench/30gib-6.bin,370,33554432,496.39,,
0,bench/30gib-6.bin,371,33554432,375.70,,
0,bench/30gib-6.bin,372,33554432,659.29,,
0,bench/30gib-6.bin,373,33554432,355.90,,
0,bench/30gib-6.bin,374,33554432,480.80,,
0,bench/30gib-6.bin,375,33554432,556.11,,
0,bench/30gib-6.bin,376,33554432,347.74,,
0,bench/30gib-6.bin,377,33554432,731.42,,
0,bench/30gib-6.bin,378,33554432,723.03,,
0,bench/30gib-6.bin,379,33554432,385.12,,
0,bench/30gib-6.bin,380,33554432,411.95,,
0,bench/30gib-6.bin,381,33554432,463.67,,
0,bench/30gib-6.bin,382,33554432,608.01,,
0,bench/30gib-6.bin,383,33554432,391.71,,
0,bench/30gib-6.bin,384,33554432,541.71,,
0,bench/30gib-6.bin,385,33554432,623.74,,
0,bench/30gib-6.bin,386,33554432,484.11,,
0,bench/30gib-6.bin,387,33554432,373.77,,
0,bench/30gib-6.bin,388,33554432,347.75,,
0,bench/30gib-6.bin,389,33554432,357.03,,
0,bench/30gib-6.bin,390,33554432,684.94,,
0,bench/30gib-6.bin,391,33554432,451.48,,
0,bench/30gib-6.bin,392,33554432,424.66,,
0,bench/30gib-6.bin,393,33554432,352.63,,
0,bench/30gib-6.bin,394,33554432,464.61,,
0,bench/30gib-6.bin,395,33554432,521.12,,
0,bench/30gib-6.bin,396,33554432,393.81,,
0,bench/30gib-6.bin,397,33554432,581.48,,
0,bench/30gib-6.bin,398,33554432,665.66,,
0,bench/30gib-6.bin,399,33554432,813.61,,
0,bench/30gib-6.bin,400,33554432,353.01,,
0,bench/30gib-6.bin,401,33554432,341.24,,
0,bench/30gib-6.bin,402,33554432,462.87,,
0,bench/30gib-6.bin,403,33554432,368.34,,
0,bench/30gib-6.bin,404,33554432,474.53,,
0,bench/30gib-6.bin,405,33554432,355.07,,
0,bench/30gib-6.bin,406,33554432,370.30,,
0,bench/30gib-6.bin,407,33554432,453.03,,
0,bench/30gib-6.bin,408,33554432,435.96,,
0,bench/30gib-6.bin,409,33554432,391.41,,
0,bench/30gib-6.bin,410,33554432,1093.67,,
0,bench/30gib-6.bin,411,33554432,770.68,,
0,bench/30gib-6.bin,412,33554432,500.62,,
0,bench/30gib-6.bin,413,33554432,858.26,,
0,bench/30gib-6.bin,414,33554432,494.15,,
0,bench/30gib-6.bin,415,33554432,831.29,,
0,bench/30gib-6.bin,416,33554432,439.66,,
0,bench/30gib-6.bin,417,33554432,516.34,,
0,bench/30gib-6.bin,418,33554432,742.61,,
0,bench/30gib-6.bin,419,33554432,567.48,,
0,bench/30gib-6.bin,420,33554432,766.52,,
0,bench/30gib-6.bin,421,33554432,379.89,,
0,bench/30gib-6.bin,422,33554432,531.37,,
0,bench/30gib-6.bin,423,33554432,428.45,,
0,bench/30gib-6.bin,424,33554432,511.66,,
0,bench/30gib-6.bin,425,33554432,567.18,,
0,bench/30gib-6.bin,426,33554432,498.63,,
0,bench/30gib-6.bin,427,33554432,453.70,,
0,bench/30gib-6.bin,428,33554432,420.46,,
0,bench/30gib-6.bin,429,33554432,406.01,,
0,bench/30gib-6.bin,430,33554432,501.43,,
0,bench/30gib-6.bin,431,33554432,390.32,,
0,bench/30gib-6.bin,432,33554432,351.26,,
0,bench/30gib-6.bin,433,33554432,346.88,,
0,bench/30gib-6.bin,434,33554432,581.28,,
0,bench/30gib-6.bin,435,33554432,597.69,,
0,bench/30gib-6.bin,436,33554432,525.93,,
0,bench/30gib-6.bin,437,33554432,437.72,,
0,bench/30gib-6.bin,438,33554432,398.20,,
0,bench/30gib-6.bin,439,33554432,508.82,,
0,bench/30gib-6.bin,440,33554432,357.60,,
0,bench/30gib-6.bin,441,33554432,347.58,,
0,bench/30gib-6.bin,442,33554432,454.77,,
0,bench/30gib-6.bin,443,33554432,438.66,,
0,bench/30gib-6.bin,444,33554432,450.52,,
0,bench/30gib-6.bin,445,33554432,488.22,,
0,bench/30gib-6.bin,446,33554432,457.56,,
0,bench/30gib-6.bin,447,33554432,486.60,,
0,bench/30gib-6.bin,448,33554432,680.00,,
0,bench/30gib-6.bin,449,33554432,355.20,,
0,bench/30gib-6.bin,450,33554432,443.84,,
0,bench/30gib-6.bin,451,33554432,359.86,,
0,bench/30gib-6.bin,452,33554432,461.14,,
0,bench/30gib-6.bin,453,33554432,913.79,,
0,bench/30gib-6.bin,454,33554432,491.78,,
0,bench/30gib-6.bin,455,33554432,1050.20,,
0,bench/30gib-6.bin,456,33554432,348.78,,
0,bench/30gib-6.bin,457,33554432,500.67,,
0,bench/30gib-6.bin,458,33554432,763.76,,
0,bench/30gib-6.bin,459,33554432,365.31,,
0,bench/30gib-6.bin,460,33554432,547.92,,
0,bench/30gib-6.bin,461,33554432,343.43,,
0,bench/30gib-6.bin,462,33554432,610.78,,
0,bench/30gib-6.bin,463,33554432,572.84,,
0,bench/30gib-6.bin,464,33554432,510.00,,
0,bench/30gib-6.bin,465,33554432,920.66,,
0,bench/30gib-6.bin,466,33554432,617.86,,
0,bench/30gib-6.bin,467,33554432,661.70,,
0,bench/30gib-6.bin,468,33554432,402.29,,
0,bench/30gib-6.bin,469,33554432,657.69,,
0,bench/30gib-6.bin,470,33554432,341.58,,
0,bench/30gib-6.bin,471,33554432,400.44,,
0,bench/30gib-6.bin,472,33554432,583.85,,
0,bench/30gib-6.bin,473,33554432,493.54,,
0,bench/30gib-6.bin,474,33554432,366.43,,
0,bench/30gib-6.bin,475,33554432,346.20,,
0,bench/30gib-6.bin,476,33554432,353.73,,
0,bench/30gib-6.bin,477,33554432,559.81,,
0,bench/30gib-6.bin,478,33554432,366.55,,
0,bench/30gib-6.bin,479,33554432,494.20,,
0,bench/30gib-6.bin,480,33554432,357.21,,
0,bench/30gib-6.bin,481,33554432,464.05,,
0,bench/30gib-6.bin,482,33554432,560.83,,
0,bench/30gib-6.bin,483,33554432,452.96,,
0,bench/30gib-6.bin,484,33554432,393.07,,
0,bench/30gib-6.bin,485,33554432,440.27,,
0,bench/30gib-6.bin,486,33554432,382.74,,
0,bench/30gib-6.bin,487,33554432,403.38,,
0,bench/30gib-6.bin,488,33554432,396.76,,
0,bench/30gib-6.bin,489,33554432,478.12,,
0,bench/30gib-6.bin,490,33554432,456.67,,
0,bench/30gib-6.bin,491,33554432,525.77,,
0,bench/30gib-6.bin,492,33554432,391.05,,
0,bench/30gib-6.bin,493,33554432,455.51,,
0,bench/30gib-6.bin,494,33554432,694.32,,
0,bench/30gib-6.bin,495,33554432,350.59,,
0,bench/30gib-6.bin,496,33554432,474.86,,
0,bench/30gib-6.bin,497,33554432,352.58,,
0,bench/30gib-6.bin,498,33554432,533.42,,
0,bench/30gib-6.bin,499,33554432,514.73,,
0,bench/30gib-6.bin,500,33554432,1285.65,,
0,bench/30gib-6.bin,501,33554432,375.07,,
0,bench/30gib-6.bin,502,33554432,410.35,,
0,bench/30gib-6.bin,503,33554432,346.20,,
0,bench/30gib-6.bin,504,33554432,723.62,,
0,bench/30gib-6.bin,505,33554432,581.65,,
0,bench/30gib-6.bin,506,33554432,421.21,,
0,bench/30gib-6.bin,507,33554432,602.27,,
0,bench/30gib-6.bin,508,33554432,522.52,,
0,bench/30gib-6.bin,509,33554432,402.15,,
0,bench/30gib-6.bin,510,33554432,369.80,,
0,bench/30gib-6.bin,511,33554432,596.33,,
0,bench/30gib-6.bin,512,33554432,657.56,,
0,bench/30gib-6.bin,513,33554432,770.25,,
0,bench/30gib-6.bin,514,33554432,578.44,,
0,bench/30gib-6.bin,515,33554432,501.66,,
0,bench/30gib-6.bin,516,33554432,664.60,,
0,bench/30gib-6.bin,517,33554432,421.63,,
0,bench/30gib-6.bin,518,33554432,473.63,,
0,bench/30gib-6.bin,519,33554432,429.95,,
0,bench/30gib-6.bin,520,33554432,390.67,,
0,bench/30gib-6.bin,521,33554432,345.63,,
0,bench/30gib-6.bin,522,33554432,567.66,,
0,bench/30gib-6.bin,523,33554432,374.80,,
0,bench/30gib-6.bin,524,33554432,342.85,,
0,bench/30gib-6.bin,525,33554432,430.32,,
0,bench/30gib-6.bin,526,33554432,767.48,,
0,bench/30gib-6.bin,527,33554432,504.28,,
0,bench/30gib-6.bin,528,33554432,451.45,,
0,bench/30gib-6.bin,529,33554432,490.87,,
0,bench/30gib-6.bin,530,33554432,455.69,,
0,bench/30gib-6.bin,531,33554432,372.43,,
0,bench/30gib-6.bin,532,33554432,637.05,,
0,bench/30gib-6.bin,533,33554432,460.77,,
0,bench/30gib-6.bin,534,33554432,503.39,,
0,bench/30gib-6.bin,535,33554432,382.43,,
0,bench/30gib-6.bin,536,33554432,388.64,,
0,bench/30gib-6.bin,537,33554432,437.10,,
0,bench/30gib-6.bin,538,33554432,529.97,,
0,bench/30gib-6.bin,539,33554432,710.19,,
0,bench/30gib-6.bin,540,33554432,354.00,,
0,bench/30gib-6.bin,541,33554432,588.07,,
0,bench/30gib-6.bin,542,33554432,425.93,,
0,bench/30gib-6.bin,543,33554432,352.70,,
0,bench/30gib-6.bin,544,33554432,390.37,,
0,bench/30gib-6.bin,545,33554432,549.87,,
0,bench/30gib-6.bin,546,33554432,466.16,,
0,bench/30gib-6.bin,547,33554432,639.83,,
0,bench/30gib-6.bin,548,33554432,559.59,,
0,bench/30gib-6.bin,549,33554432,618.90,,
0,bench/30gib-6.bin,550,33554432,476.94,,
0,bench/30gib-6.bin,551,33554432,459.08,,
0,bench/30gib-6.bin,552,33554432,353.61,,
0,bench/30gib-6.bin,553,33554432,361.55,,
0,bench/30gib-6.bin,554,33554432,601.25,,
0,bench/30gib-6.bin,555,33554432,511.23,,
0,bench/30gib-6.bin,556,33554432,602.23,,
0,bench/30gib-6.bin,557,33554432,583.04,,
0,bench/30gib-6.bin,558,33554432,536.91,,
0,bench/30gib-6.bin,559,33554432,581.17,,
0,bench/30gib-6.bin,560,33554432,349.47,,
0,bench/30gib-6.bin,561,33554432,564.00,,
0,bench/30gib-6.bin,562,33554432,355.54,,
0,bench/30gib-6.bin,563,33554432,517.01,,
0,bench/30gib-6.bin,564,33554432,669.42,,
0,bench/30gib-6.bin,565,33554432,895.94,,
0,bench/30gib-6.bin,566,33554432,460.56,,
0,bench/30gib-6.bin,567,33554432,557.79,,
0,bench/30gib-6.bin,568,33554432,490.05,,
0,bench/30gib-6.bin,569,33554432,388.02,,
0,bench/30gib-6.bin,570,33554432,419.22,,
0,bench/30gib-6.bin,571,33554432,409.37,,
0,bench/30gib-6.bin,572,33554432,463.95,,
0,bench/30gib-6.bin,573,33554432,920.68,,
0,bench/30gib-6.bin,574,33554432,461.37,,
0,bench/30gib-6.bin,575,33554432,760.19,,
0,bench/30gib-6.bin,576,33554432,446.49,,
0,bench/30gib-6.bin,577,33554432,437.38,,
0,bench/30gib-6.bin,578,33554432,345.08,,
0,bench/30gib-6.bin,579,33554432,759.94,,
0,bench/30gib-6.bin,580,33554432,665.19,,
0,bench/30gib-6.bin,581,33554432,727.95,,
0,bench/30gib-6.bin,582,33554432,433.57,,
0,bench/30gib-6.bin,583,33554432,380.14,,
0,bench/30gib-6.bin,584,33554432,627.26,,
0,bench/30gib-6.bin,585,33554432,459.20,,
0,bench/30gib-6.bin,586,33554432,508.95,,
0,bench/30gib-6.bin,587,33554432,749.06,,
0,bench/30gib-6.bin,588,33554432,340.58,,
0,bench/30gib-6.bin,589,33554432,510.24,,
0,bench/30gib-6.bin,590,33554432,364.72,,
0,bench/30gib-6.bin,591,33554432,411.43,,
0,bench/30gib-6.bin,592,33554432,547.79,,
0,bench/30gib-6.bin,593,33554432,340.44,,
0,bench/30gib-6.bin,594,33554432,512.64,,
0,bench/30gib-6.bin,595,33554432,652.10,,
0,bench/30gib-6.bin,596,33554432,463.73,,
0,bench/30gib-6.bin,597,33554432,664.13,,
0,bench/30gib-6.bin,598,33554432,436.72,,
0,bench/30gib-6.bin,599,33554432,450.10,,
0,bench/30gib-6.bin,600,33554432,552.74,,
0,bench/30gib-6.bin,601,33554432,833.50,,
0,bench/30gib-6.bin,602,33554432,433.37,,
0,bench/30gib-6.bin,603,33554432,523.58,,
0,bench/30gib-6.bin,604,33554432,464.41,,
0,bench/30gib-6.bin,605,33554432,448.40,,
0,bench/30gib-6.bin,606,33554432,751.84,,
0,bench/30gib-6.bin,607,33554432,620.77,,
0,bench/30gib-6.bin,608,33554432,587.56,,
0,bench/30gib-6.bin,609,33554432,609.76,,
0,bench/30gib-6.bin,610,33554432,389.97,,
0,bench/30gib-6.bin,611,33554432,537.59,,
0,bench/30gib-6.bin,612,33554432,457.45,,
0,bench/30gib-6.bin,613,33554432,412.09,,
0,bench/30gib-6.bin,614,33554432,491.57,,
0,bench/30gib-6.bin,615,33554432,1084.71,,
0,bench/30gib-6.bin,616,33554432,349.99,,
0,bench/30gib-6.bin,617,33554432,464.16,,
0,bench/30gib-6.bin,618,33554432,693.11,,
0,bench/30gib-6.bin,619,33554432,501.55,,
0,bench/30gib-6.bin,620,33554432,535.21,,
0,bench/30gib-6.bin,621,33554432,372.12,,
0,bench/30gib-6.bin,622,33554432,733.87,,
0,bench/30gib-6.bin,623,33554432,445.65,,
0,bench/30gib-6.bin,624,33554432,702.25,,
0,bench/30gib-6.bin,625,33554432,747.84,,
0,bench/30gib-6.bin,626,33554432,714.81,,
0,bench/30gib-6.bin,627,33554432,684.11,,
0,bench/30gib-6.bin,628,33554432,479.94,,
0,bench/30gib-6.bin,629,33554432,603.27,,
0,bench/30gib-6.bin,630,33554432,959.30,,
0,bench/30gib-6.bin,631,33554432,429.96,,
0,bench/30gib-6.bin,632,33554432,412.96,,
0,bench/30gib-6.bin,633,33554432,469.36,,
0,bench/30gib-6.bin,634,33554432,380.16,,
0,bench/30gib-6.bin,635,33554432,410.10,,
0,bench/30gib-6.bin,636,33554432,494.34,,
0,bench/30gib-6.bin,637,33554432,726.52,,
0,bench/30gib-6.bin,638,33554432,670.50,,
0,bench/30gib-6.bin,639,33554432,661.23,,
0,bench/30gib-6.bin,640,33554432,389.28,,
0,bench/30gib-6.bin,641,33554432,531.99,,
0,bench/30gib-6.bin,642,33554432,750.95,,
0,bench/30gib-6.bin,643,33554432,576.41,,
0,bench/30gib-6.bin,644,33554432,486.27,,
0,bench/30gib-6.bin,645,33554432,429.77,,
0,bench/30gib-6.bin,646,33554432,588.88,,
0,bench/30gib-6.bin,647,33554432,349.37,,
0,bench/30gib-6.bin,648,33554432,585.31,,
0,bench/30gib-6.bin,649,33554432,573.13,,
0,bench/30gib-6.bin,650,33554432,355.44,,
0,bench/30gib-6.bin,651,33554432,420.81,,
0,bench/30gib-6.bin,652,33554432,660.80,,
0,bench/30gib-6.bin,653,33554432,528.20,,
0,bench/30gib-6.bin,654,33554432,454.57,,
0,bench/30gib-6.bin,655,33554432,442.36,,
0,bench/30gib-6.bin,656,33554432,527.95,,
0,bench/30gib-6.bin,657,33554432,381.82,,
0,bench/30gib-6.bin,658,33554432,494.33,,
0,bench/30gib-6.bin,659,33554432,544.22,,
0,bench/30gib-6.bin,660,33554432,692.01,,
0,bench/30gib-6.bin,661,33554432,596.26,,
0,bench/30gib-6.bin,662,33554432,389.97,,
0,bench/30gib-6.bin,663,33554432,357.63,,
0,bench/30gib-6.bin,664,33554432,527.90,,
0,bench/30gib-6.bin,665,33554432,557.21,,
0,bench/30gib-6.bin,666,33554432,430.42,,
0,bench/30gib-6.bin,667,33554432,679.37,,
0,bench/30gib-6.bin,668,33554432,691.54,,
0,bench/30gib-6.bin,669,33554432,439.39,,
0,bench/30gib-6.bin,670,33554432,426.51,,
0,bench/30gib-6.bin,671,33554432,449.10,,
0,bench/30gib-6.bin,672,33554432,454.21,,
0,bench/30gib-6.bin,673,33554432,352.97,,
0,bench/30gib-6.bin,674,33554432,520.09,,
0,bench/30gib-6.bin,675,33554432,404.06,,
0,bench/30gib-6.bin,676,33554432,447.31,,
0,bench/30gib-6.bin,677,33554432,388.28,,
0,bench/30gib-6.bin,678,33554432,536.82,,
0,bench/30gib-6.bin,679,33554432,1144.03,,
0,bench/30gib-6.bin,680,33554432,394.11,,
0,bench/30gib-6.bin,681,33554432,480.28,,
0,bench/30gib-6.bin,682,33554432,511.27,,
0,bench/30gib-6.bin,683,33554432,509.10,,
0,bench/30gib-6.bin,684,33554432,594.97,,
0,bench/30gib-6.bin,685,33554432,454.16,,
0,bench/30gib-6.bin,686,33554432,672.43,,
0,bench/30gib-6.bin,687,33554432,596.73,,
0,bench/30gib-6.bin,688,33554432,716.34,,
0,bench/30gib-6.bin,689,33554432,415.36,,
0,bench/30gib-6.bin,690,33554432,536.67,,
0,bench/30gib-6.bin,691,33554432,513.44,,
0,bench/30gib-6.bin,692,33554432,446.25,,
0,bench/30gib-6.bin,693,33554432,1051.14,,
0,bench/30gib-6.bin,694,33554432,685.04,,
0,bench/30gib-6.bin,695,33554432,463.66,,
0,bench/30gib-6.bin,696,33554432,381.63,,
0,bench/30gib-6.bin,697,33554432,407.43,,
0,bench/30gib-6.bin,698,33554432,534.31,,
0,bench/30gib-6.bin,699,33554432,517.05,,
0,bench/30gib-6.bin,700,33554432,418.13,,
0,bench/30gib-6.bin,701,33554432,688.44,,
0,bench/30gib-6.bin,702,33554432,583.64,,
0,bench/30gib-6.bin,703,33554432,421.05,,
0,bench/30gib-6.bin,704,33554432,425.07,,
0,bench/30gib-6.bin,705,33554432,392.87,,
0,bench/30gib-6.bin,706,33554432,525.18,,
0,bench/30gib-6.bin,707,33554432,373.55,,
0,bench/30gib-6.bin,708,33554432,623.16,,
0,bench/30gib-6.bin,709,33554432,366.97,,
0,bench/30gib-6.bin,710,33554432,428.03,,
0,bench/30gib-6.bin,711,33554432,469.19,,
0,bench/30gib-6.bin,712,33554432,433.00,,
0,bench/30gib-6.bin,713,33554432,439.68,,
0,bench/30gib-6.bin,714,33554432,483.89,,
0,bench/30gib-6.bin,715,33554432,1118.87,,
0,bench/30gib-6.bin,716,33554432,489.38,,
0,bench/30gib-6.bin,717,33554432,396.70,,
0,bench/30gib-6.bin,718,33554432,1074.50,,
0,bench/30gib-6.bin,719,33554432,393.41,,
0,bench/30gib-6.bin,720,33554432,456.07,,
0,bench/30gib-6.bin,721,33554432,635.89,,
0,bench/30gib-6.bin,722,33554432,545.47,,
0,bench/30gib-6.bin,723,33554432,446.75,,
0,bench/30gib-6.bin,724,33554432,821.64,,
0,bench/30gib-6.bin,725,33554432,343.12,,
0,bench/30gib-6.bin,726,33554432,1159.10,,
0,bench/30gib-6.bin,727,33554432,424.21,,
0,bench/30gib-6.bin,728,33554432,441.76,,
0,bench/30gib-6.bin,729,33554432,387.81,,
0,bench/30gib-6.bin,730,33554432,765.16,,
0,bench/30gib-6.bin,731,33554432,340.37,,
0,bench/30gib-6.bin,732,33554432,389.05,,
0,bench/30gib-6.bin,733,33554432,604.96,,
0,bench/30gib-6.bin,734,33554432,604.32,,
0,bench/30gib-6.bin,735,33554432,355.61,,
0,bench/30gib-6.bin,736,33554432,892.61,,
0,bench/30gib-6.bin,737,33554432,348.84,,
0,bench/30gib-6.bin,738,33554432,532.60,,
0,bench/30gib-6.bin,739,33554432,663.11,,
0,bench/30gib-6.bin,740,33554432,459.74,,
0,bench/30gib-6.bin,741,33554432,409.86,,
0,bench/30gib-6.bin,742,33554432,477.54,,
0,bench/30gib-6.bin,743,33554432,380.20,,
0,bench/30gib-6.bin,744,33554432,456.85,,
0,bench/30gib-6.bin,745,33554432,366.59,,
0,bench/30gib-6.bin,746,33554432,565.47,,
0,bench/30gib-6.bin,747,33554432,888.84,,
0,bench/30gib-6.bin,748,33554432,753.85,,
0,bench/30gib-6.bin,749,33554432,465.00,,
0,bench/30gib-6.bin,750,33554432,653.97,,
0,bench/30gib-6.bin,751,33554432,408.87,,
0,bench/30gib-6.bin,752,33554432,578.24,,
0,bench/30gib-6.bin,753,33554432,342.48,,
0,bench/30gib-6.bin,754,33554432,624.21,,
0,bench/30gib-6.bin,755,33554432,575.58,,
0,bench/30gib-6.bin,756,33554432,496.84,,
0,bench/30gib-6.bin,757,33554432,410.61,,
0,bench/30gib-6.bin,758,33554432,428.78,,
0,bench/30gib-6.bin,759,33554432,382.15,,
0,bench/30gib-6.bin,760,33554432,415.05,,
0,bench/30gib-6.bin,761,33554432,344.01,,
0,bench/30gib-6.bin,762,33554432,376.66,,
0,bench/30gib-6.bin,763,33554432,444.85,,
0,bench/30gib-6.bin,764,33554432,404.15,,
0,bench/30gib-6.bin,765,33554432,388.82,,
0,bench/30gib-6.bin,766,33554432,675.05,,
0,bench/30gib-6.bin,767,33554432,367.79,,
0,bench/30gib-6.bin,768,33554432,398.07,,
0,bench/30gib-6.bin,769,33554432,346.43,,
0,bench/30gib-6.bin,770,33554432,674.93,,
0,bench/30gib-6.bin,771,33554432,348.64,,
0,bench/30gib-6.bin,772,33554432,389.08,,
0,bench/30gib-6.bin,773,33554432,674.36,,
0,bench/30gib-6.bin,774,33554432,544.66,,
0,bench/30gib-6.bin,775,33554432,503.62,,
0,bench/30gib-6.bin,776,33554432,436.05,,
0,bench/30gib-6.bin,777,33554432,663.21,,
0,bench/30gib-6.bin,778,33554432,517.26,,
0,bench/30gib-6.bin,779,33554432,380.46,,
0,bench/30gib-6.bin,780,33554432,766.97,,
0,bench/30gib-6.bin,781,33554432,632.91,,
0,bench/30gib-6.bin,782,33554432,448.86,,
0,bench/30gib-6.bin,783,33554432,459.93,,
0,bench/30gib-6.bin,784,33554432,481.54,,
0,bench/30gib-6.bin,785,33554432,808.30,,
0,bench/30gib-6.bin,786,33554432,542.63,,
0,bench/30gib-6.bin,787,33554432,392.60,,
0,bench/30gib-6.bin,788,33554432,342.29,,
0,bench/30gib-6.bin,789,33554432,556.49,,
0,bench/30gib-6.bin,790,33554432,513.16,,
0,bench/30gib-6.bin,791,33554432,749.34,,
0,bench/30gib-6.bin,792,33554432,629.42,,
0,bench/30gib-6.bin,793,33554432,448.59,,
0,bench/30gib-6.bin,794,33554432,538.56,,
0,bench/30gib-6.bin,795,33554432,507.87,,
0,bench/30gib-6.bin,796,33554432,642.65,,
0,bench/30gib-6.bin,797,33554432,473.83,,
0,bench/30gib-6.bin,798,33554432,418.73,,
0,bench/30gib-6.bin,799,33554432,443.75,,
0,bench/30gib-6.bin,800,33554432,697.10,,
0,bench/30gib-6.bin,801,33554432,389.39,,
0,bench/30gib-6.bin,802,33554432,487.22,,
0,bench/30gib-6.bin,803,33554432,786.81,,
0,bench/30gib-6.bin,804,33554432,610.31,,
0,bench/30gib-6.bin,805,33554432,343.84,,
0,bench/30gib-6.bin,806,33554432,670.44,,
0,bench/30gib-6.bin,807,33554432,410.23,,
0,bench/30gib-6.bin,808,33554432,637.31,,
0,bench/30gib-6.bin,809,33554432,842.31,,
0,bench/30gib-6.bin,810,33554432,522.79,,
0,bench/30gib-6.bin,811,33554432,578.84,,
0,bench/30gib-6.bin,812,33554432,477.37,,
0,bench/30gib-6.bin,813,33554432,493.03,,
0,bench/30gib-6.bin,814,33554432,647.51,,
0,bench/30gib-6.bin,815,33554432,601.72,,
0,bench/30gib-6.bin,816,33554432,526.81,,
0,bench/30gib-6.bin,817,33554432,422.14,,
0,bench/30gib-6.bin,818,33554432,428.19,,
0,bench/30gib-6.bin,819,33554432,506.29,,
0,bench/30gib-6.bin,820,33554432,700.38,,
0,bench/30gib-6.bin,821,33554432,350.81,,
0,bench/30gib-6.bin,822,33554432,360.81,,
0,bench/30gib-6.bin,823,33554432,492.90,,
0,bench/30gib-6.bin,824,33554432,950.48,,
0,bench/30gib-6.bin,825,33554432,962.78,,
0,bench/30gib-6.bin,826,33554432,670.87,,
0,bench/30gib-6.bin,827,33554432,632.27,,
0,bench/30gib-6.bin,828,33554432,605.20,,
0,bench/30gib-6.bin,829,33554432,472.57,,
0,bench/30gib-6.bin,830,33554432,400.12,,
0,bench/30gib-6.bin,831,33554432,493.36,,
0,bench/30gib-6.bin,832,33554432,432.80,,
0,bench/30gib-6.bin,833,33554432,851.58,,
0,bench/30gib-6.bin,834,33554432,457.39,,
0,bench/30gib-6.bin,835,33554432,636.84,,
0,bench/30gib-6.bin,836,33554432,364.24,,
0,bench/30gib-6.bin,837,33554432,461.22,,
0,bench/30gib-6.bin,838,33554432,392.23,,
0,bench/30gib-6.bin,839,33554432,566.41,,
0,bench/30gib-6.bin,840,33554432,390.67,,
0,bench/30gib-6.bin,841,33554432,461.96,,
0,bench/30gib-6.bin,842,33554432,357.72,,
0,bench/30gib-6.bin,843,33554432,368.75,,
0,bench/30gib-6.bin,844,33554432,357.46,,
0,bench/30gib-6.bin,845,33554432,390.13,,
0,bench/30gib-6.bin,846,33554432,687.05,,
0,bench/30gib-6.bin,847,33554432,434.28,,
0,bench/30gib-6.bin,848,33554432,464.38,,
0,bench/30gib-6.bin,849,33554432,466.61,,
0,bench/30gib-6.bin,850,33554432,402.24,,
0,bench/30gib-6.bin,851,33554432,392.72,,
0,bench/30gib-6.bin,852,33554432,371.64,,
0,bench/30gib-6.bin,853,33554432,373.32,,
0,bench/30gib-6.bin,854,33554432,925.02,,
0,bench/30gib-6.bin,855,33554432,570.15,,
0,bench/30gib-6.bin,856,33554432,349.70,,
0,bench/30gib-6.bin,857,33554432,490.37,,
0,bench/30gib-6.bin,858,33554432,642.77,,
0,bench/30gib-6.bin,859,33554432,598.23,,
0,bench/30gib-6.bin,860,33554432,581.44,,
0,bench/30gib-6.bin,861,33554432,539.36,,
0,bench/30gib-6.bin,862,33554432,365.92,,
0,bench/30gib-6.bin,863,33554432,675.60,,
0,bench/30gib-6.bin,864,33554432,407.89,,
0,bench/30gib-6.bin,865,33554432,854.36,,
0,bench/30gib-6.bin,866,33554432,380.06,,
0,bench/30gib-6.bin,867,33554432,694.26,,
0,bench/30gib-6.bin,868,33554432,505.34,,
0,bench/30gib-6.bin,869,33554432,471.25,,
0,bench/30gib-6.bin,870,33554432,1050.28,,
0,bench/30gib-6.bin,871,33554432,448.30,,
0,bench/30gib-6.bin,872,33554432,553.97,,
0,bench/30gib-6.bin,873,33554432,621.66,,
0,bench/30gib-6.bin,874,33554432,737.98,,
0,bench/30gib-6.bin,875,33554432,471.84,,
0,bench/30gib-6.bin,876,33554432,416.89,,
0,bench/30gib-6.bin,877,33554432,452.95,,
0,bench/30gib-6.bin,878,33554432,483.35,,
0,bench/30gib-6.bin,879,33554432,650.48,,
0,bench/30gib-6.bin,880,33554432,696.80,,
0,bench/30gib-6.bin,881,33554432,352.71,,
0,bench/30gib-6.bin,882,33554432,402.39,,
0,bench/30gib-6.bin,883,33554432,415.34,,
0,bench/30gib-6.bin,884,33554432,377.54,,
0,bench/30gib-6.bin,885,33554432,485.76,,
0,bench/30gib-6.bin,886,33554432,474.88,,
0,bench/30gib-6.bin,887,33554432,347.01,,
0,bench/30gib-6.bin,888,33554432,547.92,,
0,bench/30gib-6.bin,889,33554432,344.51,,
0,bench/30gib-6.bin,890,33554432,499.96,,
0,bench/30gib-6.bin,891,33554432,455.19,,
0,bench/30gib-6.bin,892,33554432,476.27,,
0,bench/30gib-6.bin,893,33554432,500.25,,
0,bench/30gib-6.bin,894,33554432,367.07,,
0,bench/30gib-6.bin,895,33554432,720.76,,
0,bench/30gib-6.bin,896,33554432,467.67,,
0,bench/30gib-6.bin,897,33554432,589.61,,
0,bench/30gib-6.bin,898,33554432,765.26,,
0,bench/30gib-6.bin,899,33554432,718.36,,
0,bench/30gib-6.bin,900,33554432,449.47,,
0,bench/30gib-6.bin,901,33554432,669.07,,
0,bench/30gib-6.bin,902,33554432,831.11,,
0,bench/30gib-6.bin,903,33554432,664.17,,
0,bench/30gib-6.bin,904,33554432,478.29,,
0,bench/30gib-6.bin,905,33554432,593.95,,
0,bench/30gib-6.bin,906,33554432,441.17,,
0,bench/30gib-6.bin,907,33554432,488.69,,
0,bench/30gib-6.bin,908,33554432,578.74,,
0,bench/30gib-6.bin,909,33554432,490.89,,
0,bench/30gib-6.bin,910,33554432,438.69,,
0,bench/30gib-6.bin,911,33554432,721.80,,
0,bench/30gib-6.bin,912,33554432,478.44,,
0,bench/30gib-6.bin,913,33554432,448.73,,
0,bench/30gib-6.bin,914,33554432,529.09,,
0,bench/30gib-6.bin,915,33554432,718.71,,
0,bench/30gib-6.bin,916,33554432,633.64,,
0,bench/30gib-6.bin,917,33554432,1044.25,,
0,bench/30gib-6.bin,918,33554432,590.15,,
0,bench/30gib-6.bin,919,33554432,393.53,,
0,bench/30gib-6.bin,920,33554432,555.06,,
0,bench/30gib-6.bin,921,33554432,485.77,,
0,bench/30gib-6.bin,922,33554432,460.42,,
0,bench/30gib-6.bin,923,33554432,475.74,,
0,bench/30gib-6.bin,924,33554432,682.92,,
0,bench/30gib-6.bin,925,33554432,590.37,,
0,bench/30gib-6.bin,926,33554432,452.72,,
0,bench/30gib-6.bin,927,33554432,384.35,,
0,bench/30gib-6.bin,928,33554432,551.02,,
0,bench/30gib-6.bin,929,33554432,557.75,,
0,bench/30gib-6.bin,930,33554432,427.95,,
0,bench/30gib-6.bin,931,33554432,597.35,,
0,bench/30gib-6.bin,932,33554432,631.48,,
0,bench/30gib-6.bin,933,33554432,476.63,,
0,bench/30gib-6.bin,934,33554432,740.68,,
0,bench/30gib-6.bin,935,33554432,366.19,,
0,bench/30gib-6.bin,936,33554432,390.32,,
0,bench/30gib-6.bin,937,33554432,584.40,,
0,bench/30gib-6.bin,938,33554432,389.58,,
0,bench/30gib-6.bin,939,33554432,422.39,,
0,bench/30gib-6.bin,940,33554432,611.59,,
0,bench/30gib-6.bin,941,33554432,610.40,,
0,bench/30gib-6.bin,942,33554432,446.77,,
0,bench/30gib-6.bin,943,33554432,730.54,,
0,bench/30gib-6.bin,944,33554432,613.90,,
0,bench/30gib-6.bin,945,33554432,622.90,,
0,bench/30gib-6.bin,946,33554432,612.77,,
0,bench/30gib-6.bin,947,33554432,370.25,,
0,bench/30gib-6.bin,948,33554432,466.28,,
0,bench/30gib-6.bin,949,33554432,622.93,,
0,bench/30gib-6.bin,950,33554432,434.53,,
0,bench/30gib-6.bin,951,33554432,427.34,,
0,bench/30gib-6.bin,952,33554432,581.06,,
0,bench/30gib-6.bin,953,33554432,561.29,,
0,bench/30gib-6.bin,954,33554432,364.78,,
0,bench/30gib-6.bin,955,33554432,341.47,,
0,bench/30gib-6.bin,956,33554432,517.99,,
0,bench/30gib-6.bin,957,33554432,513.93,,
0,bench/30gib-6.bin,958,33554432,370.53,,
0,bench/30gib-6.bin,959,33554432,399.11,,
0,bench/30gib-6.bin,960,33554432,360.96,,
0,bench/30gib-7.bin,1,33554432,486.84,,
0,bench/30gib-7.bin,2,33554432,840.13,,
0,bench/30gib-7.bin,3,33554432,1160.57,,
0,bench/30gib-7.bin,4,33554432,976.15,,
0,bench/30gib-7.bin,5,33554432,566.59,,
0,bench/30gib-7.bin,6,33554432,824.11,,
0,bench/30gib-7.bin,7,33554432,930.50,,
0,bench/30gib-7.bin,8,33554432,1193.58,,
0,bench/30gib-7.bin,9,33554432,862.71,,
0,bench/30gib-7.bin,10,33554432,952.25,,
0,bench/30gib-7.bin,11,33554432,1367.13,,
0,bench/30gib-7.bin,12,33554432,847.43,,
0,bench/30gib-7.bin,13,33554432,1361.13,,
0,bench/30gib-7.bin,14,33554432,1523.30,,
0,bench/30gib-7.bin,15,33554432,1424.48,,
0,bench/30gib-7.bin,16,33554432,666.45,,
0,bench/30gib-7.bin,17,33554432,511.64,,
0,bench/30gib-7.bin,18,33554432,1484.53,,
0,bench/30gib-7.bin,19,33554432,1343.28,,
0,bench/30gib-7.bin,20,33554432,693.68,,
0,bench/30gib-7.bin,21,33554432,503.91,,
0,bench/30gib-7.bin,22,33554432,633.69,,
0,bench/30gib-7.bin,23,33554432,664.39,,
0,bench/30gib-7.bin,24,33554432,493.32,,
0,bench/30gib-7.bin,25,33554432,980.05,,
0,bench/30gib-7.bin,26,33554432,440.33,,
0,bench/30gib-7.bin,27,33554432,465.77,,
0,bench/30gib-7.bin,28,33554432,423.73,,
0,bench/30gib-7.bin,29,33554432,686.96,,
0,bench/30gib-7.bin,30,33554432,549.38,,
0,bench/30gib-7.bin,31,33554432,519.15,,
0,bench/30gib-7.bin,32,33554432,522.99,,
0,bench/30gib-7.bin,33,33554432,414.21,,
0,bench/30gib-7.bin,34,33554432,579.06,,
0,bench/30gib-7.bin,35,33554432,519.71,,
0,bench/30gib-7.bin,36,33554432,573.17,,
0,bench/30gib-7.bin,37,33554432,645.81,,
0,bench/30gib-7.bin,38,33554432,502.16,,
0,bench/30gib-7.bin,39,33554432,647.62,,
0,bench/30gib-7.bin,40,33554432,791.60,,
0,bench/30gib-7.bin,41,33554432,627.99,,
0,bench/30gib-7.bin,42,33554432,1225.51,,
0,bench/30gib-7.bin,43,33554432,690.50,,
0,bench/30gib-7.bin,44,33554432,353.03,,
0,bench/30gib-7.bin,45,33554432,355.45,,
0,bench/30gib-7.bin,46,33554432,959.50,,
0,bench/30gib-7.bin,47,33554432,541.96,,
0,bench/30gib-7.bin,48,33554432,960.22,,
0,bench/30gib-7.bin,49,33554432,421.64,,
0,bench/30gib-7.bin,50,33554432,632.25,,
0,bench/30gib-7.bin,51,33554432,424.19,,
0,bench/30gib-7.bin,52,33554432,572.58,,
0,bench/30gib-7.bin,53,33554432,510.66,,
0,bench/30gib-7.bin,54,33554432,834.09,,
0,bench/30gib-7.bin,55,33554432,426.62,,
0,bench/30gib-7.bin,56,33554432,540.56,,
0,bench/30gib-7.bin,57,33554432,421.16,,
0,bench/30gib-7.bin,58,33554432,397.76,,
0,bench/30gib-7.bin,59,33554432,348.67,,
0,bench/30gib-7.bin,60,33554432,1131.77,,
0,bench/30gib-7.bin,61,33554432,528.41,,
0,bench/30gib-7.bin,62,33554432,448.15,,
0,bench/30gib-7.bin,63,33554432,449.55,,
0,bench/30gib-7.bin,64,33554432,1444.29,,
0,bench/30gib-7.bin,65,33554432,1010.57,,
0,bench/30gib-7.bin,66,33554432,849.66,,
0,bench/30gib-7.bin,67,33554432,433.84,,
0,bench/30gib-7.bin,68,33554432,433.40,,
0,bench/30gib-7.bin,69,33554432,530.54,,
0,bench/30gib-7.bin,70,33554432,499.92,,
0,bench/30gib-7.bin,71,33554432,411.46,,
0,bench/30gib-7.bin,72,33554432,371.33,,
0,bench/30gib-7.bin,73,33554432,415.22,,
0,bench/30gib-7.bin,74,33554432,530.05,,
0,bench/30gib-7.bin,75,33554432,847.66,,
0,bench/30gib-7.bin,76,33554432,493.44,,
0,bench/30gib-7.bin,77,33554432,523.60,,
0,bench/30gib-7.bin,78,33554432,796.35,,
0,bench/30gib-7.bin,79,33554432,560.96,,
0,bench/30gib-7.bin,80,33554432,490.88,,
0,bench/30gib-7.bin,81,33554432,424.35,,
0,bench/30gib-7.bin,82,33554432,429.01,,
0,bench/30gib-7.bin,83,33554432,435.57,,
0,bench/30gib-7.bin,84,33554432,961.73,,
0,bench/30gib-7.bin,85,33554432,499.74,,
0,bench/30gib-7.bin,86,33554432,630.08,,
0,bench/30gib-7.bin,87,33554432,527.19,,
0,bench/30gib-7.bin,88,33554432,737.44,,
0,bench/30gib-7.bin,89,33554432,366.88,,
0,bench/30gib-7.bin,90,33554432,430.15,,
0,bench/30gib-7.bin,91,33554432,366.44,,
0,bench/30gib-7.bin,92,33554432,564.49,,
0,bench/30gib-7.bin,93,33554432,907.60,,
0,bench/30gib-7.bin,94,33554432,516.97,,
0,bench/30gib-7.bin,95,33554432,844.45,,
0,bench/30gib-7.bin,96,33554432,341.81,,
0,bench/30gib-7.bin,97,33554432,351.72,,
0,bench/30gib-7.bin,98,33554432,470.54,,
0,bench/30gib-7.bin,99,33554432,426.08,,
0,bench/30gib-7.bin,100,33554432,625.65,,
0,bench/30gib-7.bin,101,33554432,432.10,,
0,bench/30gib-7.bin,102,33554432,658.96,,
0,bench/30gib-7.bin,103,33554432,387.03,,
0,bench/30gib-7.bin,104,33554432,742.43,,
0,bench/30gib-7.bin,105,33554432,347.95,,
0,bench/30gib-7.bin,106,33554432,347.14,,
0,bench/30gib-7.bin,107,33554432,395.72,,
0,bench/30gib-7.bin,108,33554432,678.92,,
0,bench/30gib-7.bin,109,33554432,348.71,,
0,bench/30gib-7.bin,110,33554432,878.29,,
0,bench/30gib-7.bin,111,33554432,409.48,,
0,bench/30gib-7.bin,112,33554432,450.38,,
0,bench/30gib-7.bin,113,33554432,407.93,,
0,bench/30gib-7.bin,114,33554432,1037.60,,
0,bench/30gib-7.bin,115,33554432,641.12,,
0,bench/30gib-7.bin,116,33554432,540.00,,
0,bench/30gib-7.bin,117,33554432,538.62,,
0,bench/30gib-7.bin,118,33554432,438.68,,
0,bench/30gib-7.bin,119,33554432,452.33,,
0,bench/30gib-7.bin,120,33554432,377.01,,
0,bench/30gib-7.bin,121,33554432,917.25,,
0,bench/30gib-7.bin,122,33554432,405.57,,
0,bench/30gib-7.bin,123,33554432,343.52,,
0,bench/30gib-7.bin,124,33554432,574.88,,
0,bench/30gib-7.bin,125,33554432,464.31,,
0,bench/30gib-7.bin,126,33554432,381.50,,
0,bench/30gib-7.bin,127,33554432,344.76,,
0,bench/30gib-7.bin,128,33554432,577.28,,
0,bench/30gib-7.bin,129,33554432,633.60,,
0,bench/30gib-7.bin,130,33554432,366.71,,
0,bench/30gib-7.bin,131,33554432,424.42,,
0,bench/30gib-7.bin,132,33554432,382.51,,
0,bench/30gib-7.bin,133,33554432,463.67,,
0,bench/30gib-7.bin,134,33554432,460.94,,
0,bench/30gib-7.bin,135,33554432,405.00,,
0,bench/30gib-7.bin,136,33554432,602.08,,
0,bench/30gib-7.bin,137,33554432,914.79,,
0,bench/30gib-7.bin,138,33554432,467.51,,
0,bench/30gib-7.bin,139,33554432,500.40,,
0,bench/30gib-7.bin,140,33554432,351.80,,
0,bench/30gib-7.bin,141,33554432,456.37,,
0,bench/30gib-7.bin,142,33554432,459.29,,
0,bench/30gib-7.bin,143,33554432,594.33,,
0,bench/30gib-7.bin,144,33554432,641.55,,
0,bench/30gib-7.bin,145,33554432,467.24,,
0,bench/30gib-7.bin,146,33554432,508.53,,
0,bench/30gib-7.bin,147,33554432,838.47,,
0,bench/30gib-7.bin,148,33554432,825.42,,
0,bench/30gib-7.bin,149,33554432,491.32,,
0,bench/30gib-7.bin,150,33554432,340.43,,
0,bench/30gib-7.bin,151,33554432,367.83,,
0,bench/30gib-7.bin,152,33554432,464.85,,
0,bench/30gib-7.bin,153,33554432,426.95,,
0,bench/30gib-7.bin,154,33554432,375.19,,
0,bench/30gib-7.bin,155,33554432,524.45,,
0,bench/30gib-7.bin,156,33554432,417.28,,
0,bench/30gib-7.bin,157,33554432,354.61,,
0,bench/30gib-7.bin,158,33554432,756.08,,
0,bench/30gib-7.bin,159,33554432,503.06,,
0,bench/30gib-7.bin,160,33554432,396.54,,
0,bench/30gib-7.bin,161,33554432,713.63,,
0,bench/30gib-7.bin,162,33554432,722.35,,
0,bench/30gib-7.bin,163,33554432,857.16,,
0,bench/30gib-7.bin,164,33554432,626.53,,
0,bench/30gib-7.bin,165,33554432,395.01,,
0,bench/30gib-7.bin,166,33554432,365.50,,
0,bench/30gib-7.bin,167,33554432,509.73,,
0,bench/30gib-7.bin,168,33554432,701.05,,
0,bench/30gib-7.bin,169,33554432,358.01,,
0,bench/30gib-7.bin,170,33554432,700.65,,
0,bench/30gib-7.bin,171,33554432,396.60,,
0,bench/30gib-7.bin,172,33554432,393.73,,
0,bench/30gib-7.bin,173,33554432,401.80,,
0,bench/30gib-7.bin,174,33554432,378.22,,
0,bench/30gib-7.bin,175,33554432,385.19,,
0,bench/30gib-7.bin,176,33554432,860.36,,
0,bench/30gib-7.bin,177,33554432,449.67,,
0,bench/30gib-7.bin,178,33554432,454.44,,
0,bench/30gib-7.bin,179,33554432,848.22,,
0,bench/30gib-7.bin,180,33554432,474.42,,
0,bench/30gib-7.bin,181,33554432,657.10,,
0,bench/30gib-7.bin,182,33554432,398.92,,
0,bench/30gib-7.bin,183,33554432,385.66,,
0,bench/30gib-7.bin,184,33554432,579.47,,
0,bench/30gib-7.bin,185,33554432,698.63,,
0,bench/30gib-7.bin,186,33554432,605.05,,
0,bench/30gib-7.bin,187,33554432,385.60,,
0,bench/30gib-7.bin,188,33554432,348.15,,
0,bench/30gib-7.bin,189,33554432,393.46,,
0,bench/30gib-7.bin,190,33554432,378.52,,
0,bench/30gib-7.bin,191,33554432,418.18,,
0,bench/30gib-7.bin,192,33554432,396.60,,
0,bench/30gib-7.bin,193,33554432,559.85,,
0,bench/30gib-7.bin,194,33554432,434.47,,
0,bench/30gib-7.bin,195,33554432,493.24,,
0,bench/30gib-7.bin,196,33554432,723.43,,
0,bench/30gib-7.bin,197,33554432,904.74,,
0,bench/30gib-7.bin,198,33554432,525.75,,
0,bench/30gib-7.bin,199,33554432,359.90,,
0,bench/30gib-7.bin,200,33554432,525.69,,
0,bench/30gib-7.bin,201,33554432,700.31,,
0,bench/30gib-7.bin,202,33554432,424.66,,
0,bench/30gib-7.bin,203,33554432,348.42,,
0,bench/30gib-7.bin,204,33554432,1157.05,,
0,bench/30gib-7.bin,205,33554432,411.04,,
0,bench/30gib-7.bin,206,33554432,375.24,,
0,bench/30gib-7.bin,207,33554432,389.87,,
0,bench/30gib-7.bin,208,33554432,432.87,,
0,bench/30gib-7.bin,209,33554432,435.95,,
0,bench/30gib-7.bin,210,33554432,350.58,,
0,bench/30gib-7.bin,211,33554432,350.96,,
0,bench/30gib-7.bin,212,33554432,505.94,,
0,bench/30gib-7.bin,213,33554432,454.28,,
0,bench/30gib-7.bin,214,33554432,648.34,,
0,bench/30gib-7.bin,215,33554432,567.69,,
0,bench/30gib-7.bin,216,33554432,456.42,,
0,bench/30gib-7.bin,217,33554432,377.69,,
0,bench/30gib-7.bin,218,33554432,573.78,,
0,bench/30gib-7.bin,219,33554432,349.14,,
0,bench/30gib-7.bin,220,33554432,439.52,,
0,bench/30gib-7.bin,221,33554432,430.65,,
0,bench/30gib-7.bin,222,33554432,342.97,,
0,bench/30gib-7.bin,223,33554432,378.94,,
0,bench/30gib-7.bin,224,33554432,454.29,,
0,bench/30gib-7.bin,225,33554432,1020.08,,
0,bench/30gib-7.bin,226,33554432,342.88,,
0,bench/30gib-7.bin,227,33554432,432.63,,
0,bench/30gib-7.bin,228,33554432,456.70,,
0,bench/30gib-7.bin,229,33554432,568.06,,
0,bench/30gib-7.bin,230,33554432,536.89,,
0,bench/30gib-7.bin,231,33554432,667.08,,
0,bench/30gib-7.bin,232,33554432,367.60,,
0,bench/30gib-7.bin,233,33554432,807.19,,
0,bench/30gib-7.bin,234,33554432,464.52,,
0,bench/30gib-7.bin,235,33554432,500.85,,
0,bench/30gib-7.bin,236,33554432,825.65,,
0,bench/30gib-7.bin,237,33554432,900.49,,
0,bench/30gib-7.bin,238,33554432,400.24,,
0,bench/30gib-7.bin,239,33554432,501.64,,
0,bench/30gib-7.bin,240,33554432,448.50,,
0,bench/30gib-7.bin,241,33554432,396.48,,
0,bench/30gib-7.bin,242,33554432,342.31,,
0,bench/30gib-7.bin,243,33554432,504.80,,
0,bench/30gib-7.bin,244,33554432,530.12,,
0,bench/30gib-7.bin,245,33554432,391.31,,
0,bench/30gib-7.bin,246,33554432,602.78,,
0,bench/30gib-7.bin,247,33554432,732.59,,
0,bench/30gib-7.bin,248,33554432,402.52,,
0,bench/30gib-7.bin,249,33554432,654.60,,
0,bench/30gib-7.bin,250,33554432,354.55,,
0,bench/30gib-7.bin,251,33554432,415.68,,
0,bench/30gib-7.bin,252,33554432,487.06,,
0,bench/30gib-7.bin,253,33554432,549.40,,
0,bench/30gib-7.bin,254,33554432,376.81,,
0,bench/30gib-7.bin,255,33554432,388.89,,
0,bench/30gib-7.bin,256,33554432,525.44,,
0,bench/30gib-7.bin,257,33554432,369.22,,
0,bench/30gib-7.bin,258,33554432,591.77,,
0,bench/30gib-7.bin,259,33554432,667.02,,
0,bench/30gib-7.bin,260,33554432,476.74,,
0,bench/30gib-7.bin,261,33554432,619.31,,
0,bench/30gib-7.bin,262,33554432,411.58,,
0,bench/30gib-7.bin,263,33554432,411.59,,
0,bench/30gib-7.bin,264,33554432,364.12,,
0,bench/30gib-7.bin,265,33554432,439.68,,
0,bench/30gib-7.bin,266,33554432,471.21,,
0,bench/30gib-7.bin,267,33554432,476.64,,
0,bench/30gib-7.bin,268,33554432,486.50,,
0,bench/30gib-7.bin,269,33554432,400.79,,
0,bench/30gib-7.bin,270,33554432,518.94,,
0,bench/30gib-7.bin,271,33554432,612.48,,
0,bench/30gib-7.bin,272,33554432,342.00,,
0,bench/30gib-7.bin,273,33554432,424.80,,
0,bench/30gib-7.bin,274,33554432,695.32,,
0,bench/30gib-7.bin,275,33554432,509.25,,
0,bench/30gib-7.bin,276,33554432,1483.90,,
0,bench/30gib-7.bin,277,33554432,749.54,,
0,bench/30gib-7.bin,278,33554432,491.95,,
0,bench/30gib-7.bin,279,33554432,511.71,,
0,bench/30gib-7.bin,280,33554432,585.48,,
0,bench/30gib-7.bin,281,33554432,574.27,,
0,bench/30gib-7.bin,282,33554432,488.04,,
0,bench/30gib-7.bin,283,33554432,407.86,,
0,bench/30gib-7.bin,284,33554432,687.31,,
0,bench/30gib-7.bin,285,33554432,424.20,,
0,bench/30gib-7.bin,286,33554432,346.16,,
0,bench/30gib-7.bin,287,33554432,483.14,,
0,bench/30gib-7.bin,288,33554432,558.61,,
0,bench/30gib-7.bin,289,33554432,340.48,,
0,bench/30gib-7.bin,290,33554432,430.44,,
0,bench/30gib-7.bin,291,33554432,441.38,,
0,bench/30gib-7.bin,292,33554432,797.20,,
0,bench/30gib-7.bin,293,33554432,670.49,,
0,bench/30gib-7.bin,294,33554432,424.15,,
0,bench/30gib-7.bin,295,33554432,903.65,,
0,bench/30gib-7.bin,296,33554432,407.41,,
0,bench/30gib-7.bin,297,33554432,580.25,,
0,bench/30gib-7.bin,298,33554432,481.68,,
0,bench/30gib-7.bin,299,33554432,406.90,,
0,bench/30gib-7.bin,300,33554432,709.38,,
0,bench/30gib-7.bin,301,33554432,392.86,,
0,bench/30gib-7.bin,302,33554432,458.82,,
0,bench/30gib-7.bin,303,33554432,419.73,,
0,bench/30gib-7.bin,304,33554432,535.38,,
0,bench/30gib-7.bin,305,33554432,715.04,,
0,bench/30gib-7.bin,306,33554432,522.18,,
0,bench/30gib-7.bin,307,33554432,507.35,,
0,bench/30gib-7.bin,308,33554432,589.37,,
0,bench/30gib-7.bin,309,33554432,417.15,,
0,bench/30gib-7.bin,310,33554432,513.04,,
0,bench/30gib-7.bin,311,33554432,367.58,,
0,bench/30gib-7.bin,312,33554432,488.58,,
0,bench/30gib-7.bin,313,33554432,397.10,,
0,bench/30gib-7.bin,314,33554432,572.73,,
0,bench/30gib-7.bin,315,33554432,647.80,,
0,bench/30gib-7.bin,316,33554432,521.95,,
0,bench/30gib-7.bin,317,33554432,533.99,,
0,bench/30gib-7.bin,318,33554432,412.94,,
0,bench/30gib-7.bin,319,33554432,513.77,,
0,bench/30gib-7.bin,320,33554432,591.89,,
0,bench/30gib-7.bin,321,33554432,411.63,,
0,bench/30gib-7.bin,322,33554432,649.08,,
0,bench/30gib-7.bin,323,33554432,400.14,,
0,bench/30gib-7.bin,324,33554432,395.34,,
0,bench/30gib-7.bin,325,33554432,559.74,,
0,bench/30gib-7.bin,326,33554432,474.05,,
0,bench/30gib-7.bin,327,33554432,409.82,,
0,bench/30gib-7.bin,328,33554432,378.85,,
0,bench/30gib-7.bin,329,33554432,405.80,,
0,bench/30gib-7.bin,330,33554432,501.95,,
0,bench/30gib-7.bin,331,33554432,348.05,,
0,bench/30gib-7.bin,332,33554432,403.45,,
0,bench/30gib-7.bin,333,33554432,593.88,,
0,bench/30gib-7.bin,334,33554432,610.80,,
0,bench/30gib-7.bin,335,33554432,399.87,,
0,bench/30gib-7.bin,336,33554432,573.64,,
0,bench/30gib-7.bin,337,33554432,492.50,,
0,bench/30gib-7.bin,338,33554432,613.86,,
0,bench/30gib-7.bin,339,33554432,475.06,,
0,bench/30gib-7.bin,340,33554432,409.07,,
0,bench/30gib-7.bin,341,33554432,458.88,,
0,bench/30gib-7.bin,342,33554432,393.55,,
0,bench/30gib-7.bin,343,33554432,953.32,,
0,bench/30gib-7.bin,344,33554432,563.09,,
0,bench/30gib-7.bin,345,33554432,594.78,,
0,bench/30gib-7.bin,346,33554432,350.77,,
0,bench/30gib-7.bin,347,33554432,575.80,,
0,bench/30gib-7.bin,348,33554432,352.92,,
0,bench/30gib-7.bin,349,33554432,615.10,,
0,bench/30gib-7.bin,350,33554432,394.34,,
0,bench/30gib-7.bin,351,33554432,397.57,,
0,bench/30gib-7.bin,352,33554432,353.62,,
0,bench/30gib-7.bin,353,33554432,973.77,,
0,bench/30gib-7.bin,354,33554432,351.51,,
0,bench/30gib-7.bin,355,33554432,467.07,,
0,bench/30gib-7.bin,356,33554432,385.32,,
0,bench/30gib-7.bin,357,33554432,429.43,,
0,bench/30gib-7.bin,358,33554432,366.94,,
0,bench/30gib-7.bin,359,33554432,560.98,,
0,bench/30gib-7.bin,360,33554432,573.18,,
0,bench/30gib-7.bin,361,33554432,519.44,,
0,bench/30gib-7.bin,362,33554432,376.76,,
0,bench/30gib-7.bin,363,33554432,341.18,,
0,bench/30gib-7.bin,364,33554432,489.78,,
0,bench/30gib-7.bin,365,33554432,341.28,,
0,bench/30gib-7.bin,366,33554432,347.86,,
0,bench/30gib-7.bin,367,33554432,342.46,,
0,bench/30gib-7.bin,368,33554432,492.03,,
0,bench/30gib-7.bin,369,33554432,571.01,,
0,bench/30gib-7.bin,370,33554432,597.23,,
0,bench/30gib-7.bin,371,33554432,605.04,,
0,bench/30gib-7.bin,372,33554432,547.61,,
0,bench/30gib-7.bin,373,33554432,393.48,,
0,bench/30gib-7.bin,374,33554432,431.16,,
0,bench/30gib-7.bin,375,33554432,1053.40,,
0,bench/30gib-7.bin,376,33554432,433.83,,
0,bench/30gib-7.bin,377,33554432,460.90,,
0,bench/30gib-7.bin,378,33554432,512.60,,
0,bench/30gib-7.bin,379,33554432,350.81,,
0,bench/30gib-7.bin,380,33554432,825.55,,
0,bench/30gib-7.bin,381,33554432,365.26,,
0,bench/30gib-7.bin,382,33554432,340.17,,
0,bench/30gib-7.bin,383,33554432,439.29,,
0,bench/30gib-7.bin,384,33554432,564.76,,
0,bench/30gib-7.bin,385,33554432,355.12,,
0,bench/30gib-7.bin,386,33554432,515.20,,
0,bench/30gib-7.bin,387,33554432,384.85,,
0,bench/30gib-7.bin,388,33554432,480.07,,
0,bench/30gib-7.bin,389,33554432,419.01,,
0,bench/30gib-7.bin,390,33554432,647.35,,
0,bench/30gib-7.bin,391,33554432,674.74,,
0,bench/30gib-7.bin,392,33554432,841.25,,
0,bench/30gib-7.bin,393,33554432,485.30,,
0,bench/30gib-7.bin,394,33554432,449.93,,
0,bench/30gib-7.bin,395,33554432,370.73,,
0,bench/30gib-7.bin,396,33554432,692.65,,
0,bench/30gib-7.bin,397,33554432,508.04,,
0,bench/30gib-7.bin,398,33554432,476.17,,
0,bench/30gib-7.bin,399,33554432,364.02,,
0,bench/30gib-7.bin,400,33554432,405.49,,
0,bench/30gib-7.bin,401,33554432,620.89,,
0,bench/30gib-7.bin,402,33554432,417.24,,
0,bench/30gib-7.bin,403,33554432,349.67,,
0,bench/30gib-7.bin,404,33554432,407.57,,
0,bench/30gib-7.bin,405,33554432,376.14,,
0,bench/30gib-7.bin,406,33554432,341.52,,
0,bench/30gib-7.bin,407,33554432,639.95,,
0,bench/30gib-7.bin,408,33554432,595.73,,
0,bench/30gib-7.bin,409,33554432,371.68,,
0,bench/30gib-7.bin,410,33554432,858.73,,
0,bench/30gib-7.bin,411,33554432,515.63,,
0,bench/30gib-7.bin,412,33554432,345.31,,
0,bench/30gib-7.bin,413,33554432,472.42,,
0,bench/30gib-7.bin,414,33554432,420.69,,
0,bench/30gib-7.bin,415,33554432,423.66,,
0,bench/30gib-7.bin,416,33554432,509.16,,
0,bench/30gib-7.bin,417,33554432,476.19,,
0,bench/30gib-7.bin,418,33554432,727.12,,
0,bench/30gib-7.bin,419,33554432,374.10,,
0,bench/30gib-7.bin,420,33554432,428.02,,
0,bench/30gib-7.bin,421,33554432,760.22,,
0,bench/30gib-7.bin,422,33554432,471.10,,
0,bench/30gib-7.bin,423,33554432,469.04,,
0,bench/30gib-7.bin,424,33554432,501.81,,
0,bench/30gib-7.bin,425,33554432,549.87,,
0,bench/30gib-7.bin,426,33554432,342.77,,
0,bench/30gib-7.bin,427,33554432,417.18,,
0,bench/30gib-7.bin,428,33554432,430.41,,
0,bench/30gib-7.bin,429,33554432,389.30,,
0,bench/30gib-7.bin,430,33554432,434.35,,
0,bench/30gib-7.bin,431,33554432,655.12,,
0,bench/30gib-7.bin,432,33554432,511.04,,
0,bench/30gib-7.bin,433,33554432,507.75,,
0,bench/30gib-7.bin,434,33554432,636.45,,
0,bench/30gib-7.bin,435,33554432,412.70,,
0,bench/30gib-7.bin,436,33554432,571.85,,
0,bench/30gib-7.bin,437,33554432,419.15,,
0,bench/30gib-7.bin,438,33554432,501.99,,
0,bench/30gib-7.bin,439,33554432,460.94,,
0,bench/30gib-7.bin,440,33554432,570.76,,
0,bench/30gib-7.bin,441,33554432,434.86,,
0,bench/30gib-7.bin,442,33554432,424.41,,
0,bench/30gib-7.bin,443,33554432,505.36,,
0,bench/30gib-7.bin,444,33554432,570.31,,
0,bench/30gib-7.bin,445,33554432,360.28,,
0,bench/30gib-7.bin,446,33554432,353.76,,
0,bench/30gib-7.bin,447,33554432,525.41,,
0,bench/30gib-7.bin,448,33554432,573.47,,
0,bench/30gib-7.bin,449,33554432,382.99,,
0,bench/30gib-7.bin,450,33554432,469.39,,
0,bench/30gib-7.bin,451,33554432,344.59,,
0,bench/30gib-7.bin,452,33554432,571.66,,
0,bench/30gib-7.bin,453,33554432,599.48,,
0,bench/30gib-7.bin,454,33554432,421.45,,
0,bench/30gib-7.bin,455,33554432,342.74,,
0,bench/30gib-7.bin,456,33554432,710.21,,
0,bench/30gib-7.bin,457,33554432,521.80,,
0,bench/30gib-7.bin,458,33554432,354.84,,
0,bench/30gib-7.bin,459,33554432,725.40,,
0,bench/30gib-7.bin,460,33554432,535.50,,
0,bench/30gib-7.bin,461,33554432,410.67,,
0,bench/30gib-7.bin,462,33554432,351.29,,
0,bench/30gib-7.bin,463,33554432,758.04,,
0,bench/30gib-7.bin,464,33554432,347.20,,
0,bench/30gib-7.bin,465,33554432,514.10,,
0,bench/30gib-7.bin,466,33554432,644.47,,
0,bench/30gib-7.bin,467,33554432,377.98,,
0,bench/30gib-7.bin,468,33554432,679.24,,
0,bench/30gib-7.bin,469,33554432,545.22,,
0,bench/30gib-7.bin,470,33554432,513.99,,
0,bench/30gib-7.bin,471,33554432,358.73,,
0,bench/30gib-7.bin,472,33554432,341.68,,
0,bench/30gib-7.bin,473,33554432,556.28,,
0,bench/30gib-7.bin,474,33554432,360.78,,
0,bench/30gib-7.bin,475,33554432,507.98,,
0,bench/30gib-7.bin,476,33554432,437.52,,
0,bench/30gib-7.bin,477,33554432,385.70,,
0,bench/30gib-7.bin,478,33554432,486.77,,
0,bench/30gib-7.bin,479,33554432,597.22,,
0,bench/30gib-7.bin,480,33554432,451.37,,
0,bench/30gib-7.bin,481,33554432,483.66,,
0,bench/30gib-7.bin,482,33554432,344.57,,
0,bench/30gib-7.bin,483,33554432,374.20,,
0,bench/30gib-7.bin,484,33554432,477.80,,
0,bench/30gib-7.bin,485,33554432,429.10,,
0,bench/30gib-7.bin,486,33554432,408.45,,
0,bench/30gib-7.bin,487,33554432,606.02,,
0,bench/30gib-7.bin,488,33554432,570.64,,
0,bench/30gib-7.bin,489,33554432,422.96,,
0,bench/30gib-7.bin,490,33554432,378.18,,
0,bench/30gib-7.bin,491,33554432,536.31,,
0,bench/30gib-7.bin,492,33554432,595.99,,
0,bench/30gib-7.bin,493,33554432,604.82,,
0,bench/30gib-7.bin,494,33554432,421.54,,
0,bench/30gib-7.bin,495,33554432,467.57,,
0,bench/30gib-7.bin,496,33554432,532.20,,
0,bench/30gib-7.bin,497,33554432,472.94,,
0,bench/30gib-7.bin,498,33554432,448.12,,
0,bench/30gib-7.bin,499,33554432,890.01,,
0,bench/30gib-7.bin,500,33554432,365.20,,
0,bench/30gib-7.bin,501,33554432,723.49,,
0,bench/30gib-7.bin,502,33554432,447.45,,
0,bench/30gib-7.bin,503,33554432,372.25,,
0,bench/30gib-7.bin,504,33554432,541.75,,
0,bench/30gib-7.bin,505,33554432,642.38,,
0,bench/30gib-7.bin,506,33554432,415.59,,
0,bench/30gib-7.bin,507,33554432,439.22,,
0,bench/30gib-7.bin,508,33554432,530.21,,
0,bench/30gib-7.bin,509,33554432,673.85,,
0,bench/30gib-7.bin,510,33554432,525.39,,
0,bench/30gib-7.bin,511,33554432,385.00,,
0,bench/30gib-7.bin,512,33554432,346.21,,
0,bench/30gib-7.bin,513,33554432,771.72,,
0,bench/30gib-7.bin,514,33554432,517.61,,
0,bench/30gib-7.bin,515,33554432,393.04,,
0,bench/30gib-7.bin,516,33554432,342.32,,
0,bench/30gib-7.bin,517,33554432,492.82,,
0,bench/30gib-7.bin,518,33554432,364.47,,
0,bench/30gib-7.bin,519,33554432,577.26,,
0,bench/30gib-7.bin,520,33554432,393.33,,
0,bench/30gib-7.bin,521,33554432,547.61,,
0,bench/30gib-7.bin,522,33554432,428.80,,
0,bench/30gib-7.bin,523,33554432,509.30,,
0,bench/30gib-7.bin,524,33554432,482.66,,
0,bench/30gib-7.bin,525,33554432,340.94,,
0,bench/30gib-7.bin,526,33554432,349.22,,
0,bench/30gib-7.bin,527,33554432,422.57,,
0,bench/30gib-7.bin,528,33554432,709.99,,
0,bench/30gib-7.bin,529,33554432,455.54,,
0,bench/30gib-7.bin,530,33554432,466.59,,
0,bench/30gib-7.bin,531,33554432,345.94,,
0,bench/30gib-7.bin,532,33554432,463.11,,
0,bench/30gib-7.bin,533,33554432,392.57,,
0,bench/30gib-7.bin,534,33554432,425.37,,
0,bench/30gib-7.bin,535,33554432,946.85,,
0,bench/30gib-7.bin,536,33554432,515.08,,
0,bench/30gib-7.bin,537,33554432,435.50,,
0,bench/30gib-7.bin,538,33554432,428.39,,
0,bench/30gib-7.bin,539,33554432,423.51,,
0,bench/30gib-7.bin,540,33554432,453.15,,
0,bench/30gib-7.bin,541,33554432,566.36,,
0,bench/30gib-7.bin,542,33554432,648.12,,
0,bench/30gib-7.bin,543,33554432,419.02,,
0,bench/30gib-7.bin,544,33554432,637.39,,
0,bench/30gib-7.bin,545,33554432,491.25,,
0,bench/30gib-7.bin,546,33554432,395.72,,
0,bench/30gib-7.bin,547,33554432,483.72,,
0,bench/30gib-7.bin,548,33554432,557.05,,
0,bench/30gib-7.bin,549,33554432,386.57,,
0,bench/30gib-7.bin,550,33554432,512.90,,
0,bench/30gib-7.bin,551,33554432,729.26,,
0,bench/30gib-7.bin,552,33554432,492.03,,
0,bench/30gib-7.bin,553,33554432,612.07,,
0,bench/30gib-7.bin,554,33554432,479.66,,
0,bench/30gib-7.bin,555,33554432,540.81,,
0,bench/30gib-7.bin,556,33554432,552.41,,
0,bench/30gib-7.bin,557,33554432,382.26,,
0,bench/30gib-7.bin,558,33554432,406.01,,
0,bench/30gib-7.bin,559,33554432,517.55,,
0,bench/30gib-7.bin,560,33554432,390.63,,
0,bench/30gib-7.bin,561,33554432,344.25,,
0,bench/30gib-7.bin,562,33554432,508.40,,
0,bench/30gib-7.bin,563,33554432,834.72,,
0,bench/30gib-7.bin,564,33554432,451.25,,
0,bench/30gib-7.bin,565,33554432,398.75,,
0,bench/30gib-7.bin,566,33554432,416.87,,
0,bench/30gib-7.bin,567,33554432,812.02,,
0,bench/30gib-7.bin,568,33554432,408.40,,
0,bench/30gib-7.bin,569,33554432,398.50,,
0,bench/30gib-7.bin,570,33554432,410.25,,
0,bench/30gib-7.bin,571,33554432,715.56,,
0,bench/30gib-7.bin,572,33554432,406.44,,
0,bench/30gib-7.bin,573,33554432,404.73,,
0,bench/30gib-7.bin,574,33554432,402.72,,
0,bench/30gib-7.bin,575,33554432,373.90,,
0,bench/30gib-7.bin,576,33554432,521.55,,
0,bench/30gib-7.bin,577,33554432,721.28,,
0,bench/30gib-7.bin,578,33554432,528.74,,
0,bench/30gib-7.bin,579,33554432,543.92,,
0,bench/30gib-7.bin,580,33554432,504.71,,
0,bench/30gib-7.bin,581,33554432,852.11,,
0,bench/30gib-7.bin,582,33554432,403.74,,
0,bench/30gib-7.bin,583,33554432,485.07,,
0,bench/30gib-7.bin,584,33554432,490.32,,
0,bench/30gib-7.bin,585,33554432,355.89,,
0,bench/30gib-7.bin,586,33554432,467.37,,
0,bench/30gib-7.bin,587,33554432,581.68,,
0,bench/30gib-7.bin,588,33554432,637.25,,
0,bench/30gib-7.bin,589,33554432,356.71,,
0,bench/30gib-7.bin,590,33554432,435.75,,
0,bench/30gib-7.bin,591,33554432,440.11,,
0,bench/30gib-7.bin,592,33554432,500.49,,
0,bench/30gib-7.bin,593,33554432,341.85,,
0,bench/30gib-7.bin,594,33554432,387.23,,
0,bench/30gib-7.bin,595,33554432,354.47,,
0,bench/30gib-7.bin,596,33554432,508.84,,
0,bench/30gib-7.bin,597,33554432,360.50,,
0,bench/30gib-7.bin,598,33554432,480.53,,
0,bench/30gib-7.bin,599,33554432,757.44,,
0,bench/30gib-7.bin,600,33554432,383.05,,
0,bench/30gib-7.bin,601,33554432,383.98,,
0,bench/30gib-7.bin,602,33554432,503.92,,
0,bench/30gib-7.bin,603,33554432,554.88,,
0,bench/30gib-7.bin,604,33554432,516.56,,
0,bench/30gib-7.bin,605,33554432,450.70,,
0,bench/30gib-7.bin,606,33554432,683.82,,
0,bench/30gib-7.bin,607,33554432,542.84,,
0,bench/30gib-7.bin,608,33554432,607.52,,
0,bench/30gib-7.bin,609,33554432,370.50,,
0,bench/30gib-7.bin,610,33554432,418.58,,
0,bench/30gib-7.bin,611,33554432,470.74,,
0,bench/30gib-7.bin,612,33554432,552.53,,
0,bench/30gib-7.bin,613,33554432,407.11,,
0,bench/30gib-7.bin,614,33554432,471.59,,
0,bench/30gib-7.bin,615,33554432,819.28,,
0,bench/30gib-7.bin,616,33554432,488.22,,
0,bench/30gib-7.bin,617,33554432,378.96,,
0,bench/30gib-7.bin,618,33554432,383.52,,
0,bench/30gib-7.bin,619,33554432,480.79,,
0,bench/30gib-7.bin,620,33554432,706.77,,
0,bench/30gib-7.bin,621,33554432,675.23,,
0,bench/30gib-7.bin,622,33554432,545.43,,
0,bench/30gib-7.bin,623,33554432,739.84,,
0,bench/30gib-7.bin,624,33554432,497.51,,
0,bench/30gib-7.bin,625,33554432,353.48,,
0,bench/30gib-7.bin,626,33554432,352.35,,
0,bench/30gib-7.bin,627,33554432,461.62,,
0,bench/30gib-7.bin,628,33554432,893.00,,
0,bench/30gib-7.bin,629,33554432,572.19,,
0,bench/30gib-7.bin,630,33554432,351.41,,
0,bench/30gib-7.bin,631,33554432,716.33,,
0,bench/30gib-7.bin,632,33554432,592.59,,
0,bench/30gib-7.bin,633,33554432,404.54,,
0,bench/30gib-7.bin,634,33554432,613.26,,
0,bench/30gib-7.bin,635,33554432,742.63,,
0,bench/30gib-7.bin,636,33554432,584.63,,
0,bench/30gib-7.bin,637,33554432,781.38,,
0,bench/30gib-7.bin,638,33554432,517.93,,
0,bench/30gib-7.bin,639,33554432,400.42,,
0,bench/30gib-7.bin,640,33554432,551.67,,
0,bench/30gib-7.bin,641,33554432,579.82,,
0,bench/30gib-7.bin,642,33554432,413.38,,
0,bench/30gib-7.bin,643,33554432,349.90,,
0,bench/30gib-7.bin,644,33554432,500.63,,
0,bench/30gib-7.bin,645,33554432,616.98,,
0,bench/30gib-7.bin,646,33554432,487.35,,
0,bench/30gib-7.bin,647,33554432,345.59,,
0,bench/30gib-7.bin,648,33554432,427.54,,
0,bench/30gib-7.bin,649,33554432,598.56,,
0,bench/30gib-7.bin,650,33554432,624.11,,
0,bench/30gib-7.bin,651,33554432,429.88,,
0,bench/30gib-7.bin,652,33554432,379.67,,
0,bench/30gib-7.bin,653,33554432,398.89,,
0,bench/30gib-7.bin,654,33554432,439.27,,
0,bench/30gib-7.bin,655,33554432,879.02,,
0,bench/30gib-7.bin,656,33554432,479.84,,
0,bench/30gib-7.bin,657,33554432,474.29,,
0,bench/30gib-7.bin,658,33554432,438.25,,
0,bench/30gib-7.bin,659,33554432,459.35,,
0,bench/30gib-7.bin,660,33554432,415.98,,
0,bench/30gib-7.bin,661,33554432,519.86,,
0,bench/30gib-7.bin,662,33554432,484.23,,
0,bench/30gib-7.bin,663,33554432,617.86,,
0,bench/30gib-7.bin,664,33554432,543.22,,
0,bench/30gib-7.bin,665,33554432,348.01,,
0,bench/30gib-7.bin,666,33554432,360.38,,
0,bench/30gib-7.bin,667,33554432,342.22,,
0,bench/30gib-7.bin,668,33554432,431.54,,
0,bench/30gib-7.bin,669,33554432,424.28,,
0,bench/30gib-7.bin,670,33554432,402.09,,
0,bench/30gib-7.bin,671,33554432,515.00,,
0,bench/30gib-7.bin,672,33554432,461.91,,
0,bench/30gib-7.bin,673,33554432,507.91,,
0,bench/30gib-7.bin,674,33554432,950.03,,
0,bench/30gib-7.bin,675,33554432,603.85,,
0,bench/30gib-7.bin,676,33554432,610.72,,
0,bench/30gib-7.bin,677,33554432,491.12,,
0,bench/30gib-7.bin,678,33554432,519.37,,
0,bench/30gib-7.bin,679,33554432,392.24,,
0,bench/30gib-7.bin,680,33554432,369.75,,
0,bench/30gib-7.bin,681,33554432,449.59,,
0,bench/30gib-7.bin,682,33554432,463.47,,
0,bench/30gib-7.bin,683,33554432,607.89,,
0,bench/30gib-7.bin,684,33554432,463.11,,
0,bench/30gib-7.bin,685,33554432,563.79,,
0,bench/30gib-7.bin,686,33554432,479.08,,
0,bench/30gib-7.bin,687,33554432,710.69,,
0,bench/30gib-7.bin,688,33554432,796.36,,
0,bench/30gib-7.bin,689,33554432,493.48,,
0,bench/30gib-7.bin,690,33554432,694.34,,
0,bench/30gib-7.bin,691,33554432,416.33,,
0,bench/30gib-7.bin,692,33554432,544.94,,
0,bench/30gib-7.bin,693,33554432,374.02,,
0,bench/30gib-7.bin,694,33554432,1019.99,,
0,bench/30gib-7.bin,695,33554432,355.00,,
0,bench/30gib-7.bin,696,33554432,549.52,,
0,bench/30gib-7.bin,697,33554432,414.03,,
0,bench/30gib-7.bin,698,33554432,521.71,,
0,bench/30gib-7.bin,699,33554432,491.66,,
0,bench/30gib-7.bin,700,33554432,459.51,,
0,bench/30gib-7.bin,701,33554432,416.83,,
0,bench/30gib-7.bin,702,33554432,417.01,,
0,bench/30gib-7.bin,703,33554432,521.69,,
0,bench/30gib-7.bin,704,33554432,599.69,,
0,bench/30gib-7.bin,705,33554432,457.10,,
0,bench/30gib-7.bin,706,33554432,988.36,,
0,bench/30gib-7.bin,707,33554432,576.45,,
0,bench/30gib-7.bin,708,33554432,458.18,,
0,bench/30gib-7.bin,709,33554432,475.94,,
0,bench/30gib-7.bin,710,33554432,438.43,,
0,bench/30gib-7.bin,711,33554432,422.92,,
0,bench/30gib-7.bin,712,33554432,452.58,,
0,bench/30gib-7.bin,713,33554432,480.76,,
0,bench/30gib-7.bin,714,33554432,428.58,,
0,bench/30gib-7.bin,715,33554432,384.22,,
0,bench/30gib-7.bin,716,33554432,374.65,,
0,bench/30gib-7.bin,717,33554432,494.28,,
0,bench/30gib-7.bin,718,33554432,519.50,,
0,bench/30gib-7.bin,719,33554432,585.83,,
0,bench/30gib-7.bin,720,33554432,404.45,,
0,bench/30gib-7.bin,721,33554432,392.43,,
0,bench/30gib-7.bin,722,33554432,523.22,,
0,bench/30gib-7.bin,723,33554432,420.25,,
0,bench/30gib-7.bin,724,33554432,355.12,,
0,bench/30gib-7.bin,725,33554432,551.66,,
0,bench/30gib-7.bin,726,33554432,461.48,,
0,bench/30gib-7.bin,727,33554432,346.34,,
0,bench/30gib-7.bin,728,33554432,662.09,,
0,bench/30gib-7.bin,729,33554432,403.19,,
0,bench/30gib-7.bin,730,33554432,361.43,,
0,bench/30gib-7.bin,731,33554432,350.40,,
0,bench/30gib-7.bin,732,33554432,347.00,,
0,bench/30gib-7.bin,733,33554432,668.18,,
0,bench/30gib-7.bin,734,33554432,650.83,,
0,bench/30gib-7.bin,735,33554432,511.00,,
0,bench/30gib-7.bin,736,33554432,639.51,,
0,bench/30gib-7.bin,737,33554432,874.64,,
0,bench/30gib-7.bin,738,33554432,354.00,,
0,bench/30gib-7.bin,739,33554432,461.58,,
0,bench/30gib-7.bin,740,33554432,624.93,,
0,bench/30gib-7.bin,741,33554432,463.29,,
0,bench/30gib-7.bin,742,33554432,444.42,,
0,bench/30gib-7.bin,743,33554432,374.76,,
0,bench/30gib-7.bin,744,33554432,403.85,,
0,bench/30gib-7.bin,745,33554432,505.83,,
0,bench/30gib-7.bin,746,33554432,391.50,,
0,bench/30gib-7.bin,747,33554432,461.54,,
0,bench/30gib-7.bin,748,33554432,484.25,,
0,bench/30gib-7.bin,749,33554432,487.35,,
0,bench/30gib-7.bin,750,33554432,400.78,,
0,bench/30gib-7.bin,751,33554432,655.90,,
0,bench/30gib-7.bin,752,33554432,461.17,,
0,bench/30gib-7.bin,753,33554432,551.45,,
0,bench/30gib-7.bin,754,33554432,519.95,,
0,bench/30gib-7.bin,755,33554432,480.85,,
0,bench/30gib-7.bin,756,33554432,580.82,,
0,bench/30gib-7.bin,757,33554432,396.96,,
0,bench/30gib-7.bin,758,33554432,500.83,,
0,bench/30gib-7.bin,759,33554432,495.95,,
0,bench/30gib-7.bin,760,33554432,472.03,,
0,bench/30gib-7.bin,761,33554432,351.82,,
0,bench/30gib-7.bin,762,33554432,866.38,,
0,bench/30gib-7.bin,763,33554432,643.95,,
0,bench/30gib-7.bin,764,33554432,584.22,,
0,bench/30gib-7.bin,765,33554432,823.04,,
0,bench/30gib-7.bin,766,33554432,653.78,,
0,bench/30gib-7.bin,767,33554432,402.56,,
0,bench/30gib-7.bin,768,33554432,396.55,,
0,bench/30gib-7.bin,769,33554432,516.27,,
0,bench/30gib-7.bin,770,33554432,872.84,,
0,bench/30gib-7.bin,771,33554432,506.35,,
0,bench/30gib-7.bin,772,33554432,405.53,,
0,bench/30gib-7.bin,773,33554432,803.97,,
0,bench/30gib-7.bin,774,33554432,808.71,,
0,bench/30gib-7.bin,775,33554432,714.37,,
0,bench/30gib-7.bin,776,33554432,512.58,,
0,bench/30gib-7.bin,777,33554432,921.17,,
0,bench/30gib-7.bin,778,33554432,521.05,,
0,bench/30gib-7.bin,779,33554432,405.20,,
0,bench/30gib-7.bin,780,33554432,434.53,,
0,bench/30gib-7.bin,781,33554432,388.85,,
0,bench/30gib-7.bin,782,33554432,571.26,,
0,bench/30gib-7.bin,783,33554432,440.85,,
0,bench/30gib-7.bin,784,33554432,539.87,,
0,bench/30gib-7.bin,785,33554432,538.89,,
0,bench/30gib-7.bin,786,33554432,722.86,,
0,bench/30gib-7.bin,787,33554432,432.71,,
0,bench/30gib-7.bin,788,33554432,490.43,,
0,bench/30gib-7.bin,789,33554432,716.02,,
0,bench/30gib-7.bin,790,33554432,1048.27,,
0,bench/30gib-7.bin,791,33554432,432.23,,
0,bench/30gib-7.bin,792,33554432,689.24,,
0,bench/30gib-7.bin,793,33554432,537.08,,
0,bench/30gib-7.bin,794,33554432,494.98,,
0,bench/30gib-7.bin,795,33554432,511.26,,
0,bench/30gib-7.bin,796,33554432,387.32,,
0,bench/30gib-7.bin,797,33554432,755.34,,
0,bench/30gib-7.bin,798,33554432,368.12,,
0,bench/30gib-7.bin,799,33554432,556.41,,
0,bench/30gib-7.bin,800,33554432,409.98,,
0,bench/30gib-7.bin,801,33554432,694.68,,
0,bench/30gib-7.bin,802,33554432,416.51,,
0,bench/30gib-7.bin,803,33554432,444.74,,
0,bench/30gib-7.bin,804,33554432,360.16,,
0,bench/30gib-7.bin,805,33554432,450.12,,
0,bench/30gib-7.bin,806,33554432,514.29,,
0,bench/30gib-7.bin,807,33554432,505.10,,
0,bench/30gib-7.bin,808,33554432,665.59,,
0,bench/30gib-7.bin,809,33554432,513.79,,
0,bench/30gib-7.bin,810,33554432,450.09,,
0,bench/30gib-7.bin,811,33554432,504.49,,
0,bench/30gib-7.bin,812,33554432,493.54,,
0,bench/30gib-7.bin,813,33554432,602.29,,
0,bench/30gib-7.bin,814,33554432,518.61,,
0,bench/30gib-7.bin,815,33554432,523.00,,
0,bench/30gib-7.bin,816,33554432,414.99,,
0,bench/30gib-7.bin,817,33554432,615.84,,
0,bench/30gib-7.bin,818,33554432,434.87,,
0,bench/30gib-7.bin,819,33554432,469.36,,
0,bench/30gib-7.bin,820,33554432,571.83,,
0,bench/30gib-7.bin,821,33554432,346.46,,
0,bench/30gib-7.bin,822,33554432,599.72,,
0,bench/30gib-7.bin,823,33554432,394.89,,
0,bench/30gib-7.bin,824,33554432,386.31,,
0,bench/30gib-7.bin,825,33554432,584.03,,
0,bench/30gib-7.bin,826,33554432,422.24,,
0,bench/30gib-7.bin,827,33554432,633.38,,
0,bench/30gib-7.bin,828,33554432,520.15,,
0,bench/30gib-7.bin,829,33554432,435.84,,
0,bench/30gib-7.bin,830,33554432,508.32,,
0,bench/30gib-7.bin,831,33554432,533.96,,
0,bench/30gib-7.bin,832,33554432,621.24,,
0,bench/30gib-7.bin,833,33554432,357.73,,
0,bench/30gib-7.bin,834,33554432,560.44,,
0,bench/30gib-7.bin,835,33554432,348.19,,
0,bench/30gib-7.bin,836,33554432,451.29,,
0,bench/30gib-7.bin,837,33554432,411.18,,
0,bench/30gib-7.bin,838,33554432,656.06,,
0,bench/30gib-7.bin,839,33554432,764.19,,
0,bench/30gib-7.bin,840,33554432,505.58,,
0,bench/30gib-7.bin,841,33554432,594.25,,
0,bench/30gib-7.bin,842,33554432,447.33,,
0,bench/30gib-7.bin,843,33554432,451.51,,
0,bench/30gib-7.bin,844,33554432,573.89,,
0,bench/30gib-7.bin,845,33554432,359.42,,
0,bench/30gib-7.bin,846,33554432,629.81,,
0,bench/30gib-7.bin,847,33554432,344.42,,
0,bench/30gib-7.bin,848,33554432,383.14,,
0,bench/30gib-7.bin,849,33554432,852.28,,
0,bench/30gib-7.bin,850,33554432,390.38,,
0,bench/30gib-7.bin,851,33554432,607.95,,
0,bench/30gib-7.bin,852,33554432,396.51,,
0,bench/30gib-7.bin,853,33554432,490.64,,
0,bench/30gib-7.bin,854,33554432,376.37,,
0,bench/30gib-7.bin,855,33554432,412.44,,
0,bench/30gib-7.bin,856,33554432,516.80,,
0,bench/30gib-7.bin,857,33554432,561.11,,
0,bench/30gib-7.bin,858,33554432,346.32,,
0,bench/30gib-7.bin,859,33554432,409.96,,
0,bench/30gib-7.bin,860,33554432,523.55,,
0,bench/30gib-7.bin,861,33554432,604.98,,
0,bench/30gib-7.bin,862,33554432,510.87,,
0,bench/30gib-7.bin,863,33554432,634.23,,
0,bench/30gib-7.bin,864,33554432,438.76,,
0,bench/30gib-7.bin,865,33554432,668.54,,
0,bench/30gib-7.bin,866,33554432,621.28,,
0,bench/30gib-7.bin,867,33554432,641.65,,
0,bench/30gib-7.bin,868,33554432,655.57,,
0,bench/30gib-7.bin,869,33554432,378.24,,
0,bench/30gib-7.bin,870,33554432,422.98,,
0,bench/30gib-7.bin,871,33554432,449.23,,
0,bench/30gib-7.bin,872,33554432,415.67,,
0,bench/30gib-7.bin,873,33554432,431.80,,
0,bench/30gib-7.bin,874,33554432,471.48,,
0,bench/30gib-7.bin,875,33554432,453.63,,
0,bench/30gib-7.bin,876,33554432,373.95,,
0,bench/30gib-7.bin,877,33554432,548.91,,
0,bench/30gib-7.bin,878,33554432,409.79,,
0,bench/30gib-7.bin,879,33554432,490.79,,
0,bench/30gib-7.bin,880,33554432,536.08,,
0,bench/30gib-7.bin,881,33554432,520.99,,
0,bench/30gib-7.bin,882,33554432,357.68,,
0,bench/30gib-7.bin,883,33554432,968.49,,
0,bench/30gib-7.bin,884,33554432,345.18,,
0,bench/30gib-7.bin,885,33554432,458.33,,
0,bench/30gib-7.bin,886,33554432,581.65,,
0,bench/30gib-7.bin,887,33554432,579.54,,
0,bench/30gib-7.bin,888,33554432,409.73,,
0,bench/30gib-7.bin,889,33554432,411.58,,
0,bench/30gib-7.bin,890,33554432,1014.11,,
0,bench/30gib-7.bin,891,33554432,588.90,,
0,bench/30gib-7.bin,892,33554432,464.87,,
0,bench/30gib-7.bin,893,33554432,417.45,,
0,bench/30gib-7.bin,894,33554432,353.97,,
0,bench/30gib-7.bin,895,33554432,419.42,,
0,bench/30gib-7.bin,896,33554432,756.14,,
0,bench/30gib-7.bin,897,33554432,441.42,,
0,bench/30gib-7.bin,898,33554432,492.78,,
0,bench/30gib-7.bin,899,33554432,673.01,,
0,bench/30gib-7.bin,900,33554432,500.08,,
0,bench/30gib-7.bin,901,33554432,576.76,,
0,bench/30gib-7.bin,902,33554432,599.06,,
0,bench/30gib-7.bin,903,33554432,464.13,,
0,bench/30gib-7.bin,904,33554432,466.76,,
0,bench/30gib-7.bin,905,33554432,499.91,,
0,bench/30gib-7.bin,906,33554432,603.51,,
0,bench/30gib-7.bin,907,33554432,514.96,,
0,bench/30gib-7.bin,908,33554432,464.48,,
0,bench/30gib-7.bin,909,33554432,466.32,,
0,bench/30gib-7.bin,910,33554432,562.51,,
0,bench/30gib-7.bin,911,33554432,420.53,,
0,bench/30gib-7.bin,912,33554432,701.79,,
0,bench/30gib-7.bin,913,33554432,526.71,,
0,bench/30gib-7.bin,914,33554432,487.99,,
0,bench/30gib-7.bin,915,33554432,639.75,,
0,bench/30gib-7.bin,916,33554432,510.31,,
0,bench/30gib-7.bin,917,33554432,614.17,,
0,bench/30gib-7.bin,918,33554432,638.48,,
0,bench/30gib-7.bin,919,33554432,503.66,,
0,bench/30gib-7.bin,920,33554432,558.69,,
0,bench/30gib-7.bin,921,33554432,379.25,,
0,bench/30gib-7.bin,922,33554432,529.60,,
0,bench/30gib-7.bin,923,33554432,414.00,,
0,bench/30gib-7.bin,924,33554432,679.40,,
0,bench/30gib-7.bin,925,33554432,503.03,,
0,bench/30gib-7.bin,926,33554432,438.73,,
0,bench/30gib-7.bin,927,33554432,620.30,,
0,bench/30gib-7.bin,928,33554432,735.40,,
0,bench/30gib-7.bin,929,33554432,404.47,,
0,bench/30gib-7.bin,930,33554432,647.45,,
0,bench/30gib-7.bin,931,33554432,354.25,,
0,bench/30gib-7.bin,932,33554432,603.33,,
0,bench/30gib-7.bin,933,33554432,504.97,,
0,bench/30gib-7.bin,934,33554432,467.32,,
0,bench/30gib-7.bin,935,33554432,358.76,,
0,bench/30gib-7.bin,936,33554432,522.11,,
0,bench/30gib-7.bin,937,33554432,585.74,,
0,bench/30gib-7.bin,938,33554432,422.59,,
0,bench/30gib-7.bin,939,33554432,432.07,,
0,bench/30gib-7.bin,940,33554432,589.86,,
0,bench/30gib-7.bin,941,33554432,434.03,,
0,bench/30gib-7.bin,942,33554432,398.91,,
0,bench/30gib-7.bin,943,33554432,661.17,,
0,bench/30gib-7.bin,944,33554432,427.17,,
0,bench/30gib-7.bin,945,33554432,561.75,,
0,bench/30gib-7.bin,946,33554432,577.86,,
0,bench/30gib-7.bin,947,33554432,378.26,,
0,bench/30gib-7.bin,948,33554432,473.14,,
0,bench/30gib-7.bin,949,33554432,437.97,,
0,bench/30gib-7.bin,950,33554432,622.68,,
0,bench/30gib-7.bin,951,33554432,479.02,,
0,bench/30gib-7.bin,952,33554432,362.19,,
0,bench/30gib-7.bin,953,33554432,396.78,,
0,bench/30gib-7.bin,954,33554432,564.19,,
0,bench/30gib-7.bin,955,33554432,377.35,,
0,bench/30gib-7.bin,956,33554432,442.94,,
0,bench/30gib-7.bin,957,33554432,716.35,,
0,bench/30gib-7.bin,958,33554432,371.29,,
0,bench/30gib-7.bin,959,33554432,426.41,,
0,bench/30gib-7.bin,960,33554432,345.03,,
0,bench/30gib-8.bin,1,33554432,1034.53,,
0,bench/30gib-8.bin,2,33554432,801.71,,
0,bench/30gib-8.bin,3,33554432,989.35,,
0,bench/30gib-8.bin,4,33554432,872.59,,
0,bench/30gib-8.bin,5,33554432,842.76,,
0,bench/30gib-8.bin,6,33554432,710.45,,
0,bench/30gib-8.bin,7,33554432,1381.00,,
0,bench/30gib-8.bin,8,33554432,1349.37,,
0,bench/30gib-8.bin,9,33554432,772.03,,
0,bench/30gib-8.bin,10,33554432,824.81,,
0,bench/30gib-8.bin,11,33554432,473.98,,
0,bench/30gib-8.bin,12,33554432,662.28,,
0,bench/30gib-8.bin,13,33554432,787.05,,
0,bench/30gib-8.bin,14,33554432,471.53,,
0,bench/30gib-8.bin,15,33554432,1311.90,,
0,bench/30gib-8.bin,16,33554432,603.87,,
0,bench/30gib-8.bin,17,33554432,1005.58,,
0,bench/30gib-8.bin,18,33554432,565.91,,
0,bench/30gib-8.bin,19,33554432,511.53,,
0,bench/30gib-8.bin,20,33554432,588.98,,
0,bench/30gib-8.bin,21,33554432,1428.87,,
0,bench/30gib-8.bin,22,33554432,903.95,,
0,bench/30gib-8.bin,23,33554432,1018.83,,
0,bench/30gib-8.bin,24,33554432,575.23,,
0,bench/30gib-8.bin,25,33554432,975.67,,
0,bench/30gib-8.bin,26,33554432,417.43,,
0,bench/30gib-8.bin,27,33554432,650.74,,
0,bench/30gib-8.bin,28,33554432,732.56,,
0,bench/30gib-8.bin,29,33554432,726.46,,
0,bench/30gib-8.bin,30,33554432,536.71,,
0,bench/30gib-8.bin,31,33554432,512.41,,
0,bench/30gib-8.bin,32,33554432,595.69,,
0,bench/30gib-8.bin,33,33554432,869.08,,
0,bench/30gib-8.bin,34,33554432,447.47,,
0,bench/30gib-8.bin,35,33554432,572.47,,
0,bench/30gib-8.bin,36,33554432,554.89,,
0,bench/30gib-8.bin,37,33554432,425.26,,
0,bench/30gib-8.bin,38,33554432,413.02,,
0,bench/30gib-8.bin,39,33554432,536.85,,
0,bench/30gib-8.bin,40,33554432,721.38,,
0,bench/30gib-8.bin,41,33554432,718.16,,
0,bench/30gib-8.bin,42,33554432,470.32,,
0,bench/30gib-8.bin,43,33554432,620.16,,
0,bench/30gib-8.bin,44,33554432,661.63,,
0,bench/30gib-8.bin,45,33554432,757.62,,
0,bench/30gib-8.bin,46,33554432,605.24,,
0,bench/30gib-8.bin,47,33554432,1083.01,,
0,bench/30gib-8.bin,48,33554432,484.43,,
0,bench/30gib-8.bin,49,33554432,360.24,,
0,bench/30gib-8.bin,50,33554432,493.82,,
0,bench/30gib-8.bin,51,33554432,529.58,,
0,bench/30gib-8.bin,52,33554432,478.45,,
0,bench/30gib-8.bin,53,33554432,350.01,,
0,bench/30gib-8.bin,54,33554432,772.64,,
0,bench/30gib-8.bin,55,33554432,844.82,,
0,bench/30gib-8.bin,56,33554432,393.65,,
0,bench/30gib-8.bin,57,33554432,556.68,,
0,bench/30gib-8.bin,58,33554432,347.72,,
0,bench/30gib-8.bin,59,33554432,394.56,,
0,bench/30gib-8.bin,60,33554432,821.83,,
0,bench/30gib-8.bin,61,33554432,372.73,,
0,bench/30gib-8.bin,62,33554432,904.60,,
0,bench/30gib-8.bin,63,33554432,900.09,,
0,bench/30gib-8.bin,64,33554432,451.55,,
0,bench/30gib-8.bin,65,33554432,457.17,,
0,bench/30gib-8.bin,66,33554432,1025.43,,
0,bench/30gib-8.bin,67,33554432,463.09,,
0,bench/30gib-8.bin,68,33554432,916.47,,
0,bench/30gib-8.bin,69,33554432,579.09,,
0,bench/30gib-8.bin,70,33554432,451.60,,
0,bench/30gib-8.bin,71,33554432,1060.49,,
0,bench/30gib-8.bin,72,33554432,475.26,,
0,bench/30gib-8.bin,73,33554432,575.90,,
0,bench/30gib-8.bin,74,33554432,572.35,,
0,bench/30gib-8.bin,75,33554432,427.10,,
0,bench/30gib-8.bin,76,33554432,385.92,,
0,bench/30gib-8.bin,77,33554432,434.41,,
0,bench/30gib-8.bin,78,33554432,411.52,,
0,bench/30gib-8.bin,79,33554432,545.23,,
0,bench/30gib-8.bin,80,33554432,1135.75,,
0,bench/30gib-8.bin,81,33554432,714.87,,
0,bench/30gib-8.bin,82,33554432,373.99,,
0,bench/30gib-8.bin,83,33554432,695.12,,
0,bench/30gib-8.bin,84,33554432,534.97,,
0,bench/30gib-8.bin,85,33554432,423.46,,
0,bench/30gib-8.bin,86,33554432,492.29,,
0,bench/30gib-8.bin,87,33554432,540.33,,
0,bench/30gib-8.bin,88,33554432,347.73,,
0,bench/30gib-8.bin,89,33554432,426.09,,
0,bench/30gib-8.bin,90,33554432,371.28,,
0,bench/30gib-8.bin,91,33554432,418.37,,
0,bench/30gib-8.bin,92,33554432,444.42,,
0,bench/30gib-8.bin,93,33554432,650.53,,
0,bench/30gib-8.bin,94,33554432,413.79,,
0,bench/30gib-8.bin,95,33554432,495.18,,
0,bench/30gib-8.bin,96,33554432,521.46,,
0,bench/30gib-8.bin,97,33554432,776.91,,
0,bench/30gib-8.bin,98,33554432,791.68,,
0,bench/30gib-8.bin,99,33554432,539.23,,
0,bench/30gib-8.bin,100,33554432,858.03,,
0,bench/30gib-8.bin,101,33554432,471.05,,
0,bench/30gib-8.bin,102,33554432,438.22,,
0,bench/30gib-8.bin,103,33554432,573.90,,
0,bench/30gib-8.bin,104,33554432,433.94,,
0,bench/30gib-8.bin,105,33554432,422.93,,
0,bench/30gib-8.bin,106,33554432,536.00,,
0,bench/30gib-8.bin,107,33554432,400.41,,
0,bench/30gib-8.bin,108,33554432,501.39,,
0,bench/30gib-8.bin,109,33554432,491.58,,
0,bench/30gib-8.bin,110,33554432,522.27,,
0,bench/30gib-8.bin,111,33554432,459.84,,
0,bench/30gib-8.bin,112,33554432,558.95,,
0,bench/30gib-8.bin,113,33554432,667.74,,
0,bench/30gib-8.bin,114,33554432,340.82,,
0,bench/30gib-8.bin,115,33554432,446.54,,
0,bench/30gib-8.bin,116,33554432,481.82,,
0,bench/30gib-8.bin,117,33554432,421.77,,
0,bench/30gib-8.bin,118,33554432,677.61,,
0,bench/30gib-8.bin,119,33554432,410.42,,
0,bench/30gib-8.bin,120,33554432,731.53,,
0,bench/30gib-8.bin,121,33554432,570.93,,
0,bench/30gib-8.bin,122,33554432,448.46,,
0,bench/30gib-8.bin,123,33554432,390.20,,
0,bench/30gib-8.bin,124,33554432,668.23,,
0,bench/30gib-8.bin,125,33554432,442.99,,
0,bench/30gib-8.bin,126,33554432,794.30,,
0,bench/30gib-8.bin,127,33554432,547.89,,
0,bench/30gib-8.bin,128,33554432,352.80,,
0,bench/30gib-8.bin,129,33554432,1116.00,,
0,bench/30gib-8.bin,130,33554432,554.50,,
0,bench/30gib-8.bin,131,33554432,394.91,,
0,bench/30gib-8.bin,132,33554432,377.60,,
0,bench/30gib-8.bin,133,33554432,908.90,,
0,bench/30gib-8.bin,134,33554432,349.24,,
0,bench/30gib-8.bin,135,33554432,433.72,,
0,bench/30gib-8.bin,136,33554432,402.48,,
0,bench/30gib-8.bin,137,33554432,390.10,,
0,bench/30gib-8.bin,138,33554432,397.00,,
0,bench/30gib-8.bin,139,33554432,508.65,,
0,bench/30gib-8.bin,140,33554432,763.50,,
0,bench/30gib-8.bin,141,33554432,356.34,,
0,bench/30gib-8.bin,142,33554432,551.66,,
0,bench/30gib-8.bin,143,33554432,439.19,,
0,bench/30gib-8.bin,144,33554432,592.89,,
0,bench/30gib-8.bin,145,33554432,454.73,,
0,bench/30gib-8.bin,146,33554432,600.24,,
0,bench/30gib-8.bin,147,33554432,342.15,,
0,bench/30gib-8.bin,148,33554432,444.37,,
0,bench/30gib-8.bin,149,33554432,407.87,,
0,bench/30gib-8.bin,150,33554432,453.30,,
0,bench/30gib-8.bin,151,33554432,548.13,,
0,bench/30gib-8.bin,152,33554432,414.57,,
0,bench/30gib-8.bin,153,33554432,414.20,,
0,bench/30gib-8.bin,154,33554432,614.33,,
0,bench/30gib-8.bin,155,33554432,416.99,,
0,bench/30gib-8.bin,156,33554432,1119.13,,
0,bench/30gib-8.bin,157,33554432,439.38,,
0,bench/30gib-8.bin,158,33554432,366.61,,
0,bench/30gib-8.bin,159,33554432,353.47,,
0,bench/30gib-8.bin,160,33554432,421.57,,
0,bench/30gib-8.bin,161,33554432,711.69,,
0,bench/30gib-8.bin,162,33554432,426.72,,
0,bench/30gib-8.bin,163,33554432,612.55,,
0,bench/30gib-8.bin,164,33554432,541.85,,
0,bench/30gib-8.bin,165,33554432,466.47,,
0,bench/30gib-8.bin,166,33554432,444.18,,
0,bench/30gib-8.bin,167,33554432,402.39,,
0,bench/30gib-8.bin,168,33554432,412.60,,
0,bench/30gib-8.bin,169,33554432,375.43,,
0,bench/30gib-8.bin,170,33554432,591.98,,
0,bench/30gib-8.bin,171,33554432,455.72,,
0,bench/30gib-8.bin,172,33554432,452.04,,
0,bench/30gib-8.bin,173,33554432,483.55,,
0,bench/30gib-8.bin,174,33554432,390.20,,
0,bench/30gib-8.bin,175,33554432,888.69,,
0,bench/30gib-8.bin,176,33554432,493.78,,
0,bench/30gib-8.bin,177,33554432,406.40,,
0,bench/30gib-8.bin,178,33554432,807.54,,
0,bench/30gib-8.bin,179,33554432,400.88,,
0,bench/30gib-8.bin,180,33554432,446.18,,
0,bench/30gib-8.bin,181,33554432,444.14,,
0,bench/30gib-8.bin,182,33554432,588.29,,
0,bench/30gib-8.bin,183,33554432,1240.75,,
0,bench/30gib-8.bin,184,33554432,520.99,,
0,bench/30gib-8.bin,185,33554432,666.52,,
0,bench/30gib-8.bin,186,33554432,718.69,,
0,bench/30gib-8.bin,187,33554432,491.62,,
0,bench/30gib-8.bin,188,33554432,497.85,,
0,bench/30gib-8.bin,189,33554432,390.82,,
0,bench/30gib-8.bin,190,33554432,360.51,,
0,bench/30gib-8.bin,191,33554432,421.98,,
0,bench/30gib-8.bin,192,33554432,438.00,,
0,bench/30gib-8.bin,193,33554432,347.83,,
0,bench/30gib-8.bin,194,33554432,503.04,,
0,bench/30gib-8.bin,195,33554432,450.76,,
0,bench/30gib-8.bin,196,33554432,342.74,,
0,bench/30gib-8.bin,197,33554432,445.93,,
0,bench/30gib-8.bin,198,33554432,358.94,,
0,bench/30gib-8.bin,199,33554432,507.73,,
0,bench/30gib-8.bin,200,33554432,407.73,,
0,bench/30gib-8.bin,201,33554432,489.26,,
0,bench/30gib-8.bin,202,33554432,937.11,,
0,bench/30gib-8.bin,203,33554432,456.50,,
0,bench/30gib-8.bin,204,33554432,427.28,,
0,bench/30gib-8.bin,205,33554432,485.96,,
0,bench/30gib-8.bin,206,33554432,485.88,,
0,bench/30gib-8.bin,207,33554432,353.14,,
0,bench/30gib-8.bin,208,33554432,969.06,,
0,bench/30gib-8.bin,209,33554432,611.20,,
0,bench/30gib-8.bin,210,33554432,471.77,,
0,bench/30gib-8.bin,211,33554432,343.19,,
0,bench/30gib-8.bin,212,33554432,347.19,,
0,bench/30gib-8.bin,213,33554432,838.69,,
0,bench/30gib-8.bin,214,33554432,373.23,,
0,bench/30gib-8.bin,215,33554432,435.29,,
0,bench/30gib-8.bin,216,33554432,423.40,,
0,bench/30gib-8.bin,217,33554432,534.07,,
0,bench/30gib-8.bin,218,33554432,403.62,,
0,bench/30gib-8.bin,219,33554432,574.31,,
0,bench/30gib-8.bin,220,33554432,369.25,,
0,bench/30gib-8.bin,221,33554432,349.93,,
0,bench/30gib-8.bin,222,33554432,612.52,,
0,bench/30gib-8.bin,223,33554432,1040.02,,
0,bench/30gib-8.bin,224,33554432,584.61,,
0,bench/30gib-8.bin,225,33554432,356.43,,
0,bench/30gib-8.bin,226,33554432,647.70,,
0,bench/30gib-8.bin,227,33554432,345.28,,
0,bench/30gib-8.bin,228,33554432,347.75,,
0,bench/30gib-8.bin,229,33554432,536.32,,
0,bench/30gib-8.bin,230,33554432,516.19,,
0,bench/30gib-8.bin,231,33554432,469.79,,
0,bench/30gib-8.bin,232,33554432,348.75,,
0,bench/30gib-8.bin,233,33554432,505.09,,
0,bench/30gib-8.bin,234,33554432,783.46,,
0,bench/30gib-8.bin,235,33554432,528.87,,
0,bench/30gib-8.bin,236,33554432,736.30,,
0,bench/30gib-8.bin,237,33554432,411.51,,
0,bench/30gib-8.bin,238,33554432,347.54,,
0,bench/30gib-8.bin,239,33554432,347.63,,
0,bench/30gib-8.bin,240,33554432,511.34,,
0,bench/30gib-8.bin,241,33554432,402.44,,
0,bench/30gib-8.bin,242,33554432,423.80,,
0,bench/30gib-8.bin,243,33554432,363.33,,
0,bench/30gib-8.bin,244,33554432,569.58,,
0,bench/30gib-8.bin,245,33554432,345.88,,
0,bench/30gib-8.bin,246,33554432,388.75,,
0,bench/30gib-8.bin,247,33554432,869.52,,
0,bench/30gib-8.bin,248,33554432,385.33,,
0,bench/30gib-8.bin,249,33554432,467.20,,
0,bench/30gib-8.bin,250,33554432,508.29,,
0,bench/30gib-8.bin,251,33554432,354.40,,
0,bench/30gib-8.bin,252,33554432,593.26,,
0,bench/30gib-8.bin,253,33554432,704.41,,
0,bench/30gib-8.bin,254,33554432,721.45,,
0,bench/30gib-8.bin,255,33554432,662.96,,
0,bench/30gib-8.bin,256,33554432,531.81,,
0,bench/30gib-8.bin,257,33554432,459.35,,
0,bench/30gib-8.bin,258,33554432,352.49,,
0,bench/30gib-8.bin,259,33554432,468.70,,
0,bench/30gib-8.bin,260,33554432,443.71,,
0,bench/30gib-8.bin,261,33554432,347.45,,
0,bench/30gib-8.bin,262,33554432,375.77,,
0,bench/30gib-8.bin,263,33554432,462.83,,
0,bench/30gib-8.bin,264,33554432,538.74,,
0,bench/30gib-8.bin,265,33554432,339.84,,
0,bench/30gib-8.bin,266,33554432,452.19,,
0,bench/30gib-8.bin,267,33554432,453.38,,
0,bench/30gib-8.bin,268,33554432,349.63,,
0,bench/30gib-8.bin,269,33554432,437.26,,
0,bench/30gib-8.bin,270,33554432,649.59,,
0,bench/30gib-8.bin,271,33554432,385.02,,
0,bench/30gib-8.bin,272,33554432,758.11,,
0,bench/30gib-8.bin,273,33554432,502.54,,
0,bench/30gib-8.bin,274,33554432,553.03,,
0,bench/30gib-8.bin,275,33554432,952.44,,
0,bench/30gib-8.bin,276,33554432,664.44,,
0,bench/30gib-8.bin,277,33554432,397.29,,
0,bench/30gib-8.bin,278,33554432,507.63,,
0,bench/30gib-8.bin,279,33554432,522.05,,
0,bench/30gib-8.bin,280,33554432,484.90,,
0,bench/30gib-8.bin,281,33554432,507.02,,
0,bench/30gib-8.bin,282,33554432,421.31,,
0,bench/30gib-8.bin,283,33554432,363.71,,
0,bench/30gib-8.bin,284,33554432,673.96,,
0,bench/30gib-8.bin,285,33554432,398.04,,
0,bench/30gib-8.bin,286,33554432,994.75,,
0,bench/30gib-8.bin,287,33554432,631.75,,
0,bench/30gib-8.bin,288,33554432,444.49,,
0,bench/30gib-8.bin,289,33554432,630.49,,
0,bench/30gib-8.bin,290,33554432,520.10,,
0,bench/30gib-8.bin,291,33554432,389.23,,
0,bench/30gib-8.bin,292,33554432,645.38,,
0,bench/30gib-8.bin,293,33554432,400.63,,
0,bench/30gib-8.bin,294,33554432,376.70,,
0,bench/30gib-8.bin,295,33554432,944.11,,
0,bench/30gib-8.bin,296,33554432,485.95,,
0,bench/30gib-8.bin,297,33554432,430.50,,
0,bench/30gib-8.bin,298,33554432,460.96,,
0,bench/30gib-8.bin,299,33554432,530.89,,
0,bench/30gib-8.bin,300,33554432,456.33,,
0,bench/30gib-8.bin,301,33554432,506.56,,
0,bench/30gib-8.bin,302,33554432,655.33,,
0,bench/30gib-8.bin,303,33554432,399.15,,
0,bench/30gib-8.bin,304,33554432,581.08,,
0,bench/30gib-8.bin,305,33554432,361.64,,
0,bench/30gib-8.bin,306,33554432,386.68,,
0,bench/30gib-8.bin,307,33554432,539.84,,
0,bench/30gib-8.bin,308,33554432,555.96,,
0,bench/30gib-8.bin,309,33554432,516.88,,
0,bench/30gib-8.bin,310,33554432,367.96,,
0,bench/30gib-8.bin,311,33554432,419.02,,
0,bench/30gib-8.bin,312,33554432,463.28,,
0,bench/30gib-8.bin,313,33554432,481.07,,
0,bench/30gib-8.bin,314,33554432,350.23,,
0,bench/30gib-8.bin,315,33554432,991.20,,
0,bench/30gib-8.bin,316,33554432,506.93,,
0,bench/30gib-8.bin,317,33554432,372.82,,
0,bench/30gib-8.bin,318,33554432,508.29,,
0,bench/30gib-8.bin,319,33554432,343.97,,
0,bench/30gib-8.bin,320,33554432,564.45,,
0,bench/30gib-8.bin,321,33554432,429.92,,
0,bench/30gib-8.bin,322,33554432,513.25,,
0,bench/30gib-8.bin,323,33554432,563.00,,
0,bench/30gib-8.bin,324,33554432,445.21,,
0,bench/30gib-8.bin,325,33554432,928.40,,
0,bench/30gib-8.bin,326,33554432,421.20,,
0,bench/30gib-8.bin,327,33554432,399.97,,
0,bench/30gib-8.bin,328,33554432,451.27,,
0,bench/30gib-8.bin,329,33554432,354.48,,
0,bench/30gib-8.bin,330,33554432,638.27,,
0,bench/30gib-8.bin,331,33554432,346.16,,
0,bench/30gib-8.bin,332,33554432,885.36,,
0,bench/30gib-8.bin,333,33554432,579.19,,
0,bench/30gib-8.bin,334,33554432,352.18,,
0,bench/30gib-8.bin,335,33554432,345.16,,
0,bench/30gib-8.bin,336,33554432,568.72,,
0,bench/30gib-8.bin,337,33554432,573.83,,
0,bench/30gib-8.bin,338,33554432,508.03,,
0,bench/30gib-8.bin,339,33554432,384.33,,
0,bench/30gib-8.bin,340,33554432,384.31,,
0,bench/30gib-8.bin,341,33554432,371.55,,
0,bench/30gib-8.bin,342,33554432,378.97,,
0,bench/30gib-8.bin,343,33554432,682.16,,
0,bench/30gib-8.bin,344,33554432,447.57,,
0,bench/30gib-8.bin,345,33554432,440.84,,
0,bench/30gib-8.bin,346,33554432,586.06,,
0,bench/30gib-8.bin,347,33554432,626.76,,
0,bench/30gib-8.bin,348,33554432,457.51,,
0,bench/30gib-8.bin,349,33554432,366.59,,
0,bench/30gib-8.bin,350,33554432,392.34,,
0,bench/30gib-8.bin,351,33554432,531.83,,
0,bench/30gib-8.bin,352,33554432,608.30,,
0,bench/30gib-8.bin,353,33554432,437.34,,
0,bench/30gib-8.bin,354,33554432,420.46,,
0,bench/30gib-8.bin,355,33554432,372.61,,
0,bench/30gib-8.bin,356,33554432,462.17,,
0,bench/30gib-8.bin,357,33554432,345.25,,
0,bench/30gib-8.bin,358,33554432,366.66,,
0,bench/30gib-8.bin,359,33554432,424.30,,
0,bench/30gib-8.bin,360,33554432,959.41,,
0,bench/30gib-8.bin,361,33554432,340.85,,
0,bench/30gib-8.bin,362,33554432,399.14,,
0,bench/30gib-8.bin,363,33554432,580.17,,
0,bench/30gib-8.bin,364,33554432,581.95,,
0,bench/30gib-8.bin,365,33554432,349.62,,
0,bench/30gib-8.bin,366,33554432,404.18,,
0,bench/30gib-8.bin,367,33554432,347.20,,
0,bench/30gib-8.bin,368,33554432,464.71,,
0,bench/30gib-8.bin,369,33554432,461.98,,
0,bench/30gib-8.bin,370,33554432,615.22,,
0,bench/30gib-8.bin,371,33554432,659.45,,
0,bench/30gib-8.bin,372,33554432,488.82,,
0,bench/30gib-8.bin,373,33554432,346.56,,
0,bench/30gib-8.bin,374,33554432,385.66,,
0,bench/30gib-8.bin,375,33554432,404.95,,
0,bench/30gib-8.bin,376,33554432,717.76,,
0,bench/30gib-8.bin,377,33554432,648.36,,
0,bench/30gib-8.bin,378,33554432,545.53,,
0,bench/30gib-8.bin,379,33554432,367.08,,
0,bench/30gib-8.bin,380,33554432,368.33,,
0,bench/30gib-8.bin,381,33554432,474.46,,
0,bench/30gib-8.bin,382,33554432,563.80,,
0,bench/30gib-8.bin,383,33554432,473.69,,
0,bench/30gib-8.bin,384,33554432,643.38,,
0,bench/30gib-8.bin,385,33554432,378.04,,
0,bench/30gib-8.bin,386,33554432,495.89,,
0,bench/30gib-8.bin,387,33554432,703.06,,
0,bench/30gib-8.bin,388,33554432,353.41,,
0,bench/30gib-8.bin,389,33554432,346.32,,
0,bench/30gib-8.bin,390,33554432,867.17,,
0,bench/30gib-8.bin,391,33554432,341.86,,
0,bench/30gib-8.bin,392,33554432,456.50,,
0,bench/30gib-8.bin,393,33554432,425.89,,
0,bench/30gib-8.bin,394,33554432,416.95,,
0,bench/30gib-8.bin,395,33554432,412.89,,
0,bench/30gib-8.bin,396,33554432,447.60,,
0,bench/30gib-8.bin,397,33554432,779.55,,
0,bench/30gib-8.bin,398,33554432,545.02,,
0,bench/30gib-8.bin,399,33554432,401.81,,
0,bench/30gib-8.bin,400,33554432,512.48,,
0,bench/30gib-8.bin,401,33554432,379.46,,
0,bench/30gib-8.bin,402,33554432,440.31,,
0,bench/30gib-8.bin,403,33554432,403.33,,
0,bench/30gib-8.bin,404,33554432,1012.02,,
0,bench/30gib-8.bin,405,33554432,523.74,,
0,bench/30gib-8.bin,406,33554432,520.48,,
0,bench/30gib-8.bin,407,33554432,897.71,,
0,bench/30gib-8.bin,408,33554432,360.31,,
0,bench/30gib-8.bin,409,33554432,610.70,,
0,bench/30gib-8.bin,410,33554432,768.69,,
0,bench/30gib-8.bin,411,33554432,346.09,,
0,bench/30gib-8.bin,412,33554432,353.52,,
0,bench/30gib-8.bin,413,33554432,1057.41,,
0,bench/30gib-8.bin,414,33554432,545.15,,
0,bench/30gib-8.bin,415,33554432,490.21,,
0,bench/30gib-8.bin,416,33554432,344.23,,
0,bench/30gib-8.bin,417,33554432,841.71,,
0,bench/30gib-8.bin,418,33554432,742.59,,
0,bench/30gib-8.bin,419,33554432,422.83,,
0,bench/30gib-8.bin,420,33554432,498.78,,
0,bench/30gib-8.bin,421,33554432,342.35,,
0,bench/30gib-8.bin,422,33554432,433.18,,
0,bench/30gib-8.bin,423,33554432,358.08,,
0,bench/30gib-8.bin,424,33554432,431.04,,
0,bench/30gib-8.bin,425,33554432,461.48,,
0,bench/30gib-8.bin,426,33554432,359.31,,
0,bench/30gib-8.bin,427,33554432,997.59,,
0,bench/30gib-8.bin,428,33554432,504.00,,
0,bench/30gib-8.bin,429,33554432,521.31,,
0,bench/30gib-8.bin,430,33554432,341.96,,
0,bench/30gib-8.bin,431,33554432,588.14,,
0,bench/30gib-8.bin,432,33554432,441.77,,
0,bench/30gib-8.bin,433,33554432,370.69,,
0,bench/30gib-8.bin,434,33554432,393.60,,
0,bench/30gib-8.bin,435,33554432,341.13,,
0,bench/30gib-8.bin,436,33554432,537.41,,
0,bench/30gib-8.bin,437,33554432,678.73,,
0,bench/30gib-8.bin,438,33554432,511.31,,
0,bench/30gib-8.bin,439,33554432,506.91,,
0,bench/30gib-8.bin,440,33554432,597.13,,
0,bench/30gib-8.bin,441,33554432,599.15,,
0,bench/30gib-8.bin,442,33554432,452.81,,
0,bench/30gib-8.bin,443,33554432,603.26,,
0,bench/30gib-8.bin,444,33554432,459.21,,
0,bench/30gib-8.bin,445,33554432,340.38,,
0,bench/30gib-8.bin,446,33554432,502.06,,
0,bench/30gib-8.bin,447,33554432,413.77,,
0,bench/30gib-8.bin,448,33554432,380.61,,
0,bench/30gib-8.bin,449,33554432,509.79,,
0,bench/30gib-8.bin,450,33554432,390.92,,
0,bench/30gib-8.bin,451,33554432,376.56,,
0,bench/30gib-8.bin,452,33554432,616.90,,
0,bench/30gib-8.bin,453,33554432,366.27,,
0,bench/30gib-8.bin,454,33554432,759.52,,
0,bench/30gib-8.bin,455,33554432,349.05,,
0,bench/30gib-8.bin,456,33554432,613.01,,
0,bench/30gib-8.bin,457,33554432,462.73,,
0,bench/30gib-8.bin,458,33554432,440.31,,
0,bench/30gib-8.bin,459,33554432,670.54,,
0,bench/30gib-8.bin,460,33554432,519.02,,
0,bench/30gib-8.bin,461,33554432,361.47,,
0,bench/30gib-8.bin,462,33554432,578.47,,
0,bench/30gib-8.bin,463,33554432,686.59,,
0,bench/30gib-8.bin,464,33554432,414.36,,
0,bench/30gib-8.bin,465,33554432,469.65,,
0,bench/30gib-8.bin,466,33554432,395.49,,
0,bench/30gib-8.bin,467,33554432,543.17,,
0,bench/30gib-8.bin,468,33554432,447.15,,
0,bench/30gib-8.bin,469,33554432,350.87,,
0,bench/30gib-8.bin,470,33554432,575.33,,
0,bench/30gib-8.bin,471,33554432,467.61,,
0,bench/30gib-8.bin,472,33554432,493.61,,
0,bench/30gib-8.bin,473,33554432,542.37,,
0,bench/30gib-8.bin,474,33554432,542.42,,
0,bench/30gib-8.bin,475,33554432,406.61,,
0,bench/30gib-8.bin,476,33554432,531.10,,
0,bench/30gib-8.bin,477,33554432,604.11,,
0,bench/30gib-8.bin,478,33554432,582.01,,
0,bench/30gib-8.bin,479,33554432,996.99,,
0,bench/30gib-8.bin,480,33554432,515.44,,
0,bench/30gib-8.bin,481,33554432,381.27,,
0,bench/30gib-8.bin,482,33554432,340.26,,
0,bench/30gib-8.bin,483,33554432,837.02,,
0,bench/30gib-8.bin,484,33554432,514.84,,
0,bench/30gib-8.bin,485,33554432,346.39,,
0,bench/30gib-8.bin,486,33554432,369.93,,
0,bench/30gib-8.bin,487,33554432,414.41,,
0,bench/30gib-8.bin,488,33554432,361.43,,
0,bench/30gib-8.bin,489,33554432,548.59,,
0,bench/30gib-8.bin,490,33554432,480.89,,
0,bench/30gib-8.bin,491,33554432,548.30,,
0,bench/30gib-8.bin,492,33554432,451.90,,
0,bench/30gib-8.bin,493,33554432,461.31,,
0,bench/30gib-8.bin,494,33554432,431.95,,
0,bench/30gib-8.bin,495,33554432,915.14,,
0,bench/30gib-8.bin,496,33554432,421.31,,
0,bench/30gib-8.bin,497,33554432,398.44,,
0,bench/30gib-8.bin,498,33554432,444.59,,
0,bench/30gib-8.bin,499,33554432,397.23,,
0,bench/30gib-8.bin,500,33554432,431.75,,
0,bench/30gib-8.bin,501,33554432,663.27,,
0,bench/30gib-8.bin,502,33554432,457.54,,
0,bench/30gib-8.bin,503,33554432,690.62,,
0,bench/30gib-8.bin,504,33554432,441.85,,
0,bench/30gib-8.bin,505,33554432,464.48,,
0,bench/30gib-8.bin,506,33554432,430.80,,
0,bench/30gib-8.bin,507,33554432,554.74,,
0,bench/30gib-8.bin,508,33554432,341.23,,
0,bench/30gib-8.bin,509,33554432,510.43,,
0,bench/30gib-8.bin,510,33554432,347.98,,
0,bench/30gib-8.bin,511,33554432,848.17,,
0,bench/30gib-8.bin,512,33554432,346.42,,
0,bench/30gib-8.bin,513,33554432,517.18,,
0,bench/30gib-8.bin,514,33554432,822.80,,
0,bench/30gib-8.bin,515,33554432,624.79,,
0,bench/30gib-8.bin,516,33554432,593.36,,
0,bench/30gib-8.bin,517,33554432,632.66,,
0,bench/30gib-8.bin,518,33554432,919.47,,
0,bench/30gib-8.bin,519,33554432,628.65,,
0,bench/30gib-8.bin,520,33554432,496.56,,
0,bench/30gib-8.bin,521,33554432,417.27,,
0,bench/30gib-8.bin,522,33554432,496.95,,
0,bench/30gib-8.bin,523,33554432,648.59,,
0,bench/30gib-8.bin,524,33554432,517.68,,
0,bench/30gib-8.bin,525,33554432,494.52,,
0,bench/30gib-8.bin,526,33554432,341.25,,
0,bench/30gib-8.bin,527,33554432,902.64,,
0,bench/30gib-8.bin,528,33554432,346.08,,
0,bench/30gib-8.bin,529,33554432,437.00,,
0,bench/30gib-8.bin,530,33554432,443.82,,
0,bench/30gib-8.bin,531,33554432,405.10,,
0,bench/30gib-8.bin,532,33554432,456.93,,
0,bench/30gib-8.bin,533,33554432,392.65,,
0,bench/30gib-8.bin,534,33554432,452.08,,
0,bench/30gib-8.bin,535,33554432,473.72,,
0,bench/30gib-8.bin,536,33554432,410.59,,
0,bench/30gib-8.bin,537,33554432,617.85,,
0,bench/30gib-8.bin,538,33554432,576.45,,
0,bench/30gib-8.bin,539,33554432,411.35,,
0,bench/30gib-8.bin,540,33554432,436.00,,
0,bench/30gib-8.bin,541,33554432,490.89,,
0,bench/30gib-8.bin,542,33554432,570.96,,
0,bench/30gib-8.bin,543,33554432,341.00,,
0,bench/30gib-8.bin,544,33554432,449.75,,
0,bench/30gib-8.bin,545,33554432,388.89,,
0,bench/30gib-8.bin,546,33554432,526.47,,
0,bench/30gib-8.bin,547,33554432,372.86,,
0,bench/30gib-8.bin,548,33554432,581.52,,
0,bench/30gib-8.bin,549,33554432,372.10,,
0,bench/30gib-8.bin,550,33554432,485.47,,
0,bench/30gib-8.bin,551,33554432,465.37,,
0,bench/30gib-8.bin,552,33554432,896.60,,
0,bench/30gib-8.bin,553,33554432,453.72,,
0,bench/30gib-8.bin,554,33554432,557.41,,
0,bench/30gib-8.bin,555,33554432,868.25,,
0,bench/30gib-8.bin,556,33554432,537.68,,
0,bench/30gib-8.bin,557,33554432,350.25,,
0,bench/30gib-8.bin,558,33554432,349.31,,
0,bench/30gib-8.bin,559,33554432,436.90,,
0,bench/30gib-8.bin,560,33554432,393.44,,
0,bench/30gib-8.bin,561,33554432,341.20,,
0,bench/30gib-8.bin,562,33554432,596.81,,
0,bench/30gib-8.bin,563,33554432,531.41,,
0,bench/30gib-8.bin,564,33554432,512.39,,
0,bench/30gib-8.bin,565,33554432,804.54,,
0,bench/30gib-8.bin,566,33554432,481.57,,
0,bench/30gib-8.bin,567,33554432,346.54,,
0,bench/30gib-8.bin,568,33554432,465.99,,
0,bench/30gib-8.bin,569,33554432,449.74,,
0,bench/30gib-8.bin,570,33554432,477.12,,
0,bench/30gib-8.bin,571,33554432,445.74,,
0,bench/30gib-8.bin,572,33554432,765.44,,
0,bench/30gib-8.bin,573,33554432,598.09,,
0,bench/30gib-8.bin,574,33554432,478.80,,
0,bench/30gib-8.bin,575,33554432,588.58,,
0,bench/30gib-8.bin,576,33554432,372.46,,
0,bench/30gib-8.bin,577,33554432,428.80,,
0,bench/30gib-8.bin,578,33554432,479.47,,
0,bench/30gib-8.bin,579,33554432,529.00,,
0,bench/30gib-8.bin,580,33554432,932.22,,
0,bench/30gib-8.bin,581,33554432,481.65,,
0,bench/30gib-8.bin,582,33554432,911.61,,
0,bench/30gib-8.bin,583,33554432,473.47,,
0,bench/30gib-8.bin,584,33554432,355.73,,
0,bench/30gib-8.bin,585,33554432,801.09,,
0,bench/30gib-8.bin,586,33554432,412.84,,
0,bench/30gib-8.bin,587,33554432,682.01,,
0,bench/30gib-8.bin,588,33554432,639.57,,
0,bench/30gib-8.bin,589,33554432,702.60,,
0,bench/30gib-8.bin,590,33554432,406.41,,
0,bench/30gib-8.bin,591,33554432,638.31,,
0,bench/30gib-8.bin,592,33554432,415.76,,
0,bench/30gib-8.bin,593,33554432,559.74,,
0,bench/30gib-8.bin,594,33554432,447.95,,
0,bench/30gib-8.bin,595,33554432,520.96,,
0,bench/30gib-8.bin,596,33554432,464.80,,
0,bench/30gib-8.bin,597,33554432,378.37,,
0,bench/30gib-8.bin,598,33554432,620.58,,
0,bench/30gib-8.bin,599,33554432,570.05,,
0,bench/30gib-8.bin,600,33554432,414.43,,
0,bench/30gib-8.bin,601,33554432,341.66,,
0,bench/30gib-8.bin,602,33554432,661.46,,
0,bench/30gib-8.bin,603,33554432,392.43,,
0,bench/30gib-8.bin,604,33554432,690.24,,
0,bench/30gib-8.bin,605,33554432,353.37,,
0,bench/30gib-8.bin,606,33554432,355.29,,
0,bench/30gib-8.bin,607,33554432,381.59,,
0,bench/30gib-8.bin,608,33554432,403.36,,
0,bench/30gib-8.bin,609,33554432,489.52,,
0,bench/30gib-8.bin,610,33554432,463.13,,
0,bench/30gib-8.bin,611,33554432,526.46,,
0,bench/30gib-8.bin,612,33554432,402.75,,
0,bench/30gib-8.bin,613,33554432,369.36,,
0,bench/30gib-8.bin,614,33554432,350.22,,
0,bench/30gib-8.bin,615,33554432,497.95,,
0,bench/30gib-8.bin,616,33554432,457.26,,
0,bench/30gib-8.bin,617,33554432,495.78,,
0,bench/30gib-8.bin,618,33554432,591.67,,
0,bench/30gib-8.bin,619,33554432,539.85,,
0,bench/30gib-8.bin,620,33554432,1041.35,,
0,bench/30gib-8.bin,621,33554432,629.09,,
0,bench/30gib-8.bin,622,33554432,486.00,,
0,bench/30gib-8.bin,623,33554432,486.20,,
0,bench/30gib-8.bin,624,33554432,763.65,,
0,bench/30gib-8.bin,625,33554432,699.01,,
0,bench/30gib-8.bin,626,33554432,671.35,,
0,bench/30gib-8.bin,627,33554432,458.96,,
0,bench/30gib-8.bin,628,33554432,960.99,,
0,bench/30gib-8.bin,629,33554432,526.53,,
0,bench/30gib-8.bin,630,33554432,527.90,,
0,bench/30gib-8.bin,631,33554432,543.98,,
0,bench/30gib-8.bin,632,33554432,504.65,,
0,bench/30gib-8.bin,633,33554432,488.98,,
0,bench/30gib-8.bin,634,33554432,431.24,,
0,bench/30gib-8.bin,635,33554432,693.11,,
0,bench/30gib-8.bin,636,33554432,572.24,,
0,bench/30gib-8.bin,637,33554432,557.68,,
0,bench/30gib-8.bin,638,33554432,450.03,,
0,bench/30gib-8.bin,639,33554432,457.86,,
0,bench/30gib-8.bin,640,33554432,512.85,,
0,bench/30gib-8.bin,641,33554432,705.00,,
0,bench/30gib-8.bin,642,33554432,569.48,,
0,bench/30gib-8.bin,643,33554432,570.06,,
0,bench/30gib-8.bin,644,33554432,428.46,,
0,bench/30gib-8.bin,645,33554432,446.61,,
0,bench/30gib-8.bin,646,33554432,460.56,,
0,bench/30gib-8.bin,647,33554432,517.40,,
0,bench/30gib-8.bin,648,33554432,456.81,,
0,bench/30gib-8.bin,649,33554432,398.49,,
0,bench/30gib-8.bin,650,33554432,574.79,,
0,bench/30gib-8.bin,651,33554432,481.49,,
0,bench/30gib-8.bin,652,33554432,630.99,,
0,bench/30gib-8.bin,653,33554432,578.84,,
0,bench/30gib-8.bin,654,33554432,398.24,,
0,bench/30gib-8.bin,655,33554432,717.75,,
0,bench/30gib-8.bin,656,33554432,670.67,,
0,bench/30gib-8.bin,657,33554432,468.95,,
0,bench/30gib-8.bin,658,33554432,525.63,,
0,bench/30gib-8.bin,659,33554432,375.58,,
0,bench/30gib-8.bin,660,33554432,537.95,,
0,bench/30gib-8.bin,661,33554432,377.48,,
0,bench/30gib-8.bin,662,33554432,580.90,,
0,bench/30gib-8.bin,663,33554432,603.57,,
0,bench/30gib-8.bin,664,33554432,415.73,,
0,bench/30gib-8.bin,665,33554432,480.06,,
0,bench/30gib-8.bin,666,33554432,587.88,,
0,bench/30gib-8.bin,667,33554432,373.33,,
0,bench/30gib-8.bin,668,33554432,533.32,,
0,bench/30gib-8.bin,669,33554432,421.02,,
0,bench/30gib-8.bin,670,33554432,737.94,,
0,bench/30gib-8.bin,671,33554432,467.04,,
0,bench/30gib-8.bin,672,33554432,425.51,,
0,bench/30gib-8.bin,673,33554432,462.39,,
0,bench/30gib-8.bin,674,33554432,519.25,,
0,bench/30gib-8.bin,675,33554432,529.52,,
0,bench/30gib-8.bin,676,33554432,651.93,,
0,bench/30gib-8.bin,677,33554432,601.96,,
0,bench/30gib-8.bin,678,33554432,387.30,,
0,bench/30gib-8.bin,679,33554432,384.03,,
0,bench/30gib-8.bin,680,33554432,478.69,,
0,bench/30gib-8.bin,681,33554432,549.66,,
0,bench/30gib-8.bin,682,33554432,600.07,,
0,bench/30gib-8.bin,683,33554432,523.21,,
0,bench/30gib-8.bin,684,33554432,423.39,,
0,bench/30gib-8.bin,685,33554432,380.00,,
0,bench/30gib-8.bin,686,33554432,384.64,,
0,bench/30gib-8.bin,687,33554432,601.13,,
0,bench/30gib-8.bin,688,33554432,459.17,,
0,bench/30gib-8.bin,689,33554432,448.19,,
0,bench/30gib-8.bin,690,33554432,569.39,,
0,bench/30gib-8.bin,691,33554432,602.04,,
0,bench/30gib-8.bin,692,33554432,474.00,,
0,bench/30gib-8.bin,693,33554432,513.48,,
0,bench/30gib-8.bin,694,33554432,587.39,,
0,bench/30gib-8.bin,695,33554432,551.25,,
0,bench/30gib-8.bin,696,33554432,575.31,,
0,bench/30gib-8.bin,697,33554432,442.34,,
0,bench/30gib-8.bin,698,33554432,570.84,,
0,bench/30gib-8.bin,699,33554432,704.94,,
0,bench/30gib-8.bin,700,33554432,442.65,,
0,bench/30gib-8.bin,701,33554432,630.99,,
0,bench/30gib-8.bin,702,33554432,564.86,,
0,bench/30gib-8.bin,703,33554432,473.80,,
0,bench/30gib-8.bin,704,33554432,576.20,,
0,bench/30gib-8.bin,705,33554432,389.60,,
0,bench/30gib-8.bin,706,33554432,555.63,,
0,bench/30gib-8.bin,707,33554432,419.85,,
0,bench/30gib-8.bin,708,33554432,544.62,,
0,bench/30gib-8.bin,709,33554432,443.01,,
0,bench/30gib-8.bin,710,33554432,650.81,,
0,bench/30gib-8.bin,711,33554432,494.32,,
0,bench/30gib-8.bin,712,33554432,414.50,,
0,bench/30gib-8.bin,713,33554432,568.92,,
0,bench/30gib-8.bin,714,33554432,431.71,,
0,bench/30gib-8.bin,715,33554432,472.00,,
0,bench/30gib-8.bin,716,33554432,572.63,,
0,bench/30gib-8.bin,717,33554432,560.46,,
0,bench/30gib-8.bin,718,33554432,442.37,,
0,bench/30gib-8.bin,719,33554432,663.18,,
0,bench/30gib-8.bin,720,33554432,529.67,,
0,bench/30gib-8.bin,721,33554432,425.24,,
0,bench/30gib-8.bin,722,33554432,484.14,,
0,bench/30gib-8.bin,723,33554432,423.50,,
0,bench/30gib-8.bin,724,33554432,464.11,,
0,bench/30gib-8.bin,725,33554432,344.72,,
0,bench/30gib-8.bin,726,33554432,375.35,,
0,bench/30gib-8.bin,727,33554432,362.95,,
0,bench/30gib-8.bin,728,33554432,414.98,,
0,bench/30gib-8.bin,729,33554432,443.34,,
0,bench/30gib-8.bin,730,33554432,934.95,,
0,bench/30gib-8.bin,731,33554432,373.54,,
0,bench/30gib-8.bin,732,33554432,922.55,,
0,bench/30gib-8.bin,733,33554432,398.11,,
0,bench/30gib-8.bin,734,33554432,668.82,,
0,bench/30gib-8.bin,735,33554432,783.26,,
0,bench/30gib-8.bin,736,33554432,617.44,,
0,bench/30gib-8.bin,737,33554432,435.93,,
0,bench/30gib-8.bin,738,33554432,469.11,,
0,bench/30gib-8.bin,739,33554432,600.90,,
0,bench/30gib-8.bin,740,33554432,704.26,,
0,bench/30gib-8.bin,741,33554432,576.18,,
0,bench/30gib-8.bin,742,33554432,401.16,,
0,bench/30gib-8.bin,743,33554432,387.11,,
0,bench/30gib-8.bin,744,33554432,703.57,,
0,bench/30gib-8.bin,745,33554432,418.96,,
0,bench/30gib-8.bin,746,33554432,397.38,,
0,bench/30gib-8.bin,747,33554432,472.98,,
0,bench/30gib-8.bin,748,33554432,384.35,,
0,bench/30gib-8.bin,749,33554432,347.09,,
0,bench/30gib-8.bin,750,33554432,430.37,,
0,bench/30gib-8.bin,751,33554432,419.75,,
0,bench/30gib-8.bin,752,33554432,571.33,,
0,bench/30gib-8.bin,753,33554432,357.40,,
0,bench/30gib-8.bin,754,33554432,406.08,,
0,bench/30gib-8.bin,755,33554432,452.89,,
0,bench/30gib-8.bin,756,33554432,419.29,,
0,bench/30gib-8.bin,757,33554432,410.03,,
0,bench/30gib-8.bin,758,33554432,437.33,,
0,bench/30gib-8.bin,759,33554432,643.69,,
0,bench/30gib-8.bin,760,33554432,453.35,,
0,bench/30gib-8.bin,761,33554432,644.48,,
0,bench/30gib-8.bin,762,33554432,776.44,,
0,bench/30gib-8.bin,763,33554432,701.94,,
0,bench/30gib-8.bin,764,33554432,581.07,,
0,bench/30gib-8.bin,765,33554432,606.67,,
0,bench/30gib-8.bin,766,33554432,440.57,,
0,bench/30gib-8.bin,767,33554432,792.37,,
0,bench/30gib-8.bin,768,33554432,502.33,,
0,bench/30gib-8.bin,769,33554432,360.68,,
0,bench/30gib-8.bin,770,33554432,932.94,,
0,bench/30gib-8.bin,771,33554432,573.62,,
0,bench/30gib-8.bin,772,33554432,436.78,,
0,bench/30gib-8.bin,773,33554432,403.74,,
0,bench/30gib-8.bin,774,33554432,490.64,,
0,bench/30gib-8.bin,775,33554432,566.64,,
0,bench/30gib-8.bin,776,33554432,353.30,,
0,bench/30gib-8.bin,777,33554432,386.27,,
0,bench/30gib-8.bin,778,33554432,429.93,,
0,bench/30gib-8.bin,779,33554432,537.51,,
0,bench/30gib-8.bin,780,33554432,348.67,,
0,bench/30gib-8.bin,781,33554432,443.07,,
0,bench/30gib-8.bin,782,33554432,468.54,,
0,bench/30gib-8.bin,783,33554432,367.84,,
0,bench/30gib-8.bin,784,33554432,395.57,,
0,bench/30gib-8.bin,785,33554432,376.48,,
0,bench/30gib-8.bin,786,33554432,664.80,,
0,bench/30gib-8.bin,787,33554432,622.02,,
0,bench/30gib-8.bin,788,33554432,445.42,,
0,bench/30gib-8.bin,789,33554432,389.05,,
0,bench/30gib-8.bin,790,33554432,613.37,,
0,bench/30gib-8.bin,791,33554432,531.49,,
0,bench/30gib-8.bin,792,33554432,479.48,,
0,bench/30gib-8.bin,793,33554432,444.66,,
0,bench/30gib-8.bin,794,33554432,397.36,,
0,bench/30gib-8.bin,795,33554432,1042.19,,
0,bench/30gib-8.bin,796,33554432,714.77,,
0,bench/30gib-8.bin,797,33554432,493.70,,
0,bench/30gib-8.bin,798,33554432,356.48,,
0,bench/30gib-8.bin,799,33554432,680.27,,
0,bench/30gib-8.bin,800,33554432,443.36,,
0,bench/30gib-8.bin,801,33554432,441.82,,
0,bench/30gib-8.bin,802,33554432,681.94,,
0,bench/30gib-8.bin,803,33554432,536.31,,
0,bench/30gib-8.bin,804,33554432,775.60,,
0,bench/30gib-8.bin,805,33554432,500.57,,
0,bench/30gib-8.bin,806,33554432,541.88,,
0,bench/30gib-8.bin,807,33554432,433.54,,
0,bench/30gib-8.bin,808,33554432,378.64,,
0,bench/30gib-8.bin,809,33554432,462.25,,
0,bench/30gib-8.bin,810,33554432,677.57,,
0,bench/30gib-8.bin,811,33554432,774.34,,
0,bench/30gib-8.bin,812,33554432,387.86,,
0,bench/30gib-8.bin,813,33554432,412.46,,
0,bench/30gib-8.bin,814,33554432,518.52,,
0,bench/30gib-8.bin,815,33554432,536.98,,
0,bench/30gib-8.bin,816,33554432,375.97,,
0,bench/30gib-8.bin,817,33554432,480.33,,
0,bench/30gib-8.bin,818,33554432,634.17,,
0,bench/30gib-8.bin,819,33554432,455.75,,
0,bench/30gib-8.bin,820,33554432,664.68,,
0,bench/30gib-8.bin,821,33554432,532.69,,
0,bench/30gib-8.bin,822,33554432,459.39,,
0,bench/30gib-8.bin,823,33554432,586.48,,
0,bench/30gib-8.bin,824,33554432,444.26,,
0,bench/30gib-8.bin,825,33554432,413.44,,
0,bench/30gib-8.bin,826,33554432,403.94,,
0,bench/30gib-8.bin,827,33554432,397.93,,
0,bench/30gib-8.bin,828,33554432,536.16,,
0,bench/30gib-8.bin,829,33554432,477.54,,
0,bench/30gib-8.bin,830,33554432,498.98,,
0,bench/30gib-8.bin,831,33554432,355.86,,
0,bench/30gib-8.bin,832,33554432,353.40,,
0,bench/30gib-8.bin,833,33554432,420.12,,
0,bench/30gib-8.bin,834,33554432,348.17,,
0,bench/30gib-8.bin,835,33554432,353.27,,
0,bench/30gib-8.bin,836,33554432,376.46,,
0,bench/30gib-8.bin,837,33554432,520.57,,
0,bench/30gib-8.bin,838,33554432,476.94,,
0,bench/30gib-8.bin,839,33554432,465.11,,
0,bench/30gib-8.bin,840,33554432,387.71,,
0,bench/30gib-8.bin,841,33554432,747.46,,
0,bench/30gib-8.bin,842,33554432,657.60,,
0,bench/30gib-8.bin,843,33554432,539.08,,
0,bench/30gib-8.bin,844,33554432,449.38,,
0,bench/30gib-8.bin,845,33554432,493.03,,
0,bench/30gib-8.bin,846,33554432,550.35,,
0,bench/30gib-8.bin,847,33554432,449.61,,
0,bench/30gib-8.bin,848,33554432,395.30,,
0,bench/30gib-8.bin,849,33554432,875.46,,
0,bench/30gib-8.bin,850,33554432,384.99,,
0,bench/30gib-8.bin,851,33554432,971.07,,
0,bench/30gib-8.bin,852,33554432,392.62,,
0,bench/30gib-8.bin,853,33554432,393.49,,
0,bench/30gib-8.bin,854,33554432,769.90,,
0,bench/30gib-8.bin,855,33554432,391.63,,
0,bench/30gib-8.bin,856,33554432,752.85,,
0,bench/30gib-8.bin,857,33554432,395.62,,
0,bench/30gib-8.bin,858,33554432,693.93,,
0,bench/30gib-8.bin,859,33554432,524.62,,
0,bench/30gib-8.bin,860,33554432,378.83,,
0,bench/30gib-8.bin,861,33554432,347.36,,
0,bench/30gib-8.bin,862,33554432,377.83,,
0,bench/30gib-8.bin,863,33554432,374.01,,
0,bench/30gib-8.bin,864,33554432,638.44,,
0,bench/30gib-8.bin,865,33554432,400.24,,
0,bench/30gib-8.bin,866,33554432,628.34,,
0,bench/30gib-8.bin,867,33554432,652.86,,
0,bench/30gib-8.bin,868,33554432,394.37,,
0,bench/30gib-8.bin,869,33554432,393.43,,
0,bench/30gib-8.bin,870,33554432,491.49,,
0,bench/30gib-8.bin,871,33554432,407.96,,
0,bench/30gib-8.bin,872,33554432,1066.60,,
0,bench/30gib-8.bin,873,33554432,425.42,,
0,bench/30gib-8.bin,874,33554432,660.51,,
0,bench/30gib-8.bin,875,33554432,480.94,,
0,bench/30gib-8.bin,876,33554432,422.85,,
0,bench/30gib-8.bin,877,33554432,416.82,,
0,bench/30gib-8.bin,878,33554432,470.27,,
0,bench/30gib-8.bin,879,33554432,540.10,,
0,bench/30gib-8.bin,880,33554432,548.66,,
0,bench/30gib-8.bin,881,33554432,483.97,,
0,bench/30gib-8.bin,882,33554432,743.83,,
0,bench/30gib-8.bin,883,33554432,564.60,,
0,bench/30gib-8.bin,884,33554432,351.04,,
0,bench/30gib-8.bin,885,33554432,1218.86,,
0,bench/30gib-8.bin,886,33554432,475.70,,
0,bench/30gib-8.bin,887,33554432,528.89,,
0,bench/30gib-8.bin,888,33554432,575.89,,
0,bench/30gib-8.bin,889,33554432,651.82,,
0,bench/30gib-8.bin,890,33554432,412.27,,
0,bench/30gib-8.bin,891,33554432,505.79,,
0,bench/30gib-8.bin,892,33554432,423.94,,
0,bench/30gib-8.bin,893,33554432,564.40,,
0,bench/30gib-8.bin,894,33554432,545.68,,
0,bench/30gib-8.bin,895,33554432,930.49,,
0,bench/30gib-8.bin,896,33554432,477.36,,
0,bench/30gib-8.bin,897,33554432,438.69,,
0,bench/30gib-8.bin,898,33554432,432.92,,
0,bench/30gib-8.bin,899,33554432,726.96,,
0,bench/30gib-8.bin,900,33554432,607.58,,
0,bench/30gib-8.bin,901,33554432,570.56,,
0,bench/30gib-8.bin,902,33554432,356.95,,
0,bench/30gib-8.bin,903,33554432,475.07,,
0,bench/30gib-8.bin,904,33554432,551.12,,
0,bench/30gib-8.bin,905,33554432,549.45,,
0,bench/30gib-8.bin,906,33554432,349.50,,
0,bench/30gib-8.bin,907,33554432,546.44,,
0,bench/30gib-8.bin,908,33554432,418.42,,
0,bench/30gib-8.bin,909,33554432,562.02,,
0,bench/30gib-8.bin,910,33554432,590.84,,
0,bench/30gib-8.bin,911,33554432,800.13,,
0,bench/30gib-8.bin,912,33554432,670.09,,
0,bench/30gib-8.bin,913,33554432,407.37,,
0,bench/30gib-8.bin,914,33554432,432.95,,
0,bench/30gib-8.bin,915,33554432,771.78,,
0,bench/30gib-8.bin,916,33554432,541.97,,
0,bench/30gib-8.bin,917,33554432,413.22,,
0,bench/30gib-8.bin,918,33554432,447.45,,
0,bench/30gib-8.bin,919,33554432,384.45,,
0,bench/30gib-8.bin,920,33554432,473.96,,
0,bench/30gib-8.bin,921,33554432,356.94,,
0,bench/30gib-8.bin,922,33554432,446.05,,
0,bench/30gib-8.bin,923,33554432,1083.26,,
0,bench/30gib-8.bin,924,33554432,615.37,,
0,bench/30gib-8.bin,925,33554432,495.56,,
0,bench/30gib-8.bin,926,33554432,572.37,,
0,bench/30gib-8.bin,927,33554432,448.83,,
0,bench/30gib-8.bin,928,33554432,504.57,,
0,bench/30gib-8.bin,929,33554432,598.98,,
0,bench/30gib-8.bin,930,33554432,989.95,,
0,bench/30gib-8.bin,931,33554432,499.48,,
0,bench/30gib-8.bin,932,33554432,427.17,,
0,bench/30gib-8.bin,933,33554432,667.33,,
0,bench/30gib-8.bin,934,33554432,526.09,,
0,bench/30gib-8.bin,935,33554432,474.15,,
0,bench/30gib-8.bin,936,33554432,400.69,,
0,bench/30gib-8.bin,937,33554432,995.44,,
0,bench/30gib-8.bin,938,33554432,432.70,,
0,bench/30gib-8.bin,939,33554432,411.58,,
0,bench/30gib-8.bin,940,33554432,413.04,,
0,bench/30gib-8.bin,941,33554432,634.35,,
0,bench/30gib-8.bin,942,33554432,561.31,,
0,bench/30gib-8.bin,943,33554432,389.80,,
0,bench/30gib-8.bin,944,33554432,556.54,,
0,bench/30gib-8.bin,945,33554432,649.38,,
0,bench/30gib-8.bin,946,33554432,646.12,,
0,bench/30gib-8.bin,947,33554432,629.81,,
0,bench/30gib-8.bin,948,33554432,621.07,,
0,bench/30gib-8.bin,949,33554432,589.45,,
0,bench/30gib-8.bin,950,33554432,395.99,,
0,bench/30gib-8.bin,951,33554432,529.81,,
0,bench/30gib-8.bin,952,33554432,398.63,,
0,bench/30gib-8.bin,953,33554432,678.28,,
0,bench/30gib-8.bin,954,33554432,496.61,,
0,bench/30gib-8.bin,955,33554432,478.09,,
0,bench/30gib-8.bin,956,33554432,346.90,,
0,bench/30gib-8.bin,957,33554432,425.28,,
0,bench/30gib-8.bin,958,33554432,340.70,,
0,bench/30gib-8.bin,959,33554432,615.46,,
0,bench/30gib-8.bin,960,33554432,476.91,,
0,bench/30gib-9.bin,1,33554432,776.79,,
0,bench/30gib-9.bin,2,33554432,476.36,,
0,bench/30gib-9.bin,3,33554432,879.46,,
0,bench/30gib-9.bin,4,33554432,1435.64,,
0,bench/30gib-9.bin,5,33554432,1204.07,,
0,bench/30gib-9.bin,6,33554432,1103.76,,
0,bench/30gib-9.bin,7,33554432,1478.29,,
0,bench/30gib-9.bin,8,33554432,1374.31,,
0,bench/30gib-9.bin,9,33554432,709.56,,
0,bench/30gib-9.bin,10,33554432,1639.38,,
0,bench/30gib-9.bin,11,33554432,647.50,,
0,bench/30gib-9.bin,12,33554432,1007.59,,
0,bench/30gib-9.bin,13,33554432,616.29,,
0,bench/30gib-9.bin,14,33554432,872.94,,
0,bench/30gib-9.bin,15,33554432,853.58,,
0,bench/30gib-9.bin,16,33554432,604.50,,
0,bench/30gib-9.bin,17,33554432,702.85,,
0,bench/30gib-9.bin,18,33554432,646.71,,
0,bench/30gib-9.bin,19,33554432,504.39,,
0,bench/30gib-9.bin,20,33554432,609.57,,
0,bench/30gib-9.bin,21,33554432,1092.06,,
0,bench/30gib-9.bin,22,33554432,731.07,,
0,bench/30gib-9.bin,23,33554432,718.74,,
0,bench/30gib-9.bin,24,33554432,753.65,,
0,bench/30gib-9.bin,25,33554432,732.69,,
0,bench/30gib-9.bin,26,33554432,1081.24,,
0,bench/30gib-9.bin,27,33554432,990.44,,
0,bench/30gib-9.bin,28,33554432,514.19,,
0,bench/30gib-9.bin,29,33554432,484.04,,
0,bench/30gib-9.bin,30,33554432,675.94,,
0,bench/30gib-9.bin,31,33554432,438.67,,
0,bench/30gib-9.bin,32,33554432,1289.63,,
0,bench/30gib-9.bin,33,33554432,549.84,,
0,bench/30gib-9.bin,34,33554432,673.19,,
0,bench/30gib-9.bin,35,33554432,691.06,,
0,bench/30gib-9.bin,36,33554432,763.41,,
0,bench/30gib-9.bin,37,33554432,416.66,,
0,bench/30gib-9.bin,38,33554432,1214.75,,
0,bench/30gib-9.bin,39,33554432,680.55,,
0,bench/30gib-9.bin,40,33554432,749.73,,
0,bench/30gib-9.bin,41,33554432,725.69,,
0,bench/30gib-9.bin,42,33554432,678.14,,
0,bench/30gib-9.bin,43,33554432,377.84,,
0,bench/30gib-9.bin,44,33554432,625.10,,
0,bench/30gib-9.bin,45,33554432,578.36,,
0,bench/30gib-9.bin,46,33554432,490.75,,
0,bench/30gib-9.bin,47,33554432,421.49,,
0,bench/30gib-9.bin,48,33554432,545.44,,
0,bench/30gib-9.bin,49,33554432,419.53,,
0,bench/30gib-9.bin,50,33554432,1310.28,,
0,bench/30gib-9.bin,51,33554432,511.12,,
0,bench/30gib-9.bin,52,33554432,792.76,,
0,bench/30gib-9.bin,53,33554432,1051.84,,
0,bench/30gib-9.bin,54,33554432,623.34,,
0,bench/30gib-9.bin,55,33554432,712.45,,
0,bench/30gib-9.bin,56,33554432,448.72,,
0,bench/30gib-9.bin,57,33554432,638.84,,
0,bench/30gib-9.bin,58,33554432,763.03,,
0,bench/30gib-9.bin,59,33554432,504.55,,
0,bench/30gib-9.bin,60,33554432,494.47,,
0,bench/30gib-9.bin,61,33554432,576.49,,
0,bench/30gib-9.bin,62,33554432,963.75,,
0,bench/30gib-9.bin,63,33554432,1083.56,,
0,bench/30gib-9.bin,64,33554432,440.53,,
0,bench/30gib-9.bin,65,33554432,599.19,,
0,bench/30gib-9.bin,66,33554432,353.14,,
0,bench/30gib-9.bin,67,33554432,511.92,,
0,bench/30gib-9.bin,68,33554432,347.56,,
0,bench/30gib-9.bin,69,33554432,842.43,,
0,bench/30gib-9.bin,70,33554432,411.69,,
0,bench/30gib-9.bin,71,33554432,638.52,,
0,bench/30gib-9.bin,72,33554432,965.76,,
0,bench/30gib-9.bin,73,33554432,463.96,,
0,bench/30gib-9.bin,74,33554432,444.59,,
0,bench/30gib-9.bin,75,33554432,370.72,,
0,bench/30gib-9.bin,76,33554432,642.53,,
0,bench/30gib-9.bin,77,33554432,473.59,,
0,bench/30gib-9.bin,78,33554432,893.32,,
0,bench/30gib-9.bin,79,33554432,604.68,,
0,bench/30gib-9.bin,80,33554432,456.21,,
0,bench/30gib-9.bin,81,33554432,827.07,,
0,bench/30gib-9.bin,82,33554432,534.88,,
0,bench/30gib-9.bin,83,33554432,387.27,,
0,bench/30gib-9.bin,84,33554432,749.09,,
0,bench/30gib-9.bin,85,33554432,726.27,,
0,bench/30gib-9.bin,86,33554432,592.93,,
0,bench/30gib-9.bin,87,33554432,795.55,,
0,bench/30gib-9.bin,88,33554432,500.98,,
0,bench/30gib-9.bin,89,33554432,370.22,,
0,bench/30gib-9.bin,90,33554432,481.87,,
0,bench/30gib-9.bin,91,33554432,538.20,,
0,bench/30gib-9.bin,92,33554432,512.17,,
0,bench/30gib-9.bin,93,33554432,470.12,,
0,bench/30gib-9.bin,94,33554432,350.27,,
0,bench/30gib-9.bin,95,33554432,544.33,,
0,bench/30gib-9.bin,96,33554432,414.80,,
0,bench/30gib-9.bin,97,33554432,847.57,,
0,bench/30gib-9.bin,98,33554432,591.77,,
0,bench/30gib-9.bin,99,33554432,735.47,,
0,bench/30gib-9.bin,100,33554432,446.14,,
0,bench/30gib-9.bin,101,33554432,858.71,,
0,bench/30gib-9.bin,102,33554432,457.96,,
0,bench/30gib-9.bin,103,33554432,353.47,,
0,bench/30gib-9.bin,104,33554432,462.82,,
0,bench/30gib-9.bin,105,33554432,352.87,,
0,bench/30gib-9.bin,106,33554432,352.34,,
0,bench/30gib-9.bin,107,33554432,924.74,,
0,bench/30gib-9.bin,108,33554432,455.37,,
0,bench/30gib-9.bin,109,33554432,851.61,,
0,bench/30gib-9.bin,110,33554432,518.34,,
0,bench/30gib-9.bin,111,33554432,512.40,,
0,bench/30gib-9.bin,112,33554432,662.57,,
0,bench/30gib-9.bin,113,33554432,792.93,,
0,bench/30gib-9.bin,114,33554432,646.26,,
0,bench/30gib-9.bin,115,33554432,391.96,,
0,bench/30gib-9.bin,116,33554432,613.14,,
0,bench/30gib-9.bin,117,33554432,354.49,,
0,bench/30gib-9.bin,118,33554432,456.25,,
0,bench/30gib-9.bin,119,33554432,601.51,,
0,bench/30gib-9.bin,120,33554432,551.83,,
0,bench/30gib-9.bin,121,33554432,489.40,,
0,bench/30gib-9.bin,122,33554432,374.15,,
0,bench/30gib-9.bin,123,33554432,910.96,,
0,bench/30gib-9.bin,124,33554432,461.23,,
0,bench/30gib-9.bin,125,33554432,343.12,,
0,bench/30gib-9.bin,126,33554432,588.32,,
0,bench/30gib-9.bin,127,33554432,382.36,,
0,bench/30gib-9.bin,128,33554432,1065.16,,
0,bench/30gib-9.bin,129,33554432,519.20,,
0,bench/30gib-9.bin,130,33554432,344.53,,
0,bench/30gib-9.bin,131,33554432,389.19,,
0,bench/30gib-9.bin,132,33554432,349.65,,
0,bench/30gib-9.bin,133,33554432,1257.48,,
0,bench/30gib-9.bin,134,33554432,418.00,,
0,bench/30gib-9.bin,135,33554432,382.90,,
0,bench/30gib-9.bin,136,33554432,566.15,,
0,bench/30gib-9.bin,137,33554432,390.84,,
0,bench/30gib-9.bin,138,33554432,349.73,,
0,bench/30gib-9.bin,139,33554432,562.63,,
0,bench/30gib-9.bin,140,33554432,494.53,,
0,bench/30gib-9.bin,141,33554432,569.11,,
0,bench/30gib-9.bin,142,33554432,576.69,,
0,bench/30gib-9.bin,143,33554432,580.67,,
0,bench/30gib-9.bin,144,33554432,343.59,,
0,bench/30gib-9.bin,145,33554432,635.01,,
0,bench/30gib-9.bin,146,33554432,344.70,,
0,bench/30gib-9.bin,147,33554432,380.70,,
0,bench/30gib-9.bin,148,33554432,889.32,,
0,bench/30gib-9.bin,149,33554432,520.07,,
0,bench/30gib-9.bin,150,33554432,368.48,,
0,bench/30gib-9.bin,151,33554432,386.22,,
0,bench/30gib-9.bin,152,33554432,403.17,,
0,bench/30gib-9.bin,153,33554432,394.77,,
0,bench/30gib-9.bin,154,33554432,631.06,,
0,bench/30gib-9.bin,155,33554432,488.96,,
0,bench/30gib-9.bin,156,33554432,441.87,,
0,bench/30gib-9.bin,157,33554432,531.12,,
0,bench/30gib-9.bin,158,33554432,464.68,,
0,bench/30gib-9.bin,159,33554432,352.87,,
0,bench/30gib-9.bin,160,33554432,377.79,,
0,bench/30gib-9.bin,161,33554432,354.85,,
0,bench/30gib-9.bin,162,33554432,741.31,,
0,bench/30gib-9.bin,163,33554432,595.37,,
0,bench/30gib-9.bin,164,33554432,684.77,,
0,bench/30gib-9.bin,165,33554432,691.27,,
0,bench/30gib-9.bin,166,33554432,422.77,,
0,bench/30gib-9.bin,167,33554432,379.68,,
0,bench/30gib-9.bin,168,33554432,540.18,,
0,bench/30gib-9.bin,169,33554432,488.72,,
0,bench/30gib-9.bin,170,33554432,720.76,,
0,bench/30gib-9.bin,171,33554432,528.14,,
0,bench/30gib-9.bin,172,33554432,473.07,,
0,bench/30gib-9.bin,173,33554432,648.75,,
0,bench/30gib-9.bin,174,33554432,560.36,,
0,bench/30gib-9.bin,175,33554432,500.89,,
0,bench/30gib-9.bin,176,33554432,347.60,,
0,bench/30gib-9.bin,177,33554432,517.20,,
0,bench/30gib-9.bin,178,33554432,712.12,,
0,bench/30gib-9.bin,179,33554432,857.37,,
0,bench/30gib-9.bin,180,33554432,378.04,,
0,bench/30gib-9.bin,181,33554432,672.22,,
0,bench/30gib-9.bin,182,33554432,1183.26,,
0,bench/30gib-9.bin,183,33554432,1059.24,,
0,bench/30gib-9.bin,184,33554432,432.17,,
0,bench/30gib-9.bin,185,33554432,664.01,,
0,bench/30gib-9.bin,186,33554432,1004.54,,
0,bench/30gib-9.bin,187,33554432,368.11,,
0,bench/30gib-9.bin,188,33554432,469.49,,
0,bench/30gib-9.bin,189,33554432,397.63,,
0,bench/30gib-9.bin,190,33554432,522.21,,
0,bench/30gib-9.bin,191,33554432,479.72,,
0,bench/30gib-9.bin,192,33554432,407.51,,
0,bench/30gib-9.bin,193,33554432,557.63,,
0,bench/30gib-9.bin,194,33554432,410.72,,
0,bench/30gib-9.bin,195,33554432,723.41,,
0,bench/30gib-9.bin,196,33554432,763.41,,
0,bench/30gib-9.bin,197,33554432,501.39,,
0,bench/30gib-9.bin,198,33554432,558.80,,
0,bench/30gib-9.bin,199,33554432,347.82,,
0,bench/30gib-9.bin,200,33554432,416.52,,
0,bench/30gib-9.bin,201,33554432,407.64,,
0,bench/30gib-9.bin,202,33554432,413.62,,
0,bench/30gib-9.bin,203,33554432,507.70,,
0,bench/30gib-9.bin,204,33554432,413.05,,
0,bench/30gib-9.bin,205,33554432,684.65,,
0,bench/30gib-9.bin,206,33554432,642.00,,
0,bench/30gib-9.bin,207,33554432,416.48,,
0,bench/30gib-9.bin,208,33554432,610.16,,
0,bench/30gib-9.bin,209,33554432,347.99,,
0,bench/30gib-9.bin,210,33554432,364.59,,
0,bench/30gib-9.bin,211,33554432,491.31,,
0,bench/30gib-9.bin,212,33554432,550.02,,
0,bench/30gib-9.bin,213,33554432,384.68,,
0,bench/30gib-9.bin,214,33554432,637.81,,
0,bench/30gib-9.bin,215,33554432,606.88,,
0,bench/30gib-9.bin,216,33554432,448.20,,
0,bench/30gib-9.bin,217,33554432,730.83,,
0,bench/30gib-9.bin,218,33554432,464.88,,
0,bench/30gib-9.bin,219,33554432,487.66,,
0,bench/30gib-9.bin,220,33554432,489.71,,
0,bench/30gib-9.bin,221,33554432,669.56,,
0,bench/30gib-9.bin,222,33554432,424.68,,
0,bench/30gib-9.bin,223,33554432,341.51,,
0,bench/30gib-9.bin,224,33554432,354.96,,
0,bench/30gib-9.bin,225,33554432,407.98,,
0,bench/30gib-9.bin,226,33554432,433.08,,
0,bench/30gib-9.bin,227,33554432,480.83,,
0,bench/30gib-9.bin,228,33554432,392.50,,
0,bench/30gib-9.bin,229,33554432,575.08,,
0,bench/30gib-9.bin,230,33554432,757.57,,
0,bench/30gib-9.bin,231,33554432,352.70,,
0,bench/30gib-9.bin,232,33554432,467.54,,
0,bench/30gib-9.bin,233,33554432,588.14,,
0,bench/30gib-9.bin,234,33554432,811.54,,
0,bench/30gib-9.bin,235,33554432,374.27,,
0,bench/30gib-9.bin,236,33554432,482.59,,
0,bench/30gib-9.bin,237,33554432,350.05,,
0,bench/30gib-9.bin,238,33554432,618.15,,
0,bench/30gib-9.bin,239,33554432,479.70,,
0,bench/30gib-9.bin,240,33554432,372.37,,
0,bench/30gib-9.bin,241,33554432,480.37,,
0,bench/30gib-9.bin,242,33554432,485.11,,
0,bench/30gib-9.bin,243,33554432,593.40,,
0,bench/30gib-9.bin,244,33554432,638.79,,
0,bench/30gib-9.bin,245,33554432,429.02,,
0,bench/30gib-9.bin,246,33554432,517.20,,
0,bench/30gib-9.bin,247,33554432,390.99,,
0,bench/30gib-9.bin,248,33554432,346.15,,
0,bench/30gib-9.bin,249,33554432,362.53,,
0,bench/30gib-9.bin,250,33554432,450.31,,
0,bench/30gib-9.bin,251,33554432,453.13,,
0,bench/30gib-9.bin,252,33554432,448.96,,
0,bench/30gib-9.bin,253,33554432,440.79,,
0,bench/30gib-9.bin,254,33554432,349.46,,
0,bench/30gib-9.bin,255,33554432,462.72,,
0,bench/30gib-9.bin,256,33554432,699.51,,
0,bench/30gib-9.bin,257,33554432,666.06,,
0,bench/30gib-9.bin,258,33554432,466.35,,
0,bench/30gib-9.bin,259,33554432,354.74,,
0,bench/30gib-9.bin,260,33554432,352.85,,
0,bench/30gib-9.bin,261,33554432,348.03,,
0,bench/30gib-9.bin,262,33554432,621.47,,
0,bench/30gib-9.bin,263,33554432,585.51,,
0,bench/30gib-9.bin,264,33554432,535.59,,
0,bench/30gib-9.bin,265,33554432,646.45,,
0,bench/30gib-9.bin,266,33554432,498.11,,
0,bench/30gib-9.bin,267,33554432,659.61,,
0,bench/30gib-9.bin,268,33554432,539.03,,
0,bench/30gib-9.bin,269,33554432,410.26,,
0,bench/30gib-9.bin,270,33554432,533.34,,
0,bench/30gib-9.bin,271,33554432,530.18,,
0,bench/30gib-9.bin,272,33554432,426.03,,
0,bench/30gib-9.bin,273,33554432,540.30,,
0,bench/30gib-9.bin,274,33554432,532.28,,
0,bench/30gib-9.bin,275,33554432,593.02,,
0,bench/30gib-9.bin,276,33554432,467.95,,
0,bench/30gib-9.bin,277,33554432,347.88,,
0,bench/30gib-9.bin,278,33554432,497.95,,
0,bench/30gib-9.bin,279,33554432,399.59,,
0,bench/30gib-9.bin,280,33554432,615.97,,
0,bench/30gib-9.bin,281,33554432,496.61,,
0,bench/30gib-9.bin,282,33554432,404.28,,
0,bench/30gib-9.bin,283,33554432,663.07,,
0,bench/30gib-9.bin,284,33554432,390.58,,
0,bench/30gib-9.bin,285,33554432,471.93,,
0,bench/30gib-9.bin,286,33554432,429.71,,
0,bench/30gib-9.bin,287,33554432,467.88,,
0,bench/30gib-9.bin,288,33554432,576.62,,
0,bench/30gib-9.bin,289,33554432,610.26,,
0,bench/30gib-9.bin,290,33554432,753.79,,
0,bench/30gib-9.bin,291,33554432,834.51,,
0,bench/30gib-9.bin,292,33554432,450.10,,
0,bench/30gib-9.bin,293,33554432,358.91,,
0,bench/30gib-9.bin,294,33554432,349.56,,
0,bench/30gib-9.bin,295,33554432,355.28,,
0,bench/30gib-9.bin,296,33554432,628.62,,
0,bench/30gib-9.bin,297,33554432,584.98,,
0,bench/30gib-9.bin,298,33554432,527.18,,
0,bench/30gib-9.bin,299,33554432,1065.55,,
0,bench/30gib-9.bin,300,33554432,385.05,,
0,bench/30gib-9.bin,301,33554432,547.64,,
0,bench/30gib-9.bin,302,33554432,413.74,,
0,bench/30gib-9.bin,303,33554432,492.83,,
0,bench/30gib-9.bin,304,33554432,535.72,,
0,bench/30gib-9.bin,305,33554432,398.58,,
0,bench/30gib-9.bin,306,33554432,491.38,,
0,bench/30gib-9.bin,307,33554432,392.03,,
0,bench/30gib-9.bin,308,33554432,426.62,,
0,bench/30gib-9.bin,309,33554432,570.21,,
0,bench/30gib-9.bin,310,33554432,407.94,,
0,bench/30gib-9.bin,311,33554432,666.08,,
0,bench/30gib-9.bin,312,33554432,477.44,,
0,bench/30gib-9.bin,313,33554432,350.34,,
0,bench/30gib-9.bin,314,33554432,524.90,,
0,bench/30gib-9.bin,315,33554432,395.36,,
0,bench/30gib-9.bin,316,33554432,428.82,,
0,bench/30gib-9.bin,317,33554432,372.17,,
0,bench/30gib-9.bin,318,33554432,515.39,,
0,bench/30gib-9.bin,319,33554432,775.27,,
0,bench/30gib-9.bin,320,33554432,953.98,,
0,bench/30gib-9.bin,321,33554432,500.75,,
0,bench/30gib-9.bin,322,33554432,456.04,,
0,bench/30gib-9.bin,323,33554432,494.38,,
0,bench/30gib-9.bin,324,33554432,540.13,,
0,bench/30gib-9.bin,325,33554432,423.91,,
0,bench/30gib-9.bin,326,33554432,941.39,,
0,bench/30gib-9.bin,327,33554432,853.69,,
0,bench/30gib-9.bin,328,33554432,564.83,,
0,bench/30gib-9.bin,329,33554432,352.02,,
0,bench/30gib-9.bin,330,33554432,436.32,,
0,bench/30gib-9.bin,331,33554432,356.49,,
0,bench/30gib-9.bin,332,33554432,418.95,,
0,bench/30gib-9.bin,333,33554432,360.08,,
0,bench/30gib-9.bin,334,33554432,885.02,,
0,bench/30gib-9.bin,335,33554432,340.78,,
0,bench/30gib-9.bin,336,33554432,629.29,,
0,bench/30gib-9.bin,337,33554432,406.05,,
0,bench/30gib-9.bin,338,33554432,450.69,,
0,bench/30gib-9.bin,339,33554432,511.86,,
0,bench/30gib-9.bin,340,33554432,440.89,,
0,bench/30gib-9.bin,341,33554432,648.19,,
0,bench/30gib-9.bin,342,33554432,587.65,,
0,bench/30gib-9.bin,343,33554432,462.01,,
0,bench/30gib-9.bin,344,33554432,499.31,,
0,bench/30gib-9.bin,345,33554432,432.26,,
0,bench/30gib-9.bin,346,33554432,357.71,,
0,bench/30gib-9.bin,347,33554432,593.65,,
0,bench/30gib-9.bin,348,33554432,432.52,,
0,bench/30gib-9.bin,349,33554432,452.20,,
0,bench/30gib-9.bin,350,33554432,455.18,,
0,bench/30gib-9.bin,351,33554432,512.59,,
0,bench/30gib-9.bin,352,33554432,533.91,,
0,bench/30gib-9.bin,353,33554432,593.01,,
0,bench/30gib-9.bin,354,33554432,423.59,,
0,bench/30gib-9.bin,355,33554432,564.18,,
0,bench/30gib-9.bin,356,33554432,469.00,,
0,bench/30gib-9.bin,357,33554432,516.16,,
0,bench/30gib-9.bin,358,33554432,343.77,,
0,bench/30gib-9.bin,359,33554432,533.20,,
0,bench/30gib-9.bin,360,33554432,452.86,,
0,bench/30gib-9.bin,361,33554432,349.23,,
0,bench/30gib-9.bin,362,33554432,544.31,,
0,bench/30gib-9.bin,363,33554432,352.00,,
0,bench/30gib-9.bin,364,33554432,467.83,,
0,bench/30gib-9.bin,365,33554432,411.07,,
0,bench/30gib-9.bin,366,33554432,564.69,,
0,bench/30gib-9.bin,367,33554432,446.53,,
0,bench/30gib-9.bin,368,33554432,592.23,,
0,bench/30gib-9.bin,369,33554432,434.12,,
0,bench/30gib-9.bin,370,33554432,503.62,,
0,bench/30gib-9.bin,371,33554432,702.98,,
0,bench/30gib-9.bin,372,33554432,634.31,,
0,bench/30gib-9.bin,373,33554432,345.99,,
0,bench/30gib-9.bin,374,33554432,471.30,,
0,bench/30gib-9.bin,375,33554432,562.33,,
0,bench/30gib-9.bin,376,33554432,517.87,,
0,bench/30gib-9.bin,377,33554432,494.60,,
0,bench/30gib-9.bin,378,33554432,673.76,,
0,bench/30gib-9.bin,379,33554432,374.47,,
0,bench/30gib-9.bin,380,33554432,594.88,,
0,bench/30gib-9.bin,381,33554432,487.23,,
0,bench/30gib-9.bin,382,33554432,529.99,,
0,bench/30gib-9.bin,383,33554432,350.45,,
0,bench/30gib-9.bin,384,33554432,425.44,,
0,bench/30gib-9.bin,385,33554432,463.93,,
0,bench/30gib-9.bin,386,33554432,472.84,,
0,bench/30gib-9.bin,387,33554432,489.82,,
0,bench/30gib-9.bin,388,33554432,346.58,,
0,bench/30gib-9.bin,389,33554432,344.45,,
0,bench/30gib-9.bin,390,33554432,462.92,,
0,bench/30gib-9.bin,391,33554432,501.04,,
0,bench/30gib-9.bin,392,33554432,445.16,,
0,bench/30gib-9.bin,393,33554432,539.33,,
0,bench/30gib-9.bin,394,33554432,534.44,,
0,bench/30gib-9.bin,395,33554432,494.27,,
0,bench/30gib-9.bin,396,33554432,547.87,,
0,bench/30gib-9.bin,397,33554432,498.87,,
0,bench/30gib-9.bin,398,33554432,410.02,,
0,bench/30gib-9.bin,399,33554432,564.75,,
0,bench/30gib-9.bin,400,33554432,373.82,,
0,bench/30gib-9.bin,401,33554432,493.34,,
0,bench/30gib-9.bin,402,33554432,370.62,,
0,bench/30gib-9.bin,403,33554432,773.69,,
0,bench/30gib-9.bin,404,33554432,486.56,,
0,bench/30gib-9.bin,405,33554432,468.50,,
0,bench/30gib-9.bin,406,33554432,370.67,,
0,bench/30gib-9.bin,407,33554432,402.26,,
0,bench/30gib-9.bin,408,33554432,446.03,,
0,bench/30gib-9.bin,409,33554432,606.65,,
0,bench/30gib-9.bin,410,33554432,491.34,,
0,bench/30gib-9.bin,411,33554432,484.08,,
0,bench/30gib-9.bin,412,33554432,457.14,,
0,bench/30gib-9.bin,413,33554432,749.26,,
0,bench/30gib-9.bin,414,33554432,387.32,,
0,bench/30gib-9.bin,415,33554432,362.36,,
0,bench/30gib-9.bin,416,33554432,577.47,,
0,bench/30gib-9.bin,417,33554432,438.76,,
0,bench/30gib-9.bin,418,33554432,566.50,,
0,bench/30gib-9.bin,419,33554432,604.63,,
0,bench/30gib-9.bin,420,33554432,488.39,,
0,bench/30gib-9.bin,421,33554432,389.87,,
0,bench/30gib-9.bin,422,33554432,579.78,,
0,bench/30gib-9.bin,423,33554432,564.12,,
0,bench/30gib-9.bin,424,33554432,581.85,,
0,bench/30gib-9.bin,425,33554432,517.21,,
0,bench/30gib-9.bin,426,33554432,671.97,,
0,bench/30gib-9.bin,427,33554432,651.97,,
0,bench/30gib-9.bin,428,33554432,350.75,,
0,bench/30gib-9.bin,429,33554432,651.06,,
0,bench/30gib-9.bin,430,33554432,487.43,,
0,bench/30gib-9.bin,431,33554432,641.65,,
0,bench/30gib-9.bin,432,33554432,398.41,,
0,bench/30gib-9.bin,433,33554432,511.91,,
0,bench/30gib-9.bin,434,33554432,375.61,,
0,bench/30gib-9.bin,435,33554432,368.93,,
0,bench/30gib-9.bin,436,33554432,603.97,,
0,bench/30gib-9.bin,437,33554432,446.94,,
0,bench/30gib-9.bin,438,33554432,597.15,,
0,bench/30gib-9.bin,439,33554432,798.17,,
0,bench/30gib-9.bin,440,33554432,481.38,,
0,bench/30gib-9.bin,441,33554432,378.21,,
0,bench/30gib-9.bin,442,33554432,585.02,,
0,bench/30gib-9.bin,443,33554432,437.23,,
0,bench/30gib-9.bin,444,33554432,386.23,,
0,bench/30gib-9.bin,445,33554432,341.48,,
0,bench/30gib-9.bin,446,33554432,363.41,,
0,bench/30gib-9.bin,447,33554432,702.92,,
0,bench/30gib-9.bin,448,33554432,560.66,,
0,bench/30gib-9.bin,449,33554432,606.26,,
0,bench/30gib-9.bin,450,33554432,347.24,,
0,bench/30gib-9.bin,451,33554432,539.18,,
0,bench/30gib-9.bin,452,33554432,347.58,,
0,bench/30gib-9.bin,453,33554432,613.75,,
0,bench/30gib-9.bin,454,33554432,676.41,,
0,bench/30gib-9.bin,455,33554432,467.46,,
0,bench/30gib-9.bin,456,33554432,588.58,,
0,bench/30gib-9.bin,457,33554432,720.42,,
0,bench/30gib-9.bin,458,33554432,377.17,,
0,bench/30gib-9.bin,459,33554432,529.26,,
0,bench/30gib-9.bin,460,33554432,555.21,,
0,bench/30gib-9.bin,461,33554432,496.38,,
0,bench/30gib-9.bin,462,33554432,629.06,,
0,bench/30gib-9.bin,463,33554432,484.81,,
0,bench/30gib-9.bin,464,33554432,505.50,,
0,bench/30gib-9.bin,465,33554432,730.03,,
0,bench/30gib-9.bin,466,33554432,938.36,,
0,bench/30gib-9.bin,467,33554432,401.55,,
0,bench/30gib-9.bin,468,33554432,479.00,,
0,bench/30gib-9.bin,469,33554432,437.06,,
0,bench/30gib-9.bin,470,33554432,470.45,,
0,bench/30gib-9.bin,471,33554432,440.59,,
0,bench/30gib-9.bin,472,33554432,532.33,,
0,bench/30gib-9.bin,473,33554432,393.97,,
0,bench/30gib-9.bin,474,33554432,452.15,,
0,bench/30gib-9.bin,475,33554432,577.31,,
0,bench/30gib-9.bin,476,33554432,376.45,,
0,bench/30gib-9.bin,477,33554432,341.57,,
0,bench/30gib-9.bin,478,33554432,463.41,,
0,bench/30gib-9.bin,479,33554432,388.00,,
0,bench/30gib-9.bin,480,33554432,433.11,,
0,bench/30gib-9.bin,481,33554432,557.78,,
0,bench/30gib-9.bin,482,33554432,469.83,,
0,bench/30gib-9.bin,483,33554432,593.81,,
0,bench/30gib-9.bin,484,33554432,364.81,,
0,bench/30gib-9.bin,485,33554432,350.19,,
0,bench/30gib-9.bin,486,33554432,349.33,,
0,bench/30gib-9.bin,487,33554432,397.63,,
0,bench/30gib-9.bin,488,33554432,493.33,,
0,bench/30gib-9.bin,489,33554432,349.15,,
0,bench/30gib-9.bin,490,33554432,531.41,,
0,bench/30gib-9.bin,491,33554432,398.25,,
0,bench/30gib-9.bin,492,33554432,468.33,,
0,bench/30gib-9.bin,493,33554432,505.27,,
0,bench/30gib-9.bin,494,33554432,453.88,,
0,bench/30gib-9.bin,495,33554432,350.44,,
0,bench/30gib-9.bin,496,33554432,349.46,,
0,bench/30gib-9.bin,497,33554432,648.35,,
0,bench/30gib-9.bin,498,33554432,391.05,,
0,bench/30gib-9.bin,499,33554432,428.23,,
0,bench/30gib-9.bin,500,33554432,665.14,,
0,bench/30gib-9.bin,501,33554432,466.91,,
0,bench/30gib-9.bin,502,33554432,398.55,,
0,bench/30gib-9.bin,503,33554432,433.52,,
0,bench/30gib-9.bin,504,33554432,353.59,,
0,bench/30gib-9.bin,505,33554432,401.68,,
0,bench/30gib-9.bin,506,33554432,494.93,,
0,bench/30gib-9.bin,507,33554432,471.09,,
0,bench/30gib-9.bin,508,33554432,745.71,,
0,bench/30gib-9.bin,509,33554432,394.46,,
0,bench/30gib-9.bin,510,33554432,565.79,,
0,bench/30gib-9.bin,511,33554432,476.21,,
0,bench/30gib-9.bin,512,33554432,477.26,,
0,bench/30gib-9.bin,513,33554432,522.11,,
0,bench/30gib-9.bin,514,33554432,361.56,,
0,bench/30gib-9.bin,515,33554432,593.53,,
0,bench/30gib-9.bin,516,33554432,653.96,,
0,bench/30gib-9.bin,517,33554432,616.69,,
0,bench/30gib-9.bin,518,33554432,498.86,,
0,bench/30gib-9.bin,519,33554432,640.82,,
0,bench/30gib-9.bin,520,33554432,643.54,,
0,bench/30gib-9.bin,521,33554432,521.24,,
0,bench/30gib-9.bin,522,33554432,437.10,,
0,bench/30gib-9.bin,523,33554432,652.90,,
0,bench/30gib-9.bin,524,33554432,598.85,,
0,bench/30gib-9.bin,525,33554432,647.67,,
0,bench/30gib-9.bin,526,33554432,484.44,,
0,bench/30gib-9.bin,527,33554432,478.38,,
0,bench/30gib-9.bin,528,33554432,879.13,,
0,bench/30gib-9.bin,529,33554432,431.35,,
0,bench/30gib-9.bin,530,33554432,429.94,,
0,bench/30gib-9.bin,531,33554432,671.08,,
0,bench/30gib-9.bin,532,33554432,442.05,,
0,bench/30gib-9.bin,533,33554432,472.28,,
0,bench/30gib-9.bin,534,33554432,651.97,,
0,bench/30gib-9.bin,535,33554432,401.63,,
0,bench/30gib-9.bin,536,33554432,748.27,,
0,bench/30gib-9.bin,537,33554432,431.17,,
0,bench/30gib-9.bin,538,33554432,448.35,,
0,bench/30gib-9.bin,539,33554432,521.92,,
0,bench/30gib-9.bin,540,33554432,516.79,,
0,bench/30gib-9.bin,541,33554432,469.03,,
0,bench/30gib-9.bin,542,33554432,591.16,,
0,bench/30gib-9.bin,543,33554432,339.63,,
0,bench/30gib-9.bin,544,33554432,590.88,,
0,bench/30gib-9.bin,545,33554432,613.81,,
0,bench/30gib-9.bin,546,33554432,547.68,,
0,bench/30gib-9.bin,547,33554432,659.90,,
0,bench/30gib-9.bin,548,33554432,500.80,,
0,bench/30gib-9.bin,549,33554432,368.55,,
0,bench/30gib-9.bin,550,33554432,763.94,,
0,bench/30gib-9.bin,551,33554432,470.06,,
0,bench/30gib-9.bin,552,33554432,1068.01,,
0,bench/30gib-9.bin,553,33554432,523.39,,
0,bench/30gib-9.bin,554,33554432,454.99,,
0,bench/30gib-9.bin,555,33554432,620.67,,
0,bench/30gib-9.bin,556,33554432,564.83,,
0,bench/30gib-9.bin,557,33554432,591.78,,
0,bench/30gib-9.bin,558,33554432,596.25,,
0,bench/30gib-9.bin,559,33554432,424.45,,
0,bench/30gib-9.bin,560,33554432,341.18,,
0,bench/30gib-9.bin,561,33554432,516.63,,
0,bench/30gib-9.bin,562,33554432,596.06,,
0,bench/30gib-9.bin,563,33554432,438.73,,
0,bench/30gib-9.bin,564,33554432,350.66,,
0,bench/30gib-9.bin,565,33554432,920.99,,
0,bench/30gib-9.bin,566,33554432,423.71,,
0,bench/30gib-9.bin,567,33554432,541.39,,
0,bench/30gib-9.bin,568,33554432,660.53,,
0,bench/30gib-9.bin,569,33554432,341.75,,
0,bench/30gib-9.bin,570,33554432,659.91,,
0,bench/30gib-9.bin,571,33554432,447.30,,
0,bench/30gib-9.bin,572,33554432,463.76,,
0,bench/30gib-9.bin,573,33554432,593.43,,
0,bench/30gib-9.bin,574,33554432,522.52,,
0,bench/30gib-9.bin,575,33554432,342.71,,
0,bench/30gib-9.bin,576,33554432,536.96,,
0,bench/30gib-9.bin,577,33554432,417.73,,
0,bench/30gib-9.bin,578,33554432,637.37,,
0,bench/30gib-9.bin,579,33554432,389.61,,
0,bench/30gib-9.bin,580,33554432,604.34,,
0,bench/30gib-9.bin,581,33554432,344.29,,
0,bench/30gib-9.bin,582,33554432,514.65,,
0,bench/30gib-9.bin,583,33554432,533.74,,
0,bench/30gib-9.bin,584,33554432,464.08,,
0,bench/30gib-9.bin,585,33554432,469.54,,
0,bench/30gib-9.bin,586,33554432,353.27,,
0,bench/30gib-9.bin,587,33554432,459.24,,
0,bench/30gib-9.bin,588,33554432,549.86,,
0,bench/30gib-9.bin,589,33554432,371.08,,
0,bench/30gib-9.bin,590,33554432,358.93,,
0,bench/30gib-9.bin,591,33554432,433.67,,
0,bench/30gib-9.bin,592,33554432,346.43,,
0,bench/30gib-9.bin,593,33554432,419.94,,
0,bench/30gib-9.bin,594,33554432,539.89,,
0,bench/30gib-9.bin,595,33554432,454.10,,
0,bench/30gib-9.bin,596,33554432,362.14,,
0,bench/30gib-9.bin,597,33554432,398.55,,
0,bench/30gib-9.bin,598,33554432,513.75,,
0,bench/30gib-9.bin,599,33554432,351.88,,
0,bench/30gib-9.bin,600,33554432,448.20,,
0,bench/30gib-9.bin,601,33554432,740.86,,
0,bench/30gib-9.bin,602,33554432,348.45,,
0,bench/30gib-9.bin,603,33554432,414.04,,
0,bench/30gib-9.bin,604,33554432,1013.39,,
0,bench/30gib-9.bin,605,33554432,658.88,,
0,bench/30gib-9.bin,606,33554432,373.25,,
0,bench/30gib-9.bin,607,33554432,387.85,,
0,bench/30gib-9.bin,608,33554432,437.09,,
0,bench/30gib-9.bin,609,33554432,441.96,,
0,bench/30gib-9.bin,610,33554432,382.78,,
0,bench/30gib-9.bin,611,33554432,490.07,,
0,bench/30gib-9.bin,612,33554432,349.52,,
0,bench/30gib-9.bin,613,33554432,408.16,,
0,bench/30gib-9.bin,614,33554432,563.57,,
0,bench/30gib-9.bin,615,33554432,433.46,,
0,bench/30gib-9.bin,616,33554432,376.65,,
0,bench/30gib-9.bin,617,33554432,361.78,,
0,bench/30gib-9.bin,618,33554432,346.00,,
0,bench/30gib-9.bin,619,33554432,445.65,,
0,bench/30gib-9.bin,620,33554432,494.29,,
0,bench/30gib-9.bin,621,33554432,602.27,,
0,bench/30gib-9.bin,622,33554432,661.24,,
0,bench/30gib-9.bin,623,33554432,402.36,,
0,bench/30gib-9.bin,624,33554432,651.75,,
0,bench/30gib-9.bin,625,33554432,887.87,,
0,bench/30gib-9.bin,626,33554432,446.83,,
0,bench/30gib-9.bin,627,33554432,352.77,,
0,bench/30gib-9.bin,628,33554432,374.06,,
0,bench/30gib-9.bin,629,33554432,463.17,,
0,bench/30gib-9.bin,630,33554432,564.88,,
0,bench/30gib-9.bin,631,33554432,426.84,,
0,bench/30gib-9.bin,632,33554432,427.35,,
0,bench/30gib-9.bin,633,33554432,472.18,,
0,bench/30gib-9.bin,634,33554432,510.22,,
0,bench/30gib-9.bin,635,33554432,351.19,,
0,bench/30gib-9.bin,636,33554432,481.47,,
0,bench/30gib-9.bin,637,33554432,557.13,,
0,bench/30gib-9.bin,638,33554432,657.93,,
0,bench/30gib-9.bin,639,33554432,427.08,,
0,bench/30gib-9.bin,640,33554432,613.18,,
0,bench/30gib-9.bin,641,33554432,683.11,,
0,bench/30gib-9.bin,642,33554432,387.96,,
0,bench/30gib-9.bin,643,33554432,596.78,,
0,bench/30gib-9.bin,644,33554432,850.06,,
0,bench/30gib-9.bin,645,33554432,619.34,,
0,bench/30gib-9.bin,646,33554432,445.77,,
0,bench/30gib-9.bin,647,33554432,529.89,,
0,bench/30gib-9.bin,648,33554432,813.99,,
0,bench/30gib-9.bin,649,33554432,380.27,,
0,bench/30gib-9.bin,650,33554432,413.06,,
0,bench/30gib-9.bin,651,33554432,718.89,,
0,bench/30gib-9.bin,652,33554432,612.63,,
0,bench/30gib-9.bin,653,33554432,494.56,,
0,bench/30gib-9.bin,654,33554432,597.81,,
0,bench/30gib-9.bin,655,33554432,570.89,,
0,bench/30gib-9.bin,656,33554432,484.78,,
0,bench/30gib-9.bin,657,33554432,377.42,,
0,bench/30gib-9.bin,658,33554432,520.50,,
0,bench/30gib-9.bin,659,33554432,569.57,,
0,bench/30gib-9.bin,660,33554432,382.35,,
0,bench/30gib-9.bin,661,33554432,707.70,,
0,bench/30gib-9.bin,662,33554432,570.28,,
0,bench/30gib-9.bin,663,33554432,504.17,,
0,bench/30gib-9.bin,664,33554432,386.99,,
0,bench/30gib-9.bin,665,33554432,570.37,,
0,bench/30gib-9.bin,666,33554432,1065.09,,
0,bench/30gib-9.bin,667,33554432,392.59,,
0,bench/30gib-9.bin,668,33554432,560.84,,
0,bench/30gib-9.bin,669,33554432,422.38,,
0,bench/30gib-9.bin,670,33554432,556.76,,
0,bench/30gib-9.bin,671,33554432,929.12,,
0,bench/30gib-9.bin,672,33554432,689.54,,
0,bench/30gib-9.bin,673,33554432,445.00,,
0,bench/30gib-9.bin,674,33554432,641.32,,
0,bench/30gib-9.bin,675,33554432,652.67,,
0,bench/30gib-9.bin,676,33554432,586.01,,
0,bench/30gib-9.bin,677,33554432,571.95,,
0,bench/30gib-9.bin,678,33554432,388.24,,
0,bench/30gib-9.bin,679,33554432,556.97,,
0,bench/30gib-9.bin,680,33554432,574.36,,
0,bench/30gib-9.bin,681,33554432,621.52,,
0,bench/30gib-9.bin,682,33554432,425.17,,
0,bench/30gib-9.bin,683,33554432,489.11,,
0,bench/30gib-9.bin,684,33554432,502.25,,
0,bench/30gib-9.bin,685,33554432,626.21,,
0,bench/30gib-9.bin,686,33554432,411.39,,
0,bench/30gib-9.bin,687,33554432,534.53,,
0,bench/30gib-9.bin,688,33554432,543.04,,
0,bench/30gib-9.bin,689,33554432,646.52,,
0,bench/30gib-9.bin,690,33554432,509.34,,
0,bench/30gib-9.bin,691,33554432,432.31,,
0,bench/30gib-9.bin,692,33554432,485.43,,
0,bench/30gib-9.bin,693,33554432,663.85,,
0,bench/30gib-9.bin,694,33554432,402.22,,
0,bench/30gib-9.bin,695,33554432,482.30,,
0,bench/30gib-9.bin,696,33554432,473.86,,
0,bench/30gib-9.bin,697,33554432,349.71,,
0,bench/30gib-9.bin,698,33554432,391.86,,
0,bench/30gib-9.bin,699,33554432,479.52,,
0,bench/30gib-9.bin,700,33554432,454.08,,
0,bench/30gib-9.bin,701,33554432,635.22,,
0,bench/30gib-9.bin,702,33554432,449.29,,
0,bench/30gib-9.bin,703,33554432,548.50,,
0,bench/30gib-9.bin,704,33554432,508.16,,
0,bench/30gib-9.bin,705,33554432,575.13,,
0,bench/30gib-9.bin,706,33554432,646.57,,
0,bench/30gib-9.bin,707,33554432,435.60,,
0,bench/30gib-9.bin,708,33554432,433.81,,
0,bench/30gib-9.bin,709,33554432,428.65,,
0,bench/30gib-9.bin,710,33554432,409.53,,
0,bench/30gib-9.bin,711,33554432,480.36,,
0,bench/30gib-9.bin,712,33554432,735.49,,
0,bench/30gib-9.bin,713,33554432,418.01,,
0,bench/30gib-9.bin,714,33554432,413.37,,
0,bench/30gib-9.bin,715,33554432,341.05,,
0,bench/30gib-9.bin,716,33554432,385.88,,
0,bench/30gib-9.bin,717,33554432,702.15,,
0,bench/30gib-9.bin,718,33554432,591.45,,
0,bench/30gib-9.bin,719,33554432,559.89,,
0,bench/30gib-9.bin,720,33554432,346.70,,
0,bench/30gib-9.bin,721,33554432,480.25,,
0,bench/30gib-9.bin,722,33554432,394.94,,
0,bench/30gib-9.bin,723,33554432,521.39,,
0,bench/30gib-9.bin,724,33554432,366.95,,
0,bench/30gib-9.bin,725,33554432,1136.91,,
0,bench/30gib-9.bin,726,33554432,1113.52,,
0,bench/30gib-9.bin,727,33554432,512.65,,
0,bench/30gib-9.bin,728,33554432,411.22,,
0,bench/30gib-9.bin,729,33554432,440.01,,
0,bench/30gib-9.bin,730,33554432,425.86,,
0,bench/30gib-9.bin,731,33554432,569.67,,
0,bench/30gib-9.bin,732,33554432,390.55,,
0,bench/30gib-9.bin,733,33554432,387.33,,
0,bench/30gib-9.bin,734,33554432,490.64,,
0,bench/30gib-9.bin,735,33554432,405.03,,
0,bench/30gib-9.bin,736,33554432,483.47,,
0,bench/30gib-9.bin,737,33554432,496.77,,
0,bench/30gib-9.bin,738,33554432,355.81,,
0,bench/30gib-9.bin,739,33554432,530.46,,
0,bench/30gib-9.bin,740,33554432,542.60,,
0,bench/30gib-9.bin,741,33554432,406.05,,
0,bench/30gib-9.bin,742,33554432,477.43,,
0,bench/30gib-9.bin,743,33554432,365.97,,
0,bench/30gib-9.bin,744,33554432,491.72,,
0,bench/30gib-9.bin,745,33554432,829.44,,
0,bench/30gib-9.bin,746,33554432,687.84,,
0,bench/30gib-9.bin,747,33554432,433.40,,
0,bench/30gib-9.bin,748,33554432,569.47,,
0,bench/30gib-9.bin,749,33554432,564.55,,
0,bench/30gib-9.bin,750,33554432,657.02,,
0,bench/30gib-9.bin,751,33554432,523.69,,
0,bench/30gib-9.bin,752,33554432,716.52,,
0,bench/30gib-9.bin,753,33554432,608.10,,
0,bench/30gib-9.bin,754,33554432,521.56,,
0,bench/30gib-9.bin,755,33554432,369.49,,
0,bench/30gib-9.bin,756,33554432,446.42,,
0,bench/30gib-9.bin,757,33554432,369.94,,
0,bench/30gib-9.bin,758,33554432,409.85,,
0,bench/30gib-9.bin,759,33554432,993.08,,
0,bench/30gib-9.bin,760,33554432,396.31,,
0,bench/30gib-9.bin,761,33554432,360.96,,
0,bench/30gib-9.bin,762,33554432,399.63,,
0,bench/30gib-9.bin,763,33554432,389.23,,
0,bench/30gib-9.bin,764,33554432,439.67,,
0,bench/30gib-9.bin,765,33554432,695.04,,
0,bench/30gib-9.bin,766,33554432,606.23,,
0,bench/30gib-9.bin,767,33554432,414.57,,
0,bench/30gib-9.bin,768,33554432,412.71,,
0,bench/30gib-9.bin,769,33554432,491.81,,
0,bench/30gib-9.bin,770,33554432,434.50,,
0,bench/30gib-9.bin,771,33554432,452.74,,
0,bench/30gib-9.bin,772,33554432,660.89,,
0,bench/30gib-9.bin,773,33554432,468.12,,
0,bench/30gib-9.bin,774,33554432,474.51,,
0,bench/30gib-9.bin,775,33554432,533.96,,
0,bench/30gib-9.bin,776,33554432,510.93,,
0,bench/30gib-9.bin,777,33554432,510.24,,
0,bench/30gib-9.bin,778,33554432,465.71,,
0,bench/30gib-9.bin,779,33554432,381.67,,
0,bench/30gib-9.bin,780,33554432,510.21,,
0,bench/30gib-9.bin,781,33554432,486.68,,
0,bench/30gib-9.bin,782,33554432,490.72,,
0,bench/30gib-9.bin,783,33554432,452.95,,
0,bench/30gib-9.bin,784,33554432,710.31,,
0,bench/30gib-9.bin,785,33554432,605.22,,
0,bench/30gib-9.bin,786,33554432,488.91,,
0,bench/30gib-9.bin,787,33554432,403.68,,
0,bench/30gib-9.bin,788,33554432,548.75,,
0,bench/30gib-9.bin,789,33554432,410.85,,
0,bench/30gib-9.bin,790,33554432,753.62,,
0,bench/30gib-9.bin,791,33554432,533.95,,
0,bench/30gib-9.bin,792,33554432,356.84,,
0,bench/30gib-9.bin,793,33554432,388.27,,
0,bench/30gib-9.bin,794,33554432,464.99,,
0,bench/30gib-9.bin,795,33554432,519.30,,
0,bench/30gib-9.bin,796,33554432,439.93,,
0,bench/30gib-9.bin,797,33554432,620.44,,
0,bench/30gib-9.bin,798,33554432,471.50,,
0,bench/30gib-9.bin,799,33554432,823.96,,
0,bench/30gib-9.bin,800,33554432,387.70,,
0,bench/30gib-9.bin,801,33554432,475.29,,
0,bench/30gib-9.bin,802,33554432,588.73,,
0,bench/30gib-9.bin,803,33554432,644.76,,
0,bench/30gib-9.bin,804,33554432,441.47,,
0,bench/30gib-9.bin,805,33554432,632.50,,
0,bench/30gib-9.bin,806,33554432,402.35,,
0,bench/30gib-9.bin,807,33554432,848.90,,
0,bench/30gib-9.bin,808,33554432,383.32,,
0,bench/30gib-9.bin,809,33554432,465.91,,
0,bench/30gib-9.bin,810,33554432,352.89,,
0,bench/30gib-9.bin,811,33554432,493.62,,
0,bench/30gib-9.bin,812,33554432,898.64,,
0,bench/30gib-9.bin,813,33554432,489.76,,
0,bench/30gib-9.bin,814,33554432,471.98,,
0,bench/30gib-9.bin,815,33554432,976.81,,
0,bench/30gib-9.bin,816,33554432,365.04,,
0,bench/30gib-9.bin,817,33554432,576.11,,
0,bench/30gib-9.bin,818,33554432,399.43,,
0,bench/30gib-9.bin,819,33554432,361.74,,
0,bench/30gib-9.bin,820,33554432,526.68,,
0,bench/30gib-9.bin,821,33554432,594.19,,
0,bench/30gib-9.bin,822,33554432,417.35,,
0,bench/30gib-9.bin,823,33554432,494.14,,
0,bench/30gib-9.bin,824,33554432,458.24,,
0,bench/30gib-9.bin,825,33554432,547.31,,
0,bench/30gib-9.bin,826,33554432,449.85,,
0,bench/30gib-9.bin,827,33554432,703.46,,
0,bench/30gib-9.bin,828,33554432,556.61,,
0,bench/30gib-9.bin,829,33554432,430.26,,
0,bench/30gib-9.bin,830,33554432,547.18,,
0,bench/30gib-9.bin,831,33554432,572.85,,
0,bench/30gib-9.bin,832,33554432,585.95,,
0,bench/30gib-9.bin,833,33554432,506.27,,
0,bench/30gib-9.bin,834,33554432,426.38,,
0,bench/30gib-9.bin,835,33554432,716.97,,
0,bench/30gib-9.bin,836,33554432,437.48,,
0,bench/30gib-9.bin,837,33554432,408.92,,
0,bench/30gib-9.bin,838,33554432,452.02,,
0,bench/30gib-9.bin,839,33554432,358.19,,
0,bench/30gib-9.bin,840,33554432,678.11,,
0,bench/30gib-9.bin,841,33554432,498.46,,
0,bench/30gib-9.bin,842,33554432,448.63,,
0,bench/30gib-9.bin,843,33554432,529.24,,
0,bench/30gib-9.bin,844,33554432,550.31,,
0,bench/30gib-9.bin,845,33554432,379.14,,
0,bench/30gib-9.bin,846,33554432,431.70,,
0,bench/30gib-9.bin,847,33554432,683.72,,
0,bench/30gib-9.bin,848,33554432,652.14,,
0,bench/30gib-9.bin,849,33554432,386.34,,
0,bench/30gib-9.bin,850,33554432,667.96,,
0,bench/30gib-9.bin,851,33554432,479.86,,
0,bench/30gib-9.bin,852,33554432,637.45,,
0,bench/30gib-9.bin,853,33554432,378.70,,
0,bench/30gib-9.bin,854,33554432,438.65,,
0,bench/30gib-9.bin,855,33554432,463.53,,
0,bench/30gib-9.bin,856,33554432,428.96,,
0,bench/30gib-9.bin,857,33554432,435.48,,
0,bench/30gib-9.bin,858,33554432,489.14,,
0,bench/30gib-9.bin,859,33554432,452.75,,
0,bench/30gib-9.bin,860,33554432,529.69,,
0,bench/30gib-9.bin,861,33554432,400.98,,
0,bench/30gib-9.bin,862,33554432,412.36,,
0,bench/30gib-9.bin,863,33554432,415.59,,
0,bench/30gib-9.bin,864,33554432,441.10,,
0,bench/30gib-9.bin,865,33554432,421.09,,
0,bench/30gib-9.bin,866,33554432,650.53,,
0,bench/30gib-9.bin,867,33554432,490.79,,
0,bench/30gib-9.bin,868,33554432,368.48,,
0,bench/30gib-9.bin,869,33554432,482.19,,
0,bench/30gib-9.bin,870,33554432,427.93,,
0,bench/30gib-9.bin,871,33554432,674.48,,
0,bench/30gib-9.bin,872,33554432,379.49,,
0,bench/30gib-9.bin,873,33554432,351.75,,
0,bench/30gib-9.bin,874,33554432,522.00,,
0,bench/30gib-9.bin,875,33554432,343.54,,
0,bench/30gib-9.bin,876,33554432,596.01,,
0,bench/30gib-9.bin,877,33554432,469.92,,
0,bench/30gib-9.bin,878,33554432,508.98,,
0,bench/30gib-9.bin,879,33554432,699.69,,
0,bench/30gib-9.bin,880,33554432,564.45,,
0,bench/30gib-9.bin,881,33554432,471.88,,
0,bench/30gib-9.bin,882,33554432,658.81,,
0,bench/30gib-9.bin,883,33554432,733.46,,
0,bench/30gib-9.bin,884,33554432,349.57,,
0,bench/30gib-9.bin,885,33554432,436.88,,
0,bench/30gib-9.bin,886,33554432,398.92,,
0,bench/30gib-9.bin,887,33554432,451.47,,
0,bench/30gib-9.bin,888,33554432,453.73,,
0,bench/30gib-9.bin,889,33554432,611.04,,
0,bench/30gib-9.bin,890,33554432,386.09,,
0,bench/30gib-9.bin,891,33554432,427.61,,
0,bench/30gib-9.bin,892,33554432,586.45,,
0,bench/30gib-9.bin,893,33554432,464.73,,
0,bench/30gib-9.bin,894,33554432,489.15,,
0,bench/30gib-9.bin,895,33554432,439.33,,
0,bench/30gib-9.bin,896,33554432,512.38,,
0,bench/30gib-9.bin,897,33554432,714.47,,
0,bench/30gib-9.bin,898,33554432,563.67,,
0,bench/30gib-9.bin,899,33554432,1040.72,,
0,bench/30gib-9.bin,900,33554432,613.02,,
0,bench/30gib-9.bin,901,33554432,430.27,,
0,bench/30gib-9.bin,902,33554432,598.73,,
0,bench/30gib-9.bin,903,33554432,521.06,,
0,bench/30gib-9.bin,904,33554432,611.17,,
0,bench/30gib-9.bin,905,33554432,471.72,,
0,bench/30gib-9.bin,906,33554432,410.36,,
0,bench/30gib-9.bin,907,33554432,612.30,,
0,bench/30gib-9.bin,908,33554432,413.66,,
0,bench/30gib-9.bin,909,33554432,405.26,,
0,bench/30gib-9.bin,910,33554432,388.73,,
0,bench/30gib-9.bin,911,33554432,479.40,,
0,bench/30gib-9.bin,912,33554432,415.35,,
0,bench/30gib-9.bin,913,33554432,436.22,,
0,bench/30gib-9.bin,914,33554432,710.39,,
0,bench/30gib-9.bin,915,33554432,633.02,,
0,bench/30gib-9.bin,916,33554432,409.60,,
0,bench/30gib-9.bin,917,33554432,524.68,,
0,bench/30gib-9.bin,918,33554432,510.01,,
0,bench/30gib-9.bin,919,33554432,466.16,,
0,bench/30gib-9.bin,920,33554432,489.60,,
0,bench/30gib-9.bin,921,33554432,343.52,,
0,bench/30gib-9.bin,922,33554432,407.60,,
0,bench/30gib-9.bin,923,33554432,838.85,,
0,bench/30gib-9.bin,924,33554432,593.72,,
0,bench/30gib-9.bin,925,33554432,423.19,,
0,bench/30gib-9.bin,926,33554432,557.67,,
0,bench/30gib-9.bin,927,33554432,374.13,,
0,bench/30gib-9.bin,928,33554432,382.77,,
0,bench/30gib-9.bin,929,33554432,455.36,,
0,bench/30gib-9.bin,930,33554432,421.35,,
0,bench/30gib-9.bin,931,33554432,501.37,,
0,bench/30gib-9.bin,932,33554432,626.05,,
0,bench/30gib-9.bin,933,33554432,539.62,,
0,bench/30gib-9.bin,934,33554432,698.17,,
0,bench/30gib-9.bin,935,33554432,394.46,,
0,bench/30gib-9.bin,936,33554432,629.43,,
0,bench/30gib-9.bin,937,33554432,353.22,,
0,bench/30gib-9.bin,938,33554432,403.01,,
0,bench/30gib-9.bin,939,33554432,581.79,,
0,bench/30gib-9.bin,940,33554432,499.26,,
0,bench/30gib-9.bin,941,33554432,556.91,,
0,bench/30gib-9.bin,942,33554432,581.18,,
0,bench/30gib-9.bin,943,33554432,429.22,,
0,bench/30gib-9.bin,944,33554432,544.10,,
0,bench/30gib-9.bin,945,33554432,549.49,,
0,bench/30gib-9.bin,946,33554432,494.59,,
0,bench/30gib-9.bin,947,33554432,384.29,,
0,bench/30gib-9.bin,948,33554432,552.23,,
0,bench/30gib-9.bin,949,33554432,487.84,,
0,bench/30gib-9.bin,950,33554432,822.32,,
0,bench/30gib-9.bin,951,33554432,541.56,,
0,bench/30gib-9.bin,952,33554432,536.11,,
0,bench/30gib-9.bin,953,33554432,599.16,,
0,bench/30gib-9.bin,954,33554432,584.42,,
0,bench/30gib-9.bin,955,33554432,353.04,,
0,bench/30gib-9.bin,956,33554432,548.58,,
0,bench/30gib-9.bin,957,33554432,375.40,,
0,bench/30gib-9.bin,958,33554432,483.56,,
0,bench/30gib-9.bin,959,33554432,402.64,,
0,bench/30gib-9.bin,960,33554432,345.89,,
