iter,key,part_number,bytes,download_ms,vip,conn_id
0,bench/30gib-0.bin,1,33554432,1692.47,,
0,bench/30gib-0.bin,2,33554432,1183.61,,
0,bench/30gib-0.bin,3,33554432,1076.67,,
0,bench/30gib-0.bin,4,33554432,1355.69,,
0,bench/30gib-0.bin,5,33554432,1238.71,,
0,bench/30gib-0.bin,6,33554432,1290.78,,
0,bench/30gib-0.bin,7,33554432,1314.06,,
0,bench/30gib-0.bin,8,33554432,1444.07,,
0,bench/30gib-0.bin,9,33554432,1008.80,,
0,bench/30gib-0.bin,10,33554432,891.79,,
0,bench/30gib-0.bin,11,33554432,1331.89,,
0,bench/30gib-0.bin,12,33554432,1349.24,,
0,bench/30gib-0.bin,13,33554432,757.68,,
0,bench/30gib-0.bin,14,33554432,1056.94,,
0,bench/30gib-0.bin,15,33554432,1141.63,,
0,bench/30gib-0.bin,16,33554432,1434.85,,
0,bench/30gib-0.bin,17,33554432,1352.93,,
0,bench/30gib-0.bin,18,33554432,1300.43,,
0,bench/30gib-0.bin,19,33554432,1259.58,,
0,bench/30gib-0.bin,20,33554432,1369.08,,
0,bench/30gib-0.bin,21,33554432,1192.51,,
0,bench/30gib-0.bin,22,33554432,1044.88,,
0,bench/30gib-0.bin,23,33554432,1411.23,,
0,bench/30gib-0.bin,24,33554432,805.51,,
0,bench/30gib-0.bin,25,33554432,1249.32,,
0,bench/30gib-0.bin,26,33554432,1185.51,,
0,bench/30gib-0.bin,27,33554432,1039.74,,
0,bench/30gib-0.bin,28,33554432,1160.94,,
0,bench/30gib-0.bin,29,33554432,1054.35,,
0,bench/30gib-0.bin,30,33554432,973.96,,
0,bench/30gib-0.bin,31,33554432,1049.60,,
0,bench/30gib-0.bin,32,33554432,847.19,,
0,bench/30gib-0.bin,33,33554432,713.10,,
0,bench/30gib-0.bin,34,33554432,1031.14,,
0,bench/30gib-0.bin,35,33554432,654.75,,
0,bench/30gib-0.bin,36,33554432,1009.06,,
0,bench/30gib-0.bin,37,33554432,826.40,,
0,bench/30gib-0.bin,38,33554432,846.57,,
0,bench/30gib-0.bin,39,33554432,969.84,,
0,bench/30gib-0.bin,40,33554432,987.25,,
0,bench/30gib-0.bin,41,33554432,560.45,,
0,bench/30gib-0.bin,42,33554432,864.04,,
0,bench/30gib-0.bin,43,33554432,741.28,,
0,bench/30gib-0.bin,44,33554432,784.80,,
0,bench/30gib-0.bin,45,33554432,929.16,,
0,bench/30gib-0.bin,46,33554432,683.56,,
0,bench/30gib-0.bin,47,33554432,726.93,,
0,bench/30gib-0.bin,48,33554432,830.44,,
0,bench/30gib-0.bin,49,33554432,650.37,,
0,bench/30gib-0.bin,50,33554432,612.40,,
0,bench/30gib-0.bin,51,33554432,746.45,,
0,bench/30gib-0.bin,52,33554432,555.42,,
0,bench/30gib-0.bin,53,33554432,685.94,,
0,bench/30gib-0.bin,54,33554432,795.74,,
0,bench/30gib-0.bin,55,33554432,608.83,,
0,bench/30gib-0.bin,56,33554432,599.02,,
0,bench/30gib-0.bin,57,33554432,656.96,,
0,bench/30gib-0.bin,58,33554432,924.37,,
0,bench/30gib-0.bin,59,33554432,653.20,,
0,bench/30gib-0.bin,60,33554432,780.20,,
0,bench/30gib-0.bin,61,33554432,714.63,,
0,bench/30gib-0.bin,62,33554432,686.59,,
0,bench/30gib-0.bin,63,33554432,1031.96,,
0,bench/30gib-0.bin,64,33554432,585.60,,
0,bench/30gib-0.bin,65,33554432,431.50,,
0,bench/30gib-0.bin,66,33554432,1141.38,,
0,bench/30gib-0.bin,67,33554432,794.45,,
0,bench/30gib-0.bin,68,33554432,591.34,,
0,bench/30gib-0.bin,69,33554432,1055.73,,
0,bench/30gib-0.bin,70,33554432,1181.67,,
0,bench/30gib-0.bin,71,33554432,517.08,,
0,bench/30gib-0.bin,72,33554432,553.47,,
0,bench/30gib-0.bin,73,33554432,822.45,,
0,bench/30gib-0.bin,74,33554432,463.83,,
0,bench/30gib-0.bin,75,33554432,728.32,,
0,bench/30gib-0.bin,76,33554432,655.52,,
0,bench/30gib-0.bin,77,33554432,821.24,,
0,bench/30gib-0.bin,78,33554432,695.79,,
0,bench/30gib-0.bin,79,33554432,451.06,,
0,bench/30gib-0.bin,80,33554432,623.56,,
0,bench/30gib-0.bin,81,33554432,529.73,,
0,bench/30gib-0.bin,82,33554432,508.72,,
0,bench/30gib-0.bin,83,33554432,677.79,,
0,bench/30gib-0.bin,84,33554432,1110.64,,
0,bench/30gib-0.bin,85,33554432,360.28,,
0,bench/30gib-0.bin,86,33554432,525.56,,
0,bench/30gib-0.bin,87,33554432,886.36,,
0,bench/30gib-0.bin,88,33554432,939.06,,
0,bench/30gib-0.bin,89,33554432,1079.80,,
0,bench/30gib-0.bin,90,33554432,635.17,,
0,bench/30gib-0.bin,91,33554432,563.63,,
0,bench/30gib-0.bin,92,33554432,458.90,,
0,bench/30gib-0.bin,93,33554432,596.25,,
0,bench/30gib-0.bin,94,33554432,765.43,,
0,bench/30gib-0.bin,95,33554432,640.68,,
0,bench/30gib-0.bin,96,33554432,742.57,,
0,bench/30gib-0.bin,97,33554432,632.38,,
0,bench/30gib-0.bin,98,33554432,808.52,,
0,bench/30gib-0.bin,99,33554432,884.40,,
0,bench/30gib-0.bin,100,33554432,385.97,,
0,bench/30gib-0.bin,101,33554432,710.72,,
0,bench/30gib-0.bin,102,33554432,550.95,,
0,bench/30gib-0.bin,103,33554432,810.02,,
0,bench/30gib-0.bin,104,33554432,449.20,,
0,bench/30gib-0.bin,105,33554432,806.25,,
0,bench/30gib-0.bin,106,33554432,538.90,,
0,bench/30gib-0.bin,107,33554432,356.21,,
0,bench/30gib-0.bin,108,33554432,423.55,,
0,bench/30gib-0.bin,109,33554432,488.72,,
0,bench/30gib-0.bin,110,33554432,389.62,,
0,bench/30gib-0.bin,111,33554432,443.21,,
0,bench/30gib-0.bin,112,33554432,464.87,,
0,bench/30gib-0.bin,113,33554432,1147.56,,
0,bench/30gib-0.bin,114,33554432,967.73,,
0,bench/30gib-0.bin,115,33554432,845.39,,
0,bench/30gib-0.bin,116,33554432,761.71,,
0,bench/30gib-0.bin,117,33554432,535.35,,
0,bench/30gib-0.bin,118,33554432,458.63,,
0,bench/30gib-0.bin,119,33554432,517.50,,
0,bench/30gib-0.bin,120,33554432,827.50,,
0,bench/30gib-0.bin,121,33554432,566.73,,
0,bench/30gib-0.bin,122,33554432,664.24,,
0,bench/30gib-0.bin,123,33554432,464.73,,
0,bench/30gib-0.bin,124,33554432,584.57,,
0,bench/30gib-0.bin,125,33554432,566.08,,
0,bench/30gib-0.bin,126,33554432,648.09,,
0,bench/30gib-0.bin,127,33554432,553.67,,
0,bench/30gib-0.bin,128,33554432,1083.17,,
0,bench/30gib-0.bin,129,33554432,538.19,,
0,bench/30gib-0.bin,130,33554432,907.92,,
0,bench/30gib-0.bin,131,33554432,823.19,,
0,bench/30gib-0.bin,132,33554432,735.61,,
0,bench/30gib-0.bin,133,33554432,615.87,,
0,bench/30gib-0.bin,134,33554432,558.25,,
0,bench/30gib-0.bin,135,33554432,891.12,,
0,bench/30gib-0.bin,136,33554432,483.82,,
0,bench/30gib-0.bin,137,33554432,741.10,,
0,bench/30gib-0.bin,138,33554432,1005.03,,
0,bench/30gib-0.bin,139,33554432,1030.17,,
0,bench/30gib-0.bin,140,33554432,1172.92,,
0,bench/30gib-0.bin,141,33554432,787.81,,
0,bench/30gib-0.bin,142,33554432,623.03,,
0,bench/30gib-0.bin,143,33554432,764.05,,
0,bench/30gib-0.bin,144,33554432,407.44,,
0,bench/30gib-0.bin,145,33554432,694.50,,
0,bench/30gib-0.bin,146,33554432,686.93,,
0,bench/30gib-0.bin,147,33554432,617.00,,
0,bench/30gib-0.bin,148,33554432,389.37,,
0,bench/30gib-0.bin,149,33554432,594.48,,
0,bench/30gib-0.bin,150,33554432,672.47,,
0,bench/30gib-0.bin,151,33554432,720.25,,
0,bench/30gib-0.bin,152,33554432,494.84,,
0,bench/30gib-0.bin,153,33554432,690.18,,
0,bench/30gib-0.bin,154,33554432,695.09,,
0,bench/30gib-0.bin,155,33554432,1027.10,,
0,bench/30gib-0.bin,156,33554432,509.89,,
0,bench/30gib-0.bin,157,33554432,564.53,,
0,bench/30gib-0.bin,158,33554432,735.48,,
0,bench/30gib-0.bin,159,33554432,836.22,,
0,bench/30gib-0.bin,160,33554432,810.37,,
0,bench/30gib-0.bin,161,33554432,790.46,,
0,bench/30gib-0.bin,162,33554432,642.72,,
0,bench/30gib-0.bin,163,33554432,797.46,,
0,bench/30gib-0.bin,164,33554432,963.46,,
0,bench/30gib-0.bin,165,33554432,690.89,,
0,bench/30gib-0.bin,166,33554432,742.87,,
0,bench/30gib-0.bin,167,33554432,485.35,,
0,bench/30gib-0.bin,168,33554432,630.37,,
0,bench/30gib-0.bin,169,33554432,991.51,,
0,bench/30gib-0.bin,170,33554432,535.81,,
0,bench/30gib-0.bin,171,33554432,478.83,,
0,bench/30gib-0.bin,172,33554432,509.19,,
0,bench/30gib-0.bin,173,33554432,531.21,,
0,bench/30gib-0.bin,174,33554432,1132.96,,
0,bench/30gib-0.bin,175,33554432,893.31,,
0,bench/30gib-0.bin,176,33554432,398.06,,
0,bench/30gib-0.bin,177,33554432,538.39,,
0,bench/30gib-0.bin,178,33554432,1128.41,,
0,bench/30gib-0.bin,179,33554432,805.88,,
0,bench/30gib-0.bin,180,33554432,864.88,,
0,bench/30gib-0.bin,181,33554432,730.65,,
0,bench/30gib-0.bin,182,33554432,440.01,,
0,bench/30gib-0.bin,183,33554432,412.76,,
0,bench/30gib-0.bin,184,33554432,585.40,,
0,bench/30gib-0.bin,185,33554432,468.34,,
0,bench/30gib-0.bin,186,33554432,433.42,,
0,bench/30gib-0.bin,187,33554432,889.10,,
0,bench/30gib-0.bin,188,33554432,701.05,,
0,bench/30gib-0.bin,189,33554432,707.32,,
0,bench/30gib-0.bin,190,33554432,800.65,,
0,bench/30gib-0.bin,191,33554432,644.48,,
0,bench/30gib-0.bin,192,33554432,790.13,,
0,bench/30gib-0.bin,193,33554432,638.96,,
0,bench/30gib-0.bin,194,33554432,849.66,,
0,bench/30gib-0.bin,195,33554432,823.22,,
0,bench/30gib-0.bin,196,33554432,766.59,,
0,bench/30gib-0.bin,197,33554432,625.91,,
0,bench/30gib-0.bin,198,33554432,529.00,,
0,bench/30gib-0.bin,199,33554432,572.76,,
0,bench/30gib-0.bin,200,33554432,620.06,,
0,bench/30gib-0.bin,201,33554432,616.65,,
0,bench/30gib-0.bin,202,33554432,665.50,,
0,bench/30gib-0.bin,203,33554432,376.73,,
0,bench/30gib-0.bin,204,33554432,1146.53,,
0,bench/30gib-0.bin,205,33554432,703.70,,
0,bench/30gib-0.bin,206,33554432,898.03,,
0,bench/30gib-0.bin,207,33554432,398.87,,
0,bench/30gib-0.bin,208,33554432,824.64,,
0,bench/30gib-0.bin,209,33554432,449.62,,
0,bench/30gib-0.bin,210,33554432,466.51,,
0,bench/30gib-0.bin,211,33554432,603.98,,
0,bench/30gib-0.bin,212,33554432,962.23,,
0,bench/30gib-0.bin,213,33554432,460.48,,
0,bench/30gib-0.bin,214,33554432,1412.70,,
0,bench/30gib-0.bin,215,33554432,877.62,,
0,bench/30gib-0.bin,216,33554432,352.85,,
0,bench/30gib-0.bin,217,33554432,1108.29,,
0,bench/30gib-0.bin,218,33554432,976.93,,
0,bench/30gib-0.bin,219,33554432,685.09,,
0,bench/30gib-0.bin,220,33554432,825.14,,
0,bench/30gib-0.bin,221,33554432,1110.61,,
0,bench/30gib-0.bin,222,33554432,563.42,,
0,bench/30gib-0.bin,223,33554432,908.03,,
0,bench/30gib-0.bin,224,33554432,591.44,,
0,bench/30gib-0.bin,225,33554432,608.49,,
0,bench/30gib-0.bin,226,33554432,985.01,,
0,bench/30gib-0.bin,227,33554432,905.08,,
0,bench/30gib-0.bin,228,33554432,601.24,,
0,bench/30gib-0.bin,229,33554432,797.46,,
0,bench/30gib-0.bin,230,33554432,1038.79,,
0,bench/30gib-0.bin,231,33554432,641.25,,
0,bench/30gib-0.bin,232,33554432,545.20,,
0,bench/30gib-0.bin,233,33554432,1103.91,,
0,bench/30gib-0.bin,234,33554432,792.83,,
0,bench/30gib-0.bin,235,33554432,477.07,,
0,bench/30gib-0.bin,236,33554432,770.07,,
0,bench/30gib-0.bin,237,33554432,420.13,,
0,bench/30gib-0.bin,238,33554432,675.30,,
0,bench/30gib-0.bin,239,33554432,704.04,,
0,bench/30gib-0.bin,240,33554432,719.44,,
0,bench/30gib-0.bin,241,33554432,566.66,,
0,bench/30gib-0.bin,242,33554432,446.92,,
0,bench/30gib-0.bin,243,33554432,859.06,,
0,bench/30gib-0.bin,244,33554432,1052.31,,
0,bench/30gib-0.bin,245,33554432,360.24,,
0,bench/30gib-0.bin,246,33554432,425.82,,
0,bench/30gib-0.bin,247,33554432,598.28,,
0,bench/30gib-0.bin,248,33554432,615.33,,
0,bench/30gib-0.bin,249,33554432,701.55,,
0,bench/30gib-0.bin,250,33554432,831.65,,
0,bench/30gib-0.bin,251,33554432,373.52,,
0,bench/30gib-0.bin,252,33554432,764.85,,
0,bench/30gib-0.bin,253,33554432,1021.51,,
0,bench/30gib-0.bin,254,33554432,699.83,,
0,bench/30gib-0.bin,255,33554432,813.73,,
0,bench/30gib-0.bin,256,33554432,739.37,,
0,bench/30gib-0.bin,257,33554432,820.43,,
0,bench/30gib-0.bin,258,33554432,731.85,,
0,bench/30gib-0.bin,259,33554432,470.53,,
0,bench/30gib-0.bin,260,33554432,734.93,,
0,bench/30gib-0.bin,261,33554432,584.50,,
0,bench/30gib-0.bin,262,33554432,408.44,,
0,bench/30gib-0.bin,263,33554432,685.45,,
0,bench/30gib-0.bin,264,33554432,458.55,,
0,bench/30gib-0.bin,265,33554432,962.61,,
0,bench/30gib-0.bin,266,33554432,428.00,,
0,bench/30gib-0.bin,267,33554432,407.98,,
0,bench/30gib-0.bin,268,33554432,785.01,,
0,bench/30gib-0.bin,269,33554432,1176.77,,
0,bench/30gib-0.bin,270,33554432,1118.69,,
0,bench/30gib-0.bin,271,33554432,437.33,,
0,bench/30gib-0.bin,272,33554432,1248.46,,
0,bench/30gib-0.bin,273,33554432,1600.66,,
0,bench/30gib-0.bin,274,33554432,1119.02,,
0,bench/30gib-0.bin,275,33554432,512.14,,
0,bench/30gib-0.bin,276,33554432,567.96,,
0,bench/30gib-0.bin,277,33554432,665.34,,
0,bench/30gib-0.bin,278,33554432,797.68,,
0,bench/30gib-0.bin,279,33554432,572.29,,
0,bench/30gib-0.bin,280,33554432,789.77,,
0,bench/30gib-0.bin,281,33554432,631.59,,
0,bench/30gib-0.bin,282,33554432,627.31,,
0,bench/30gib-0.bin,283,33554432,870.59,,
0,bench/30gib-0.bin,284,33554432,730.44,,
0,bench/30gib-0.bin,285,33554432,996.19,,
0,bench/30gib-0.bin,286,33554432,804.73,,
0,bench/30gib-0.bin,287,33554432,1170.55,,
0,bench/30gib-0.bin,288,33554432,853.60,,
0,bench/30gib-0.bin,289,33554432,937.12,,
0,bench/30gib-0.bin,290,33554432,723.53,,
0,bench/30gib-0.bin,291,33554432,1123.06,,
0,bench/30gib-0.bin,292,33554432,397.96,,
0,bench/30gib-0.bin,293,33554432,513.81,,
0,bench/30gib-0.bin,294,33554432,550.72,,
0,bench/30gib-0.bin,295,33554432,511.07,,
0,bench/30gib-0.bin,296,33554432,350.09,,
0,bench/30gib-0.bin,297,33554432,477.51,,
0,bench/30gib-0.bin,298,33554432,672.91,,
0,bench/30gib-0.bin,299,33554432,615.93,,
0,bench/30gib-0.bin,300,33554432,558.60,,
0,bench/30gib-0.bin,301,33554432,510.65,,
0,bench/30gib-0.bin,302,33554432,431.87,,
0,bench/30gib-0.bin,303,33554432,528.44,,
0,bench/30gib-0.bin,304,33554432,416.82,,
0,bench/30gib-0.bin,305,33554432,613.63,,
0,bench/30gib-0.bin,306,33554432,865.40,,
0,bench/30gib-0.bin,307,33554432,908.10,,
0,bench/30gib-0.bin,308,33554432,1145.40,,
0,bench/30gib-0.bin,309,33554432,694.96,,
0,bench/30gib-0.bin,310,33554432,562.87,,
0,bench/30gib-0.bin,311,33554432,432.89,,
0,bench/30gib-0.bin,312,33554432,393.92,,
0,bench/30gib-0.bin,313,33554432,982.22,,
0,bench/30gib-0.bin,314,33554432,437.51,,
0,bench/30gib-0.bin,315,33554432,594.53,,
0,bench/30gib-0.bin,316,33554432,507.61,,
0,bench/30gib-0.bin,317,33554432,619.82,,
0,bench/30gib-0.bin,318,33554432,853.54,,
0,bench/30gib-0.bin,319,33554432,566.19,,
0,bench/30gib-0.bin,320,33554432,1284.94,,
0,bench/30gib-0.bin,321,33554432,549.41,,
0,bench/30gib-0.bin,322,33554432,1104.59,,
0,bench/30gib-0.bin,323,33554432,534.33,,
0,bench/30gib-0.bin,324,33554432,1080.77,,
0,bench/30gib-0.bin,325,33554432,756.81,,
0,bench/30gib-0.bin,326,33554432,625.13,,
0,bench/30gib-0.bin,327,33554432,895.66,,
0,bench/30gib-0.bin,328,33554432,557.02,,
0,bench/30gib-0.bin,329,33554432,494.74,,
0,bench/30gib-0.bin,330,33554432,1006.98,,
0,bench/30gib-0.bin,331,33554432,863.79,,
0,bench/30gib-0.bin,332,33554432,747.13,,
0,bench/30gib-0.bin,333,33554432,736.15,,
0,bench/30gib-0.bin,334,33554432,821.95,,
0,bench/30gib-0.bin,335,33554432,856.54,,
0,bench/30gib-0.bin,336,33554432,496.48,,
0,bench/30gib-0.bin,337,33554432,804.05,,
0,bench/30gib-0.bin,338,33554432,780.72,,
0,bench/30gib-0.bin,339,33554432,596.27,,
0,bench/30gib-0.bin,340,33554432,611.65,,
0,bench/30gib-0.bin,341,33554432,649.97,,
0,bench/30gib-0.bin,342,33554432,486.14,,
0,bench/30gib-0.bin,343,33554432,954.88,,
0,bench/30gib-0.bin,344,33554432,482.16,,
0,bench/30gib-0.bin,345,33554432,555.31,,
0,bench/30gib-0.bin,346,33554432,360.03,,
0,bench/30gib-0.bin,347,33554432,628.29,,
0,bench/30gib-0.bin,348,33554432,615.52,,
0,bench/30gib-0.bin,349,33554432,513.26,,
0,bench/30gib-0.bin,350,33554432,514.07,,
0,bench/30gib-0.bin,351,33554432,858.75,,
0,bench/30gib-0.bin,352,33554432,748.36,,
0,bench/30gib-0.bin,353,33554432,575.14,,
0,bench/30gib-0.bin,354,33554432,1061.08,,
0,bench/30gib-0.bin,355,33554432,882.13,,
0,bench/30gib-0.bin,356,33554432,697.12,,
0,bench/30gib-0.bin,357,33554432,842.53,,
0,bench/30gib-0.bin,358,33554432,408.23,,
0,bench/30gib-0.bin,359,33554432,568.99,,
0,bench/30gib-0.bin,360,33554432,667.68,,
0,bench/30gib-0.bin,361,33554432,988.08,,
0,bench/30gib-0.bin,362,33554432,636.34,,
0,bench/30gib-0.bin,363,33554432,539.07,,
0,bench/30gib-0.bin,364,33554432,513.13,,
0,bench/30gib-0.bin,365,33554432,614.96,,
0,bench/30gib-0.bin,366,33554432,671.04,,
0,bench/30gib-0.bin,367,33554432,446.01,,
0,bench/30gib-0.bin,368,33554432,840.09,,
0,bench/30gib-0.bin,369,33554432,880.88,,
0,bench/30gib-0.bin,370,33554432,588.54,,
0,bench/30gib-0.bin,371,33554432,1024.53,,
0,bench/30gib-0.bin,372,33554432,1135.36,,
0,bench/30gib-0.bin,373,33554432,647.79,,
0,bench/30gib-0.bin,374,33554432,605.66,,
0,bench/30gib-0.bin,375,33554432,674.54,,
0,bench/30gib-0.bin,376,33554432,626.76,,
0,bench/30gib-0.bin,377,33554432,1413.82,,
0,bench/30gib-0.bin,378,33554432,589.31,,
0,bench/30gib-0.bin,379,33554432,813.03,,
0,bench/30gib-0.bin,380,33554432,734.97,,
0,bench/30gib-0.bin,381,33554432,977.09,,
0,bench/30gib-0.bin,382,33554432,843.81,,
0,bench/30gib-0.bin,383,33554432,1023.07,,
0,bench/30gib-0.bin,384,33554432,766.23,,
0,bench/30gib-0.bin,385,33554432,976.42,,
0,bench/30gib-0.bin,386,33554432,599.44,,
0,bench/30gib-0.bin,387,33554432,361.46,,
0,bench/30gib-0.bin,388,33554432,713.66,,
0,bench/30gib-0.bin,389,33554432,898.66,,
0,bench/30gib-0.bin,390,33554432,693.91,,
0,bench/30gib-0.bin,391,33554432,504.96,,
0,bench/30gib-0.bin,392,33554432,1478.52,,
0,bench/30gib-0.bin,393,33554432,1295.93,,
0,bench/30gib-0.bin,394,33554432,812.41,,
0,bench/30gib-0.bin,395,33554432,501.22,,
0,bench/30gib-0.bin,396,33554432,519.48,,
0,bench/30gib-0.bin,397,33554432,667.74,,
0,bench/30gib-0.bin,398,33554432,891.75,,
0,bench/30gib-0.bin,399,33554432,469.63,,
0,bench/30gib-0.bin,400,33554432,452.79,,
0,bench/30gib-0.bin,401,33554432,884.55,,
0,bench/30gib-0.bin,402,33554432,700.63,,
0,bench/30gib-0.bin,403,33554432,576.27,,
0,bench/30gib-0.bin,404,33554432,511.66,,
0,bench/30gib-0.bin,405,33554432,657.83,,
0,bench/30gib-0.bin,406,33554432,1840.28,,
0,bench/30gib-0.bin,407,33554432,1014.69,,
0,bench/30gib-0.bin,408,33554432,702.78,,
0,bench/30gib-0.bin,409,33554432,887.61,,
0,bench/30gib-0.bin,410,33554432,362.92,,
0,bench/30gib-0.bin,411,33554432,427.25,,
0,bench/30gib-0.bin,412,33554432,524.06,,
0,bench/30gib-0.bin,413,33554432,1032.88,,
0,bench/30gib-0.bin,414,33554432,1123.62,,
0,bench/30gib-0.bin,415,33554432,624.97,,
0,bench/30gib-0.bin,416,33554432,1065.72,,
0,bench/30gib-0.bin,417,33554432,940.12,,
0,bench/30gib-0.bin,418,33554432,720.40,,
0,bench/30gib-0.bin,419,33554432,1560.32,,
0,bench/30gib-0.bin,420,33554432,1596.85,,
0,bench/30gib-0.bin,421,33554432,486.83,,
0,bench/30gib-0.bin,422,33554432,493.51,,
0,bench/30gib-0.bin,423,33554432,1248.86,,
0,bench/30gib-0.bin,424,33554432,490.18,,
0,bench/30gib-0.bin,425,33554432,592.30,,
0,bench/30gib-0.bin,426,33554432,505.84,,
0,bench/30gib-0.bin,427,33554432,420.14,,
0,bench/30gib-0.bin,428,33554432,1007.86,,
0,bench/30gib-0.bin,429,33554432,807.74,,
0,bench/30gib-0.bin,430,33554432,507.39,,
0,bench/30gib-0.bin,431,33554432,644.90,,
0,bench/30gib-0.bin,432,33554432,699.59,,
0,bench/30gib-0.bin,433,33554432,1131.80,,
0,bench/30gib-0.bin,434,33554432,563.47,,
0,bench/30gib-0.bin,435,33554432,488.95,,
0,bench/30gib-0.bin,436,33554432,719.20,,
0,bench/30gib-0.bin,437,33554432,524.94,,
0,bench/30gib-0.bin,438,33554432,622.59,,
0,bench/30gib-0.bin,439,33554432,686.80,,
0,bench/30gib-0.bin,440,33554432,587.84,,
0,bench/30gib-0.bin,441,33554432,477.78,,
0,bench/30gib-0.bin,442,33554432,702.88,,
0,bench/30gib-0.bin,443,33554432,512.00,,
0,bench/30gib-0.bin,444,33554432,727.08,,
0,bench/30gib-0.bin,445,33554432,575.92,,
0,bench/30gib-0.bin,446,33554432,693.18,,
0,bench/30gib-0.bin,447,33554432,1172.06,,
0,bench/30gib-0.bin,448,33554432,728.57,,
0,bench/30gib-0.bin,449,33554432,558.51,,
0,bench/30gib-0.bin,450,33554432,536.96,,
0,bench/30gib-0.bin,451,33554432,866.25,,
0,bench/30gib-0.bin,452,33554432,534.98,,
0,bench/30gib-0.bin,453,33554432,483.15,,
0,bench/30gib-0.bin,454,33554432,729.27,,
0,bench/30gib-0.bin,455,33554432,816.35,,
0,bench/30gib-0.bin,456,33554432,1260.99,,
0,bench/30gib-0.bin,457,33554432,390.28,,
0,bench/30gib-0.bin,458,33554432,482.12,,
0,bench/30gib-0.bin,459,33554432,730.27,,
0,bench/30gib-0.bin,460,33554432,541.81,,
0,bench/30gib-0.bin,461,33554432,747.03,,
0,bench/30gib-0.bin,462,33554432,546.70,,
0,bench/30gib-0.bin,463,33554432,963.40,,
0,bench/30gib-0.bin,464,33554432,726.81,,
0,bench/30gib-0.bin,465,33554432,836.17,,
0,bench/30gib-0.bin,466,33554432,553.32,,
0,bench/30gib-0.bin,467,33554432,935.00,,
0,bench/30gib-0.bin,468,33554432,1260.74,,
0,bench/30gib-0.bin,469,33554432,1121.75,,
0,bench/30gib-0.bin,470,33554432,892.54,,
0,bench/30gib-0.bin,471,33554432,575.68,,
0,bench/30gib-0.bin,472,33554432,500.75,,
0,bench/30gib-0.bin,473,33554432,1293.76,,
0,bench/30gib-0.bin,474,33554432,585.46,,
0,bench/30gib-0.bin,475,33554432,454.61,,
0,bench/30gib-0.bin,476,33554432,679.81,,
0,bench/30gib-0.bin,477,33554432,2263.98,,
0,bench/30gib-0.bin,478,33554432,471.65,,
0,bench/30gib-0.bin,479,33554432,671.02,,
0,bench/30gib-0.bin,480,33554432,999.25,,
0,bench/30gib-0.bin,481,33554432,673.61,,
0,bench/30gib-0.bin,482,33554432,729.37,,
0,bench/30gib-0.bin,483,33554432,1144.44,,
0,bench/30gib-0.bin,484,33554432,804.86,,
0,bench/30gib-0.bin,485,33554432,426.25,,
0,bench/30gib-0.bin,486,33554432,878.61,,
0,bench/30gib-0.bin,487,33554432,709.47,,
0,bench/30gib-0.bin,488,33554432,1035.12,,
0,bench/30gib-0.bin,489,33554432,949.04,,
0,bench/30gib-0.bin,490,33554432,637.35,,
0,bench/30gib-0.bin,491,33554432,802.41,,
0,bench/30gib-0.bin,492,33554432,1018.52,,
0,bench/30gib-0.bin,493,33554432,406.28,,
0,bench/30gib-0.bin,494,33554432,567.04,,
0,bench/30gib-0.bin,495,33554432,548.39,,
0,bench/30gib-0.bin,496,33554432,667.40,,
0,bench/30gib-0.bin,497,33554432,619.30,,
0,bench/30gib-0.bin,498,33554432,730.93,,
0,bench/30gib-0.bin,499,33554432,1285.57,,
0,bench/30gib-0.bin,500,33554432,490.02,,
0,bench/30gib-0.bin,501,33554432,604.98,,
0,bench/30gib-0.bin,502,33554432,419.42,,
0,bench/30gib-0.bin,503,33554432,591.20,,
0,bench/30gib-0.bin,504,33554432,522.88,,
0,bench/30gib-0.bin,505,33554432,484.26,,
0,bench/30gib-0.bin,506,33554432,598.13,,
0,bench/30gib-0.bin,507,33554432,708.03,,
0,bench/30gib-0.bin,508,33554432,1277.05,,
0,bench/30gib-0.bin,509,33554432,603.13,,
0,bench/30gib-0.bin,510,33554432,549.25,,
0,bench/30gib-0.bin,511,33554432,644.23,,
0,bench/30gib-0.bin,512,33554432,1067.18,,
0,bench/30gib-0.bin,513,33554432,627.21,,
0,bench/30gib-0.bin,514,33554432,575.92,,
0,bench/30gib-0.bin,515,33554432,620.20,,
0,bench/30gib-0.bin,516,33554432,678.90,,
0,bench/30gib-0.bin,517,33554432,649.46,,
0,bench/30gib-0.bin,518,33554432,582.33,,
0,bench/30gib-0.bin,519,33554432,852.05,,
0,bench/30gib-0.bin,520,33554432,565.49,,
0,bench/30gib-0.bin,521,33554432,587.50,,
0,bench/30gib-0.bin,522,33554432,683.21,,
0,bench/30gib-0.bin,523,33554432,1755.19,,
0,bench/30gib-0.bin,524,33554432,698.08,,
0,bench/30gib-0.bin,525,33554432,847.99,,
0,bench/30gib-0.bin,526,33554432,378.21,,
0,bench/30gib-0.bin,527,33554432,850.31,,
0,bench/30gib-0.bin,528,33554432,956.61,,
0,bench/30gib-0.bin,529,33554432,541.42,,
0,bench/30gib-0.bin,530,33554432,660.54,,
0,bench/30gib-0.bin,531,33554432,693.67,,
0,bench/30gib-0.bin,532,33554432,676.40,,
0,bench/30gib-0.bin,533,33554432,486.73,,
0,bench/30gib-0.bin,534,33554432,640.21,,
0,bench/30gib-0.bin,535,33554432,532.21,,
0,bench/30gib-0.bin,536,33554432,623.58,,
0,bench/30gib-0.bin,537,33554432,561.27,,
0,bench/30gib-0.bin,538,33554432,582.65,,
0,bench/30gib-0.bin,539,33554432,913.50,,
0,bench/30gib-0.bin,540,33554432,828.83,,
0,bench/30gib-0.bin,541,33554432,445.33,,
0,bench/30gib-0.bin,542,33554432,567.00,,
0,bench/30gib-0.bin,543,33554432,487.95,,
0,bench/30gib-0.bin,544,33554432,1118.90,,
0,bench/30gib-0.bin,545,33554432,511.98,,
0,bench/30gib-0.bin,546,33554432,1046.21,,
0,bench/30gib-0.bin,547,33554432,573.17,,
0,bench/30gib-0.bin,548,33554432,572.60,,
0,bench/30gib-0.bin,549,33554432,1351.58,,
0,bench/30gib-0.bin,550,33554432,566.32,,
0,bench/30gib-0.bin,551,33554432,895.21,,
0,bench/30gib-0.bin,552,33554432,583.27,,
0,bench/30gib-0.bin,553,33554432,753.30,,
0,bench/30gib-0.bin,554,33554432,579.62,,
0,bench/30gib-0.bin,555,33554432,1039.72,,
0,bench/30gib-0.bin,556,33554432,1074.31,,
0,bench/30gib-0.bin,557,33554432,587.57,,
0,bench/30gib-0.bin,558,33554432,859.68,,
0,bench/30gib-0.bin,559,33554432,452.47,,
0,bench/30gib-0.bin,560,33554432,871.63,,
0,bench/30gib-0.bin,561,33554432,526.68,,
0,bench/30gib-0.bin,562,33554432,444.95,,
0,bench/30gib-0.bin,563,33554432,694.71,,
0,bench/30gib-0.bin,564,33554432,597.81,,
0,bench/30gib-0.bin,565,33554432,470.70,,
0,bench/30gib-0.bin,566,33554432,628.63,,
0,bench/30gib-0.bin,567,33554432,844.34,,
0,bench/30gib-0.bin,568,33554432,814.98,,
0,bench/30gib-0.bin,569,33554432,793.45,,
0,bench/30gib-0.bin,570,33554432,862.64,,
0,bench/30gib-0.bin,571,33554432,1046.36,,
0,bench/30gib-0.bin,572,33554432,1077.06,,
0,bench/30gib-0.bin,573,33554432,501.76,,
0,bench/30gib-0.bin,574,33554432,945.34,,
0,bench/30gib-0.bin,575,33554432,755.38,,
0,bench/30gib-0.bin,576,33554432,594.41,,
0,bench/30gib-0.bin,577,33554432,789.78,,
0,bench/30gib-0.bin,578,33554432,740.67,,
0,bench/30gib-0.bin,579,33554432,840.64,,
0,bench/30gib-0.bin,580,33554432,496.04,,
0,bench/30gib-0.bin,581,33554432,1250.73,,
0,bench/30gib-0.bin,582,33554432,1064.85,,
0,bench/30gib-0.bin,583,33554432,650.97,,
0,bench/30gib-0.bin,584,33554432,543.58,,
0,bench/30gib-0.bin,585,33554432,578.63,,
0,bench/30gib-0.bin,586,33554432,357.53,,
0,bench/30gib-0.bin,587,33554432,801.86,,
0,bench/30gib-0.bin,588,33554432,759.93,,
0,bench/30gib-0.bin,589,33554432,734.73,,
0,bench/30gib-0.bin,590,33554432,968.38,,
0,bench/30gib-0.bin,591,33554432,774.35,,
0,bench/30gib-0.bin,592,33554432,446.58,,
0,bench/30gib-0.bin,593,33554432,587.71,,
0,bench/30gib-0.bin,594,33554432,622.21,,
0,bench/30gib-0.bin,595,33554432,1494.51,,
0,bench/30gib-0.bin,596,33554432,424.27,,
0,bench/30gib-0.bin,597,33554432,682.80,,
0,bench/30gib-0.bin,598,33554432,834.04,,
0,bench/30gib-0.bin,599,33554432,650.25,,
0,bench/30gib-0.bin,600,33554432,594.21,,
0,bench/30gib-0.bin,601,33554432,979.12,,
0,bench/30gib-0.bin,602,33554432,716.58,,
0,bench/30gib-0.bin,603,33554432,687.67,,
0,bench/30gib-0.bin,604,33554432,532.92,,
0,bench/30gib-0.bin,605,33554432,502.11,,
0,bench/30gib-0.bin,606,33554432,564.00,,
0,bench/30gib-0.bin,607,33554432,495.59,,
0,bench/30gib-0.bin,608,33554432,538.83,,
0,bench/30gib-0.bin,609,33554432,655.15,,
0,bench/30gib-0.bin,610,33554432,658.20,,
0,bench/30gib-0.bin,611,33554432,658.35,,
0,bench/30gib-0.bin,612,33554432,571.67,,
0,bench/30gib-0.bin,613,33554432,950.05,,
0,bench/30gib-0.bin,614,33554432,404.05,,
0,bench/30gib-0.bin,615,33554432,711.85,,
0,bench/30gib-0.bin,616,33554432,486.34,,
0,bench/30gib-0.bin,617,33554432,926.11,,
0,bench/30gib-0.bin,618,33554432,970.09,,
0,bench/30gib-0.bin,619,33554432,651.96,,
0,bench/30gib-0.bin,620,33554432,562.67,,
0,bench/30gib-0.bin,621,33554432,418.22,,
0,bench/30gib-0.bin,622,33554432,1066.92,,
0,bench/30gib-0.bin,623,33554432,533.03,,
0,bench/30gib-0.bin,624,33554432,1020.59,,
0,bench/30gib-0.bin,625,33554432,873.05,,
0,bench/30gib-0.bin,626,33554432,551.63,,
0,bench/30gib-0.bin,627,33554432,645.76,,
0,bench/30gib-0.bin,628,33554432,525.93,,
0,bench/30gib-0.bin,629,33554432,1303.45,,
0,bench/30gib-0.bin,630,33554432,997.47,,
0,bench/30gib-0.bin,631,33554432,632.09,,
0,bench/30gib-0.bin,632,33554432,591.75,,
0,bench/30gib-0.bin,633,33554432,1042.94,,
0,bench/30gib-0.bin,634,33554432,992.35,,
0,bench/30gib-0.bin,635,33554432,673.13,,
0,bench/30gib-0.bin,636,33554432,815.10,,
0,bench/30gib-0.bin,637,33554432,432.54,,
0,bench/30gib-0.bin,638,33554432,942.59,,
0,bench/30gib-0.bin,639,33554432,1049.97,,
0,bench/30gib-0.bin,640,33554432,542.11,,
0,bench/30gib-0.bin,641,33554432,758.94,,
0,bench/30gib-0.bin,642,33554432,734.47,,
0,bench/30gib-0.bin,643,33554432,714.08,,
0,bench/30gib-0.bin,644,33554432,542.91,,
0,bench/30gib-0.bin,645,33554432,823.21,,
0,bench/30gib-0.bin,646,33554432,800.99,,
0,bench/30gib-0.bin,647,33554432,488.68,,
0,bench/30gib-0.bin,648,33554432,476.67,,
0,bench/30gib-0.bin,649,33554432,573.33,,
0,bench/30gib-0.bin,650,33554432,533.19,,
0,bench/30gib-0.bin,651,33554432,538.96,,
0,bench/30gib-0.bin,652,33554432,816.43,,
0,bench/30gib-0.bin,653,33554432,729.89,,
0,bench/30gib-0.bin,654,33554432,1033.68,,
0,bench/30gib-0.bin,655,33554432,886.07,,
0,bench/30gib-0.bin,656,33554432,679.69,,
0,bench/30gib-0.bin,657,33554432,525.25,,
0,bench/30gib-0.bin,658,33554432,850.42,,
0,bench/30gib-0.bin,659,33554432,1205.67,,
0,bench/30gib-0.bin,660,33554432,957.64,,
0,bench/30gib-0.bin,661,33554432,891.76,,
0,bench/30gib-0.bin,662,33554432,1176.88,,
0,bench/30gib-0.bin,663,33554432,533.38,,
0,bench/30gib-0.bin,664,33554432,857.71,,
0,bench/30gib-0.bin,665,33554432,634.50,,
0,bench/30gib-0.bin,666,33554432,642.49,,
0,bench/30gib-0.bin,667,33554432,799.49,,
0,bench/30gib-0.bin,668,33554432,587.24,,
0,bench/30gib-0.bin,669,33554432,544.33,,
0,bench/30gib-0.bin,670,33554432,613.46,,
0,bench/30gib-0.bin,671,33554432,1139.50,,
0,bench/30gib-0.bin,672,33554432,1085.41,,
0,bench/30gib-0.bin,673,33554432,702.19,,
0,bench/30gib-0.bin,674,33554432,1277.49,,
0,bench/30gib-0.bin,675,33554432,737.46,,
0,bench/30gib-0.bin,676,33554432,1016.89,,
0,bench/30gib-0.bin,677,33554432,503.56,,
0,bench/30gib-0.bin,678,33554432,597.77,,
0,bench/30gib-0.bin,679,33554432,599.76,,
0,bench/30gib-0.bin,680,33554432,859.85,,
0,bench/30gib-0.bin,681,33554432,632.78,,
0,bench/30gib-0.bin,682,33554432,456.12,,
0,bench/30gib-0.bin,683,33554432,456.70,,
0,bench/30gib-0.bin,684,33554432,972.91,,
0,bench/30gib-0.bin,685,33554432,880.27,,
0,bench/30gib-0.bin,686,33554432,595.05,,
0,bench/30gib-0.bin,687,33554432,586.44,,
0,bench/30gib-0.bin,688,33554432,475.53,,
0,bench/30gib-0.bin,689,33554432,888.27,,
0,bench/30gib-0.bin,690,33554432,511.03,,
0,bench/30gib-0.bin,691,33554432,837.09,,
0,bench/30gib-0.bin,692,33554432,851.78,,
0,bench/30gib-0.bin,693,33554432,365.15,,
0,bench/30gib-0.bin,694,33554432,501.52,,
0,bench/30gib-0.bin,695,33554432,1200.51,,
0,bench/30gib-0.bin,696,33554432,548.31,,
0,bench/30gib-0.bin,697,33554432,686.57,,
0,bench/30gib-0.bin,698,33554432,642.79,,
0,bench/30gib-0.bin,699,33554432,694.22,,
0,bench/30gib-0.bin,700,33554432,884.38,,
0,bench/30gib-0.bin,701,33554432,556.44,,
0,bench/30gib-0.bin,702,33554432,523.62,,
0,bench/30gib-0.bin,703,33554432,408.39,,
0,bench/30gib-0.bin,704,33554432,485.36,,
0,bench/30gib-0.bin,705,33554432,497.10,,
0,bench/30gib-0.bin,706,33554432,829.48,,
0,bench/30gib-0.bin,707,33554432,502.27,,
0,bench/30gib-0.bin,708,33554432,1295.00,,
0,bench/30gib-0.bin,709,33554432,1037.31,,
0,bench/30gib-0.bin,710,33554432,698.15,,
0,bench/30gib-0.bin,711,33554432,734.35,,
0,bench/30gib-0.bin,712,33554432,451.60,,
0,bench/30gib-0.bin,713,33554432,1287.58,,
0,bench/30gib-0.bin,714,33554432,963.63,,
0,bench/30gib-0.bin,715,33554432,599.57,,
0,bench/30gib-0.bin,716,33554432,608.25,,
0,bench/30gib-0.bin,717,33554432,546.89,,
0,bench/30gib-0.bin,718,33554432,775.07,,
0,bench/30gib-0.bin,719,33554432,657.26,,
0,bench/30gib-0.bin,720,33554432,564.82,,
0,bench/30gib-0.bin,721,33554432,556.53,,
0,bench/30gib-0.bin,722,33554432,572.53,,
0,bench/30gib-0.bin,723,33554432,827.91,,
0,bench/30gib-0.bin,724,33554432,501.82,,
0,bench/30gib-0.bin,725,33554432,580.01,,
0,bench/30gib-0.bin,726,33554432,1011.66,,
0,bench/30gib-0.bin,727,33554432,446.57,,
0,bench/30gib-0.bin,728,33554432,943.57,,
0,bench/30gib-0.bin,729,33554432,531.79,,
0,bench/30gib-0.bin,730,33554432,1010.98,,
0,bench/30gib-0.bin,731,33554432,583.18,,
0,bench/30gib-0.bin,732,33554432,512.43,,
0,bench/30gib-0.bin,733,33554432,824.87,,
0,bench/30gib-0.bin,734,33554432,1006.95,,
0,bench/30gib-0.bin,735,33554432,806.25,,
0,bench/30gib-0.bin,736,33554432,715.16,,
0,bench/30gib-0.bin,737,33554432,626.15,,
0,bench/30gib-0.bin,738,33554432,605.72,,
0,bench/30gib-0.bin,739,33554432,356.51,,
0,bench/30gib-0.bin,740,33554432,502.11,,
0,bench/30gib-0.bin,741,33554432,581.11,,
0,bench/30gib-0.bin,742,33554432,532.42,,
0,bench/30gib-0.bin,743,33554432,863.96,,
0,bench/30gib-0.bin,744,33554432,921.36,,
0,bench/30gib-0.bin,745,33554432,858.91,,
0,bench/30gib-0.bin,746,33554432,500.22,,
0,bench/30gib-0.bin,747,33554432,762.14,,
0,bench/30gib-0.bin,748,33554432,575.57,,
0,bench/30gib-0.bin,749,33554432,461.83,,
0,bench/30gib-0.bin,750,33554432,621.72,,
0,bench/30gib-0.bin,751,33554432,822.67,,
0,bench/30gib-0.bin,752,33554432,692.73,,
0,bench/30gib-0.bin,753,33554432,610.14,,
0,bench/30gib-0.bin,754,33554432,358.76,,
0,bench/30gib-0.bin,755,33554432,775.31,,
0,bench/30gib-0.bin,756,33554432,679.42,,
0,bench/30gib-0.bin,757,33554432,909.85,,
0,bench/30gib-0.bin,758,33554432,778.93,,
0,bench/30gib-0.bin,759,33554432,686.16,,
0,bench/30gib-0.bin,760,33554432,478.22,,
0,bench/30gib-0.bin,761,33554432,1249.16,,
0,bench/30gib-0.bin,762,33554432,887.88,,
0,bench/30gib-0.bin,763,33554432,1241.47,,
0,bench/30gib-0.bin,764,33554432,846.83,,
0,bench/30gib-0.bin,765,33554432,717.74,,
0,bench/30gib-0.bin,766,33554432,1029.00,,
0,bench/30gib-0.bin,767,33554432,649.58,,
0,bench/30gib-0.bin,768,33554432,837.01,,
0,bench/30gib-0.bin,769,33554432,757.56,,
0,bench/30gib-0.bin,770,33554432,755.06,,
0,bench/30gib-0.bin,771,33554432,619.16,,
0,bench/30gib-0.bin,772,33554432,715.34,,
0,bench/30gib-0.bin,773,33554432,700.03,,
0,bench/30gib-0.bin,774,33554432,749.47,,
0,bench/30gib-0.bin,775,33554432,525.39,,
0,bench/30gib-0.bin,776,33554432,463.00,,
0,bench/30gib-0.bin,777,33554432,704.68,,
0,bench/30gib-0.bin,778,33554432,907.01,,
0,bench/30gib-0.bin,779,33554432,589.38,,
0,bench/30gib-0.bin,780,33554432,892.19,,
0,bench/30gib-0.bin,781,33554432,674.44,,
0,bench/30gib-0.bin,782,33554432,803.24,,
0,bench/30gib-0.bin,783,33554432,627.15,,
0,bench/30gib-0.bin,784,33554432,721.34,,
0,bench/30gib-0.bin,785,33554432,633.03,,
0,bench/30gib-0.bin,786,33554432,823.22,,
0,bench/30gib-0.bin,787,33554432,803.96,,
0,bench/30gib-0.bin,788,33554432,488.50,,
0,bench/30gib-0.bin,789,33554432,601.46,,
0,bench/30gib-0.bin,790,33554432,622.85,,
0,bench/30gib-0.bin,791,33554432,863.45,,
0,bench/30gib-0.bin,792,33554432,514.95,,
0,bench/30gib-0.bin,793,33554432,930.67,,
0,bench/30gib-0.bin,794,33554432,1032.85,,
0,bench/30gib-0.bin,795,33554432,585.72,,
0,bench/30gib-0.bin,796,33554432,420.94,,
0,bench/30gib-0.bin,797,33554432,851.56,,
0,bench/30gib-0.bin,798,33554432,622.82,,
0,bench/30gib-0.bin,799,33554432,532.44,,
0,bench/30gib-0.bin,800,33554432,1000.92,,
0,bench/30gib-0.bin,801,33554432,594.16,,
0,bench/30gib-0.bin,802,33554432,847.71,,
0,bench/30gib-0.bin,803,33554432,533.30,,
0,bench/30gib-0.bin,804,33554432,796.08,,
0,bench/30gib-0.bin,805,33554432,997.33,,
0,bench/30gib-0.bin,806,33554432,991.11,,
0,bench/30gib-0.bin,807,33554432,816.89,,
0,bench/30gib-0.bin,808,33554432,1075.97,,
0,bench/30gib-0.bin,809,33554432,912.71,,
0,bench/30gib-0.bin,810,33554432,455.45,,
0,bench/30gib-0.bin,811,33554432,707.83,,
0,bench/30gib-0.bin,812,33554432,382.31,,
0,bench/30gib-0.bin,813,33554432,914.68,,
0,bench/30gib-0.bin,814,33554432,468.68,,
0,bench/30gib-0.bin,815,33554432,667.54,,
0,bench/30gib-0.bin,816,33554432,798.50,,
0,bench/30gib-0.bin,817,33554432,935.97,,
0,bench/30gib-0.bin,818,33554432,587.15,,
0,bench/30gib-0.bin,819,33554432,612.23,,
0,bench/30gib-0.bin,820,33554432,842.51,,
0,bench/30gib-0.bin,821,33554432,1130.42,,
0,bench/30gib-0.bin,822,33554432,554.44,,
0,bench/30gib-0.bin,823,33554432,480.69,,
0,bench/30gib-0.bin,824,33554432,517.50,,
0,bench/30gib-0.bin,825,33554432,1312.38,,
0,bench/30gib-0.bin,826,33554432,534.77,,
0,bench/30gib-0.bin,827,33554432,458.81,,
0,bench/30gib-0.bin,828,33554432,972.29,,
0,bench/30gib-0.bin,829,33554432,870.48,,
0,bench/30gib-0.bin,830,33554432,957.02,,
0,bench/30gib-0.bin,831,33554432,506.23,,
0,bench/30gib-0.bin,832,33554432,755.93,,
0,bench/30gib-0.bin,833,33554432,550.03,,
0,bench/30gib-0.bin,834,33554432,486.39,,
0,bench/30gib-0.bin,835,33554432,952.84,,
0,bench/30gib-0.bin,836,33554432,729.86,,
0,bench/30gib-0.bin,837,33554432,666.90,,
0,bench/30gib-0.bin,838,33554432,681.17,,
0,bench/30gib-0.bin,839,33554432,932.76,,
0,bench/30gib-0.bin,840,33554432,950.22,,
0,bench/30gib-0.bin,841,33554432,649.32,,
0,bench/30gib-0.bin,842,33554432,1062.48,,
0,bench/30gib-0.bin,843,33554432,654.93,,
0,bench/30gib-0.bin,844,33554432,745.88,,
0,bench/30gib-0.bin,845,33554432,731.24,,
0,bench/30gib-0.bin,846,33554432,587.52,,
0,bench/30gib-0.bin,847,33554432,1128.72,,
0,bench/30gib-0.bin,848,33554432,748.86,,
0,bench/30gib-0.bin,849,33554432,604.03,,
0,bench/30gib-0.bin,850,33554432,1235.07,,
0,bench/30gib-0.bin,851,33554432,1109.17,,
0,bench/30gib-0.bin,852,33554432,556.72,,
0,bench/30gib-0.bin,853,33554432,1099.66,,
0,bench/30gib-0.bin,854,33554432,616.92,,
0,bench/30gib-0.bin,855,33554432,1031.42,,
0,bench/30gib-0.bin,856,33554432,716.46,,
0,bench/30gib-0.bin,857,33554432,1364.60,,
0,bench/30gib-0.bin,858,33554432,881.03,,
0,bench/30gib-0.bin,859,33554432,695.62,,
0,bench/30gib-0.bin,860,33554432,515.42,,
0,bench/30gib-0.bin,861,33554432,520.57,,
0,bench/30gib-0.bin,862,33554432,578.02,,
0,bench/30gib-0.bin,863,33554432,598.61,,
0,bench/30gib-0.bin,864,33554432,685.37,,
0,bench/30gib-0.bin,865,33554432,1165.57,,
0,bench/30gib-0.bin,866,33554432,819.71,,
0,bench/30gib-0.bin,867,33554432,464.56,,
0,bench/30gib-0.bin,868,33554432,787.41,,
0,bench/30gib-0.bin,869,33554432,838.63,,
0,bench/30gib-0.bin,870,33554432,573.31,,
0,bench/30gib-0.bin,871,33554432,679.42,,
0,bench/30gib-0.bin,872,33554432,1380.69,,
0,bench/30gib-0.bin,873,33554432,752.79,,
0,bench/30gib-0.bin,874,33554432,754.45,,
0,bench/30gib-0.bin,875,33554432,583.31,,
0,bench/30gib-0.bin,876,33554432,587.04,,
0,bench/30gib-0.bin,877,33554432,548.11,,
0,bench/30gib-0.bin,878,33554432,674.16,,
0,bench/30gib-0.bin,879,33554432,923.15,,
0,bench/30gib-0.bin,880,33554432,568.82,,
0,bench/30gib-0.bin,881,33554432,559.24,,
0,bench/30gib-0.bin,882,33554432,579.18,,
0,bench/30gib-0.bin,883,33554432,503.66,,
0,bench/30gib-0.bin,884,33554432,502.93,,
0,bench/30gib-0.bin,885,33554432,632.42,,
0,bench/30gib-0.bin,886,33554432,857.71,,
0,bench/30gib-0.bin,887,33554432,663.90,,
0,bench/30gib-0.bin,888,33554432,502.21,,
0,bench/30gib-0.bin,889,33554432,623.30,,
0,bench/30gib-0.bin,890,33554432,637.93,,
0,bench/30gib-0.bin,891,33554432,834.68,,
0,bench/30gib-0.bin,892,33554432,498.23,,
0,bench/30gib-0.bin,893,33554432,914.20,,
0,bench/30gib-0.bin,894,33554432,580.35,,
0,bench/30gib-0.bin,895,33554432,721.56,,
0,bench/30gib-0.bin,896,33554432,877.80,,
0,bench/30gib-0.bin,897,33554432,885.89,,
0,bench/30gib-0.bin,898,33554432,745.24,,
0,bench/30gib-0.bin,899,33554432,432.13,,
0,bench/30gib-0.bin,900,33554432,861.73,,
0,bench/30gib-0.bin,901,33554432,478.22,,
0,bench/30gib-0.bin,902,33554432,543.04,,
0,bench/30gib-0.bin,903,33554432,465.19,,
0,bench/30gib-0.bin,904,33554432,518.45,,
0,bench/30gib-0.bin,905,33554432,912.54,,
0,bench/30gib-0.bin,906,33554432,492.43,,
0,bench/30gib-0.bin,907,33554432,964.17,,
0,bench/30gib-0.bin,908,33554432,631.66,,
0,bench/30gib-0.bin,909,33554432,648.45,,
0,bench/30gib-0.bin,910,33554432,944.16,,
0,bench/30gib-0.bin,911,33554432,440.51,,
0,bench/30gib-0.bin,912,33554432,1008.10,,
0,bench/30gib-0.bin,913,33554432,1496.45,,
0,bench/30gib-0.bin,914,33554432,553.89,,
0,bench/30gib-0.bin,915,33554432,1252.62,,
0,bench/30gib-0.bin,916,33554432,795.62,,
0,bench/30gib-0.bin,917,33554432,657.95,,
0,bench/30gib-0.bin,918,33554432,768.02,,
0,bench/30gib-0.bin,919,33554432,648.87,,
0,bench/30gib-0.bin,920,33554432,1088.93,,
0,bench/30gib-0.bin,921,33554432,549.34,,
0,bench/30gib-0.bin,922,33554432,1163.57,,
0,bench/30gib-0.bin,923,33554432,793.37,,
0,bench/30gib-0.bin,924,33554432,1140.84,,
0,bench/30gib-0.bin,925,33554432,439.83,,
0,bench/30gib-0.bin,926,33554432,538.96,,
0,bench/30gib-0.bin,927,33554432,1034.94,,
0,bench/30gib-0.bin,928,33554432,612.30,,
0,bench/30gib-0.bin,929,33554432,732.11,,
0,bench/30gib-0.bin,930,33554432,365.21,,
0,bench/30gib-0.bin,931,33554432,577.42,,
0,bench/30gib-0.bin,932,33554432,629.98,,
0,bench/30gib-0.bin,933,33554432,797.13,,
0,bench/30gib-0.bin,934,33554432,551.79,,
0,bench/30gib-0.bin,935,33554432,538.16,,
0,bench/30gib-0.bin,936,33554432,585.12,,
0,bench/30gib-0.bin,937,33554432,629.84,,
0,bench/30gib-0.bin,938,33554432,644.07,,
0,bench/30gib-0.bin,939,33554432,673.16,,
0,bench/30gib-0.bin,940,33554432,453.34,,
0,bench/30gib-0.bin,941,33554432,570.06,,
0,bench/30gib-0.bin,942,33554432,597.60,,
0,bench/30gib-0.bin,943,33554432,627.83,,
0,bench/30gib-0.bin,944,33554432,687.66,,
0,bench/30gib-0.bin,945,33554432,780.90,,
0,bench/30gib-0.bin,946,33554432,718.83,,
0,bench/30gib-0.bin,947,33554432,581.66,,
0,bench/30gib-0.bin,948,33554432,584.69,,
0,bench/30gib-0.bin,949,33554432,919.26,,
0,bench/30gib-0.bin,950,33554432,531.75,,
0,bench/30gib-0.bin,951,33554432,706.87,,
0,bench/30gib-0.bin,952,33554432,521.16,,
0,bench/30gib-0.bin,953,33554432,545.35,,
0,bench/30gib-0.bin,954,33554432,359.00,,
0,bench/30gib-0.bin,955,33554432,464.54,,
0,bench/30gib-0.bin,956,33554432,768.30,,
0,bench/30gib-0.bin,957,33554432,342.00,,
0,bench/30gib-0.bin,958,33554432,552.87,,
0,bench/30gib-0.bin,959,33554432,341.11,,
0,bench/30gib-0.bin,960,33554432,351.16,,
0,bench/30gib-1.bin,1,33554432,1576.75,,
0,bench/30gib-1.bin,2,33554432,1166.62,,
0,bench/30gib-1.bin,3,33554432,1341.28,,
0,bench/30gib-1.bin,4,33554432,1228.65,,
0,bench/30gib-1.bin,5,33554432,1422.58,,
0,bench/30gib-1.bin,6,33554432,1163.14,,
0,bench/30gib-1.bin,7,33554432,1214.85,,
0,bench/30gib-1.bin,8,33554432,1497.12,,
0,bench/30gib-1.bin,9,33554432,955.87,,
0,bench/30gib-1.bin,10,33554432,1603.45,,
0,bench/30gib-1.bin,11,33554432,1166.64,,
0,bench/30gib-1.bin,12,33554432,1334.35,,
0,bench/30gib-1.bin,13,33554432,1149.59,,
0,bench/30gib-1.bin,14,33554432,1267.22,,
0,bench/30gib-1.bin,15,33554432,1380.48,,
0,bench/30gib-1.bin,16,33554432,2268.42,,
0,bench/30gib-1.bin,17,33554432,1279.62,,
0,bench/30gib-1.bin,18,33554432,1254.78,,
0,bench/30gib-1.bin,19,33554432,1116.36,,
0,bench/30gib-1.bin,20,33554432,1204.39,,
0,bench/30gib-1.bin,21,33554432,1245.68,,
0,bench/30gib-1.bin,22,33554432,1620.25,,
0,bench/30gib-1.bin,23,33554432,1322.32,,
0,bench/30gib-1.bin,24,33554432,1516.81,,
0,bench/30gib-1.bin,25,33554432,1120.06,,
0,bench/30gib-1.bin,26,33554432,1137.08,,
0,bench/30gib-1.bin,27,33554432,1291.37,,
0,bench/30gib-1.bin,28,33554432,839.34,,
0,bench/30gib-1.bin,29,33554432,1103.96,,
0,bench/30gib-1.bin,30,33554432,2051.69,,
0,bench/30gib-1.bin,31,33554432,870.06,,
0,bench/30gib-1.bin,32,33554432,860.80,,
0,bench/30gib-1.bin,33,33554432,1090.30,,
0,bench/30gib-1.bin,34,33554432,1120.28,,
0,bench/30gib-1.bin,35,33554432,1033.26,,
0,bench/30gib-1.bin,36,33554432,982.81,,
0,bench/30gib-1.bin,37,33554432,1040.37,,
0,bench/30gib-1.bin,38,33554432,952.49,,
0,bench/30gib-1.bin,39,33554432,608.17,,
0,bench/30gib-1.bin,40,33554432,655.55,,
0,bench/30gib-1.bin,41,33554432,997.17,,
0,bench/30gib-1.bin,42,33554432,502.85,,
0,bench/30gib-1.bin,43,33554432,666.92,,
0,bench/30gib-1.bin,44,33554432,777.44,,
0,bench/30gib-1.bin,45,33554432,794.77,,
0,bench/30gib-1.bin,46,33554432,943.13,,
0,bench/30gib-1.bin,47,33554432,1008.48,,
0,bench/30gib-1.bin,48,33554432,697.75,,
0,bench/30gib-1.bin,49,33554432,677.24,,
0,bench/30gib-1.bin,50,33554432,732.37,,
0,bench/30gib-1.bin,51,33554432,983.31,,
0,bench/30gib-1.bin,52,33554432,663.91,,
0,bench/30gib-1.bin,53,33554432,938.54,,
0,bench/30gib-1.bin,54,33554432,575.32,,
0,bench/30gib-1.bin,55,33554432,767.75,,
0,bench/30gib-1.bin,56,33554432,732.70,,
0,bench/30gib-1.bin,57,33554432,694.83,,
0,bench/30gib-1.bin,58,33554432,549.14,,
0,bench/30gib-1.bin,59,33554432,912.67,,
0,bench/30gib-1.bin,60,33554432,619.06,,
0,bench/30gib-1.bin,61,33554432,569.24,,
0,bench/30gib-1.bin,62,33554432,694.62,,
0,bench/30gib-1.bin,63,33554432,648.26,,
0,bench/30gib-1.bin,64,33554432,566.89,,
0,bench/30gib-1.bin,65,33554432,776.99,,
0,bench/30gib-1.bin,66,33554432,583.70,,
0,bench/30gib-1.bin,67,33554432,977.92,,
0,bench/30gib-1.bin,68,33554432,830.07,,
0,bench/30gib-1.bin,69,33554432,836.54,,
0,bench/30gib-1.bin,70,33554432,1232.29,,
0,bench/30gib-1.bin,71,33554432,1132.93,,
0,bench/30gib-1.bin,72,33554432,504.04,,
0,bench/30gib-1.bin,73,33554432,552.60,,
0,bench/30gib-1.bin,74,33554432,953.87,,
0,bench/30gib-1.bin,75,33554432,1630.25,,
0,bench/30gib-1.bin,76,33554432,630.07,,
0,bench/30gib-1.bin,77,33554432,642.88,,
0,bench/30gib-1.bin,78,33554432,447.38,,
0,bench/30gib-1.bin,79,33554432,729.20,,
0,bench/30gib-1.bin,80,33554432,478.59,,
0,bench/30gib-1.bin,81,33554432,607.17,,
0,bench/30gib-1.bin,82,33554432,658.45,,
0,bench/30gib-1.bin,83,33554432,861.91,,
0,bench/30gib-1.bin,84,33554432,982.89,,
0,bench/30gib-1.bin,85,33554432,756.65,,
0,bench/30gib-1.bin,86,33554432,911.82,,
0,bench/30gib-1.bin,87,33554432,649.03,,
0,bench/30gib-1.bin,88,33554432,713.24,,
0,bench/30gib-1.bin,89,33554432,831.38,,
0,bench/30gib-1.bin,90,33554432,891.12,,
0,bench/30gib-1.bin,91,33554432,725.96,,
0,bench/30gib-1.bin,92,33554432,504.53,,
0,bench/30gib-1.bin,93,33554432,503.87,,
0,bench/30gib-1.bin,94,33554432,505.83,,
0,bench/30gib-1.bin,95,33554432,420.13,,
0,bench/30gib-1.bin,96,33554432,732.41,,
0,bench/30gib-1.bin,97,33554432,491.04,,
0,bench/30gib-1.bin,98,33554432,1427.29,,
0,bench/30gib-1.bin,99,33554432,900.86,,
0,bench/30gib-1.bin,100,33554432,735.37,,
0,bench/30gib-1.bin,101,33554432,776.57,,
0,bench/30gib-1.bin,102,33554432,433.46,,
0,bench/30gib-1.bin,103,33554432,451.21,,
0,bench/30gib-1.bin,104,33554432,665.16,,
0,bench/30gib-1.bin,105,33554432,897.90,,
0,bench/30gib-1.bin,106,33554432,638.83,,
0,bench/30gib-1.bin,107,33554432,831.40,,
0,bench/30gib-1.bin,108,33554432,746.83,,
0,bench/30gib-1.bin,109,33554432,985.92,,
0,bench/30gib-1.bin,110,33554432,476.77,,
0,bench/30gib-1.bin,111,33554432,626.34,,
0,bench/30gib-1.bin,112,33554432,420.93,,
0,bench/30gib-1.bin,113,33554432,766.53,,
0,bench/30gib-1.bin,114,33554432,928.45,,
0,bench/30gib-1.bin,115,33554432,731.60,,
0,bench/30gib-1.bin,116,33554432,660.37,,
0,bench/30gib-1.bin,117,33554432,537.78,,
0,bench/30gib-1.bin,118,33554432,953.28,,
0,bench/30gib-1.bin,119,33554432,857.89,,
0,bench/30gib-1.bin,120,33554432,742.12,,
0,bench/30gib-1.bin,121,33554432,722.73,,
0,bench/30gib-1.bin,122,33554432,820.98,,
0,bench/30gib-1.bin,123,33554432,982.50,,
0,bench/30gib-1.bin,124,33554432,747.11,,
0,bench/30gib-1.bin,125,33554432,803.53,,
0,bench/30gib-1.bin,126,33554432,726.73,,
0,bench/30gib-1.bin,127,33554432,789.90,,
0,bench/30gib-1.bin,128,33554432,1099.58,,
0,bench/30gib-1.bin,129,33554432,757.52,,
0,bench/30gib-1.bin,130,33554432,667.72,,
0,bench/30gib-1.bin,131,33554432,860.76,,
0,bench/30gib-1.bin,132,33554432,656.12,,
0,bench/30gib-1.bin,133,33554432,471.52,,
0,bench/30gib-1.bin,134,33554432,628.56,,
0,bench/30gib-1.bin,135,33554432,569.95,,
0,bench/30gib-1.bin,136,33554432,943.49,,
0,bench/30gib-1.bin,137,33554432,777.42,,
0,bench/30gib-1.bin,138,33554432,620.16,,
0,bench/30gib-1.bin,139,33554432,818.71,,
0,bench/30gib-1.bin,140,33554432,889.37,,
0,bench/30gib-1.bin,141,33554432,619.91,,
0,bench/30gib-1.bin,142,33554432,660.28,,
0,bench/30gib-1.bin,143,33554432,859.00,,
0,bench/30gib-1.bin,144,33554432,589.30,,
0,bench/30gib-1.bin,145,33554432,817.70,,
0,bench/30gib-1.bin,146,33554432,728.52,,
0,bench/30gib-1.bin,147,33554432,824.81,,
0,bench/30gib-1.bin,148,33554432,933.10,,
0,bench/30gib-1.bin,149,33554432,527.13,,
0,bench/30gib-1.bin,150,33554432,663.83,,
0,bench/30gib-1.bin,151,33554432,538.23,,
0,bench/30gib-1.bin,152,33554432,393.58,,
0,bench/30gib-1.bin,153,33554432,549.38,,
0,bench/30gib-1.bin,154,33554432,738.82,,
0,bench/30gib-1.bin,155,33554432,704.51,,
0,bench/30gib-1.bin,156,33554432,704.54,,
0,bench/30gib-1.bin,157,33554432,1639.47,,
0,bench/30gib-1.bin,158,33554432,574.20,,
0,bench/30gib-1.bin,159,33554432,619.74,,
0,bench/30gib-1.bin,160,33554432,674.76,,
0,bench/30gib-1.bin,161,33554432,409.57,,
0,bench/30gib-1.bin,162,33554432,389.05,,
0,bench/30gib-1.bin,163,33554432,623.60,,
0,bench/30gib-1.bin,164,33554432,913.27,,
0,bench/30gib-1.bin,165,33554432,683.20,,
0,bench/30gib-1.bin,166,33554432,677.09,,
0,bench/30gib-1.bin,167,33554432,687.75,,
0,bench/30gib-1.bin,168,33554432,771.76,,
0,bench/30gib-1.bin,169,33554432,409.35,,
0,bench/30gib-1.bin,170,33554432,549.08,,
0,bench/30gib-1.bin,171,33554432,581.72,,
0,bench/30gib-1.bin,172,33554432,488.43,,
0,bench/30gib-1.bin,173,33554432,898.17,,
0,bench/30gib-1.bin,174,33554432,583.14,,
0,bench/30gib-1.bin,175,33554432,493.63,,
0,bench/30gib-1.bin,176,33554432,420.45,,
0,bench/30gib-1.bin,177,33554432,877.97,,
0,bench/30gib-1.bin,178,33554432,606.79,,
0,bench/30gib-1.bin,179,33554432,726.69,,
0,bench/30gib-1.bin,180,33554432,665.12,,
0,bench/30gib-1.bin,181,33554432,811.07,,
0,bench/30gib-1.bin,182,33554432,762.61,,
0,bench/30gib-1.bin,183,33554432,405.88,,
0,bench/30gib-1.bin,184,33554432,882.39,,
0,bench/30gib-1.bin,185,33554432,851.74,,
0,bench/30gib-1.bin,186,33554432,627.49,,
0,bench/30gib-1.bin,187,33554432,587.37,,
0,bench/30gib-1.bin,188,33554432,830.11,,
0,bench/30gib-1.bin,189,33554432,695.65,,
0,bench/30gib-1.bin,190,33554432,493.96,,
0,bench/30gib-1.bin,191,33554432,1038.55,,
0,bench/30gib-1.bin,192,33554432,1364.75,,
0,bench/30gib-1.bin,193,33554432,553.17,,
0,bench/30gib-1.bin,194,33554432,651.30,,
0,bench/30gib-1.bin,195,33554432,455.33,,
0,bench/30gib-1.bin,196,33554432,978.20,,
0,bench/30gib-1.bin,197,33554432,867.41,,
0,bench/30gib-1.bin,198,33554432,731.77,,
0,bench/30gib-1.bin,199,33554432,759.95,,
0,bench/30gib-1.bin,200,33554432,467.09,,
0,bench/30gib-1.bin,201,33554432,688.05,,
0,bench/30gib-1.bin,202,33554432,959.24,,
0,bench/30gib-1.bin,203,33554432,813.17,,
0,bench/30gib-1.bin,204,33554432,715.84,,
0,bench/30gib-1.bin,205,33554432,794.86,,
0,bench/30gib-1.bin,206,33554432,468.01,,
0,bench/30gib-1.bin,207,33554432,400.89,,
0,bench/30gib-1.bin,208,33554432,605.09,,
0,bench/30gib-1.bin,209,33554432,954.61,,
0,bench/30gib-1.bin,210,33554432,869.77,,
0,bench/30gib-1.bin,211,33554432,607.31,,
0,bench/30gib-1.bin,212,33554432,807.66,,
0,bench/30gib-1.bin,213,33554432,514.76,,
0,bench/30gib-1.bin,214,33554432,602.66,,
0,bench/30gib-1.bin,215,33554432,618.52,,
0,bench/30gib-1.bin,216,33554432,435.52,,
0,bench/30gib-1.bin,217,33554432,946.91,,
0,bench/30gib-1.bin,218,33554432,698.95,,
0,bench/30gib-1.bin,219,33554432,888.97,,
0,bench/30gib-1.bin,220,33554432,862.91,,
0,bench/30gib-1.bin,221,33554432,607.83,,
0,bench/30gib-1.bin,222,33554432,696.66,,
0,bench/30gib-1.bin,223,33554432,679.23,,
0,bench/30gib-1.bin,224,33554432,507.02,,
0,bench/30gib-1.bin,225,33554432,721.34,,
0,bench/30gib-1.bin,226,33554432,1017.95,,
0,bench/30gib-1.bin,227,33554432,444.36,,
0,bench/30gib-1.bin,228,33554432,708.48,,
0,bench/30gib-1.bin,229,33554432,901.89,,
0,bench/30gib-1.bin,230,33554432,813.79,,
0,bench/30gib-1.bin,231,33554432,531.88,,
0,bench/30gib-1.bin,232,33554432,953.16,,
0,bench/30gib-1.bin,233,33554432,590.16,,
0,bench/30gib-1.bin,234,33554432,779.77,,
0,bench/30gib-1.bin,235,33554432,923.23,,
0,bench/30gib-1.bin,236,33554432,834.99,,
0,bench/30gib-1.bin,237,33554432,1165.50,,
0,bench/30gib-1.bin,238,33554432,565.55,,
0,bench/30gib-1.bin,239,33554432,1102.91,,
0,bench/30gib-1.bin,240,33554432,699.79,,
0,bench/30gib-1.bin,241,33554432,694.64,,
0,bench/30gib-1.bin,242,33554432,821.65,,
0,bench/30gib-1.bin,243,33554432,577.19,,
0,bench/30gib-1.bin,244,33554432,858.91,,
0,bench/30gib-1.bin,245,33554432,443.63,,
0,bench/30gib-1.bin,246,33554432,878.31,,
0,bench/30gib-1.bin,247,33554432,854.05,,
0,bench/30gib-1.bin,248,33554432,649.39,,
0,bench/30gib-1.bin,249,33554432,653.60,,
0,bench/30gib-1.bin,250,33554432,840.79,,
0,bench/30gib-1.bin,251,33554432,669.53,,
0,bench/30gib-1.bin,252,33554432,651.33,,
0,bench/30gib-1.bin,253,33554432,780.23,,
0,bench/30gib-1.bin,254,33554432,451.76,,
0,bench/30gib-1.bin,255,33554432,564.02,,
0,bench/30gib-1.bin,256,33554432,734.96,,
0,bench/30gib-1.bin,257,33554432,777.06,,
0,bench/30gib-1.bin,258,33554432,654.43,,
0,bench/30gib-1.bin,259,33554432,572.04,,
0,bench/30gib-1.bin,260,33554432,924.56,,
0,bench/30gib-1.bin,261,33554432,669.77,,
0,bench/30gib-1.bin,262,33554432,1297.61,,
0,bench/30gib-1.bin,263,33554432,607.52,,
0,bench/30gib-1.bin,264,33554432,549.27,,
0,bench/30gib-1.bin,265,33554432,1175.25,,
0,bench/30gib-1.bin,266,33554432,543.44,,
0,bench/30gib-1.bin,267,33554432,518.49,,
0,bench/30gib-1.bin,268,33554432,1073.04,,
0,bench/30gib-1.bin,269,33554432,855.22,,
0,bench/30gib-1.bin,270,33554432,528.59,,
0,bench/30gib-1.bin,271,33554432,446.23,,
0,bench/30gib-1.bin,272,33554432,580.70,,
0,bench/30gib-1.bin,273,33554432,576.66,,
0,bench/30gib-1.bin,274,33554432,666.83,,
0,bench/30gib-1.bin,275,33554432,652.73,,
0,bench/30gib-1.bin,276,33554432,703.78,,
0,bench/30gib-1.bin,277,33554432,900.30,,
0,bench/30gib-1.bin,278,33554432,962.79,,
0,bench/30gib-1.bin,279,33554432,529.24,,
0,bench/30gib-1.bin,280,33554432,711.83,,
0,bench/30gib-1.bin,281,33554432,670.26,,
0,bench/30gib-1.bin,282,33554432,565.59,,
0,bench/30gib-1.bin,283,33554432,370.93,,
0,bench/30gib-1.bin,284,33554432,499.15,,
0,bench/30gib-1.bin,285,33554432,1025.38,,
0,bench/30gib-1.bin,286,33554432,517.74,,
0,bench/30gib-1.bin,287,33554432,707.51,,
0,bench/30gib-1.bin,288,33554432,859.37,,
0,bench/30gib-1.bin,289,33554432,621.08,,
0,bench/30gib-1.bin,290,33554432,667.76,,
0,bench/30gib-1.bin,291,33554432,1239.87,,
0,bench/30gib-1.bin,292,33554432,427.60,,
0,bench/30gib-1.bin,293,33554432,761.37,,
0,bench/30gib-1.bin,294,33554432,504.68,,
0,bench/30gib-1.bin,295,33554432,483.94,,
0,bench/30gib-1.bin,296,33554432,941.37,,
0,bench/30gib-1.bin,297,33554432,997.01,,
0,bench/30gib-1.bin,298,33554432,674.68,,
0,bench/30gib-1.bin,299,33554432,464.07,,
0,bench/30gib-1.bin,300,33554432,941.87,,
0,bench/30gib-1.bin,301,33554432,638.30,,
0,bench/30gib-1.bin,302,33554432,347.42,,
0,bench/30gib-1.bin,303,33554432,1127.76,,
0,bench/30gib-1.bin,304,33554432,634.57,,
0,bench/30gib-1.bin,305,33554432,1260.05,,
0,bench/30gib-1.bin,306,33554432,794.74,,
0,bench/30gib-1.bin,307,33554432,357.36,,
0,bench/30gib-1.bin,308,33554432,1069.42,,
0,bench/30gib-1.bin,309,33554432,815.29,,
0,bench/30gib-1.bin,310,33554432,451.49,,
0,bench/30gib-1.bin,311,33554432,727.53,,
0,bench/30gib-1.bin,312,33554432,359.27,,
0,bench/30gib-1.bin,313,33554432,595.36,,
0,bench/30gib-1.bin,314,33554432,816.46,,
0,bench/30gib-1.bin,315,33554432,802.28,,
0,bench/30gib-1.bin,316,33554432,625.41,,
0,bench/30gib-1.bin,317,33554432,701.15,,
0,bench/30gib-1.bin,318,33554432,513.56,,
0,bench/30gib-1.bin,319,33554432,683.71,,
0,bench/30gib-1.bin,320,33554432,922.60,,
0,bench/30gib-1.bin,321,33554432,779.65,,
0,bench/30gib-1.bin,322,33554432,512.73,,
0,bench/30gib-1.bin,323,33554432,757.16,,
0,bench/30gib-1.bin,324,33554432,968.37,,
0,bench/30gib-1.bin,325,33554432,862.93,,
0,bench/30gib-1.bin,326,33554432,814.13,,
0,bench/30gib-1.bin,327,33554432,555.33,,
0,bench/30gib-1.bin,328,33554432,851.19,,
0,bench/30gib-1.bin,329,33554432,852.95,,
0,bench/30gib-1.bin,330,33554432,843.04,,
0,bench/30gib-1.bin,331,33554432,474.40,,
0,bench/30gib-1.bin,332,33554432,755.70,,
0,bench/30gib-1.bin,333,33554432,772.76,,
0,bench/30gib-1.bin,334,33554432,521.46,,
0,bench/30gib-1.bin,335,33554432,958.10,,
0,bench/30gib-1.bin,336,33554432,684.45,,
0,bench/30gib-1.bin,337,33554432,517.62,,
0,bench/30gib-1.bin,338,33554432,510.25,,
0,bench/30gib-1.bin,339,33554432,1466.62,,
0,bench/30gib-1.bin,340,33554432,844.15,,
0,bench/30gib-1.bin,341,33554432,930.08,,
0,bench/30gib-1.bin,342,33554432,1105.40,,
0,bench/30gib-1.bin,343,33554432,434.16,,
0,bench/30gib-1.bin,344,33554432,853.83,,
0,bench/30gib-1.bin,345,33554432,466.57,,
0,bench/30gib-1.bin,346,33554432,712.72,,
0,bench/30gib-1.bin,347,33554432,530.21,,
0,bench/30gib-1.bin,348,33554432,896.84,,
0,bench/30gib-1.bin,349,33554432,918.20,,
0,bench/30gib-1.bin,350,33554432,1339.08,,
0,bench/30gib-1.bin,351,33554432,515.14,,
0,bench/30gib-1.bin,352,33554432,555.75,,
0,bench/30gib-1.bin,353,33554432,543.87,,
0,bench/30gib-1.bin,354,33554432,1316.97,,
0,bench/30gib-1.bin,355,33554432,653.51,,
0,bench/30gib-1.bin,356,33554432,534.39,,
0,bench/30gib-1.bin,357,33554432,662.43,,
0,bench/30gib-1.bin,358,33554432,519.45,,
0,bench/30gib-1.bin,359,33554432,621.33,,
0,bench/30gib-1.bin,360,33554432,498.09,,
0,bench/30gib-1.bin,361,33554432,558.71,,
0,bench/30gib-1.bin,362,33554432,575.50,,
0,bench/30gib-1.bin,363,33554432,554.38,,
0,bench/30gib-1.bin,364,33554432,589.01,,
0,bench/30gib-1.bin,365,33554432,914.34,,
0,bench/30gib-1.bin,366,33554432,665.26,,
0,bench/30gib-1.bin,367,33554432,505.08,,
0,bench/30gib-1.bin,368,33554432,643.87,,
0,bench/30gib-1.bin,369,33554432,743.76,,
0,bench/30gib-1.bin,370,33554432,747.10,,
0,bench/30gib-1.bin,371,33554432,674.75,,
0,bench/30gib-1.bin,372,33554432,977.91,,
0,bench/30gib-1.bin,373,33554432,537.73,,
0,bench/30gib-1.bin,374,33554432,955.99,,
0,bench/30gib-1.bin,375,33554432,879.94,,
0,bench/30gib-1.bin,376,33554432,947.34,,
0,bench/30gib-1.bin,377,33554432,678.79,,
0,bench/30gib-1.bin,378,33554432,532.44,,
0,bench/30gib-1.bin,379,33554432,806.61,,
0,bench/30gib-1.bin,380,33554432,605.68,,
0,bench/30gib-1.bin,381,33554432,581.08,,
0,bench/30gib-1.bin,382,33554432,827.91,,
0,bench/30gib-1.bin,383,33554432,452.09,,
0,bench/30gib-1.bin,384,33554432,610.76,,
0,bench/30gib-1.bin,385,33554432,934.52,,
0,bench/30gib-1.bin,386,33554432,467.34,,
0,bench/30gib-1.bin,387,33554432,486.72,,
0,bench/30gib-1.bin,388,33554432,962.62,,
0,bench/30gib-1.bin,389,33554432,705.13,,
0,bench/30gib-1.bin,390,33554432,399.38,,
0,bench/30gib-1.bin,391,33554432,766.27,,
0,bench/30gib-1.bin,392,33554432,901.64,,
0,bench/30gib-1.bin,393,33554432,853.71,,
0,bench/30gib-1.bin,394,33554432,837.03,,
0,bench/30gib-1.bin,395,33554432,1055.49,,
0,bench/30gib-1.bin,396,33554432,634.84,,
0,bench/30gib-1.bin,397,33554432,871.76,,
0,bench/30gib-1.bin,398,33554432,677.12,,
0,bench/30gib-1.bin,399,33554432,985.93,,
0,bench/30gib-1.bin,400,33554432,568.57,,
0,bench/30gib-1.bin,401,33554432,968.65,,
0,bench/30gib-1.bin,402,33554432,423.84,,
0,bench/30gib-1.bin,403,33554432,729.33,,
0,bench/30gib-1.bin,404,33554432,999.80,,
0,bench/30gib-1.bin,405,33554432,840.43,,
0,bench/30gib-1.bin,406,33554432,625.18,,
0,bench/30gib-1.bin,407,33554432,795.24,,
0,bench/30gib-1.bin,408,33554432,1040.20,,
0,bench/30gib-1.bin,409,33554432,1103.46,,
0,bench/30gib-1.bin,410,33554432,681.47,,
0,bench/30gib-1.bin,411,33554432,909.84,,
0,bench/30gib-1.bin,412,33554432,890.77,,
0,bench/30gib-1.bin,413,33554432,639.59,,
0,bench/30gib-1.bin,414,33554432,657.20,,
0,bench/30gib-1.bin,415,33554432,664.72,,
0,bench/30gib-1.bin,416,33554432,987.36,,
0,bench/30gib-1.bin,417,33554432,1092.93,,
0,bench/30gib-1.bin,418,33554432,507.86,,
0,bench/30gib-1.bin,419,33554432,1115.14,,
0,bench/30gib-1.bin,420,33554432,548.59,,
0,bench/30gib-1.bin,421,33554432,1275.84,,
0,bench/30gib-1.bin,422,33554432,982.05,,
0,bench/30gib-1.bin,423,33554432,893.87,,
0,bench/30gib-1.bin,424,33554432,954.05,,
0,bench/30gib-1.bin,425,33554432,471.37,,
0,bench/30gib-1.bin,426,33554432,944.75,,
0,bench/30gib-1.bin,427,33554432,430.57,,
0,bench/30gib-1.bin,428,33554432,801.69,,
0,bench/30gib-1.bin,429,33554432,1052.01,,
0,bench/30gib-1.bin,430,33554432,1073.37,,
0,bench/30gib-1.bin,431,33554432,876.72,,
0,bench/30gib-1.bin,432,33554432,499.04,,
0,bench/30gib-1.bin,433,33554432,753.27,,
0,bench/30gib-1.bin,434,33554432,1072.08,,
0,bench/30gib-1.bin,435,33554432,537.85,,
0,bench/30gib-1.bin,436,33554432,780.98,,
0,bench/30gib-1.bin,437,33554432,658.48,,
0,bench/30gib-1.bin,438,33554432,714.87,,
0,bench/30gib-1.bin,439,33554432,734.93,,
0,bench/30gib-1.bin,440,33554432,528.08,,
0,bench/30gib-1.bin,441,33554432,949.72,,
0,bench/30gib-1.bin,442,33554432,531.95,,
0,bench/30gib-1.bin,443,33554432,1073.75,,
0,bench/30gib-1.bin,444,33554432,526.66,,
0,bench/30gib-1.bin,445,33554432,821.89,,
0,bench/30gib-1.bin,446,33554432,966.98,,
0,bench/30gib-1.bin,447,33554432,537.68,,
0,bench/30gib-1.bin,448,33554432,595.11,,
0,bench/30gib-1.bin,449,33554432,1055.60,,
0,bench/30gib-1.bin,450,33554432,487.45,,
0,bench/30gib-1.bin,451,33554432,476.14,,
0,bench/30gib-1.bin,452,33554432,1024.74,,
0,bench/30gib-1.bin,453,33554432,942.73,,
0,bench/30gib-1.bin,454,33554432,576.95,,
0,bench/30gib-1.bin,455,33554432,507.43,,
0,bench/30gib-1.bin,456,33554432,503.31,,
0,bench/30gib-1.bin,457,33554432,659.69,,
0,bench/30gib-1.bin,458,33554432,513.17,,
0,bench/30gib-1.bin,459,33554432,435.64,,
0,bench/30gib-1.bin,460,33554432,626.60,,
0,bench/30gib-1.bin,461,33554432,581.06,,
0,bench/30gib-1.bin,462,33554432,496.09,,
0,bench/30gib-1.bin,463,33554432,518.93,,
0,bench/30gib-1.bin,464,33554432,1184.60,,
0,bench/30gib-1.bin,465,33554432,609.73,,
0,bench/30gib-1.bin,466,33554432,510.61,,
0,bench/30gib-1.bin,467,33554432,508.54,,
0,bench/30gib-1.bin,468,33554432,437.79,,
0,bench/30gib-1.bin,469,33554432,606.39,,
0,bench/30gib-1.bin,470,33554432,356.94,,
0,bench/30gib-1.bin,471,33554432,617.96,,
0,bench/30gib-1.bin,472,33554432,601.71,,
0,bench/30gib-1.bin,473,33554432,827.61,,
0,bench/30gib-1.bin,474,33554432,667.24,,
0,bench/30gib-1.bin,475,33554432,587.83,,
0,bench/30gib-1.bin,476,33554432,708.42,,
0,bench/30gib-1.bin,477,33554432,688.68,,
0,bench/30gib-1.bin,478,33554432,1034.08,,
0,bench/30gib-1.bin,479,33554432,960.98,,
0,bench/30gib-1.bin,480,33554432,599.52,,
0,bench/30gib-1.bin,481,33554432,617.08,,
0,bench/30gib-1.bin,482,33554432,746.55,,
0,bench/30gib-1.bin,483,33554432,650.60,,
0,bench/30gib-1.bin,484,33554432,1088.17,,
0,bench/30gib-1.bin,485,33554432,974.31,,
0,bench/30gib-1.bin,486,33554432,721.39,,
0,bench/30gib-1.bin,487,33554432,1016.34,,
0,bench/30gib-1.bin,488,33554432,1344.59,,
0,bench/30gib-1.bin,489,33554432,1278.91,,
0,bench/30gib-1.bin,490,33554432,712.66,,
0,bench/30gib-1.bin,491,33554432,706.32,,
0,bench/30gib-1.bin,492,33554432,887.32,,
0,bench/30gib-1.bin,493,33554432,579.63,,
0,bench/30gib-1.bin,494,33554432,573.02,,
0,bench/30gib-1.bin,495,33554432,651.06,,
0,bench/30gib-1.bin,496,33554432,641.52,,
0,bench/30gib-1.bin,497,33554432,976.62,,
0,bench/30gib-1.bin,498,33554432,422.15,,
0,bench/30gib-1.bin,499,33554432,1095.16,,
0,bench/30gib-1.bin,500,33554432,390.80,,
0,bench/30gib-1.bin,501,33554432,1023.33,,
0,bench/30gib-1.bin,502,33554432,732.45,,
0,bench/30gib-1.bin,503,33554432,901.53,,
0,bench/30gib-1.bin,504,33554432,559.40,,
0,bench/30gib-1.bin,505,33554432,1040.18,,
0,bench/30gib-1.bin,506,33554432,552.18,,
0,bench/30gib-1.bin,507,33554432,933.06,,
0,bench/30gib-1.bin,508,33554432,682.61,,
0,bench/30gib-1.bin,509,33554432,977.85,,
0,bench/30gib-1.bin,510,33554432,581.66,,
0,bench/30gib-1.bin,511,33554432,1038.60,,
0,bench/30gib-1.bin,512,33554432,568.93,,
0,bench/30gib-1.bin,513,33554432,455.94,,
0,bench/30gib-1.bin,514,33554432,476.16,,
0,bench/30gib-1.bin,515,33554432,594.40,,
0,bench/30gib-1.bin,516,33554432,525.93,,
0,bench/30gib-1.bin,517,33554432,1061.73,,
0,bench/30gib-1.bin,518,33554432,634.69,,
0,bench/30gib-1.bin,519,33554432,927.60,,
0,bench/30gib-1.bin,520,33554432,427.18,,
0,bench/30gib-1.bin,521,33554432,784.42,,
0,bench/30gib-1.bin,522,33554432,698.07,,
0,bench/30gib-1.bin,523,33554432,341.01,,
0,bench/30gib-1.bin,524,33554432,784.88,,
0,bench/30gib-1.bin,525,33554432,851.12,,
0,bench/30gib-1.bin,526,33554432,537.72,,
0,bench/30gib-1.bin,527,33554432,625.92,,
0,bench/30gib-1.bin,528,33554432,981.87,,
0,bench/30gib-1.bin,529,33554432,610.76,,
0,bench/30gib-1.bin,530,33554432,422.07,,
0,bench/30gib-1.bin,531,33554432,623.58,,
0,bench/30gib-1.bin,532,33554432,628.57,,
0,bench/30gib-1.bin,533,33554432,636.67,,
0,bench/30gib-1.bin,534,33554432,835.40,,
0,bench/30gib-1.bin,535,33554432,888.25,,
0,bench/30gib-1.bin,536,33554432,511.19,,
0,bench/30gib-1.bin,537,33554432,823.80,,
0,bench/30gib-1.bin,538,33554432,569.36,,
0,bench/30gib-1.bin,539,33554432,1657.29,,
0,bench/30gib-1.bin,540,33554432,1010.99,,
0,bench/30gib-1.bin,541,33554432,599.46,,
0,bench/30gib-1.bin,542,33554432,585.12,,
0,bench/30gib-1.bin,543,33554432,385.11,,
0,bench/30gib-1.bin,544,33554432,935.41,,
0,bench/30gib-1.bin,545,33554432,609.35,,
0,bench/30gib-1.bin,546,33554432,484.70,,
0,bench/30gib-1.bin,547,33554432,638.70,,
0,bench/30gib-1.bin,548,33554432,537.39,,
0,bench/30gib-1.bin,549,33554432,878.32,,
0,bench/30gib-1.bin,550,33554432,939.27,,
0,bench/30gib-1.bin,551,33554432,604.16,,
0,bench/30gib-1.bin,552,33554432,587.20,,
0,bench/30gib-1.bin,553,33554432,502.25,,
0,bench/30gib-1.bin,554,33554432,515.04,,
0,bench/30gib-1.bin,555,33554432,1135.16,,
0,bench/30gib-1.bin,556,33554432,465.48,,
0,bench/30gib-1.bin,557,33554432,863.01,,
0,bench/30gib-1.bin,558,33554432,710.18,,
0,bench/30gib-1.bin,559,33554432,490.25,,
0,bench/30gib-1.bin,560,33554432,703.60,,
0,bench/30gib-1.bin,561,33554432,617.83,,
0,bench/30gib-1.bin,562,33554432,574.87,,
0,bench/30gib-1.bin,563,33554432,793.97,,
0,bench/30gib-1.bin,564,33554432,725.79,,
0,bench/30gib-1.bin,565,33554432,851.97,,
0,bench/30gib-1.bin,566,33554432,619.37,,
0,bench/30gib-1.bin,567,33554432,434.10,,
0,bench/30gib-1.bin,568,33554432,1068.83,,
0,bench/30gib-1.bin,569,33554432,885.85,,
0,bench/30gib-1.bin,570,33554432,845.48,,
0,bench/30gib-1.bin,571,33554432,809.29,,
0,bench/30gib-1.bin,572,33554432,784.17,,
0,bench/30gib-1.bin,573,33554432,770.47,,
0,bench/30gib-1.bin,574,33554432,427.45,,
0,bench/30gib-1.bin,575,33554432,562.45,,
0,bench/30gib-1.bin,576,33554432,607.61,,
0,bench/30gib-1.bin,577,33554432,779.46,,
0,bench/30gib-1.bin,578,33554432,502.57,,
0,bench/30gib-1.bin,579,33554432,344.57,,
0,bench/30gib-1.bin,580,33554432,642.52,,
0,bench/30gib-1.bin,581,33554432,570.32,,
0,bench/30gib-1.bin,582,33554432,1218.55,,
0,bench/30gib-1.bin,583,33554432,961.17,,
0,bench/30gib-1.bin,584,33554432,421.30,,
0,bench/30gib-1.bin,585,33554432,560.98,,
0,bench/30gib-1.bin,586,33554432,521.62,,
0,bench/30gib-1.bin,587,33554432,1037.30,,
0,bench/30gib-1.bin,588,33554432,575.70,,
0,bench/30gib-1.bin,589,33554432,374.06,,
0,bench/30gib-1.bin,590,33554432,361.86,,
0,bench/30gib-1.bin,591,33554432,698.01,,
0,bench/30gib-1.bin,592,33554432,638.50,,
0,bench/30gib-1.bin,593,33554432,695.26,,
0,bench/30gib-1.bin,594,33554432,604.98,,
0,bench/30gib-1.bin,595,33554432,481.22,,
0,bench/30gib-1.bin,596,33554432,519.78,,
0,bench/30gib-1.bin,597,33554432,608.89,,
0,bench/30gib-1.bin,598,33554432,443.72,,
0,bench/30gib-1.bin,599,33554432,567.31,,
0,bench/30gib-1.bin,600,33554432,568.19,,
0,bench/30gib-1.bin,601,33554432,735.78,,
0,bench/30gib-1.bin,602,33554432,624.40,,
0,bench/30gib-1.bin,603,33554432,1457.88,,
0,bench/30gib-1.bin,604,33554432,1048.97,,
0,bench/30gib-1.bin,605,33554432,553.57,,
0,bench/30gib-1.bin,606,33554432,446.16,,
0,bench/30gib-1.bin,607,33554432,977.07,,
0,bench/30gib-1.bin,608,33554432,1105.69,,
0,bench/30gib-1.bin,609,33554432,768.93,,
0,bench/30gib-1.bin,610,33554432,991.18,,
0,bench/30gib-1.bin,611,33554432,1027.86,,
0,bench/30gib-1.bin,612,33554432,467.18,,
0,bench/30gib-1.bin,613,33554432,662.78,,
0,bench/30gib-1.bin,614,33554432,588.44,,
0,bench/30gib-1.bin,615,33554432,723.51,,
0,bench/30gib-1.bin,616,33554432,576.44,,
0,bench/30gib-1.bin,617,33554432,700.34,,
0,bench/30gib-1.bin,618,33554432,595.42,,
0,bench/30gib-1.bin,619,33554432,391.38,,
0,bench/30gib-1.bin,620,33554432,504.73,,
0,bench/30gib-1.bin,621,33554432,928.65,,
0,bench/30gib-1.bin,622,33554432,535.28,,
0,bench/30gib-1.bin,623,33554432,1013.83,,
0,bench/30gib-1.bin,624,33554432,648.62,,
0,bench/30gib-1.bin,625,33554432,954.02,,
0,bench/30gib-1.bin,626,33554432,560.86,,
0,bench/30gib-1.bin,627,33554432,1862.85,,
0,bench/30gib-1.bin,628,33554432,660.61,,
0,bench/30gib-1.bin,629,33554432,882.73,,
0,bench/30gib-1.bin,630,33554432,935.97,,
0,bench/30gib-1.bin,631,33554432,620.63,,
0,bench/30gib-1.bin,632,33554432,654.47,,
0,bench/30gib-1.bin,633,33554432,396.10,,
0,bench/30gib-1.bin,634,33554432,1210.84,,
0,bench/30gib-1.bin,635,33554432,1054.74,,
0,bench/30gib-1.bin,636,33554432,396.43,,
0,bench/30gib-1.bin,637,33554432,967.96,,
0,bench/30gib-1.bin,638,33554432,984.25,,
0,bench/30gib-1.bin,639,33554432,1255.00,,
0,bench/30gib-1.bin,640,33554432,958.64,,
0,bench/30gib-1.bin,641,33554432,471.34,,
0,bench/30gib-1.bin,642,33554432,430.05,,
0,bench/30gib-1.bin,643,33554432,523.52,,
0,bench/30gib-1.bin,644,33554432,921.47,,
0,bench/30gib-1.bin,645,33554432,459.71,,
0,bench/30gib-1.bin,646,33554432,538.52,,
0,bench/30gib-1.bin,647,33554432,1028.63,,
0,bench/30gib-1.bin,648,33554432,541.10,,
0,bench/30gib-1.bin,649,33554432,1043.71,,
0,bench/30gib-1.bin,650,33554432,489.90,,
0,bench/30gib-1.bin,651,33554432,709.34,,
0,bench/30gib-1.bin,652,33554432,559.14,,
0,bench/30gib-1.bin,653,33554432,862.32,,
0,bench/30gib-1.bin,654,33554432,566.62,,
0,bench/30gib-1.bin,655,33554432,430.32,,
0,bench/30gib-1.bin,656,33554432,488.04,,
0,bench/30gib-1.bin,657,33554432,1147.98,,
0,bench/30gib-1.bin,658,33554432,653.39,,
0,bench/30gib-1.bin,659,33554432,526.17,,
0,bench/30gib-1.bin,660,33554432,867.82,,
0,bench/30gib-1.bin,661,33554432,447.06,,
0,bench/30gib-1.bin,662,33554432,654.93,,
0,bench/30gib-1.bin,663,33554432,825.87,,
0,bench/30gib-1.bin,664,33554432,619.12,,
0,bench/30gib-1.bin,665,33554432,629.03,,
0,bench/30gib-1.bin,666,33554432,807.85,,
0,bench/30gib-1.bin,667,33554432,459.63,,
0,bench/30gib-1.bin,668,33554432,603.78,,
0,bench/30gib-1.bin,669,33554432,654.68,,
0,bench/30gib-1.bin,670,33554432,875.12,,
0,bench/30gib-1.bin,671,33554432,480.65,,
0,bench/30gib-1.bin,672,33554432,695.51,,
0,bench/30gib-1.bin,673,33554432,1055.33,,
0,bench/30gib-1.bin,674,33554432,551.18,,
0,bench/30gib-1.bin,675,33554432,569.92,,
0,bench/30gib-1.bin,676,33554432,640.98,,
0,bench/30gib-1.bin,677,33554432,649.46,,
0,bench/30gib-1.bin,678,33554432,890.89,,
0,bench/30gib-1.bin,679,33554432,697.79,,
0,bench/30gib-1.bin,680,33554432,424.25,,
0,bench/30gib-1.bin,681,33554432,839.82,,
0,bench/30gib-1.bin,682,33554432,1251.37,,
0,bench/30gib-1.bin,683,33554432,728.32,,
0,bench/30gib-1.bin,684,33554432,476.75,,
0,bench/30gib-1.bin,685,33554432,624.52,,
0,bench/30gib-1.bin,686,33554432,508.39,,
0,bench/30gib-1.bin,687,33554432,794.10,,
0,bench/30gib-1.bin,688,33554432,709.13,,
0,bench/30gib-1.bin,689,33554432,692.49,,
0,bench/30gib-1.bin,690,33554432,974.67,,
0,bench/30gib-1.bin,691,33554432,847.66,,
0,bench/30gib-1.bin,692,33554432,893.77,,
0,bench/30gib-1.bin,693,33554432,1152.91,,
0,bench/30gib-1.bin,694,33554432,792.98,,
0,bench/30gib-1.bin,695,33554432,898.29,,
0,bench/30gib-1.bin,696,33554432,751.81,,
0,bench/30gib-1.bin,697,33554432,597.69,,
0,bench/30gib-1.bin,698,33554432,952.08,,
0,bench/30gib-1.bin,699,33554432,725.74,,
0,bench/30gib-1.bin,700,33554432,803.08,,
0,bench/30gib-1.bin,701,33554432,1041.55,,
0,bench/30gib-1.bin,702,33554432,484.05,,
0,bench/30gib-1.bin,703,33554432,573.34,,
0,bench/30gib-1.bin,704,33554432,747.03,,
0,bench/30gib-1.bin,705,33554432,1010.11,,
0,bench/30gib-1.bin,706,33554432,854.50,,
0,bench/30gib-1.bin,707,33554432,685.79,,
0,bench/30gib-1.bin,708,33554432,914.90,,
0,bench/30gib-1.bin,709,33554432,539.07,,
0,bench/30gib-1.bin,710,33554432,545.15,,
0,bench/30gib-1.bin,711,33554432,879.21,,
0,bench/30gib-1.bin,712,33554432,722.21,,
0,bench/30gib-1.bin,713,33554432,942.54,,
0,bench/30gib-1.bin,714,33554432,1332.63,,
0,bench/30gib-1.bin,715,33554432,1033.46,,
0,bench/30gib-1.bin,716,33554432,537.66,,
0,bench/30gib-1.bin,717,33554432,624.62,,
0,bench/30gib-1.bin,718,33554432,598.09,,
0,bench/30gib-1.bin,719,33554432,1255.47,,
0,bench/30gib-1.bin,720,33554432,660.06,,
0,bench/30gib-1.bin,721,33554432,1131.08,,
0,bench/30gib-1.bin,722,33554432,483.65,,
0,bench/30gib-1.bin,723,33554432,629.76,,
0,bench/30gib-1.bin,724,33554432,603.01,,
0,bench/30gib-1.bin,725,33554432,650.91,,
0,bench/30gib-1.bin,726,33554432,397.75,,
0,bench/30gib-1.bin,727,33554432,585.84,,
0,bench/30gib-1.bin,728,33554432,568.20,,
0,bench/30gib-1.bin,729,33554432,976.69,,
0,bench/30gib-1.bin,730,33554432,593.49,,
0,bench/30gib-1.bin,731,33554432,868.66,,
0,bench/30gib-1.bin,732,33554432,971.13,,
0,bench/30gib-1.bin,733,33554432,1106.13,,
0,bench/30gib-1.bin,734,33554432,779.06,,
0,bench/30gib-1.bin,735,33554432,1059.11,,
0,bench/30gib-1.bin,736,33554432,631.65,,
0,bench/30gib-1.bin,737,33554432,832.51,,
0,bench/30gib-1.bin,738,33554432,563.77,,
0,bench/30gib-1.bin,739,33554432,796.01,,
0,bench/30gib-1.bin,740,33554432,625.59,,
0,bench/30gib-1.bin,741,33554432,820.85,,
0,bench/30gib-1.bin,742,33554432,1123.73,,
0,bench/30gib-1.bin,743,33554432,677.37,,
0,bench/30gib-1.bin,744,33554432,471.62,,
0,bench/30gib-1.bin,745,33554432,1117.45,,
0,bench/30gib-1.bin,746,33554432,893.52,,
0,bench/30gib-1.bin,747,33554432,1037.13,,
0,bench/30gib-1.bin,748,33554432,450.49,,
0,bench/30gib-1.bin,749,33554432,500.00,,
0,bench/30gib-1.bin,750,33554432,821.89,,
0,bench/30gib-1.bin,751,33554432,1145.74,,
0,bench/30gib-1.bin,752,33554432,538.77,,
0,bench/30gib-1.bin,753,33554432,807.79,,
0,bench/30gib-1.bin,754,33554432,1027.91,,
0,bench/30gib-1.bin,755,33554432,513.31,,
0,bench/30gib-1.bin,756,33554432,392.15,,
0,bench/30gib-1.bin,757,33554432,453.81,,
0,bench/30gib-1.bin,758,33554432,590.85,,
0,bench/30gib-1.bin,759,33554432,781.65,,
0,bench/30gib-1.bin,760,33554432,349.69,,
0,bench/30gib-1.bin,761,33554432,1003.45,,
0,bench/30gib-1.bin,762,33554432,758.72,,
0,bench/30gib-1.bin,763,33554432,589.05,,
0,bench/30gib-1.bin,764,33554432,667.01,,
0,bench/30gib-1.bin,765,33554432,601.73,,
0,bench/30gib-1.bin,766,33554432,933.49,,
0,bench/30gib-1.bin,767,33554432,611.55,,
0,bench/30gib-1.bin,768,33554432,421.42,,
0,bench/30gib-1.bin,769,33554432,651.32,,
0,bench/30gib-1.bin,770,33554432,543.19,,
0,bench/30gib-1.bin,771,33554432,807.75,,
0,bench/30gib-1.bin,772,33554432,517.37,,
0,bench/30gib-1.bin,773,33554432,659.13,,
0,bench/30gib-1.bin,774,33554432,713.54,,
0,bench/30gib-1.bin,775,33554432,796.09,,
0,bench/30gib-1.bin,776,33554432,774.68,,
0,bench/30gib-1.bin,777,33554432,671.61,,
0,bench/30gib-1.bin,778,33554432,594.15,,
0,bench/30gib-1.bin,779,33554432,613.59,,
0,bench/30gib-1.bin,780,33554432,454.21,,
0,bench/30gib-1.bin,781,33554432,928.93,,
0,bench/30gib-1.bin,782,33554432,636.52,,
0,bench/30gib-1.bin,783,33554432,874.51,,
0,bench/30gib-1.bin,784,33554432,1267.99,,
0,bench/30gib-1.bin,785,33554432,797.78,,
0,bench/30gib-1.bin,786,33554432,441.14,,
0,bench/30gib-1.bin,787,33554432,532.28,,
0,bench/30gib-1.bin,788,33554432,675.99,,
0,bench/30gib-1.bin,789,33554432,834.76,,
0,bench/30gib-1.bin,790,33554432,551.26,,
0,bench/30gib-1.bin,791,33554432,1178.30,,
0,bench/30gib-1.bin,792,33554432,664.24,,
0,bench/30gib-1.bin,793,33554432,666.48,,
0,bench/30gib-1.bin,794,33554432,1067.06,,
0,bench/30gib-1.bin,795,33554432,1080.75,,
0,bench/30gib-1.bin,796,33554432,728.37,,
0,bench/30gib-1.bin,797,33554432,1058.06,,
0,bench/30gib-1.bin,798,33554432,737.72,,
0,bench/30gib-1.bin,799,33554432,1149.11,,
0,bench/30gib-1.bin,800,33554432,399.39,,
0,bench/30gib-1.bin,801,33554432,875.63,,
0,bench/30gib-1.bin,802,33554432,982.33,,
0,bench/30gib-1.bin,803,33554432,700.65,,
0,bench/30gib-1.bin,804,33554432,913.81,,
0,bench/30gib-1.bin,805,33554432,512.62,,
0,bench/30gib-1.bin,806,33554432,587.25,,
0,bench/30gib-1.bin,807,33554432,853.01,,
0,bench/30gib-1.bin,808,33554432,929.73,,
0,bench/30gib-1.bin,809,33554432,402.71,,
0,bench/30gib-1.bin,810,33554432,874.96,,
0,bench/30gib-1.bin,811,33554432,414.17,,
0,bench/30gib-1.bin,812,33554432,626.14,,
0,bench/30gib-1.bin,813,33554432,766.78,,
0,bench/30gib-1.bin,814,33554432,633.38,,
0,bench/30gib-1.bin,815,33554432,567.24,,
0,bench/30gib-1.bin,816,33554432,1154.56,,
0,bench/30gib-1.bin,817,33554432,849.41,,
0,bench/30gib-1.bin,818,33554432,452.43,,
0,bench/30gib-1.bin,819,33554432,846.39,,
0,bench/30gib-1.bin,820,33554432,1011.07,,
0,bench/30gib-1.bin,821,33554432,986.03,,
0,bench/30gib-1.bin,822,33554432,882.80,,
0,bench/30gib-1.bin,823,33554432,845.18,,
0,bench/30gib-1.bin,824,33554432,511.03,,
0,bench/30gib-1.bin,825,33554432,504.49,,
0,bench/30gib-1.bin,826,33554432,446.77,,
0,bench/30gib-1.bin,827,33554432,806.91,,
0,bench/30gib-1.bin,828,33554432,533.36,,
0,bench/30gib-1.bin,829,33554432,624.86,,
0,bench/30gib-1.bin,830,33554432,812.61,,
0,bench/30gib-1.bin,831,33554432,757.50,,
0,bench/30gib-1.bin,832,33554432,827.39,,
0,bench/30gib-1.bin,833,33554432,376.75,,
0,bench/30gib-1.bin,834,33554432,936.21,,
0,bench/30gib-1.bin,835,33554432,506.32,,
0,bench/30gib-1.bin,836,33554432,830.07,,
0,bench/30gib-1.bin,837,33554432,726.51,,
0,bench/30gib-1.bin,838,33554432,1007.75,,
0,bench/30gib-1.bin,839,33554432,990.14,,
0,bench/30gib-1.bin,840,33554432,1004.51,,
0,bench/30gib-1.bin,841,33554432,665.58,,
0,bench/30gib-1.bin,842,33554432,681.30,,
0,bench/30gib-1.bin,843,33554432,410.82,,
0,bench/30gib-1.bin,844,33554432,1626.64,,
0,bench/30gib-1.bin,845,33554432,681.14,,
0,bench/30gib-1.bin,846,33554432,683.24,,
0,bench/30gib-1.bin,847,33554432,726.80,,
0,bench/30gib-1.bin,848,33554432,1185.71,,
0,bench/30gib-1.bin,849,33554432,668.43,,
0,bench/30gib-1.bin,850,33554432,804.71,,
0,bench/30gib-1.bin,851,33554432,513.21,,
0,bench/30gib-1.bin,852,33554432,692.01,,
0,bench/30gib-1.bin,853,33554432,661.01,,
0,bench/30gib-1.bin,854,33554432,614.45,,
0,bench/30gib-1.bin,855,33554432,622.81,,
0,bench/30gib-1.bin,856,33554432,735.77,,
0,bench/30gib-1.bin,857,33554432,614.03,,
0,bench/30gib-1.bin,858,33554432,594.05,,
0,bench/30gib-1.bin,859,33554432,825.86,,
0,bench/30gib-1.bin,860,33554432,696.67,,
0,bench/30gib-1.bin,861,33554432,683.70,,
0,bench/30gib-1.bin,862,33554432,480.43,,
0,bench/30gib-1.bin,863,33554432,637.66,,
0,bench/30gib-1.bin,864,33554432,967.02,,
0,bench/30gib-1.bin,865,33554432,831.55,,
0,bench/30gib-1.bin,866,33554432,930.26,,
0,bench/30gib-1.bin,867,33554432,558.88,,
0,bench/30gib-1.bin,868,33554432,1354.76,,
0,bench/30gib-1.bin,869,33554432,748.47,,
0,bench/30gib-1.bin,870,33554432,1135.66,,
0,bench/30gib-1.bin,871,33554432,544.95,,
0,bench/30gib-1.bin,872,33554432,1106.53,,
0,bench/30gib-1.bin,873,33554432,589.29,,
0,bench/30gib-1.bin,874,33554432,602.48,,
0,bench/30gib-1.bin,875,33554432,1287.37,,
0,bench/30gib-1.bin,876,33554432,842.24,,
0,bench/30gib-1.bin,877,33554432,625.54,,
0,bench/30gib-1.bin,878,33554432,1176.34,,
0,bench/30gib-1.bin,879,33554432,398.48,,
0,bench/30gib-1.bin,880,33554432,665.58,,
0,bench/30gib-1.bin,881,33554432,550.28,,
0,bench/30gib-1.bin,882,33554432,875.82,,
0,bench/30gib-1.bin,883,33554432,986.70,,
0,bench/30gib-1.bin,884,33554432,461.69,,
0,bench/30gib-1.bin,885,33554432,681.49,,
0,bench/30gib-1.bin,886,33554432,663.59,,
0,bench/30gib-1.bin,887,33554432,546.49,,
0,bench/30gib-1.bin,888,33554432,635.66,,
0,bench/30gib-1.bin,889,33554432,391.01,,
0,bench/30gib-1.bin,890,33554432,776.65,,
0,bench/30gib-1.bin,891,33554432,1184.91,,
0,bench/30gib-1.bin,892,33554432,901.22,,
0,bench/30gib-1.bin,893,33554432,898.94,,
0,bench/30gib-1.bin,894,33554432,603.59,,
0,bench/30gib-1.bin,895,33554432,542.98,,
0,bench/30gib-1.bin,896,33554432,893.63,,
0,bench/30gib-1.bin,897,33554432,895.77,,
0,bench/30gib-1.bin,898,33554432,789.14,,
0,bench/30gib-1.bin,899,33554432,668.99,,
0,bench/30gib-1.bin,900,33554432,534.13,,
0,bench/30gib-1.bin,901,33554432,665.18,,
0,bench/30gib-1.bin,902,33554432,629.35,,
0,bench/30gib-1.bin,903,33554432,808.43,,
0,bench/30gib-1.bin,904,33554432,669.84,,
0,bench/30gib-1.bin,905,33554432,678.54,,
0,bench/30gib-1.bin,906,33554432,871.82,,
0,bench/30gib-1.bin,907,33554432,835.88,,
0,bench/30gib-1.bin,908,33554432,887.51,,
0,bench/30gib-1.bin,909,33554432,967.57,,
0,bench/30gib-1.bin,910,33554432,876.37,,
0,bench/30gib-1.bin,911,33554432,928.59,,
0,bench/30gib-1.bin,912,33554432,1065.66,,
0,bench/30gib-1.bin,913,33554432,1353.74,,
0,bench/30gib-1.bin,914,33554432,644.48,,
0,bench/30gib-1.bin,915,33554432,495.23,,
0,bench/30gib-1.bin,916,33554432,495.45,,
0,bench/30gib-1.bin,917,33554432,543.91,,
0,bench/30gib-1.bin,918,33554432,788.82,,
0,bench/30gib-1.bin,919,33554432,703.71,,
0,bench/30gib-1.bin,920,33554432,886.95,,
0,bench/30gib-1.bin,921,33554432,500.01,,
0,bench/30gib-1.bin,922,33554432,1119.43,,
0,bench/30gib-1.bin,923,33554432,1025.10,,
0,bench/30gib-1.bin,924,33554432,754.02,,
0,bench/30gib-1.bin,925,33554432,707.17,,
0,bench/30gib-1.bin,926,33554432,1010.89,,
0,bench/30gib-1.bin,927,33554432,873.32,,
0,bench/30gib-1.bin,928,33554432,944.62,,
0,bench/30gib-1.bin,929,33554432,621.52,,
0,bench/30gib-1.bin,930,33554432,617.79,,
0,bench/30gib-1.bin,931,33554432,557.05,,
0,bench/30gib-1.bin,932,33554432,726.90,,
0,bench/30gib-1.bin,933,33554432,659.74,,
0,bench/30gib-1.bin,934,33554432,634.84,,
0,bench/30gib-1.bin,935,33554432,516.64,,
0,bench/30gib-1.bin,936,33554432,876.52,,
0,bench/30gib-1.bin,937,33554432,693.84,,
0,bench/30gib-1.bin,938,33554432,789.67,,
0,bench/30gib-1.bin,939,33554432,814.26,,
0,bench/30gib-1.bin,940,33554432,465.10,,
0,bench/30gib-1.bin,941,33554432,597.87,,
0,bench/30gib-1.bin,942,33554432,728.13,,
0,bench/30gib-1.bin,943,33554432,1009.08,,
0,bench/30gib-1.bin,944,33554432,614.09,,
0,bench/30gib-1.bin,945,33554432,671.44,,
0,bench/30gib-1.bin,946,33554432,674.66,,
0,bench/30gib-1.bin,947,33554432,504.33,,
0,bench/30gib-1.bin,948,33554432,641.41,,
0,bench/30gib-1.bin,949,33554432,579.26,,
0,bench/30gib-1.bin,950,33554432,731.05,,
0,bench/30gib-1.bin,951,33554432,709.93,,
0,bench/30gib-1.bin,952,33554432,551.42,,
0,bench/30gib-1.bin,953,33554432,367.95,,
0,bench/30gib-1.bin,954,33554432,576.19,,
0,bench/30gib-1.bin,955,33554432,491.45,,
0,bench/30gib-1.bin,956,33554432,520.16,,
0,bench/30gib-1.bin,957,33554432,361.61,,
0,bench/30gib-1.bin,958,33554432,445.39,,
0,bench/30gib-1.bin,959,33554432,486.84,,
0,bench/30gib-1.bin,960,33554432,535.94,,
0,bench/30gib-2.bin,1,33554432,610.14,,
0,bench/30gib-2.bin,2,33554432,1552.94,,
0,bench/30gib-2.bin,3,33554432,1076.20,,
0,bench/30gib-2.bin,4,33554432,1037.99,,
0,bench/30gib-2.bin,5,33554432,1000.60,,
0,bench/30gib-2.bin,6,33554432,1252.34,,
0,bench/30gib-2.bin,7,33554432,1051.12,,
0,bench/30gib-2.bin,8,33554432,1632.86,,
0,bench/30gib-2.bin,9,33554432,1294.32,,
0,bench/30gib-2.bin,10,33554432,1060.10,,
0,bench/30gib-2.bin,11,33554432,1174.31,,
0,bench/30gib-2.bin,12,33554432,1198.53,,
0,bench/30gib-2.bin,13,33554432,1126.67,,
0,bench/30gib-2.bin,14,33554432,1773.70,,
0,bench/30gib-2.bin,15,33554432,1155.15,,
0,bench/30gib-2.bin,16,33554432,1414.27,,
0,bench/30gib-2.bin,17,33554432,1144.05,,
0,bench/30gib-2.bin,18,33554432,1126.86,,
0,bench/30gib-2.bin,19,33554432,935.11,,
0,bench/30gib-2.bin,20,33554432,1112.81,,
0,bench/30gib-2.bin,21,33554432,1289.64,,
0,bench/30gib-2.bin,22,33554432,1164.47,,
0,bench/30gib-2.bin,23,33554432,1448.50,,
0,bench/30gib-2.bin,24,33554432,1266.57,,
0,bench/30gib-2.bin,25,33554432,1524.95,,
0,bench/30gib-2.bin,26,33554432,804.56,,
0,bench/30gib-2.bin,27,33554432,1260.66,,
0,bench/30gib-2.bin,28,33554432,1063.93,,
0,bench/30gib-2.bin,29,33554432,702.25,,
0,bench/30gib-2.bin,30,33554432,1383.35,,
0,bench/30gib-2.bin,31,33554432,629.20,,
0,bench/30gib-2.bin,32,33554432,994.87,,
0,bench/30gib-2.bin,33,33554432,880.27,,
0,bench/30gib-2.bin,34,33554432,688.53,,
0,bench/30gib-2.bin,35,33554432,626.31,,
0,bench/30gib-2.bin,36,33554432,622.24,,
0,bench/30gib-2.bin,37,33554432,736.75,,
0,bench/30gib-2.bin,38,33554432,1015.16,,
0,bench/30gib-2.bin,39,33554432,941.48,,
0,bench/30gib-2.bin,40,33554432,700.63,,
0,bench/30gib-2.bin,41,33554432,550.97,,
0,bench/30gib-2.bin,42,33554432,813.50,,
0,bench/30gib-2.bin,43,33554432,1033.55,,
0,bench/30gib-2.bin,44,33554432,880.60,,
0,bench/30gib-2.bin,45,33554432,765.00,,
0,bench/30gib-2.bin,46,33554432,559.60,,
0,bench/30gib-2.bin,47,33554432,618.80,,
0,bench/30gib-2.bin,48,33554432,839.89,,
0,bench/30gib-2.bin,49,33554432,736.28,,
0,bench/30gib-2.bin,50,33554432,891.61,,
0,bench/30gib-2.bin,51,33554432,946.22,,
0,bench/30gib-2.bin,52,33554432,628.70,,
0,bench/30gib-2.bin,53,33554432,548.51,,
0,bench/30gib-2.bin,54,33554432,770.40,,
0,bench/30gib-2.bin,55,33554432,593.75,,
0,bench/30gib-2.bin,56,33554432,623.46,,
0,bench/30gib-2.bin,57,33554432,1186.89,,
0,bench/30gib-2.bin,58,33554432,564.64,,
0,bench/30gib-2.bin,59,33554432,1152.82,,
0,bench/30gib-2.bin,60,33554432,565.98,,
0,bench/30gib-2.bin,61,33554432,524.08,,
0,bench/30gib-2.bin,62,33554432,495.29,,
0,bench/30gib-2.bin,63,33554432,567.27,,
0,bench/30gib-2.bin,64,33554432,723.37,,
0,bench/30gib-2.bin,65,33554432,746.38,,
0,bench/30gib-2.bin,66,33554432,788.56,,
0,bench/30gib-2.bin,67,33554432,724.58,,
0,bench/30gib-2.bin,68,33554432,827.49,,
0,bench/30gib-2.bin,69,33554432,1137.38,,
0,bench/30gib-2.bin,70,33554432,695.37,,
0,bench/30gib-2.bin,71,33554432,620.68,,
0,bench/30gib-2.bin,72,33554432,700.01,,
0,bench/30gib-2.bin,73,33554432,903.67,,
0,bench/30gib-2.bin,74,33554432,424.06,,
0,bench/30gib-2.bin,75,33554432,676.56,,
0,bench/30gib-2.bin,76,33554432,465.10,,
0,bench/30gib-2.bin,77,33554432,759.90,,
0,bench/30gib-2.bin,78,33554432,711.55,,
0,bench/30gib-2.bin,79,33554432,1492.15,,
0,bench/30gib-2.bin,80,33554432,567.77,,
0,bench/30gib-2.bin,81,33554432,710.83,,
0,bench/30gib-2.bin,82,33554432,841.48,,
0,bench/30gib-2.bin,83,33554432,817.13,,
0,bench/30gib-2.bin,84,33554432,556.61,,
0,bench/30gib-2.bin,85,33554432,488.32,,
0,bench/30gib-2.bin,86,33554432,790.66,,
0,bench/30gib-2.bin,87,33554432,820.99,,
0,bench/30gib-2.bin,88,33554432,435.33,,
0,bench/30gib-2.bin,89,33554432,685.67,,
0,bench/30gib-2.bin,90,33554432,905.74,,
0,bench/30gib-2.bin,91,33554432,548.67,,
0,bench/30gib-2.bin,92,33554432,557.40,,
0,bench/30gib-2.bin,93,33554432,993.65,,
0,bench/30gib-2.bin,94,33554432,611.24,,
0,bench/30gib-2.bin,95,33554432,855.55,,
0,bench/30gib-2.bin,96,33554432,544.43,,
0,bench/30gib-2.bin,97,33554432,866.47,,
0,bench/30gib-2.bin,98,33554432,586.18,,
0,bench/30gib-2.bin,99,33554432,766.24,,
0,bench/30gib-2.bin,100,33554432,851.87,,
0,bench/30gib-2.bin,101,33554432,546.92,,
0,bench/30gib-2.bin,102,33554432,826.46,,
0,bench/30gib-2.bin,103,33554432,615.43,,
0,bench/30gib-2.bin,104,33554432,791.08,,
0,bench/30gib-2.bin,105,33554432,682.30,,
0,bench/30gib-2.bin,106,33554432,655.33,,
0,bench/30gib-2.bin,107,33554432,718.04,,
0,bench/30gib-2.bin,108,33554432,1016.22,,
0,bench/30gib-2.bin,109,33554432,654.46,,
0,bench/30gib-2.bin,110,33554432,920.12,,
0,bench/30gib-2.bin,111,33554432,790.73,,
0,bench/30gib-2.bin,112,33554432,457.38,,
0,bench/30gib-2.bin,113,33554432,510.49,,
0,bench/30gib-2.bin,114,33554432,679.58,,
0,bench/30gib-2.bin,115,33554432,1023.16,,
0,bench/30gib-2.bin,116,33554432,759.89,,
0,bench/30gib-2.bin,117,33554432,571.31,,
0,bench/30gib-2.bin,118,33554432,728.66,,
0,bench/30gib-2.bin,119,33554432,873.72,,
0,bench/30gib-2.bin,120,33554432,606.27,,
0,bench/30gib-2.bin,121,33554432,720.78,,
0,bench/30gib-2.bin,122,33554432,641.43,,
0,bench/30gib-2.bin,123,33554432,1604.11,,
0,bench/30gib-2.bin,124,33554432,627.87,,
0,bench/30gib-2.bin,125,33554432,429.37,,
0,bench/30gib-2.bin,126,33554432,876.07,,
0,bench/30gib-2.bin,127,33554432,562.00,,
0,bench/30gib-2.bin,128,33554432,1017.66,,
0,bench/30gib-2.bin,129,33554432,535.41,,
0,bench/30gib-2.bin,130,33554432,668.91,,
0,bench/30gib-2.bin,131,33554432,882.43,,
0,bench/30gib-2.bin,132,33554432,683.53,,
0,bench/30gib-2.bin,133,33554432,474.31,,
0,bench/30gib-2.bin,134,33554432,1031.94,,
0,bench/30gib-2.bin,135,33554432,527.06,,
0,bench/30gib-2.bin,136,33554432,563.14,,
0,bench/30gib-2.bin,137,33554432,480.05,,
0,bench/30gib-2.bin,138,33554432,797.02,,
0,bench/30gib-2.bin,139,33554432,626.44,,
0,bench/30gib-2.bin,140,33554432,704.03,,
0,bench/30gib-2.bin,141,33554432,745.73,,
0,bench/30gib-2.bin,142,33554432,707.06,,
0,bench/30gib-2.bin,143,33554432,819.73,,
0,bench/30gib-2.bin,144,33554432,691.82,,
0,bench/30gib-2.bin,145,33554432,421.12,,
0,bench/30gib-2.bin,146,33554432,558.94,,
0,bench/30gib-2.bin,147,33554432,639.67,,
0,bench/30gib-2.bin,148,33554432,738.87,,
0,bench/30gib-2.bin,149,33554432,597.12,,
0,bench/30gib-2.bin,150,33554432,587.46,,
0,bench/30gib-2.bin,151,33554432,594.71,,
0,bench/30gib-2.bin,152,33554432,443.08,,
0,bench/30gib-2.bin,153,33554432,684.69,,
0,bench/30gib-2.bin,154,33554432,428.29,,
0,bench/30gib-2.bin,155,33554432,645.59,,
0,bench/30gib-2.bin,156,33554432,718.08,,
0,bench/30gib-2.bin,157,33554432,632.84,,
0,bench/30gib-2.bin,158,33554432,545.06,,
0,bench/30gib-2.bin,159,33554432,529.42,,
0,bench/30gib-2.bin,160,33554432,555.71,,
0,bench/30gib-2.bin,161,33554432,1011.52,,
0,bench/30gib-2.bin,162,33554432,1012.93,,
0,bench/30gib-2.bin,163,33554432,756.87,,
0,bench/30gib-2.bin,164,33554432,565.60,,
0,bench/30gib-2.bin,165,33554432,619.82,,
0,bench/30gib-2.bin,166,33554432,561.20,,
0,bench/30gib-2.bin,167,33554432,861.06,,
0,bench/30gib-2.bin,168,33554432,466.54,,
0,bench/30gib-2.bin,169,33554432,1010.27,,
0,bench/30gib-2.bin,170,33554432,696.88,,
0,bench/30gib-2.bin,171,33554432,1535.25,,
0,bench/30gib-2.bin,172,33554432,1076.36,,
0,bench/30gib-2.bin,173,33554432,482.74,,
0,bench/30gib-2.bin,174,33554432,1064.16,,
0,bench/30gib-2.bin,175,33554432,1161.44,,
0,bench/30gib-2.bin,176,33554432,1898.95,,
0,bench/30gib-2.bin,177,33554432,697.97,,
0,bench/30gib-2.bin,178,33554432,488.02,,
0,bench/30gib-2.bin,179,33554432,744.51,,
0,bench/30gib-2.bin,180,33554432,1149.46,,
0,bench/30gib-2.bin,181,33554432,640.55,,
0,bench/30gib-2.bin,182,33554432,653.33,,
0,bench/30gib-2.bin,183,33554432,653.93,,
0,bench/30gib-2.bin,184,33554432,792.27,,
0,bench/30gib-2.bin,185,33554432,651.79,,
0,bench/30gib-2.bin,186,33554432,651.64,,
0,bench/30gib-2.bin,187,33554432,730.15,,
0,bench/30gib-2.bin,188,33554432,862.12,,
0,bench/30gib-2.bin,189,33554432,484.49,,
0,bench/30gib-2.bin,190,33554432,784.86,,
0,bench/30gib-2.bin,191,33554432,597.22,,
0,bench/30gib-2.bin,192,33554432,1079.71,,
0,bench/30gib-2.bin,193,33554432,874.39,,
0,bench/30gib-2.bin,194,33554432,651.91,,
0,bench/30gib-2.bin,195,33554432,551.76,,
0,bench/30gib-2.bin,196,33554432,1186.44,,
0,bench/30gib-2.bin,197,33554432,750.84,,
0,bench/30gib-2.bin,198,33554432,1267.71,,
0,bench/30gib-2.bin,199,33554432,632.81,,
0,bench/30gib-2.bin,200,33554432,601.52,,
0,bench/30gib-2.bin,201,33554432,758.66,,
0,bench/30gib-2.bin,202,33554432,468.22,,
0,bench/30gib-2.bin,203,33554432,661.39,,
0,bench/30gib-2.bin,204,33554432,563.31,,
0,bench/30gib-2.bin,205,33554432,461.47,,
0,bench/30gib-2.bin,206,33554432,1060.79,,
0,bench/30gib-2.bin,207,33554432,701.48,,
0,bench/30gib-2.bin,208,33554432,450.51,,
0,bench/30gib-2.bin,209,33554432,410.61,,
0,bench/30gib-2.bin,210,33554432,372.60,,
0,bench/30gib-2.bin,211,33554432,1097.03,,
0,bench/30gib-2.bin,212,33554432,788.89,,
0,bench/30gib-2.bin,213,33554432,582.56,,
0,bench/30gib-2.bin,214,33554432,544.35,,
0,bench/30gib-2.bin,215,33554432,698.13,,
0,bench/30gib-2.bin,216,33554432,543.42,,
0,bench/30gib-2.bin,217,33554432,873.53,,
0,bench/30gib-2.bin,218,33554432,481.49,,
0,bench/30gib-2.bin,219,33554432,356.34,,
0,bench/30gib-2.bin,220,33554432,1085.46,,
0,bench/30gib-2.bin,221,33554432,381.61,,
0,bench/30gib-2.bin,222,33554432,943.26,,
0,bench/30gib-2.bin,223,33554432,777.24,,
0,bench/30gib-2.bin,224,33554432,1068.15,,
0,bench/30gib-2.bin,225,33554432,625.56,,
0,bench/30gib-2.bin,226,33554432,1306.56,,
0,bench/30gib-2.bin,227,33554432,524.14,,
0,bench/30gib-2.bin,228,33554432,858.71,,
0,bench/30gib-2.bin,229,33554432,1028.56,,
0,bench/30gib-2.bin,230,33554432,624.47,,
0,bench/30gib-2.bin,231,33554432,560.26,,
0,bench/30gib-2.bin,232,33554432,892.91,,
0,bench/30gib-2.bin,233,33554432,1065.10,,
0,bench/30gib-2.bin,234,33554432,608.46,,
0,bench/30gib-2.bin,235,33554432,643.52,,
0,bench/30gib-2.bin,236,33554432,611.82,,
0,bench/30gib-2.bin,237,33554432,754.08,,
0,bench/30gib-2.bin,238,33554432,1256.61,,
0,bench/30gib-2.bin,239,33554432,793.42,,
0,bench/30gib-2.bin,240,33554432,1004.15,,
0,bench/30gib-2.bin,241,33554432,451.44,,
0,bench/30gib-2.bin,242,33554432,987.30,,
0,bench/30gib-2.bin,243,33554432,1140.67,,
0,bench/30gib-2.bin,244,33554432,461.47,,
0,bench/30gib-2.bin,245,33554432,595.20,,
0,bench/30gib-2.bin,246,33554432,516.77,,
0,bench/30gib-2.bin,247,33554432,823.59,,
0,bench/30gib-2.bin,248,33554432,522.84,,
0,bench/30gib-2.bin,249,33554432,605.30,,
0,bench/30gib-2.bin,250,33554432,612.31,,
0,bench/30gib-2.bin,251,33554432,399.73,,
0,bench/30gib-2.bin,252,33554432,497.34,,
0,bench/30gib-2.bin,253,33554432,737.93,,
0,bench/30gib-2.bin,254,33554432,474.35,,
0,bench/30gib-2.bin,255,33554432,631.12,,
0,bench/30gib-2.bin,256,33554432,725.51,,
0,bench/30gib-2.bin,257,33554432,667.13,,
0,bench/30gib-2.bin,258,33554432,578.68,,
0,bench/30gib-2.bin,259,33554432,823.37,,
0,bench/30gib-2.bin,260,33554432,1503.67,,
0,bench/30gib-2.bin,261,33554432,1122.00,,
0,bench/30gib-2.bin,262,33554432,630.18,,
0,bench/30gib-2.bin,263,33554432,618.41,,
0,bench/30gib-2.bin,264,33554432,551.69,,
0,bench/30gib-2.bin,265,33554432,607.91,,
0,bench/30gib-2.bin,266,33554432,963.25,,
0,bench/30gib-2.bin,267,33554432,435.98,,
0,bench/30gib-2.bin,268,33554432,571.23,,
0,bench/30gib-2.bin,269,33554432,586.89,,
0,bench/30gib-2.bin,270,33554432,446.31,,
0,bench/30gib-2.bin,271,33554432,1146.41,,
0,bench/30gib-2.bin,272,33554432,793.98,,
0,bench/30gib-2.bin,273,33554432,678.11,,
0,bench/30gib-2.bin,274,33554432,802.62,,
0,bench/30gib-2.bin,275,33554432,726.87,,
0,bench/30gib-2.bin,276,33554432,646.12,,
0,bench/30gib-2.bin,277,33554432,900.92,,
0,bench/30gib-2.bin,278,33554432,668.67,,
0,bench/30gib-2.bin,279,33554432,767.47,,
0,bench/30gib-2.bin,280,33554432,1045.67,,
0,bench/30gib-2.bin,281,33554432,408.38,,
0,bench/30gib-2.bin,282,33554432,898.95,,
0,bench/30gib-2.bin,283,33554432,1011.76,,
0,bench/30gib-2.bin,284,33554432,577.52,,
0,bench/30gib-2.bin,285,33554432,713.65,,
0,bench/30gib-2.bin,286,33554432,735.60,,
0,bench/30gib-2.bin,287,33554432,371.39,,
0,bench/30gib-2.bin,288,33554432,554.46,,
0,bench/30gib-2.bin,289,33554432,373.32,,
0,bench/30gib-2.bin,290,33554432,1263.91,,
0,bench/30gib-2.bin,291,33554432,874.55,,
0,bench/30gib-2.bin,292,33554432,675.92,,
0,bench/30gib-2.bin,293,33554432,583.11,,
0,bench/30gib-2.bin,294,33554432,712.73,,
0,bench/30gib-2.bin,295,33554432,480.98,,
0,bench/30gib-2.bin,296,33554432,715.10,,
0,bench/30gib-2.bin,297,33554432,869.06,,
0,bench/30gib-2.bin,298,33554432,489.22,,
0,bench/30gib-2.bin,299,33554432,794.08,,
0,bench/30gib-2.bin,300,33554432,712.75,,
0,bench/30gib-2.bin,301,33554432,777.82,,
0,bench/30gib-2.bin,302,33554432,602.24,,
0,bench/30gib-2.bin,303,33554432,800.02,,
0,bench/30gib-2.bin,304,33554432,937.38,,
0,bench/30gib-2.bin,305,33554432,472.48,,
0,bench/30gib-2.bin,306,33554432,987.55,,
0,bench/30gib-2.bin,307,33554432,809.87,,
0,bench/30gib-2.bin,308,33554432,687.36,,
0,bench/30gib-2.bin,309,33554432,424.66,,
0,bench/30gib-2.bin,310,33554432,355.46,,
0,bench/30gib-2.bin,311,33554432,806.51,,
0,bench/30gib-2.bin,312,33554432,468.25,,
0,bench/30gib-2.bin,313,33554432,633.26,,
0,bench/30gib-2.bin,314,33554432,629.25,,
0,bench/30gib-2.bin,315,33554432,762.73,,
0,bench/30gib-2.bin,316,33554432,568.32,,
0,bench/30gib-2.bin,317,33554432,695.57,,
0,bench/30gib-2.bin,318,33554432,658.99,,
0,bench/30gib-2.bin,319,33554432,388.27,,
0,bench/30gib-2.bin,320,33554432,713.01,,
0,bench/30gib-2.bin,321,33554432,882.84,,
0,bench/30gib-2.bin,322,33554432,496.15,,
0,bench/30gib-2.bin,323,33554432,557.29,,
0,bench/30gib-2.bin,324,33554432,907.44,,
0,bench/30gib-2.bin,325,33554432,798.83,,
0,bench/30gib-2.bin,326,33554432,641.94,,
0,bench/30gib-2.bin,327,33554432,890.85,,
0,bench/30gib-2.bin,328,33554432,605.99,,
0,bench/30gib-2.bin,329,33554432,459.09,,
0,bench/30gib-2.bin,330,33554432,674.47,,
0,bench/30gib-2.bin,331,33554432,672.04,,
0,bench/30gib-2.bin,332,33554432,659.87,,
0,bench/30gib-2.bin,333,33554432,835.01,,
0,bench/30gib-2.bin,334,33554432,857.89,,
0,bench/30gib-2.bin,335,33554432,651.28,,
0,bench/30gib-2.bin,336,33554432,530.34,,
0,bench/30gib-2.bin,337,33554432,1443.80,,
0,bench/30gib-2.bin,338,33554432,1001.48,,
0,bench/30gib-2.bin,339,33554432,521.14,,
0,bench/30gib-2.bin,340,33554432,675.87,,
0,bench/30gib-2.bin,341,33554432,589.35,,
0,bench/30gib-2.bin,342,33554432,616.10,,
0,bench/30gib-2.bin,343,33554432,713.39,,
0,bench/30gib-2.bin,344,33554432,562.42,,
0,bench/30gib-2.bin,345,33554432,506.16,,
0,bench/30gib-2.bin,346,33554432,803.08,,
0,bench/30gib-2.bin,347,33554432,957.98,,
0,bench/30gib-2.bin,348,33554432,612.09,,
0,bench/30gib-2.bin,349,33554432,633.31,,
0,bench/30gib-2.bin,350,33554432,897.77,,
0,bench/30gib-2.bin,351,33554432,604.90,,
0,bench/30gib-2.bin,352,33554432,1436.30,,
0,bench/30gib-2.bin,353,33554432,408.41,,
0,bench/30gib-2.bin,354,33554432,584.36,,
0,bench/30gib-2.bin,355,33554432,1141.37,,
0,bench/30gib-2.bin,356,33554432,823.00,,
0,bench/30gib-2.bin,357,33554432,665.37,,
0,bench/30gib-2.bin,358,33554432,469.38,,
0,bench/30gib-2.bin,359,33554432,1189.23,,
0,bench/30gib-2.bin,360,33554432,857.88,,
0,bench/30gib-2.bin,361,33554432,407.27,,
0,bench/30gib-2.bin,362,33554432,603.64,,
0,bench/30gib-2.bin,363,33554432,539.21,,
0,bench/30gib-2.bin,364,33554432,858.94,,
0,bench/30gib-2.bin,365,33554432,393.71,,
0,bench/30gib-2.bin,366,33554432,594.52,,
0,bench/30gib-2.bin,367,33554432,549.88,,
0,bench/30gib-2.bin,368,33554432,372.96,,
0,bench/30gib-2.bin,369,33554432,851.50,,
0,bench/30gib-2.bin,370,33554432,680.80,,
0,bench/30gib-2.bin,371,33554432,1038.38,,
0,bench/30gib-2.bin,372,33554432,563.06,,
0,bench/30gib-2.bin,373,33554432,515.91,,
0,bench/30gib-2.bin,374,33554432,594.67,,
0,bench/30gib-2.bin,375,33554432,657.42,,
0,bench/30gib-2.bin,376,33554432,615.51,,
0,bench/30gib-2.bin,377,33554432,1008.18,,
0,bench/30gib-2.bin,378,33554432,812.21,,
0,bench/30gib-2.bin,379,33554432,746.79,,
0,bench/30gib-2.bin,380,33554432,565.97,,
0,bench/30gib-2.bin,381,33554432,611.10,,
0,bench/30gib-2.bin,382,33554432,1041.07,,
0,bench/30gib-2.bin,383,33554432,1046.10,,
0,bench/30gib-2.bin,384,33554432,422.06,,
0,bench/30gib-2.bin,385,33554432,1001.18,,
0,bench/30gib-2.bin,386,33554432,479.67,,
0,bench/30gib-2.bin,387,33554432,634.53,,
0,bench/30gib-2.bin,388,33554432,970.68,,
0,bench/30gib-2.bin,389,33554432,929.97,,
0,bench/30gib-2.bin,390,33554432,433.47,,
0,bench/30gib-2.bin,391,33554432,768.49,,
0,bench/30gib-2.bin,392,33554432,742.70,,
0,bench/30gib-2.bin,393,33554432,1262.58,,
0,bench/30gib-2.bin,394,33554432,1116.12,,
0,bench/30gib-2.bin,395,33554432,632.53,,
0,bench/30gib-2.bin,396,33554432,1055.10,,
0,bench/30gib-2.bin,397,33554432,529.09,,
0,bench/30gib-2.bin,398,33554432,1183.65,,
0,bench/30gib-2.bin,399,33554432,643.33,,
0,bench/30gib-2.bin,400,33554432,645.55,,
0,bench/30gib-2.bin,401,33554432,836.91,,
0,bench/30gib-2.bin,402,33554432,599.76,,
0,bench/30gib-2.bin,403,33554432,644.57,,
0,bench/30gib-2.bin,404,33554432,424.49,,
0,bench/30gib-2.bin,405,33554432,599.03,,
0,bench/30gib-2.bin,406,33554432,768.81,,
0,bench/30gib-2.bin,407,33554432,586.97,,
0,bench/30gib-2.bin,408,33554432,766.26,,
0,bench/30gib-2.bin,409,33554432,673.98,,
0,bench/30gib-2.bin,410,33554432,1148.53,,
0,bench/30gib-2.bin,411,33554432,496.77,,
0,bench/30gib-2.bin,412,33554432,800.42,,
0,bench/30gib-2.bin,413,33554432,952.03,,
0,bench/30gib-2.bin,414,33554432,673.70,,
0,bench/30gib-2.bin,415,33554432,505.64,,
0,bench/30gib-2.bin,416,33554432,469.57,,
0,bench/30gib-2.bin,417,33554432,542.90,,
0,bench/30gib-2.bin,418,33554432,927.22,,
0,bench/30gib-2.bin,419,33554432,658.26,,
0,bench/30gib-2.bin,420,33554432,556.74,,
0,bench/30gib-2.bin,421,33554432,690.50,,
0,bench/30gib-2.bin,422,33554432,563.68,,
0,bench/30gib-2.bin,423,33554432,471.45,,
0,bench/30gib-2.bin,424,33554432,833.41,,
0,bench/30gib-2.bin,425,33554432,469.71,,
0,bench/30gib-2.bin,426,33554432,427.69,,
0,bench/30gib-2.bin,427,33554432,495.77,,
0,bench/30gib-2.bin,428,33554432,879.85,,
0,bench/30gib-2.bin,429,33554432,869.05,,
0,bench/30gib-2.bin,430,33554432,1139.14,,
0,bench/30gib-2.bin,431,33554432,823.19,,
0,bench/30gib-2.bin,432,33554432,565.61,,
0,bench/30gib-2.bin,433,33554432,1290.86,,
0,bench/30gib-2.bin,434,33554432,606.38,,
0,bench/30gib-2.bin,435,33554432,462.64,,
0,bench/30gib-2.bin,436,33554432,534.94,,
0,bench/30gib-2.bin,437,33554432,1088.37,,
0,bench/30gib-2.bin,438,33554432,718.10,,
0,bench/30gib-2.bin,439,33554432,527.76,,
0,bench/30gib-2.bin,440,33554432,495.81,,
0,bench/30gib-2.bin,441,33554432,612.03,,
0,bench/30gib-2.bin,442,33554432,1067.12,,
0,bench/30gib-2.bin,443,33554432,887.28,,
0,bench/30gib-2.bin,444,33554432,1084.96,,
0,bench/30gib-2.bin,445,33554432,528.56,,
0,bench/30gib-2.bin,446,33554432,665.25,,
0,bench/30gib-2.bin,447,33554432,1155.10,,
0,bench/30gib-2.bin,448,33554432,1184.85,,
0,bench/30gib-2.bin,449,33554432,742.52,,
0,bench/30gib-2.bin,450,33554432,571.36,,
0,bench/30gib-2.bin,451,33554432,749.57,,
0,bench/30gib-2.bin,452,33554432,824.19,,
0,bench/30gib-2.bin,453,33554432,1081.45,,
0,bench/30gib-2.bin,454,33554432,772.73,,
0,bench/30gib-2.bin,455,33554432,753.02,,
0,bench/30gib-2.bin,456,33554432,499.42,,
0,bench/30gib-2.bin,457,33554432,1005.74,,
0,bench/30gib-2.bin,458,33554432,995.70,,
0,bench/30gib-2.bin,459,33554432,589.54,,
0,bench/30gib-2.bin,460,33554432,678.13,,
0,bench/30gib-2.bin,461,33554432,542.99,,
0,bench/30gib-2.bin,462,33554432,620.92,,
0,bench/30gib-2.bin,463,33554432,467.46,,
0,bench/30gib-2.bin,464,33554432,1159.94,,
0,bench/30gib-2.bin,465,33554432,504.13,,
0,bench/30gib-2.bin,466,33554432,436.06,,
0,bench/30gib-2.bin,467,33554432,1074.49,,
0,bench/30gib-2.bin,468,33554432,889.00,,
0,bench/30gib-2.bin,469,33554432,695.26,,
0,bench/30gib-2.bin,470,33554432,993.05,,
0,bench/30gib-2.bin,471,33554432,943.92,,
0,bench/30gib-2.bin,472,33554432,813.18,,
0,bench/30gib-2.bin,473,33554432,482.28,,
0,bench/30gib-2.bin,474,33554432,892.49,,
0,bench/30gib-2.bin,475,33554432,686.93,,
0,bench/30gib-2.bin,476,33554432,1250.40,,
0,bench/30gib-2.bin,477,33554432,725.98,,
0,bench/30gib-2.bin,478,33554432,1133.00,,
0,bench/30gib-2.bin,479,33554432,429.48,,
0,bench/30gib-2.bin,480,33554432,541.57,,
0,bench/30gib-2.bin,481,33554432,492.49,,
0,bench/30gib-2.bin,482,33554432,1031.64,,
0,bench/30gib-2.bin,483,33554432,536.02,,
0,bench/30gib-2.bin,484,33554432,522.17,,
0,bench/30gib-2.bin,485,33554432,767.82,,
0,bench/30gib-2.bin,486,33554432,566.60,,
0,bench/30gib-2.bin,487,33554432,883.73,,
0,bench/30gib-2.bin,488,33554432,574.02,,
0,bench/30gib-2.bin,489,33554432,502.72,,
0,bench/30gib-2.bin,490,33554432,386.56,,
0,bench/30gib-2.bin,491,33554432,698.23,,
0,bench/30gib-2.bin,492,33554432,895.56,,
0,bench/30gib-2.bin,493,33554432,403.01,,
0,bench/30gib-2.bin,494,33554432,880.54,,
0,bench/30gib-2.bin,495,33554432,536.55,,
0,bench/30gib-2.bin,496,33554432,672.73,,
0,bench/30gib-2.bin,497,33554432,989.52,,
0,bench/30gib-2.bin,498,33554432,1079.63,,
0,bench/30gib-2.bin,499,33554432,503.14,,
0,bench/30gib-2.bin,500,33554432,1170.47,,
0,bench/30gib-2.bin,501,33554432,538.04,,
0,bench/30gib-2.bin,502,33554432,996.73,,
0,bench/30gib-2.bin,503,33554432,656.33,,
0,bench/30gib-2.bin,504,33554432,906.59,,
0,bench/30gib-2.bin,505,33554432,604.79,,
0,bench/30gib-2.bin,506,33554432,713.50,,
0,bench/30gib-2.bin,507,33554432,510.63,,
0,bench/30gib-2.bin,508,33554432,896.20,,
0,bench/30gib-2.bin,509,33554432,433.14,,
0,bench/30gib-2.bin,510,33554432,691.32,,
0,bench/30gib-2.bin,511,33554432,617.17,,
0,bench/30gib-2.bin,512,33554432,442.92,,
0,bench/30gib-2.bin,513,33554432,445.42,,
0,bench/30gib-2.bin,514,33554432,1082.10,,
0,bench/30gib-2.bin,515,33554432,983.14,,
0,bench/30gib-2.bin,516,33554432,1066.87,,
0,bench/30gib-2.bin,517,33554432,611.18,,
0,bench/30gib-2.bin,518,33554432,531.02,,
0,bench/30gib-2.bin,519,33554432,521.13,,
0,bench/30gib-2.bin,520,33554432,857.81,,
0,bench/30gib-2.bin,521,33554432,767.61,,
0,bench/30gib-2.bin,522,33554432,566.93,,
0,bench/30gib-2.bin,523,33554432,418.37,,
0,bench/30gib-2.bin,524,33554432,506.21,,
0,bench/30gib-2.bin,525,33554432,876.98,,
0,bench/30gib-2.bin,526,33554432,627.77,,
0,bench/30gib-2.bin,527,33554432,1049.98,,
0,bench/30gib-2.bin,528,33554432,985.51,,
0,bench/30gib-2.bin,529,33554432,629.34,,
0,bench/30gib-2.bin,530,33554432,880.42,,
0,bench/30gib-2.bin,531,33554432,436.03,,
0,bench/30gib-2.bin,532,33554432,979.80,,
0,bench/30gib-2.bin,533,33554432,958.66,,
0,bench/30gib-2.bin,534,33554432,1039.87,,
0,bench/30gib-2.bin,535,33554432,745.11,,
0,bench/30gib-2.bin,536,33554432,842.37,,
0,bench/30gib-2.bin,537,33554432,1021.06,,
0,bench/30gib-2.bin,538,33554432,890.00,,
0,bench/30gib-2.bin,539,33554432,987.03,,
0,bench/30gib-2.bin,540,33554432,561.74,,
0,bench/30gib-2.bin,541,33554432,422.64,,
0,bench/30gib-2.bin,542,33554432,810.80,,
0,bench/30gib-2.bin,543,33554432,987.17,,
0,bench/30gib-2.bin,544,33554432,1008.28,,
0,bench/30gib-2.bin,545,33554432,1001.35,,
0,bench/30gib-2.bin,546,33554432,703.95,,
0,bench/30gib-2.bin,547,33554432,551.30,,
0,bench/30gib-2.bin,548,33554432,493.15,,
0,bench/30gib-2.bin,549,33554432,931.42,,
0,bench/30gib-2.bin,550,33554432,513.79,,
0,bench/30gib-2.bin,551,33554432,900.62,,
0,bench/30gib-2.bin,552,33554432,752.25,,
0,bench/30gib-2.bin,553,33554432,860.39,,
0,bench/30gib-2.bin,554,33554432,719.60,,
0,bench/30gib-2.bin,555,33554432,622.45,,
0,bench/30gib-2.bin,556,33554432,912.35,,
0,bench/30gib-2.bin,557,33554432,1125.16,,
0,bench/30gib-2.bin,558,33554432,534.67,,
0,bench/30gib-2.bin,559,33554432,569.93,,
0,bench/30gib-2.bin,560,33554432,645.38,,
0,bench/30gib-2.bin,561,33554432,694.91,,
0,bench/30gib-2.bin,562,33554432,770.04,,
0,bench/30gib-2.bin,563,33554432,577.90,,
0,bench/30gib-2.bin,564,33554432,510.28,,
0,bench/30gib-2.bin,565,33554432,791.51,,
0,bench/30gib-2.bin,566,33554432,1019.96,,
0,bench/30gib-2.bin,567,33554432,621.23,,
0,bench/30gib-2.bin,568,33554432,592.30,,
0,bench/30gib-2.bin,569,33554432,774.37,,
0,bench/30gib-2.bin,570,33554432,1043.20,,
0,bench/30gib-2.bin,571,33554432,975.28,,
0,bench/30gib-2.bin,572,33554432,539.86,,
0,bench/30gib-2.bin,573,33554432,696.70,,
0,bench/30gib-2.bin,574,33554432,681.54,,
0,bench/30gib-2.bin,575,33554432,667.22,,
0,bench/30gib-2.bin,576,33554432,526.90,,
0,bench/30gib-2.bin,577,33554432,698.99,,
0,bench/30gib-2.bin,578,33554432,419.48,,
0,bench/30gib-2.bin,579,33554432,603.36,,
0,bench/30gib-2.bin,580,33554432,815.55,,
0,bench/30gib-2.bin,581,33554432,764.30,,
0,bench/30gib-2.bin,582,33554432,636.40,,
0,bench/30gib-2.bin,583,33554432,564.21,,
0,bench/30gib-2.bin,584,33554432,704.81,,
0,bench/30gib-2.bin,585,33554432,691.75,,
0,bench/30gib-2.bin,586,33554432,462.80,,
0,bench/30gib-2.bin,587,33554432,374.39,,
0,bench/30gib-2.bin,588,33554432,482.61,,
0,bench/30gib-2.bin,589,33554432,433.43,,
0,bench/30gib-2.bin,590,33554432,525.48,,
0,bench/30gib-2.bin,591,33554432,680.85,,
0,bench/30gib-2.bin,592,33554432,883.72,,
0,bench/30gib-2.bin,593,33554432,402.61,,
0,bench/30gib-2.bin,594,33554432,537.74,,
0,bench/30gib-2.bin,595,33554432,564.03,,
0,bench/30gib-2.bin,596,33554432,755.49,,
0,bench/30gib-2.bin,597,33554432,607.52,,
0,bench/30gib-2.bin,598,33554432,517.18,,
0,bench/30gib-2.bin,599,33554432,701.25,,
0,bench/30gib-2.bin,600,33554432,771.95,,
0,bench/30gib-2.bin,601,33554432,526.29,,
0,bench/30gib-2.bin,602,33554432,962.37,,
0,bench/30gib-2.bin,603,33554432,463.09,,
0,bench/30gib-2.bin,604,33554432,1267.17,,
0,bench/30gib-2.bin,605,33554432,947.55,,
0,bench/30gib-2.bin,606,33554432,524.21,,
0,bench/30gib-2.bin,607,33554432,582.13,,
0,bench/30gib-2.bin,608,33554432,909.05,,
0,bench/30gib-2.bin,609,33554432,691.08,,
0,bench/30gib-2.bin,610,33554432,573.15,,
0,bench/30gib-2.bin,611,33554432,544.95,,
0,bench/30gib-2.bin,612,33554432,683.04,,
0,bench/30gib-2.bin,613,33554432,967.85,,
0,bench/30gib-2.bin,614,33554432,483.55,,
0,bench/30gib-2.bin,615,33554432,848.42,,
0,bench/30gib-2.bin,616,33554432,493.48,,
0,bench/30gib-2.bin,617,33554432,500.90,,
0,bench/30gib-2.bin,618,33554432,418.18,,
0,bench/30gib-2.bin,619,33554432,1384.51,,
0,bench/30gib-2.bin,620,33554432,859.90,,
0,bench/30gib-2.bin,621,33554432,1032.48,,
0,bench/30gib-2.bin,622,33554432,836.98,,
0,bench/30gib-2.bin,623,33554432,1137.46,,
0,bench/30gib-2.bin,624,33554432,1358.03,,
0,bench/30gib-2.bin,625,33554432,940.16,,
0,bench/30gib-2.bin,626,33554432,370.48,,
0,bench/30gib-2.bin,627,33554432,836.08,,
0,bench/30gib-2.bin,628,33554432,899.40,,
0,bench/30gib-2.bin,629,33554432,689.92,,
0,bench/30gib-2.bin,630,33554432,438.79,,
0,bench/30gib-2.bin,631,33554432,733.11,,
0,bench/30gib-2.bin,632,33554432,619.70,,
0,bench/30gib-2.bin,633,33554432,1043.64,,
0,bench/30gib-2.bin,634,33554432,882.41,,
0,bench/30gib-2.bin,635,33554432,412.54,,
0,bench/30gib-2.bin,636,33554432,702.71,,
0,bench/30gib-2.bin,637,33554432,856.41,,
0,bench/30gib-2.bin,638,33554432,578.87,,
0,bench/30gib-2.bin,639,33554432,676.76,,
0,bench/30gib-2.bin,640,33554432,939.22,,
0,bench/30gib-2.bin,641,33554432,439.68,,
0,bench/30gib-2.bin,642,33554432,570.73,,
0,bench/30gib-2.bin,643,33554432,1309.47,,
0,bench/30gib-2.bin,644,33554432,520.80,,
0,bench/30gib-2.bin,645,33554432,447.67,,
0,bench/30gib-2.bin,646,33554432,1043.48,,
0,bench/30gib-2.bin,647,33554432,1331.19,,
0,bench/30gib-2.bin,648,33554432,544.76,,
0,bench/30gib-2.bin,649,33554432,517.53,,
0,bench/30gib-2.bin,650,33554432,652.78,,
0,bench/30gib-2.bin,651,33554432,473.85,,
0,bench/30gib-2.bin,652,33554432,1310.52,,
0,bench/30gib-2.bin,653,33554432,992.33,,
0,bench/30gib-2.bin,654,33554432,418.63,,
0,bench/30gib-2.bin,655,33554432,535.85,,
0,bench/30gib-2.bin,656,33554432,563.08,,
0,bench/30gib-2.bin,657,33554432,469.13,,
0,bench/30gib-2.bin,658,33554432,554.10,,
0,bench/30gib-2.bin,659,33554432,814.63,,
0,bench/30gib-2.bin,660,33554432,798.80,,
0,bench/30gib-2.bin,661,33554432,769.24,,
0,bench/30gib-2.bin,662,33554432,1009.92,,
0,bench/30gib-2.bin,663,33554432,631.31,,
0,bench/30gib-2.bin,664,33554432,611.79,,
0,bench/30gib-2.bin,665,33554432,554.80,,
0,bench/30gib-2.bin,666,33554432,833.00,,
0,bench/30gib-2.bin,667,33554432,741.17,,
0,bench/30gib-2.bin,668,33554432,887.15,,
0,bench/30gib-2.bin,669,33554432,678.13,,
0,bench/30gib-2.bin,670,33554432,807.95,,
0,bench/30gib-2.bin,671,33554432,620.09,,
0,bench/30gib-2.bin,672,33554432,513.94,,
0,bench/30gib-2.bin,673,33554432,609.75,,
0,bench/30gib-2.bin,674,33554432,920.56,,
0,bench/30gib-2.bin,675,33554432,723.28,,
0,bench/30gib-2.bin,676,33554432,891.49,,
0,bench/30gib-2.bin,677,33554432,567.66,,
0,bench/30gib-2.bin,678,33554432,462.19,,
0,bench/30gib-2.bin,679,33554432,442.04,,
0,bench/30gib-2.bin,680,33554432,1334.69,,
0,bench/30gib-2.bin,681,33554432,965.70,,
0,bench/30gib-2.bin,682,33554432,644.36,,
0,bench/30gib-2.bin,683,33554432,1335.49,,
0,bench/30gib-2.bin,684,33554432,633.71,,
0,bench/30gib-2.bin,685,33554432,499.58,,
0,bench/30gib-2.bin,686,33554432,634.15,,
0,bench/30gib-2.bin,687,33554432,968.96,,
0,bench/30gib-2.bin,688,33554432,666.22,,
0,bench/30gib-2.bin,689,33554432,715.94,,
0,bench/30gib-2.bin,690,33554432,753.03,,
0,bench/30gib-2.bin,691,33554432,791.52,,
0,bench/30gib-2.bin,692,33554432,949.43,,
0,bench/30gib-2.bin,693,33554432,673.64,,
0,bench/30gib-2.bin,694,33554432,588.17,,
0,bench/30gib-2.bin,695,33554432,581.38,,
0,bench/30gib-2.bin,696,33554432,817.77,,
0,bench/30gib-2.bin,697,33554432,458.50,,
0,bench/30gib-2.bin,698,33554432,474.13,,
0,bench/30gib-2.bin,699,33554432,928.82,,
0,bench/30gib-2.bin,700,33554432,556.35,,
0,bench/30gib-2.bin,701,33554432,579.65,,
0,bench/30gib-2.bin,702,33554432,885.36,,
0,bench/30gib-2.bin,703,33554432,904.13,,
0,bench/30gib-2.bin,704,33554432,496.33,,
0,bench/30gib-2.bin,705,33554432,568.86,,
0,bench/30gib-2.bin,706,33554432,572.86,,
0,bench/30gib-2.bin,707,33554432,554.68,,
0,bench/30gib-2.bin,708,33554432,585.27,,
0,bench/30gib-2.bin,709,33554432,560.03,,
0,bench/30gib-2.bin,710,33554432,769.73,,
0,bench/30gib-2.bin,711,33554432,1020.62,,
0,bench/30gib-2.bin,712,33554432,865.56,,
0,bench/30gib-2.bin,713,33554432,624.91,,
0,bench/30gib-2.bin,714,33554432,644.34,,
0,bench/30gib-2.bin,715,33554432,500.09,,
0,bench/30gib-2.bin,716,33554432,1341.41,,
0,bench/30gib-2.bin,717,33554432,447.73,,
0,bench/30gib-2.bin,718,33554432,549.15,,
0,bench/30gib-2.bin,719,33554432,692.41,,
0,bench/30gib-2.bin,720,33554432,482.89,,
0,bench/30gib-2.bin,721,33554432,667.86,,
0,bench/30gib-2.bin,722,33554432,462.72,,
0,bench/30gib-2.bin,723,33554432,847.15,,
0,bench/30gib-2.bin,724,33554432,593.09,,
0,bench/30gib-2.bin,725,33554432,584.06,,
0,bench/30gib-2.bin,726,33554432,494.20,,
0,bench/30gib-2.bin,727,33554432,810.40,,
0,bench/30gib-2.bin,728,33554432,460.94,,
0,bench/30gib-2.bin,729,33554432,447.72,,
0,bench/30gib-2.bin,730,33554432,635.36,,
0,bench/30gib-2.bin,731,33554432,1020.20,,
0,bench/30gib-2.bin,732,33554432,1004.17,,
0,bench/30gib-2.bin,733,33554432,888.99,,
0,bench/30gib-2.bin,734,33554432,910.64,,
0,bench/30gib-2.bin,735,33554432,726.31,,
0,bench/30gib-2.bin,736,33554432,637.85,,
0,bench/30gib-2.bin,737,33554432,539.69,,
0,bench/30gib-2.bin,738,33554432,683.12,,
0,bench/30gib-2.bin,739,33554432,969.72,,
0,bench/30gib-2.bin,740,33554432,691.61,,
0,bench/30gib-2.bin,741,33554432,689.15,,
0,bench/30gib-2.bin,742,33554432,507.64,,
0,bench/30gib-2.bin,743,33554432,516.79,,
0,bench/30gib-2.bin,744,33554432,412.22,,
0,bench/30gib-2.bin,745,33554432,673.73,,
0,bench/30gib-2.bin,746,33554432,623.63,,
0,bench/30gib-2.bin,747,33554432,507.43,,
0,bench/30gib-2.bin,748,33554432,856.29,,
0,bench/30gib-2.bin,749,33554432,525.39,,
0,bench/30gib-2.bin,750,33554432,1143.59,,
0,bench/30gib-2.bin,751,33554432,652.40,,
0,bench/30gib-2.bin,752,33554432,772.92,,
0,bench/30gib-2.bin,753,33554432,1247.50,,
0,bench/30gib-2.bin,754,33554432,584.87,,
0,bench/30gib-2.bin,755,33554432,519.79,,
0,bench/30gib-2.bin,756,33554432,549.50,,
0,bench/30gib-2.bin,757,33554432,844.81,,
0,bench/30gib-2.bin,758,33554432,878.28,,
0,bench/30gib-2.bin,759,33554432,693.44,,
0,bench/30gib-2.bin,760,33554432,611.32,,
0,bench/30gib-2.bin,761,33554432,517.90,,
0,bench/30gib-2.bin,762,33554432,527.51,,
0,bench/30gib-2.bin,763,33554432,688.41,,
0,bench/30gib-2.bin,764,33554432,651.53,,
0,bench/30gib-2.bin,765,33554432,475.52,,
0,bench/30gib-2.bin,766,33554432,533.76,,
0,bench/30gib-2.bin,767,33554432,578.82,,
0,bench/30gib-2.bin,768,33554432,971.40,,
0,bench/30gib-2.bin,769,33554432,774.32,,
0,bench/30gib-2.bin,770,33554432,819.57,,
0,bench/30gib-2.bin,771,33554432,787.15,,
0,bench/30gib-2.bin,772,33554432,612.62,,
0,bench/30gib-2.bin,773,33554432,546.10,,
0,bench/30gib-2.bin,774,33554432,605.49,,
0,bench/30gib-2.bin,775,33554432,820.51,,
0,bench/30gib-2.bin,776,33554432,797.87,,
0,bench/30gib-2.bin,777,33554432,824.02,,
0,bench/30gib-2.bin,778,33554432,452.53,,
0,bench/30gib-2.bin,779,33554432,472.85,,
0,bench/30gib-2.bin,780,33554432,530.96,,
0,bench/30gib-2.bin,781,33554432,956.33,,
0,bench/30gib-2.bin,782,33554432,803.29,,
0,bench/30gib-2.bin,783,33554432,799.32,,
0,bench/30gib-2.bin,784,33554432,911.66,,
0,bench/30gib-2.bin,785,33554432,692.08,,
0,bench/30gib-2.bin,786,33554432,532.43,,
0,bench/30gib-2.bin,787,33554432,838.69,,
0,bench/30gib-2.bin,788,33554432,474.44,,
0,bench/30gib-2.bin,789,33554432,792.42,,
0,bench/30gib-2.bin,790,33554432,544.77,,
0,bench/30gib-2.bin,791,33554432,971.64,,
0,bench/30gib-2.bin,792,33554432,351.21,,
0,bench/30gib-2.bin,793,33554432,784.18,,
0,bench/30gib-2.bin,794,33554432,647.87,,
0,bench/30gib-2.bin,795,33554432,1002.41,,
0,bench/30gib-2.bin,796,33554432,601.85,,
0,bench/30gib-2.bin,797,33554432,923.94,,
0,bench/30gib-2.bin,798,33554432,853.92,,
0,bench/30gib-2.bin,799,33554432,555.07,,
0,bench/30gib-2.bin,800,33554432,964.66,,
0,bench/30gib-2.bin,801,33554432,576.41,,
0,bench/30gib-2.bin,802,33554432,592.69,,
0,bench/30gib-2.bin,803,33554432,495.92,,
0,bench/30gib-2.bin,804,33554432,807.57,,
0,bench/30gib-2.bin,805,33554432,362.34,,
0,bench/30gib-2.bin,806,33554432,533.84,,
0,bench/30gib-2.bin,807,33554432,907.37,,
0,bench/30gib-2.bin,808,33554432,895.55,,
0,bench/30gib-2.bin,809,33554432,1002.39,,
0,bench/30gib-2.bin,810,33554432,423.04,,
0,bench/30gib-2.bin,811,33554432,585.71,,
0,bench/30gib-2.bin,812,33554432,845.13,,
0,bench/30gib-2.bin,813,33554432,664.72,,
0,bench/30gib-2.bin,814,33554432,405.47,,
0,bench/30gib-2.bin,815,33554432,886.82,,
0,bench/30gib-2.bin,816,33554432,1171.58,,
0,bench/30gib-2.bin,817,33554432,654.99,,
0,bench/30gib-2.bin,818,33554432,408.78,,
0,bench/30gib-2.bin,819,33554432,833.40,,
0,bench/30gib-2.bin,820,33554432,1043.00,,
0,bench/30gib-2.bin,821,33554432,746.00,,
0,bench/30gib-2.bin,822,33554432,863.14,,
0,bench/30gib-2.bin,823,33554432,726.24,,
0,bench/30gib-2.bin,824,33554432,544.79,,
0,bench/30gib-2.bin,825,33554432,732.73,,
0,bench/30gib-2.bin,826,33554432,717.11,,
0,bench/30gib-2.bin,827,33554432,876.84,,
0,bench/30gib-2.bin,828,33554432,827.27,,
0,bench/30gib-2.bin,829,33554432,587.92,,
0,bench/30gib-2.bin,830,33554432,901.64,,
0,bench/30gib-2.bin,831,33554432,507.93,,
0,bench/30gib-2.bin,832,33554432,887.77,,
0,bench/30gib-2.bin,833,33554432,800.04,,
0,bench/30gib-2.bin,834,33554432,511.72,,
0,bench/30gib-2.bin,835,33554432,869.35,,
0,bench/30gib-2.bin,836,33554432,599.52,,
0,bench/30gib-2.bin,837,33554432,775.07,,
0,bench/30gib-2.bin,838,33554432,511.16,,
0,bench/30gib-2.bin,839,33554432,518.11,,
0,bench/30gib-2.bin,840,33554432,570.26,,
0,bench/30gib-2.bin,841,33554432,573.60,,
0,bench/30gib-2.bin,842,33554432,1249.13,,
0,bench/30gib-2.bin,843,33554432,727.19,,
0,bench/30gib-2.bin,844,33554432,1290.47,,
0,bench/30gib-2.bin,845,33554432,628.74,,
0,bench/30gib-2.bin,846,33554432,917.38,,
0,bench/30gib-2.bin,847,33554432,641.07,,
0,bench/30gib-2.bin,848,33554432,749.43,,
0,bench/30gib-2.bin,849,33554432,1162.78,,
0,bench/30gib-2.bin,850,33554432,630.66,,
0,bench/30gib-2.bin,851,33554432,608.39,,
0,bench/30gib-2.bin,852,33554432,477.92,,
0,bench/30gib-2.bin,853,33554432,953.54,,
0,bench/30gib-2.bin,854,33554432,466.12,,
0,bench/30gib-2.bin,855,33554432,757.22,,
0,bench/30gib-2.bin,856,33554432,592.15,,
0,bench/30gib-2.bin,857,33554432,1306.37,,
0,bench/30gib-2.bin,858,33554432,593.87,,
0,bench/30gib-2.bin,859,33554432,535.26,,
0,bench/30gib-2.bin,860,33554432,785.55,,
0,bench/30gib-2.bin,861,33554432,1204.80,,
0,bench/30gib-2.bin,862,33554432,880.29,,
0,bench/30gib-2.bin,863,33554432,668.65,,
0,bench/30gib-2.bin,864,33554432,1119.82,,
0,bench/30gib-2.bin,865,33554432,980.63,,
0,bench/30gib-2.bin,866,33554432,742.67,,
0,bench/30gib-2.bin,867,33554432,666.51,,
0,bench/30gib-2.bin,868,33554432,710.01,,
0,bench/30gib-2.bin,869,33554432,719.42,,
0,bench/30gib-2.bin,870,33554432,618.96,,
0,bench/30gib-2.bin,871,33554432,657.30,,
0,bench/30gib-2.bin,872,33554432,576.33,,
0,bench/30gib-2.bin,873,33554432,548.40,,
0,bench/30gib-2.bin,874,33554432,905.28,,
0,bench/30gib-2.bin,875,33554432,647.13,,
0,bench/30gib-2.bin,876,33554432,429.24,,
0,bench/30gib-2.bin,877,33554432,508.09,,
0,bench/30gib-2.bin,878,33554432,732.65,,
0,bench/30gib-2.bin,879,33554432,462.21,,
0,bench/30gib-2.bin,880,33554432,587.17,,
0,bench/30gib-2.bin,881,33554432,1034.43,,
0,bench/30gib-2.bin,882,33554432,545.54,,
0,bench/30gib-2.bin,883,33554432,508.33,,
0,bench/30gib-2.bin,884,33554432,590.31,,
0,bench/30gib-2.bin,885,33554432,839.73,,
0,bench/30gib-2.bin,886,33554432,619.46,,
0,bench/30gib-2.bin,887,33554432,787.05,,
0,bench/30gib-2.bin,888,33554432,346.52,,
0,bench/30gib-2.bin,889,33554432,577.80,,
0,bench/30gib-2.bin,890,33554432,760.23,,
0,bench/30gib-2.bin,891,33554432,346.75,,
0,bench/30gib-2.bin,892,33554432,700.71,,
0,bench/30gib-2.bin,893,33554432,791.32,,
0,bench/30gib-2.bin,894,33554432,542.52,,
0,bench/30gib-2.bin,895,33554432,725.77,,
0,bench/30gib-2.bin,896,33554432,588.42,,
0,bench/30gib-2.bin,897,33554432,550.06,,
0,bench/30gib-2.bin,898,33554432,481.53,,
0,bench/30gib-2.bin,899,33554432,946.38,,
0,bench/30gib-2.bin,900,33554432,937.86,,
0,bench/30gib-2.bin,901,33554432,680.66,,
0,bench/30gib-2.bin,902,33554432,671.61,,
0,bench/30gib-2.bin,903,33554432,474.98,,
0,bench/30gib-2.bin,904,33554432,632.46,,
0,bench/30gib-2.bin,905,33554432,438.15,,
0,bench/30gib-2.bin,906,33554432,538.24,,
0,bench/30gib-2.bin,907,33554432,706.12,,
0,bench/30gib-2.bin,908,33554432,433.31,,
0,bench/30gib-2.bin,909,33554432,483.98,,
0,bench/30gib-2.bin,910,33554432,687.83,,
0,bench/30gib-2.bin,911,33554432,1231.38,,
0,bench/30gib-2.bin,912,33554432,376.62,,
0,bench/30gib-2.bin,913,33554432,769.12,,
0,bench/30gib-2.bin,914,33554432,1176.99,,
0,bench/30gib-2.bin,915,33554432,652.76,,
0,bench/30gib-2.bin,916,33554432,633.25,,
0,bench/30gib-2.bin,917,33554432,494.66,,
0,bench/30gib-2.bin,918,33554432,1101.50,,
0,bench/30gib-2.bin,919,33554432,579.49,,
0,bench/30gib-2.bin,920,33554432,529.28,,
0,bench/30gib-2.bin,921,33554432,556.16,,
0,bench/30gib-2.bin,922,33554432,1091.62,,
0,bench/30gib-2.bin,923,33554432,949.73,,
0,bench/30gib-2.bin,924,33554432,699.97,,
0,bench/30gib-2.bin,925,33554432,719.29,,
0,bench/30gib-2.bin,926,33554432,520.86,,
0,bench/30gib-2.bin,927,33554432,541.58,,
0,bench/30gib-2.bin,928,33554432,512.94,,
0,bench/30gib-2.bin,929,33554432,768.92,,
0,bench/30gib-2.bin,930,33554432,1057.70,,
0,bench/30gib-2.bin,931,33554432,410.97,,
0,bench/30gib-2.bin,932,33554432,644.89,,
0,bench/30gib-2.bin,933,33554432,533.18,,
0,bench/30gib-2.bin,934,33554432,596.38,,
0,bench/30gib-2.bin,935,33554432,469.26,,
0,bench/30gib-2.bin,936,33554432,1101.97,,
0,bench/30gib-2.bin,937,33554432,971.15,,
0,bench/30gib-2.bin,938,33554432,644.18,,
0,bench/30gib-2.bin,939,33554432,735.90,,
0,bench/30gib-2.bin,940,33554432,763.40,,
0,bench/30gib-2.bin,941,33554432,776.26,,
0,bench/30gib-2.bin,942,33554432,709.00,,
0,bench/30gib-2.bin,943,33554432,528.96,,
0,bench/30gib-2.bin,944,33554432,531.68,,
0,bench/30gib-2.bin,945,33554432,401.59,,
0,bench/30gib-2.bin,946,33554432,740.63,,
0,bench/30gib-2.bin,947,33554432,719.15,,
0,bench/30gib-2.bin,948,33554432,560.68,,
0,bench/30gib-2.bin,949,33554432,557.48,,
0,bench/30gib-2.bin,950,33554432,607.68,,
0,bench/30gib-2.bin,951,33554432,549.87,,
0,bench/30gib-2.bin,952,33554432,690.44,,
0,bench/30gib-2.bin,953,33554432,351.01,,
0,bench/30gib-2.bin,954,33554432,601.35,,
0,bench/30gib-2.bin,955,33554432,512.42,,
0,bench/30gib-2.bin,956,33554432,512.84,,
0,bench/30gib-2.bin,957,33554432,344.45,,
0,bench/30gib-2.bin,958,33554432,451.83,,
0,bench/30gib-2.bin,959,33554432,530.58,,
0,bench/30gib-2.bin,960,33554432,721.06,,
0,bench/30gib-3.bin,1,33554432,999.72,,
0,bench/30gib-3.bin,2,33554432,2076.48,,
0,bench/30gib-3.bin,3,33554432,1243.30,,
0,bench/30gib-3.bin,4,33554432,946.59,,
0,bench/30gib-3.bin,5,33554432,1953.45,,
0,bench/30gib-3.bin,6,33554432,1205.52,,
0,bench/30gib-3.bin,7,33554432,995.60,,
0,bench/30gib-3.bin,8,33554432,1192.27,,
0,bench/30gib-3.bin,9,33554432,1230.10,,
0,bench/30gib-3.bin,10,33554432,1170.76,,
0,bench/30gib-3.bin,11,33554432,1747.26,,
0,bench/30gib-3.bin,12,33554432,1202.65,,
0,bench/30gib-3.bin,13,33554432,1032.58,,
0,bench/30gib-3.bin,14,33554432,1520.73,,
0,bench/30gib-3.bin,15,33554432,824.71,,
0,bench/30gib-3.bin,16,33554432,942.55,,
0,bench/30gib-3.bin,17,33554432,1009.30,,
0,bench/30gib-3.bin,18,33554432,2199.30,,
0,bench/30gib-3.bin,19,33554432,1407.57,,
0,bench/30gib-3.bin,20,33554432,885.20,,
0,bench/30gib-3.bin,21,33554432,1243.67,,
0,bench/30gib-3.bin,22,33554432,1160.86,,
0,bench/30gib-3.bin,23,33554432,1168.88,,
0,bench/30gib-3.bin,24,33554432,1412.41,,
0,bench/30gib-3.bin,25,33554432,1351.05,,
0,bench/30gib-3.bin,26,33554432,1086.47,,
0,bench/30gib-3.bin,27,33554432,1559.84,,
0,bench/30gib-3.bin,28,33554432,1471.15,,
0,bench/30gib-3.bin,29,33554432,1848.85,,
0,bench/30gib-3.bin,30,33554432,1444.76,,
0,bench/30gib-3.bin,31,33554432,1348.15,,
0,bench/30gib-3.bin,32,33554432,1483.85,,
0,bench/30gib-3.bin,33,33554432,1417.88,,
0,bench/30gib-3.bin,34,33554432,1359.19,,
0,bench/30gib-3.bin,35,33554432,1461.78,,
0,bench/30gib-3.bin,36,33554432,1463.60,,
0,bench/30gib-3.bin,37,33554432,994.47,,
0,bench/30gib-3.bin,38,33554432,1075.59,,
0,bench/30gib-3.bin,39,33554432,1490.57,,
0,bench/30gib-3.bin,40,33554432,1897.81,,
0,bench/30gib-3.bin,41,33554432,1026.90,,
0,bench/30gib-3.bin,42,33554432,3023.09,,
0,bench/30gib-3.bin,43,33554432,1724.45,,
0,bench/30gib-3.bin,44,33554432,885.74,,
0,bench/30gib-3.bin,45,33554432,1548.05,,
0,bench/30gib-3.bin,46,33554432,1425.95,,
0,bench/30gib-3.bin,47,33554432,1217.13,,
0,bench/30gib-3.bin,48,33554432,1125.97,,
0,bench/30gib-3.bin,49,33554432,1168.59,,
0,bench/30gib-3.bin,50,33554432,1155.92,,
0,bench/30gib-3.bin,51,33554432,1177.39,,
0,bench/30gib-3.bin,52,33554432,1009.27,,
0,bench/30gib-3.bin,53,33554432,1339.61,,
0,bench/30gib-3.bin,54,33554432,1153.66,,
0,bench/30gib-3.bin,55,33554432,1167.09,,
0,bench/30gib-3.bin,56,33554432,679.91,,
0,bench/30gib-3.bin,57,33554432,996.94,,
0,bench/30gib-3.bin,58,33554432,838.64,,
0,bench/30gib-3.bin,59,33554432,1049.41,,
0,bench/30gib-3.bin,60,33554432,2054.48,,
0,bench/30gib-3.bin,61,33554432,1105.69,,
0,bench/30gib-3.bin,62,33554432,1070.34,,
0,bench/30gib-3.bin,63,33554432,1493.49,,
0,bench/30gib-3.bin,64,33554432,1364.09,,
0,bench/30gib-3.bin,65,33554432,948.26,,
0,bench/30gib-3.bin,66,33554432,1254.80,,
0,bench/30gib-3.bin,67,33554432,1227.79,,
0,bench/30gib-3.bin,68,33554432,1349.48,,
0,bench/30gib-3.bin,69,33554432,935.27,,
0,bench/30gib-3.bin,70,33554432,1620.00,,
0,bench/30gib-3.bin,71,33554432,1614.73,,
0,bench/30gib-3.bin,72,33554432,1350.18,,
0,bench/30gib-3.bin,73,33554432,766.59,,
0,bench/30gib-3.bin,74,33554432,832.52,,
0,bench/30gib-3.bin,75,33554432,879.10,,
0,bench/30gib-3.bin,76,33554432,1292.47,,
0,bench/30gib-3.bin,77,33554432,777.49,,
0,bench/30gib-3.bin,78,33554432,1475.17,,
0,bench/30gib-3.bin,79,33554432,1709.74,,
0,bench/30gib-3.bin,80,33554432,1101.89,,
0,bench/30gib-3.bin,81,33554432,2321.31,,
0,bench/30gib-3.bin,82,33554432,1332.15,,
0,bench/30gib-3.bin,83,33554432,1260.23,,
0,bench/30gib-3.bin,84,33554432,1375.62,,
0,bench/30gib-3.bin,85,33554432,2332.02,,
0,bench/30gib-3.bin,86,33554432,980.46,,
0,bench/30gib-3.bin,87,33554432,1437.13,,
0,bench/30gib-3.bin,88,33554432,1697.25,,
0,bench/30gib-3.bin,89,33554432,1401.95,,
0,bench/30gib-3.bin,90,33554432,1792.69,,
0,bench/30gib-3.bin,91,33554432,1180.71,,
0,bench/30gib-3.bin,92,33554432,1236.18,,
0,bench/30gib-3.bin,93,33554432,2850.24,,
0,bench/30gib-3.bin,94,33554432,1436.19,,
0,bench/30gib-3.bin,95,33554432,1041.20,,
0,bench/30gib-3.bin,96,33554432,1147.33,,
0,bench/30gib-3.bin,97,33554432,2595.85,,
0,bench/30gib-3.bin,98,33554432,1079.33,,
0,bench/30gib-3.bin,99,33554432,796.70,,
0,bench/30gib-3.bin,100,33554432,1724.27,,
0,bench/30gib-3.bin,101,33554432,1924.91,,
0,bench/30gib-3.bin,102,33554432,1206.89,,
0,bench/30gib-3.bin,103,33554432,1552.46,,
0,bench/30gib-3.bin,104,33554432,1109.86,,
0,bench/30gib-3.bin,105,33554432,1189.91,,
0,bench/30gib-3.bin,106,33554432,1642.44,,
0,bench/30gib-3.bin,107,33554432,1617.44,,
0,bench/30gib-3.bin,108,33554432,1461.50,,
0,bench/30gib-3.bin,109,33554432,1013.26,,
0,bench/30gib-3.bin,110,33554432,1001.33,,
0,bench/30gib-3.bin,111,33554432,2196.29,,
0,bench/30gib-3.bin,112,33554432,1826.40,,
0,bench/30gib-3.bin,113,33554432,1235.32,,
0,bench/30gib-3.bin,114,33554432,1252.28,,
0,bench/30gib-3.bin,115,33554432,920.06,,
0,bench/30gib-3.bin,116,33554432,1796.08,,
0,bench/30gib-3.bin,117,33554432,1836.65,,
0,bench/30gib-3.bin,118,33554432,1064.66,,
0,bench/30gib-3.bin,119,33554432,1027.52,,
0,bench/30gib-3.bin,120,33554432,945.81,,
0,bench/30gib-3.bin,121,33554432,1118.07,,
0,bench/30gib-3.bin,122,33554432,1272.38,,
0,bench/30gib-3.bin,123,33554432,1271.99,,
0,bench/30gib-3.bin,124,33554432,1266.26,,
0,bench/30gib-3.bin,125,33554432,1211.50,,
0,bench/30gib-3.bin,126,33554432,1343.88,,
0,bench/30gib-3.bin,127,33554432,1400.73,,
0,bench/30gib-3.bin,128,33554432,1582.18,,
0,bench/30gib-3.bin,129,33554432,1127.53,,
0,bench/30gib-3.bin,130,33554432,2500.02,,
0,bench/30gib-3.bin,131,33554432,1912.25,,
0,bench/30gib-3.bin,132,33554432,1162.58,,
0,bench/30gib-3.bin,133,33554432,1325.72,,
0,bench/30gib-3.bin,134,33554432,1579.68,,
0,bench/30gib-3.bin,135,33554432,1759.91,,
0,bench/30gib-3.bin,136,33554432,1442.27,,
0,bench/30gib-3.bin,137,33554432,1338.52,,
0,bench/30gib-3.bin,138,33554432,1037.63,,
0,bench/30gib-3.bin,139,33554432,1095.64,,
0,bench/30gib-3.bin,140,33554432,916.56,,
0,bench/30gib-3.bin,141,33554432,883.91,,
0,bench/30gib-3.bin,142,33554432,776.28,,
0,bench/30gib-3.bin,143,33554432,1163.22,,
0,bench/30gib-3.bin,144,33554432,2448.91,,
0,bench/30gib-3.bin,145,33554432,1219.88,,
0,bench/30gib-3.bin,146,33554432,1354.55,,
0,bench/30gib-3.bin,147,33554432,2403.51,,
0,bench/30gib-3.bin,148,33554432,2091.66,,
0,bench/30gib-3.bin,149,33554432,964.06,,
0,bench/30gib-3.bin,150,33554432,937.13,,
0,bench/30gib-3.bin,151,33554432,807.21,,
0,bench/30gib-3.bin,152,33554432,1254.50,,
0,bench/30gib-3.bin,153,33554432,1067.99,,
0,bench/30gib-3.bin,154,33554432,728.49,,
0,bench/30gib-3.bin,155,33554432,2189.68,,
0,bench/30gib-3.bin,156,33554432,2199.85,,
0,bench/30gib-3.bin,157,33554432,878.78,,
0,bench/30gib-3.bin,158,33554432,1359.87,,
0,bench/30gib-3.bin,159,33554432,1781.00,,
0,bench/30gib-3.bin,160,33554432,913.48,,
0,bench/30gib-3.bin,161,33554432,2291.32,,
0,bench/30gib-3.bin,162,33554432,2140.21,,
0,bench/30gib-3.bin,163,33554432,1417.15,,
0,bench/30gib-3.bin,164,33554432,1165.08,,
0,bench/30gib-3.bin,165,33554432,1253.45,,
0,bench/30gib-3.bin,166,33554432,909.71,,
0,bench/30gib-3.bin,167,33554432,1165.07,,
0,bench/30gib-3.bin,168,33554432,1298.10,,
0,bench/30gib-3.bin,169,33554432,1070.30,,
0,bench/30gib-3.bin,170,33554432,1979.33,,
0,bench/30gib-3.bin,171,33554432,1389.23,,
0,bench/30gib-3.bin,172,33554432,833.64,,
0,bench/30gib-3.bin,173,33554432,1500.76,,
0,bench/30gib-3.bin,174,33554432,1207.57,,
0,bench/30gib-3.bin,175,33554432,1497.37,,
0,bench/30gib-3.bin,176,33554432,1271.80,,
0,bench/30gib-3.bin,177,33554432,1361.34,,
0,bench/30gib-3.bin,178,33554432,1257.97,,
0,bench/30gib-3.bin,179,33554432,1349.55,,
0,bench/30gib-3.bin,180,33554432,1068.00,,
0,bench/30gib-3.bin,181,33554432,1336.80,,
0,bench/30gib-3.bin,182,33554432,1165.43,,
0,bench/30gib-3.bin,183,33554432,1694.89,,
0,bench/30gib-3.bin,184,33554432,1164.72,,
0,bench/30gib-3.bin,185,33554432,1003.29,,
0,bench/30gib-3.bin,186,33554432,1353.67,,
0,bench/30gib-3.bin,187,33554432,1962.84,,
0,bench/30gib-3.bin,188,33554432,1028.99,,
0,bench/30gib-3.bin,189,33554432,999.13,,
0,bench/30gib-3.bin,190,33554432,2139.16,,
0,bench/30gib-3.bin,191,33554432,1790.77,,
0,bench/30gib-3.bin,192,33554432,1125.88,,
0,bench/30gib-3.bin,193,33554432,813.68,,
0,bench/30gib-3.bin,194,33554432,928.74,,
0,bench/30gib-3.bin,195,33554432,1072.15,,
0,bench/30gib-3.bin,196,33554432,1859.91,,
0,bench/30gib-3.bin,197,33554432,1795.88,,
0,bench/30gib-3.bin,198,33554432,1197.34,,
0,bench/30gib-3.bin,199,33554432,1433.69,,
0,bench/30gib-3.bin,200,33554432,1093.41,,
0,bench/30gib-3.bin,201,33554432,1365.13,,
0,bench/30gib-3.bin,202,33554432,2606.33,,
0,bench/30gib-3.bin,203,33554432,1313.81,,
0,bench/30gib-3.bin,204,33554432,1489.70,,
0,bench/30gib-3.bin,205,33554432,1237.54,,
0,bench/30gib-3.bin,206,33554432,1516.06,,
0,bench/30gib-3.bin,207,33554432,1300.41,,
0,bench/30gib-3.bin,208,33554432,1117.01,,
0,bench/30gib-3.bin,209,33554432,1397.39,,
0,bench/30gib-3.bin,210,33554432,1385.81,,
0,bench/30gib-3.bin,211,33554432,1405.03,,
0,bench/30gib-3.bin,212,33554432,1073.77,,
0,bench/30gib-3.bin,213,33554432,1345.82,,
0,bench/30gib-3.bin,214,33554432,1261.35,,
0,bench/30gib-3.bin,215,33554432,1397.49,,
0,bench/30gib-3.bin,216,33554432,1345.88,,
0,bench/30gib-3.bin,217,33554432,1793.02,,
0,bench/30gib-3.bin,218,33554432,1222.27,,
0,bench/30gib-3.bin,219,33554432,839.31,,
0,bench/30gib-3.bin,220,33554432,1017.49,,
0,bench/30gib-3.bin,221,33554432,1040.67,,
0,bench/30gib-3.bin,222,33554432,991.39,,
0,bench/30gib-3.bin,223,33554432,1188.76,,
0,bench/30gib-3.bin,224,33554432,1186.95,,
0,bench/30gib-3.bin,225,33554432,1035.88,,
0,bench/30gib-3.bin,226,33554432,1219.70,,
0,bench/30gib-3.bin,227,33554432,1489.48,,
0,bench/30gib-3.bin,228,33554432,1536.28,,
0,bench/30gib-3.bin,229,33554432,830.53,,
0,bench/30gib-3.bin,230,33554432,1630.85,,
0,bench/30gib-3.bin,231,33554432,888.63,,
0,bench/30gib-3.bin,232,33554432,1008.23,,
0,bench/30gib-3.bin,233,33554432,873.71,,
0,bench/30gib-3.bin,234,33554432,986.09,,
0,bench/30gib-3.bin,235,33554432,1182.61,,
0,bench/30gib-3.bin,236,33554432,1322.23,,
0,bench/30gib-3.bin,237,33554432,1294.80,,
0,bench/30gib-3.bin,238,33554432,1142.08,,
0,bench/30gib-3.bin,239,33554432,1408.07,,
0,bench/30gib-3.bin,240,33554432,1317.51,,
0,bench/30gib-3.bin,241,33554432,1006.43,,
0,bench/30gib-3.bin,242,33554432,969.98,,
0,bench/30gib-3.bin,243,33554432,974.05,,
0,bench/30gib-3.bin,244,33554432,1521.25,,
0,bench/30gib-3.bin,245,33554432,2085.63,,
0,bench/30gib-3.bin,246,33554432,920.08,,
0,bench/30gib-3.bin,247,33554432,1256.89,,
0,bench/30gib-3.bin,248,33554432,1191.09,,
0,bench/30gib-3.bin,249,33554432,1903.89,,
0,bench/30gib-3.bin,250,33554432,963.56,,
0,bench/30gib-3.bin,251,33554432,1192.96,,
0,bench/30gib-3.bin,252,33554432,1073.42,,
0,bench/30gib-3.bin,253,33554432,991.90,,
0,bench/30gib-3.bin,254,33554432,1090.74,,
0,bench/30gib-3.bin,255,33554432,1750.21,,
0,bench/30gib-3.bin,256,33554432,1233.73,,
0,bench/30gib-3.bin,257,33554432,1067.95,,
0,bench/30gib-3.bin,258,33554432,947.89,,
0,bench/30gib-3.bin,259,33554432,1396.15,,
0,bench/30gib-3.bin,260,33554432,1621.90,,
0,bench/30gib-3.bin,261,33554432,1248.70,,
0,bench/30gib-3.bin,262,33554432,1214.31,,
0,bench/30gib-3.bin,263,33554432,1234.32,,
0,bench/30gib-3.bin,264,33554432,1054.74,,
0,bench/30gib-3.bin,265,33554432,2531.50,,
0,bench/30gib-3.bin,266,33554432,2229.58,,
0,bench/30gib-3.bin,267,33554432,1182.05,,
0,bench/30gib-3.bin,268,33554432,848.49,,
0,bench/30gib-3.bin,269,33554432,2427.97,,
0,bench/30gib-3.bin,270,33554432,809.62,,
0,bench/30gib-3.bin,271,33554432,1089.19,,
0,bench/30gib-3.bin,272,33554432,957.00,,
0,bench/30gib-3.bin,273,33554432,2263.40,,
0,bench/30gib-3.bin,274,33554432,728.75,,
0,bench/30gib-3.bin,275,33554432,1086.06,,
0,bench/30gib-3.bin,276,33554432,1035.89,,
0,bench/30gib-3.bin,277,33554432,1401.00,,
0,bench/30gib-3.bin,278,33554432,1866.81,,
0,bench/30gib-3.bin,279,33554432,1404.27,,
0,bench/30gib-3.bin,280,33554432,1616.07,,
0,bench/30gib-3.bin,281,33554432,1130.42,,
0,bench/30gib-3.bin,282,33554432,1558.14,,
0,bench/30gib-3.bin,283,33554432,1300.75,,
0,bench/30gib-3.bin,284,33554432,1294.96,,
0,bench/30gib-3.bin,285,33554432,1061.01,,
0,bench/30gib-3.bin,286,33554432,2211.16,,
0,bench/30gib-3.bin,287,33554432,859.32,,
0,bench/30gib-3.bin,288,33554432,1340.77,,
0,bench/30gib-3.bin,289,33554432,1067.47,,
0,bench/30gib-3.bin,290,33554432,1234.94,,
0,bench/30gib-3.bin,291,33554432,674.77,,
0,bench/30gib-3.bin,292,33554432,1298.34,,
0,bench/30gib-3.bin,293,33554432,1399.58,,
0,bench/30gib-3.bin,294,33554432,1162.14,,
0,bench/30gib-3.bin,295,33554432,1553.50,,
0,bench/30gib-3.bin,296,33554432,1332.57,,
0,bench/30gib-3.bin,297,33554432,1702.73,,
0,bench/30gib-3.bin,298,33554432,2202.51,,
0,bench/30gib-3.bin,299,33554432,1451.36,,
0,bench/30gib-3.bin,300,33554432,1275.63,,
0,bench/30gib-3.bin,301,33554432,1149.19,,
0,bench/30gib-3.bin,302,33554432,1331.75,,
0,bench/30gib-3.bin,303,33554432,1357.04,,
0,bench/30gib-3.bin,304,33554432,1268.81,,
0,bench/30gib-3.bin,305,33554432,1430.00,,
0,bench/30gib-3.bin,306,33554432,1354.45,,
0,bench/30gib-3.bin,307,33554432,602.79,,
0,bench/30gib-3.bin,308,33554432,1680.58,,
0,bench/30gib-3.bin,309,33554432,1148.79,,
0,bench/30gib-3.bin,310,33554432,703.26,,
0,bench/30gib-3.bin,311,33554432,844.00,,
0,bench/30gib-3.bin,312,33554432,846.05,,
0,bench/30gib-3.bin,313,33554432,1425.91,,
0,bench/30gib-3.bin,314,33554432,1187.14,,
0,bench/30gib-3.bin,315,33554432,2309.05,,
0,bench/30gib-3.bin,316,33554432,1389.89,,
0,bench/30gib-3.bin,317,33554432,1913.79,,
0,bench/30gib-3.bin,318,33554432,759.23,,
0,bench/30gib-3.bin,319,33554432,1134.91,,
0,bench/30gib-3.bin,320,33554432,1285.32,,
0,bench/30gib-3.bin,321,33554432,1468.70,,
0,bench/30gib-3.bin,322,33554432,1469.21,,
0,bench/30gib-3.bin,323,33554432,1257.30,,
0,bench/30gib-3.bin,324,33554432,1130.88,,
0,bench/30gib-3.bin,325,33554432,3558.68,,
0,bench/30gib-3.bin,326,33554432,2276.74,,
0,bench/30gib-3.bin,327,33554432,1408.17,,
0,bench/30gib-3.bin,328,33554432,1403.46,,
0,bench/30gib-3.bin,329,33554432,1204.69,,
0,bench/30gib-3.bin,330,33554432,1173.09,,
0,bench/30gib-3.bin,331,33554432,1470.65,,
0,bench/30gib-3.bin,332,33554432,1336.44,,
0,bench/30gib-3.bin,333,33554432,1307.83,,
0,bench/30gib-3.bin,334,33554432,1299.27,,
0,bench/30gib-3.bin,335,33554432,1564.42,,
0,bench/30gib-3.bin,336,33554432,1082.69,,
0,bench/30gib-3.bin,337,33554432,1251.68,,
0,bench/30gib-3.bin,338,33554432,1452.40,,
0,bench/30gib-3.bin,339,33554432,1038.12,,
0,bench/30gib-3.bin,340,33554432,1232.02,,
0,bench/30gib-3.bin,341,33554432,1345.91,,
0,bench/30gib-3.bin,342,33554432,1151.60,,
0,bench/30gib-3.bin,343,33554432,1212.63,,
0,bench/30gib-3.bin,344,33554432,2558.40,,
0,bench/30gib-3.bin,345,33554432,911.11,,
0,bench/30gib-3.bin,346,33554432,1031.40,,
0,bench/30gib-3.bin,347,33554432,1151.22,,
0,bench/30gib-3.bin,348,33554432,1110.94,,
0,bench/30gib-3.bin,349,33554432,1156.73,,
0,bench/30gib-3.bin,350,33554432,2290.59,,
0,bench/30gib-3.bin,351,33554432,1313.59,,
0,bench/30gib-3.bin,352,33554432,1434.07,,
0,bench/30gib-3.bin,353,33554432,1313.26,,
0,bench/30gib-3.bin,354,33554432,1448.35,,
0,bench/30gib-3.bin,355,33554432,2306.66,,
0,bench/30gib-3.bin,356,33554432,945.07,,
0,bench/30gib-3.bin,357,33554432,1118.88,,
0,bench/30gib-3.bin,358,33554432,997.32,,
0,bench/30gib-3.bin,359,33554432,1116.64,,
0,bench/30gib-3.bin,360,33554432,1066.39,,
0,bench/30gib-3.bin,361,33554432,972.48,,
0,bench/30gib-3.bin,362,33554432,1432.74,,
0,bench/30gib-3.bin,363,33554432,852.71,,
0,bench/30gib-3.bin,364,33554432,1729.96,,
0,bench/30gib-3.bin,365,33554432,1334.16,,
0,bench/30gib-3.bin,366,33554432,1214.79,,
0,bench/30gib-3.bin,367,33554432,1258.94,,
0,bench/30gib-3.bin,368,33554432,964.29,,
0,bench/30gib-3.bin,369,33554432,1133.14,,
0,bench/30gib-3.bin,370,33554432,1312.40,,
0,bench/30gib-3.bin,371,33554432,1084.56,,
0,bench/30gib-3.bin,372,33554432,1296.18,,
0,bench/30gib-3.bin,373,33554432,2692.54,,
0,bench/30gib-3.bin,374,33554432,1241.69,,
0,bench/30gib-3.bin,375,33554432,1477.24,,
0,bench/30gib-3.bin,376,33554432,1205.23,,
0,bench/30gib-3.bin,377,33554432,1352.82,,
0,bench/30gib-3.bin,378,33554432,751.53,,
0,bench/30gib-3.bin,379,33554432,1190.83,,
0,bench/30gib-3.bin,380,33554432,1304.78,,
0,bench/30gib-3.bin,381,33554432,1152.75,,
0,bench/30gib-3.bin,382,33554432,1372.80,,
0,bench/30gib-3.bin,383,33554432,1300.70,,
0,bench/30gib-3.bin,384,33554432,1016.54,,
0,bench/30gib-3.bin,385,33554432,998.52,,
0,bench/30gib-3.bin,386,33554432,1097.66,,
0,bench/30gib-3.bin,387,33554432,1196.38,,
0,bench/30gib-3.bin,388,33554432,876.47,,
0,bench/30gib-3.bin,389,33554432,1752.59,,
0,bench/30gib-3.bin,390,33554432,1826.56,,
0,bench/30gib-3.bin,391,33554432,1026.84,,
0,bench/30gib-3.bin,392,33554432,1088.48,,
0,bench/30gib-3.bin,393,33554432,980.93,,
0,bench/30gib-3.bin,394,33554432,1117.54,,
0,bench/30gib-3.bin,395,33554432,560.18,,
0,bench/30gib-3.bin,396,33554432,777.00,,
0,bench/30gib-3.bin,397,33554432,627.63,,
0,bench/30gib-3.bin,398,33554432,695.24,,
0,bench/30gib-3.bin,399,33554432,802.40,,
0,bench/30gib-3.bin,400,33554432,812.91,,
0,bench/30gib-3.bin,401,33554432,1091.22,,
0,bench/30gib-3.bin,402,33554432,725.40,,
0,bench/30gib-3.bin,403,33554432,1041.05,,
0,bench/30gib-3.bin,404,33554432,875.17,,
0,bench/30gib-3.bin,405,33554432,597.27,,
0,bench/30gib-3.bin,406,33554432,719.21,,
0,bench/30gib-3.bin,407,33554432,1537.91,,
0,bench/30gib-3.bin,408,33554432,863.99,,
0,bench/30gib-3.bin,409,33554432,733.50,,
0,bench/30gib-3.bin,410,33554432,908.60,,
0,bench/30gib-3.bin,411,33554432,676.20,,
0,bench/30gib-3.bin,412,33554432,656.60,,
0,bench/30gib-3.bin,413,33554432,1226.16,,
0,bench/30gib-3.bin,414,33554432,696.45,,
0,bench/30gib-3.bin,415,33554432,713.37,,
0,bench/30gib-3.bin,416,33554432,623.11,,
0,bench/30gib-3.bin,417,33554432,558.84,,
0,bench/30gib-3.bin,418,33554432,561.82,,
0,bench/30gib-3.bin,419,33554432,997.72,,
0,bench/30gib-3.bin,420,33554432,767.66,,
0,bench/30gib-3.bin,421,33554432,1159.07,,
0,bench/30gib-3.bin,422,33554432,805.55,,
0,bench/30gib-3.bin,423,33554432,666.71,,
0,bench/30gib-3.bin,424,33554432,729.79,,
0,bench/30gib-3.bin,425,33554432,623.48,,
0,bench/30gib-3.bin,426,33554432,554.17,,
0,bench/30gib-3.bin,427,33554432,635.36,,
0,bench/30gib-3.bin,428,33554432,582.38,,
0,bench/30gib-3.bin,429,33554432,1004.46,,
0,bench/30gib-3.bin,430,33554432,510.35,,
0,bench/30gib-3.bin,431,33554432,631.13,,
0,bench/30gib-3.bin,432,33554432,1014.64,,
0,bench/30gib-3.bin,433,33554432,699.13,,
0,bench/30gib-3.bin,434,33554432,908.79,,
0,bench/30gib-3.bin,435,33554432,506.65,,
0,bench/30gib-3.bin,436,33554432,529.96,,
0,bench/30gib-3.bin,437,33554432,907.40,,
0,bench/30gib-3.bin,438,33554432,708.34,,
0,bench/30gib-3.bin,439,33554432,751.55,,
0,bench/30gib-3.bin,440,33554432,652.93,,
0,bench/30gib-3.bin,441,33554432,705.36,,
0,bench/30gib-3.bin,442,33554432,594.28,,
0,bench/30gib-3.bin,443,33554432,615.18,,
0,bench/30gib-3.bin,444,33554432,539.97,,
0,bench/30gib-3.bin,445,33554432,586.38,,
0,bench/30gib-3.bin,446,33554432,557.34,,
0,bench/30gib-3.bin,447,33554432,445.35,,
0,bench/30gib-3.bin,448,33554432,643.37,,
0,bench/30gib-3.bin,449,33554432,618.93,,
0,bench/30gib-3.bin,450,33554432,641.93,,
0,bench/30gib-3.bin,451,33554432,527.50,,
0,bench/30gib-3.bin,452,33554432,432.59,,
0,bench/30gib-3.bin,453,33554432,796.72,,
0,bench/30gib-3.bin,454,33554432,909.43,,
0,bench/30gib-3.bin,455,33554432,686.96,,
0,bench/30gib-3.bin,456,33554432,708.37,,
0,bench/30gib-3.bin,457,33554432,772.43,,
0,bench/30gib-3.bin,458,33554432,1015.75,,
0,bench/30gib-3.bin,459,33554432,434.27,,
0,bench/30gib-3.bin,460,33554432,390.62,,
0,bench/30gib-3.bin,461,33554432,923.44,,
0,bench/30gib-3.bin,462,33554432,603.98,,
0,bench/30gib-3.bin,463,33554432,768.82,,
0,bench/30gib-3.bin,464,33554432,870.89,,
0,bench/30gib-3.bin,465,33554432,416.63,,
0,bench/30gib-3.bin,466,33554432,741.77,,
0,bench/30gib-3.bin,467,33554432,933.38,,
0,bench/30gib-3.bin,468,33554432,795.67,,
0,bench/30gib-3.bin,469,33554432,573.93,,
0,bench/30gib-3.bin,470,33554432,455.26,,
0,bench/30gib-3.bin,471,33554432,538.93,,
0,bench/30gib-3.bin,472,33554432,584.42,,
0,bench/30gib-3.bin,473,33554432,446.32,,
0,bench/30gib-3.bin,474,33554432,733.20,,
0,bench/30gib-3.bin,475,33554432,1053.14,,
0,bench/30gib-3.bin,476,33554432,849.74,,
0,bench/30gib-3.bin,477,33554432,907.55,,
0,bench/30gib-3.bin,478,33554432,652.08,,
0,bench/30gib-3.bin,479,33554432,591.15,,
0,bench/30gib-3.bin,480,33554432,849.59,,
0,bench/30gib-3.bin,481,33554432,635.19,,
0,bench/30gib-3.bin,482,33554432,656.61,,
0,bench/30gib-3.bin,483,33554432,713.62,,
0,bench/30gib-3.bin,484,33554432,605.15,,
0,bench/30gib-3.bin,485,33554432,562.25,,
0,bench/30gib-3.bin,486,33554432,520.87,,
0,bench/30gib-3.bin,487,33554432,716.17,,
0,bench/30gib-3.bin,488,33554432,1190.95,,
0,bench/30gib-3.bin,489,33554432,510.73,,
0,bench/30gib-3.bin,490,33554432,368.54,,
0,bench/30gib-3.bin,491,33554432,616.11,,
0,bench/30gib-3.bin,492,33554432,701.48,,
0,bench/30gib-3.bin,493,33554432,626.50,,
0,bench/30gib-3.bin,494,33554432,1083.58,,
0,bench/30gib-3.bin,495,33554432,862.35,,
0,bench/30gib-3.bin,496,33554432,748.23,,
0,bench/30gib-3.bin,497,33554432,598.93,,
0,bench/30gib-3.bin,498,33554432,521.25,,
0,bench/30gib-3.bin,499,33554432,1004.95,,
0,bench/30gib-3.bin,500,33554432,698.38,,
0,bench/30gib-3.bin,501,33554432,547.39,,
0,bench/30gib-3.bin,502,33554432,948.03,,
0,bench/30gib-3.bin,503,33554432,851.18,,
0,bench/30gib-3.bin,504,33554432,645.84,,
0,bench/30gib-3.bin,505,33554432,897.31,,
0,bench/30gib-3.bin,506,33554432,1188.70,,
0,bench/30gib-3.bin,507,33554432,803.97,,
0,bench/30gib-3.bin,508,33554432,825.76,,
0,bench/30gib-3.bin,509,33554432,742.38,,
0,bench/30gib-3.bin,510,33554432,816.52,,
0,bench/30gib-3.bin,511,33554432,580.00,,
0,bench/30gib-3.bin,512,33554432,646.63,,
0,bench/30gib-3.bin,513,33554432,459.67,,
0,bench/30gib-3.bin,514,33554432,685.83,,
0,bench/30gib-3.bin,515,33554432,947.46,,
0,bench/30gib-3.bin,516,33554432,471.47,,
0,bench/30gib-3.bin,517,33554432,892.17,,
0,bench/30gib-3.bin,518,33554432,609.71,,
0,bench/30gib-3.bin,519,33554432,634.51,,
0,bench/30gib-3.bin,520,33554432,970.75,,
0,bench/30gib-3.bin,521,33554432,484.38,,
0,bench/30gib-3.bin,522,33554432,586.02,,
0,bench/30gib-3.bin,523,33554432,708.06,,
0,bench/30gib-3.bin,524,33554432,621.91,,
0,bench/30gib-3.bin,525,33554432,427.61,,
0,bench/30gib-3.bin,526,33554432,944.45,,
0,bench/30gib-3.bin,527,33554432,928.50,,
0,bench/30gib-3.bin,528,33554432,550.97,,
0,bench/30gib-3.bin,529,33554432,576.68,,
0,bench/30gib-3.bin,530,33554432,931.04,,
0,bench/30gib-3.bin,531,33554432,731.72,,
0,bench/30gib-3.bin,532,33554432,395.46,,
0,bench/30gib-3.bin,533,33554432,612.05,,
0,bench/30gib-3.bin,534,33554432,1057.59,,
0,bench/30gib-3.bin,535,33554432,899.67,,
0,bench/30gib-3.bin,536,33554432,473.99,,
0,bench/30gib-3.bin,537,33554432,672.13,,
0,bench/30gib-3.bin,538,33554432,838.36,,
0,bench/30gib-3.bin,539,33554432,813.12,,
0,bench/30gib-3.bin,540,33554432,816.03,,
0,bench/30gib-3.bin,541,33554432,1014.47,,
0,bench/30gib-3.bin,542,33554432,487.08,,
0,bench/30gib-3.bin,543,33554432,516.61,,
0,bench/30gib-3.bin,544,33554432,619.25,,
0,bench/30gib-3.bin,545,33554432,1599.33,,
0,bench/30gib-3.bin,546,33554432,627.32,,
0,bench/30gib-3.bin,547,33554432,536.71,,
0,bench/30gib-3.bin,548,33554432,935.56,,
0,bench/30gib-3.bin,549,33554432,642.06,,
0,bench/30gib-3.bin,550,33554432,617.78,,
0,bench/30gib-3.bin,551,33554432,583.69,,
0,bench/30gib-3.bin,552,33554432,387.36,,
0,bench/30gib-3.bin,553,33554432,357.50,,
0,bench/30gib-3.bin,554,33554432,618.51,,
0,bench/30gib-3.bin,555,33554432,928.81,,
0,bench/30gib-3.bin,556,33554432,700.78,,
0,bench/30gib-3.bin,557,33554432,573.47,,
0,bench/30gib-3.bin,558,33554432,813.72,,
0,bench/30gib-3.bin,559,33554432,520.45,,
0,bench/30gib-3.bin,560,33554432,590.29,,
0,bench/30gib-3.bin,561,33554432,725.21,,
0,bench/30gib-3.bin,562,33554432,487.77,,
0,bench/30gib-3.bin,563,33554432,699.57,,
0,bench/30gib-3.bin,564,33554432,823.08,,
0,bench/30gib-3.bin,565,33554432,460.96,,
0,bench/30gib-3.bin,566,33554432,787.22,,
0,bench/30gib-3.bin,567,33554432,1074.61,,
0,bench/30gib-3.bin,568,33554432,411.93,,
0,bench/30gib-3.bin,569,33554432,894.99,,
0,bench/30gib-3.bin,570,33554432,859.04,,
0,bench/30gib-3.bin,571,33554432,762.16,,
0,bench/30gib-3.bin,572,33554432,837.45,,
0,bench/30gib-3.bin,573,33554432,645.46,,
0,bench/30gib-3.bin,574,33554432,756.59,,
0,bench/30gib-3.bin,575,33554432,513.31,,
0,bench/30gib-3.bin,576,33554432,637.15,,
0,bench/30gib-3.bin,577,33554432,600.06,,
0,bench/30gib-3.bin,578,33554432,1154.45,,
0,bench/30gib-3.bin,579,33554432,368.75,,
0,bench/30gib-3.bin,580,33554432,522.78,,
0,bench/30gib-3.bin,581,33554432,621.14,,
0,bench/30gib-3.bin,582,33554432,1041.83,,
0,bench/30gib-3.bin,583,33554432,587.25,,
0,bench/30gib-3.bin,584,33554432,632.71,,
0,bench/30gib-3.bin,585,33554432,714.43,,
0,bench/30gib-3.bin,586,33554432,705.46,,
0,bench/30gib-3.bin,587,33554432,819.52,,
0,bench/30gib-3.bin,588,33554432,839.60,,
0,bench/30gib-3.bin,589,33554432,513.18,,
0,bench/30gib-3.bin,590,33554432,709.99,,
0,bench/30gib-3.bin,591,33554432,521.45,,
0,bench/30gib-3.bin,592,33554432,469.92,,
0,bench/30gib-3.bin,593,33554432,520.37,,
0,bench/30gib-3.bin,594,33554432,1020.08,,
0,bench/30gib-3.bin,595,33554432,937.45,,
0,bench/30gib-3.bin,596,33554432,907.86,,
0,bench/30gib-3.bin,597,33554432,613.49,,
0,bench/30gib-3.bin,598,33554432,532.77,,
0,bench/30gib-3.bin,599,33554432,667.15,,
0,bench/30gib-3.bin,600,33554432,385.14,,
0,bench/30gib-3.bin,601,33554432,361.47,,
0,bench/30gib-3.bin,602,33554432,585.64,,
0,bench/30gib-3.bin,603,33554432,1163.84,,
0,bench/30gib-3.bin,604,33554432,388.04,,
0,bench/30gib-3.bin,605,33554432,479.12,,
0,bench/30gib-3.bin,606,33554432,558.67,,
0,bench/30gib-3.bin,607,33554432,696.59,,
0,bench/30gib-3.bin,608,33554432,458.23,,
0,bench/30gib-3.bin,609,33554432,493.17,,
0,bench/30gib-3.bin,610,33554432,969.80,,
0,bench/30gib-3.bin,611,33554432,718.12,,
0,bench/30gib-3.bin,612,33554432,646.43,,
0,bench/30gib-3.bin,613,33554432,881.56,,
0,bench/30gib-3.bin,614,33554432,964.04,,
0,bench/30gib-3.bin,615,33554432,433.02,,
0,bench/30gib-3.bin,616,33554432,637.62,,
0,bench/30gib-3.bin,617,33554432,605.06,,
0,bench/30gib-3.bin,618,33554432,553.75,,
0,bench/30gib-3.bin,619,33554432,514.57,,
0,bench/30gib-3.bin,620,33554432,722.69,,
0,bench/30gib-3.bin,621,33554432,1132.42,,
0,bench/30gib-3.bin,622,33554432,543.99,,
0,bench/30gib-3.bin,623,33554432,656.92,,
0,bench/30gib-3.bin,624,33554432,680.65,,
0,bench/30gib-3.bin,625,33554432,545.34,,
0,bench/30gib-3.bin,626,33554432,612.92,,
0,bench/30gib-3.bin,627,33554432,515.81,,
0,bench/30gib-3.bin,628,33554432,653.82,,
0,bench/30gib-3.bin,629,33554432,773.42,,
0,bench/30gib-3.bin,630,33554432,573.36,,
0,bench/30gib-3.bin,631,33554432,639.97,,
0,bench/30gib-3.bin,632,33554432,463.57,,
0,bench/30gib-3.bin,633,33554432,554.04,,
0,bench/30gib-3.bin,634,33554432,583.18,,
0,bench/30gib-3.bin,635,33554432,576.79,,
0,bench/30gib-3.bin,636,33554432,720.15,,
0,bench/30gib-3.bin,637,33554432,521.60,,
0,bench/30gib-3.bin,638,33554432,743.07,,
0,bench/30gib-3.bin,639,33554432,666.48,,
0,bench/30gib-3.bin,640,33554432,494.16,,
0,bench/30gib-3.bin,641,33554432,652.08,,
0,bench/30gib-3.bin,642,33554432,1116.49,,
0,bench/30gib-3.bin,643,33554432,757.78,,
0,bench/30gib-3.bin,644,33554432,704.09,,
0,bench/30gib-3.bin,645,33554432,615.68,,
0,bench/30gib-3.bin,646,33554432,790.58,,
0,bench/30gib-3.bin,647,33554432,562.62,,
0,bench/30gib-3.bin,648,33554432,571.34,,
0,bench/30gib-3.bin,649,33554432,647.77,,
0,bench/30gib-3.bin,650,33554432,513.28,,
0,bench/30gib-3.bin,651,33554432,480.71,,
0,bench/30gib-3.bin,652,33554432,702.93,,
0,bench/30gib-3.bin,653,33554432,809.13,,
0,bench/30gib-3.bin,654,33554432,510.58,,
0,bench/30gib-3.bin,655,33554432,590.58,,
0,bench/30gib-3.bin,656,33554432,380.54,,
0,bench/30gib-3.bin,657,33554432,734.94,,
0,bench/30gib-3.bin,658,33554432,618.34,,
0,bench/30gib-3.bin,659,33554432,967.33,,
0,bench/30gib-3.bin,660,33554432,586.55,,
0,bench/30gib-3.bin,661,33554432,819.43,,
0,bench/30gib-3.bin,662,33554432,1042.22,,
0,bench/30gib-3.bin,663,33554432,1166.17,,
0,bench/30gib-3.bin,664,33554432,684.71,,
0,bench/30gib-3.bin,665,33554432,686.77,,
0,bench/30gib-3.bin,666,33554432,1405.63,,
0,bench/30gib-3.bin,667,33554432,702.06,,
0,bench/30gib-3.bin,668,33554432,573.82,,
0,bench/30gib-3.bin,669,33554432,539.44,,
0,bench/30gib-3.bin,670,33554432,737.95,,
0,bench/30gib-3.bin,671,33554432,686.96,,
0,bench/30gib-3.bin,672,33554432,934.97,,
0,bench/30gib-3.bin,673,33554432,642.28,,
0,bench/30gib-3.bin,674,33554432,563.79,,
0,bench/30gib-3.bin,675,33554432,413.37,,
0,bench/30gib-3.bin,676,33554432,351.88,,
0,bench/30gib-3.bin,677,33554432,519.44,,
0,bench/30gib-3.bin,678,33554432,587.89,,
0,bench/30gib-3.bin,679,33554432,476.67,,
0,bench/30gib-3.bin,680,33554432,859.29,,
0,bench/30gib-3.bin,681,33554432,1128.91,,
0,bench/30gib-3.bin,682,33554432,918.37,,
0,bench/30gib-3.bin,683,33554432,889.00,,
0,bench/30gib-3.bin,684,33554432,764.98,,
0,bench/30gib-3.bin,685,33554432,341.69,,
0,bench/30gib-3.bin,686,33554432,473.37,,
0,bench/30gib-3.bin,687,33554432,594.06,,
0,bench/30gib-3.bin,688,33554432,531.09,,
0,bench/30gib-3.bin,689,33554432,686.08,,
0,bench/30gib-3.bin,690,33554432,725.95,,
0,bench/30gib-3.bin,691,33554432,526.41,,
0,bench/30gib-3.bin,692,33554432,554.21,,
0,bench/30gib-3.bin,693,33554432,741.46,,
0,bench/30gib-3.bin,694,33554432,605.46,,
0,bench/30gib-3.bin,695,33554432,1038.99,,
0,bench/30gib-3.bin,696,33554432,689.64,,
0,bench/30gib-3.bin,697,33554432,998.59,,
0,bench/30gib-3.bin,698,33554432,761.17,,
0,bench/30gib-3.bin,699,33554432,593.08,,
0,bench/30gib-3.bin,700,33554432,399.14,,
0,bench/30gib-3.bin,701,33554432,1220.76,,
0,bench/30gib-3.bin,702,33554432,518.83,,
0,bench/30gib-3.bin,703,33554432,854.48,,
0,bench/30gib-3.bin,704,33554432,1118.30,,
0,bench/30gib-3.bin,705,33554432,615.12,,
0,bench/30gib-3.bin,706,33554432,949.90,,
0,bench/30gib-3.bin,707,33554432,733.05,,
0,bench/30gib-3.bin,708,33554432,768.66,,
0,bench/30gib-3.bin,709,33554432,363.10,,
0,bench/30gib-3.bin,710,33554432,459.53,,
0,bench/30gib-3.bin,711,33554432,796.16,,
0,bench/30gib-3.bin,712,33554432,615.24,,
0,bench/30gib-3.bin,713,33554432,624.32,,
0,bench/30gib-3.bin,714,33554432,559.85,,
0,bench/30gib-3.bin,715,33554432,381.07,,
0,bench/30gib-3.bin,716,33554432,393.27,,
0,bench/30gib-3.bin,717,33554432,638.30,,
0,bench/30gib-3.bin,718,33554432,657.80,,
0,bench/30gib-3.bin,719,33554432,514.77,,
0,bench/30gib-3.bin,720,33554432,658.81,,
0,bench/30gib-3.bin,721,33554432,924.46,,
0,bench/30gib-3.bin,722,33554432,542.91,,
0,bench/30gib-3.bin,723,33554432,1090.04,,
0,bench/30gib-3.bin,724,33554432,488.16,,
0,bench/30gib-3.bin,725,33554432,871.41,,
0,bench/30gib-3.bin,726,33554432,875.36,,
0,bench/30gib-3.bin,727,33554432,983.05,,
0,bench/30gib-3.bin,728,33554432,602.24,,
0,bench/30gib-3.bin,729,33554432,1015.59,,
0,bench/30gib-3.bin,730,33554432,880.55,,
0,bench/30gib-3.bin,731,33554432,842.99,,
0,bench/30gib-3.bin,732,33554432,675.61,,
0,bench/30gib-3.bin,733,33554432,797.05,,
0,bench/30gib-3.bin,734,33554432,763.74,,
0,bench/30gib-3.bin,735,33554432,852.56,,
0,bench/30gib-3.bin,736,33554432,1005.22,,
0,bench/30gib-3.bin,737,33554432,602.66,,
0,bench/30gib-3.bin,738,33554432,782.39,,
0,bench/30gib-3.bin,739,33554432,864.31,,
0,bench/30gib-3.bin,740,33554432,631.04,,
0,bench/30gib-3.bin,741,33554432,589.26,,
0,bench/30gib-3.bin,742,33554432,572.07,,
0,bench/30gib-3.bin,743,33554432,1317.57,,
0,bench/30gib-3.bin,744,33554432,446.24,,
0,bench/30gib-3.bin,745,33554432,1120.36,,
0,bench/30gib-3.bin,746,33554432,1018.89,,
0,bench/30gib-3.bin,747,33554432,953.69,,
0,bench/30gib-3.bin,748,33554432,1007.29,,
0,bench/30gib-3.bin,749,33554432,691.78,,
0,bench/30gib-3.bin,750,33554432,825.62,,
0,bench/30gib-3.bin,751,33554432,1018.55,,
0,bench/30gib-3.bin,752,33554432,621.32,,
0,bench/30gib-3.bin,753,33554432,555.18,,
0,bench/30gib-3.bin,754,33554432,442.36,,
0,bench/30gib-3.bin,755,33554432,805.60,,
0,bench/30gib-3.bin,756,33554432,848.57,,
0,bench/30gib-3.bin,757,33554432,936.22,,
0,bench/30gib-3.bin,758,33554432,579.23,,
0,bench/30gib-3.bin,759,33554432,984.22,,
0,bench/30gib-3.bin,760,33554432,813.49,,
0,bench/30gib-3.bin,761,33554432,828.30,,
0,bench/30gib-3.bin,762,33554432,835.62,,
0,bench/30gib-3.bin,763,33554432,557.03,,
0,bench/30gib-3.bin,764,33554432,408.63,,
0,bench/30gib-3.bin,765,33554432,804.70,,
0,bench/30gib-3.bin,766,33554432,543.01,,
0,bench/30gib-3.bin,767,33554432,579.40,,
0,bench/30gib-3.bin,768,33554432,675.99,,
0,bench/30gib-3.bin,769,33554432,725.66,,
0,bench/30gib-3.bin,770,33554432,452.24,,
0,bench/30gib-3.bin,771,33554432,874.86,,
0,bench/30gib-3.bin,772,33554432,640.78,,
0,bench/30gib-3.bin,773,33554432,854.52,,
0,bench/30gib-3.bin,774,33554432,645.68,,
0,bench/30gib-3.bin,775,33554432,678.26,,
0,bench/30gib-3.bin,776,33554432,1202.86,,
0,bench/30gib-3.bin,777,33554432,669.26,,
0,bench/30gib-3.bin,778,33554432,417.66,,
0,bench/30gib-3.bin,779,33554432,427.49,,
0,bench/30gib-3.bin,780,33554432,1160.88,,
0,bench/30gib-3.bin,781,33554432,459.62,,
0,bench/30gib-3.bin,782,33554432,561.78,,
0,bench/30gib-3.bin,783,33554432,474.86,,
0,bench/30gib-3.bin,784,33554432,702.40,,
0,bench/30gib-3.bin,785,33554432,1101.16,,
0,bench/30gib-3.bin,786,33554432,1255.48,,
0,bench/30gib-3.bin,787,33554432,1046.79,,
0,bench/30gib-3.bin,788,33554432,631.79,,
0,bench/30gib-3.bin,789,33554432,897.97,,
0,bench/30gib-3.bin,790,33554432,640.92,,
0,bench/30gib-3.bin,791,33554432,574.70,,
0,bench/30gib-3.bin,792,33554432,1133.97,,
0,bench/30gib-3.bin,793,33554432,714.83,,
0,bench/30gib-3.bin,794,33554432,987.14,,
0,bench/30gib-3.bin,795,33554432,954.85,,
0,bench/30gib-3.bin,796,33554432,1043.83,,
0,bench/30gib-3.bin,797,33554432,1027.31,,
0,bench/30gib-3.bin,798,33554432,909.08,,
0,bench/30gib-3.bin,799,33554432,457.17,,
0,bench/30gib-3.bin,800,33554432,712.04,,
0,bench/30gib-3.bin,801,33554432,800.89,,
0,bench/30gib-3.bin,802,33554432,951.45,,
0,bench/30gib-3.bin,803,33554432,608.15,,
0,bench/30gib-3.bin,804,33554432,1040.89,,
0,bench/30gib-3.bin,805,33554432,921.03,,
0,bench/30gib-3.bin,806,33554432,604.09,,
0,bench/30gib-3.bin,807,33554432,682.98,,
0,bench/30gib-3.bin,808,33554432,530.70,,
0,bench/30gib-3.bin,809,33554432,465.80,,
0,bench/30gib-3.bin,810,33554432,631.44,,
0,bench/30gib-3.bin,811,33554432,497.91,,
0,bench/30gib-3.bin,812,33554432,1228.72,,
0,bench/30gib-3.bin,813,33554432,470.72,,
0,bench/30gib-3.bin,814,33554432,776.37,,
0,bench/30gib-3.bin,815,33554432,1130.35,,
0,bench/30gib-3.bin,816,33554432,987.89,,
0,bench/30gib-3.bin,817,33554432,485.79,,
0,bench/30gib-3.bin,818,33554432,470.54,,
0,bench/30gib-3.bin,819,33554432,843.11,,
0,bench/30gib-3.bin,820,33554432,785.49,,
0,bench/30gib-3.bin,821,33554432,1028.98,,
0,bench/30gib-3.bin,822,33554432,586.86,,
0,bench/30gib-3.bin,823,33554432,611.29,,
0,bench/30gib-3.bin,824,33554432,647.79,,
0,bench/30gib-3.bin,825,33554432,1374.06,,
0,bench/30gib-3.bin,826,33554432,874.13,,
0,bench/30gib-3.bin,827,33554432,449.19,,
0,bench/30gib-3.bin,828,33554432,913.63,,
0,bench/30gib-3.bin,829,33554432,470.06,,
0,bench/30gib-3.bin,830,33554432,831.41,,
0,bench/30gib-3.bin,831,33554432,586.48,,
0,bench/30gib-3.bin,832,33554432,718.43,,
0,bench/30gib-3.bin,833,33554432,876.10,,
0,bench/30gib-3.bin,834,33554432,541.78,,
0,bench/30gib-3.bin,835,33554432,757.09,,
0,bench/30gib-3.bin,836,33554432,622.61,,
0,bench/30gib-3.bin,837,33554432,626.73,,
0,bench/30gib-3.bin,838,33554432,518.72,,
0,bench/30gib-3.bin,839,33554432,1239.72,,
0,bench/30gib-3.bin,840,33554432,492.42,,
0,bench/30gib-3.bin,841,33554432,396.50,,
0,bench/30gib-3.bin,842,33554432,651.07,,
0,bench/30gib-3.bin,843,33554432,953.53,,
0,bench/30gib-3.bin,844,33554432,594.15,,
0,bench/30gib-3.bin,845,33554432,1173.83,,
0,bench/30gib-3.bin,846,33554432,916.46,,
0,bench/30gib-3.bin,847,33554432,1077.28,,
0,bench/30gib-3.bin,848,33554432,495.10,,
0,bench/30gib-3.bin,849,33554432,961.17,,
0,bench/30gib-3.bin,850,33554432,644.67,,
0,bench/30gib-3.bin,851,33554432,480.12,,
0,bench/30gib-3.bin,852,33554432,404.71,,
0,bench/30gib-3.bin,853,33554432,692.04,,
0,bench/30gib-3.bin,854,33554432,622.39,,
0,bench/30gib-3.bin,855,33554432,765.18,,
0,bench/30gib-3.bin,856,33554432,483.77,,
0,bench/30gib-3.bin,857,33554432,376.26,,
0,bench/30gib-3.bin,858,33554432,533.44,,
0,bench/30gib-3.bin,859,33554432,374.60,,
0,bench/30gib-3.bin,860,33554432,1084.23,,
0,bench/30gib-3.bin,861,33554432,728.91,,
0,bench/30gib-3.bin,862,33554432,1117.69,,
0,bench/30gib-3.bin,863,33554432,672.11,,
0,bench/30gib-3.bin,864,33554432,1194.74,,
0,bench/30gib-3.bin,865,33554432,542.72,,
0,bench/30gib-3.bin,866,33554432,816.75,,
0,bench/30gib-3.bin,867,33554432,428.03,,
0,bench/30gib-3.bin,868,33554432,545.80,,
0,bench/30gib-3.bin,869,33554432,462.65,,
0,bench/30gib-3.bin,870,33554432,510.46,,
0,bench/30gib-3.bin,871,33554432,557.65,,
0,bench/30gib-3.bin,872,33554432,658.30,,
0,bench/30gib-3.bin,873,33554432,611.00,,
0,bench/30gib-3.bin,874,33554432,911.04,,
0,bench/30gib-3.bin,875,33554432,639.96,,
0,bench/30gib-3.bin,876,33554432,1227.51,,
0,bench/30gib-3.bin,877,33554432,996.16,,
0,bench/30gib-3.bin,878,33554432,1031.22,,
0,bench/30gib-3.bin,879,33554432,1036.46,,
0,bench/30gib-3.bin,880,33554432,463.85,,
0,bench/30gib-3.bin,881,33554432,534.02,,
0,bench/30gib-3.bin,882,33554432,540.59,,
0,bench/30gib-3.bin,883,33554432,945.29,,
0,bench/30gib-3.bin,884,33554432,1122.58,,
0,bench/30gib-3.bin,885,33554432,580.68,,
0,bench/30gib-3.bin,886,33554432,716.56,,
0,bench/30gib-3.bin,887,33554432,830.68,,
0,bench/30gib-3.bin,888,33554432,544.13,,
0,bench/30gib-3.bin,889,33554432,929.32,,
0,bench/30gib-3.bin,890,33554432,634.94,,
0,bench/30gib-3.bin,891,33554432,732.84,,
0,bench/30gib-3.bin,892,33554432,482.25,,
0,bench/30gib-3.bin,893,33554432,529.22,,
0,bench/30gib-3.bin,894,33554432,668.08,,
0,bench/30gib-3.bin,895,33554432,375.61,,
0,bench/30gib-3.bin,896,33554432,932.40,,
0,bench/30gib-3.bin,897,33554432,474.13,,
0,bench/30gib-3.bin,898,33554432,619.35,,
0,bench/30gib-3.bin,899,33554432,568.14,,
0,bench/30gib-3.bin,900,33554432,548.08,,
0,bench/30gib-3.bin,901,33554432,1013.30,,
0,bench/30gib-3.bin,902,33554432,575.75,,
0,bench/30gib-3.bin,903,33554432,944.00,,
0,bench/30gib-3.bin,904,33554432,480.98,,
0,bench/30gib-3.bin,905,33554432,989.82,,
0,bench/30gib-3.bin,906,33554432,514.58,,
0,bench/30gib-3.bin,907,33554432,503.29,,
0,bench/30gib-3.bin,908,33554432,935.52,,
0,bench/30gib-3.bin,909,33554432,736.53,,
0,bench/30gib-3.bin,910,33554432,598.27,,
0,bench/30gib-3.bin,911,33554432,677.25,,
0,bench/30gib-3.bin,912,33554432,696.96,,
0,bench/30gib-3.bin,913,33554432,714.98,,
0,bench/30gib-3.bin,914,33554432,768.90,,
0,bench/30gib-3.bin,915,33554432,404.50,,
0,bench/30gib-3.bin,916,33554432,528.11,,
0,bench/30gib-3.bin,917,33554432,1139.33,,
0,bench/30gib-3.bin,918,33554432,954.36,,
0,bench/30gib-3.bin,919,33554432,2185.69,,
0,bench/30gib-3.bin,920,33554432,722.36,,
0,bench/30gib-3.bin,921,33554432,463.32,,
0,bench/30gib-3.bin,922,33554432,496.30,,
0,bench/30gib-3.bin,923,33554432,632.57,,
0,bench/30gib-3.bin,924,33554432,822.43,,
0,bench/30gib-3.bin,925,33554432,791.92,,
0,bench/30gib-3.bin,926,33554432,749.72,,
0,bench/30gib-3.bin,927,33554432,617.54,,
0,bench/30gib-3.bin,928,33554432,637.87,,
0,bench/30gib-3.bin,929,33554432,867.06,,
0,bench/30gib-3.bin,930,33554432,552.20,,
0,bench/30gib-3.bin,931,33554432,1110.38,,
0,bench/30gib-3.bin,932,33554432,703.54,,
0,bench/30gib-3.bin,933,33554432,1591.67,,
0,bench/30gib-3.bin,934,33554432,634.84,,
0,bench/30gib-3.bin,935,33554432,634.92,,
0,bench/30gib-3.bin,936,33554432,849.85,,
0,bench/30gib-3.bin,937,33554432,557.38,,
0,bench/30gib-3.bin,938,33554432,895.03,,
0,bench/30gib-3.bin,939,33554432,344.15,,
0,bench/30gib-3.bin,940,33554432,717.92,,
0,bench/30gib-3.bin,941,33554432,550.12,,
0,bench/30gib-3.bin,942,33554432,1195.60,,
0,bench/30gib-3.bin,943,33554432,506.13,,
0,bench/30gib-3.bin,944,33554432,590.34,,
0,bench/30gib-3.bin,945,33554432,688.60,,
0,bench/30gib-3.bin,946,33554432,1168.90,,
0,bench/30gib-3.bin,947,33554432,488.41,,
0,bench/30gib-3.bin,948,33554432,911.50,,
0,bench/30gib-3.bin,949,33554432,536.80,,
0,bench/30gib-3.bin,950,33554432,464.16,,
0,bench/30gib-3.bin,951,33554432,584.38,,
0,bench/30gib-3.bin,952,33554432,894.68,,
0,bench/30gib-3.bin,953,33554432,764.59,,
0,bench/30gib-3.bin,954,33554432,665.35,,
0,bench/30gib-3.bin,955,33554432,637.43,,
0,bench/30gib-3.bin,956,33554432,646.72,,
0,bench/30gib-3.bin,957,33554432,992.93,,
0,bench/30gib-3.bin,958,33554432,1353.68,,
0,bench/30gib-3.bin,959,33554432,793.29,,
0,bench/30gib-3.bin,960,33554432,712.34,,
0,bench/30gib-4.bin,1,33554432,974.99,,
0,bench/30gib-4.bin,2,33554432,1066.59,,
0,bench/30gib-4.bin,3,33554432,842.62,,
0,bench/30gib-4.bin,4,33554432,1572.08,,
0,bench/30gib-4.bin,5,33554432,1237.18,,
0,bench/30gib-4.bin,6,33554432,795.03,,
0,bench/30gib-4.bin,7,33554432,1097.88,,
0,bench/30gib-4.bin,8,33554432,1537.37,,
0,bench/30gib-4.bin,9,33554432,945.54,,
0,bench/30gib-4.bin,10,33554432,1241.25,,
0,bench/30gib-4.bin,11,33554432,1230.93,,
0,bench/30gib-4.bin,12,33554432,1382.80,,
0,bench/30gib-4.bin,13,33554432,1429.99,,
0,bench/30gib-4.bin,14,33554432,1348.72,,
0,bench/30gib-4.bin,15,33554432,1360.67,,
0,bench/30gib-4.bin,16,33554432,1040.04,,
0,bench/30gib-4.bin,17,33554432,1342.62,,
0,bench/30gib-4.bin,18,33554432,1057.51,,
0,bench/30gib-4.bin,19,33554432,1282.66,,
0,bench/30gib-4.bin,20,33554432,1155.94,,
0,bench/30gib-4.bin,21,33554432,1263.28,,
0,bench/30gib-4.bin,22,33554432,1350.13,,
0,bench/30gib-4.bin,23,33554432,1425.50,,
0,bench/30gib-4.bin,24,33554432,1194.56,,
0,bench/30gib-4.bin,25,33554432,1322.75,,
0,bench/30gib-4.bin,26,33554432,1086.64,,
0,bench/30gib-4.bin,27,33554432,1161.69,,
0,bench/30gib-4.bin,28,33554432,1127.98,,
0,bench/30gib-4.bin,29,33554432,803.21,,
0,bench/30gib-4.bin,30,33554432,695.34,,
0,bench/30gib-4.bin,31,33554432,975.02,,
0,bench/30gib-4.bin,32,33554432,1097.40,,
0,bench/30gib-4.bin,33,33554432,820.45,,
0,bench/30gib-4.bin,34,33554432,1179.98,,
0,bench/30gib-4.bin,35,33554432,902.12,,
0,bench/30gib-4.bin,36,33554432,832.90,,
0,bench/30gib-4.bin,37,33554432,991.73,,
0,bench/30gib-4.bin,38,33554432,565.42,,
0,bench/30gib-4.bin,39,33554432,989.61,,
0,bench/30gib-4.bin,40,33554432,1003.64,,
0,bench/30gib-4.bin,41,33554432,578.90,,
0,bench/30gib-4.bin,42,33554432,952.41,,
0,bench/30gib-4.bin,43,33554432,826.18,,
0,bench/30gib-4.bin,44,33554432,737.79,,
0,bench/30gib-4.bin,45,33554432,512.87,,
0,bench/30gib-4.bin,46,33554432,716.93,,
0,bench/30gib-4.bin,47,33554432,610.37,,
0,bench/30gib-4.bin,48,33554432,711.14,,
0,bench/30gib-4.bin,49,33554432,628.17,,
0,bench/30gib-4.bin,50,33554432,791.30,,
0,bench/30gib-4.bin,51,33554432,1194.05,,
0,bench/30gib-4.bin,52,33554432,1113.06,,
0,bench/30gib-4.bin,53,33554432,862.83,,
0,bench/30gib-4.bin,54,33554432,668.14,,
0,bench/30gib-4.bin,55,33554432,588.09,,
0,bench/30gib-4.bin,56,33554432,978.45,,
0,bench/30gib-4.bin,57,33554432,740.72,,
0,bench/30gib-4.bin,58,33554432,914.10,,
0,bench/30gib-4.bin,59,33554432,593.32,,
0,bench/30gib-4.bin,60,33554432,795.77,,
0,bench/30gib-4.bin,61,33554432,916.16,,
0,bench/30gib-4.bin,62,33554432,586.62,,
0,bench/30gib-4.bin,63,33554432,631.62,,
0,bench/30gib-4.bin,64,33554432,621.01,,
0,bench/30gib-4.bin,65,33554432,667.49,,
0,bench/30gib-4.bin,66,33554432,770.54,,
0,bench/30gib-4.bin,67,33554432,851.29,,
0,bench/30gib-4.bin,68,33554432,1144.05,,
0,bench/30gib-4.bin,69,33554432,926.79,,
0,bench/30gib-4.bin,70,33554432,785.13,,
0,bench/30gib-4.bin,71,33554432,594.46,,
0,bench/30gib-4.bin,72,33554432,643.76,,
0,bench/30gib-4.bin,73,33554432,442.52,,
0,bench/30gib-4.bin,74,33554432,639.79,,
0,bench/30gib-4.bin,75,33554432,743.75,,
0,bench/30gib-4.bin,76,33554432,603.32,,
0,bench/30gib-4.bin,77,33554432,645.22,,
0,bench/30gib-4.bin,78,33554432,585.45,,
0,bench/30gib-4.bin,79,33554432,781.84,,
0,bench/30gib-4.bin,80,33554432,852.92,,
0,bench/30gib-4.bin,81,33554432,797.19,,
0,bench/30gib-4.bin,82,33554432,659.70,,
0,bench/30gib-4.bin,83,33554432,832.67,,
0,bench/30gib-4.bin,84,33554432,657.93,,
0,bench/30gib-4.bin,85,33554432,960.24,,
0,bench/30gib-4.bin,86,33554432,917.13,,
0,bench/30gib-4.bin,87,33554432,560.11,,
0,bench/30gib-4.bin,88,33554432,1115.08,,
0,bench/30gib-4.bin,89,33554432,914.58,,
0,bench/30gib-4.bin,90,33554432,480.93,,
0,bench/30gib-4.bin,91,33554432,872.33,,
0,bench/30gib-4.bin,92,33554432,781.21,,
0,bench/30gib-4.bin,93,33554432,630.65,,
0,bench/30gib-4.bin,94,33554432,910.23,,
0,bench/30gib-4.bin,95,33554432,830.21,,
0,bench/30gib-4.bin,96,33554432,540.75,,
0,bench/30gib-4.bin,97,33554432,840.13,,
0,bench/30gib-4.bin,98,33554432,794.40,,
0,bench/30gib-4.bin,99,33554432,1067.40,,
0,bench/30gib-4.bin,100,33554432,692.25,,
0,bench/30gib-4.bin,101,33554432,1257.12,,
0,bench/30gib-4.bin,102,33554432,874.73,,
0,bench/30gib-4.bin,103,33554432,617.48,,
0,bench/30gib-4.bin,104,33554432,688.44,,
0,bench/30gib-4.bin,105,33554432,916.51,,
0,bench/30gib-4.bin,106,33554432,795.25,,
0,bench/30gib-4.bin,107,33554432,961.50,,
0,bench/30gib-4.bin,108,33554432,674.25,,
0,bench/30gib-4.bin,109,33554432,886.12,,
0,bench/30gib-4.bin,110,33554432,513.06,,
0,bench/30gib-4.bin,111,33554432,688.53,,
0,bench/30gib-4.bin,112,33554432,1117.38,,
0,bench/30gib-4.bin,113,33554432,939.15,,
0,bench/30gib-4.bin,114,33554432,512.70,,
0,bench/30gib-4.bin,115,33554432,988.80,,
0,bench/30gib-4.bin,116,33554432,627.62,,
0,bench/30gib-4.bin,117,33554432,553.37,,
0,bench/30gib-4.bin,118,33554432,374.44,,
0,bench/30gib-4.bin,119,33554432,901.37,,
0,bench/30gib-4.bin,120,33554432,768.78,,
0,bench/30gib-4.bin,121,33554432,598.82,,
0,bench/30gib-4.bin,122,33554432,1010.05,,
0,bench/30gib-4.bin,123,33554432,895.47,,
0,bench/30gib-4.bin,124,33554432,1026.79,,
0,bench/30gib-4.bin,125,33554432,924.27,,
0,bench/30gib-4.bin,126,33554432,988.00,,
0,bench/30gib-4.bin,127,33554432,617.40,,
0,bench/30gib-4.bin,128,33554432,1678.09,,
0,bench/30gib-4.bin,129,33554432,621.13,,
0,bench/30gib-4.bin,130,33554432,857.70,,
0,bench/30gib-4.bin,131,33554432,361.29,,
0,bench/30gib-4.bin,132,33554432,613.56,,
0,bench/30gib-4.bin,133,33554432,484.68,,
0,bench/30gib-4.bin,134,33554432,460.53,,
0,bench/30gib-4.bin,135,33554432,685.79,,
0,bench/30gib-4.bin,136,33554432,1099.28,,
0,bench/30gib-4.bin,137,33554432,592.95,,
0,bench/30gib-4.bin,138,33554432,1166.29,,
0,bench/30gib-4.bin,139,33554432,625.33,,
0,bench/30gib-4.bin,140,33554432,728.71,,
0,bench/30gib-4.bin,141,33554432,767.11,,
0,bench/30gib-4.bin,142,33554432,860.79,,
0,bench/30gib-4.bin,143,33554432,477.03,,
0,bench/30gib-4.bin,144,33554432,957.74,,
0,bench/30gib-4.bin,145,33554432,439.28,,
0,bench/30gib-4.bin,146,33554432,927.74,,
0,bench/30gib-4.bin,147,33554432,960.02,,
0,bench/30gib-4.bin,148,33554432,700.74,,
0,bench/30gib-4.bin,149,33554432,1144.07,,
0,bench/30gib-4.bin,150,33554432,400.08,,
0,bench/30gib-4.bin,151,33554432,636.48,,
0,bench/30gib-4.bin,152,33554432,650.37,,
0,bench/30gib-4.bin,153,33554432,370.20,,
0,bench/30gib-4.bin,154,33554432,539.30,,
0,bench/30gib-4.bin,155,33554432,631.16,,
0,bench/30gib-4.bin,156,33554432,695.46,,
0,bench/30gib-4.bin,157,33554432,1075.56,,
0,bench/30gib-4.bin,158,33554432,502.16,,
0,bench/30gib-4.bin,159,33554432,707.13,,
0,bench/30gib-4.bin,160,33554432,649.96,,
0,bench/30gib-4.bin,161,33554432,683.91,,
0,bench/30gib-4.bin,162,33554432,1162.81,,
0,bench/30gib-4.bin,163,33554432,583.81,,
0,bench/30gib-4.bin,164,33554432,611.03,,
0,bench/30gib-4.bin,165,33554432,533.46,,
0,bench/30gib-4.bin,166,33554432,696.29,,
0,bench/30gib-4.bin,167,33554432,1147.07,,
0,bench/30gib-4.bin,168,33554432,700.20,,
0,bench/30gib-4.bin,169,33554432,1128.72,,
0,bench/30gib-4.bin,170,33554432,715.54,,
0,bench/30gib-4.bin,171,33554432,679.43,,
0,bench/30gib-4.bin,172,33554432,1169.24,,
0,bench/30gib-4.bin,173,33554432,619.80,,
0,bench/30gib-4.bin,174,33554432,515.57,,
0,bench/30gib-4.bin,175,33554432,581.03,,
0,bench/30gib-4.bin,176,33554432,603.19,,
0,bench/30gib-4.bin,177,33554432,551.50,,
0,bench/30gib-4.bin,178,33554432,420.02,,
0,bench/30gib-4.bin,179,33554432,621.44,,
0,bench/30gib-4.bin,180,33554432,796.03,,
0,bench/30gib-4.bin,181,33554432,629.78,,
0,bench/30gib-4.bin,182,33554432,784.83,,
0,bench/30gib-4.bin,183,33554432,1014.20,,
0,bench/30gib-4.bin,184,33554432,833.28,,
0,bench/30gib-4.bin,185,33554432,536.06,,
0,bench/30gib-4.bin,186,33554432,482.98,,
0,bench/30gib-4.bin,187,33554432,789.23,,
0,bench/30gib-4.bin,188,33554432,643.49,,
0,bench/30gib-4.bin,189,33554432,614.81,,
0,bench/30gib-4.bin,190,33554432,817.04,,
0,bench/30gib-4.bin,191,33554432,728.25,,
0,bench/30gib-4.bin,192,33554432,730.70,,
0,bench/30gib-4.bin,193,33554432,861.10,,
0,bench/30gib-4.bin,194,33554432,456.22,,
0,bench/30gib-4.bin,195,33554432,928.07,,
0,bench/30gib-4.bin,196,33554432,871.63,,
0,bench/30gib-4.bin,197,33554432,549.60,,
0,bench/30gib-4.bin,198,33554432,664.93,,
0,bench/30gib-4.bin,199,33554432,871.63,,
0,bench/30gib-4.bin,200,33554432,736.56,,
0,bench/30gib-4.bin,201,33554432,463.66,,
0,bench/30gib-4.bin,202,33554432,706.42,,
0,bench/30gib-4.bin,203,33554432,477.39,,
0,bench/30gib-4.bin,204,33554432,912.96,,
0,bench/30gib-4.bin,205,33554432,806.46,,
0,bench/30gib-4.bin,206,33554432,874.85,,
0,bench/30gib-4.bin,207,33554432,395.64,,
0,bench/30gib-4.bin,208,33554432,1009.42,,
0,bench/30gib-4.bin,209,33554432,432.08,,
0,bench/30gib-4.bin,210,33554432,410.10,,
0,bench/30gib-4.bin,211,33554432,832.99,,
0,bench/30gib-4.bin,212,33554432,792.23,,
0,bench/30gib-4.bin,213,33554432,393.99,,
0,bench/30gib-4.bin,214,33554432,731.16,,
0,bench/30gib-4.bin,215,33554432,564.56,,
0,bench/30gib-4.bin,216,33554432,689.56,,
0,bench/30gib-4.bin,217,33554432,551.05,,
0,bench/30gib-4.bin,218,33554432,370.14,,
0,bench/30gib-4.bin,219,33554432,737.68,,
0,bench/30gib-4.bin,220,33554432,1072.22,,
0,bench/30gib-4.bin,221,33554432,733.78,,
0,bench/30gib-4.bin,222,33554432,466.35,,
0,bench/30gib-4.bin,223,33554432,860.07,,
0,bench/30gib-4.bin,224,33554432,872.45,,
0,bench/30gib-4.bin,225,33554432,1104.18,,
0,bench/30gib-4.bin,226,33554432,802.08,,
0,bench/30gib-4.bin,227,33554432,511.60,,
0,bench/30gib-4.bin,228,33554432,787.96,,
0,bench/30gib-4.bin,229,33554432,703.02,,
0,bench/30gib-4.bin,230,33554432,494.65,,
0,bench/30gib-4.bin,231,33554432,1005.96,,
0,bench/30gib-4.bin,232,33554432,851.82,,
0,bench/30gib-4.bin,233,33554432,534.99,,
0,bench/30gib-4.bin,234,33554432,708.70,,
0,bench/30gib-4.bin,235,33554432,932.54,,
0,bench/30gib-4.bin,236,33554432,392.80,,
0,bench/30gib-4.bin,237,33554432,895.33,,
0,bench/30gib-4.bin,238,33554432,485.40,,
0,bench/30gib-4.bin,239,33554432,547.71,,
0,bench/30gib-4.bin,240,33554432,1220.05,,
0,bench/30gib-4.bin,241,33554432,830.20,,
0,bench/30gib-4.bin,242,33554432,341.11,,
0,bench/30gib-4.bin,243,33554432,638.39,,
0,bench/30gib-4.bin,244,33554432,758.66,,
0,bench/30gib-4.bin,245,33554432,806.16,,
0,bench/30gib-4.bin,246,33554432,731.37,,
0,bench/30gib-4.bin,247,33554432,607.41,,
0,bench/30gib-4.bin,248,33554432,469.64,,
0,bench/30gib-4.bin,249,33554432,593.71,,
0,bench/30gib-4.bin,250,33554432,812.67,,
0,bench/30gib-4.bin,251,33554432,711.57,,
0,bench/30gib-4.bin,252,33554432,453.77,,
0,bench/30gib-4.bin,253,33554432,926.68,,
0,bench/30gib-4.bin,254,33554432,533.90,,
0,bench/30gib-4.bin,255,33554432,577.92,,
0,bench/30gib-4.bin,256,33554432,592.24,,
0,bench/30gib-4.bin,257,33554432,436.32,,
0,bench/30gib-4.bin,258,33554432,480.15,,
0,bench/30gib-4.bin,259,33554432,449.10,,
0,bench/30gib-4.bin,260,33554432,664.73,,
0,bench/30gib-4.bin,261,33554432,644.98,,
0,bench/30gib-4.bin,262,33554432,607.27,,
0,bench/30gib-4.bin,263,33554432,462.10,,
0,bench/30gib-4.bin,264,33554432,446.91,,
0,bench/30gib-4.bin,265,33554432,882.80,,
0,bench/30gib-4.bin,266,33554432,525.32,,
0,bench/30gib-4.bin,267,33554432,672.24,,
0,bench/30gib-4.bin,268,33554432,755.59,,
0,bench/30gib-4.bin,269,33554432,1126.63,,
0,bench/30gib-4.bin,270,33554432,672.41,,
0,bench/30gib-4.bin,271,33554432,644.18,,
0,bench/30gib-4.bin,272,33554432,555.63,,
0,bench/30gib-4.bin,273,33554432,998.55,,
0,bench/30gib-4.bin,274,33554432,859.52,,
0,bench/30gib-4.bin,275,33554432,638.30,,
0,bench/30gib-4.bin,276,33554432,714.40,,
0,bench/30gib-4.bin,277,33554432,1072.43,,
0,bench/30gib-4.bin,278,33554432,619.63,,
0,bench/30gib-4.bin,279,33554432,1055.66,,
0,bench/30gib-4.bin,280,33554432,1116.20,,
0,bench/30gib-4.bin,281,33554432,787.48,,
0,bench/30gib-4.bin,282,33554432,783.93,,
0,bench/30gib-4.bin,283,33554432,925.29,,
0,bench/30gib-4.bin,284,33554432,1166.25,,
0,bench/30gib-4.bin,285,33554432,998.45,,
0,bench/30gib-4.bin,286,33554432,442.79,,
0,bench/30gib-4.bin,287,33554432,891.22,,
0,bench/30gib-4.bin,288,33554432,1109.06,,
0,bench/30gib-4.bin,289,33554432,791.60,,
0,bench/30gib-4.bin,290,33554432,855.66,,
0,bench/30gib-4.bin,291,33554432,1237.43,,
0,bench/30gib-4.bin,292,33554432,1102.69,,
0,bench/30gib-4.bin,293,33554432,442.34,,
0,bench/30gib-4.bin,294,33554432,402.45,,
0,bench/30gib-4.bin,295,33554432,517.74,,
0,bench/30gib-4.bin,296,33554432,692.55,,
0,bench/30gib-4.bin,297,33554432,420.16,,
0,bench/30gib-4.bin,298,33554432,945.15,,
0,bench/30gib-4.bin,299,33554432,908.12,,
0,bench/30gib-4.bin,300,33554432,623.47,,
0,bench/30gib-4.bin,301,33554432,952.41,,
0,bench/30gib-4.bin,302,33554432,520.09,,
0,bench/30gib-4.bin,303,33554432,1419.70,,
0,bench/30gib-4.bin,304,33554432,849.63,,
0,bench/30gib-4.bin,305,33554432,392.61,,
0,bench/30gib-4.bin,306,33554432,747.44,,
0,bench/30gib-4.bin,307,33554432,412.38,,
0,bench/30gib-4.bin,308,33554432,606.97,,
0,bench/30gib-4.bin,309,33554432,569.28,,
0,bench/30gib-4.bin,310,33554432,820.14,,
0,bench/30gib-4.bin,311,33554432,411.40,,
0,bench/30gib-4.bin,312,33554432,1620.43,,
0,bench/30gib-4.bin,313,33554432,387.33,,
0,bench/30gib-4.bin,314,33554432,600.39,,
0,bench/30gib-4.bin,315,33554432,483.54,,
0,bench/30gib-4.bin,316,33554432,580.72,,
0,bench/30gib-4.bin,317,33554432,991.30,,
0,bench/30gib-4.bin,318,33554432,554.64,,
0,bench/30gib-4.bin,319,33554432,626.31,,
0,bench/30gib-4.bin,320,33554432,503.53,,
0,bench/30gib-4.bin,321,33554432,593.69,,
0,bench/30gib-4.bin,322,33554432,510.45,,
0,bench/30gib-4.bin,323,33554432,906.54,,
0,bench/30gib-4.bin,324,33554432,829.78,,
0,bench/30gib-4.bin,325,33554432,676.62,,
0,bench/30gib-4.bin,326,33554432,508.17,,
0,bench/30gib-4.bin,327,33554432,399.55,,
0,bench/30gib-4.bin,328,33554432,410.09,,
0,bench/30gib-4.bin,329,33554432,455.48,,
0,bench/30gib-4.bin,330,33554432,797.24,,
0,bench/30gib-4.bin,331,33554432,618.06,,
0,bench/30gib-4.bin,332,33554432,418.57,,
0,bench/30gib-4.bin,333,33554432,517.50,,
0,bench/30gib-4.bin,334,33554432,1163.41,,
0,bench/30gib-4.bin,335,33554432,960.97,,
0,bench/30gib-4.bin,336,33554432,1046.35,,
0,bench/30gib-4.bin,337,33554432,691.87,,
0,bench/30gib-4.bin,338,33554432,804.42,,
0,bench/30gib-4.bin,339,33554432,587.70,,
0,bench/30gib-4.bin,340,33554432,738.46,,
0,bench/30gib-4.bin,341,33554432,454.68,,
0,bench/30gib-4.bin,342,33554432,863.52,,
0,bench/30gib-4.bin,343,33554432,590.71,,
0,bench/30gib-4.bin,344,33554432,529.44,,
0,bench/30gib-4.bin,345,33554432,842.30,,
0,bench/30gib-4.bin,346,33554432,702.92,,
0,bench/30gib-4.bin,347,33554432,858.27,,
0,bench/30gib-4.bin,348,33554432,694.14,,
0,bench/30gib-4.bin,349,33554432,889.38,,
0,bench/30gib-4.bin,350,33554432,351.92,,
0,bench/30gib-4.bin,351,33554432,434.43,,
0,bench/30gib-4.bin,352,33554432,723.67,,
0,bench/30gib-4.bin,353,33554432,616.43,,
0,bench/30gib-4.bin,354,33554432,509.77,,
0,bench/30gib-4.bin,355,33554432,670.91,,
0,bench/30gib-4.bin,356,33554432,874.72,,
0,bench/30gib-4.bin,357,33554432,886.51,,
0,bench/30gib-4.bin,358,33554432,617.38,,
0,bench/30gib-4.bin,359,33554432,876.30,,
0,bench/30gib-4.bin,360,33554432,990.67,,
0,bench/30gib-4.bin,361,33554432,798.46,,
0,bench/30gib-4.bin,362,33554432,772.32,,
0,bench/30gib-4.bin,363,33554432,411.38,,
0,bench/30gib-4.bin,364,33554432,998.09,,
0,bench/30gib-4.bin,365,33554432,626.66,,
0,bench/30gib-4.bin,366,33554432,418.95,,
0,bench/30gib-4.bin,367,33554432,1533.15,,
0,bench/30gib-4.bin,368,33554432,593.24,,
0,bench/30gib-4.bin,369,33554432,1059.10,,
0,bench/30gib-4.bin,370,33554432,1164.25,,
0,bench/30gib-4.bin,371,33554432,980.38,,
0,bench/30gib-4.bin,372,33554432,613.87,,
0,bench/30gib-4.bin,373,33554432,459.84,,
0,bench/30gib-4.bin,374,33554432,440.82,,
0,bench/30gib-4.bin,375,33554432,547.00,,
0,bench/30gib-4.bin,376,33554432,548.89,,
0,bench/30gib-4.bin,377,33554432,1073.18,,
0,bench/30gib-4.bin,378,33554432,718.02,,
0,bench/30gib-4.bin,379,33554432,662.52,,
0,bench/30gib-4.bin,380,33554432,667.53,,
0,bench/30gib-4.bin,381,33554432,760.45,,
0,bench/30gib-4.bin,382,33554432,1476.39,,
0,bench/30gib-4.bin,383,33554432,1016.96,,
0,bench/30gib-4.bin,384,33554432,999.38,,
0,bench/30gib-4.bin,385,33554432,349.31,,
0,bench/30gib-4.bin,386,33554432,950.83,,
0,bench/30gib-4.bin,387,33554432,679.26,,
0,bench/30gib-4.bin,388,33554432,397.65,,
0,bench/30gib-4.bin,389,33554432,999.77,,
0,bench/30gib-4.bin,390,33554432,705.14,,
0,bench/30gib-4.bin,391,33554432,578.82,,
0,bench/30gib-4.bin,392,33554432,1275.21,,
0,bench/30gib-4.bin,393,33554432,964.89,,
0,bench/30gib-4.bin,394,33554432,974.40,,
0,bench/30gib-4.bin,395,33554432,974.58,,
0,bench/30gib-4.bin,396,33554432,544.59,,
0,bench/30gib-4.bin,397,33554432,956.80,,
0,bench/30gib-4.bin,398,33554432,777.18,,
0,bench/30gib-4.bin,399,33554432,791.56,,
0,bench/30gib-4.bin,400,33554432,1115.89,,
0,bench/30gib-4.bin,401,33554432,517.87,,
0,bench/30gib-4.bin,402,33554432,853.98,,
0,bench/30gib-4.bin,403,33554432,901.25,,
0,bench/30gib-4.bin,404,33554432,855.44,,
0,bench/30gib-4.bin,405,33554432,648.54,,
0,bench/30gib-4.bin,406,33554432,1168.86,,
0,bench/30gib-4.bin,407,33554432,584.54,,
0,bench/30gib-4.bin,408,33554432,1082.33,,
0,bench/30gib-4.bin,409,33554432,727.87,,
0,bench/30gib-4.bin,410,33554432,915.16,,
0,bench/30gib-4.bin,411,33554432,577.79,,
0,bench/30gib-4.bin,412,33554432,568.36,,
0,bench/30gib-4.bin,413,33554432,617.63,,
0,bench/30gib-4.bin,414,33554432,740.27,,
0,bench/30gib-4.bin,415,33554432,1002.74,,
0,bench/30gib-4.bin,416,33554432,565.30,,
0,bench/30gib-4.bin,417,33554432,434.72,,
0,bench/30gib-4.bin,418,33554432,802.50,,
0,bench/30gib-4.bin,419,33554432,872.96,,
0,bench/30gib-4.bin,420,33554432,927.43,,
0,bench/30gib-4.bin,421,33554432,651.41,,
0,bench/30gib-4.bin,422,33554432,1073.41,,
0,bench/30gib-4.bin,423,33554432,386.83,,
0,bench/30gib-4.bin,424,33554432,530.13,,
0,bench/30gib-4.bin,425,33554432,981.31,,
0,bench/30gib-4.bin,426,33554432,902.46,,
0,bench/30gib-4.bin,427,33554432,1090.60,,
0,bench/30gib-4.bin,428,33554432,574.05,,
0,bench/30gib-4.bin,429,33554432,980.45,,
0,bench/30gib-4.bin,430,33554432,783.52,,
0,bench/30gib-4.bin,431,33554432,663.70,,
0,bench/30gib-4.bin,432,33554432,711.85,,
0,bench/30gib-4.bin,433,33554432,1096.50,,
0,bench/30gib-4.bin,434,33554432,1081.10,,
0,bench/30gib-4.bin,435,33554432,570.75,,
0,bench/30gib-4.bin,436,33554432,675.52,,
0,bench/30gib-4.bin,437,33554432,518.98,,
0,bench/30gib-4.bin,438,33554432,900.77,,
0,bench/30gib-4.bin,439,33554432,598.32,,
0,bench/30gib-4.bin,440,33554432,696.86,,
0,bench/30gib-4.bin,441,33554432,715.99,,
0,bench/30gib-4.bin,442,33554432,663.92,,
0,bench/30gib-4.bin,443,33554432,537.62,,
0,bench/30gib-4.bin,444,33554432,600.98,,
0,bench/30gib-4.bin,445,33554432,543.16,,
0,bench/30gib-4.bin,446,33554432,524.04,,
0,bench/30gib-4.bin,447,33554432,1028.85,,
0,bench/30gib-4.bin,448,33554432,664.43,,
0,bench/30gib-4.bin,449,33554432,393.49,,
0,bench/30gib-4.bin,450,33554432,1037.24,,
0,bench/30gib-4.bin,451,33554432,515.62,,
0,bench/30gib-4.bin,452,33554432,462.27,,
0,bench/30gib-4.bin,453,33554432,655.67,,
0,bench/30gib-4.bin,454,33554432,867.26,,
0,bench/30gib-4.bin,455,33554432,751.60,,
0,bench/30gib-4.bin,456,33554432,822.70,,
0,bench/30gib-4.bin,457,33554432,971.53,,
0,bench/30gib-4.bin,458,33554432,360.19,,
0,bench/30gib-4.bin,459,33554432,462.36,,
0,bench/30gib-4.bin,460,33554432,848.80,,
0,bench/30gib-4.bin,461,33554432,415.30,,
0,bench/30gib-4.bin,462,33554432,508.95,,
0,bench/30gib-4.bin,463,33554432,878.05,,
0,bench/30gib-4.bin,464,33554432,544.60,,
0,bench/30gib-4.bin,465,33554432,629.67,,
0,bench/30gib-4.bin,466,33554432,539.08,,
0,bench/30gib-4.bin,467,33554432,1090.59,,
0,bench/30gib-4.bin,468,33554432,657.99,,
0,bench/30gib-4.bin,469,33554432,468.89,,
0,bench/30gib-4.bin,470,33554432,468.35,,
0,bench/30gib-4.bin,471,33554432,729.13,,
0,bench/30gib-4.bin,472,33554432,423.42,,
0,bench/30gib-4.bin,473,33554432,725.71,,
0,bench/30gib-4.bin,474,33554432,621.39,,
0,bench/30gib-4.bin,475,33554432,850.76,,
0,bench/30gib-4.bin,476,33554432,613.13,,
0,bench/30gib-4.bin,477,33554432,1041.83,,
0,bench/30gib-4.bin,478,33554432,620.70,,
0,bench/30gib-4.bin,479,33554432,960.41,,
0,bench/30gib-4.bin,480,33554432,657.74,,
0,bench/30gib-4.bin,481,33554432,642.09,,
0,bench/30gib-4.bin,482,33554432,754.83,,
0,bench/30gib-4.bin,483,33554432,1270.96,,
0,bench/30gib-4.bin,484,33554432,833.22,,
0,bench/30gib-4.bin,485,33554432,607.45,,
0,bench/30gib-4.bin,486,33554432,617.75,,
0,bench/30gib-4.bin,487,33554432,789.04,,
0,bench/30gib-4.bin,488,33554432,376.97,,
0,bench/30gib-4.bin,489,33554432,565.46,,
0,bench/30gib-4.bin,490,33554432,1465.95,,
0,bench/30gib-4.bin,491,33554432,579.77,,
0,bench/30gib-4.bin,492,33554432,1190.59,,
0,bench/30gib-4.bin,493,33554432,575.10,,
0,bench/30gib-4.bin,494,33554432,606.46,,
0,bench/30gib-4.bin,495,33554432,425.18,,
0,bench/30gib-4.bin,496,33554432,707.39,,
0,bench/30gib-4.bin,497,33554432,567.59,,
0,bench/30gib-4.bin,498,33554432,912.48,,
0,bench/30gib-4.bin,499,33554432,455.29,,
0,bench/30gib-4.bin,500,33554432,442.07,,
0,bench/30gib-4.bin,501,33554432,652.57,,
0,bench/30gib-4.bin,502,33554432,918.20,,
0,bench/30gib-4.bin,503,33554432,611.73,,
0,bench/30gib-4.bin,504,33554432,1028.84,,
0,bench/30gib-4.bin,505,33554432,345.85,,
0,bench/30gib-4.bin,506,33554432,1310.63,,
0,bench/30gib-4.bin,507,33554432,1036.68,,
0,bench/30gib-4.bin,508,33554432,718.06,,
0,bench/30gib-4.bin,509,33554432,655.05,,
0,bench/30gib-4.bin,510,33554432,553.85,,
0,bench/30gib-4.bin,511,33554432,508.45,,
0,bench/30gib-4.bin,512,33554432,958.90,,
0,bench/30gib-4.bin,513,33554432,928.33,,
0,bench/30gib-4.bin,514,33554432,1228.11,,
0,bench/30gib-4.bin,515,33554432,1060.42,,
0,bench/30gib-4.bin,516,33554432,586.86,,
0,bench/30gib-4.bin,517,33554432,780.92,,
0,bench/30gib-4.bin,518,33554432,962.15,,
0,bench/30gib-4.bin,519,33554432,427.08,,
0,bench/30gib-4.bin,520,33554432,716.19,,
0,bench/30gib-4.bin,521,33554432,1286.24,,
0,bench/30gib-4.bin,522,33554432,517.13,,
0,bench/30gib-4.bin,523,33554432,1042.35,,
0,bench/30gib-4.bin,524,33554432,669.71,,
0,bench/30gib-4.bin,525,33554432,556.00,,
0,bench/30gib-4.bin,526,33554432,607.52,,
0,bench/30gib-4.bin,527,33554432,591.74,,
0,bench/30gib-4.bin,528,33554432,671.81,,
0,bench/30gib-4.bin,529,33554432,636.72,,
0,bench/30gib-4.bin,530,33554432,424.35,,
0,bench/30gib-4.bin,531,33554432,776.17,,
0,bench/30gib-4.bin,532,33554432,1018.23,,
0,bench/30gib-4.bin,533,33554432,529.47,,
0,bench/30gib-4.bin,534,33554432,592.82,,
0,bench/30gib-4.bin,535,33554432,391.12,,
0,bench/30gib-4.bin,536,33554432,611.41,,
0,bench/30gib-4.bin,537,33554432,646.43,,
0,bench/30gib-4.bin,538,33554432,455.14,,
0,bench/30gib-4.bin,539,33554432,505.30,,
0,bench/30gib-4.bin,540,33554432,510.79,,
0,bench/30gib-4.bin,541,33554432,413.63,,
0,bench/30gib-4.bin,542,33554432,604.11,,
0,bench/30gib-4.bin,543,33554432,829.25,,
0,bench/30gib-4.bin,544,33554432,570.73,,
0,bench/30gib-4.bin,545,33554432,1787.36,,
0,bench/30gib-4.bin,546,33554432,936.80,,
0,bench/30gib-4.bin,547,33554432,887.81,,
0,bench/30gib-4.bin,548,33554432,559.34,,
0,bench/30gib-4.bin,549,33554432,547.84,,
0,bench/30gib-4.bin,550,33554432,1015.79,,
0,bench/30gib-4.bin,551,33554432,748.79,,
0,bench/30gib-4.bin,552,33554432,602.52,,
0,bench/30gib-4.bin,553,33554432,976.21,,
0,bench/30gib-4.bin,554,33554432,479.19,,
0,bench/30gib-4.bin,555,33554432,724.17,,
0,bench/30gib-4.bin,556,33554432,637.19,,
0,bench/30gib-4.bin,557,33554432,852.39,,
0,bench/30gib-4.bin,558,33554432,898.98,,
0,bench/30gib-4.bin,559,33554432,754.67,,
0,bench/30gib-4.bin,560,33554432,507.97,,
0,bench/30gib-4.bin,561,33554432,708.95,,
0,bench/30gib-4.bin,562,33554432,552.73,,
0,bench/30gib-4.bin,563,33554432,368.72,,
0,bench/30gib-4.bin,564,33554432,926.75,,
0,bench/30gib-4.bin,565,33554432,442.31,,
0,bench/30gib-4.bin,566,33554432,506.40,,
0,bench/30gib-4.bin,567,33554432,965.28,,
0,bench/30gib-4.bin,568,33554432,600.31,,
0,bench/30gib-4.bin,569,33554432,597.98,,
0,bench/30gib-4.bin,570,33554432,783.21,,
0,bench/30gib-4.bin,571,33554432,782.45,,
0,bench/30gib-4.bin,572,33554432,402.35,,
0,bench/30gib-4.bin,573,33554432,537.85,,
0,bench/30gib-4.bin,574,33554432,842.56,,
0,bench/30gib-4.bin,575,33554432,1098.56,,
0,bench/30gib-4.bin,576,33554432,1060.31,,
0,bench/30gib-4.bin,577,33554432,933.80,,
0,bench/30gib-4.bin,578,33554432,526.50,,
0,bench/30gib-4.bin,579,33554432,614.80,,
0,bench/30gib-4.bin,580,33554432,467.63,,
0,bench/30gib-4.bin,581,33554432,1209.67,,
0,bench/30gib-4.bin,582,33554432,841.33,,
0,bench/30gib-4.bin,583,33554432,695.88,,
0,bench/30gib-4.bin,584,33554432,595.45,,
0,bench/30gib-4.bin,585,33554432,548.31,,
0,bench/30gib-4.bin,586,33554432,378.96,,
0,bench/30gib-4.bin,587,33554432,510.71,,
0,bench/30gib-4.bin,588,33554432,857.67,,
0,bench/30gib-4.bin,589,33554432,537.52,,
0,bench/30gib-4.bin,590,33554432,797.29,,
0,bench/30gib-4.bin,591,33554432,618.88,,
0,bench/30gib-4.bin,592,33554432,887.44,,
0,bench/30gib-4.bin,593,33554432,840.74,,
0,bench/30gib-4.bin,594,33554432,600.70,,
0,bench/30gib-4.bin,595,33554432,350.40,,
0,bench/30gib-4.bin,596,33554432,932.02,,
0,bench/30gib-4.bin,597,33554432,1009.08,,
0,bench/30gib-4.bin,598,33554432,487.05,,
0,bench/30gib-4.bin,599,33554432,984.60,,
0,bench/30gib-4.bin,600,33554432,590.31,,
0,bench/30gib-4.bin,601,33554432,1100.50,,
0,bench/30gib-4.bin,602,33554432,580.95,,
0,bench/30gib-4.bin,603,33554432,617.87,,
0,bench/30gib-4.bin,604,33554432,624.99,,
0,bench/30gib-4.bin,605,33554432,1032.74,,
0,bench/30gib-4.bin,606,33554432,608.20,,
0,bench/30gib-4.bin,607,33554432,505.19,,
0,bench/30gib-4.bin,608,33554432,669.59,,
0,bench/30gib-4.bin,609,33554432,574.82,,
0,bench/30gib-4.bin,610,33554432,601.83,,
0,bench/30gib-4.bin,611,33554432,884.93,,
0,bench/30gib-4.bin,612,33554432,539.13,,
0,bench/30gib-4.bin,613,33554432,684.46,,
0,bench/30gib-4.bin,614,33554432,895.13,,
0,bench/30gib-4.bin,615,33554432,477.50,,
0,bench/30gib-4.bin,616,33554432,1077.72,,
0,bench/30gib-4.bin,617,33554432,1109.57,,
0,bench/30gib-4.bin,618,33554432,521.39,,
0,bench/30gib-4.bin,619,33554432,347.60,,
0,bench/30gib-4.bin,620,33554432,678.93,,
0,bench/30gib-4.bin,621,33554432,429.06,,
0,bench/30gib-4.bin,622,33554432,505.78,,
0,bench/30gib-4.bin,623,33554432,410.31,,
0,bench/30gib-4.bin,624,33554432,477.76,,
0,bench/30gib-4.bin,625,33554432,414.86,,
0,bench/30gib-4.bin,626,33554432,823.76,,
0,bench/30gib-4.bin,627,33554432,413.61,,
0,bench/30gib-4.bin,628,33554432,830.31,,
0,bench/30gib-4.bin,629,33554432,855.45,,
0,bench/30gib-4.bin,630,33554432,595.84,,
0,bench/30gib-4.bin,631,33554432,875.52,,
0,bench/30gib-4.bin,632,33554432,488.26,,
0,bench/30gib-4.bin,633,33554432,934.48,,
0,bench/30gib-4.bin,634,33554432,523.31,,
0,bench/30gib-4.bin,635,33554432,941.89,,
0,bench/30gib-4.bin,636,33554432,670.58,,
0,bench/30gib-4.bin,637,33554432,566.69,,
0,bench/30gib-4.bin,638,33554432,921.44,,
0,bench/30gib-4.bin,639,33554432,507.76,,
0,bench/30gib-4.bin,640,33554432,984.65,,
0,bench/30gib-4.bin,641,33554432,580.68,,
0,bench/30gib-4.bin,642,33554432,922.64,,
0,bench/30gib-4.bin,643,33554432,637.24,,
0,bench/30gib-4.bin,644,33554432,646.61,,
0,bench/30gib-4.bin,645,33554432,898.92,,
0,bench/30gib-4.bin,646,33554432,379.33,,
0,bench/30gib-4.bin,647,33554432,968.12,,
0,bench/30gib-4.bin,648,33554432,1919.74,,
0,bench/30gib-4.bin,649,33554432,465.69,,
0,bench/30gib-4.bin,650,33554432,757.81,,
0,bench/30gib-4.bin,651,33554432,754.63,,
0,bench/30gib-4.bin,652,33554432,779.04,,
0,bench/30gib-4.bin,653,33554432,978.82,,
0,bench/30gib-4.bin,654,33554432,1084.45,,
0,bench/30gib-4.bin,655,33554432,523.42,,
0,bench/30gib-4.bin,656,33554432,768.42,,
0,bench/30gib-4.bin,657,33554432,595.93,,
0,bench/30gib-4.bin,658,33554432,611.66,,
0,bench/30gib-4.bin,659,33554432,519.88,,
0,bench/30gib-4.bin,660,33554432,440.82,,
0,bench/30gib-4.bin,661,33554432,792.89,,
0,bench/30gib-4.bin,662,33554432,494.71,,
0,bench/30gib-4.bin,663,33554432,468.37,,
0,bench/30gib-4.bin,664,33554432,605.59,,
0,bench/30gib-4.bin,665,33554432,706.28,,
0,bench/30gib-4.bin,666,33554432,547.35,,
0,bench/30gib-4.bin,667,33554432,763.88,,
0,bench/30gib-4.bin,668,33554432,584.05,,
0,bench/30gib-4.bin,669,33554432,637.64,,
0,bench/30gib-4.bin,670,33554432,577.94,,
0,bench/30gib-4.bin,671,33554432,896.75,,
0,bench/30gib-4.bin,672,33554432,477.47,,
0,bench/30gib-4.bin,673,33554432,1245.82,,
0,bench/30gib-4.bin,674,33554432,566.86,,
0,bench/30gib-4.bin,675,33554432,1118.56,,
0,bench/30gib-4.bin,676,33554432,419.18,,
0,bench/30gib-4.bin,677,33554432,540.02,,
0,bench/30gib-4.bin,678,33554432,1047.28,,
0,bench/30gib-4.bin,679,33554432,658.49,,
0,bench/30gib-4.bin,680,33554432,1007.58,,
0,bench/30gib-4.bin,681,33554432,822.33,,
0,bench/30gib-4.bin,682,33554432,420.99,,
0,bench/30gib-4.bin,683,33554432,369.86,,
0,bench/30gib-4.bin,684,33554432,786.73,,
0,bench/30gib-4.bin,685,33554432,745.83,,
0,bench/30gib-4.bin,686,33554432,661.25,,
0,bench/30gib-4.bin,687,33554432,976.64,,
0,bench/30gib-4.bin,688,33554432,785.83,,
0,bench/30gib-4.bin,689,33554432,808.75,,
0,bench/30gib-4.bin,690,33554432,1068.00,,
0,bench/30gib-4.bin,691,33554432,567.74,,
0,bench/30gib-4.bin,692,33554432,458.91,,
0,bench/30gib-4.bin,693,33554432,939.71,,
0,bench/30gib-4.bin,694,33554432,428.92,,
0,bench/30gib-4.bin,695,33554432,621.04,,
0,bench/30gib-4.bin,696,33554432,812.42,,
0,bench/30gib-4.bin,697,33554432,583.30,,
0,bench/30gib-4.bin,698,33554432,920.37,,
0,bench/30gib-4.bin,699,33554432,1068.30,,
0,bench/30gib-4.bin,700,33554432,587.13,,
0,bench/30gib-4.bin,701,33554432,653.95,,
0,bench/30gib-4.bin,702,33554432,476.27,,
0,bench/30gib-4.bin,703,33554432,896.04,,
0,bench/30gib-4.bin,704,33554432,1204.27,,
0,bench/30gib-4.bin,705,33554432,831.62,,
0,bench/30gib-4.bin,706,33554432,588.55,,
0,bench/30gib-4.bin,707,33554432,572.75,,
0,bench/30gib-4.bin,708,33554432,912.51,,
0,bench/30gib-4.bin,709,33554432,624.74,,
0,bench/30gib-4.bin,710,33554432,899.80,,
0,bench/30gib-4.bin,711,33554432,1353.71,,
0,bench/30gib-4.bin,712,33554432,701.03,,
0,bench/30gib-4.bin,713,33554432,1415.72,,
0,bench/30gib-4.bin,714,33554432,964.89,,
0,bench/30gib-4.bin,715,33554432,1001.17,,
0,bench/30gib-4.bin,716,33554432,938.75,,
0,bench/30gib-4.bin,717,33554432,432.56,,
0,bench/30gib-4.bin,718,33554432,465.17,,
0,bench/30gib-4.bin,719,33554432,865.28,,
0,bench/30gib-4.bin,720,33554432,545.71,,
0,bench/30gib-4.bin,721,33554432,581.39,,
0,bench/30gib-4.bin,722,33554432,787.74,,
0,bench/30gib-4.bin,723,33554432,985.92,,
0,bench/30gib-4.bin,724,33554432,472.93,,
0,bench/30gib-4.bin,725,33554432,364.28,,
0,bench/30gib-4.bin,726,33554432,392.42,,
0,bench/30gib-4.bin,727,33554432,388.75,,
0,bench/30gib-4.bin,728,33554432,590.99,,
0,bench/30gib-4.bin,729,33554432,598.62,,
0,bench/30gib-4.bin,730,33554432,979.81,,
0,bench/30gib-4.bin,731,33554432,926.78,,
0,bench/30gib-4.bin,732,33554432,632.68,,
0,bench/30gib-4.bin,733,33554432,946.40,,
0,bench/30gib-4.bin,734,33554432,734.86,,
0,bench/30gib-4.bin,735,33554432,461.77,,
0,bench/30gib-4.bin,736,33554432,1136.32,,
0,bench/30gib-4.bin,737,33554432,555.28,,
0,bench/30gib-4.bin,738,33554432,491.61,,
0,bench/30gib-4.bin,739,33554432,440.87,,
0,bench/30gib-4.bin,740,33554432,445.70,,
0,bench/30gib-4.bin,741,33554432,708.38,,
0,bench/30gib-4.bin,742,33554432,475.72,,
0,bench/30gib-4.bin,743,33554432,984.26,,
0,bench/30gib-4.bin,744,33554432,511.36,,
0,bench/30gib-4.bin,745,33554432,1122.51,,
0,bench/30gib-4.bin,746,33554432,781.91,,
0,bench/30gib-4.bin,747,33554432,726.30,,
0,bench/30gib-4.bin,748,33554432,377.81,,
0,bench/30gib-4.bin,749,33554432,461.11,,
0,bench/30gib-4.bin,750,33554432,1214.20,,
0,bench/30gib-4.bin,751,33554432,1140.88,,
0,bench/30gib-4.bin,752,33554432,599.01,,
0,bench/30gib-4.bin,753,33554432,617.97,,
0,bench/30gib-4.bin,754,33554432,609.55,,
0,bench/30gib-4.bin,755,33554432,1123.81,,
0,bench/30gib-4.bin,756,33554432,433.52,,
0,bench/30gib-4.bin,757,33554432,1072.60,,
0,bench/30gib-4.bin,758,33554432,766.27,,
0,bench/30gib-4.bin,759,33554432,353.94,,
0,bench/30gib-4.bin,760,33554432,848.58,,
0,bench/30gib-4.bin,761,33554432,851.64,,
0,bench/30gib-4.bin,762,33554432,568.49,,
0,bench/30gib-4.bin,763,33554432,841.06,,
0,bench/30gib-4.bin,764,33554432,579.06,,
0,bench/30gib-4.bin,765,33554432,488.55,,
0,bench/30gib-4.bin,766,33554432,1063.55,,
0,bench/30gib-4.bin,767,33554432,692.58,,
0,bench/30gib-4.bin,768,33554432,1556.40,,
0,bench/30gib-4.bin,769,33554432,727.83,,
0,bench/30gib-4.bin,770,33554432,785.72,,
0,bench/30gib-4.bin,771,33554432,483.56,,
0,bench/30gib-4.bin,772,33554432,758.19,,
0,bench/30gib-4.bin,773,33554432,475.04,,
0,bench/30gib-4.bin,774,33554432,691.86,,
0,bench/30gib-4.bin,775,33554432,767.09,,
0,bench/30gib-4.bin,776,33554432,411.61,,
0,bench/30gib-4.bin,777,33554432,1138.69,,
0,bench/30gib-4.bin,778,33554432,672.28,,
0,bench/30gib-4.bin,779,33554432,630.26,,
0,bench/30gib-4.bin,780,33554432,524.94,,
0,bench/30gib-4.bin,781,33554432,629.25,,
0,bench/30gib-4.bin,782,33554432,1093.61,,
0,bench/30gib-4.bin,783,33554432,846.71,,
0,bench/30gib-4.bin,784,33554432,584.70,,
0,bench/30gib-4.bin,785,33554432,615.80,,
0,bench/30gib-4.bin,786,33554432,623.58,,
0,bench/30gib-4.bin,787,33554432,655.51,,
0,bench/30gib-4.bin,788,33554432,814.10,,
0,bench/30gib-4.bin,789,33554432,1033.61,,
0,bench/30gib-4.bin,790,33554432,924.66,,
0,bench/30gib-4.bin,791,33554432,549.17,,
0,bench/30gib-4.bin,792,33554432,695.16,,
0,bench/30gib-4.bin,793,33554432,790.38,,
0,bench/30gib-4.bin,794,33554432,712.27,,
0,bench/30gib-4.bin,795,33554432,904.99,,
0,bench/30gib-4.bin,796,33554432,1005.61,,
0,bench/30gib-4.bin,797,33554432,635.41,,
0,bench/30gib-4.bin,798,33554432,674.44,,
0,bench/30gib-4.bin,799,33554432,1016.12,,
0,bench/30gib-4.bin,800,33554432,490.73,,
0,bench/30gib-4.bin,801,33554432,595.94,,
0,bench/30gib-4.bin,802,33554432,502.06,,
0,bench/30gib-4.bin,803,33554432,982.16,,
0,bench/30gib-4.bin,804,33554432,494.45,,
0,bench/30gib-4.bin,805,33554432,596.02,,
0,bench/30gib-4.bin,806,33554432,599.53,,
0,bench/30gib-4.bin,807,33554432,838.30,,
0,bench/30gib-4.bin,808,33554432,426.42,,
0,bench/30gib-4.bin,809,33554432,780.57,,
0,bench/30gib-4.bin,810,33554432,1189.35,,
0,bench/30gib-4.bin,811,33554432,975.01,,
0,bench/30gib-4.bin,812,33554432,582.88,,
0,bench/30gib-4.bin,813,33554432,874.22,,
0,bench/30gib-4.bin,814,33554432,755.19,,
0,bench/30gib-4.bin,815,33554432,829.17,,
0,bench/30gib-4.bin,816,33554432,519.71,,
0,bench/30gib-4.bin,817,33554432,383.97,,
0,bench/30gib-4.bin,818,33554432,743.62,,
0,bench/30gib-4.bin,819,33554432,836.51,,
0,bench/30gib-4.bin,820,33554432,798.87,,
0,bench/30gib-4.bin,821,33554432,513.60,,
0,bench/30gib-4.bin,822,33554432,573.50,,
0,bench/30gib-4.bin,823,33554432,1022.86,,
0,bench/30gib-4.bin,824,33554432,794.20,,
0,bench/30gib-4.bin,825,33554432,723.62,,
0,bench/30gib-4.bin,826,33554432,551.11,,
0,bench/30gib-4.bin,827,33554432,391.90,,
0,bench/30gib-4.bin,828,33554432,589.24,,
0,bench/30gib-4.bin,829,33554432,963.19,,
0,bench/30gib-4.bin,830,33554432,449.20,,
0,bench/30gib-4.bin,831,33554432,420.37,,
0,bench/30gib-4.bin,832,33554432,621.41,,
0,bench/30gib-4.bin,833,33554432,455.21,,
0,bench/30gib-4.bin,834,33554432,1001.68,,
0,bench/30gib-4.bin,835,33554432,660.27,,
0,bench/30gib-4.bin,836,33554432,1024.71,,
0,bench/30gib-4.bin,837,33554432,1085.19,,
0,bench/30gib-4.bin,838,33554432,448.58,,
0,bench/30gib-4.bin,839,33554432,773.60,,
0,bench/30gib-4.bin,840,33554432,487.58,,
0,bench/30gib-4.bin,841,33554432,653.89,,
0,bench/30gib-4.bin,842,33554432,1144.27,,
0,bench/30gib-4.bin,843,33554432,583.08,,
0,bench/30gib-4.bin,844,33554432,635.30,,
0,bench/30gib-4.bin,845,33554432,542.81,,
0,bench/30gib-4.bin,846,33554432,656.20,,
0,bench/30gib-4.bin,847,33554432,471.72,,
0,bench/30gib-4.bin,848,33554432,772.57,,
0,bench/30gib-4.bin,849,33554432,673.60,,
0,bench/30gib-4.bin,850,33554432,700.59,,
0,bench/30gib-4.bin,851,33554432,672.69,,
0,bench/30gib-4.bin,852,33554432,974.52,,
0,bench/30gib-4.bin,853,33554432,503.95,,
0,bench/30gib-4.bin,854,33554432,411.68,,
0,bench/30gib-4.bin,855,33554432,761.15,,
0,bench/30gib-4.bin,856,33554432,708.56,,
0,bench/30gib-4.bin,857,33554432,982.81,,
0,bench/30gib-4.bin,858,33554432,1309.24,,
0,bench/30gib-4.bin,859,33554432,843.59,,
0,bench/30gib-4.bin,860,33554432,692.41,,
0,bench/30gib-4.bin,861,33554432,670.88,,
0,bench/30gib-4.bin,862,33554432,634.35,,
0,bench/30gib-4.bin,863,33554432,943.12,,
0,bench/30gib-4.bin,864,33554432,805.40,,
0,bench/30gib-4.bin,865,33554432,842.28,,
0,bench/30gib-4.bin,866,33554432,783.91,,
0,bench/30gib-4.bin,867,33554432,687.91,,
0,bench/30gib-4.bin,868,33554432,533.65,,
0,bench/30gib-4.bin,869,33554432,760.25,,
0,bench/30gib-4.bin,870,33554432,504.91,,
0,bench/30gib-4.bin,871,33554432,523.67,,
0,bench/30gib-4.bin,872,33554432,668.93,,
0,bench/30gib-4.bin,873,33554432,760.91,,
0,bench/30gib-4.bin,874,33554432,532.38,,
0,bench/30gib-4.bin,875,33554432,686.39,,
0,bench/30gib-4.bin,876,33554432,628.71,,
0,bench/30gib-4.bin,877,33554432,571.59,,
0,bench/30gib-4.bin,878,33554432,878.27,,
0,bench/30gib-4.bin,879,33554432,672.92,,
0,bench/30gib-4.bin,880,33554432,474.84,,
0,bench/30gib-4.bin,881,33554432,675.86,,
0,bench/30gib-4.bin,882,33554432,623.85,,
0,bench/30gib-4.bin,883,33554432,965.52,,
0,bench/30gib-4.bin,884,33554432,748.91,,
0,bench/30gib-4.bin,885,33554432,516.80,,
0,bench/30gib-4.bin,886,33554432,585.98,,
0,bench/30gib-4.bin,887,33554432,531.41,,
0,bench/30gib-4.bin,888,33554432,615.35,,
0,bench/30gib-4.bin,889,33554432,402.14,,
0,bench/30gib-4.bin,890,33554432,692.79,,
0,bench/30gib-4.bin,891,33554432,571.60,,
0,bench/30gib-4.bin,892,33554432,756.73,,
0,bench/30gib-4.bin,893,33554432,897.73,,
0,bench/30gib-4.bin,894,33554432,1200.18,,
0,bench/30gib-4.bin,895,33554432,893.63,,
0,bench/30gib-4.bin,896,33554432,671.53,,
0,bench/30gib-4.bin,897,33554432,751.43,,
0,bench/30gib-4.bin,898,33554432,924.54,,
0,bench/30gib-4.bin,899,33554432,594.30,,
0,bench/30gib-4.bin,900,33554432,462.89,,
0,bench/30gib-4.bin,901,33554432,582.94,,
0,bench/30gib-4.bin,902,33554432,467.22,,
0,bench/30gib-4.bin,903,33554432,702.72,,
0,bench/30gib-4.bin,904,33554432,733.03,,
0,bench/30gib-4.bin,905,33554432,707.05,,
0,bench/30gib-4.bin,906,33554432,674.84,,
0,bench/30gib-4.bin,907,33554432,880.91,,
0,bench/30gib-4.bin,908,33554432,528.36,,
0,bench/30gib-4.bin,909,33554432,918.75,,
0,bench/30gib-4.bin,910,33554432,1058.44,,
0,bench/30gib-4.bin,911,33554432,789.19,,
0,bench/30gib-4.bin,912,33554432,622.92,,
0,bench/30gib-4.bin,913,33554432,978.66,,
0,bench/30gib-4.bin,914,33554432,483.79,,
0,bench/30gib-4.bin,915,33554432,765.09,,
0,bench/30gib-4.bin,916,33554432,967.84,,
0,bench/30gib-4.bin,917,33554432,852.24,,
0,bench/30gib-4.bin,918,33554432,581.95,,
0,bench/30gib-4.bin,919,33554432,585.83,,
0,bench/30gib-4.bin,920,33554432,1081.22,,
0,bench/30gib-4.bin,921,33554432,567.60,,
0,bench/30gib-4.bin,922,33554432,662.84,,
0,bench/30gib-4.bin,923,33554432,732.01,,
0,bench/30gib-4.bin,924,33554432,1009.17,,
0,bench/30gib-4.bin,925,33554432,407.93,,
0,bench/30gib-4.bin,926,33554432,518.61,,
0,bench/30gib-4.bin,927,33554432,624.53,,
0,bench/30gib-4.bin,928,33554432,767.95,,
0,bench/30gib-4.bin,929,33554432,623.40,,
0,bench/30gib-4.bin,930,33554432,774.98,,
0,bench/30gib-4.bin,931,33554432,375.15,,
0,bench/30gib-4.bin,932,33554432,509.26,,
0,bench/30gib-4.bin,933,33554432,620.62,,
0,bench/30gib-4.bin,934,33554432,850.42,,
0,bench/30gib-4.bin,935,33554432,709.79,,
0,bench/30gib-4.bin,936,33554432,491.87,,
0,bench/30gib-4.bin,937,33554432,869.29,,
0,bench/30gib-4.bin,938,33554432,821.13,,
0,bench/30gib-4.bin,939,33554432,1048.77,,
0,bench/30gib-4.bin,940,33554432,702.01,,
0,bench/30gib-4.bin,941,33554432,607.81,,
0,bench/30gib-4.bin,942,33554432,568.34,,
0,bench/30gib-4.bin,943,33554432,678.40,,
0,bench/30gib-4.bin,944,33554432,696.69,,
0,bench/30gib-4.bin,945,33554432,771.08,,
0,bench/30gib-4.bin,946,33554432,561.65,,
0,bench/30gib-4.bin,947,33554432,482.28,,
0,bench/30gib-4.bin,948,33554432,953.79,,
0,bench/30gib-4.bin,949,33554432,648.66,,
0,bench/30gib-4.bin,950,33554432,629.89,,
0,bench/30gib-4.bin,951,33554432,596.93,,
0,bench/30gib-4.bin,952,33554432,561.44,,
0,bench/30gib-4.bin,953,33554432,390.05,,
0,bench/30gib-4.bin,954,33554432,576.34,,
0,bench/30gib-4.bin,955,33554432,374.56,,
0,bench/30gib-4.bin,956,33554432,359.07,,
0,bench/30gib-4.bin,957,33554432,657.29,,
0,bench/30gib-4.bin,958,33554432,461.96,,
0,bench/30gib-4.bin,959,33554432,525.27,,
0,bench/30gib-4.bin,960,33554432,476.30,,
0,bench/30gib-5.bin,1,33554432,1639.93,,
0,bench/30gib-5.bin,2,33554432,1241.53,,
0,bench/30gib-5.bin,3,33554432,1287.87,,
0,bench/30gib-5.bin,4,33554432,1074.00,,
0,bench/30gib-5.bin,5,33554432,1557.16,,
0,bench/30gib-5.bin,6,33554432,1142.70,,
0,bench/30gib-5.bin,7,33554432,1103.76,,
0,bench/30gib-5.bin,8,33554432,1126.13,,
0,bench/30gib-5.bin,9,33554432,1377.39,,
0,bench/30gib-5.bin,10,33554432,1456.81,,
0,bench/30gib-5.bin,11,33554432,1313.66,,
0,bench/30gib-5.bin,12,33554432,1488.16,,
0,bench/30gib-5.bin,13,33554432,1375.94,,
0,bench/30gib-5.bin,14,33554432,1682.07,,
0,bench/30gib-5.bin,15,33554432,1037.90,,
0,bench/30gib-5.bin,16,33554432,936.10,,
0,bench/30gib-5.bin,17,33554432,1423.39,,
0,bench/30gib-5.bin,18,33554432,974.24,,
0,bench/30gib-5.bin,19,33554432,1400.77,,
0,bench/30gib-5.bin,20,33554432,1164.06,,
0,bench/30gib-5.bin,21,33554432,1525.67,,
0,bench/30gib-5.bin,22,33554432,1249.07,,
0,bench/30gib-5.bin,23,33554432,1455.50,,
0,bench/30gib-5.bin,24,33554432,1506.31,,
0,bench/30gib-5.bin,25,33554432,1260.06,,
0,bench/30gib-5.bin,26,33554432,1261.19,,
0,bench/30gib-5.bin,27,33554432,892.76,,
0,bench/30gib-5.bin,28,33554432,1140.90,,
0,bench/30gib-5.bin,29,33554432,1098.46,,
0,bench/30gib-5.bin,30,33554432,1001.93,,
0,bench/30gib-5.bin,31,33554432,1033.76,,
0,bench/30gib-5.bin,32,33554432,756.03,,
0,bench/30gib-5.bin,33,33554432,916.17,,
0,bench/30gib-5.bin,34,33554432,976.67,,
0,bench/30gib-5.bin,35,33554432,640.30,,
0,bench/30gib-5.bin,36,33554432,847.55,,
0,bench/30gib-5.bin,37,33554432,522.55,,
0,bench/30gib-5.bin,38,33554432,865.63,,
0,bench/30gib-5.bin,39,33554432,772.14,,
0,bench/30gib-5.bin,40,33554432,723.08,,
0,bench/30gib-5.bin,41,33554432,1024.93,,
0,bench/30gib-5.bin,42,33554432,1495.79,,
0,bench/30gib-5.bin,43,33554432,901.33,,
0,bench/30gib-5.bin,44,33554432,1058.56,,
0,bench/30gib-5.bin,45,33554432,751.34,,
0,bench/30gib-5.bin,46,33554432,775.90,,
0,bench/30gib-5.bin,47,33554432,778.89,,
0,bench/30gib-5.bin,48,33554432,657.35,,
0,bench/30gib-5.bin,49,33554432,706.60,,
0,bench/30gib-5.bin,50,33554432,728.71,,
0,bench/30gib-5.bin,51,33554432,724.04,,
0,bench/30gib-5.bin,52,33554432,932.28,,
0,bench/30gib-5.bin,53,33554432,584.71,,
0,bench/30gib-5.bin,54,33554432,748.29,,
0,bench/30gib-5.bin,55,33554432,593.65,,
0,bench/30gib-5.bin,56,33554432,1000.89,,
0,bench/30gib-5.bin,57,33554432,711.85,,
0,bench/30gib-5.bin,58,33554432,607.83,,
0,bench/30gib-5.bin,59,33554432,675.94,,
0,bench/30gib-5.bin,60,33554432,793.14,,
0,bench/30gib-5.bin,61,33554432,583.66,,
0,bench/30gib-5.bin,62,33554432,620.86,,
0,bench/30gib-5.bin,63,33554432,640.34,,
0,bench/30gib-5.bin,64,33554432,701.39,,
0,bench/30gib-5.bin,65,33554432,667.18,,
0,bench/30gib-5.bin,66,33554432,719.88,,
0,bench/30gib-5.bin,67,33554432,631.42,,
0,bench/30gib-5.bin,68,33554432,489.67,,
0,bench/30gib-5.bin,69,33554432,574.28,,
0,bench/30gib-5.bin,70,33554432,1166.66,,
0,bench/30gib-5.bin,71,33554432,768.52,,
0,bench/30gib-5.bin,72,33554432,674.03,,
0,bench/30gib-5.bin,73,33554432,689.05,,
0,bench/30gib-5.bin,74,33554432,1139.06,,
0,bench/30gib-5.bin,75,33554432,479.41,,
0,bench/30gib-5.bin,76,33554432,873.96,,
0,bench/30gib-5.bin,77,33554432,627.89,,
0,bench/30gib-5.bin,78,33554432,543.77,,
0,bench/30gib-5.bin,79,33554432,700.01,,
0,bench/30gib-5.bin,80,33554432,526.30,,
0,bench/30gib-5.bin,81,33554432,447.43,,
0,bench/30gib-5.bin,82,33554432,823.14,,
0,bench/30gib-5.bin,83,33554432,746.69,,
0,bench/30gib-5.bin,84,33554432,712.58,,
0,bench/30gib-5.bin,85,33554432,741.54,,
0,bench/30gib-5.bin,86,33554432,492.07,,
0,bench/30gib-5.bin,87,33554432,732.41,,
0,bench/30gib-5.bin,88,33554432,658.25,,
0,bench/30gib-5.bin,89,33554432,898.93,,
0,bench/30gib-5.bin,90,33554432,612.82,,
0,bench/30gib-5.bin,91,33554432,771.00,,
0,bench/30gib-5.bin,92,33554432,599.28,,
0,bench/30gib-5.bin,93,33554432,382.49,,
0,bench/30gib-5.bin,94,33554432,1157.36,,
0,bench/30gib-5.bin,95,33554432,846.09,,
0,bench/30gib-5.bin,96,33554432,426.34,,
0,bench/30gib-5.bin,97,33554432,678.94,,
0,bench/30gib-5.bin,98,33554432,661.47,,
0,bench/30gib-5.bin,99,33554432,940.36,,
0,bench/30gib-5.bin,100,33554432,649.08,,
0,bench/30gib-5.bin,101,33554432,680.06,,
0,bench/30gib-5.bin,102,33554432,582.10,,
0,bench/30gib-5.bin,103,33554432,917.57,,
0,bench/30gib-5.bin,104,33554432,887.58,,
0,bench/30gib-5.bin,105,33554432,580.21,,
0,bench/30gib-5.bin,106,33554432,589.59,,
0,bench/30gib-5.bin,107,33554432,651.09,,
0,bench/30gib-5.bin,108,33554432,668.62,,
0,bench/30gib-5.bin,109,33554432,987.06,,
0,bench/30gib-5.bin,110,33554432,670.92,,
0,bench/30gib-5.bin,111,33554432,837.31,,
0,bench/30gib-5.bin,112,33554432,800.34,,
0,bench/30gib-5.bin,113,33554432,832.91,,
0,bench/30gib-5.bin,114,33554432,489.53,,
0,bench/30gib-5.bin,115,33554432,504.67,,
0,bench/30gib-5.bin,116,33554432,491.16,,
0,bench/30gib-5.bin,117,33554432,977.46,,
0,bench/30gib-5.bin,118,33554432,690.73,,
0,bench/30gib-5.bin,119,33554432,904.21,,
0,bench/30gib-5.bin,120,33554432,827.15,,
0,bench/30gib-5.bin,121,33554432,964.00,,
0,bench/30gib-5.bin,122,33554432,694.19,,
0,bench/30gib-5.bin,123,33554432,599.33,,
0,bench/30gib-5.bin,124,33554432,591.69,,
0,bench/30gib-5.bin,125,33554432,885.62,,
0,bench/30gib-5.bin,126,33554432,599.99,,
0,bench/30gib-5.bin,127,33554432,542.12,,
0,bench/30gib-5.bin,128,33554432,972.86,,
0,bench/30gib-5.bin,129,33554432,534.51,,
0,bench/30gib-5.bin,130,33554432,1073.73,,
0,bench/30gib-5.bin,131,33554432,1107.66,,
0,bench/30gib-5.bin,132,33554432,676.65,,
0,bench/30gib-5.bin,133,33554432,876.92,,
0,bench/30gib-5.bin,134,33554432,580.10,,
0,bench/30gib-5.bin,135,33554432,608.45,,
0,bench/30gib-5.bin,136,33554432,500.35,,
0,bench/30gib-5.bin,137,33554432,522.96,,
0,bench/30gib-5.bin,138,33554432,680.40,,
0,bench/30gib-5.bin,139,33554432,694.96,,
0,bench/30gib-5.bin,140,33554432,717.08,,
0,bench/30gib-5.bin,141,33554432,503.23,,
0,bench/30gib-5.bin,142,33554432,947.46,,
0,bench/30gib-5.bin,143,33554432,527.32,,
0,bench/30gib-5.bin,144,33554432,747.12,,
0,bench/30gib-5.bin,145,33554432,829.61,,
0,bench/30gib-5.bin,146,33554432,933.77,,
0,bench/30gib-5.bin,147,33554432,413.82,,
0,bench/30gib-5.bin,148,33554432,580.80,,
0,bench/30gib-5.bin,149,33554432,945.67,,
0,bench/30gib-5.bin,150,33554432,605.36,,
0,bench/30gib-5.bin,151,33554432,784.45,,
0,bench/30gib-5.bin,152,33554432,778.00,,
0,bench/30gib-5.bin,153,33554432,819.64,,
0,bench/30gib-5.bin,154,33554432,531.93,,
0,bench/30gib-5.bin,155,33554432,606.20,,
0,bench/30gib-5.bin,156,33554432,748.80,,
0,bench/30gib-5.bin,157,33554432,501.30,,
0,bench/30gib-5.bin,158,33554432,604.11,,
0,bench/30gib-5.bin,159,33554432,470.57,,
0,bench/30gib-5.bin,160,33554432,768.20,,
0,bench/30gib-5.bin,161,33554432,1427.16,,
0,bench/30gib-5.bin,162,33554432,720.79,,
0,bench/30gib-5.bin,163,33554432,872.80,,
0,bench/30gib-5.bin,164,33554432,526.63,,
0,bench/30gib-5.bin,165,33554432,626.19,,
0,bench/30gib-5.bin,166,33554432,703.82,,
0,bench/30gib-5.bin,167,33554432,1108.49,,
0,bench/30gib-5.bin,168,33554432,768.11,,
0,bench/30gib-5.bin,169,33554432,915.92,,
0,bench/30gib-5.bin,170,33554432,623.78,,
0,bench/30gib-5.bin,171,33554432,700.93,,
0,bench/30gib-5.bin,172,33554432,1030.50,,
0,bench/30gib-5.bin,173,33554432,1066.81,,
0,bench/30gib-5.bin,174,33554432,427.79,,
0,bench/30gib-5.bin,175,33554432,1144.87,,
0,bench/30gib-5.bin,176,33554432,715.99,,
0,bench/30gib-5.bin,177,33554432,1112.57,,
0,bench/30gib-5.bin,178,33554432,835.50,,
0,bench/30gib-5.bin,179,33554432,897.52,,
0,bench/30gib-5.bin,180,33554432,573.31,,
0,bench/30gib-5.bin,181,33554432,466.90,,
0,bench/30gib-5.bin,182,33554432,699.90,,
0,bench/30gib-5.bin,183,33554432,457.95,,
0,bench/30gib-5.bin,184,33554432,652.11,,
0,bench/30gib-5.bin,185,33554432,532.82,,
0,bench/30gib-5.bin,186,33554432,630.34,,
0,bench/30gib-5.bin,187,33554432,1023.43,,
0,bench/30gib-5.bin,188,33554432,708.00,,
0,bench/30gib-5.bin,189,33554432,559.63,,
0,bench/30gib-5.bin,190,33554432,642.65,,
0,bench/30gib-5.bin,191,33554432,610.19,,
0,bench/30gib-5.bin,192,33554432,374.55,,
0,bench/30gib-5.bin,193,33554432,355.33,,
0,bench/30gib-5.bin,194,33554432,814.98,,
0,bench/30gib-5.bin,195,33554432,1018.88,,
0,bench/30gib-5.bin,196,33554432,651.22,,
0,bench/30gib-5.bin,197,33554432,599.25,,
0,bench/30gib-5.bin,198,33554432,733.68,,
0,bench/30gib-5.bin,199,33554432,931.13,,
0,bench/30gib-5.bin,200,33554432,548.12,,
0,bench/30gib-5.bin,201,33554432,836.66,,
0,bench/30gib-5.bin,202,33554432,768.52,,
0,bench/30gib-5.bin,203,33554432,410.24,,
0,bench/30gib-5.bin,204,33554432,947.63,,
0,bench/30gib-5.bin,205,33554432,602.62,,
0,bench/30gib-5.bin,206,33554432,621.57,,
0,bench/30gib-5.bin,207,33554432,748.55,,
0,bench/30gib-5.bin,208,33554432,534.09,,
0,bench/30gib-5.bin,209,33554432,717.15,,
0,bench/30gib-5.bin,210,33554432,522.88,,
0,bench/30gib-5.bin,211,33554432,844.22,,
0,bench/30gib-5.bin,212,33554432,2151.15,,
0,bench/30gib-5.bin,213,33554432,852.16,,
0,bench/30gib-5.bin,214,33554432,439.14,,
0,bench/30gib-5.bin,215,33554432,863.96,,
0,bench/30gib-5.bin,216,33554432,1209.34,,
0,bench/30gib-5.bin,217,33554432,768.41,,
0,bench/30gib-5.bin,218,33554432,584.92,,
0,bench/30gib-5.bin,219,33554432,433.76,,
0,bench/30gib-5.bin,220,33554432,933.24,,
0,bench/30gib-5.bin,221,33554432,816.88,,
0,bench/30gib-5.bin,222,33554432,906.37,,
0,bench/30gib-5.bin,223,33554432,826.21,,
0,bench/30gib-5.bin,224,33554432,678.16,,
0,bench/30gib-5.bin,225,33554432,521.83,,
0,bench/30gib-5.bin,226,33554432,500.69,,
0,bench/30gib-5.bin,227,33554432,569.35,,
0,bench/30gib-5.bin,228,33554432,574.41,,
0,bench/30gib-5.bin,229,33554432,598.94,,
0,bench/30gib-5.bin,230,33554432,531.78,,
0,bench/30gib-5.bin,231,33554432,514.53,,
0,bench/30gib-5.bin,232,33554432,546.33,,
0,bench/30gib-5.bin,233,33554432,566.31,,
0,bench/30gib-5.bin,234,33554432,507.95,,
0,bench/30gib-5.bin,235,33554432,348.35,,
0,bench/30gib-5.bin,236,33554432,605.41,,
0,bench/30gib-5.bin,237,33554432,534.17,,
0,bench/30gib-5.bin,238,33554432,361.39,,
0,bench/30gib-5.bin,239,33554432,796.62,,
0,bench/30gib-5.bin,240,33554432,997.13,,
0,bench/30gib-5.bin,241,33554432,540.51,,
0,bench/30gib-5.bin,242,33554432,577.72,,
0,bench/30gib-5.bin,243,33554432,565.42,,
0,bench/30gib-5.bin,244,33554432,494.45,,
0,bench/30gib-5.bin,245,33554432,488.72,,
0,bench/30gib-5.bin,246,33554432,987.24,,
0,bench/30gib-5.bin,247,33554432,651.18,,
0,bench/30gib-5.bin,248,33554432,552.42,,
0,bench/30gib-5.bin,249,33554432,674.26,,
0,bench/30gib-5.bin,250,33554432,930.78,,
0,bench/30gib-5.bin,251,33554432,754.44,,
0,bench/30gib-5.bin,252,33554432,690.22,,
0,bench/30gib-5.bin,253,33554432,831.49,,
0,bench/30gib-5.bin,254,33554432,747.38,,
0,bench/30gib-5.bin,255,33554432,1075.01,,
0,bench/30gib-5.bin,256,33554432,769.31,,
0,bench/30gib-5.bin,257,33554432,443.45,,
0,bench/30gib-5.bin,258,33554432,626.25,,
0,bench/30gib-5.bin,259,33554432,813.87,,
0,bench/30gib-5.bin,260,33554432,618.93,,
0,bench/30gib-5.bin,261,33554432,887.94,,
0,bench/30gib-5.bin,262,33554432,758.48,,
0,bench/30gib-5.bin,263,33554432,636.56,,
0,bench/30gib-5.bin,264,33554432,535.89,,
0,bench/30gib-5.bin,265,33554432,444.95,,
0,bench/30gib-5.bin,266,33554432,599.89,,
0,bench/30gib-5.bin,267,33554432,605.85,,
0,bench/30gib-5.bin,268,33554432,480.79,,
0,bench/30gib-5.bin,269,33554432,847.45,,
0,bench/30gib-5.bin,270,33554432,510.80,,
0,bench/30gib-5.bin,271,33554432,831.18,,
0,bench/30gib-5.bin,272,33554432,1044.01,,
0,bench/30gib-5.bin,273,33554432,596.44,,
0,bench/30gib-5.bin,274,33554432,692.97,,
0,bench/30gib-5.bin,275,33554432,409.76,,
0,bench/30gib-5.bin,276,33554432,613.93,,
0,bench/30gib-5.bin,277,33554432,1042.36,,
0,bench/30gib-5.bin,278,33554432,920.45,,
0,bench/30gib-5.bin,279,33554432,649.93,,
0,bench/30gib-5.bin,280,33554432,456.13,,
0,bench/30gib-5.bin,281,33554432,695.69,,
0,bench/30gib-5.bin,282,33554432,766.94,,
0,bench/30gib-5.bin,283,33554432,873.04,,
0,bench/30gib-5.bin,284,33554432,527.99,,
0,bench/30gib-5.bin,285,33554432,613.75,,
0,bench/30gib-5.bin,286,33554432,722.19,,
0,bench/30gib-5.bin,287,33554432,813.83,,
0,bench/30gib-5.bin,288,33554432,602.14,,
0,bench/30gib-5.bin,289,33554432,534.26,,
0,bench/30gib-5.bin,290,33554432,594.42,,
0,bench/30gib-5.bin,291,33554432,719.21,,
0,bench/30gib-5.bin,292,33554432,562.56,,
0,bench/30gib-5.bin,293,33554432,851.33,,
0,bench/30gib-5.bin,294,33554432,1039.61,,
0,bench/30gib-5.bin,295,33554432,715.29,,
0,bench/30gib-5.bin,296,33554432,576.98,,
0,bench/30gib-5.bin,297,33554432,838.39,,
0,bench/30gib-5.bin,298,33554432,477.18,,
0,bench/30gib-5.bin,299,33554432,857.02,,
0,bench/30gib-5.bin,300,33554432,557.18,,
0,bench/30gib-5.bin,301,33554432,953.41,,
0,bench/30gib-5.bin,302,33554432,469.68,,
0,bench/30gib-5.bin,303,33554432,482.68,,
0,bench/30gib-5.bin,304,33554432,874.07,,
0,bench/30gib-5.bin,305,33554432,1585.90,,
0,bench/30gib-5.bin,306,33554432,547.35,,
0,bench/30gib-5.bin,307,33554432,390.39,,
0,bench/30gib-5.bin,308,33554432,732.35,,
0,bench/30gib-5.bin,309,33554432,668.60,,
0,bench/30gib-5.bin,310,33554432,468.89,,
0,bench/30gib-5.bin,311,33554432,616.73,,
0,bench/30gib-5.bin,312,33554432,1121.64,,
0,bench/30gib-5.bin,313,33554432,477.98,,
0,bench/30gib-5.bin,314,33554432,450.96,,
0,bench/30gib-5.bin,315,33554432,919.03,,
0,bench/30gib-5.bin,316,33554432,1028.88,,
0,bench/30gib-5.bin,317,33554432,507.36,,
0,bench/30gib-5.bin,318,33554432,607.88,,
0,bench/30gib-5.bin,319,33554432,850.58,,
0,bench/30gib-5.bin,320,33554432,546.16,,
0,bench/30gib-5.bin,321,33554432,584.77,,
0,bench/30gib-5.bin,322,33554432,610.18,,
0,bench/30gib-5.bin,323,33554432,1219.96,,
0,bench/30gib-5.bin,324,33554432,1089.16,,
0,bench/30gib-5.bin,325,33554432,713.36,,
0,bench/30gib-5.bin,326,33554432,907.68,,
0,bench/30gib-5.bin,327,33554432,746.55,,
0,bench/30gib-5.bin,328,33554432,591.39,,
0,bench/30gib-5.bin,329,33554432,594.48,,
0,bench/30gib-5.bin,330,33554432,562.63,,
0,bench/30gib-5.bin,331,33554432,641.68,,
0,bench/30gib-5.bin,332,33554432,518.73,,
0,bench/30gib-5.bin,333,33554432,412.90,,
0,bench/30gib-5.bin,334,33554432,793.55,,
0,bench/30gib-5.bin,335,33554432,720.38,,
0,bench/30gib-5.bin,336,33554432,585.49,,
0,bench/30gib-5.bin,337,33554432,382.58,,
0,bench/30gib-5.bin,338,33554432,990.62,,
0,bench/30gib-5.bin,339,33554432,528.15,,
0,bench/30gib-5.bin,340,33554432,511.99,,
0,bench/30gib-5.bin,341,33554432,485.83,,
0,bench/30gib-5.bin,342,33554432,791.51,,
0,bench/30gib-5.bin,343,33554432,771.16,,
0,bench/30gib-5.bin,344,33554432,516.07,,
0,bench/30gib-5.bin,345,33554432,728.21,,
0,bench/30gib-5.bin,346,33554432,492.03,,
0,bench/30gib-5.bin,347,33554432,591.87,,
0,bench/30gib-5.bin,348,33554432,522.15,,
0,bench/30gib-5.bin,349,33554432,815.42,,
0,bench/30gib-5.bin,350,33554432,668.59,,
0,bench/30gib-5.bin,351,33554432,446.84,,
0,bench/30gib-5.bin,352,33554432,509.87,,
0,bench/30gib-5.bin,353,33554432,518.88,,
0,bench/30gib-5.bin,354,33554432,832.69,,
0,bench/30gib-5.bin,355,33554432,1088.44,,
0,bench/30gib-5.bin,356,33554432,700.43,,
0,bench/30gib-5.bin,357,33554432,520.97,,
0,bench/30gib-5.bin,358,33554432,577.87,,
0,bench/30gib-5.bin,359,33554432,548.22,,
0,bench/30gib-5.bin,360,33554432,414.39,,
0,bench/30gib-5.bin,361,33554432,517.63,,
0,bench/30gib-5.bin,362,33554432,846.80,,
0,bench/30gib-5.bin,363,33554432,720.74,,
0,bench/30gib-5.bin,364,33554432,412.30,,
0,bench/30gib-5.bin,365,33554432,887.48,,
0,bench/30gib-5.bin,366,33554432,574.45,,
0,bench/30gib-5.bin,367,33554432,902.53,,
0,bench/30gib-5.bin,368,33554432,671.34,,
0,bench/30gib-5.bin,369,33554432,528.99,,
0,bench/30gib-5.bin,370,33554432,442.73,,
0,bench/30gib-5.bin,371,33554432,838.95,,
0,bench/30gib-5.bin,372,33554432,694.28,,
0,bench/30gib-5.bin,373,33554432,397.12,,
0,bench/30gib-5.bin,374,33554432,541.11,,
0,bench/30gib-5.bin,375,33554432,890.38,,
0,bench/30gib-5.bin,376,33554432,532.90,,
0,bench/30gib-5.bin,377,33554432,844.73,,
0,bench/30gib-5.bin,378,33554432,641.67,,
0,bench/30gib-5.bin,379,33554432,850.29,,
0,bench/30gib-5.bin,380,33554432,569.93,,
0,bench/30gib-5.bin,381,33554432,734.62,,
0,bench/30gib-5.bin,382,33554432,548.02,,
0,bench/30gib-5.bin,383,33554432,554.97,,
0,bench/30gib-5.bin,384,33554432,589.62,,
0,bench/30gib-5.bin,385,33554432,765.53,,
0,bench/30gib-5.bin,386,33554432,1000.79,,
0,bench/30gib-5.bin,387,33554432,620.78,,
0,bench/30gib-5.bin,388,33554432,887.32,,
0,bench/30gib-5.bin,389,33554432,817.23,,
0,bench/30gib-5.bin,390,33554432,500.04,,
0,bench/30gib-5.bin,391,33554432,522.14,,
0,bench/30gib-5.bin,392,33554432,1029.96,,
0,bench/30gib-5.bin,393,33554432,526.21,,
0,bench/30gib-5.bin,394,33554432,602.31,,
0,bench/30gib-5.bin,395,33554432,1297.94,,
0,bench/30gib-5.bin,396,33554432,705.36,,
0,bench/30gib-5.bin,397,33554432,619.82,,
0,bench/30gib-5.bin,398,33554432,693.66,,
0,bench/30gib-5.bin,399,33554432,745.70,,
0,bench/30gib-5.bin,400,33554432,683.51,,
0,bench/30gib-5.bin,401,33554432,756.09,,
0,bench/30gib-5.bin,402,33554432,719.10,,
0,bench/30gib-5.bin,403,33554432,734.29,,
0,bench/30gib-5.bin,404,33554432,1054.87,,
0,bench/30gib-5.bin,405,33554432,547.74,,
0,bench/30gib-5.bin,406,33554432,679.12,,
0,bench/30gib-5.bin,407,33554432,744.21,,
0,bench/30gib-5.bin,408,33554432,819.62,,
0,bench/30gib-5.bin,409,33554432,576.17,,
0,bench/30gib-5.bin,410,33554432,530.23,,
0,bench/30gib-5.bin,411,33554432,546.30,,
0,bench/30gib-5.bin,412,33554432,523.01,,
0,bench/30gib-5.bin,413,33554432,614.83,,
0,bench/30gib-5.bin,414,33554432,710.87,,
0,bench/30gib-5.bin,415,33554432,724.36,,
0,bench/30gib-5.bin,416,33554432,720.82,,
0,bench/30gib-5.bin,417,33554432,1221.02,,
0,bench/30gib-5.bin,418,33554432,441.36,,
0,bench/30gib-5.bin,419,33554432,444.49,,
0,bench/30gib-5.bin,420,33554432,1121.86,,
0,bench/30gib-5.bin,421,33554432,602.96,,
0,bench/30gib-5.bin,422,33554432,1099.00,,
0,bench/30gib-5.bin,423,33554432,870.76,,
0,bench/30gib-5.bin,424,33554432,1055.98,,
0,bench/30gib-5.bin,425,33554432,811.62,,
0,bench/30gib-5.bin,426,33554432,618.95,,
0,bench/30gib-5.bin,427,33554432,1136.53,,
0,bench/30gib-5.bin,428,33554432,360.85,,
0,bench/30gib-5.bin,429,33554432,548.56,,
0,bench/30gib-5.bin,430,33554432,405.59,,
0,bench/30gib-5.bin,431,33554432,445.71,,
0,bench/30gib-5.bin,432,33554432,695.72,,
0,bench/30gib-5.bin,433,33554432,1052.84,,
0,bench/30gib-5.bin,434,33554432,568.74,,
0,bench/30gib-5.bin,435,33554432,751.62,,
0,bench/30gib-5.bin,436,33554432,459.91,,
0,bench/30gib-5.bin,437,33554432,1117.05,,
0,bench/30gib-5.bin,438,33554432,782.64,,
0,bench/30gib-5.bin,439,33554432,928.82,,
0,bench/30gib-5.bin,440,33554432,505.47,,
0,bench/30gib-5.bin,441,33554432,883.19,,
0,bench/30gib-5.bin,442,33554432,495.36,,
0,bench/30gib-5.bin,443,33554432,634.27,,
0,bench/30gib-5.bin,444,33554432,578.31,,
0,bench/30gib-5.bin,445,33554432,682.94,,
0,bench/30gib-5.bin,446,33554432,605.06,,
0,bench/30gib-5.bin,447,33554432,595.53,,
0,bench/30gib-5.bin,448,33554432,1213.11,,
0,bench/30gib-5.bin,449,33554432,719.39,,
0,bench/30gib-5.bin,450,33554432,592.27,,
0,bench/30gib-5.bin,451,33554432,479.54,,
0,bench/30gib-5.bin,452,33554432,823.61,,
0,bench/30gib-5.bin,453,33554432,488.00,,
0,bench/30gib-5.bin,454,33554432,1023.91,,
0,bench/30gib-5.bin,455,33554432,705.45,,
0,bench/30gib-5.bin,456,33554432,1178.43,,
0,bench/30gib-5.bin,457,33554432,667.60,,
0,bench/30gib-5.bin,458,33554432,757.76,,
0,bench/30gib-5.bin,459,33554432,542.25,,
0,bench/30gib-5.bin,460,33554432,1129.44,,
0,bench/30gib-5.bin,461,33554432,980.47,,
0,bench/30gib-5.bin,462,33554432,555.79,,
0,bench/30gib-5.bin,463,33554432,659.52,,
0,bench/30gib-5.bin,464,33554432,615.23,,
0,bench/30gib-5.bin,465,33554432,1175.10,,
0,bench/30gib-5.bin,466,33554432,367.45,,
0,bench/30gib-5.bin,467,33554432,521.72,,
0,bench/30gib-5.bin,468,33554432,592.90,,
0,bench/30gib-5.bin,469,33554432,513.38,,
0,bench/30gib-5.bin,470,33554432,780.16,,
0,bench/30gib-5.bin,471,33554432,590.06,,
0,bench/30gib-5.bin,472,33554432,520.68,,
0,bench/30gib-5.bin,473,33554432,504.53,,
0,bench/30gib-5.bin,474,33554432,624.35,,
0,bench/30gib-5.bin,475,33554432,600.52,,
0,bench/30gib-5.bin,476,33554432,533.72,,
0,bench/30gib-5.bin,477,33554432,544.32,,
0,bench/30gib-5.bin,478,33554432,775.17,,
0,bench/30gib-5.bin,479,33554432,754.97,,
0,bench/30gib-5.bin,480,33554432,849.16,,
0,bench/30gib-5.bin,481,33554432,1008.13,,
0,bench/30gib-5.bin,482,33554432,534.69,,
0,bench/30gib-5.bin,483,33554432,626.67,,
0,bench/30gib-5.bin,484,33554432,1058.91,,
0,bench/30gib-5.bin,485,33554432,737.25,,
0,bench/30gib-5.bin,486,33554432,988.27,,
0,bench/30gib-5.bin,487,33554432,351.98,,
0,bench/30gib-5.bin,488,33554432,425.31,,
0,bench/30gib-5.bin,489,33554432,908.69,,
0,bench/30gib-5.bin,490,33554432,622.85,,
0,bench/30gib-5.bin,491,33554432,590.19,,
0,bench/30gib-5.bin,492,33554432,679.23,,
0,bench/30gib-5.bin,493,33554432,669.57,,
0,bench/30gib-5.bin,494,33554432,879.66,,
0,bench/30gib-5.bin,495,33554432,797.19,,
0,bench/30gib-5.bin,496,33554432,1268.59,,
0,bench/30gib-5.bin,497,33554432,691.86,,
0,bench/30gib-5.bin,498,33554432,1339.36,,
0,bench/30gib-5.bin,499,33554432,1074.84,,
0,bench/30gib-5.bin,500,33554432,583.74,,
0,bench/30gib-5.bin,501,33554432,385.05,,
0,bench/30gib-5.bin,502,33554432,577.48,,
0,bench/30gib-5.bin,503,33554432,381.94,,
0,bench/30gib-5.bin,504,33554432,472.66,,
0,bench/30gib-5.bin,505,33554432,1724.39,,
0,bench/30gib-5.bin,506,33554432,843.62,,
0,bench/30gib-5.bin,507,33554432,549.29,,
0,bench/30gib-5.bin,508,33554432,1066.43,,
0,bench/30gib-5.bin,509,33554432,709.57,,
0,bench/30gib-5.bin,510,33554432,658.12,,
0,bench/30gib-5.bin,511,33554432,575.82,,
0,bench/30gib-5.bin,512,33554432,939.52,,
0,bench/30gib-5.bin,513,33554432,985.47,,
0,bench/30gib-5.bin,514,33554432,628.51,,
0,bench/30gib-5.bin,515,33554432,582.54,,
0,bench/30gib-5.bin,516,33554432,609.74,,
0,bench/30gib-5.bin,517,33554432,651.47,,
0,bench/30gib-5.bin,518,33554432,686.36,,
0,bench/30gib-5.bin,519,33554432,738.36,,
0,bench/30gib-5.bin,520,33554432,975.82,,
0,bench/30gib-5.bin,521,33554432,792.45,,
0,bench/30gib-5.bin,522,33554432,496.46,,
0,bench/30gib-5.bin,523,33554432,511.77,,
0,bench/30gib-5.bin,524,33554432,1030.70,,
0,bench/30gib-5.bin,525,33554432,923.08,,
0,bench/30gib-5.bin,526,33554432,1155.45,,
0,bench/30gib-5.bin,527,33554432,1033.20,,
0,bench/30gib-5.bin,528,33554432,908.79,,
0,bench/30gib-5.bin,529,33554432,666.93,,
0,bench/30gib-5.bin,530,33554432,533.02,,
0,bench/30gib-5.bin,531,33554432,690.82,,
0,bench/30gib-5.bin,532,33554432,746.45,,
0,bench/30gib-5.bin,533,33554432,668.55,,
0,bench/30gib-5.bin,534,33554432,505.68,,
0,bench/30gib-5.bin,535,33554432,673.99,,
0,bench/30gib-5.bin,536,33554432,530.40,,
0,bench/30gib-5.bin,537,33554432,425.53,,
0,bench/30gib-5.bin,538,33554432,596.63,,
0,bench/30gib-5.bin,539,33554432,791.77,,
0,bench/30gib-5.bin,540,33554432,1303.29,,
0,bench/30gib-5.bin,541,33554432,399.39,,
0,bench/30gib-5.bin,542,33554432,836.12,,
0,bench/30gib-5.bin,543,33554432,656.51,,
0,bench/30gib-5.bin,544,33554432,1433.75,,
0,bench/30gib-5.bin,545,33554432,791.54,,
0,bench/30gib-5.bin,546,33554432,563.95,,
0,bench/30gib-5.bin,547,33554432,909.19,,
0,bench/30gib-5.bin,548,33554432,675.31,,
0,bench/30gib-5.bin,549,33554432,1186.78,,
0,bench/30gib-5.bin,550,33554432,988.94,,
0,bench/30gib-5.bin,551,33554432,1076.02,,
0,bench/30gib-5.bin,552,33554432,2121.84,,
0,bench/30gib-5.bin,553,33554432,580.92,,
0,bench/30gib-5.bin,554,33554432,630.26,,
0,bench/30gib-5.bin,555,33554432,758.53,,
0,bench/30gib-5.bin,556,33554432,714.59,,
0,bench/30gib-5.bin,557,33554432,441.91,,
0,bench/30gib-5.bin,558,33554432,386.07,,
0,bench/30gib-5.bin,559,33554432,480.12,,
0,bench/30gib-5.bin,560,33554432,432.28,,
0,bench/30gib-5.bin,561,33554432,651.46,,
0,bench/30gib-5.bin,562,33554432,1425.96,,
0,bench/30gib-5.bin,563,33554432,627.52,,
0,bench/30gib-5.bin,564,33554432,529.88,,
0,bench/30gib-5.bin,565,33554432,696.29,,
0,bench/30gib-5.bin,566,33554432,779.38,,
0,bench/30gib-5.bin,567,33554432,811.11,,
0,bench/30gib-5.bin,568,33554432,590.42,,
0,bench/30gib-5.bin,569,33554432,1090.75,,
0,bench/30gib-5.bin,570,33554432,562.05,,
0,bench/30gib-5.bin,571,33554432,596.17,,
0,bench/30gib-5.bin,572,33554432,584.40,,
0,bench/30gib-5.bin,573,33554432,495.02,,
0,bench/30gib-5.bin,574,33554432,462.07,,
0,bench/30gib-5.bin,575,33554432,1195.58,,
0,bench/30gib-5.bin,576,33554432,624.69,,
0,bench/30gib-5.bin,577,33554432,1233.54,,
0,bench/30gib-5.bin,578,33554432,736.23,,
0,bench/30gib-5.bin,579,33554432,648.75,,
0,bench/30gib-5.bin,580,33554432,777.80,,
0,bench/30gib-5.bin,581,33554432,1124.30,,
0,bench/30gib-5.bin,582,33554432,528.48,,
0,bench/30gib-5.bin,583,33554432,941.62,,
0,bench/30gib-5.bin,584,33554432,773.43,,
0,bench/30gib-5.bin,585,33554432,434.05,,
0,bench/30gib-5.bin,586,33554432,777.87,,
0,bench/30gib-5.bin,587,33554432,453.68,,
0,bench/30gib-5.bin,588,33554432,407.55,,
0,bench/30gib-5.bin,589,33554432,583.06,,
0,bench/30gib-5.bin,590,33554432,914.43,,
0,bench/30gib-5.bin,591,33554432,647.51,,
0,bench/30gib-5.bin,592,33554432,497.16,,
0,bench/30gib-5.bin,593,33554432,784.35,,
0,bench/30gib-5.bin,594,33554432,835.38,,
0,bench/30gib-5.bin,595,33554432,541.50,,
0,bench/30gib-5.bin,596,33554432,584.48,,
0,bench/30gib-5.bin,597,33554432,534.49,,
0,bench/30gib-5.bin,598,33554432,801.00,,
0,bench/30gib-5.bin,599,33554432,759.67,,
0,bench/30gib-5.bin,600,33554432,413.04,,
0,bench/30gib-5.bin,601,33554432,528.52,,
0,bench/30gib-5.bin,602,33554432,719.62,,
0,bench/30gib-5.bin,603,33554432,589.36,,
0,bench/30gib-5.bin,604,33554432,568.06,,
0,bench/30gib-5.bin,605,33554432,613.49,,
0,bench/30gib-5.bin,606,33554432,986.43,,
0,bench/30gib-5.bin,607,33554432,1023.57,,
0,bench/30gib-5.bin,608,33554432,845.66,,
0,bench/30gib-5.bin,609,33554432,374.27,,
0,bench/30gib-5.bin,610,33554432,514.59,,
0,bench/30gib-5.bin,611,33554432,504.68,,
0,bench/30gib-5.bin,612,33554432,611.48,,
0,bench/30gib-5.bin,613,33554432,913.04,,
0,bench/30gib-5.bin,614,33554432,418.83,,
0,bench/30gib-5.bin,615,33554432,598.44,,
0,bench/30gib-5.bin,616,33554432,637.05,,
0,bench/30gib-5.bin,617,33554432,591.33,,
0,bench/30gib-5.bin,618,33554432,1012.29,,
0,bench/30gib-5.bin,619,33554432,1313.08,,
0,bench/30gib-5.bin,620,33554432,706.29,,
0,bench/30gib-5.bin,621,33554432,896.15,,
0,bench/30gib-5.bin,622,33554432,880.57,,
0,bench/30gib-5.bin,623,33554432,621.85,,
0,bench/30gib-5.bin,624,33554432,906.94,,
0,bench/30gib-5.bin,625,33554432,818.21,,
0,bench/30gib-5.bin,626,33554432,588.15,,
0,bench/30gib-5.bin,627,33554432,831.13,,
0,bench/30gib-5.bin,628,33554432,441.53,,
0,bench/30gib-5.bin,629,33554432,883.56,,
0,bench/30gib-5.bin,630,33554432,836.90,,
0,bench/30gib-5.bin,631,33554432,573.13,,
0,bench/30gib-5.bin,632,33554432,966.87,,
0,bench/30gib-5.bin,633,33554432,1037.48,,
0,bench/30gib-5.bin,634,33554432,1032.74,,
0,bench/30gib-5.bin,635,33554432,590.93,,
0,bench/30gib-5.bin,636,33554432,730.74,,
0,bench/30gib-5.bin,637,33554432,895.51,,
0,bench/30gib-5.bin,638,33554432,508.54,,
0,bench/30gib-5.bin,639,33554432,588.06,,
0,bench/30gib-5.bin,640,33554432,579.07,,
0,bench/30gib-5.bin,641,33554432,969.59,,
0,bench/30gib-5.bin,642,33554432,732.51,,
0,bench/30gib-5.bin,643,33554432,744.40,,
0,bench/30gib-5.bin,644,33554432,1046.11,,
0,bench/30gib-5.bin,645,33554432,538.23,,
0,bench/30gib-5.bin,646,33554432,601.00,,
0,bench/30gib-5.bin,647,33554432,1238.38,,
0,bench/30gib-5.bin,648,33554432,1096.56,,
0,bench/30gib-5.bin,649,33554432,869.77,,
0,bench/30gib-5.bin,650,33554432,447.58,,
0,bench/30gib-5.bin,651,33554432,698.78,,
0,bench/30gib-5.bin,652,33554432,771.34,,
0,bench/30gib-5.bin,653,33554432,525.85,,
0,bench/30gib-5.bin,654,33554432,804.77,,
0,bench/30gib-5.bin,655,33554432,692.12,,
0,bench/30gib-5.bin,656,33554432,959.14,,
0,bench/30gib-5.bin,657,33554432,428.57,,
0,bench/30gib-5.bin,658,33554432,599.26,,
0,bench/30gib-5.bin,659,33554432,620.56,,
0,bench/30gib-5.bin,660,33554432,515.20,,
0,bench/30gib-5.bin,661,33554432,1020.57,,
0,bench/30gib-5.bin,662,33554432,470.20,,
0,bench/30gib-5.bin,663,33554432,734.43,,
0,bench/30gib-5.bin,664,33554432,628.18,,
0,bench/30gib-5.bin,665,33554432,1242.35,,
0,bench/30gib-5.bin,666,33554432,1428.36,,
0,bench/30gib-5.bin,667,33554432,527.36,,
0,bench/30gib-5.bin,668,33554432,483.33,,
0,bench/30gib-5.bin,669,33554432,639.17,,
0,bench/30gib-5.bin,670,33554432,1409.65,,
0,bench/30gib-5.bin,671,33554432,864.41,,
0,bench/30gib-5.bin,672,33554432,773.23,,
0,bench/30gib-5.bin,673,33554432,802.46,,
0,bench/30gib-5.bin,674,33554432,1050.11,,
0,bench/30gib-5.bin,675,33554432,666.37,,
0,bench/30gib-5.bin,676,33554432,730.19,,
0,bench/30gib-5.bin,677,33554432,585.66,,
0,bench/30gib-5.bin,678,33554432,637.32,,
0,bench/30gib-5.bin,679,33554432,425.59,,
0,bench/30gib-5.bin,680,33554432,713.94,,
0,bench/30gib-5.bin,681,33554432,1157.08,,
0,bench/30gib-5.bin,682,33554432,579.05,,
0,bench/30gib-5.bin,683,33554432,802.21,,
0,bench/30gib-5.bin,684,33554432,798.80,,
0,bench/30gib-5.bin,685,33554432,467.06,,
0,bench/30gib-5.bin,686,33554432,1197.43,,
0,bench/30gib-5.bin,687,33554432,917.87,,
0,bench/30gib-5.bin,688,33554432,880.31,,
0,bench/30gib-5.bin,689,33554432,878.75,,
0,bench/30gib-5.bin,690,33554432,583.09,,
0,bench/30gib-5.bin,691,33554432,533.74,,
0,bench/30gib-5.bin,692,33554432,516.50,,
0,bench/30gib-5.bin,693,33554432,716.02,,
0,bench/30gib-5.bin,694,33554432,573.27,,
0,bench/30gib-5.bin,695,33554432,604.62,,
0,bench/30gib-5.bin,696,33554432,453.85,,
0,bench/30gib-5.bin,697,33554432,517.31,,
0,bench/30gib-5.bin,698,33554432,531.20,,
0,bench/30gib-5.bin,699,33554432,496.59,,
0,bench/30gib-5.bin,700,33554432,667.71,,
0,bench/30gib-5.bin,701,33554432,935.62,,
0,bench/30gib-5.bin,702,33554432,515.94,,
0,bench/30gib-5.bin,703,33554432,844.03,,
0,bench/30gib-5.bin,704,33554432,861.82,,
0,bench/30gib-5.bin,705,33554432,1163.09,,
0,bench/30gib-5.bin,706,33554432,580.84,,
0,bench/30gib-5.bin,707,33554432,771.74,,
0,bench/30gib-5.bin,708,33554432,559.09,,
0,bench/30gib-5.bin,709,33554432,806.17,,
0,bench/30gib-5.bin,710,33554432,448.23,,
0,bench/30gib-5.bin,711,33554432,588.69,,
0,bench/30gib-5.bin,712,33554432,564.49,,
0,bench/30gib-5.bin,713,33554432,503.05,,
0,bench/30gib-5.bin,714,33554432,1290.98,,
0,bench/30gib-5.bin,715,33554432,429.66,,
0,bench/30gib-5.bin,716,33554432,637.78,,
0,bench/30gib-5.bin,717,33554432,441.98,,
0,bench/30gib-5.bin,718,33554432,764.44,,
0,bench/30gib-5.bin,719,33554432,813.05,,
0,bench/30gib-5.bin,720,33554432,569.46,,
0,bench/30gib-5.bin,721,33554432,380.00,,
0,bench/30gib-5.bin,722,33554432,660.39,,
0,bench/30gib-5.bin,723,33554432,499.97,,
0,bench/30gib-5.bin,724,33554432,655.18,,
0,bench/30gib-5.bin,725,33554432,977.90,,
0,bench/30gib-5.bin,726,33554432,722.21,,
0,bench/30gib-5.bin,727,33554432,1039.97,,
0,bench/30gib-5.bin,728,33554432,424.69,,
0,bench/30gib-5.bin,729,33554432,651.52,,
0,bench/30gib-5.bin,730,33554432,615.86,,
0,bench/30gib-5.bin,731,33554432,544.93,,
0,bench/30gib-5.bin,732,33554432,528.01,,
0,bench/30gib-5.bin,733,33554432,957.57,,
0,bench/30gib-5.bin,734,33554432,646.95,,
0,bench/30gib-5.bin,735,33554432,811.16,,
0,bench/30gib-5.bin,736,33554432,551.51,,
0,bench/30gib-5.bin,737,33554432,694.54,,
0,bench/30gib-5.bin,738,33554432,409.25,,
0,bench/30gib-5.bin,739,33554432,638.93,,
0,bench/30gib-5.bin,740,33554432,570.96,,
0,bench/30gib-5.bin,741,33554432,763.73,,
0,bench/30gib-5.bin,742,33554432,809.64,,
0,bench/30gib-5.bin,743,33554432,555.66,,
0,bench/30gib-5.bin,744,33554432,653.63,,
0,bench/30gib-5.bin,745,33554432,602.82,,
0,bench/30gib-5.bin,746,33554432,657.88,,
0,bench/30gib-5.bin,747,33554432,728.42,,
0,bench/30gib-5.bin,748,33554432,900.97,,
0,bench/30gib-5.bin,749,33554432,741.19,,
0,bench/30gib-5.bin,750,33554432,900.11,,
0,bench/30gib-5.bin,751,33554432,559.78,,
0,bench/30gib-5.bin,752,33554432,346.57,,
0,bench/30gib-5.bin,753,33554432,897.10,,
0,bench/30gib-5.bin,754,33554432,1350.19,,
0,bench/30gib-5.bin,755,33554432,916.72,,
0,bench/30gib-5.bin,756,33554432,591.39,,
0,bench/30gib-5.bin,757,33554432,780.16,,
0,bench/30gib-5.bin,758,33554432,1258.68,,
0,bench/30gib-5.bin,759,33554432,972.72,,
0,bench/30gib-5.bin,760,33554432,797.84,,
0,bench/30gib-5.bin,761,33554432,628.64,,
0,bench/30gib-5.bin,762,33554432,728.72,,
0,bench/30gib-5.bin,763,33554432,640.89,,
0,bench/30gib-5.bin,764,33554432,609.36,,
0,bench/30gib-5.bin,765,33554432,474.97,,
0,bench/30gib-5.bin,766,33554432,594.62,,
0,bench/30gib-5.bin,767,33554432,852.57,,
0,bench/30gib-5.bin,768,33554432,1527.92,,
0,bench/30gib-5.bin,769,33554432,627.27,,
0,bench/30gib-5.bin,770,33554432,430.68,,
0,bench/30gib-5.bin,771,33554432,809.68,,
0,bench/30gib-5.bin,772,33554432,794.68,,
0,bench/30gib-5.bin,773,33554432,591.16,,
0,bench/30gib-5.bin,774,33554432,971.38,,
0,bench/30gib-5.bin,775,33554432,440.08,,
0,bench/30gib-5.bin,776,33554432,1175.89,,
0,bench/30gib-5.bin,777,33554432,886.99,,
0,bench/30gib-5.bin,778,33554432,649.08,,
0,bench/30gib-5.bin,779,33554432,706.44,,
0,bench/30gib-5.bin,780,33554432,580.98,,
0,bench/30gib-5.bin,781,33554432,706.96,,
0,bench/30gib-5.bin,782,33554432,798.31,,
0,bench/30gib-5.bin,783,33554432,805.40,,
0,bench/30gib-5.bin,784,33554432,473.32,,
0,bench/30gib-5.bin,785,33554432,839.32,,
0,bench/30gib-5.bin,786,33554432,829.17,,
0,bench/30gib-5.bin,787,33554432,1058.67,,
0,bench/30gib-5.bin,788,33554432,862.59,,
0,bench/30gib-5.bin,789,33554432,495.25,,
0,bench/30gib-5.bin,790,33554432,827.64,,
0,bench/30gib-5.bin,791,33554432,754.43,,
0,bench/30gib-5.bin,792,33554432,479.44,,
0,bench/30gib-5.bin,793,33554432,656.84,,
0,bench/30gib-5.bin,794,33554432,759.82,,
0,bench/30gib-5.bin,795,33554432,660.80,,
0,bench/30gib-5.bin,796,33554432,802.36,,
0,bench/30gib-5.bin,797,33554432,558.28,,
0,bench/30gib-5.bin,798,33554432,824.70,,
0,bench/30gib-5.bin,799,33554432,623.48,,
0,bench/30gib-5.bin,800,33554432,725.51,,
0,bench/30gib-5.bin,801,33554432,958.36,,
0,bench/30gib-5.bin,802,33554432,810.39,,
0,bench/30gib-5.bin,803,33554432,508.88,,
0,bench/30gib-5.bin,804,33554432,532.16,,
0,bench/30gib-5.bin,805,33554432,1134.60,,
0,bench/30gib-5.bin,806,33554432,356.36,,
0,bench/30gib-5.bin,807,33554432,1001.70,,
0,bench/30gib-5.bin,808,33554432,568.35,,
0,bench/30gib-5.bin,809,33554432,496.18,,
0,bench/30gib-5.bin,810,33554432,553.60,,
0,bench/30gib-5.bin,811,33554432,801.03,,
0,bench/30gib-5.bin,812,33554432,526.31,,
0,bench/30gib-5.bin,813,33554432,658.52,,
0,bench/30gib-5.bin,814,33554432,956.96,,
0,bench/30gib-5.bin,815,33554432,672.92,,
0,bench/30gib-5.bin,816,33554432,567.07,,
0,bench/30gib-5.bin,817,33554432,1058.07,,
0,bench/30gib-5.bin,818,33554432,592.29,,
0,bench/30gib-5.bin,819,33554432,601.54,,
0,bench/30gib-5.bin,820,33554432,878.23,,
0,bench/30gib-5.bin,821,33554432,1044.99,,
0,bench/30gib-5.bin,822,33554432,877.58,,
0,bench/30gib-5.bin,823,33554432,848.95,,
0,bench/30gib-5.bin,824,33554432,805.90,,
0,bench/30gib-5.bin,825,33554432,876.06,,
0,bench/30gib-5.bin,826,33554432,1487.38,,
0,bench/30gib-5.bin,827,33554432,607.36,,
0,bench/30gib-5.bin,828,33554432,974.20,,
0,bench/30gib-5.bin,829,33554432,424.12,,
0,bench/30gib-5.bin,830,33554432,877.51,,
0,bench/30gib-5.bin,831,33554432,581.33,,
0,bench/30gib-5.bin,832,33554432,1054.16,,
0,bench/30gib-5.bin,833,33554432,686.51,,
0,bench/30gib-5.bin,834,33554432,421.11,,
0,bench/30gib-5.bin,835,33554432,546.46,,
0,bench/30gib-5.bin,836,33554432,474.52,,
0,bench/30gib-5.bin,837,33554432,1076.94,,
0,bench/30gib-5.bin,838,33554432,786.26,,
0,bench/30gib-5.bin,839,33554432,456.20,,
0,bench/30gib-5.bin,840,33554432,378.44,,
0,bench/30gib-5.bin,841,33554432,717.42,,
0,bench/30gib-5.bin,842,33554432,616.16,,
0,bench/30gib-5.bin,843,33554432,1028.98,,
0,bench/30gib-5.bin,844,33554432,645.58,,
0,bench/30gib-5.bin,845,33554432,779.04,,
0,bench/30gib-5.bin,846,33554432,1065.40,,
0,bench/30gib-5.bin,847,33554432,506.34,,
0,bench/30gib-5.bin,848,33554432,792.80,,
0,bench/30gib-5.bin,849,33554432,1108.02,,
0,bench/30gib-5.bin,850,33554432,541.80,,
0,bench/30gib-5.bin,851,33554432,695.67,,
0,bench/30gib-5.bin,852,33554432,601.15,,
0,bench/30gib-5.bin,853,33554432,627.02,,
0,bench/30gib-5.bin,854,33554432,782.08,,
0,bench/30gib-5.bin,855,33554432,1028.51,,
0,bench/30gib-5.bin,856,33554432,859.27,,
0,bench/30gib-5.bin,857,33554432,538.92,,
0,bench/30gib-5.bin,858,33554432,731.92,,
0,bench/30gib-5.bin,859,33554432,1275.41,,
0,bench/30gib-5.bin,860,33554432,686.51,,
0,bench/30gib-5.bin,861,33554432,692.31,,
0,bench/30gib-5.bin,862,33554432,711.70,,
0,bench/30gib-5.bin,863,33554432,599.62,,
0,bench/30gib-5.bin,864,33554432,892.46,,
0,bench/30gib-5.bin,865,33554432,496.80,,
0,bench/30gib-5.bin,866,33554432,635.99,,
0,bench/30gib-5.bin,867,33554432,610.56,,
0,bench/30gib-5.bin,868,33554432,1021.02,,
0,bench/30gib-5.bin,869,33554432,976.73,,
0,bench/30gib-5.bin,870,33554432,640.72,,
0,bench/30gib-5.bin,871,33554432,841.46,,
0,bench/30gib-5.bin,872,33554432,776.09,,
0,bench/30gib-5.bin,873,33554432,454.50,,
0,bench/30gib-5.bin,874,33554432,1253.64,,
0,bench/30gib-5.bin,875,33554432,591.05,,
0,bench/30gib-5.bin,876,33554432,1146.71,,
0,bench/30gib-5.bin,877,33554432,481.42,,
0,bench/30gib-5.bin,878,33554432,605.89,,
0,bench/30gib-5.bin,879,33554432,753.77,,
0,bench/30gib-5.bin,880,33554432,609.92,,
0,bench/30gib-5.bin,881,33554432,1206.30,,
0,bench/30gib-5.bin,882,33554432,517.13,,
0,bench/30gib-5.bin,883,33554432,878.96,,
0,bench/30gib-5.bin,884,33554432,1217.00,,
0,bench/30gib-5.bin,885,33554432,583.14,,
0,bench/30gib-5.bin,886,33554432,828.14,,
0,bench/30gib-5.bin,887,33554432,647.41,,
0,bench/30gib-5.bin,888,33554432,560.89,,
0,bench/30gib-5.bin,889,33554432,796.73,,
0,bench/30gib-5.bin,890,33554432,659.10,,
0,bench/30gib-5.bin,891,33554432,684.46,,
0,bench/30gib-5.bin,892,33554432,538.28,,
0,bench/30gib-5.bin,893,33554432,600.06,,
0,bench/30gib-5.bin,894,33554432,893.77,,
0,bench/30gib-5.bin,895,33554432,659.62,,
0,bench/30gib-5.bin,896,33554432,978.17,,
0,bench/30gib-5.bin,897,33554432,538.61,,
0,bench/30gib-5.bin,898,33554432,652.92,,
0,bench/30gib-5.bin,899,33554432,865.97,,
0,bench/30gib-5.bin,900,33554432,563.92,,
0,bench/30gib-5.bin,901,33554432,1046.26,,
0,bench/30gib-5.bin,902,33554432,862.57,,
0,bench/30gib-5.bin,903,33554432,822.13,,
0,bench/30gib-5.bin,904,33554432,524.99,,
0,bench/30gib-5.bin,905,33554432,624.50,,
0,bench/30gib-5.bin,906,33554432,755.96,,
0,bench/30gib-5.bin,907,33554432,702.65,,
0,bench/30gib-5.bin,908,33554432,535.70,,
0,bench/30gib-5.bin,909,33554432,468.73,,
0,bench/30gib-5.bin,910,33554432,672.85,,
0,bench/30gib-5.bin,911,33554432,951.42,,
0,bench/30gib-5.bin,912,33554432,794.09,,
0,bench/30gib-5.bin,913,33554432,952.93,,
0,bench/30gib-5.bin,914,33554432,814.70,,
0,bench/30gib-5.bin,915,33554432,809.37,,
0,bench/30gib-5.bin,916,33554432,1109.85,,
0,bench/30gib-5.bin,917,33554432,735.65,,
0,bench/30gib-5.bin,918,33554432,1013.45,,
0,bench/30gib-5.bin,919,33554432,602.34,,
0,bench/30gib-5.bin,920,33554432,685.86,,
0,bench/30gib-5.bin,921,33554432,587.02,,
0,bench/30gib-5.bin,922,33554432,905.01,,
0,bench/30gib-5.bin,923,33554432,1041.41,,
0,bench/30gib-5.bin,924,33554432,641.52,,
0,bench/30gib-5.bin,925,33554432,722.49,,
0,bench/30gib-5.bin,926,33554432,843.00,,
0,bench/30gib-5.bin,927,33554432,954.11,,
0,bench/30gib-5.bin,928,33554432,560.50,,
0,bench/30gib-5.bin,929,33554432,638.99,,
0,bench/30gib-5.bin,930,33554432,697.77,,
0,bench/30gib-5.bin,931,33554432,779.33,,
0,bench/30gib-5.bin,932,33554432,740.89,,
0,bench/30gib-5.bin,933,33554432,636.29,,
0,bench/30gib-5.bin,934,33554432,625.01,,
0,bench/30gib-5.bin,935,33554432,651.44,,
0,bench/30gib-5.bin,936,33554432,599.07,,
0,bench/30gib-5.bin,937,33554432,780.31,,
0,bench/30gib-5.bin,938,33554432,685.52,,
0,bench/30gib-5.bin,939,33554432,920.45,,
0,bench/30gib-5.bin,940,33554432,540.07,,
0,bench/30gib-5.bin,941,33554432,1020.84,,
0,bench/30gib-5.bin,942,33554432,650.08,,
0,bench/30gib-5.bin,943,33554432,608.84,,
0,bench/30gib-5.bin,944,33554432,497.84,,
0,bench/30gib-5.bin,945,33554432,704.53,,
0,bench/30gib-5.bin,946,33554432,628.42,,
0,bench/30gib-5.bin,947,33554432,523.80,,
0,bench/30gib-5.bin,948,33554432,595.10,,
0,bench/30gib-5.bin,949,33554432,477.38,,
0,bench/30gib-5.bin,950,33554432,724.53,,
0,bench/30gib-5.bin,951,33554432,683.52,,
0,bench/30gib-5.bin,952,33554432,555.33,,
0,bench/30gib-5.bin,953,33554432,591.26,,
0,bench/30gib-5.bin,954,33554432,432.12,,
0,bench/30gib-5.bin,955,33554432,494.43,,
0,bench/30gib-5.bin,956,33554432,417.89,,
0,bench/30gib-5.bin,957,33554432,534.03,,
0,bench/30gib-5.bin,958,33554432,486.34,,
0,bench/30gib-5.bin,959,33554432,613.32,,
0,bench/30gib-5.bin,960,33554432,494.81,,
0,bench/30gib-6.bin,1,33554432,923.45,,
0,bench/30gib-6.bin,2,33554432,1547.88,,
0,bench/30gib-6.bin,3,33554432,1683.03,,
0,bench/30gib-6.bin,4,33554432,1453.32,,
0,bench/30gib-6.bin,5,33554432,1356.28,,
0,bench/30gib-6.bin,6,33554432,1698.35,,
0,bench/30gib-6.bin,7,33554432,1358.29,,
0,bench/30gib-6.bin,8,33554432,1414.01,,
0,bench/30gib-6.bin,9,33554432,975.03,,
0,bench/30gib-6.bin,10,33554432,1315.77,,
0,bench/30gib-6.bin,11,33554432,1279.05,,
0,bench/30gib-6.bin,12,33554432,1535.82,,
0,bench/30gib-6.bin,13,33554432,1456.00,,
0,bench/30gib-6.bin,14,33554432,1287.29,,
0,bench/30gib-6.bin,15,33554432,1948.49,,
0,bench/30gib-6.bin,16,33554432,1358.97,,
0,bench/30gib-6.bin,17,33554432,1184.71,,
0,bench/30gib-6.bin,18,33554432,1088.24,,
0,bench/30gib-6.bin,19,33554432,1618.09,,
0,bench/30gib-6.bin,20,33554432,1187.25,,
0,bench/30gib-6.bin,21,33554432,1097.28,,
0,bench/30gib-6.bin,22,33554432,762.62,,
0,bench/30gib-6.bin,23,33554432,1222.54,,
0,bench/30gib-6.bin,24,33554432,1747.11,,
0,bench/30gib-6.bin,25,33554432,1321.24,,
0,bench/30gib-6.bin,26,33554432,1504.76,,
0,bench/30gib-6.bin,27,33554432,865.24,,
0,bench/30gib-6.bin,28,33554432,1136.78,,
0,bench/30gib-6.bin,29,33554432,1453.66,,
0,bench/30gib-6.bin,30,33554432,905.48,,
0,bench/30gib-6.bin,31,33554432,1031.91,,
0,bench/30gib-6.bin,32,33554432,956.62,,
0,bench/30gib-6.bin,33,33554432,854.16,,
0,bench/30gib-6.bin,34,33554432,636.57,,
0,bench/30gib-6.bin,35,33554432,724.82,,
0,bench/30gib-6.bin,36,33554432,626.30,,
0,bench/30gib-6.bin,37,33554432,982.29,,
0,bench/30gib-6.bin,38,33554432,719.03,,
0,bench/30gib-6.bin,39,33554432,982.10,,
0,bench/30gib-6.bin,40,33554432,659.15,,
0,bench/30gib-6.bin,41,33554432,985.83,,
0,bench/30gib-6.bin,42,33554432,786.16,,
0,bench/30gib-6.bin,43,33554432,549.77,,
0,bench/30gib-6.bin,44,33554432,424.07,,
0,bench/30gib-6.bin,45,33554432,631.49,,
0,bench/30gib-6.bin,46,33554432,915.41,,
0,bench/30gib-6.bin,47,33554432,698.64,,
0,bench/30gib-6.bin,48,33554432,851.89,,
0,bench/30gib-6.bin,49,33554432,676.84,,
0,bench/30gib-6.bin,50,33554432,932.94,,
0,bench/30gib-6.bin,51,33554432,511.50,,
0,bench/30gib-6.bin,52,33554432,765.27,,
0,bench/30gib-6.bin,53,33554432,579.57,,
0,bench/30gib-6.bin,54,33554432,684.26,,
0,bench/30gib-6.bin,55,33554432,672.08,,
0,bench/30gib-6.bin,56,33554432,752.50,,
0,bench/30gib-6.bin,57,33554432,1132.85,,
0,bench/30gib-6.bin,58,33554432,1065.68,,
0,bench/30gib-6.bin,59,33554432,605.94,,
0,bench/30gib-6.bin,60,33554432,579.68,,
0,bench/30gib-6.bin,61,33554432,949.26,,
0,bench/30gib-6.bin,62,33554432,614.46,,
0,bench/30gib-6.bin,63,33554432,851.04,,
0,bench/30gib-6.bin,64,33554432,850.18,,
0,bench/30gib-6.bin,65,33554432,884.47,,
0,bench/30gib-6.bin,66,33554432,872.55,,
0,bench/30gib-6.bin,67,33554432,1206.22,,
0,bench/30gib-6.bin,68,33554432,655.34,,
0,bench/30gib-6.bin,69,33554432,1385.82,,
0,bench/30gib-6.bin,70,33554432,569.52,,
0,bench/30gib-6.bin,71,33554432,689.82,,
0,bench/30gib-6.bin,72,33554432,1042.76,,
0,bench/30gib-6.bin,73,33554432,668.23,,
0,bench/30gib-6.bin,74,33554432,712.79,,
0,bench/30gib-6.bin,75,33554432,575.63,,
0,bench/30gib-6.bin,76,33554432,677.39,,
0,bench/30gib-6.bin,77,33554432,977.03,,
0,bench/30gib-6.bin,78,33554432,843.56,,
0,bench/30gib-6.bin,79,33554432,581.27,,
0,bench/30gib-6.bin,80,33554432,607.55,,
0,bench/30gib-6.bin,81,33554432,847.45,,
0,bench/30gib-6.bin,82,33554432,968.47,,
0,bench/30gib-6.bin,83,33554432,606.41,,
0,bench/30gib-6.bin,84,33554432,1005.15,,
0,bench/30gib-6.bin,85,33554432,732.38,,
0,bench/30gib-6.bin,86,33554432,531.99,,
0,bench/30gib-6.bin,87,33554432,908.01,,
0,bench/30gib-6.bin,88,33554432,538.76,,
0,bench/30gib-6.bin,89,33554432,661.56,,
0,bench/30gib-6.bin,90,33554432,694.37,,
0,bench/30gib-6.bin,91,33554432,1005.72,,
0,bench/30gib-6.bin,92,33554432,617.61,,
0,bench/30gib-6.bin,93,33554432,950.16,,
0,bench/30gib-6.bin,94,33554432,391.16,,
0,bench/30gib-6.bin,95,33554432,762.04,,
0,bench/30gib-6.bin,96,33554432,804.35,,
0,bench/30gib-6.bin,97,33554432,1067.85,,
0,bench/30gib-6.bin,98,33554432,622.15,,
0,bench/30gib-6.bin,99,33554432,726.82,,
0,bench/30gib-6.bin,100,33554432,575.57,,
0,bench/30gib-6.bin,101,33554432,640.63,,
0,bench/30gib-6.bin,102,33554432,663.22,,
0,bench/30gib-6.bin,103,33554432,878.96,,
0,bench/30gib-6.bin,104,33554432,775.08,,
0,bench/30gib-6.bin,105,33554432,1006.71,,
0,bench/30gib-6.bin,106,33554432,708.30,,
0,bench/30gib-6.bin,107,33554432,726.38,,
0,bench/30gib-6.bin,108,33554432,736.72,,
0,bench/30gib-6.bin,109,33554432,500.28,,
0,bench/30gib-6.bin,110,33554432,682.16,,
0,bench/30gib-6.bin,111,33554432,484.38,,
0,bench/30gib-6.bin,112,33554432,619.57,,
0,bench/30gib-6.bin,113,33554432,803.03,,
0,bench/30gib-6.bin,114,33554432,589.81,,
0,bench/30gib-6.bin,115,33554432,595.95,,
0,bench/30gib-6.bin,116,33554432,1196.24,,
0,bench/30gib-6.bin,117,33554432,544.23,,
0,bench/30gib-6.bin,118,33554432,410.94,,
0,bench/30gib-6.bin,119,33554432,812.50,,
0,bench/30gib-6.bin,120,33554432,1014.59,,
0,bench/30gib-6.bin,121,33554432,526.12,,
0,bench/30gib-6.bin,122,33554432,675.50,,
0,bench/30gib-6.bin,123,33554432,724.40,,
0,bench/30gib-6.bin,124,33554432,536.58,,
0,bench/30gib-6.bin,125,33554432,768.79,,
0,bench/30gib-6.bin,126,33554432,742.32,,
0,bench/30gib-6.bin,127,33554432,748.11,,
0,bench/30gib-6.bin,128,33554432,722.16,,
0,bench/30gib-6.bin,129,33554432,569.41,,
0,bench/30gib-6.bin,130,33554432,513.46,,
0,bench/30gib-6.bin,131,33554432,565.27,,
0,bench/30gib-6.bin,132,33554432,671.22,,
0,bench/30gib-6.bin,133,33554432,911.83,,
0,bench/30gib-6.bin,134,33554432,868.42,,
0,bench/30gib-6.bin,135,33554432,682.23,,
0,bench/30gib-6.bin,136,33554432,813.14,,
0,bench/30gib-6.bin,137,33554432,1171.23,,
0,bench/30gib-6.bin,138,33554432,959.64,,
0,bench/30gib-6.bin,139,33554432,542.64,,
0,bench/30gib-6.bin,140,33554432,491.40,,
0,bench/30gib-6.bin,141,33554432,713.52,,
0,bench/30gib-6.bin,142,33554432,646.23,,
0,bench/30gib-6.bin,143,33554432,1108.69,,
0,bench/30gib-6.bin,144,33554432,895.71,,
0,bench/30gib-6.bin,145,33554432,825.94,,
0,bench/30gib-6.bin,146,33554432,641.12,,
0,bench/30gib-6.bin,147,33554432,799.64,,
0,bench/30gib-6.bin,148,33554432,616.95,,
0,bench/30gib-6.bin,149,33554432,746.22,,
0,bench/30gib-6.bin,150,33554432,502.61,,
0,bench/30gib-6.bin,151,33554432,812.98,,
0,bench/30gib-6.bin,152,33554432,3021.28,,
0,bench/30gib-6.bin,153,33554432,949.43,,
0,bench/30gib-6.bin,154,33554432,672.29,,
0,bench/30gib-6.bin,155,33554432,746.34,,
0,bench/30gib-6.bin,156,33554432,821.68,,
0,bench/30gib-6.bin,157,33554432,452.84,,
0,bench/30gib-6.bin,158,33554432,759.22,,
0,bench/30gib-6.bin,159,33554432,699.78,,
0,bench/30gib-6.bin,160,33554432,621.21,,
0,bench/30gib-6.bin,161,33554432,416.01,,
0,bench/30gib-6.bin,162,33554432,770.28,,
0,bench/30gib-6.bin,163,33554432,788.82,,
0,bench/30gib-6.bin,164,33554432,1175.04,,
0,bench/30gib-6.bin,165,33554432,620.82,,
0,bench/30gib-6.bin,166,33554432,817.68,,
0,bench/30gib-6.bin,167,33554432,957.66,,
0,bench/30gib-6.bin,168,33554432,614.41,,
0,bench/30gib-6.bin,169,33554432,403.57,,
0,bench/30gib-6.bin,170,33554432,616.58,,
0,bench/30gib-6.bin,171,33554432,598.27,,
0,bench/30gib-6.bin,172,33554432,1075.66,,
0,bench/30gib-6.bin,173,33554432,643.26,,
0,bench/30gib-6.bin,174,33554432,1155.60,,
0,bench/30gib-6.bin,175,33554432,1077.12,,
0,bench/30gib-6.bin,176,33554432,494.73,,
0,bench/30gib-6.bin,177,33554432,1093.88,,
0,bench/30gib-6.bin,178,33554432,731.99,,
0,bench/30gib-6.bin,179,33554432,732.82,,
0,bench/30gib-6.bin,180,33554432,567.02,,
0,bench/30gib-6.bin,181,33554432,718.88,,
0,bench/30gib-6.bin,182,33554432,398.06,,
0,bench/30gib-6.bin,183,33554432,494.88,,
0,bench/30gib-6.bin,184,33554432,557.08,,
0,bench/30gib-6.bin,185,33554432,767.12,,
0,bench/30gib-6.bin,186,33554432,763.41,,
0,bench/30gib-6.bin,187,33554432,597.25,,
0,bench/30gib-6.bin,188,33554432,672.81,,
0,bench/30gib-6.bin,189,33554432,765.76,,
0,bench/30gib-6.bin,190,33554432,491.57,,
0,bench/30gib-6.bin,191,33554432,735.32,,
0,bench/30gib-6.bin,192,33554432,596.42,,
0,bench/30gib-6.bin,193,33554432,466.57,,
0,bench/30gib-6.bin,194,33554432,766.48,,
0,bench/30gib-6.bin,195,33554432,427.27,,
0,bench/30gib-6.bin,196,33554432,652.10,,
0,bench/30gib-6.bin,197,33554432,574.94,,
0,bench/30gib-6.bin,198,33554432,569.31,,
0,bench/30gib-6.bin,199,33554432,861.12,,
0,bench/30gib-6.bin,200,33554432,476.32,,
0,bench/30gib-6.bin,201,33554432,751.56,,
0,bench/30gib-6.bin,202,33554432,982.26,,
0,bench/30gib-6.bin,203,33554432,1058.06,,
0,bench/30gib-6.bin,204,33554432,484.98,,
0,bench/30gib-6.bin,205,33554432,434.76,,
0,bench/30gib-6.bin,206,33554432,801.16,,
0,bench/30gib-6.bin,207,33554432,1026.82,,
0,bench/30gib-6.bin,208,33554432,460.10,,
0,bench/30gib-6.bin,209,33554432,566.98,,
0,bench/30gib-6.bin,210,33554432,619.16,,
0,bench/30gib-6.bin,211,33554432,905.67,,
0,bench/30gib-6.bin,212,33554432,1020.46,,
0,bench/30gib-6.bin,213,33554432,582.70,,
0,bench/30gib-6.bin,214,33554432,577.21,,
0,bench/30gib-6.bin,215,33554432,489.56,,
0,bench/30gib-6.bin,216,33554432,977.03,,
0,bench/30gib-6.bin,217,33554432,692.06,,
0,bench/30gib-6.bin,218,33554432,582.77,,
0,bench/30gib-6.bin,219,33554432,505.10,,
0,bench/30gib-6.bin,220,33554432,1130.59,,
0,bench/30gib-6.bin,221,33554432,509.06,,
0,bench/30gib-6.bin,222,33554432,657.93,,
0,bench/30gib-6.bin,223,33554432,763.66,,
0,bench/30gib-6.bin,224,33554432,598.90,,
0,bench/30gib-6.bin,225,33554432,703.50,,
0,bench/30gib-6.bin,226,33554432,511.12,,
0,bench/30gib-6.bin,227,33554432,734.86,,
0,bench/30gib-6.bin,228,33554432,758.49,,
0,bench/30gib-6.bin,229,33554432,802.90,,
0,bench/30gib-6.bin,230,33554432,924.03,,
0,bench/30gib-6.bin,231,33554432,798.38,,
0,bench/30gib-6.bin,232,33554432,904.95,,
0,bench/30gib-6.bin,233,33554432,475.12,,
0,bench/30gib-6.bin,234,33554432,948.81,,
0,bench/30gib-6.bin,235,33554432,829.57,,
0,bench/30gib-6.bin,236,33554432,422.54,,
0,bench/30gib-6.bin,237,33554432,392.21,,
0,bench/30gib-6.bin,238,33554432,860.64,,
0,bench/30gib-6.bin,239,33554432,459.03,,
0,bench/30gib-6.bin,240,33554432,438.40,,
0,bench/30gib-6.bin,241,33554432,1017.11,,
0,bench/30gib-6.bin,242,33554432,1078.50,,
0,bench/30gib-6.bin,243,33554432,1202.46,,
0,bench/30gib-6.bin,244,33554432,786.59,,
0,bench/30gib-6.bin,245,33554432,432.47,,
0,bench/30gib-6.bin,246,33554432,763.71,,
0,bench/30gib-6.bin,247,33554432,486.49,,
0,bench/30gib-6.bin,248,33554432,751.53,,
0,bench/30gib-6.bin,249,33554432,1024.97,,
0,bench/30gib-6.bin,250,33554432,511.03,,
0,bench/30gib-6.bin,251,33554432,554.39,,
0,bench/30gib-6.bin,252,33554432,579.06,,
0,bench/30gib-6.bin,253,33554432,616.19,,
0,bench/30gib-6.bin,254,33554432,839.44,,
0,bench/30gib-6.bin,255,33554432,621.96,,
0,bench/30gib-6.bin,256,33554432,648.44,,
0,bench/30gib-6.bin,257,33554432,495.24,,
0,bench/30gib-6.bin,258,33554432,877.34,,
0,bench/30gib-6.bin,259,33554432,911.38,,
0,bench/30gib-6.bin,260,33554432,429.55,,
0,bench/30gib-6.bin,261,33554432,440.25,,
0,bench/30gib-6.bin,262,33554432,1134.39,,
0,bench/30gib-6.bin,263,33554432,550.82,,
0,bench/30gib-6.bin,264,33554432,1035.44,,
0,bench/30gib-6.bin,265,33554432,980.47,,
0,bench/30gib-6.bin,266,33554432,610.17,,
0,bench/30gib-6.bin,267,33554432,861.92,,
0,bench/30gib-6.bin,268,33554432,714.45,,
0,bench/30gib-6.bin,269,33554432,852.07,,
0,bench/30gib-6.bin,270,33554432,528.01,,
0,bench/30gib-6.bin,271,33554432,409.52,,
0,bench/30gib-6.bin,272,33554432,595.16,,
0,bench/30gib-6.bin,273,33554432,954.17,,
0,bench/30gib-6.bin,274,33554432,711.85,,
0,bench/30gib-6.bin,275,33554432,740.85,,
0,bench/30gib-6.bin,276,33554432,625.39,,
0,bench/30gib-6.bin,277,33554432,973.22,,
0,bench/30gib-6.bin,278,33554432,756.23,,
0,bench/30gib-6.bin,279,33554432,687.12,,
0,bench/30gib-6.bin,280,33554432,1135.61,,
0,bench/30gib-6.bin,281,33554432,864.71,,
0,bench/30gib-6.bin,282,33554432,1042.68,,
0,bench/30gib-6.bin,283,33554432,593.53,,
0,bench/30gib-6.bin,284,33554432,577.20,,
0,bench/30gib-6.bin,285,33554432,796.97,,
0,bench/30gib-6.bin,286,33554432,1024.28,,
0,bench/30gib-6.bin,287,33554432,536.37,,
0,bench/30gib-6.bin,288,33554432,952.84,,
0,bench/30gib-6.bin,289,33554432,599.80,,
0,bench/30gib-6.bin,290,33554432,812.27,,
0,bench/30gib-6.bin,291,33554432,512.65,,
0,bench/30gib-6.bin,292,33554432,593.09,,
0,bench/30gib-6.bin,293,33554432,457.36,,
0,bench/30gib-6.bin,294,33554432,748.84,,
0,bench/30gib-6.bin,295,33554432,539.42,,
0,bench/30gib-6.bin,296,33554432,774.13,,
0,bench/30gib-6.bin,297,33554432,587.26,,
0,bench/30gib-6.bin,298,33554432,694.59,,
0,bench/30gib-6.bin,299,33554432,932.14,,
0,bench/30gib-6.bin,300,33554432,1109.48,,
0,bench/30gib-6.bin,301,33554432,1219.44,,
0,bench/30gib-6.bin,302,33554432,640.51,,
0,bench/30gib-6.bin,303,33554432,879.16,,
0,bench/30gib-6.bin,304,33554432,896.78,,
0,bench/30gib-6.bin,305,33554432,1232.38,,
0,bench/30gib-6.bin,306,33554432,800.16,,
0,bench/30gib-6.bin,307,33554432,535.16,,
0,bench/30gib-6.bin,308,33554432,912.57,,
0,bench/30gib-6.bin,309,33554432,634.52,,
0,bench/30gib-6.bin,310,33554432,656.14,,
0,bench/30gib-6.bin,311,33554432,830.40,,
0,bench/30gib-6.bin,312,33554432,724.29,,
0,bench/30gib-6.bin,313,33554432,556.03,,
0,bench/30gib-6.bin,314,33554432,1409.82,,
0,bench/30gib-6.bin,315,33554432,574.40,,
0,bench/30gib-6.bin,316,33554432,550.03,,
0,bench/30gib-6.bin,317,33554432,419.32,,
0,bench/30gib-6.bin,318,33554432,647.06,,
0,bench/30gib-6.bin,319,33554432,485.98,,
0,bench/30gib-6.bin,320,33554432,424.42,,
0,bench/30gib-6.bin,321,33554432,467.56,,
0,bench/30gib-6.bin,322,33554432,466.26,,
0,bench/30gib-6.bin,323,33554432,524.31,,
0,bench/30gib-6.bin,324,33554432,959.02,,
0,bench/30gib-6.bin,325,33554432,449.62,,
0,bench/30gib-6.bin,326,33554432,613.28,,
0,bench/30gib-6.bin,327,33554432,561.84,,
0,bench/30gib-6.bin,328,33554432,350.33,,
0,bench/30gib-6.bin,329,33554432,1120.07,,
0,bench/30gib-6.bin,330,33554432,544.38,,
0,bench/30gib-6.bin,331,33554432,754.52,,
0,bench/30gib-6.bin,332,33554432,1078.75,,
0,bench/30gib-6.bin,333,33554432,1399.30,,
0,bench/30gib-6.bin,334,33554432,890.80,,
0,bench/30gib-6.bin,335,33554432,501.56,,
0,bench/30gib-6.bin,336,33554432,583.02,,
0,bench/30gib-6.bin,337,33554432,778.05,,
0,bench/30gib-6.bin,338,33554432,925.58,,
0,bench/30gib-6.bin,339,33554432,1416.84,,
0,bench/30gib-6.bin,340,33554432,719.95,,
0,bench/30gib-6.bin,341,33554432,973.41,,
0,bench/30gib-6.bin,342,33554432,379.14,,
0,bench/30gib-6.bin,343,33554432,493.86,,
0,bench/30gib-6.bin,344,33554432,612.56,,
0,bench/30gib-6.bin,345,33554432,560.75,,
0,bench/30gib-6.bin,346,33554432,579.48,,
0,bench/30gib-6.bin,347,33554432,886.63,,
0,bench/30gib-6.bin,348,33554432,429.31,,
0,bench/30gib-6.bin,349,33554432,548.32,,
0,bench/30gib-6.bin,350,33554432,490.17,,
0,bench/30gib-6.bin,351,33554432,606.07,,
0,bench/30gib-6.bin,352,33554432,905.18,,
0,bench/30gib-6.bin,353,33554432,627.14,,
0,bench/30gib-6.bin,354,33554432,741.08,,
0,bench/30gib-6.bin,355,33554432,736.58,,
0,bench/30gib-6.bin,356,33554432,627.96,,
0,bench/30gib-6.bin,357,33554432,855.64,,
0,bench/30gib-6.bin,358,33554432,988.00,,
0,bench/30gib-6.bin,359,33554432,530.05,,
0,bench/30gib-6.bin,360,33554432,729.92,,
0,bench/30gib-6.bin,361,33554432,594.82,,
0,bench/30gib-6.bin,362,33554432,907.76,,
0,bench/30gib-6.bin,363,33554432,645.16,,
0,bench/30gib-6.bin,364,33554432,584.53,,
0,bench/30gib-6.bin,365,33554432,627.65,,
0,bench/30gib-6.bin,366,33554432,669.30,,
0,bench/30gib-6.bin,367,33554432,747.22,,
0,bench/30gib-6.bin,368,33554432,1027.00,,
0,bench/30gib-6.bin,369,33554432,581.86,,
0,bench/30gib-6.bin,370,33554432,814.13,,
0,bench/30gib-6.bin,371,33554432,978.99,,
0,bench/30gib-6.bin,372,33554432,832.22,,
0,bench/30gib-6.bin,373,33554432,998.56,,
0,bench/30gib-6.bin,374,33554432,691.00,,
0,bench/30gib-6.bin,375,33554432,590.43,,
0,bench/30gib-6.bin,376,33554432,460.74,,
0,bench/30gib-6.bin,377,33554432,814.12,,
0,bench/30gib-6.bin,378,33554432,475.77,,
0,bench/30gib-6.bin,379,33554432,616.52,,
0,bench/30gib-6.bin,380,33554432,1051.19,,
0,bench/30gib-6.bin,381,33554432,1037.06,,
0,bench/30gib-6.bin,382,33554432,624.35,,
0,bench/30gib-6.bin,383,33554432,967.57,,
0,bench/30gib-6.bin,384,33554432,578.47,,
0,bench/30gib-6.bin,385,33554432,361.21,,
0,bench/30gib-6.bin,386,33554432,596.67,,
0,bench/30gib-6.bin,387,33554432,525.11,,
0,bench/30gib-6.bin,388,33554432,667.01,,
0,bench/30gib-6.bin,389,33554432,569.47,,
0,bench/30gib-6.bin,390,33554432,661.53,,
0,bench/30gib-6.bin,391,33554432,594.16,,
0,bench/30gib-6.bin,392,33554432,520.63,,
0,bench/30gib-6.bin,393,33554432,1038.90,,
0,bench/30gib-6.bin,394,33554432,594.62,,
0,bench/30gib-6.bin,395,33554432,425.82,,
0,bench/30gib-6.bin,396,33554432,758.20,,
0,bench/30gib-6.bin,397,33554432,626.93,,
0,bench/30gib-6.bin,398,33554432,707.53,,
0,bench/30gib-6.bin,399,33554432,874.11,,
0,bench/30gib-6.bin,400,33554432,888.23,,
0,bench/30gib-6.bin,401,33554432,552.84,,
0,bench/30gib-6.bin,402,33554432,514.71,,
0,bench/30gib-6.bin,403,33554432,763.13,,
0,bench/30gib-6.bin,404,33554432,629.12,,
0,bench/30gib-6.bin,405,33554432,572.93,,
0,bench/30gib-6.bin,406,33554432,551.43,,
0,bench/30gib-6.bin,407,33554432,840.86,,
0,bench/30gib-6.bin,408,33554432,677.65,,
0,bench/30gib-6.bin,409,33554432,565.96,,
0,bench/30gib-6.bin,410,33554432,669.11,,
0,bench/30gib-6.bin,411,33554432,1059.47,,
0,bench/30gib-6.bin,412,33554432,1030.31,,
0,bench/30gib-6.bin,413,33554432,556.16,,
0,bench/30gib-6.bin,414,33554432,990.64,,
0,bench/30gib-6.bin,415,33554432,778.41,,
0,bench/30gib-6.bin,416,33554432,1070.71,,
0,bench/30gib-6.bin,417,33554432,536.27,,
0,bench/30gib-6.bin,418,33554432,441.20,,
0,bench/30gib-6.bin,419,33554432,1319.46,,
0,bench/30gib-6.bin,420,33554432,561.12,,
0,bench/30gib-6.bin,421,33554432,670.62,,
0,bench/30gib-6.bin,422,33554432,885.11,,
0,bench/30gib-6.bin,423,33554432,688.98,,
0,bench/30gib-6.bin,424,33554432,482.13,,
0,bench/30gib-6.bin,425,33554432,380.92,,
0,bench/30gib-6.bin,426,33554432,501.43,,
0,bench/30gib-6.bin,427,33554432,729.20,,
0,bench/30gib-6.bin,428,33554432,645.96,,
0,bench/30gib-6.bin,429,33554432,983.58,,
0,bench/30gib-6.bin,430,33554432,678.27,,
0,bench/30gib-6.bin,431,33554432,1086.53,,
0,bench/30gib-6.bin,432,33554432,534.14,,
0,bench/30gib-6.bin,433,33554432,522.35,,
0,bench/30gib-6.bin,434,33554432,1031.97,,
0,bench/30gib-6.bin,435,33554432,553.40,,
0,bench/30gib-6.bin,436,33554432,569.63,,
0,bench/30gib-6.bin,437,33554432,656.76,,
0,bench/30gib-6.bin,438,33554432,350.33,,
0,bench/30gib-6.bin,439,33554432,448.80,,
0,bench/30gib-6.bin,440,33554432,1041.80,,
0,bench/30gib-6.bin,441,33554432,479.97,,
0,bench/30gib-6.bin,442,33554432,926.35,,
0,bench/30gib-6.bin,443,33554432,767.77,,
0,bench/30gib-6.bin,444,33554432,651.06,,
0,bench/30gib-6.bin,445,33554432,982.38,,
0,bench/30gib-6.bin,446,33554432,1036.02,,
0,bench/30gib-6.bin,447,33554432,662.37,,
0,bench/30gib-6.bin,448,33554432,667.58,,
0,bench/30gib-6.bin,449,33554432,989.50,,
0,bench/30gib-6.bin,450,33554432,572.02,,
0,bench/30gib-6.bin,451,33554432,1116.11,,
0,bench/30gib-6.bin,452,33554432,552.00,,
0,bench/30gib-6.bin,453,33554432,360.52,,
0,bench/30gib-6.bin,454,33554432,1176.63,,
0,bench/30gib-6.bin,455,33554432,563.55,,
0,bench/30gib-6.bin,456,33554432,552.32,,
0,bench/30gib-6.bin,457,33554432,488.47,,
0,bench/30gib-6.bin,458,33554432,589.81,,
0,bench/30gib-6.bin,459,33554432,422.53,,
0,bench/30gib-6.bin,460,33554432,770.84,,
0,bench/30gib-6.bin,461,33554432,817.38,,
0,bench/30gib-6.bin,462,33554432,644.10,,
0,bench/30gib-6.bin,463,33554432,573.11,,
0,bench/30gib-6.bin,464,33554432,632.47,,
0,bench/30gib-6.bin,465,33554432,604.36,,
0,bench/30gib-6.bin,466,33554432,1205.50,,
0,bench/30gib-6.bin,467,33554432,528.62,,
0,bench/30gib-6.bin,468,33554432,672.18,,
0,bench/30gib-6.bin,469,33554432,795.79,,
0,bench/30gib-6.bin,470,33554432,709.67,,
0,bench/30gib-6.bin,471,33554432,1150.11,,
0,bench/30gib-6.bin,472,33554432,1054.37,,
0,bench/30gib-6.bin,473,33554432,672.45,,
0,bench/30gib-6.bin,474,33554432,565.04,,
0,bench/30gib-6.bin,475,33554432,844.40,,
0,bench/30gib-6.bin,476,33554432,857.91,,
0,bench/30gib-6.bin,477,33554432,918.86,,
0,bench/30gib-6.bin,478,33554432,645.34,,
0,bench/30gib-6.bin,479,33554432,818.40,,
0,bench/30gib-6.bin,480,33554432,792.17,,
0,bench/30gib-6.bin,481,33554432,905.63,,
0,bench/30gib-6.bin,482,33554432,1067.63,,
0,bench/30gib-6.bin,483,33554432,647.44,,
0,bench/30gib-6.bin,484,33554432,991.28,,
0,bench/30gib-6.bin,485,33554432,518.64,,
0,bench/30gib-6.bin,486,33554432,439.40,,
0,bench/30gib-6.bin,487,33554432,514.24,,
0,bench/30gib-6.bin,488,33554432,555.51,,
0,bench/30gib-6.bin,489,33554432,575.81,,
0,bench/30gib-6.bin,490,33554432,475.91,,
0,bench/30gib-6.bin,491,33554432,1181.26,,
0,bench/30gib-6.bin,492,33554432,575.75,,
0,bench/30gib-6.bin,493,33554432,845.14,,
0,bench/30gib-6.bin,494,33554432,603.34,,
0,bench/30gib-6.bin,495,33554432,897.26,,
0,bench/30gib-6.bin,496,33554432,998.18,,
0,bench/30gib-6.bin,497,33554432,1167.21,,
0,bench/30gib-6.bin,498,33554432,1026.19,,
0,bench/30gib-6.bin,499,33554432,671.20,,
0,bench/30gib-6.bin,500,33554432,582.01,,
0,bench/30gib-6.bin,501,33554432,955.02,,
0,bench/30gib-6.bin,502,33554432,803.59,,
0,bench/30gib-6.bin,503,33554432,893.62,,
0,bench/30gib-6.bin,504,33554432,700.16,,
0,bench/30gib-6.bin,505,33554432,976.64,,
0,bench/30gib-6.bin,506,33554432,403.30,,
0,bench/30gib-6.bin,507,33554432,676.81,,
0,bench/30gib-6.bin,508,33554432,838.92,,
0,bench/30gib-6.bin,509,33554432,493.71,,
0,bench/30gib-6.bin,510,33554432,682.24,,
0,bench/30gib-6.bin,511,33554432,1063.30,,
0,bench/30gib-6.bin,512,33554432,710.08,,
0,bench/30gib-6.bin,513,33554432,595.24,,
0,bench/30gib-6.bin,514,33554432,556.32,,
0,bench/30gib-6.bin,515,33554432,507.33,,
0,bench/30gib-6.bin,516,33554432,723.01,,
0,bench/30gib-6.bin,517,33554432,587.94,,
0,bench/30gib-6.bin,518,33554432,922.34,,
0,bench/30gib-6.bin,519,33554432,501.40,,
0,bench/30gib-6.bin,520,33554432,756.84,,
0,bench/30gib-6.bin,521,33554432,579.38,,
0,bench/30gib-6.bin,522,33554432,428.61,,
0,bench/30gib-6.bin,523,33554432,986.57,,
0,bench/30gib-6.bin,524,33554432,582.49,,
0,bench/30gib-6.bin,525,33554432,625.60,,
0,bench/30gib-6.bin,526,33554432,2328.30,,
0,bench/30gib-6.bin,527,33554432,636.50,,
0,bench/30gib-6.bin,528,33554432,841.96,,
0,bench/30gib-6.bin,529,33554432,487.49,,
0,bench/30gib-6.bin,530,33554432,674.68,,
0,bench/30gib-6.bin,531,33554432,849.64,,
0,bench/30gib-6.bin,532,33554432,697.16,,
0,bench/30gib-6.bin,533,33554432,667.90,,
0,bench/30gib-6.bin,534,33554432,873.34,,
0,bench/30gib-6.bin,535,33554432,990.95,,
0,bench/30gib-6.bin,536,33554432,734.66,,
0,bench/30gib-6.bin,537,33554432,525.56,,
0,bench/30gib-6.bin,538,33554432,810.35,,
0,bench/30gib-6.bin,539,33554432,562.14,,
0,bench/30gib-6.bin,540,33554432,385.77,,
0,bench/30gib-6.bin,541,33554432,581.51,,
0,bench/30gib-6.bin,542,33554432,600.17,,
0,bench/30gib-6.bin,543,33554432,536.44,,
0,bench/30gib-6.bin,544,33554432,649.04,,
0,bench/30gib-6.bin,545,33554432,548.99,,
0,bench/30gib-6.bin,546,33554432,424.84,,
0,bench/30gib-6.bin,547,33554432,894.50,,
0,bench/30gib-6.bin,548,33554432,533.71,,
0,bench/30gib-6.bin,549,33554432,523.04,,
0,bench/30gib-6.bin,550,33554432,615.64,,
0,bench/30gib-6.bin,551,33554432,616.82,,
0,bench/30gib-6.bin,552,33554432,1144.41,,
0,bench/30gib-6.bin,553,33554432,710.75,,
0,bench/30gib-6.bin,554,33554432,1119.81,,
0,bench/30gib-6.bin,555,33554432,571.79,,
0,bench/30gib-6.bin,556,33554432,496.69,,
0,bench/30gib-6.bin,557,33554432,525.77,,
0,bench/30gib-6.bin,558,33554432,400.39,,
0,bench/30gib-6.bin,559,33554432,896.68,,
0,bench/30gib-6.bin,560,33554432,1406.21,,
0,bench/30gib-6.bin,561,33554432,530.65,,
0,bench/30gib-6.bin,562,33554432,556.90,,
0,bench/30gib-6.bin,563,33554432,596.45,,
0,bench/30gib-6.bin,564,33554432,530.46,,
0,bench/30gib-6.bin,565,33554432,1020.40,,
0,bench/30gib-6.bin,566,33554432,536.06,,
0,bench/30gib-6.bin,567,33554432,480.70,,
0,bench/30gib-6.bin,568,33554432,748.82,,
0,bench/30gib-6.bin,569,33554432,962.73,,
0,bench/30gib-6.bin,570,33554432,1564.31,,
0,bench/30gib-6.bin,571,33554432,586.89,,
0,bench/30gib-6.bin,572,33554432,588.73,,
0,bench/30gib-6.bin,573,33554432,604.57,,
0,bench/30gib-6.bin,574,33554432,791.76,,
0,bench/30gib-6.bin,575,33554432,572.84,,
0,bench/30gib-6.bin,576,33554432,615.11,,
0,bench/30gib-6.bin,577,33554432,606.23,,
0,bench/30gib-6.bin,578,33554432,1190.57,,
0,bench/30gib-6.bin,579,33554432,792.83,,
0,bench/30gib-6.bin,580,33554432,883.32,,
0,bench/30gib-6.bin,581,33554432,547.19,,
0,bench/30gib-6.bin,582,33554432,1169.28,,
0,bench/30gib-6.bin,583,33554432,355.04,,
0,bench/30gib-6.bin,584,33554432,750.48,,
0,bench/30gib-6.bin,585,33554432,1242.98,,
0,bench/30gib-6.bin,586,33554432,784.27,,
0,bench/30gib-6.bin,587,33554432,532.88,,
0,bench/30gib-6.bin,588,33554432,417.34,,
0,bench/30gib-6.bin,589,33554432,518.98,,
0,bench/30gib-6.bin,590,33554432,924.88,,
0,bench/30gib-6.bin,591,33554432,430.29,,
0,bench/30gib-6.bin,592,33554432,524.35,,
0,bench/30gib-6.bin,593,33554432,789.46,,
0,bench/30gib-6.bin,594,33554432,564.95,,
0,bench/30gib-6.bin,595,33554432,746.41,,
0,bench/30gib-6.bin,596,33554432,704.87,,
0,bench/30gib-6.bin,597,33554432,650.47,,
0,bench/30gib-6.bin,598,33554432,736.84,,
0,bench/30gib-6.bin,599,33554432,565.54,,
0,bench/30gib-6.bin,600,33554432,813.90,,
0,bench/30gib-6.bin,601,33554432,714.33,,
0,bench/30gib-6.bin,602,33554432,853.26,,
0,bench/30gib-6.bin,603,33554432,610.58,,
0,bench/30gib-6.bin,604,33554432,909.00,,
0,bench/30gib-6.bin,605,33554432,816.17,,
0,bench/30gib-6.bin,606,33554432,364.04,,
0,bench/30gib-6.bin,607,33554432,573.94,,
0,bench/30gib-6.bin,608,33554432,948.21,,
0,bench/30gib-6.bin,609,33554432,487.83,,
0,bench/30gib-6.bin,610,33554432,928.85,,
0,bench/30gib-6.bin,611,33554432,443.94,,
0,bench/30gib-6.bin,612,33554432,530.86,,
0,bench/30gib-6.bin,613,33554432,579.72,,
0,bench/30gib-6.bin,614,33554432,1138.42,,
0,bench/30gib-6.bin,615,33554432,629.70,,
0,bench/30gib-6.bin,616,33554432,963.67,,
0,bench/30gib-6.bin,617,33554432,700.53,,
0,bench/30gib-6.bin,618,33554432,1242.34,,
0,bench/30gib-6.bin,619,33554432,900.56,,
0,bench/30gib-6.bin,620,33554432,977.16,,
0,bench/30gib-6.bin,621,33554432,667.89,,
0,bench/30gib-6.bin,622,33554432,629.13,,
0,bench/30gib-6.bin,623,33554432,447.49,,
0,bench/30gib-6.bin,624,33554432,473.01,,
0,bench/30gib-6.bin,625,33554432,992.78,,
0,bench/30gib-6.bin,626,33554432,543.06,,
0,bench/30gib-6.bin,627,33554432,809.44,,
0,bench/30gib-6.bin,628,33554432,860.86,,
0,bench/30gib-6.bin,629,33554432,568.11,,
0,bench/30gib-6.bin,630,33554432,799.48,,
0,bench/30gib-6.bin,631,33554432,925.51,,
0,bench/30gib-6.bin,632,33554432,1120.09,,
0,bench/30gib-6.bin,633,33554432,597.59,,
0,bench/30gib-6.bin,634,33554432,934.99,,
0,bench/30gib-6.bin,635,33554432,464.96,,
0,bench/30gib-6.bin,636,33554432,980.21,,
0,bench/30gib-6.bin,637,33554432,967.48,,
0,bench/30gib-6.bin,638,33554432,416.64,,
0,bench/30gib-6.bin,639,33554432,988.30,,
0,bench/30gib-6.bin,640,33554432,698.56,,
0,bench/30gib-6.bin,641,33554432,790.78,,
0,bench/30gib-6.bin,642,33554432,565.67,,
0,bench/30gib-6.bin,643,33554432,514.68,,
0,bench/30gib-6.bin,644,33554432,596.34,,
0,bench/30gib-6.bin,645,33554432,654.18,,
0,bench/30gib-6.bin,646,33554432,682.97,,
0,bench/30gib-6.bin,647,33554432,1314.87,,
0,bench/30gib-6.bin,648,33554432,1281.52,,
0,bench/30gib-6.bin,649,33554432,556.46,,
0,bench/30gib-6.bin,650,33554432,906.24,,
0,bench/30gib-6.bin,651,33554432,525.99,,
0,bench/30gib-6.bin,652,33554432,1061.22,,
0,bench/30gib-6.bin,653,33554432,719.52,,
0,bench/30gib-6.bin,654,33554432,1038.64,,
0,bench/30gib-6.bin,655,33554432,468.03,,
0,bench/30gib-6.bin,656,33554432,686.00,,
0,bench/30gib-6.bin,657,33554432,1202.85,,
0,bench/30gib-6.bin,658,33554432,809.49,,
0,bench/30gib-6.bin,659,33554432,414.15,,
0,bench/30gib-6.bin,660,33554432,854.67,,
0,bench/30gib-6.bin,661,33554432,485.04,,
0,bench/30gib-6.bin,662,33554432,559.91,,
0,bench/30gib-6.bin,663,33554432,836.68,,
0,bench/30gib-6.bin,664,33554432,499.23,,
0,bench/30gib-6.bin,665,33554432,529.13,,
0,bench/30gib-6.bin,666,33554432,701.42,,
0,bench/30gib-6.bin,667,33554432,929.94,,
0,bench/30gib-6.bin,668,33554432,992.67,,
0,bench/30gib-6.bin,669,33554432,499.02,,
0,bench/30gib-6.bin,670,33554432,1021.50,,
0,bench/30gib-6.bin,671,33554432,559.57,,
0,bench/30gib-6.bin,672,33554432,554.33,,
0,bench/30gib-6.bin,673,33554432,578.11,,
0,bench/30gib-6.bin,674,33554432,491.77,,
0,bench/30gib-6.bin,675,33554432,1108.57,,
0,bench/30gib-6.bin,676,33554432,888.95,,
0,bench/30gib-6.bin,677,33554432,1065.64,,
0,bench/30gib-6.bin,678,33554432,616.60,,
0,bench/30gib-6.bin,679,33554432,975.43,,
0,bench/30gib-6.bin,680,33554432,481.85,,
0,bench/30gib-6.bin,681,33554432,967.75,,
0,bench/30gib-6.bin,682,33554432,660.62,,
0,bench/30gib-6.bin,683,33554432,1011.84,,
0,bench/30gib-6.bin,684,33554432,437.86,,
0,bench/30gib-6.bin,685,33554432,631.02,,
0,bench/30gib-6.bin,686,33554432,624.65,,
0,bench/30gib-6.bin,687,33554432,405.31,,
0,bench/30gib-6.bin,688,33554432,556.68,,
0,bench/30gib-6.bin,689,33554432,834.82,,
0,bench/30gib-6.bin,690,33554432,820.51,,
0,bench/30gib-6.bin,691,33554432,894.92,,
0,bench/30gib-6.bin,692,33554432,1299.54,,
0,bench/30gib-6.bin,693,33554432,715.76,,
0,bench/30gib-6.bin,694,33554432,945.24,,
0,bench/30gib-6.bin,695,33554432,693.02,,
0,bench/30gib-6.bin,696,33554432,846.66,,
0,bench/30gib-6.bin,697,33554432,570.20,,
0,bench/30gib-6.bin,698,33554432,410.16,,
0,bench/30gib-6.bin,699,33554432,446.45,,
0,bench/30gib-6.bin,700,33554432,579.93,,
0,bench/30gib-6.bin,701,33554432,724.69,,
0,bench/30gib-6.bin,702,33554432,463.92,,
0,bench/30gib-6.bin,703,33554432,650.09,,
0,bench/30gib-6.bin,704,33554432,602.74,,
0,bench/30gib-6.bin,705,33554432,599.73,,
0,bench/30gib-6.bin,706,33554432,653.59,,
0,bench/30gib-6.bin,707,33554432,565.64,,
0,bench/30gib-6.bin,708,33554432,1063.24,,
0,bench/30gib-6.bin,709,33554432,851.21,,
0,bench/30gib-6.bin,710,33554432,563.90,,
0,bench/30gib-6.bin,711,33554432,444.47,,
0,bench/30gib-6.bin,712,33554432,895.30,,
0,bench/30gib-6.bin,713,33554432,601.88,,
0,bench/30gib-6.bin,714,33554432,520.74,,
0,bench/30gib-6.bin,715,33554432,579.35,,
0,bench/30gib-6.bin,716,33554432,550.59,,
0,bench/30gib-6.bin,717,33554432,598.44,,
0,bench/30gib-6.bin,718,33554432,853.34,,
0,bench/30gib-6.bin,719,33554432,469.17,,
0,bench/30gib-6.bin,720,33554432,457.15,,
0,bench/30gib-6.bin,721,33554432,569.35,,
0,bench/30gib-6.bin,722,33554432,564.37,,
0,bench/30gib-6.bin,723,33554432,1271.24,,
0,bench/30gib-6.bin,724,33554432,664.72,,
0,bench/30gib-6.bin,725,33554432,954.79,,
0,bench/30gib-6.bin,726,33554432,595.72,,
0,bench/30gib-6.bin,727,33554432,630.48,,
0,bench/30gib-6.bin,728,33554432,659.67,,
0,bench/30gib-6.bin,729,33554432,1250.14,,
0,bench/30gib-6.bin,730,33554432,632.24,,
0,bench/30gib-6.bin,731,33554432,892.46,,
0,bench/30gib-6.bin,732,33554432,836.55,,
0,bench/30gib-6.bin,733,33554432,905.36,,
0,bench/30gib-6.bin,734,33554432,667.50,,
0,bench/30gib-6.bin,735,33554432,610.81,,
0,bench/30gib-6.bin,736,33554432,655.98,,
0,bench/30gib-6.bin,737,33554432,627.54,,
0,bench/30gib-6.bin,738,33554432,627.79,,
0,bench/30gib-6.bin,739,33554432,595.04,,
0,bench/30gib-6.bin,740,33554432,881.94,,
0,bench/30gib-6.bin,741,33554432,1030.51,,
0,bench/30gib-6.bin,742,33554432,708.42,,
0,bench/30gib-6.bin,743,33554432,486.30,,
0,bench/30gib-6.bin,744,33554432,865.32,,
0,bench/30gib-6.bin,745,33554432,639.24,,
0,bench/30gib-6.bin,746,33554432,830.25,,
0,bench/30gib-6.bin,747,33554432,1058.45,,
0,bench/30gib-6.bin,748,33554432,534.11,,
0,bench/30gib-6.bin,749,33554432,429.43,,
0,bench/30gib-6.bin,750,33554432,962.91,,
0,bench/30gib-6.bin,751,33554432,1151.90,,
0,bench/30gib-6.bin,752,33554432,543.13,,
0,bench/30gib-6.bin,753,33554432,520.18,,
0,bench/30gib-6.bin,754,33554432,618.90,,
0,bench/30gib-6.bin,755,33554432,1056.19,,
0,bench/30gib-6.bin,756,33554432,782.91,,
0,bench/30gib-6.bin,757,33554432,1308.30,,
0,bench/30gib-6.bin,758,33554432,457.40,,
0,bench/30gib-6.bin,759,33554432,650.47,,
0,bench/30gib-6.bin,760,33554432,843.49,,
0,bench/30gib-6.bin,761,33554432,1190.37,,
0,bench/30gib-6.bin,762,33554432,460.41,,
0,bench/30gib-6.bin,763,33554432,1053.52,,
0,bench/30gib-6.bin,764,33554432,871.12,,
0,bench/30gib-6.bin,765,33554432,674.84,,
0,bench/30gib-6.bin,766,33554432,424.94,,
0,bench/30gib-6.bin,767,33554432,738.23,,
0,bench/30gib-6.bin,768,33554432,724.10,,
0,bench/30gib-6.bin,769,33554432,764.57,,
0,bench/30gib-6.bin,770,33554432,785.97,,
0,bench/30gib-6.bin,771,33554432,802.04,,
0,bench/30gib-6.bin,772,33554432,795.32,,
0,bench/30gib-6.bin,773,33554432,569.74,,
0,bench/30gib-6.bin,774,33554432,638.42,,
0,bench/30gib-6.bin,775,33554432,531.65,,
0,bench/30gib-6.bin,776,33554432,521.84,,
0,bench/30gib-6.bin,777,33554432,932.62,,
0,bench/30gib-6.bin,778,33554432,506.42,,
0,bench/30gib-6.bin,779,33554432,493.31,,
0,bench/30gib-6.bin,780,33554432,962.46,,
0,bench/30gib-6.bin,781,33554432,791.97,,
0,bench/30gib-6.bin,782,33554432,970.39,,
0,bench/30gib-6.bin,783,33554432,594.26,,
0,bench/30gib-6.bin,784,33554432,652.95,,
0,bench/30gib-6.bin,785,33554432,700.66,,
0,bench/30gib-6.bin,786,33554432,550.29,,
0,bench/30gib-6.bin,787,33554432,673.26,,
0,bench/30gib-6.bin,788,33554432,549.98,,
0,bench/30gib-6.bin,789,33554432,659.46,,
0,bench/30gib-6.bin,790,33554432,543.85,,
0,bench/30gib-6.bin,791,33554432,700.54,,
0,bench/30gib-6.bin,792,33554432,1109.62,,
0,bench/30gib-6.bin,793,33554432,660.09,,
0,bench/30gib-6.bin,794,33554432,1018.70,,
0,bench/30gib-6.bin,795,33554432,589.87,,
0,bench/30gib-6.bin,796,33554432,1008.57,,
0,bench/30gib-6.bin,797,33554432,1009.20,,
0,bench/30gib-6.bin,798,33554432,414.89,,
0,bench/30gib-6.bin,799,33554432,1035.26,,
0,bench/30gib-6.bin,800,33554432,810.76,,
0,bench/30gib-6.bin,801,33554432,691.08,,
0,bench/30gib-6.bin,802,33554432,906.93,,
0,bench/30gib-6.bin,803,33554432,887.92,,
0,bench/30gib-6.bin,804,33554432,605.20,,
0,bench/30gib-6.bin,805,33554432,662.62,,
0,bench/30gib-6.bin,806,33554432,949.29,,
0,bench/30gib-6.bin,807,33554432,918.34,,
0,bench/30gib-6.bin,808,33554432,778.97,,
0,bench/30gib-6.bin,809,33554432,507.38,,
0,bench/30gib-6.bin,810,33554432,983.63,,
0,bench/30gib-6.bin,811,33554432,534.73,,
0,bench/30gib-6.bin,812,33554432,797.89,,
0,bench/30gib-6.bin,813,33554432,971.97,,
0,bench/30gib-6.bin,814,33554432,507.58,,
0,bench/30gib-6.bin,815,33554432,693.22,,
0,bench/30gib-6.bin,816,33554432,687.55,,
0,bench/30gib-6.bin,817,33554432,639.51,,
0,bench/30gib-6.bin,818,33554432,492.17,,
0,bench/30gib-6.bin,819,33554432,546.32,,
0,bench/30gib-6.bin,820,33554432,765.71,,
0,bench/30gib-6.bin,821,33554432,929.49,,
0,bench/30gib-6.bin,822,33554432,675.07,,
0,bench/30gib-6.bin,823,33554432,952.90,,
0,bench/30gib-6.bin,824,33554432,902.36,,
0,bench/30gib-6.bin,825,33554432,742.59,,
0,bench/30gib-6.bin,826,33554432,745.13,,
0,bench/30gib-6.bin,827,33554432,800.95,,
0,bench/30gib-6.bin,828,33554432,686.15,,
0,bench/30gib-6.bin,829,33554432,916.05,,
0,bench/30gib-6.bin,830,33554432,920.83,,
0,bench/30gib-6.bin,831,33554432,431.84,,
0,bench/30gib-6.bin,832,33554432,620.92,,
0,bench/30gib-6.bin,833,33554432,610.08,,
0,bench/30gib-6.bin,834,33554432,886.84,,
0,bench/30gib-6.bin,835,33554432,1026.57,,
0,bench/30gib-6.bin,836,33554432,340.61,,
0,bench/30gib-6.bin,837,33554432,632.95,,
0,bench/30gib-6.bin,838,33554432,830.98,,
0,bench/30gib-6.bin,839,33554432,768.31,,
0,bench/30gib-6.bin,840,33554432,471.09,,
0,bench/30gib-6.bin,841,33554432,1028.21,,
0,bench/30gib-6.bin,842,33554432,692.42,,
0,bench/30gib-6.bin,843,33554432,555.38,,
0,bench/30gib-6.bin,844,33554432,530.37,,
0,bench/30gib-6.bin,845,33554432,644.85,,
0,bench/30gib-6.bin,846,33554432,1063.76,,
0,bench/30gib-6.bin,847,33554432,598.18,,
0,bench/30gib-6.bin,848,33554432,1172.66,,
0,bench/30gib-6.bin,849,33554432,503.15,,
0,bench/30gib-6.bin,850,33554432,483.34,,
0,bench/30gib-6.bin,851,33554432,754.99,,
0,bench/30gib-6.bin,852,33554432,488.59,,
0,bench/30gib-6.bin,853,33554432,733.92,,
0,bench/30gib-6.bin,854,33554432,1242.97,,
0,bench/30gib-6.bin,855,33554432,945.47,,
0,bench/30gib-6.bin,856,33554432,755.22,,
0,bench/30gib-6.bin,857,33554432,417.18,,
0,bench/30gib-6.bin,858,33554432,1426.38,,
0,bench/30gib-6.bin,859,33554432,864.68,,
0,bench/30gib-6.bin,860,33554432,858.78,,
0,bench/30gib-6.bin,861,33554432,622.41,,
0,bench/30gib-6.bin,862,33554432,724.29,,
0,bench/30gib-6.bin,863,33554432,715.50,,
0,bench/30gib-6.bin,864,33554432,543.94,,
0,bench/30gib-6.bin,865,33554432,957.55,,
0,bench/30gib-6.bin,866,33554432,714.09,,
0,bench/30gib-6.bin,867,33554432,735.83,,
0,bench/30gib-6.bin,868,33554432,815.18,,
0,bench/30gib-6.bin,869,33554432,617.49,,
0,bench/30gib-6.bin,870,33554432,890.65,,
0,bench/30gib-6.bin,871,33554432,854.56,,
0,bench/30gib-6.bin,872,33554432,581.16,,
0,bench/30gib-6.bin,873,33554432,612.31,,
0,bench/30gib-6.bin,874,33554432,487.55,,
0,bench/30gib-6.bin,875,33554432,832.24,,
0,bench/30gib-6.bin,876,33554432,461.74,,
0,bench/30gib-6.bin,877,33554432,826.24,,
0,bench/30gib-6.bin,878,33554432,772.35,,
0,bench/30gib-6.bin,879,33554432,515.96,,
0,bench/30gib-6.bin,880,33554432,606.60,,
0,bench/30gib-6.bin,881,33554432,565.91,,
0,bench/30gib-6.bin,882,33554432,685.85,,
0,bench/30gib-6.bin,883,33554432,824.66,,
0,bench/30gib-6.bin,884,33554432,1196.24,,
0,bench/30gib-6.bin,885,33554432,585.71,,
0,bench/30gib-6.bin,886,33554432,614.52,,
0,bench/30gib-6.bin,887,33554432,385.00,,
0,bench/30gib-6.bin,888,33554432,691.31,,
0,bench/30gib-6.bin,889,33554432,537.96,,
0,bench/30gib-6.bin,890,33554432,467.08,,
0,bench/30gib-6.bin,891,33554432,489.02,,
0,bench/30gib-6.bin,892,33554432,591.38,,
0,bench/30gib-6.bin,893,33554432,783.60,,
0,bench/30gib-6.bin,894,33554432,843.92,,
0,bench/30gib-6.bin,895,33554432,719.58,,
0,bench/30gib-6.bin,896,33554432,572.30,,
0,bench/30gib-6.bin,897,33554432,523.14,,
0,bench/30gib-6.bin,898,33554432,767.12,,
0,bench/30gib-6.bin,899,33554432,433.13,,
0,bench/30gib-6.bin,900,33554432,558.03,,
0,bench/30gib-6.bin,901,33554432,550.83,,
0,bench/30gib-6.bin,902,33554432,1044.07,,
0,bench/30gib-6.bin,903,33554432,866.46,,
0,bench/30gib-6.bin,904,33554432,941.25,,
0,bench/30gib-6.bin,905,33554432,1098.48,,
0,bench/30gib-6.bin,906,33554432,517.35,,
0,bench/30gib-6.bin,907,33554432,572.90,,
0,bench/30gib-6.bin,908,33554432,1251.87,,
0,bench/30gib-6.bin,909,33554432,522.76,,
0,bench/30gib-6.bin,910,33554432,639.14,,
0,bench/30gib-6.bin,911,33554432,540.74,,
0,bench/30gib-6.bin,912,33554432,627.18,,
0,bench/30gib-6.bin,913,33554432,790.32,,
0,bench/30gib-6.bin,914,33554432,1096.31,,
0,bench/30gib-6.bin,915,33554432,1159.26,,
0,bench/30gib-6.bin,916,33554432,1257.14,,
0,bench/30gib-6.bin,917,33554432,597.06,,
0,bench/30gib-6.bin,918,33554432,490.11,,
0,bench/30gib-6.bin,919,33554432,652.44,,
0,bench/30gib-6.bin,920,33554432,599.91,,
0,bench/30gib-6.bin,921,33554432,768.98,,
0,bench/30gib-6.bin,922,33554432,656.40,,
0,bench/30gib-6.bin,923,33554432,658.21,,
0,bench/30gib-6.bin,924,33554432,611.91,,
0,bench/30gib-6.bin,925,33554432,843.24,,
0,bench/30gib-6.bin,926,33554432,1009.55,,
0,bench/30gib-6.bin,927,33554432,692.97,,
0,bench/30gib-6.bin,928,33554432,587.78,,
0,bench/30gib-6.bin,929,33554432,548.36,,
0,bench/30gib-6.bin,930,33554432,880.13,,
0,bench/30gib-6.bin,931,33554432,479.94,,
0,bench/30gib-6.bin,932,33554432,639.91,,
0,bench/30gib-6.bin,933,33554432,591.83,,
0,bench/30gib-6.bin,934,33554432,527.05,,
0,bench/30gib-6.bin,935,33554432,513.02,,
0,bench/30gib-6.bin,936,33554432,414.83,,
0,bench/30gib-6.bin,937,33554432,451.68,,
0,bench/30gib-6.bin,938,33554432,501.87,,
0,bench/30gib-6.bin,939,33554432,544.77,,
0,bench/30gib-6.bin,940,33554432,486.75,,
0,bench/30gib-6.bin,941,33554432,801.61,,
0,bench/30gib-6.bin,942,33554432,898.17,,
0,bench/30gib-6.bin,943,33554432,815.70,,
0,bench/30gib-6.bin,944,33554432,551.87,,
0,bench/30gib-6.bin,945,33554432,654.45,,
0,bench/30gib-6.bin,946,33554432,497.30,,
0,bench/30gib-6.bin,947,33554432,755.66,,
0,bench/30gib-6.bin,948,33554432,741.28,,
0,bench/30gib-6.bin,949,33554432,711.45,,
0,bench/30gib-6.bin,950,33554432,549.17,,
0,bench/30gib-6.bin,951,33554432,506.63,,
0,bench/30gib-6.bin,952,33554432,542.43,,
0,bench/30gib-6.bin,953,33554432,442.92,,
0,bench/30gib-6.bin,954,33554432,706.02,,
0,bench/30gib-6.bin,955,33554432,489.62,,
0,bench/30gib-6.bin,956,33554432,475.66,,
0,bench/30gib-6.bin,957,33554432,360.40,,
0,bench/30gib-6.bin,958,33554432,370.51,,
0,bench/30gib-6.bin,959,33554432,597.22,,
0,bench/30gib-6.bin,960,33554432,439.85,,
0,bench/30gib-7.bin,1,33554432,1371.81,,
0,bench/30gib-7.bin,2,33554432,1183.75,,
0,bench/30gib-7.bin,3,33554432,1185.16,,
0,bench/30gib-7.bin,4,33554432,1517.10,,
0,bench/30gib-7.bin,5,33554432,942.28,,
0,bench/30gib-7.bin,6,33554432,1165.40,,
0,bench/30gib-7.bin,7,33554432,1224.86,,
0,bench/30gib-7.bin,8,33554432,943.37,,
0,bench/30gib-7.bin,9,33554432,1124.41,,
0,bench/30gib-7.bin,10,33554432,1466.51,,
0,bench/30gib-7.bin,11,33554432,1477.30,,
0,bench/30gib-7.bin,12,33554432,948.87,,
0,bench/30gib-7.bin,13,33554432,1137.96,,
0,bench/30gib-7.bin,14,33554432,1682.70,,
0,bench/30gib-7.bin,15,33554432,1250.98,,
0,bench/30gib-7.bin,16,33554432,956.00,,
0,bench/30gib-7.bin,17,33554432,1164.88,,
0,bench/30gib-7.bin,18,33554432,1617.99,,
0,bench/30gib-7.bin,19,33554432,981.92,,
0,bench/30gib-7.bin,20,33554432,1441.15,,
0,bench/30gib-7.bin,21,33554432,978.86,,
0,bench/30gib-7.bin,22,33554432,1342.61,,
0,bench/30gib-7.bin,23,33554432,1363.36,,
0,bench/30gib-7.bin,24,33554432,1013.35,,
0,bench/30gib-7.bin,25,33554432,1955.20,,
0,bench/30gib-7.bin,26,33554432,1109.66,,
0,bench/30gib-7.bin,27,33554432,1046.89,,
0,bench/30gib-7.bin,28,33554432,1485.89,,
0,bench/30gib-7.bin,29,33554432,1425.30,,
0,bench/30gib-7.bin,30,33554432,951.18,,
0,bench/30gib-7.bin,31,33554432,741.53,,
0,bench/30gib-7.bin,32,33554432,1065.38,,
0,bench/30gib-7.bin,33,33554432,879.46,,
0,bench/30gib-7.bin,34,33554432,839.96,,
0,bench/30gib-7.bin,35,33554432,623.63,,
0,bench/30gib-7.bin,36,33554432,1071.25,,
0,bench/30gib-7.bin,37,33554432,636.52,,
0,bench/30gib-7.bin,38,33554432,620.77,,
0,bench/30gib-7.bin,39,33554432,1066.28,,
0,bench/30gib-7.bin,40,33554432,958.04,,
0,bench/30gib-7.bin,41,33554432,938.38,,
0,bench/30gib-7.bin,42,33554432,971.60,,
0,bench/30gib-7.bin,43,33554432,661.27,,
0,bench/30gib-7.bin,44,33554432,887.93,,
0,bench/30gib-7.bin,45,33554432,972.99,,
0,bench/30gib-7.bin,46,33554432,740.82,,
0,bench/30gib-7.bin,47,33554432,952.83,,
0,bench/30gib-7.bin,48,33554432,785.32,,
0,bench/30gib-7.bin,49,33554432,587.37,,
0,bench/30gib-7.bin,50,33554432,1040.51,,
0,bench/30gib-7.bin,51,33554432,1161.03,,
0,bench/30gib-7.bin,52,33554432,767.55,,
0,bench/30gib-7.bin,53,33554432,995.68,,
0,bench/30gib-7.bin,54,33554432,694.66,,
0,bench/30gib-7.bin,55,33554432,1085.57,,
0,bench/30gib-7.bin,56,33554432,722.36,,
0,bench/30gib-7.bin,57,33554432,634.71,,
0,bench/30gib-7.bin,58,33554432,725.97,,
0,bench/30gib-7.bin,59,33554432,738.76,,
0,bench/30gib-7.bin,60,33554432,1164.37,,
0,bench/30gib-7.bin,61,33554432,604.22,,
0,bench/30gib-7.bin,62,33554432,577.98,,
0,bench/30gib-7.bin,63,33554432,587.47,,
0,bench/30gib-7.bin,64,33554432,1124.95,,
0,bench/30gib-7.bin,65,33554432,712.21,,
0,bench/30gib-7.bin,66,33554432,817.48,,
0,bench/30gib-7.bin,67,33554432,585.12,,
0,bench/30gib-7.bin,68,33554432,725.76,,
0,bench/30gib-7.bin,69,33554432,606.18,,
0,bench/30gib-7.bin,70,33554432,579.53,,
0,bench/30gib-7.bin,71,33554432,729.63,,
0,bench/30gib-7.bin,72,33554432,461.88,,
0,bench/30gib-7.bin,73,33554432,650.95,,
0,bench/30gib-7.bin,74,33554432,712.93,,
0,bench/30gib-7.bin,75,33554432,538.38,,
0,bench/30gib-7.bin,76,33554432,715.19,,
0,bench/30gib-7.bin,77,33554432,713.81,,
0,bench/30gib-7.bin,78,33554432,1306.94,,
0,bench/30gib-7.bin,79,33554432,1157.99,,
0,bench/30gib-7.bin,80,33554432,792.37,,
0,bench/30gib-7.bin,81,33554432,1072.60,,
0,bench/30gib-7.bin,82,33554432,677.05,,
0,bench/30gib-7.bin,83,33554432,611.75,,
0,bench/30gib-7.bin,84,33554432,1104.25,,
0,bench/30gib-7.bin,85,33554432,980.35,,
0,bench/30gib-7.bin,86,33554432,633.04,,
0,bench/30gib-7.bin,87,33554432,1070.54,,
0,bench/30gib-7.bin,88,33554432,924.01,,
0,bench/30gib-7.bin,89,33554432,725.45,,
0,bench/30gib-7.bin,90,33554432,981.15,,
0,bench/30gib-7.bin,91,33554432,794.27,,
0,bench/30gib-7.bin,92,33554432,660.18,,
0,bench/30gib-7.bin,93,33554432,935.96,,
0,bench/30gib-7.bin,94,33554432,686.12,,
0,bench/30gib-7.bin,95,33554432,537.02,,
0,bench/30gib-7.bin,96,33554432,676.50,,
0,bench/30gib-7.bin,97,33554432,1010.93,,
0,bench/30gib-7.bin,98,33554432,836.45,,
0,bench/30gib-7.bin,99,33554432,700.61,,
0,bench/30gib-7.bin,100,33554432,609.95,,
0,bench/30gib-7.bin,101,33554432,615.65,,
0,bench/30gib-7.bin,102,33554432,908.44,,
0,bench/30gib-7.bin,103,33554432,664.80,,
0,bench/30gib-7.bin,104,33554432,427.39,,
0,bench/30gib-7.bin,105,33554432,602.99,,
0,bench/30gib-7.bin,106,33554432,989.43,,
0,bench/30gib-7.bin,107,33554432,625.72,,
0,bench/30gib-7.bin,108,33554432,972.69,,
0,bench/30gib-7.bin,109,33554432,569.26,,
0,bench/30gib-7.bin,110,33554432,399.01,,
0,bench/30gib-7.bin,111,33554432,443.75,,
0,bench/30gib-7.bin,112,33554432,949.33,,
0,bench/30gib-7.bin,113,33554432,941.38,,
0,bench/30gib-7.bin,114,33554432,476.02,,
0,bench/30gib-7.bin,115,33554432,582.45,,
0,bench/30gib-7.bin,116,33554432,577.79,,
0,bench/30gib-7.bin,117,33554432,876.30,,
0,bench/30gib-7.bin,118,33554432,862.74,,
0,bench/30gib-7.bin,119,33554432,639.03,,
0,bench/30gib-7.bin,120,33554432,857.57,,
0,bench/30gib-7.bin,121,33554432,592.38,,
0,bench/30gib-7.bin,122,33554432,554.28,,
0,bench/30gib-7.bin,123,33554432,826.76,,
0,bench/30gib-7.bin,124,33554432,697.97,,
0,bench/30gib-7.bin,125,33554432,417.30,,
0,bench/30gib-7.bin,126,33554432,526.13,,
0,bench/30gib-7.bin,127,33554432,683.46,,
0,bench/30gib-7.bin,128,33554432,603.43,,
0,bench/30gib-7.bin,129,33554432,727.07,,
0,bench/30gib-7.bin,130,33554432,571.48,,
0,bench/30gib-7.bin,131,33554432,608.07,,
0,bench/30gib-7.bin,132,33554432,852.48,,
0,bench/30gib-7.bin,133,33554432,800.29,,
0,bench/30gib-7.bin,134,33554432,515.00,,
0,bench/30gib-7.bin,135,33554432,558.89,,
0,bench/30gib-7.bin,136,33554432,864.11,,
0,bench/30gib-7.bin,137,33554432,712.12,,
0,bench/30gib-7.bin,138,33554432,843.74,,
0,bench/30gib-7.bin,139,33554432,955.03,,
0,bench/30gib-7.bin,140,33554432,779.68,,
0,bench/30gib-7.bin,141,33554432,997.13,,
0,bench/30gib-7.bin,142,33554432,673.10,,
0,bench/30gib-7.bin,143,33554432,913.24,,
0,bench/30gib-7.bin,144,33554432,593.75,,
0,bench/30gib-7.bin,145,33554432,826.17,,
0,bench/30gib-7.bin,146,33554432,542.47,,
0,bench/30gib-7.bin,147,33554432,380.02,,
0,bench/30gib-7.bin,148,33554432,594.94,,
0,bench/30gib-7.bin,149,33554432,593.96,,
0,bench/30gib-7.bin,150,33554432,355.47,,
0,bench/30gib-7.bin,151,33554432,588.11,,
0,bench/30gib-7.bin,152,33554432,490.14,,
0,bench/30gib-7.bin,153,33554432,1103.73,,
0,bench/30gib-7.bin,154,33554432,1099.89,,
0,bench/30gib-7.bin,155,33554432,526.78,,
0,bench/30gib-7.bin,156,33554432,708.61,,
0,bench/30gib-7.bin,157,33554432,571.89,,
0,bench/30gib-7.bin,158,33554432,534.61,,
0,bench/30gib-7.bin,159,33554432,912.09,,
0,bench/30gib-7.bin,160,33554432,534.64,,
0,bench/30gib-7.bin,161,33554432,960.04,,
0,bench/30gib-7.bin,162,33554432,539.31,,
0,bench/30gib-7.bin,163,33554432,641.92,,
0,bench/30gib-7.bin,164,33554432,460.68,,
0,bench/30gib-7.bin,165,33554432,571.60,,
0,bench/30gib-7.bin,166,33554432,537.68,,
0,bench/30gib-7.bin,167,33554432,559.79,,
0,bench/30gib-7.bin,168,33554432,1431.10,,
0,bench/30gib-7.bin,169,33554432,355.97,,
0,bench/30gib-7.bin,170,33554432,1064.24,,
0,bench/30gib-7.bin,171,33554432,792.20,,
0,bench/30gib-7.bin,172,33554432,477.05,,
0,bench/30gib-7.bin,173,33554432,547.39,,
0,bench/30gib-7.bin,174,33554432,642.05,,
0,bench/30gib-7.bin,175,33554432,707.85,,
0,bench/30gib-7.bin,176,33554432,628.65,,
0,bench/30gib-7.bin,177,33554432,557.46,,
0,bench/30gib-7.bin,178,33554432,642.57,,
0,bench/30gib-7.bin,179,33554432,719.08,,
0,bench/30gib-7.bin,180,33554432,599.66,,
0,bench/30gib-7.bin,181,33554432,693.20,,
0,bench/30gib-7.bin,182,33554432,932.18,,
0,bench/30gib-7.bin,183,33554432,593.28,,
0,bench/30gib-7.bin,184,33554432,707.47,,
0,bench/30gib-7.bin,185,33554432,410.08,,
0,bench/30gib-7.bin,186,33554432,781.85,,
0,bench/30gib-7.bin,187,33554432,496.85,,
0,bench/30gib-7.bin,188,33554432,677.95,,
0,bench/30gib-7.bin,189,33554432,600.79,,
0,bench/30gib-7.bin,190,33554432,988.38,,
0,bench/30gib-7.bin,191,33554432,751.80,,
0,bench/30gib-7.bin,192,33554432,381.80,,
0,bench/30gib-7.bin,193,33554432,792.05,,
0,bench/30gib-7.bin,194,33554432,571.00,,
0,bench/30gib-7.bin,195,33554432,393.62,,
0,bench/30gib-7.bin,196,33554432,795.08,,
0,bench/30gib-7.bin,197,33554432,930.92,,
0,bench/30gib-7.bin,198,33554432,467.49,,
0,bench/30gib-7.bin,199,33554432,811.00,,
0,bench/30gib-7.bin,200,33554432,380.00,,
0,bench/30gib-7.bin,201,33554432,848.64,,
0,bench/30gib-7.bin,202,33554432,428.17,,
0,bench/30gib-7.bin,203,33554432,650.85,,
0,bench/30gib-7.bin,204,33554432,408.43,,
0,bench/30gib-7.bin,205,33554432,563.49,,
0,bench/30gib-7.bin,206,33554432,889.90,,
0,bench/30gib-7.bin,207,33554432,554.60,,
0,bench/30gib-7.bin,208,33554432,1475.49,,
0,bench/30gib-7.bin,209,33554432,675.95,,
0,bench/30gib-7.bin,210,33554432,448.43,,
0,bench/30gib-7.bin,211,33554432,711.58,,
0,bench/30gib-7.bin,212,33554432,566.47,,
0,bench/30gib-7.bin,213,33554432,651.08,,
0,bench/30gib-7.bin,214,33554432,576.02,,
0,bench/30gib-7.bin,215,33554432,671.94,,
0,bench/30gib-7.bin,216,33554432,875.96,,
0,bench/30gib-7.bin,217,33554432,569.65,,
0,bench/30gib-7.bin,218,33554432,366.45,,
0,bench/30gib-7.bin,219,33554432,886.76,,
0,bench/30gib-7.bin,220,33554432,898.53,,
0,bench/30gib-7.bin,221,33554432,1105.18,,
0,bench/30gib-7.bin,222,33554432,519.62,,
0,bench/30gib-7.bin,223,33554432,649.40,,
0,bench/30gib-7.bin,224,33554432,984.11,,
0,bench/30gib-7.bin,225,33554432,640.29,,
0,bench/30gib-7.bin,226,33554432,411.81,,
0,bench/30gib-7.bin,227,33554432,674.55,,
0,bench/30gib-7.bin,228,33554432,439.42,,
0,bench/30gib-7.bin,229,33554432,546.57,,
0,bench/30gib-7.bin,230,33554432,1029.41,,
0,bench/30gib-7.bin,231,33554432,965.65,,
0,bench/30gib-7.bin,232,33554432,1033.97,,
0,bench/30gib-7.bin,233,33554432,583.39,,
0,bench/30gib-7.bin,234,33554432,653.88,,
0,bench/30gib-7.bin,235,33554432,525.53,,
0,bench/30gib-7.bin,236,33554432,669.38,,
0,bench/30gib-7.bin,237,33554432,775.80,,
0,bench/30gib-7.bin,238,33554432,681.12,,
0,bench/30gib-7.bin,239,33554432,403.31,,
0,bench/30gib-7.bin,240,33554432,1147.26,,
0,bench/30gib-7.bin,241,33554432,620.76,,
0,bench/30gib-7.bin,242,33554432,452.34,,
0,bench/30gib-7.bin,243,33554432,950.28,,
0,bench/30gib-7.bin,244,33554432,590.96,,
0,bench/30gib-7.bin,245,33554432,495.92,,
0,bench/30gib-7.bin,246,33554432,727.91,,
0,bench/30gib-7.bin,247,33554432,437.72,,
0,bench/30gib-7.bin,248,33554432,1194.79,,
0,bench/30gib-7.bin,249,33554432,627.50,,
0,bench/30gib-7.bin,250,33554432,764.87,,
0,bench/30gib-7.bin,251,33554432,1014.34,,
0,bench/30gib-7.bin,252,33554432,781.91,,
0,bench/30gib-7.bin,253,33554432,1143.65,,
0,bench/30gib-7.bin,254,33554432,560.05,,
0,bench/30gib-7.bin,255,33554432,1032.92,,
0,bench/30gib-7.bin,256,33554432,424.04,,
0,bench/30gib-7.bin,257,33554432,637.94,,
0,bench/30gib-7.bin,258,33554432,468.79,,
0,bench/30gib-7.bin,259,33554432,557.29,,
0,bench/30gib-7.bin,260,33554432,570.46,,
0,bench/30gib-7.bin,261,33554432,673.76,,
0,bench/30gib-7.bin,262,33554432,688.45,,
0,bench/30gib-7.bin,263,33554432,1561.67,,
0,bench/30gib-7.bin,264,33554432,406.02,,
0,bench/30gib-7.bin,265,33554432,843.67,,
0,bench/30gib-7.bin,266,33554432,860.83,,
0,bench/30gib-7.bin,267,33554432,484.76,,
0,bench/30gib-7.bin,268,33554432,501.19,,
0,bench/30gib-7.bin,269,33554432,740.75,,
0,bench/30gib-7.bin,270,33554432,693.09,,
0,bench/30gib-7.bin,271,33554432,858.71,,
0,bench/30gib-7.bin,272,33554432,431.93,,
0,bench/30gib-7.bin,273,33554432,850.15,,
0,bench/30gib-7.bin,274,33554432,942.42,,
0,bench/30gib-7.bin,275,33554432,595.90,,
0,bench/30gib-7.bin,276,33554432,683.00,,
0,bench/30gib-7.bin,277,33554432,1248.60,,
0,bench/30gib-7.bin,278,33554432,700.91,,
0,bench/30gib-7.bin,279,33554432,828.00,,
0,bench/30gib-7.bin,280,33554432,815.36,,
0,bench/30gib-7.bin,281,33554432,535.87,,
0,bench/30gib-7.bin,282,33554432,547.54,,
0,bench/30gib-7.bin,283,33554432,701.07,,
0,bench/30gib-7.bin,284,33554432,869.54,,
0,bench/30gib-7.bin,285,33554432,773.56,,
0,bench/30gib-7.bin,286,33554432,758.25,,
0,bench/30gib-7.bin,287,33554432,1020.37,,
0,bench/30gib-7.bin,288,33554432,558.75,,
0,bench/30gib-7.bin,289,33554432,785.44,,
0,bench/30gib-7.bin,290,33554432,583.41,,
0,bench/30gib-7.bin,291,33554432,495.60,,
0,bench/30gib-7.bin,292,33554432,994.07,,
0,bench/30gib-7.bin,293,33554432,748.13,,
0,bench/30gib-7.bin,294,33554432,814.59,,
0,bench/30gib-7.bin,295,33554432,703.87,,
0,bench/30gib-7.bin,296,33554432,489.62,,
0,bench/30gib-7.bin,297,33554432,423.96,,
0,bench/30gib-7.bin,298,33554432,796.82,,
0,bench/30gib-7.bin,299,33554432,635.57,,
0,bench/30gib-7.bin,300,33554432,526.04,,
0,bench/30gib-7.bin,301,33554432,1117.87,,
0,bench/30gib-7.bin,302,33554432,399.62,,
0,bench/30gib-7.bin,303,33554432,866.54,,
0,bench/30gib-7.bin,304,33554432,961.47,,
0,bench/30gib-7.bin,305,33554432,356.22,,
0,bench/30gib-7.bin,306,33554432,756.83,,
0,bench/30gib-7.bin,307,33554432,638.88,,
0,bench/30gib-7.bin,308,33554432,466.44,,
0,bench/30gib-7.bin,309,33554432,410.79,,
0,bench/30gib-7.bin,310,33554432,1242.65,,
0,bench/30gib-7.bin,311,33554432,686.11,,
0,bench/30gib-7.bin,312,33554432,556.57,,
0,bench/30gib-7.bin,313,33554432,1060.45,,
0,bench/30gib-7.bin,314,33554432,728.92,,
0,bench/30gib-7.bin,315,33554432,1294.33,,
0,bench/30gib-7.bin,316,33554432,839.10,,
0,bench/30gib-7.bin,317,33554432,734.62,,
0,bench/30gib-7.bin,318,33554432,574.27,,
0,bench/30gib-7.bin,319,33554432,716.91,,
0,bench/30gib-7.bin,320,33554432,861.72,,
0,bench/30gib-7.bin,321,33554432,550.93,,
0,bench/30gib-7.bin,322,33554432,708.13,,
0,bench/30gib-7.bin,323,33554432,730.62,,
0,bench/30gib-7.bin,324,33554432,1119.11,,
0,bench/30gib-7.bin,325,33554432,735.46,,
0,bench/30gib-7.bin,326,33554432,591.36,,
0,bench/30gib-7.bin,327,33554432,669.40,,
0,bench/30gib-7.bin,328,33554432,599.52,,
0,bench/30gib-7.bin,329,33554432,862.31,,
0,bench/30gib-7.bin,330,33554432,409.49,,
0,bench/30gib-7.bin,331,33554432,421.54,,
0,bench/30gib-7.bin,332,33554432,843.86,,
0,bench/30gib-7.bin,333,33554432,498.82,,
0,bench/30gib-7.bin,334,33554432,929.85,,
0,bench/30gib-7.bin,335,33554432,682.85,,
0,bench/30gib-7.bin,336,33554432,716.57,,
0,bench/30gib-7.bin,337,33554432,610.40,,
0,bench/30gib-7.bin,338,33554432,537.36,,
0,bench/30gib-7.bin,339,33554432,523.99,,
0,bench/30gib-7.bin,340,33554432,480.79,,
0,bench/30gib-7.bin,341,33554432,372.95,,
0,bench/30gib-7.bin,342,33554432,596.38,,
0,bench/30gib-7.bin,343,33554432,405.03,,
0,bench/30gib-7.bin,344,33554432,632.16,,
0,bench/30gib-7.bin,345,33554432,487.70,,
0,bench/30gib-7.bin,346,33554432,402.16,,
0,bench/30gib-7.bin,347,33554432,641.75,,
0,bench/30gib-7.bin,348,33554432,1039.42,,
0,bench/30gib-7.bin,349,33554432,1342.33,,
0,bench/30gib-7.bin,350,33554432,755.08,,
0,bench/30gib-7.bin,351,33554432,347.45,,
0,bench/30gib-7.bin,352,33554432,942.05,,
0,bench/30gib-7.bin,353,33554432,708.40,,
0,bench/30gib-7.bin,354,33554432,652.50,,
0,bench/30gib-7.bin,355,33554432,431.22,,
0,bench/30gib-7.bin,356,33554432,856.40,,
0,bench/30gib-7.bin,357,33554432,698.24,,
0,bench/30gib-7.bin,358,33554432,700.23,,
0,bench/30gib-7.bin,359,33554432,755.72,,
0,bench/30gib-7.bin,360,33554432,921.88,,
0,bench/30gib-7.bin,361,33554432,883.08,,
0,bench/30gib-7.bin,362,33554432,771.59,,
0,bench/30gib-7.bin,363,33554432,775.70,,
0,bench/30gib-7.bin,364,33554432,625.20,,
0,bench/30gib-7.bin,365,33554432,529.44,,
0,bench/30gib-7.bin,366,33554432,414.56,,
0,bench/30gib-7.bin,367,33554432,978.20,,
0,bench/30gib-7.bin,368,33554432,514.17,,
0,bench/30gib-7.bin,369,33554432,564.19,,
0,bench/30gib-7.bin,370,33554432,787.50,,
0,bench/30gib-7.bin,371,33554432,460.39,,
0,bench/30gib-7.bin,372,33554432,836.32,,
0,bench/30gib-7.bin,373,33554432,689.59,,
0,bench/30gib-7.bin,374,33554432,584.32,,
0,bench/30gib-7.bin,375,33554432,735.98,,
0,bench/30gib-7.bin,376,33554432,404.07,,
0,bench/30gib-7.bin,377,33554432,734.17,,
0,bench/30gib-7.bin,378,33554432,580.79,,
0,bench/30gib-7.bin,379,33554432,554.12,,
0,bench/30gib-7.bin,380,33554432,523.08,,
0,bench/30gib-7.bin,381,33554432,999.39,,
0,bench/30gib-7.bin,382,33554432,719.93,,
0,bench/30gib-7.bin,383,33554432,614.86,,
0,bench/30gib-7.bin,384,33554432,1109.37,,
0,bench/30gib-7.bin,385,33554432,533.45,,
0,bench/30gib-7.bin,386,33554432,937.25,,
0,bench/30gib-7.bin,387,33554432,425.24,,
0,bench/30gib-7.bin,388,33554432,664.25,,
0,bench/30gib-7.bin,389,33554432,947.69,,
0,bench/30gib-7.bin,390,33554432,650.13,,
0,bench/30gib-7.bin,391,33554432,948.86,,
0,bench/30gib-7.bin,392,33554432,1497.73,,
0,bench/30gib-7.bin,393,33554432,629.79,,
0,bench/30gib-7.bin,394,33554432,587.46,,
0,bench/30gib-7.bin,395,33554432,525.52,,
0,bench/30gib-7.bin,396,33554432,1022.35,,
0,bench/30gib-7.bin,397,33554432,564.66,,
0,bench/30gib-7.bin,398,33554432,858.24,,
0,bench/30gib-7.bin,399,33554432,570.40,,
0,bench/30gib-7.bin,400,33554432,663.57,,
0,bench/30gib-7.bin,401,33554432,489.85,,
0,bench/30gib-7.bin,402,33554432,825.03,,
0,bench/30gib-7.bin,403,33554432,586.30,,
0,bench/30gib-7.bin,404,33554432,608.70,,
0,bench/30gib-7.bin,405,33554432,489.99,,
0,bench/30gib-7.bin,406,33554432,514.29,,
0,bench/30gib-7.bin,407,33554432,601.36,,
0,bench/30gib-7.bin,408,33554432,994.35,,
0,bench/30gib-7.bin,409,33554432,567.10,,
0,bench/30gib-7.bin,410,33554432,710.56,,
0,bench/30gib-7.bin,411,33554432,930.26,,
0,bench/30gib-7.bin,412,33554432,615.92,,
0,bench/30gib-7.bin,413,33554432,594.81,,
0,bench/30gib-7.bin,414,33554432,423.57,,
0,bench/30gib-7.bin,415,33554432,679.96,,
0,bench/30gib-7.bin,416,33554432,576.03,,
0,bench/30gib-7.bin,417,33554432,632.44,,
0,bench/30gib-7.bin,418,33554432,1482.25,,
0,bench/30gib-7.bin,419,33554432,563.51,,
0,bench/30gib-7.bin,420,33554432,393.83,,
0,bench/30gib-7.bin,421,33554432,689.78,,
0,bench/30gib-7.bin,422,33554432,781.69,,
0,bench/30gib-7.bin,423,33554432,488.01,,
0,bench/30gib-7.bin,424,33554432,639.58,,
0,bench/30gib-7.bin,425,33554432,503.11,,
0,bench/30gib-7.bin,426,33554432,1065.65,,
0,bench/30gib-7.bin,427,33554432,857.00,,
0,bench/30gib-7.bin,428,33554432,539.57,,
0,bench/30gib-7.bin,429,33554432,624.13,,
0,bench/30gib-7.bin,430,33554432,726.01,,
0,bench/30gib-7.bin,431,33554432,996.18,,
0,bench/30gib-7.bin,432,33554432,725.43,,
0,bench/30gib-7.bin,433,33554432,858.13,,
0,bench/30gib-7.bin,434,33554432,1739.81,,
0,bench/30gib-7.bin,435,33554432,600.59,,
0,bench/30gib-7.bin,436,33554432,538.16,,
0,bench/30gib-7.bin,437,33554432,671.79,,
0,bench/30gib-7.bin,438,33554432,1105.23,,
0,bench/30gib-7.bin,439,33554432,951.32,,
0,bench/30gib-7.bin,440,33554432,452.13,,
0,bench/30gib-7.bin,441,33554432,703.51,,
0,bench/30gib-7.bin,442,33554432,944.99,,
0,bench/30gib-7.bin,443,33554432,491.18,,
0,bench/30gib-7.bin,444,33554432,886.22,,
0,bench/30gib-7.bin,445,33554432,547.77,,
0,bench/30gib-7.bin,446,33554432,892.30,,
0,bench/30gib-7.bin,447,33554432,482.47,,
0,bench/30gib-7.bin,448,33554432,673.17,,
0,bench/30gib-7.bin,449,33554432,1201.96,,
0,bench/30gib-7.bin,450,33554432,907.08,,
0,bench/30gib-7.bin,451,33554432,612.69,,
0,bench/30gib-7.bin,452,33554432,681.97,,
0,bench/30gib-7.bin,453,33554432,462.80,,
0,bench/30gib-7.bin,454,33554432,524.47,,
0,bench/30gib-7.bin,455,33554432,451.04,,
0,bench/30gib-7.bin,456,33554432,1318.04,,
0,bench/30gib-7.bin,457,33554432,501.66,,
0,bench/30gib-7.bin,458,33554432,609.60,,
0,bench/30gib-7.bin,459,33554432,1023.87,,
0,bench/30gib-7.bin,460,33554432,732.91,,
0,bench/30gib-7.bin,461,33554432,981.52,,
0,bench/30gib-7.bin,462,33554432,647.03,,
0,bench/30gib-7.bin,463,33554432,1435.69,,
0,bench/30gib-7.bin,464,33554432,1160.64,,
0,bench/30gib-7.bin,465,33554432,406.67,,
0,bench/30gib-7.bin,466,33554432,486.54,,
0,bench/30gib-7.bin,467,33554432,1097.83,,
0,bench/30gib-7.bin,468,33554432,454.89,,
0,bench/30gib-7.bin,469,33554432,805.89,,
0,bench/30gib-7.bin,470,33554432,652.31,,
0,bench/30gib-7.bin,471,33554432,436.83,,
0,bench/30gib-7.bin,472,33554432,1098.69,,
0,bench/30gib-7.bin,473,33554432,877.29,,
0,bench/30gib-7.bin,474,33554432,475.40,,
0,bench/30gib-7.bin,475,33554432,595.06,,
0,bench/30gib-7.bin,476,33554432,617.25,,
0,bench/30gib-7.bin,477,33554432,556.10,,
0,bench/30gib-7.bin,478,33554432,697.88,,
0,bench/30gib-7.bin,479,33554432,979.17,,
0,bench/30gib-7.bin,480,33554432,684.71,,
0,bench/30gib-7.bin,481,33554432,493.13,,
0,bench/30gib-7.bin,482,33554432,387.73,,
0,bench/30gib-7.bin,483,33554432,840.38,,
0,bench/30gib-7.bin,484,33554432,547.89,,
0,bench/30gib-7.bin,485,33554432,634.52,,
0,bench/30gib-7.bin,486,33554432,1076.27,,
0,bench/30gib-7.bin,487,33554432,800.57,,
0,bench/30gib-7.bin,488,33554432,588.34,,
0,bench/30gib-7.bin,489,33554432,625.74,,
0,bench/30gib-7.bin,490,33554432,747.32,,
0,bench/30gib-7.bin,491,33554432,674.77,,
0,bench/30gib-7.bin,492,33554432,845.52,,
0,bench/30gib-7.bin,493,33554432,598.72,,
0,bench/30gib-7.bin,494,33554432,565.48,,
0,bench/30gib-7.bin,495,33554432,547.29,,
0,bench/30gib-7.bin,496,33554432,791.33,,
0,bench/30gib-7.bin,497,33554432,747.89,,
0,bench/30gib-7.bin,498,33554432,780.79,,
0,bench/30gib-7.bin,499,33554432,890.02,,
0,bench/30gib-7.bin,500,33554432,445.48,,
0,bench/30gib-7.bin,501,33554432,401.07,,
0,bench/30gib-7.bin,502,33554432,647.23,,
0,bench/30gib-7.bin,503,33554432,605.73,,
0,bench/30gib-7.bin,504,33554432,563.72,,
0,bench/30gib-7.bin,505,33554432,546.81,,
0,bench/30gib-7.bin,506,33554432,975.81,,
0,bench/30gib-7.bin,507,33554432,741.26,,
0,bench/30gib-7.bin,508,33554432,463.20,,
0,bench/30gib-7.bin,509,33554432,1149.48,,
0,bench/30gib-7.bin,510,33554432,493.44,,
0,bench/30gib-7.bin,511,33554432,546.31,,
0,bench/30gib-7.bin,512,33554432,591.39,,
0,bench/30gib-7.bin,513,33554432,1113.05,,
0,bench/30gib-7.bin,514,33554432,727.43,,
0,bench/30gib-7.bin,515,33554432,611.36,,
0,bench/30gib-7.bin,516,33554432,709.09,,
0,bench/30gib-7.bin,517,33554432,731.43,,
0,bench/30gib-7.bin,518,33554432,671.89,,
0,bench/30gib-7.bin,519,33554432,886.47,,
0,bench/30gib-7.bin,520,33554432,685.60,,
0,bench/30gib-7.bin,521,33554432,471.70,,
0,bench/30gib-7.bin,522,33554432,616.21,,
0,bench/30gib-7.bin,523,33554432,849.92,,
0,bench/30gib-7.bin,524,33554432,627.63,,
0,bench/30gib-7.bin,525,33554432,884.51,,
0,bench/30gib-7.bin,526,33554432,854.17,,
0,bench/30gib-7.bin,527,33554432,1072.37,,
0,bench/30gib-7.bin,528,33554432,502.51,,
0,bench/30gib-7.bin,529,33554432,677.91,,
0,bench/30gib-7.bin,530,33554432,815.31,,
0,bench/30gib-7.bin,531,33554432,462.94,,
0,bench/30gib-7.bin,532,33554432,510.06,,
0,bench/30gib-7.bin,533,33554432,725.93,,
0,bench/30gib-7.bin,534,33554432,642.35,,
0,bench/30gib-7.bin,535,33554432,407.35,,
0,bench/30gib-7.bin,536,33554432,394.55,,
0,bench/30gib-7.bin,537,33554432,713.53,,
0,bench/30gib-7.bin,538,33554432,650.51,,
0,bench/30gib-7.bin,539,33554432,552.49,,
0,bench/30gib-7.bin,540,33554432,876.45,,
0,bench/30gib-7.bin,541,33554432,554.38,,
0,bench/30gib-7.bin,542,33554432,888.68,,
0,bench/30gib-7.bin,543,33554432,1022.08,,
0,bench/30gib-7.bin,544,33554432,1071.09,,
0,bench/30gib-7.bin,545,33554432,583.31,,
0,bench/30gib-7.bin,546,33554432,959.17,,
0,bench/30gib-7.bin,547,33554432,534.44,,
0,bench/30gib-7.bin,548,33554432,1076.22,,
0,bench/30gib-7.bin,549,33554432,834.57,,
0,bench/30gib-7.bin,550,33554432,520.19,,
0,bench/30gib-7.bin,551,33554432,460.43,,
0,bench/30gib-7.bin,552,33554432,520.00,,
0,bench/30gib-7.bin,553,33554432,1025.19,,
0,bench/30gib-7.bin,554,33554432,777.96,,
0,bench/30gib-7.bin,555,33554432,707.64,,
0,bench/30gib-7.bin,556,33554432,870.86,,
0,bench/30gib-7.bin,557,33554432,679.61,,
0,bench/30gib-7.bin,558,33554432,737.69,,
0,bench/30gib-7.bin,559,33554432,624.37,,
0,bench/30gib-7.bin,560,33554432,409.12,,
0,bench/30gib-7.bin,561,33554432,1791.83,,
0,bench/30gib-7.bin,562,33554432,475.72,,
0,bench/30gib-7.bin,563,33554432,1112.12,,
0,bench/30gib-7.bin,564,33554432,772.76,,
0,bench/30gib-7.bin,565,33554432,564.20,,
0,bench/30gib-7.bin,566,33554432,763.65,,
0,bench/30gib-7.bin,567,33554432,621.79,,
0,bench/30gib-7.bin,568,33554432,991.71,,
0,bench/30gib-7.bin,569,33554432,464.59,,
0,bench/30gib-7.bin,570,33554432,1044.34,,
0,bench/30gib-7.bin,571,33554432,597.20,,
0,bench/30gib-7.bin,572,33554432,436.07,,
0,bench/30gib-7.bin,573,33554432,413.68,,
0,bench/30gib-7.bin,574,33554432,880.29,,
0,bench/30gib-7.bin,575,33554432,1117.19,,
0,bench/30gib-7.bin,576,33554432,655.86,,
0,bench/30gib-7.bin,577,33554432,518.10,,
0,bench/30gib-7.bin,578,33554432,749.27,,
0,bench/30gib-7.bin,579,33554432,1026.76,,
0,bench/30gib-7.bin,580,33554432,836.51,,
0,bench/30gib-7.bin,581,33554432,991.07,,
0,bench/30gib-7.bin,582,33554432,618.99,,
0,bench/30gib-7.bin,583,33554432,1021.98,,
0,bench/30gib-7.bin,584,33554432,897.76,,
0,bench/30gib-7.bin,585,33554432,933.03,,
0,bench/30gib-7.bin,586,33554432,679.79,,
0,bench/30gib-7.bin,587,33554432,558.65,,
0,bench/30gib-7.bin,588,33554432,637.70,,
0,bench/30gib-7.bin,589,33554432,789.58,,
0,bench/30gib-7.bin,590,33554432,567.75,,
0,bench/30gib-7.bin,591,33554432,825.14,,
0,bench/30gib-7.bin,592,33554432,561.42,,
0,bench/30gib-7.bin,593,33554432,1363.00,,
0,bench/30gib-7.bin,594,33554432,816.45,,
0,bench/30gib-7.bin,595,33554432,545.94,,
0,bench/30gib-7.bin,596,33554432,558.80,,
0,bench/30gib-7.bin,597,33554432,440.73,,
0,bench/30gib-7.bin,598,33554432,643.79,,
0,bench/30gib-7.bin,599,33554432,524.77,,
0,bench/30gib-7.bin,600,33554432,776.63,,
0,bench/30gib-7.bin,601,33554432,595.12,,
0,bench/30gib-7.bin,602,33554432,573.50,,
0,bench/30gib-7.bin,603,33554432,927.37,,
0,bench/30gib-7.bin,604,33554432,703.65,,
0,bench/30gib-7.bin,605,33554432,701.05,,
0,bench/30gib-7.bin,606,33554432,852.87,,
0,bench/30gib-7.bin,607,33554432,543.75,,
0,bench/30gib-7.bin,608,33554432,748.64,,
0,bench/30gib-7.bin,609,33554432,1009.30,,
0,bench/30gib-7.bin,610,33554432,556.46,,
0,bench/30gib-7.bin,611,33554432,686.93,,
0,bench/30gib-7.bin,612,33554432,427.80,,
0,bench/30gib-7.bin,613,33554432,452.41,,
0,bench/30gib-7.bin,614,33554432,833.27,,
0,bench/30gib-7.bin,615,33554432,579.38,,
0,bench/30gib-7.bin,616,33554432,469.56,,
0,bench/30gib-7.bin,617,33554432,443.07,,
0,bench/30gib-7.bin,618,33554432,427.97,,
0,bench/30gib-7.bin,619,33554432,837.77,,
0,bench/30gib-7.bin,620,33554432,643.85,,
0,bench/30gib-7.bin,621,33554432,444.30,,
0,bench/30gib-7.bin,622,33554432,1180.67,,
0,bench/30gib-7.bin,623,33554432,804.79,,
0,bench/30gib-7.bin,624,33554432,774.58,,
0,bench/30gib-7.bin,625,33554432,939.04,,
0,bench/30gib-7.bin,626,33554432,598.15,,
0,bench/30gib-7.bin,627,33554432,443.02,,
0,bench/30gib-7.bin,628,33554432,706.88,,
0,bench/30gib-7.bin,629,33554432,463.25,,
0,bench/30gib-7.bin,630,33554432,905.82,,
0,bench/30gib-7.bin,631,33554432,740.15,,
0,bench/30gib-7.bin,632,33554432,648.82,,
0,bench/30gib-7.bin,633,33554432,1016.44,,
0,bench/30gib-7.bin,634,33554432,874.55,,
0,bench/30gib-7.bin,635,33554432,582.31,,
0,bench/30gib-7.bin,636,33554432,722.98,,
0,bench/30gib-7.bin,637,33554432,498.66,,
0,bench/30gib-7.bin,638,33554432,537.32,,
0,bench/30gib-7.bin,639,33554432,1031.82,,
0,bench/30gib-7.bin,640,33554432,951.92,,
0,bench/30gib-7.bin,641,33554432,1106.14,,
0,bench/30gib-7.bin,642,33554432,580.99,,
0,bench/30gib-7.bin,643,33554432,526.06,,
0,bench/30gib-7.bin,644,33554432,891.73,,
0,bench/30gib-7.bin,645,33554432,554.71,,
0,bench/30gib-7.bin,646,33554432,587.11,,
0,bench/30gib-7.bin,647,33554432,896.82,,
0,bench/30gib-7.bin,648,33554432,877.23,,
0,bench/30gib-7.bin,649,33554432,393.09,,
0,bench/30gib-7.bin,650,33554432,708.20,,
0,bench/30gib-7.bin,651,33554432,552.79,,
0,bench/30gib-7.bin,652,33554432,756.98,,
0,bench/30gib-7.bin,653,33554432,560.59,,
0,bench/30gib-7.bin,654,33554432,513.24,,
0,bench/30gib-7.bin,655,33554432,761.45,,
0,bench/30gib-7.bin,656,33554432,486.50,,
0,bench/30gib-7.bin,657,33554432,376.74,,
0,bench/30gib-7.bin,658,33554432,531.46,,
0,bench/30gib-7.bin,659,33554432,385.18,,
0,bench/30gib-7.bin,660,33554432,1002.32,,
0,bench/30gib-7.bin,661,33554432,1127.70,,
0,bench/30gib-7.bin,662,33554432,1016.77,,
0,bench/30gib-7.bin,663,33554432,510.61,,
0,bench/30gib-7.bin,664,33554432,516.50,,
0,bench/30gib-7.bin,665,33554432,581.76,,
0,bench/30gib-7.bin,666,33554432,709.85,,
0,bench/30gib-7.bin,667,33554432,639.50,,
0,bench/30gib-7.bin,668,33554432,415.99,,
0,bench/30gib-7.bin,669,33554432,511.45,,
0,bench/30gib-7.bin,670,33554432,1149.21,,
0,bench/30gib-7.bin,671,33554432,658.94,,
0,bench/30gib-7.bin,672,33554432,863.99,,
0,bench/30gib-7.bin,673,33554432,715.65,,
0,bench/30gib-7.bin,674,33554432,635.35,,
0,bench/30gib-7.bin,675,33554432,875.00,,
0,bench/30gib-7.bin,676,33554432,531.37,,
0,bench/30gib-7.bin,677,33554432,1163.94,,
0,bench/30gib-7.bin,678,33554432,894.75,,
0,bench/30gib-7.bin,679,33554432,1045.49,,
0,bench/30gib-7.bin,680,33554432,1029.86,,
0,bench/30gib-7.bin,681,33554432,689.47,,
0,bench/30gib-7.bin,682,33554432,616.13,,
0,bench/30gib-7.bin,683,33554432,871.06,,
0,bench/30gib-7.bin,684,33554432,784.01,,
0,bench/30gib-7.bin,685,33554432,766.02,,
0,bench/30gib-7.bin,686,33554432,610.88,,
0,bench/30gib-7.bin,687,33554432,1331.97,,
0,bench/30gib-7.bin,688,33554432,570.54,,
0,bench/30gib-7.bin,689,33554432,854.93,,
0,bench/30gib-7.bin,690,33554432,886.46,,
0,bench/30gib-7.bin,691,33554432,526.37,,
0,bench/30gib-7.bin,692,33554432,561.96,,
0,bench/30gib-7.bin,693,33554432,352.87,,
0,bench/30gib-7.bin,694,33554432,850.94,,
0,bench/30gib-7.bin,695,33554432,715.85,,
0,bench/30gib-7.bin,696,33554432,550.41,,
0,bench/30gib-7.bin,697,33554432,740.86,,
0,bench/30gib-7.bin,698,33554432,626.57,,
0,bench/30gib-7.bin,699,33554432,610.06,,
0,bench/30gib-7.bin,700,33554432,1041.42,,
0,bench/30gib-7.bin,701,33554432,658.79,,
0,bench/30gib-7.bin,702,33554432,481.24,,
0,bench/30gib-7.bin,703,33554432,368.47,,
0,bench/30gib-7.bin,704,33554432,591.10,,
0,bench/30gib-7.bin,705,33554432,1138.72,,
0,bench/30gib-7.bin,706,33554432,806.97,,
0,bench/30gib-7.bin,707,33554432,731.31,,
0,bench/30gib-7.bin,708,33554432,514.40,,
0,bench/30gib-7.bin,709,33554432,496.04,,
0,bench/30gib-7.bin,710,33554432,532.45,,
0,bench/30gib-7.bin,711,33554432,846.35,,
0,bench/30gib-7.bin,712,33554432,1275.07,,
0,bench/30gib-7.bin,713,33554432,606.60,,
0,bench/30gib-7.bin,714,33554432,521.45,,
0,bench/30gib-7.bin,715,33554432,668.68,,
0,bench/30gib-7.bin,716,33554432,875.09,,
0,bench/30gib-7.bin,717,33554432,517.57,,
0,bench/30gib-7.bin,718,33554432,623.13,,
0,bench/30gib-7.bin,719,33554432,563.65,,
0,bench/30gib-7.bin,720,33554432,965.20,,
0,bench/30gib-7.bin,721,33554432,1334.45,,
0,bench/30gib-7.bin,722,33554432,1044.78,,
0,bench/30gib-7.bin,723,33554432,867.50,,
0,bench/30gib-7.bin,724,33554432,513.07,,
0,bench/30gib-7.bin,725,33554432,624.98,,
0,bench/30gib-7.bin,726,33554432,871.90,,
0,bench/30gib-7.bin,727,33554432,1137.85,,
0,bench/30gib-7.bin,728,33554432,1066.07,,
0,bench/30gib-7.bin,729,33554432,576.58,,
0,bench/30gib-7.bin,730,33554432,584.68,,
0,bench/30gib-7.bin,731,33554432,583.95,,
0,bench/30gib-7.bin,732,33554432,646.07,,
0,bench/30gib-7.bin,733,33554432,378.73,,
0,bench/30gib-7.bin,734,33554432,1090.04,,
0,bench/30gib-7.bin,735,33554432,612.67,,
0,bench/30gib-7.bin,736,33554432,1115.24,,
0,bench/30gib-7.bin,737,33554432,556.77,,
0,bench/30gib-7.bin,738,33554432,700.77,,
0,bench/30gib-7.bin,739,33554432,742.03,,
0,bench/30gib-7.bin,740,33554432,612.89,,
0,bench/30gib-7.bin,741,33554432,596.57,,
0,bench/30gib-7.bin,742,33554432,528.24,,
0,bench/30gib-7.bin,743,33554432,422.95,,
0,bench/30gib-7.bin,744,33554432,544.11,,
0,bench/30gib-7.bin,745,33554432,732.83,,
0,bench/30gib-7.bin,746,33554432,613.32,,
0,bench/30gib-7.bin,747,33554432,762.28,,
0,bench/30gib-7.bin,748,33554432,440.74,,
0,bench/30gib-7.bin,749,33554432,1056.59,,
0,bench/30gib-7.bin,750,33554432,475.35,,
0,bench/30gib-7.bin,751,33554432,579.37,,
0,bench/30gib-7.bin,752,33554432,669.09,,
0,bench/30gib-7.bin,753,33554432,544.06,,
0,bench/30gib-7.bin,754,33554432,483.93,,
0,bench/30gib-7.bin,755,33554432,644.45,,
0,bench/30gib-7.bin,756,33554432,748.57,,
0,bench/30gib-7.bin,757,33554432,529.37,,
0,bench/30gib-7.bin,758,33554432,483.77,,
0,bench/30gib-7.bin,759,33554432,1016.07,,
0,bench/30gib-7.bin,760,33554432,457.20,,
0,bench/30gib-7.bin,761,33554432,603.55,,
0,bench/30gib-7.bin,762,33554432,629.25,,
0,bench/30gib-7.bin,763,33554432,570.73,,
0,bench/30gib-7.bin,764,33554432,413.29,,
0,bench/30gib-7.bin,765,33554432,1063.03,,
0,bench/30gib-7.bin,766,33554432,678.89,,
0,bench/30gib-7.bin,767,33554432,786.29,,
0,bench/30gib-7.bin,768,33554432,697.21,,
0,bench/30gib-7.bin,769,33554432,642.13,,
0,bench/30gib-7.bin,770,33554432,385.00,,
0,bench/30gib-7.bin,771,33554432,684.21,,
0,bench/30gib-7.bin,772,33554432,588.99,,
0,bench/30gib-7.bin,773,33554432,511.95,,
0,bench/30gib-7.bin,774,33554432,966.50,,
0,bench/30gib-7.bin,775,33554432,828.83,,
0,bench/30gib-7.bin,776,33554432,951.33,,
0,bench/30gib-7.bin,777,33554432,890.02,,
0,bench/30gib-7.bin,778,33554432,1651.27,,
0,bench/30gib-7.bin,779,33554432,584.01,,
0,bench/30gib-7.bin,780,33554432,667.71,,
0,bench/30gib-7.bin,781,33554432,607.17,,
0,bench/30gib-7.bin,782,33554432,708.51,,
0,bench/30gib-7.bin,783,33554432,1141.19,,
0,bench/30gib-7.bin,784,33554432,1341.56,,
0,bench/30gib-7.bin,785,33554432,843.24,,
0,bench/30gib-7.bin,786,33554432,843.84,,
0,bench/30gib-7.bin,787,33554432,551.03,,
0,bench/30gib-7.bin,788,33554432,1135.86,,
0,bench/30gib-7.bin,789,33554432,966.19,,
0,bench/30gib-7.bin,790,33554432,1065.74,,
0,bench/30gib-7.bin,791,33554432,834.87,,
0,bench/30gib-7.bin,792,33554432,1207.10,,
0,bench/30gib-7.bin,793,33554432,534.15,,
0,bench/30gib-7.bin,794,33554432,519.08,,
0,bench/30gib-7.bin,795,33554432,395.11,,
0,bench/30gib-7.bin,796,33554432,879.38,,
0,bench/30gib-7.bin,797,33554432,448.62,,
0,bench/30gib-7.bin,798,33554432,615.78,,
0,bench/30gib-7.bin,799,33554432,998.57,,
0,bench/30gib-7.bin,800,33554432,883.44,,
0,bench/30gib-7.bin,801,33554432,778.26,,
0,bench/30gib-7.bin,802,33554432,1015.58,,
0,bench/30gib-7.bin,803,33554432,587.29,,
0,bench/30gib-7.bin,804,33554432,608.79,,
0,bench/30gib-7.bin,805,33554432,610.65,,
0,bench/30gib-7.bin,806,33554432,1067.36,,
0,bench/30gib-7.bin,807,33554432,697.30,,
0,bench/30gib-7.bin,808,33554432,1328.51,,
0,bench/30gib-7.bin,809,33554432,550.12,,
0,bench/30gib-7.bin,810,33554432,619.73,,
0,bench/30gib-7.bin,811,33554432,1171.55,,
0,bench/30gib-7.bin,812,33554432,674.32,,
0,bench/30gib-7.bin,813,33554432,660.45,,
0,bench/30gib-7.bin,814,33554432,714.19,,
0,bench/30gib-7.bin,815,33554432,914.52,,
0,bench/30gib-7.bin,816,33554432,640.61,,
0,bench/30gib-7.bin,817,33554432,761.77,,
0,bench/30gib-7.bin,818,33554432,828.58,,
0,bench/30gib-7.bin,819,33554432,920.63,,
0,bench/30gib-7.bin,820,33554432,380.13,,
0,bench/30gib-7.bin,821,33554432,893.60,,
0,bench/30gib-7.bin,822,33554432,441.82,,
0,bench/30gib-7.bin,823,33554432,521.25,,
0,bench/30gib-7.bin,824,33554432,454.21,,
0,bench/30gib-7.bin,825,33554432,679.46,,
0,bench/30gib-7.bin,826,33554432,893.53,,
0,bench/30gib-7.bin,827,33554432,727.31,,
0,bench/30gib-7.bin,828,33554432,749.70,,
0,bench/30gib-7.bin,829,33554432,882.13,,
0,bench/30gib-7.bin,830,33554432,760.06,,
0,bench/30gib-7.bin,831,33554432,558.20,,
0,bench/30gib-7.bin,832,33554432,818.50,,
0,bench/30gib-7.bin,833,33554432,985.74,,
0,bench/30gib-7.bin,834,33554432,673.08,,
0,bench/30gib-7.bin,835,33554432,442.30,,
0,bench/30gib-7.bin,836,33554432,521.59,,
0,bench/30gib-7.bin,837,33554432,434.97,,
0,bench/30gib-7.bin,838,33554432,507.56,,
0,bench/30gib-7.bin,839,33554432,566.77,,
0,bench/30gib-7.bin,840,33554432,707.69,,
0,bench/30gib-7.bin,841,33554432,1004.22,,
0,bench/30gib-7.bin,842,33554432,565.58,,
0,bench/30gib-7.bin,843,33554432,754.67,,
0,bench/30gib-7.bin,844,33554432,710.97,,
0,bench/30gib-7.bin,845,33554432,558.83,,
0,bench/30gib-7.bin,846,33554432,842.84,,
0,bench/30gib-7.bin,847,33554432,921.17,,
0,bench/30gib-7.bin,848,33554432,492.61,,
0,bench/30gib-7.bin,849,33554432,491.58,,
0,bench/30gib-7.bin,850,33554432,836.21,,
0,bench/30gib-7.bin,851,33554432,1131.43,,
0,bench/30gib-7.bin,852,33554432,388.71,,
0,bench/30gib-7.bin,853,33554432,784.19,,
0,bench/30gib-7.bin,854,33554432,1075.37,,
0,bench/30gib-7.bin,855,33554432,1266.14,,
0,bench/30gib-7.bin,856,33554432,845.49,,
0,bench/30gib-7.bin,857,33554432,437.05,,
0,bench/30gib-7.bin,858,33554432,1132.53,,
0,bench/30gib-7.bin,859,33554432,479.51,,
0,bench/30gib-7.bin,860,33554432,723.77,,
0,bench/30gib-7.bin,861,33554432,480.57,,
0,bench/30gib-7.bin,862,33554432,775.10,,
0,bench/30gib-7.bin,863,33554432,676.31,,
0,bench/30gib-7.bin,864,33554432,590.20,,
0,bench/30gib-7.bin,865,33554432,1386.91,,
0,bench/30gib-7.bin,866,33554432,657.91,,
0,bench/30gib-7.bin,867,33554432,405.61,,
0,bench/30gib-7.bin,868,33554432,815.19,,
0,bench/30gib-7.bin,869,33554432,495.31,,
0,bench/30gib-7.bin,870,33554432,438.06,,
0,bench/30gib-7.bin,871,33554432,882.21,,
0,bench/30gib-7.bin,872,33554432,591.14,,
0,bench/30gib-7.bin,873,33554432,782.52,,
0,bench/30gib-7.bin,874,33554432,619.73,,
0,bench/30gib-7.bin,875,33554432,484.11,,
0,bench/30gib-7.bin,876,33554432,461.97,,
0,bench/30gib-7.bin,877,33554432,881.56,,
0,bench/30gib-7.bin,878,33554432,666.12,,
0,bench/30gib-7.bin,879,33554432,485.90,,
0,bench/30gib-7.bin,880,33554432,702.96,,
0,bench/30gib-7.bin,881,33554432,470.12,,
0,bench/30gib-7.bin,882,33554432,871.03,,
0,bench/30gib-7.bin,883,33554432,521.51,,
0,bench/30gib-7.bin,884,33554432,636.80,,
0,bench/30gib-7.bin,885,33554432,435.88,,
0,bench/30gib-7.bin,886,33554432,505.39,,
0,bench/30gib-7.bin,887,33554432,467.63,,
0,bench/30gib-7.bin,888,33554432,766.72,,
0,bench/30gib-7.bin,889,33554432,459.64,,
0,bench/30gib-7.bin,890,33554432,793.52,,
0,bench/30gib-7.bin,891,33554432,502.94,,
0,bench/30gib-7.bin,892,33554432,480.83,,
0,bench/30gib-7.bin,893,33554432,601.55,,
0,bench/30gib-7.bin,894,33554432,553.84,,
0,bench/30gib-7.bin,895,33554432,540.22,,
0,bench/30gib-7.bin,896,33554432,397.56,,
0,bench/30gib-7.bin,897,33554432,570.20,,
0,bench/30gib-7.bin,898,33554432,798.97,,
0,bench/30gib-7.bin,899,33554432,698.27,,
0,bench/30gib-7.bin,900,33554432,529.32,,
0,bench/30gib-7.bin,901,33554432,848.90,,
0,bench/30gib-7.bin,902,33554432,412.17,,
0,bench/30gib-7.bin,903,33554432,577.34,,
0,bench/30gib-7.bin,904,33554432,635.95,,
0,bench/30gib-7.bin,905,33554432,899.42,,
0,bench/30gib-7.bin,906,33554432,521.74,,
0,bench/30gib-7.bin,907,33554432,467.73,,
0,bench/30gib-7.bin,908,33554432,575.73,,
0,bench/30gib-7.bin,909,33554432,843.59,,
0,bench/30gib-7.bin,910,33554432,843.89,,
0,bench/30gib-7.bin,911,33554432,625.68,,
0,bench/30gib-7.bin,912,33554432,445.65,,
0,bench/30gib-7.bin,913,33554432,1019.47,,
0,bench/30gib-7.bin,914,33554432,489.51,,
0,bench/30gib-7.bin,915,33554432,789.71,,
0,bench/30gib-7.bin,916,33554432,563.02,,
0,bench/30gib-7.bin,917,33554432,761.88,,
0,bench/30gib-7.bin,918,33554432,803.19,,
0,bench/30gib-7.bin,919,33554432,1204.63,,
0,bench/30gib-7.bin,920,33554432,724.90,,
0,bench/30gib-7.bin,921,33554432,991.00,,
0,bench/30gib-7.bin,922,33554432,1013.82,,
0,bench/30gib-7.bin,923,33554432,652.75,,
0,bench/30gib-7.bin,924,33554432,577.09,,
0,bench/30gib-7.bin,925,33554432,719.42,,
0,bench/30gib-7.bin,926,33554432,825.41,,
0,bench/30gib-7.bin,927,33554432,468.18,,
0,bench/30gib-7.bin,928,33554432,624.22,,
0,bench/30gib-7.bin,929,33554432,1185.25,,
0,bench/30gib-7.bin,930,33554432,637.66,,
0,bench/30gib-7.bin,931,33554432,960.59,,
0,bench/30gib-7.bin,932,33554432,474.79,,
0,bench/30gib-7.bin,933,33554432,833.18,,
0,bench/30gib-7.bin,934,33554432,794.03,,
0,bench/30gib-7.bin,935,33554432,788.10,,
0,bench/30gib-7.bin,936,33554432,616.64,,
0,bench/30gib-7.bin,937,33554432,926.48,,
0,bench/30gib-7.bin,938,33554432,880.80,,
0,bench/30gib-7.bin,939,33554432,1015.00,,
0,bench/30gib-7.bin,940,33554432,676.44,,
0,bench/30gib-7.bin,941,33554432,987.58,,
0,bench/30gib-7.bin,942,33554432,596.47,,
0,bench/30gib-7.bin,943,33554432,481.35,,
0,bench/30gib-7.bin,944,33554432,629.24,,
0,bench/30gib-7.bin,945,33554432,672.29,,
0,bench/30gib-7.bin,946,33554432,629.90,,
0,bench/30gib-7.bin,947,33554432,692.31,,
0,bench/30gib-7.bin,948,33554432,686.59,,
0,bench/30gib-7.bin,949,33554432,370.68,,
0,bench/30gib-7.bin,950,33554432,643.99,,
0,bench/30gib-7.bin,951,33554432,712.25,,
0,bench/30gib-7.bin,952,33554432,531.06,,
0,bench/30gib-7.bin,953,33554432,350.46,,
0,bench/30gib-7.bin,954,33554432,612.05,,
0,bench/30gib-7.bin,955,33554432,609.79,,
0,bench/30gib-7.bin,956,33554432,497.44,,
0,bench/30gib-7.bin,957,33554432,468.61,,
0,bench/30gib-7.bin,958,33554432,543.45,,
0,bench/30gib-7.bin,959,33554432,649.48,,
0,bench/30gib-7.bin,960,33554432,425.73,,
0,bench/30gib-8.bin,1,33554432,1056.19,,
0,bench/30gib-8.bin,2,33554432,744.57,,
0,bench/30gib-8.bin,3,33554432,1541.05,,
0,bench/30gib-8.bin,4,33554432,1348.35,,
0,bench/30gib-8.bin,5,33554432,1109.68,,
0,bench/30gib-8.bin,6,33554432,1189.24,,
0,bench/30gib-8.bin,7,33554432,1221.05,,
0,bench/30gib-8.bin,8,33554432,731.78,,
0,bench/30gib-8.bin,9,33554432,1371.29,,
0,bench/30gib-8.bin,10,33554432,1229.50,,
0,bench/30gib-8.bin,11,33554432,1335.14,,
0,bench/30gib-8.bin,12,33554432,1082.11,,
0,bench/30gib-8.bin,13,33554432,1028.74,,
0,bench/30gib-8.bin,14,33554432,1539.05,,
0,bench/30gib-8.bin,15,33554432,1265.14,,
0,bench/30gib-8.bin,16,33554432,1309.74,,
0,bench/30gib-8.bin,17,33554432,1325.37,,
0,bench/30gib-8.bin,18,33554432,1225.05,,
0,bench/30gib-8.bin,19,33554432,1285.83,,
0,bench/30gib-8.bin,20,33554432,1224.85,,
0,bench/30gib-8.bin,21,33554432,1086.92,,
0,bench/30gib-8.bin,22,33554432,1292.78,,
0,bench/30gib-8.bin,23,33554432,1226.65,,
0,bench/30gib-8.bin,24,33554432,1438.60,,
0,bench/30gib-8.bin,25,33554432,2210.61,,
0,bench/30gib-8.bin,26,33554432,822.47,,
0,bench/30gib-8.bin,27,33554432,2885.40,,
0,bench/30gib-8.bin,28,33554432,1251.66,,
0,bench/30gib-8.bin,29,33554432,1018.91,,
0,bench/30gib-8.bin,30,33554432,1000.89,,
0,bench/30gib-8.bin,31,33554432,782.86,,
0,bench/30gib-8.bin,32,33554432,874.59,,
0,bench/30gib-8.bin,33,33554432,713.14,,
0,bench/30gib-8.bin,34,33554432,853.31,,
0,bench/30gib-8.bin,35,33554432,1071.50,,
0,bench/30gib-8.bin,36,33554432,943.92,,
0,bench/30gib-8.bin,37,33554432,758.92,,
0,bench/30gib-8.bin,38,33554432,676.40,,
0,bench/30gib-8.bin,39,33554432,1157.19,,
0,bench/30gib-8.bin,40,33554432,988.17,,
0,bench/30gib-8.bin,41,33554432,1014.16,,
0,bench/30gib-8.bin,42,33554432,787.35,,
0,bench/30gib-8.bin,43,33554432,548.57,,
0,bench/30gib-8.bin,44,33554432,716.98,,
0,bench/30gib-8.bin,45,33554432,1094.77,,
0,bench/30gib-8.bin,46,33554432,571.88,,
0,bench/30gib-8.bin,47,33554432,1003.18,,
0,bench/30gib-8.bin,48,33554432,849.65,,
0,bench/30gib-8.bin,49,33554432,803.66,,
0,bench/30gib-8.bin,50,33554432,799.85,,
0,bench/30gib-8.bin,51,33554432,727.55,,
0,bench/30gib-8.bin,52,33554432,589.05,,
0,bench/30gib-8.bin,53,33554432,533.75,,
0,bench/30gib-8.bin,54,33554432,674.84,,
0,bench/30gib-8.bin,55,33554432,414.61,,
0,bench/30gib-8.bin,56,33554432,729.55,,
0,bench/30gib-8.bin,57,33554432,605.24,,
0,bench/30gib-8.bin,58,33554432,1151.66,,
0,bench/30gib-8.bin,59,33554432,556.48,,
0,bench/30gib-8.bin,60,33554432,643.63,,
0,bench/30gib-8.bin,61,33554432,770.60,,
0,bench/30gib-8.bin,62,33554432,717.55,,
0,bench/30gib-8.bin,63,33554432,1136.06,,
0,bench/30gib-8.bin,64,33554432,953.62,,
0,bench/30gib-8.bin,65,33554432,1063.55,,
0,bench/30gib-8.bin,66,33554432,670.97,,
0,bench/30gib-8.bin,67,33554432,588.53,,
0,bench/30gib-8.bin,68,33554432,741.71,,
0,bench/30gib-8.bin,69,33554432,749.45,,
0,bench/30gib-8.bin,70,33554432,1011.62,,
0,bench/30gib-8.bin,71,33554432,686.59,,
0,bench/30gib-8.bin,72,33554432,1144.19,,
0,bench/30gib-8.bin,73,33554432,522.57,,
0,bench/30gib-8.bin,74,33554432,586.58,,
0,bench/30gib-8.bin,75,33554432,446.04,,
0,bench/30gib-8.bin,76,33554432,621.05,,
0,bench/30gib-8.bin,77,33554432,464.50,,
0,bench/30gib-8.bin,78,33554432,553.09,,
0,bench/30gib-8.bin,79,33554432,886.19,,
0,bench/30gib-8.bin,80,33554432,521.07,,
0,bench/30gib-8.bin,81,33554432,504.38,,
0,bench/30gib-8.bin,82,33554432,1070.88,,
0,bench/30gib-8.bin,83,33554432,940.05,,
0,bench/30gib-8.bin,84,33554432,567.92,,
0,bench/30gib-8.bin,85,33554432,789.87,,
0,bench/30gib-8.bin,86,33554432,724.04,,
0,bench/30gib-8.bin,87,33554432,791.52,,
0,bench/30gib-8.bin,88,33554432,868.56,,
0,bench/30gib-8.bin,89,33554432,651.64,,
0,bench/30gib-8.bin,90,33554432,708.30,,
0,bench/30gib-8.bin,91,33554432,895.81,,
0,bench/30gib-8.bin,92,33554432,646.20,,
0,bench/30gib-8.bin,93,33554432,421.03,,
0,bench/30gib-8.bin,94,33554432,741.66,,
0,bench/30gib-8.bin,95,33554432,509.38,,
0,bench/30gib-8.bin,96,33554432,471.99,,
0,bench/30gib-8.bin,97,33554432,859.67,,
0,bench/30gib-8.bin,98,33554432,813.88,,
0,bench/30gib-8.bin,99,33554432,599.55,,
0,bench/30gib-8.bin,100,33554432,958.20,,
0,bench/30gib-8.bin,101,33554432,1063.27,,
0,bench/30gib-8.bin,102,33554432,1056.32,,
0,bench/30gib-8.bin,103,33554432,983.06,,
0,bench/30gib-8.bin,104,33554432,934.05,,
0,bench/30gib-8.bin,105,33554432,904.22,,
0,bench/30gib-8.bin,106,33554432,828.66,,
0,bench/30gib-8.bin,107,33554432,538.80,,
0,bench/30gib-8.bin,108,33554432,652.86,,
0,bench/30gib-8.bin,109,33554432,575.44,,
0,bench/30gib-8.bin,110,33554432,463.15,,
0,bench/30gib-8.bin,111,33554432,686.07,,
0,bench/30gib-8.bin,112,33554432,559.83,,
0,bench/30gib-8.bin,113,33554432,463.74,,
0,bench/30gib-8.bin,114,33554432,583.11,,
0,bench/30gib-8.bin,115,33554432,619.03,,
0,bench/30gib-8.bin,116,33554432,811.11,,
0,bench/30gib-8.bin,117,33554432,370.01,,
0,bench/30gib-8.bin,118,33554432,875.16,,
0,bench/30gib-8.bin,119,33554432,680.29,,
0,bench/30gib-8.bin,120,33554432,448.96,,
0,bench/30gib-8.bin,121,33554432,548.11,,
0,bench/30gib-8.bin,122,33554432,610.06,,
0,bench/30gib-8.bin,123,33554432,547.02,,
0,bench/30gib-8.bin,124,33554432,516.02,,
0,bench/30gib-8.bin,125,33554432,827.64,,
0,bench/30gib-8.bin,126,33554432,551.38,,
0,bench/30gib-8.bin,127,33554432,725.50,,
0,bench/30gib-8.bin,128,33554432,455.67,,
0,bench/30gib-8.bin,129,33554432,809.47,,
0,bench/30gib-8.bin,130,33554432,597.06,,
0,bench/30gib-8.bin,131,33554432,701.52,,
0,bench/30gib-8.bin,132,33554432,613.95,,
0,bench/30gib-8.bin,133,33554432,836.22,,
0,bench/30gib-8.bin,134,33554432,643.78,,
0,bench/30gib-8.bin,135,33554432,942.83,,
0,bench/30gib-8.bin,136,33554432,607.34,,
0,bench/30gib-8.bin,137,33554432,687.19,,
0,bench/30gib-8.bin,138,33554432,1266.92,,
0,bench/30gib-8.bin,139,33554432,441.54,,
0,bench/30gib-8.bin,140,33554432,440.55,,
0,bench/30gib-8.bin,141,33554432,948.91,,
0,bench/30gib-8.bin,142,33554432,819.55,,
0,bench/30gib-8.bin,143,33554432,722.32,,
0,bench/30gib-8.bin,144,33554432,901.84,,
0,bench/30gib-8.bin,145,33554432,654.24,,
0,bench/30gib-8.bin,146,33554432,675.49,,
0,bench/30gib-8.bin,147,33554432,782.68,,
0,bench/30gib-8.bin,148,33554432,741.44,,
0,bench/30gib-8.bin,149,33554432,588.45,,
0,bench/30gib-8.bin,150,33554432,409.35,,
0,bench/30gib-8.bin,151,33554432,535.46,,
0,bench/30gib-8.bin,152,33554432,842.83,,
0,bench/30gib-8.bin,153,33554432,1227.45,,
0,bench/30gib-8.bin,154,33554432,672.55,,
0,bench/30gib-8.bin,155,33554432,560.02,,
0,bench/30gib-8.bin,156,33554432,722.40,,
0,bench/30gib-8.bin,157,33554432,484.24,,
0,bench/30gib-8.bin,158,33554432,600.28,,
0,bench/30gib-8.bin,159,33554432,679.53,,
0,bench/30gib-8.bin,160,33554432,628.55,,
0,bench/30gib-8.bin,161,33554432,793.19,,
0,bench/30gib-8.bin,162,33554432,1161.67,,
0,bench/30gib-8.bin,163,33554432,1052.37,,
0,bench/30gib-8.bin,164,33554432,666.84,,
0,bench/30gib-8.bin,165,33554432,812.41,,
0,bench/30gib-8.bin,166,33554432,583.51,,
0,bench/30gib-8.bin,167,33554432,972.71,,
0,bench/30gib-8.bin,168,33554432,471.82,,
0,bench/30gib-8.bin,169,33554432,346.79,,
0,bench/30gib-8.bin,170,33554432,746.07,,
0,bench/30gib-8.bin,171,33554432,868.46,,
0,bench/30gib-8.bin,172,33554432,675.59,,
0,bench/30gib-8.bin,173,33554432,790.16,,
0,bench/30gib-8.bin,174,33554432,571.10,,
0,bench/30gib-8.bin,175,33554432,467.84,,
0,bench/30gib-8.bin,176,33554432,647.79,,
0,bench/30gib-8.bin,177,33554432,469.06,,
0,bench/30gib-8.bin,178,33554432,697.87,,
0,bench/30gib-8.bin,179,33554432,872.28,,
0,bench/30gib-8.bin,180,33554432,996.50,,
0,bench/30gib-8.bin,181,33554432,813.48,,
0,bench/30gib-8.bin,182,33554432,427.09,,
0,bench/30gib-8.bin,183,33554432,700.65,,
0,bench/30gib-8.bin,184,33554432,884.53,,
0,bench/30gib-8.bin,185,33554432,821.27,,
0,bench/30gib-8.bin,186,33554432,647.33,,
0,bench/30gib-8.bin,187,33554432,581.41,,
0,bench/30gib-8.bin,188,33554432,640.05,,
0,bench/30gib-8.bin,189,33554432,789.99,,
0,bench/30gib-8.bin,190,33554432,763.76,,
0,bench/30gib-8.bin,191,33554432,597.13,,
0,bench/30gib-8.bin,192,33554432,547.14,,
0,bench/30gib-8.bin,193,33554432,583.72,,
0,bench/30gib-8.bin,194,33554432,681.46,,
0,bench/30gib-8.bin,195,33554432,548.13,,
0,bench/30gib-8.bin,196,33554432,466.73,,
0,bench/30gib-8.bin,197,33554432,941.47,,
0,bench/30gib-8.bin,198,33554432,448.36,,
0,bench/30gib-8.bin,199,33554432,865.62,,
0,bench/30gib-8.bin,200,33554432,522.00,,
0,bench/30gib-8.bin,201,33554432,782.65,,
0,bench/30gib-8.bin,202,33554432,412.15,,
0,bench/30gib-8.bin,203,33554432,1963.98,,
0,bench/30gib-8.bin,204,33554432,364.46,,
0,bench/30gib-8.bin,205,33554432,708.65,,
0,bench/30gib-8.bin,206,33554432,825.65,,
0,bench/30gib-8.bin,207,33554432,558.52,,
0,bench/30gib-8.bin,208,33554432,647.89,,
0,bench/30gib-8.bin,209,33554432,772.24,,
0,bench/30gib-8.bin,210,33554432,715.81,,
0,bench/30gib-8.bin,211,33554432,669.01,,
0,bench/30gib-8.bin,212,33554432,615.00,,
0,bench/30gib-8.bin,213,33554432,1172.88,,
0,bench/30gib-8.bin,214,33554432,348.69,,
0,bench/30gib-8.bin,215,33554432,952.27,,
0,bench/30gib-8.bin,216,33554432,591.50,,
0,bench/30gib-8.bin,217,33554432,697.56,,
0,bench/30gib-8.bin,218,33554432,627.25,,
0,bench/30gib-8.bin,219,33554432,1103.85,,
0,bench/30gib-8.bin,220,33554432,921.40,,
0,bench/30gib-8.bin,221,33554432,515.04,,
0,bench/30gib-8.bin,222,33554432,607.08,,
0,bench/30gib-8.bin,223,33554432,514.86,,
0,bench/30gib-8.bin,224,33554432,439.08,,
0,bench/30gib-8.bin,225,33554432,469.73,,
0,bench/30gib-8.bin,226,33554432,608.22,,
0,bench/30gib-8.bin,227,33554432,582.51,,
0,bench/30gib-8.bin,228,33554432,558.60,,
0,bench/30gib-8.bin,229,33554432,588.95,,
0,bench/30gib-8.bin,230,33554432,528.42,,
0,bench/30gib-8.bin,231,33554432,729.32,,
0,bench/30gib-8.bin,232,33554432,728.88,,
0,bench/30gib-8.bin,233,33554432,998.25,,
0,bench/30gib-8.bin,234,33554432,577.98,,
0,bench/30gib-8.bin,235,33554432,925.38,,
0,bench/30gib-8.bin,236,33554432,1022.34,,
0,bench/30gib-8.bin,237,33554432,429.68,,
0,bench/30gib-8.bin,238,33554432,489.10,,
0,bench/30gib-8.bin,239,33554432,471.39,,
0,bench/30gib-8.bin,240,33554432,810.72,,
0,bench/30gib-8.bin,241,33554432,554.36,,
0,bench/30gib-8.bin,242,33554432,755.56,,
0,bench/30gib-8.bin,243,33554432,1192.82,,
0,bench/30gib-8.bin,244,33554432,940.40,,
0,bench/30gib-8.bin,245,33554432,1071.05,,
0,bench/30gib-8.bin,246,33554432,1195.33,,
0,bench/30gib-8.bin,247,33554432,586.22,,
0,bench/30gib-8.bin,248,33554432,498.73,,
0,bench/30gib-8.bin,249,33554432,470.50,,
0,bench/30gib-8.bin,250,33554432,738.05,,
0,bench/30gib-8.bin,251,33554432,630.61,,
0,bench/30gib-8.bin,252,33554432,807.73,,
0,bench/30gib-8.bin,253,33554432,695.19,,
0,bench/30gib-8.bin,254,33554432,656.34,,
0,bench/30gib-8.bin,255,33554432,657.09,,
0,bench/30gib-8.bin,256,33554432,621.89,,
0,bench/30gib-8.bin,257,33554432,657.61,,
0,bench/30gib-8.bin,258,33554432,786.03,,
0,bench/30gib-8.bin,259,33554432,805.44,,
0,bench/30gib-8.bin,260,33554432,882.56,,
0,bench/30gib-8.bin,261,33554432,421.01,,
0,bench/30gib-8.bin,262,33554432,817.46,,
0,bench/30gib-8.bin,263,33554432,417.26,,
0,bench/30gib-8.bin,264,33554432,734.33,,
0,bench/30gib-8.bin,265,33554432,572.82,,
0,bench/30gib-8.bin,266,33554432,783.98,,
0,bench/30gib-8.bin,267,33554432,534.48,,
0,bench/30gib-8.bin,268,33554432,592.09,,
0,bench/30gib-8.bin,269,33554432,660.67,,
0,bench/30gib-8.bin,270,33554432,876.15,,
0,bench/30gib-8.bin,271,33554432,894.10,,
0,bench/30gib-8.bin,272,33554432,1155.70,,
0,bench/30gib-8.bin,273,33554432,769.02,,
0,bench/30gib-8.bin,274,33554432,1135.10,,
0,bench/30gib-8.bin,275,33554432,798.48,,
0,bench/30gib-8.bin,276,33554432,960.07,,
0,bench/30gib-8.bin,277,33554432,890.05,,
0,bench/30gib-8.bin,278,33554432,591.36,,
0,bench/30gib-8.bin,279,33554432,603.14,,
0,bench/30gib-8.bin,280,33554432,791.46,,
0,bench/30gib-8.bin,281,33554432,473.91,,
0,bench/30gib-8.bin,282,33554432,929.90,,
0,bench/30gib-8.bin,283,33554432,888.22,,
0,bench/30gib-8.bin,284,33554432,587.47,,
0,bench/30gib-8.bin,285,33554432,610.34,,
0,bench/30gib-8.bin,286,33554432,587.78,,
0,bench/30gib-8.bin,287,33554432,450.38,,
0,bench/30gib-8.bin,288,33554432,721.11,,
0,bench/30gib-8.bin,289,33554432,765.93,,
0,bench/30gib-8.bin,290,33554432,552.39,,
0,bench/30gib-8.bin,291,33554432,694.06,,
0,bench/30gib-8.bin,292,33554432,687.71,,
0,bench/30gib-8.bin,293,33554432,736.23,,
0,bench/30gib-8.bin,294,33554432,707.45,,
0,bench/30gib-8.bin,295,33554432,529.19,,
0,bench/30gib-8.bin,296,33554432,519.40,,
0,bench/30gib-8.bin,297,33554432,504.68,,
0,bench/30gib-8.bin,298,33554432,786.71,,
0,bench/30gib-8.bin,299,33554432,897.60,,
0,bench/30gib-8.bin,300,33554432,853.67,,
0,bench/30gib-8.bin,301,33554432,957.62,,
0,bench/30gib-8.bin,302,33554432,561.23,,
0,bench/30gib-8.bin,303,33554432,458.64,,
0,bench/30gib-8.bin,304,33554432,399.59,,
0,bench/30gib-8.bin,305,33554432,667.16,,
0,bench/30gib-8.bin,306,33554432,504.96,,
0,bench/30gib-8.bin,307,33554432,602.12,,
0,bench/30gib-8.bin,308,33554432,775.52,,
0,bench/30gib-8.bin,309,33554432,500.68,,
0,bench/30gib-8.bin,310,33554432,944.89,,
0,bench/30gib-8.bin,311,33554432,682.88,,
0,bench/30gib-8.bin,312,33554432,514.22,,
0,bench/30gib-8.bin,313,33554432,774.08,,
0,bench/30gib-8.bin,314,33554432,613.11,,
0,bench/30gib-8.bin,315,33554432,463.39,,
0,bench/30gib-8.bin,316,33554432,687.55,,
0,bench/30gib-8.bin,317,33554432,537.74,,
0,bench/30gib-8.bin,318,33554432,642.98,,
0,bench/30gib-8.bin,319,33554432,765.61,,
0,bench/30gib-8.bin,320,33554432,731.22,,
0,bench/30gib-8.bin,321,33554432,516.57,,
0,bench/30gib-8.bin,322,33554432,1059.08,,
0,bench/30gib-8.bin,323,33554432,728.56,,
0,bench/30gib-8.bin,324,33554432,461.22,,
0,bench/30gib-8.bin,325,33554432,971.32,,
0,bench/30gib-8.bin,326,33554432,851.51,,
0,bench/30gib-8.bin,327,33554432,746.96,,
0,bench/30gib-8.bin,328,33554432,1183.01,,
0,bench/30gib-8.bin,329,33554432,578.99,,
0,bench/30gib-8.bin,330,33554432,817.77,,
0,bench/30gib-8.bin,331,33554432,1337.56,,
0,bench/30gib-8.bin,332,33554432,739.75,,
0,bench/30gib-8.bin,333,33554432,604.01,,
0,bench/30gib-8.bin,334,33554432,398.29,,
0,bench/30gib-8.bin,335,33554432,1045.20,,
0,bench/30gib-8.bin,336,33554432,686.23,,
0,bench/30gib-8.bin,337,33554432,798.00,,
0,bench/30gib-8.bin,338,33554432,1014.93,,
0,bench/30gib-8.bin,339,33554432,682.99,,
0,bench/30gib-8.bin,340,33554432,466.83,,
0,bench/30gib-8.bin,341,33554432,714.62,,
0,bench/30gib-8.bin,342,33554432,517.48,,
0,bench/30gib-8.bin,343,33554432,555.87,,
0,bench/30gib-8.bin,344,33554432,1391.05,,
0,bench/30gib-8.bin,345,33554432,538.43,,
0,bench/30gib-8.bin,346,33554432,864.25,,
0,bench/30gib-8.bin,347,33554432,907.15,,
0,bench/30gib-8.bin,348,33554432,611.38,,
0,bench/30gib-8.bin,349,33554432,779.55,,
0,bench/30gib-8.bin,350,33554432,600.50,,
0,bench/30gib-8.bin,351,33554432,915.42,,
0,bench/30gib-8.bin,352,33554432,480.98,,
0,bench/30gib-8.bin,353,33554432,409.18,,
0,bench/30gib-8.bin,354,33554432,801.66,,
0,bench/30gib-8.bin,355,33554432,1061.22,,
0,bench/30gib-8.bin,356,33554432,641.23,,
0,bench/30gib-8.bin,357,33554432,549.29,,
0,bench/30gib-8.bin,358,33554432,478.94,,
0,bench/30gib-8.bin,359,33554432,699.16,,
0,bench/30gib-8.bin,360,33554432,549.60,,
0,bench/30gib-8.bin,361,33554432,601.64,,
0,bench/30gib-8.bin,362,33554432,641.39,,
0,bench/30gib-8.bin,363,33554432,546.12,,
0,bench/30gib-8.bin,364,33554432,568.93,,
0,bench/30gib-8.bin,365,33554432,600.66,,
0,bench/30gib-8.bin,366,33554432,635.11,,
0,bench/30gib-8.bin,367,33554432,892.38,,
0,bench/30gib-8.bin,368,33554432,469.89,,
0,bench/30gib-8.bin,369,33554432,592.15,,
0,bench/30gib-8.bin,370,33554432,1096.58,,
0,bench/30gib-8.bin,371,33554432,1070.87,,
0,bench/30gib-8.bin,372,33554432,543.17,,
0,bench/30gib-8.bin,373,33554432,1045.62,,
0,bench/30gib-8.bin,374,33554432,688.32,,
0,bench/30gib-8.bin,375,33554432,691.21,,
0,bench/30gib-8.bin,376,33554432,831.70,,
0,bench/30gib-8.bin,377,33554432,613.57,,
0,bench/30gib-8.bin,378,33554432,592.57,,
0,bench/30gib-8.bin,379,33554432,985.46,,
0,bench/30gib-8.bin,380,33554432,596.99,,
0,bench/30gib-8.bin,381,33554432,1003.20,,
0,bench/30gib-8.bin,382,33554432,346.79,,
0,bench/30gib-8.bin,383,33554432,1158.44,,
0,bench/30gib-8.bin,384,33554432,720.86,,
0,bench/30gib-8.bin,385,33554432,667.92,,
0,bench/30gib-8.bin,386,33554432,534.78,,
0,bench/30gib-8.bin,387,33554432,736.83,,
0,bench/30gib-8.bin,388,33554432,1010.46,,
0,bench/30gib-8.bin,389,33554432,934.31,,
0,bench/30gib-8.bin,390,33554432,448.59,,
0,bench/30gib-8.bin,391,33554432,539.80,,
0,bench/30gib-8.bin,392,33554432,951.51,,
0,bench/30gib-8.bin,393,33554432,494.04,,
0,bench/30gib-8.bin,394,33554432,508.08,,
0,bench/30gib-8.bin,395,33554432,707.45,,
0,bench/30gib-8.bin,396,33554432,936.81,,
0,bench/30gib-8.bin,397,33554432,472.79,,
0,bench/30gib-8.bin,398,33554432,674.54,,
0,bench/30gib-8.bin,399,33554432,633.88,,
0,bench/30gib-8.bin,400,33554432,832.51,,
0,bench/30gib-8.bin,401,33554432,664.16,,
0,bench/30gib-8.bin,402,33554432,576.13,,
0,bench/30gib-8.bin,403,33554432,1075.12,,
0,bench/30gib-8.bin,404,33554432,644.21,,
0,bench/30gib-8.bin,405,33554432,1008.29,,
0,bench/30gib-8.bin,406,33554432,572.78,,
0,bench/30gib-8.bin,407,33554432,386.91,,
0,bench/30gib-8.bin,408,33554432,825.75,,
0,bench/30gib-8.bin,409,33554432,795.73,,
0,bench/30gib-8.bin,410,33554432,585.72,,
0,bench/30gib-8.bin,411,33554432,645.57,,
0,bench/30gib-8.bin,412,33554432,735.07,,
0,bench/30gib-8.bin,413,33554432,735.59,,
0,bench/30gib-8.bin,414,33554432,779.24,,
0,bench/30gib-8.bin,415,33554432,667.20,,
0,bench/30gib-8.bin,416,33554432,856.82,,
0,bench/30gib-8.bin,417,33554432,496.30,,
0,bench/30gib-8.bin,418,33554432,971.51,,
0,bench/30gib-8.bin,419,33554432,1594.13,,
0,bench/30gib-8.bin,420,33554432,558.61,,
0,bench/30gib-8.bin,421,33554432,526.93,,
0,bench/30gib-8.bin,422,33554432,585.34,,
0,bench/30gib-8.bin,423,33554432,471.68,,
0,bench/30gib-8.bin,424,33554432,1078.05,,
0,bench/30gib-8.bin,425,33554432,465.62,,
0,bench/30gib-8.bin,426,33554432,618.35,,
0,bench/30gib-8.bin,427,33554432,660.58,,
0,bench/30gib-8.bin,428,33554432,875.21,,
0,bench/30gib-8.bin,429,33554432,1134.31,,
0,bench/30gib-8.bin,430,33554432,412.76,,
0,bench/30gib-8.bin,431,33554432,787.65,,
0,bench/30gib-8.bin,432,33554432,1049.51,,
0,bench/30gib-8.bin,433,33554432,646.32,,
0,bench/30gib-8.bin,434,33554432,545.62,,
0,bench/30gib-8.bin,435,33554432,727.42,,
0,bench/30gib-8.bin,436,33554432,582.84,,
0,bench/30gib-8.bin,437,33554432,709.66,,
0,bench/30gib-8.bin,438,33554432,1239.72,,
0,bench/30gib-8.bin,439,33554432,947.06,,
0,bench/30gib-8.bin,440,33554432,703.48,,
0,bench/30gib-8.bin,441,33554432,644.86,,
0,bench/30gib-8.bin,442,33554432,930.93,,
0,bench/30gib-8.bin,443,33554432,693.91,,
0,bench/30gib-8.bin,444,33554432,759.23,,
0,bench/30gib-8.bin,445,33554432,1140.93,,
0,bench/30gib-8.bin,446,33554432,955.27,,
0,bench/30gib-8.bin,447,33554432,1114.15,,
0,bench/30gib-8.bin,448,33554432,904.47,,
0,bench/30gib-8.bin,449,33554432,506.55,,
0,bench/30gib-8.bin,450,33554432,500.60,,
0,bench/30gib-8.bin,451,33554432,974.31,,
0,bench/30gib-8.bin,452,33554432,467.69,,
0,bench/30gib-8.bin,453,33554432,634.49,,
0,bench/30gib-8.bin,454,33554432,1230.43,,
0,bench/30gib-8.bin,455,33554432,766.17,,
0,bench/30gib-8.bin,456,33554432,767.39,,
0,bench/30gib-8.bin,457,33554432,825.60,,
0,bench/30gib-8.bin,458,33554432,618.04,,
0,bench/30gib-8.bin,459,33554432,435.34,,
0,bench/30gib-8.bin,460,33554432,663.67,,
0,bench/30gib-8.bin,461,33554432,535.62,,
0,bench/30gib-8.bin,462,33554432,628.41,,
0,bench/30gib-8.bin,463,33554432,456.60,,
0,bench/30gib-8.bin,464,33554432,615.72,,
0,bench/30gib-8.bin,465,33554432,581.57,,
0,bench/30gib-8.bin,466,33554432,830.58,,
0,bench/30gib-8.bin,467,33554432,544.82,,
0,bench/30gib-8.bin,468,33554432,582.39,,
0,bench/30gib-8.bin,469,33554432,766.89,,
0,bench/30gib-8.bin,470,33554432,993.63,,
0,bench/30gib-8.bin,471,33554432,579.22,,
0,bench/30gib-8.bin,472,33554432,1819.11,,
0,bench/30gib-8.bin,473,33554432,1244.83,,
0,bench/30gib-8.bin,474,33554432,748.60,,
0,bench/30gib-8.bin,475,33554432,722.03,,
0,bench/30gib-8.bin,476,33554432,483.95,,
0,bench/30gib-8.bin,477,33554432,764.90,,
0,bench/30gib-8.bin,478,33554432,822.82,,
0,bench/30gib-8.bin,479,33554432,598.40,,
0,bench/30gib-8.bin,480,33554432,654.01,,
0,bench/30gib-8.bin,481,33554432,966.95,,
0,bench/30gib-8.bin,482,33554432,723.30,,
0,bench/30gib-8.bin,483,33554432,1121.50,,
0,bench/30gib-8.bin,484,33554432,449.36,,
0,bench/30gib-8.bin,485,33554432,653.32,,
0,bench/30gib-8.bin,486,33554432,606.85,,
0,bench/30gib-8.bin,487,33554432,570.24,,
0,bench/30gib-8.bin,488,33554432,537.25,,
0,bench/30gib-8.bin,489,33554432,736.29,,
0,bench/30gib-8.bin,490,33554432,351.13,,
0,bench/30gib-8.bin,491,33554432,530.79,,
0,bench/30gib-8.bin,492,33554432,441.96,,
0,bench/30gib-8.bin,493,33554432,477.84,,
0,bench/30gib-8.bin,494,33554432,833.93,,
0,bench/30gib-8.bin,495,33554432,646.90,,
0,bench/30gib-8.bin,496,33554432,734.71,,
0,bench/30gib-8.bin,497,33554432,949.46,,
0,bench/30gib-8.bin,498,33554432,444.65,,
0,bench/30gib-8.bin,499,33554432,701.65,,
0,bench/30gib-8.bin,500,33554432,573.54,,
0,bench/30gib-8.bin,501,33554432,501.90,,
0,bench/30gib-8.bin,502,33554432,663.65,,
0,bench/30gib-8.bin,503,33554432,700.71,,
0,bench/30gib-8.bin,504,33554432,644.83,,
0,bench/30gib-8.bin,505,33554432,618.01,,
0,bench/30gib-8.bin,506,33554432,611.36,,
0,bench/30gib-8.bin,507,33554432,354.09,,
0,bench/30gib-8.bin,508,33554432,647.72,,
0,bench/30gib-8.bin,509,33554432,613.66,,
0,bench/30gib-8.bin,510,33554432,914.81,,
0,bench/30gib-8.bin,511,33554432,442.28,,
0,bench/30gib-8.bin,512,33554432,689.92,,
0,bench/30gib-8.bin,513,33554432,513.72,,
0,bench/30gib-8.bin,514,33554432,540.27,,
0,bench/30gib-8.bin,515,33554432,631.73,,
0,bench/30gib-8.bin,516,33554432,1080.95,,
0,bench/30gib-8.bin,517,33554432,894.61,,
0,bench/30gib-8.bin,518,33554432,580.99,,
0,bench/30gib-8.bin,519,33554432,549.21,,
0,bench/30gib-8.bin,520,33554432,664.31,,
0,bench/30gib-8.bin,521,33554432,583.73,,
0,bench/30gib-8.bin,522,33554432,694.23,,
0,bench/30gib-8.bin,523,33554432,1032.57,,
0,bench/30gib-8.bin,524,33554432,926.77,,
0,bench/30gib-8.bin,525,33554432,538.34,,
0,bench/30gib-8.bin,526,33554432,793.72,,
0,bench/30gib-8.bin,527,33554432,1086.44,,
0,bench/30gib-8.bin,528,33554432,664.25,,
0,bench/30gib-8.bin,529,33554432,673.31,,
0,bench/30gib-8.bin,530,33554432,647.14,,
0,bench/30gib-8.bin,531,33554432,834.92,,
0,bench/30gib-8.bin,532,33554432,518.52,,
0,bench/30gib-8.bin,533,33554432,648.43,,
0,bench/30gib-8.bin,534,33554432,499.45,,
0,bench/30gib-8.bin,535,33554432,660.15,,
0,bench/30gib-8.bin,536,33554432,719.67,,
0,bench/30gib-8.bin,537,33554432,628.50,,
0,bench/30gib-8.bin,538,33554432,712.64,,
0,bench/30gib-8.bin,539,33554432,627.67,,
0,bench/30gib-8.bin,540,33554432,464.39,,
0,bench/30gib-8.bin,541,33554432,673.04,,
0,bench/30gib-8.bin,542,33554432,755.67,,
0,bench/30gib-8.bin,543,33554432,557.33,,
0,bench/30gib-8.bin,544,33554432,586.33,,
0,bench/30gib-8.bin,545,33554432,510.02,,
0,bench/30gib-8.bin,546,33554432,1003.20,,
0,bench/30gib-8.bin,547,33554432,360.94,,
0,bench/30gib-8.bin,548,33554432,843.93,,
0,bench/30gib-8.bin,549,33554432,681.07,,
0,bench/30gib-8.bin,550,33554432,868.26,,
0,bench/30gib-8.bin,551,33554432,1117.73,,
0,bench/30gib-8.bin,552,33554432,488.32,,
0,bench/30gib-8.bin,553,33554432,766.05,,
0,bench/30gib-8.bin,554,33554432,419.45,,
0,bench/30gib-8.bin,555,33554432,758.43,,
0,bench/30gib-8.bin,556,33554432,546.80,,
0,bench/30gib-8.bin,557,33554432,727.41,,
0,bench/30gib-8.bin,558,33554432,1200.51,,
0,bench/30gib-8.bin,559,33554432,629.04,,
0,bench/30gib-8.bin,560,33554432,528.35,,
0,bench/30gib-8.bin,561,33554432,662.97,,
0,bench/30gib-8.bin,562,33554432,714.65,,
0,bench/30gib-8.bin,563,33554432,1043.68,,
0,bench/30gib-8.bin,564,33554432,544.84,,
0,bench/30gib-8.bin,565,33554432,342.23,,
0,bench/30gib-8.bin,566,33554432,697.09,,
0,bench/30gib-8.bin,567,33554432,909.28,,
0,bench/30gib-8.bin,568,33554432,473.72,,
0,bench/30gib-8.bin,569,33554432,889.54,,
0,bench/30gib-8.bin,570,33554432,805.61,,
0,bench/30gib-8.bin,571,33554432,946.17,,
0,bench/30gib-8.bin,572,33554432,612.23,,
0,bench/30gib-8.bin,573,33554432,569.69,,
0,bench/30gib-8.bin,574,33554432,751.25,,
0,bench/30gib-8.bin,575,33554432,557.80,,
0,bench/30gib-8.bin,576,33554432,953.28,,
0,bench/30gib-8.bin,577,33554432,660.65,,
0,bench/30gib-8.bin,578,33554432,810.11,,
0,bench/30gib-8.bin,579,33554432,527.10,,
0,bench/30gib-8.bin,580,33554432,864.76,,
0,bench/30gib-8.bin,581,33554432,1225.39,,
0,bench/30gib-8.bin,582,33554432,509.23,,
0,bench/30gib-8.bin,583,33554432,875.07,,
0,bench/30gib-8.bin,584,33554432,1130.03,,
0,bench/30gib-8.bin,585,33554432,644.37,,
0,bench/30gib-8.bin,586,33554432,872.32,,
0,bench/30gib-8.bin,587,33554432,345.95,,
0,bench/30gib-8.bin,588,33554432,759.40,,
0,bench/30gib-8.bin,589,33554432,437.91,,
0,bench/30gib-8.bin,590,33554432,935.38,,
0,bench/30gib-8.bin,591,33554432,779.50,,
0,bench/30gib-8.bin,592,33554432,585.85,,
0,bench/30gib-8.bin,593,33554432,561.66,,
0,bench/30gib-8.bin,594,33554432,801.61,,
0,bench/30gib-8.bin,595,33554432,861.30,,
0,bench/30gib-8.bin,596,33554432,793.80,,
0,bench/30gib-8.bin,597,33554432,630.65,,
0,bench/30gib-8.bin,598,33554432,550.43,,
0,bench/30gib-8.bin,599,33554432,741.04,,
0,bench/30gib-8.bin,600,33554432,1157.53,,
0,bench/30gib-8.bin,601,33554432,571.30,,
0,bench/30gib-8.bin,602,33554432,501.25,,
0,bench/30gib-8.bin,603,33554432,965.10,,
0,bench/30gib-8.bin,604,33554432,919.84,,
0,bench/30gib-8.bin,605,33554432,1551.60,,
0,bench/30gib-8.bin,606,33554432,719.24,,
0,bench/30gib-8.bin,607,33554432,729.64,,
0,bench/30gib-8.bin,608,33554432,652.77,,
0,bench/30gib-8.bin,609,33554432,661.75,,
0,bench/30gib-8.bin,610,33554432,1041.19,,
0,bench/30gib-8.bin,611,33554432,890.63,,
0,bench/30gib-8.bin,612,33554432,1075.03,,
0,bench/30gib-8.bin,613,33554432,1808.85,,
0,bench/30gib-8.bin,614,33554432,864.44,,
0,bench/30gib-8.bin,615,33554432,630.95,,
0,bench/30gib-8.bin,616,33554432,569.34,,
0,bench/30gib-8.bin,617,33554432,748.82,,
0,bench/30gib-8.bin,618,33554432,1086.11,,
0,bench/30gib-8.bin,619,33554432,1001.33,,
0,bench/30gib-8.bin,620,33554432,662.51,,
0,bench/30gib-8.bin,621,33554432,391.26,,
0,bench/30gib-8.bin,622,33554432,746.85,,
0,bench/30gib-8.bin,623,33554432,921.33,,
0,bench/30gib-8.bin,624,33554432,676.17,,
0,bench/30gib-8.bin,625,33554432,574.84,,
0,bench/30gib-8.bin,626,33554432,719.50,,
0,bench/30gib-8.bin,627,33554432,733.86,,
0,bench/30gib-8.bin,628,33554432,767.08,,
0,bench/30gib-8.bin,629,33554432,627.60,,
0,bench/30gib-8.bin,630,33554432,622.02,,
0,bench/30gib-8.bin,631,33554432,577.87,,
0,bench/30gib-8.bin,632,33554432,477.29,,
0,bench/30gib-8.bin,633,33554432,506.60,,
0,bench/30gib-8.bin,634,33554432,764.52,,
0,bench/30gib-8.bin,635,33554432,682.12,,
0,bench/30gib-8.bin,636,33554432,1057.37,,
0,bench/30gib-8.bin,637,33554432,658.55,,
0,bench/30gib-8.bin,638,33554432,645.70,,
0,bench/30gib-8.bin,639,33554432,639.91,,
0,bench/30gib-8.bin,640,33554432,621.88,,
0,bench/30gib-8.bin,641,33554432,531.69,,
0,bench/30gib-8.bin,642,33554432,459.63,,
0,bench/30gib-8.bin,643,33554432,667.76,,
0,bench/30gib-8.bin,644,33554432,454.94,,
0,bench/30gib-8.bin,645,33554432,598.80,,
0,bench/30gib-8.bin,646,33554432,853.99,,
0,bench/30gib-8.bin,647,33554432,539.88,,
0,bench/30gib-8.bin,648,33554432,667.32,,
0,bench/30gib-8.bin,649,33554432,1092.30,,
0,bench/30gib-8.bin,650,33554432,689.11,,
0,bench/30gib-8.bin,651,33554432,542.39,,
0,bench/30gib-8.bin,652,33554432,423.38,,
0,bench/30gib-8.bin,653,33554432,707.07,,
0,bench/30gib-8.bin,654,33554432,722.78,,
0,bench/30gib-8.bin,655,33554432,666.19,,
0,bench/30gib-8.bin,656,33554432,859.22,,
0,bench/30gib-8.bin,657,33554432,865.09,,
0,bench/30gib-8.bin,658,33554432,876.72,,
0,bench/30gib-8.bin,659,33554432,1062.51,,
0,bench/30gib-8.bin,660,33554432,490.90,,
0,bench/30gib-8.bin,661,33554432,1112.28,,
0,bench/30gib-8.bin,662,33554432,583.81,,
0,bench/30gib-8.bin,663,33554432,570.54,,
0,bench/30gib-8.bin,664,33554432,564.43,,
0,bench/30gib-8.bin,665,33554432,750.50,,
0,bench/30gib-8.bin,666,33554432,767.83,,
0,bench/30gib-8.bin,667,33554432,564.76,,
0,bench/30gib-8.bin,668,33554432,733.98,,
0,bench/30gib-8.bin,669,33554432,1119.44,,
0,bench/30gib-8.bin,670,33554432,1078.55,,
0,bench/30gib-8.bin,671,33554432,609.62,,
0,bench/30gib-8.bin,672,33554432,561.47,,
0,bench/30gib-8.bin,673,33554432,460.90,,
0,bench/30gib-8.bin,674,33554432,835.16,,
0,bench/30gib-8.bin,675,33554432,919.62,,
0,bench/30gib-8.bin,676,33554432,758.66,,
0,bench/30gib-8.bin,677,33554432,587.74,,
0,bench/30gib-8.bin,678,33554432,718.70,,
0,bench/30gib-8.bin,679,33554432,1055.36,,
0,bench/30gib-8.bin,680,33554432,1352.34,,
0,bench/30gib-8.bin,681,33554432,847.32,,
0,bench/30gib-8.bin,682,33554432,479.53,,
0,bench/30gib-8.bin,683,33554432,474.43,,
0,bench/30gib-8.bin,684,33554432,1332.41,,
0,bench/30gib-8.bin,685,33554432,588.00,,
0,bench/30gib-8.bin,686,33554432,702.33,,
0,bench/30gib-8.bin,687,33554432,587.06,,
0,bench/30gib-8.bin,688,33554432,384.29,,
0,bench/30gib-8.bin,689,33554432,678.17,,
0,bench/30gib-8.bin,690,33554432,798.18,,
0,bench/30gib-8.bin,691,33554432,544.34,,
0,bench/30gib-8.bin,692,33554432,834.91,,
0,bench/30gib-8.bin,693,33554432,580.79,,
0,bench/30gib-8.bin,694,33554432,530.85,,
0,bench/30gib-8.bin,695,33554432,485.97,,
0,bench/30gib-8.bin,696,33554432,485.00,,
0,bench/30gib-8.bin,697,33554432,944.03,,
0,bench/30gib-8.bin,698,33554432,640.19,,
0,bench/30gib-8.bin,699,33554432,544.54,,
0,bench/30gib-8.bin,700,33554432,488.52,,
0,bench/30gib-8.bin,701,33554432,768.55,,
0,bench/30gib-8.bin,702,33554432,613.71,,
0,bench/30gib-8.bin,703,33554432,686.13,,
0,bench/30gib-8.bin,704,33554432,639.03,,
0,bench/30gib-8.bin,705,33554432,604.53,,
0,bench/30gib-8.bin,706,33554432,528.98,,
0,bench/30gib-8.bin,707,33554432,1311.52,,
0,bench/30gib-8.bin,708,33554432,539.47,,
0,bench/30gib-8.bin,709,33554432,811.66,,
0,bench/30gib-8.bin,710,33554432,679.14,,
0,bench/30gib-8.bin,711,33554432,847.50,,
0,bench/30gib-8.bin,712,33554432,464.16,,
0,bench/30gib-8.bin,713,33554432,702.91,,
0,bench/30gib-8.bin,714,33554432,752.60,,
0,bench/30gib-8.bin,715,33554432,841.07,,
0,bench/30gib-8.bin,716,33554432,619.54,,
0,bench/30gib-8.bin,717,33554432,577.64,,
0,bench/30gib-8.bin,718,33554432,762.81,,
0,bench/30gib-8.bin,719,33554432,990.00,,
0,bench/30gib-8.bin,720,33554432,701.48,,
0,bench/30gib-8.bin,721,33554432,592.76,,
0,bench/30gib-8.bin,722,33554432,1000.25,,
0,bench/30gib-8.bin,723,33554432,1506.91,,
0,bench/30gib-8.bin,724,33554432,955.15,,
0,bench/30gib-8.bin,725,33554432,1082.14,,
0,bench/30gib-8.bin,726,33554432,398.70,,
0,bench/30gib-8.bin,727,33554432,888.71,,
0,bench/30gib-8.bin,728,33554432,961.74,,
0,bench/30gib-8.bin,729,33554432,549.27,,
0,bench/30gib-8.bin,730,33554432,962.26,,
0,bench/30gib-8.bin,731,33554432,414.47,,
0,bench/30gib-8.bin,732,33554432,683.77,,
0,bench/30gib-8.bin,733,33554432,1081.08,,
0,bench/30gib-8.bin,734,33554432,363.24,,
0,bench/30gib-8.bin,735,33554432,664.89,,
0,bench/30gib-8.bin,736,33554432,606.88,,
0,bench/30gib-8.bin,737,33554432,537.21,,
0,bench/30gib-8.bin,738,33554432,789.65,,
0,bench/30gib-8.bin,739,33554432,707.49,,
0,bench/30gib-8.bin,740,33554432,772.07,,
0,bench/30gib-8.bin,741,33554432,653.16,,
0,bench/30gib-8.bin,742,33554432,511.99,,
0,bench/30gib-8.bin,743,33554432,676.93,,
0,bench/30gib-8.bin,744,33554432,622.36,,
0,bench/30gib-8.bin,745,33554432,815.93,,
0,bench/30gib-8.bin,746,33554432,409.52,,
0,bench/30gib-8.bin,747,33554432,515.55,,
0,bench/30gib-8.bin,748,33554432,399.72,,
0,bench/30gib-8.bin,749,33554432,741.98,,
0,bench/30gib-8.bin,750,33554432,736.17,,
0,bench/30gib-8.bin,751,33554432,1330.07,,
0,bench/30gib-8.bin,752,33554432,776.62,,
0,bench/30gib-8.bin,753,33554432,779.38,,
0,bench/30gib-8.bin,754,33554432,484.29,,
0,bench/30gib-8.bin,755,33554432,481.23,,
0,bench/30gib-8.bin,756,33554432,797.70,,
0,bench/30gib-8.bin,757,33554432,473.81,,
0,bench/30gib-8.bin,758,33554432,577.67,,
0,bench/30gib-8.bin,759,33554432,701.36,,
0,bench/30gib-8.bin,760,33554432,596.65,,
0,bench/30gib-8.bin,761,33554432,803.65,,
0,bench/30gib-8.bin,762,33554432,511.13,,
0,bench/30gib-8.bin,763,33554432,607.09,,
0,bench/30gib-8.bin,764,33554432,838.91,,
0,bench/30gib-8.bin,765,33554432,761.68,,
0,bench/30gib-8.bin,766,33554432,691.54,,
0,bench/30gib-8.bin,767,33554432,705.35,,
0,bench/30gib-8.bin,768,33554432,565.67,,
0,bench/30gib-8.bin,769,33554432,601.69,,
0,bench/30gib-8.bin,770,33554432,1024.65,,
0,bench/30gib-8.bin,771,33554432,671.97,,
0,bench/30gib-8.bin,772,33554432,488.29,,
0,bench/30gib-8.bin,773,33554432,560.80,,
0,bench/30gib-8.bin,774,33554432,554.86,,
0,bench/30gib-8.bin,775,33554432,527.34,,
0,bench/30gib-8.bin,776,33554432,564.34,,
0,bench/30gib-8.bin,777,33554432,505.20,,
0,bench/30gib-8.bin,778,33554432,858.11,,
0,bench/30gib-8.bin,779,33554432,544.74,,
0,bench/30gib-8.bin,780,33554432,548.43,,
0,bench/30gib-8.bin,781,33554432,1134.78,,
0,bench/30gib-8.bin,782,33554432,757.67,,
0,bench/30gib-8.bin,783,33554432,506.49,,
0,bench/30gib-8.bin,784,33554432,612.72,,
0,bench/30gib-8.bin,785,33554432,582.37,,
0,bench/30gib-8.bin,786,33554432,710.59,,
0,bench/30gib-8.bin,787,33554432,1034.65,,
0,bench/30gib-8.bin,788,33554432,766.67,,
0,bench/30gib-8.bin,789,33554432,549.93,,
0,bench/30gib-8.bin,790,33554432,678.00,,
0,bench/30gib-8.bin,791,33554432,1388.55,,
0,bench/30gib-8.bin,792,33554432,836.19,,
0,bench/30gib-8.bin,793,33554432,523.30,,
0,bench/30gib-8.bin,794,33554432,558.10,,
0,bench/30gib-8.bin,795,33554432,950.35,,
0,bench/30gib-8.bin,796,33554432,711.26,,
0,bench/30gib-8.bin,797,33554432,543.39,,
0,bench/30gib-8.bin,798,33554432,636.86,,
0,bench/30gib-8.bin,799,33554432,769.01,,
0,bench/30gib-8.bin,800,33554432,512.31,,
0,bench/30gib-8.bin,801,33554432,1008.19,,
0,bench/30gib-8.bin,802,33554432,566.89,,
0,bench/30gib-8.bin,803,33554432,684.42,,
0,bench/30gib-8.bin,804,33554432,846.71,,
0,bench/30gib-8.bin,805,33554432,527.27,,
0,bench/30gib-8.bin,806,33554432,606.30,,
0,bench/30gib-8.bin,807,33554432,912.12,,
0,bench/30gib-8.bin,808,33554432,483.86,,
0,bench/30gib-8.bin,809,33554432,454.48,,
0,bench/30gib-8.bin,810,33554432,769.68,,
0,bench/30gib-8.bin,811,33554432,1023.85,,
0,bench/30gib-8.bin,812,33554432,1185.43,,
0,bench/30gib-8.bin,813,33554432,433.46,,
0,bench/30gib-8.bin,814,33554432,622.44,,
0,bench/30gib-8.bin,815,33554432,787.13,,
0,bench/30gib-8.bin,816,33554432,734.98,,
0,bench/30gib-8.bin,817,33554432,1000.96,,
0,bench/30gib-8.bin,818,33554432,380.60,,
0,bench/30gib-8.bin,819,33554432,840.97,,
0,bench/30gib-8.bin,820,33554432,1145.80,,
0,bench/30gib-8.bin,821,33554432,601.44,,
0,bench/30gib-8.bin,822,33554432,557.43,,
0,bench/30gib-8.bin,823,33554432,355.79,,
0,bench/30gib-8.bin,824,33554432,450.40,,
0,bench/30gib-8.bin,825,33554432,368.51,,
0,bench/30gib-8.bin,826,33554432,664.82,,
0,bench/30gib-8.bin,827,33554432,692.68,,
0,bench/30gib-8.bin,828,33554432,747.70,,
0,bench/30gib-8.bin,829,33554432,776.26,,
0,bench/30gib-8.bin,830,33554432,929.70,,
0,bench/30gib-8.bin,831,33554432,842.90,,
0,bench/30gib-8.bin,832,33554432,589.09,,
0,bench/30gib-8.bin,833,33554432,491.78,,
0,bench/30gib-8.bin,834,33554432,950.10,,
0,bench/30gib-8.bin,835,33554432,588.90,,
0,bench/30gib-8.bin,836,33554432,942.02,,
0,bench/30gib-8.bin,837,33554432,656.89,,
0,bench/30gib-8.bin,838,33554432,698.88,,
0,bench/30gib-8.bin,839,33554432,470.37,,
0,bench/30gib-8.bin,840,33554432,718.20,,
0,bench/30gib-8.bin,841,33554432,1547.38,,
0,bench/30gib-8.bin,842,33554432,955.86,,
0,bench/30gib-8.bin,843,33554432,819.62,,
0,bench/30gib-8.bin,844,33554432,536.13,,
0,bench/30gib-8.bin,845,33554432,596.27,,
0,bench/30gib-8.bin,846,33554432,669.95,,
0,bench/30gib-8.bin,847,33554432,597.73,,
0,bench/30gib-8.bin,848,33554432,597.15,,
0,bench/30gib-8.bin,849,33554432,1131.74,,
0,bench/30gib-8.bin,850,33554432,687.09,,
0,bench/30gib-8.bin,851,33554432,520.66,,
0,bench/30gib-8.bin,852,33554432,847.49,,
0,bench/30gib-8.bin,853,33554432,510.87,,
0,bench/30gib-8.bin,854,33554432,792.99,,
0,bench/30gib-8.bin,855,33554432,779.38,,
0,bench/30gib-8.bin,856,33554432,989.80,,
0,bench/30gib-8.bin,857,33554432,1214.12,,
0,bench/30gib-8.bin,858,33554432,1701.72,,
0,bench/30gib-8.bin,859,33554432,875.54,,
0,bench/30gib-8.bin,860,33554432,695.13,,
0,bench/30gib-8.bin,861,33554432,585.21,,
0,bench/30gib-8.bin,862,33554432,692.13,,
0,bench/30gib-8.bin,863,33554432,637.93,,
0,bench/30gib-8.bin,864,33554432,631.99,,
0,bench/30gib-8.bin,865,33554432,605.60,,
0,bench/30gib-8.bin,866,33554432,1391.52,,
0,bench/30gib-8.bin,867,33554432,522.51,,
0,bench/30gib-8.bin,868,33554432,1123.12,,
0,bench/30gib-8.bin,869,33554432,997.76,,
0,bench/30gib-8.bin,870,33554432,569.49,,
0,bench/30gib-8.bin,871,33554432,524.26,,
0,bench/30gib-8.bin,872,33554432,909.61,,
0,bench/30gib-8.bin,873,33554432,873.61,,
0,bench/30gib-8.bin,874,33554432,460.07,,
0,bench/30gib-8.bin,875,33554432,558.69,,
0,bench/30gib-8.bin,876,33554432,650.40,,
0,bench/30gib-8.bin,877,33554432,505.85,,
0,bench/30gib-8.bin,878,33554432,682.68,,
0,bench/30gib-8.bin,879,33554432,1186.36,,
0,bench/30gib-8.bin,880,33554432,715.24,,
0,bench/30gib-8.bin,881,33554432,810.93,,
0,bench/30gib-8.bin,882,33554432,459.24,,
0,bench/30gib-8.bin,883,33554432,1167.59,,
0,bench/30gib-8.bin,884,33554432,1102.39,,
0,bench/30gib-8.bin,885,33554432,814.98,,
0,bench/30gib-8.bin,886,33554432,484.33,,
0,bench/30gib-8.bin,887,33554432,732.95,,
0,bench/30gib-8.bin,888,33554432,626.65,,
0,bench/30gib-8.bin,889,33554432,579.88,,
0,bench/30gib-8.bin,890,33554432,527.80,,
0,bench/30gib-8.bin,891,33554432,705.30,,
0,bench/30gib-8.bin,892,33554432,740.22,,
0,bench/30gib-8.bin,893,33554432,936.34,,
0,bench/30gib-8.bin,894,33554432,806.83,,
0,bench/30gib-8.bin,895,33554432,421.85,,
0,bench/30gib-8.bin,896,33554432,875.27,,
0,bench/30gib-8.bin,897,33554432,455.88,,
0,bench/30gib-8.bin,898,33554432,790.61,,
0,bench/30gib-8.bin,899,33554432,564.70,,
0,bench/30gib-8.bin,900,33554432,574.02,,
0,bench/30gib-8.bin,901,33554432,786.72,,
0,bench/30gib-8.bin,902,33554432,686.19,,
0,bench/30gib-8.bin,903,33554432,1044.95,,
0,bench/30gib-8.bin,904,33554432,536.17,,
0,bench/30gib-8.bin,905,33554432,425.87,,
0,bench/30gib-8.bin,906,33554432,780.81,,
0,bench/30gib-8.bin,907,33554432,514.69,,
0,bench/30gib-8.bin,908,33554432,694.59,,
0,bench/30gib-8.bin,909,33554432,654.98,,
0,bench/30gib-8.bin,910,33554432,670.72,,
0,bench/30gib-8.bin,911,33554432,885.04,,
0,bench/30gib-8.bin,912,33554432,1354.12,,
0,bench/30gib-8.bin,913,33554432,966.70,,
0,bench/30gib-8.bin,914,33554432,838.35,,
0,bench/30gib-8.bin,915,33554432,500.79,,
0,bench/30gib-8.bin,916,33554432,718.81,,
0,bench/30gib-8.bin,917,33554432,1069.48,,
0,bench/30gib-8.bin,918,33554432,596.29,,
0,bench/30gib-8.bin,919,33554432,658.02,,
0,bench/30gib-8.bin,920,33554432,680.10,,
0,bench/30gib-8.bin,921,33554432,900.76,,
0,bench/30gib-8.bin,922,33554432,1128.10,,
0,bench/30gib-8.bin,923,33554432,931.31,,
0,bench/30gib-8.bin,924,33554432,598.00,,
0,bench/30gib-8.bin,925,33554432,675.20,,
0,bench/30gib-8.bin,926,33554432,1199.66,,
0,bench/30gib-8.bin,927,33554432,1025.60,,
0,bench/30gib-8.bin,928,33554432,841.91,,
0,bench/30gib-8.bin,929,33554432,686.12,,
0,bench/30gib-8.bin,930,33554432,582.91,,
0,bench/30gib-8.bin,931,33554432,606.46,,
0,bench/30gib-8.bin,932,33554432,592.74,,
0,bench/30gib-8.bin,933,33554432,950.82,,
0,bench/30gib-8.bin,934,33554432,851.96,,
0,bench/30gib-8.bin,935,33554432,357.04,,
0,bench/30gib-8.bin,936,33554432,719.90,,
0,bench/30gib-8.bin,937,33554432,672.79,,
0,bench/30gib-8.bin,938,33554432,673.74,,
0,bench/30gib-8.bin,939,33554432,750.66,,
0,bench/30gib-8.bin,940,33554432,540.54,,
0,bench/30gib-8.bin,941,33554432,487.12,,
0,bench/30gib-8.bin,942,33554432,878.37,,
0,bench/30gib-8.bin,943,33554432,709.77,,
0,bench/30gib-8.bin,944,33554432,590.65,,
0,bench/30gib-8.bin,945,33554432,770.08,,
0,bench/30gib-8.bin,946,33554432,595.81,,
0,bench/30gib-8.bin,947,33554432,657.85,,
0,bench/30gib-8.bin,948,33554432,420.02,,
0,bench/30gib-8.bin,949,33554432,716.36,,
0,bench/30gib-8.bin,950,33554432,496.48,,
0,bench/30gib-8.bin,951,33554432,687.87,,
0,bench/30gib-8.bin,952,33554432,644.55,,
0,bench/30gib-8.bin,953,33554432,544.92,,
0,bench/30gib-8.bin,954,33554432,378.98,,
0,bench/30gib-8.bin,955,33554432,495.05,,
0,bench/30gib-8.bin,956,33554432,439.04,,
0,bench/30gib-8.bin,957,33554432,606.32,,
0,bench/30gib-8.bin,958,33554432,619.17,,
0,bench/30gib-8.bin,959,33554432,353.54,,
0,bench/30gib-8.bin,960,33554432,345.10,,
0,bench/30gib-9.bin,1,33554432,1483.98,,
0,bench/30gib-9.bin,2,33554432,1458.28,,
0,bench/30gib-9.bin,3,33554432,1126.07,,
0,bench/30gib-9.bin,4,33554432,1335.56,,
0,bench/30gib-9.bin,5,33554432,2070.23,,
0,bench/30gib-9.bin,6,33554432,1016.32,,
0,bench/30gib-9.bin,7,33554432,1051.06,,
0,bench/30gib-9.bin,8,33554432,1485.54,,
0,bench/30gib-9.bin,9,33554432,1138.10,,
0,bench/30gib-9.bin,10,33554432,1135.99,,
0,bench/30gib-9.bin,11,33554432,1729.94,,
0,bench/30gib-9.bin,12,33554432,1134.36,,
0,bench/30gib-9.bin,13,33554432,1119.38,,
0,bench/30gib-9.bin,14,33554432,1408.01,,
0,bench/30gib-9.bin,15,33554432,1306.84,,
0,bench/30gib-9.bin,16,33554432,1475.28,,
0,bench/30gib-9.bin,17,33554432,1676.63,,
0,bench/30gib-9.bin,18,33554432,1337.16,,
0,bench/30gib-9.bin,19,33554432,1208.38,,
0,bench/30gib-9.bin,20,33554432,1389.98,,
0,bench/30gib-9.bin,21,33554432,1844.70,,
0,bench/30gib-9.bin,22,33554432,1098.30,,
0,bench/30gib-9.bin,23,33554432,1239.99,,
0,bench/30gib-9.bin,24,33554432,1140.94,,
0,bench/30gib-9.bin,25,33554432,1191.58,,
0,bench/30gib-9.bin,26,33554432,1050.31,,
0,bench/30gib-9.bin,27,33554432,1097.78,,
0,bench/30gib-9.bin,28,33554432,1315.70,,
0,bench/30gib-9.bin,29,33554432,1142.84,,
0,bench/30gib-9.bin,30,33554432,1532.88,,
0,bench/30gib-9.bin,31,33554432,1419.54,,
0,bench/30gib-9.bin,32,33554432,1482.27,,
0,bench/30gib-9.bin,33,33554432,852.02,,
0,bench/30gib-9.bin,34,33554432,725.34,,
0,bench/30gib-9.bin,35,33554432,899.28,,
0,bench/30gib-9.bin,36,33554432,824.88,,
0,bench/30gib-9.bin,37,33554432,968.12,,
0,bench/30gib-9.bin,38,33554432,696.35,,
0,bench/30gib-9.bin,39,33554432,979.51,,
0,bench/30gib-9.bin,40,33554432,999.63,,
0,bench/30gib-9.bin,41,33554432,643.39,,
0,bench/30gib-9.bin,42,33554432,788.41,,
0,bench/30gib-9.bin,43,33554432,644.09,,
0,bench/30gib-9.bin,44,33554432,836.83,,
0,bench/30gib-9.bin,45,33554432,854.72,,
0,bench/30gib-9.bin,46,33554432,818.09,,
0,bench/30gib-9.bin,47,33554432,860.43,,
0,bench/30gib-9.bin,48,33554432,565.80,,
0,bench/30gib-9.bin,49,33554432,888.58,,
0,bench/30gib-9.bin,50,33554432,936.38,,
0,bench/30gib-9.bin,51,33554432,1118.98,,
0,bench/30gib-9.bin,52,33554432,1292.39,,
0,bench/30gib-9.bin,53,33554432,799.06,,
0,bench/30gib-9.bin,54,33554432,739.17,,
0,bench/30gib-9.bin,55,33554432,760.14,,
0,bench/30gib-9.bin,56,33554432,961.29,,
0,bench/30gib-9.bin,57,33554432,606.85,,
0,bench/30gib-9.bin,58,33554432,1076.73,,
0,bench/30gib-9.bin,59,33554432,739.58,,
0,bench/30gib-9.bin,60,33554432,773.06,,
0,bench/30gib-9.bin,61,33554432,1887.82,,
0,bench/30gib-9.bin,62,33554432,567.37,,
0,bench/30gib-9.bin,63,33554432,1126.61,,
0,bench/30gib-9.bin,64,33554432,974.72,,
0,bench/30gib-9.bin,65,33554432,882.37,,
0,bench/30gib-9.bin,66,33554432,627.37,,
0,bench/30gib-9.bin,67,33554432,542.75,,
0,bench/30gib-9.bin,68,33554432,647.66,,
0,bench/30gib-9.bin,69,33554432,457.33,,
0,bench/30gib-9.bin,70,33554432,617.94,,
0,bench/30gib-9.bin,71,33554432,471.93,,
0,bench/30gib-9.bin,72,33554432,611.56,,
0,bench/30gib-9.bin,73,33554432,554.05,,
0,bench/30gib-9.bin,74,33554432,706.00,,
0,bench/30gib-9.bin,75,33554432,828.24,,
0,bench/30gib-9.bin,76,33554432,557.65,,
0,bench/30gib-9.bin,77,33554432,444.38,,
0,bench/30gib-9.bin,78,33554432,681.91,,
0,bench/30gib-9.bin,79,33554432,622.30,,
0,bench/30gib-9.bin,80,33554432,834.71,,
0,bench/30gib-9.bin,81,33554432,1120.15,,
0,bench/30gib-9.bin,82,33554432,586.24,,
0,bench/30gib-9.bin,83,33554432,911.47,,
0,bench/30gib-9.bin,84,33554432,993.05,,
0,bench/30gib-9.bin,85,33554432,686.84,,
0,bench/30gib-9.bin,86,33554432,839.60,,
0,bench/30gib-9.bin,87,33554432,627.91,,
0,bench/30gib-9.bin,88,33554432,726.54,,
0,bench/30gib-9.bin,89,33554432,536.38,,
0,bench/30gib-9.bin,90,33554432,1086.26,,
0,bench/30gib-9.bin,91,33554432,867.33,,
0,bench/30gib-9.bin,92,33554432,901.22,,
0,bench/30gib-9.bin,93,33554432,840.31,,
0,bench/30gib-9.bin,94,33554432,640.88,,
0,bench/30gib-9.bin,95,33554432,642.64,,
0,bench/30gib-9.bin,96,33554432,1107.91,,
0,bench/30gib-9.bin,97,33554432,831.96,,
0,bench/30gib-9.bin,98,33554432,500.35,,
0,bench/30gib-9.bin,99,33554432,705.72,,
0,bench/30gib-9.bin,100,33554432,909.90,,
0,bench/30gib-9.bin,101,33554432,655.61,,
0,bench/30gib-9.bin,102,33554432,1072.04,,
0,bench/30gib-9.bin,103,33554432,408.65,,
0,bench/30gib-9.bin,104,33554432,747.67,,
0,bench/30gib-9.bin,105,33554432,816.14,,
0,bench/30gib-9.bin,106,33554432,405.20,,
0,bench/30gib-9.bin,107,33554432,898.32,,
0,bench/30gib-9.bin,108,33554432,472.92,,
0,bench/30gib-9.bin,109,33554432,1031.42,,
0,bench/30gib-9.bin,110,33554432,466.87,,
0,bench/30gib-9.bin,111,33554432,707.07,,
0,bench/30gib-9.bin,112,33554432,639.41,,
0,bench/30gib-9.bin,113,33554432,477.64,,
0,bench/30gib-9.bin,114,33554432,550.52,,
0,bench/30gib-9.bin,115,33554432,569.88,,
0,bench/30gib-9.bin,116,33554432,657.39,,
0,bench/30gib-9.bin,117,33554432,950.18,,
0,bench/30gib-9.bin,118,33554432,368.38,,
0,bench/30gib-9.bin,119,33554432,904.92,,
0,bench/30gib-9.bin,120,33554432,679.42,,
0,bench/30gib-9.bin,121,33554432,520.43,,
0,bench/30gib-9.bin,122,33554432,419.81,,
0,bench/30gib-9.bin,123,33554432,835.28,,
0,bench/30gib-9.bin,124,33554432,786.69,,
0,bench/30gib-9.bin,125,33554432,376.68,,
0,bench/30gib-9.bin,126,33554432,534.98,,
0,bench/30gib-9.bin,127,33554432,604.34,,
0,bench/30gib-9.bin,128,33554432,575.00,,
0,bench/30gib-9.bin,129,33554432,605.37,,
0,bench/30gib-9.bin,130,33554432,618.25,,
0,bench/30gib-9.bin,131,33554432,775.65,,
0,bench/30gib-9.bin,132,33554432,954.07,,
0,bench/30gib-9.bin,133,33554432,755.48,,
0,bench/30gib-9.bin,134,33554432,988.90,,
0,bench/30gib-9.bin,135,33554432,519.37,,
0,bench/30gib-9.bin,136,33554432,523.01,,
0,bench/30gib-9.bin,137,33554432,487.22,,
0,bench/30gib-9.bin,138,33554432,526.81,,
0,bench/30gib-9.bin,139,33554432,856.40,,
0,bench/30gib-9.bin,140,33554432,548.79,,
0,bench/30gib-9.bin,141,33554432,646.35,,
0,bench/30gib-9.bin,142,33554432,741.85,,
0,bench/30gib-9.bin,143,33554432,624.03,,
0,bench/30gib-9.bin,144,33554432,900.63,,
0,bench/30gib-9.bin,145,33554432,787.53,,
0,bench/30gib-9.bin,146,33554432,951.55,,
0,bench/30gib-9.bin,147,33554432,558.46,,
0,bench/30gib-9.bin,148,33554432,529.28,,
0,bench/30gib-9.bin,149,33554432,699.53,,
0,bench/30gib-9.bin,150,33554432,730.65,,
0,bench/30gib-9.bin,151,33554432,510.75,,
0,bench/30gib-9.bin,152,33554432,1679.55,,
0,bench/30gib-9.bin,153,33554432,709.47,,
0,bench/30gib-9.bin,154,33554432,725.73,,
0,bench/30gib-9.bin,155,33554432,632.46,,
0,bench/30gib-9.bin,156,33554432,584.48,,
0,bench/30gib-9.bin,157,33554432,576.29,,
0,bench/30gib-9.bin,158,33554432,626.28,,
0,bench/30gib-9.bin,159,33554432,530.61,,
0,bench/30gib-9.bin,160,33554432,631.95,,
0,bench/30gib-9.bin,161,33554432,712.71,,
0,bench/30gib-9.bin,162,33554432,785.72,,
0,bench/30gib-9.bin,163,33554432,593.21,,
0,bench/30gib-9.bin,164,33554432,974.56,,
0,bench/30gib-9.bin,165,33554432,447.45,,
0,bench/30gib-9.bin,166,33554432,764.79,,
0,bench/30gib-9.bin,167,33554432,859.86,,
0,bench/30gib-9.bin,168,33554432,554.41,,
0,bench/30gib-9.bin,169,33554432,915.58,,
0,bench/30gib-9.bin,170,33554432,1114.49,,
0,bench/30gib-9.bin,171,33554432,943.93,,
0,bench/30gib-9.bin,172,33554432,551.74,,
0,bench/30gib-9.bin,173,33554432,700.25,,
0,bench/30gib-9.bin,174,33554432,1368.39,,
0,bench/30gib-9.bin,175,33554432,624.65,,
0,bench/30gib-9.bin,176,33554432,941.46,,
0,bench/30gib-9.bin,177,33554432,838.66,,
0,bench/30gib-9.bin,178,33554432,931.94,,
0,bench/30gib-9.bin,179,33554432,659.99,,
0,bench/30gib-9.bin,180,33554432,444.09,,
0,bench/30gib-9.bin,181,33554432,414.02,,
0,bench/30gib-9.bin,182,33554432,678.47,,
0,bench/30gib-9.bin,183,33554432,790.93,,
0,bench/30gib-9.bin,184,33554432,590.29,,
0,bench/30gib-9.bin,185,33554432,619.17,,
0,bench/30gib-9.bin,186,33554432,702.70,,
0,bench/30gib-9.bin,187,33554432,698.99,,
0,bench/30gib-9.bin,188,33554432,585.41,,
0,bench/30gib-9.bin,189,33554432,557.98,,
0,bench/30gib-9.bin,190,33554432,611.03,,
0,bench/30gib-9.bin,191,33554432,476.02,,
0,bench/30gib-9.bin,192,33554432,516.73,,
0,bench/30gib-9.bin,193,33554432,673.17,,
0,bench/30gib-9.bin,194,33554432,843.55,,
0,bench/30gib-9.bin,195,33554432,804.88,,
0,bench/30gib-9.bin,196,33554432,498.71,,
0,bench/30gib-9.bin,197,33554432,373.67,,
0,bench/30gib-9.bin,198,33554432,407.70,,
0,bench/30gib-9.bin,199,33554432,860.69,,
0,bench/30gib-9.bin,200,33554432,790.72,,
0,bench/30gib-9.bin,201,33554432,796.80,,
0,bench/30gib-9.bin,202,33554432,589.40,,
0,bench/30gib-9.bin,203,33554432,818.70,,
0,bench/30gib-9.bin,204,33554432,753.10,,
0,bench/30gib-9.bin,205,33554432,761.97,,
0,bench/30gib-9.bin,206,33554432,892.84,,
0,bench/30gib-9.bin,207,33554432,822.74,,
0,bench/30gib-9.bin,208,33554432,960.27,,
0,bench/30gib-9.bin,209,33554432,569.78,,
0,bench/30gib-9.bin,210,33554432,776.80,,
0,bench/30gib-9.bin,211,33554432,812.26,,
0,bench/30gib-9.bin,212,33554432,815.26,,
0,bench/30gib-9.bin,213,33554432,514.09,,
0,bench/30gib-9.bin,214,33554432,809.15,,
0,bench/30gib-9.bin,215,33554432,676.26,,
0,bench/30gib-9.bin,216,33554432,963.83,,
0,bench/30gib-9.bin,217,33554432,855.54,,
0,bench/30gib-9.bin,218,33554432,783.61,,
0,bench/30gib-9.bin,219,33554432,895.22,,
0,bench/30gib-9.bin,220,33554432,509.25,,
0,bench/30gib-9.bin,221,33554432,674.97,,
0,bench/30gib-9.bin,222,33554432,715.92,,
0,bench/30gib-9.bin,223,33554432,626.86,,
0,bench/30gib-9.bin,224,33554432,938.04,,
0,bench/30gib-9.bin,225,33554432,537.00,,
0,bench/30gib-9.bin,226,33554432,546.92,,
0,bench/30gib-9.bin,227,33554432,742.64,,
0,bench/30gib-9.bin,228,33554432,1109.75,,
0,bench/30gib-9.bin,229,33554432,972.81,,
0,bench/30gib-9.bin,230,33554432,705.26,,
0,bench/30gib-9.bin,231,33554432,869.78,,
0,bench/30gib-9.bin,232,33554432,1070.57,,
0,bench/30gib-9.bin,233,33554432,819.07,,
0,bench/30gib-9.bin,234,33554432,743.32,,
0,bench/30gib-9.bin,235,33554432,798.44,,
0,bench/30gib-9.bin,236,33554432,699.43,,
0,bench/30gib-9.bin,237,33554432,686.29,,
0,bench/30gib-9.bin,238,33554432,414.42,,
0,bench/30gib-9.bin,239,33554432,827.35,,
0,bench/30gib-9.bin,240,33554432,1147.49,,
0,bench/30gib-9.bin,241,33554432,519.33,,
0,bench/30gib-9.bin,242,33554432,548.12,,
0,bench/30gib-9.bin,243,33554432,344.25,,
0,bench/30gib-9.bin,244,33554432,626.14,,
0,bench/30gib-9.bin,245,33554432,482.34,,
0,bench/30gib-9.bin,246,33554432,656.36,,
0,bench/30gib-9.bin,247,33554432,403.83,,
0,bench/30gib-9.bin,248,33554432,657.56,,
0,bench/30gib-9.bin,249,33554432,770.63,,
0,bench/30gib-9.bin,250,33554432,540.44,,
0,bench/30gib-9.bin,251,33554432,789.05,,
0,bench/30gib-9.bin,252,33554432,654.46,,
0,bench/30gib-9.bin,253,33554432,346.59,,
0,bench/30gib-9.bin,254,33554432,575.04,,
0,bench/30gib-9.bin,255,33554432,578.42,,
0,bench/30gib-9.bin,256,33554432,876.07,,
0,bench/30gib-9.bin,257,33554432,779.12,,
0,bench/30gib-9.bin,258,33554432,565.92,,
0,bench/30gib-9.bin,259,33554432,597.07,,
0,bench/30gib-9.bin,260,33554432,707.53,,
0,bench/30gib-9.bin,261,33554432,617.03,,
0,bench/30gib-9.bin,262,33554432,833.43,,
0,bench/30gib-9.bin,263,33554432,1160.59,,
0,bench/30gib-9.bin,264,33554432,1001.73,,
0,bench/30gib-9.bin,265,33554432,838.99,,
0,bench/30gib-9.bin,266,33554432,1152.19,,
0,bench/30gib-9.bin,267,33554432,440.67,,
0,bench/30gib-9.bin,268,33554432,601.69,,
0,bench/30gib-9.bin,269,33554432,507.65,,
0,bench/30gib-9.bin,270,33554432,1150.06,,
0,bench/30gib-9.bin,271,33554432,654.58,,
0,bench/30gib-9.bin,272,33554432,675.10,,
0,bench/30gib-9.bin,273,33554432,1172.96,,
0,bench/30gib-9.bin,274,33554432,631.96,,
0,bench/30gib-9.bin,275,33554432,1294.69,,
0,bench/30gib-9.bin,276,33554432,598.71,,
0,bench/30gib-9.bin,277,33554432,707.68,,
0,bench/30gib-9.bin,278,33554432,736.67,,
0,bench/30gib-9.bin,279,33554432,611.74,,
0,bench/30gib-9.bin,280,33554432,1241.83,,
0,bench/30gib-9.bin,281,33554432,452.96,,
0,bench/30gib-9.bin,282,33554432,627.63,,
0,bench/30gib-9.bin,283,33554432,637.40,,
0,bench/30gib-9.bin,284,33554432,1285.64,,
0,bench/30gib-9.bin,285,33554432,1165.64,,
0,bench/30gib-9.bin,286,33554432,428.75,,
0,bench/30gib-9.bin,287,33554432,586.17,,
0,bench/30gib-9.bin,288,33554432,420.10,,
0,bench/30gib-9.bin,289,33554432,473.56,,
0,bench/30gib-9.bin,290,33554432,570.45,,
0,bench/30gib-9.bin,291,33554432,948.34,,
0,bench/30gib-9.bin,292,33554432,422.37,,
0,bench/30gib-9.bin,293,33554432,691.93,,
0,bench/30gib-9.bin,294,33554432,769.35,,
0,bench/30gib-9.bin,295,33554432,516.24,,
0,bench/30gib-9.bin,296,33554432,858.28,,
0,bench/30gib-9.bin,297,33554432,617.80,,
0,bench/30gib-9.bin,298,33554432,604.44,,
0,bench/30gib-9.bin,299,33554432,792.63,,
0,bench/30gib-9.bin,300,33554432,731.29,,
0,bench/30gib-9.bin,301,33554432,647.68,,
0,bench/30gib-9.bin,302,33554432,913.45,,
0,bench/30gib-9.bin,303,33554432,881.03,,
0,bench/30gib-9.bin,304,33554432,487.68,,
0,bench/30gib-9.bin,305,33554432,875.71,,
0,bench/30gib-9.bin,306,33554432,786.22,,
0,bench/30gib-9.bin,307,33554432,534.47,,
0,bench/30gib-9.bin,308,33554432,463.43,,
0,bench/30gib-9.bin,309,33554432,469.48,,
0,bench/30gib-9.bin,310,33554432,703.58,,
0,bench/30gib-9.bin,311,33554432,733.87,,
0,bench/30gib-9.bin,312,33554432,865.75,,
0,bench/30gib-9.bin,313,33554432,557.44,,
0,bench/30gib-9.bin,314,33554432,782.20,,
0,bench/30gib-9.bin,315,33554432,713.05,,
0,bench/30gib-9.bin,316,33554432,784.96,,
0,bench/30gib-9.bin,317,33554432,641.71,,
0,bench/30gib-9.bin,318,33554432,745.96,,
0,bench/30gib-9.bin,319,33554432,704.30,,
0,bench/30gib-9.bin,320,33554432,384.09,,
0,bench/30gib-9.bin,321,33554432,1109.07,,
0,bench/30gib-9.bin,322,33554432,1358.68,,
0,bench/30gib-9.bin,323,33554432,814.66,,
0,bench/30gib-9.bin,324,33554432,1087.36,,
0,bench/30gib-9.bin,325,33554432,416.88,,
0,bench/30gib-9.bin,326,33554432,601.04,,
0,bench/30gib-9.bin,327,33554432,1268.15,,
0,bench/30gib-9.bin,328,33554432,736.23,,
0,bench/30gib-9.bin,329,33554432,555.28,,
0,bench/30gib-9.bin,330,33554432,476.12,,
0,bench/30gib-9.bin,331,33554432,574.37,,
0,bench/30gib-9.bin,332,33554432,534.08,,
0,bench/30gib-9.bin,333,33554432,862.57,,
0,bench/30gib-9.bin,334,33554432,613.92,,
0,bench/30gib-9.bin,335,33554432,457.91,,
0,bench/30gib-9.bin,336,33554432,479.13,,
0,bench/30gib-9.bin,337,33554432,473.89,,
0,bench/30gib-9.bin,338,33554432,761.88,,
0,bench/30gib-9.bin,339,33554432,724.01,,
0,bench/30gib-9.bin,340,33554432,912.14,,
0,bench/30gib-9.bin,341,33554432,434.74,,
0,bench/30gib-9.bin,342,33554432,1470.61,,
0,bench/30gib-9.bin,343,33554432,706.19,,
0,bench/30gib-9.bin,344,33554432,538.80,,
0,bench/30gib-9.bin,345,33554432,631.65,,
0,bench/30gib-9.bin,346,33554432,628.58,,
0,bench/30gib-9.bin,347,33554432,460.30,,
0,bench/30gib-9.bin,348,33554432,373.94,,
0,bench/30gib-9.bin,349,33554432,579.95,,
0,bench/30gib-9.bin,350,33554432,586.98,,
0,bench/30gib-9.bin,351,33554432,737.56,,
0,bench/30gib-9.bin,352,33554432,347.26,,
0,bench/30gib-9.bin,353,33554432,994.44,,
0,bench/30gib-9.bin,354,33554432,390.53,,
0,bench/30gib-9.bin,355,33554432,603.21,,
0,bench/30gib-9.bin,356,33554432,785.91,,
0,bench/30gib-9.bin,357,33554432,472.96,,
0,bench/30gib-9.bin,358,33554432,468.25,,
0,bench/30gib-9.bin,359,33554432,793.27,,
0,bench/30gib-9.bin,360,33554432,441.96,,
0,bench/30gib-9.bin,361,33554432,445.94,,
0,bench/30gib-9.bin,362,33554432,963.06,,
0,bench/30gib-9.bin,363,33554432,580.74,,
0,bench/30gib-9.bin,364,33554432,786.13,,
0,bench/30gib-9.bin,365,33554432,1034.68,,
0,bench/30gib-9.bin,366,33554432,516.69,,
0,bench/30gib-9.bin,367,33554432,1032.11,,
0,bench/30gib-9.bin,368,33554432,1196.17,,
0,bench/30gib-9.bin,369,33554432,421.16,,
0,bench/30gib-9.bin,370,33554432,630.82,,
0,bench/30gib-9.bin,371,33554432,773.18,,
0,bench/30gib-9.bin,372,33554432,979.65,,
0,bench/30gib-9.bin,373,33554432,960.76,,
0,bench/30gib-9.bin,374,33554432,607.73,,
0,bench/30gib-9.bin,375,33554432,956.86,,
0,bench/30gib-9.bin,376,33554432,1131.12,,
0,bench/30gib-9.bin,377,33554432,977.63,,
0,bench/30gib-9.bin,378,33554432,759.20,,
0,bench/30gib-9.bin,379,33554432,860.47,,
0,bench/30gib-9.bin,380,33554432,595.77,,
0,bench/30gib-9.bin,381,33554432,666.41,,
0,bench/30gib-9.bin,382,33554432,444.03,,
0,bench/30gib-9.bin,383,33554432,600.35,,
0,bench/30gib-9.bin,384,33554432,717.38,,
0,bench/30gib-9.bin,385,33554432,527.32,,
0,bench/30gib-9.bin,386,33554432,914.34,,
0,bench/30gib-9.bin,387,33554432,1001.07,,
0,bench/30gib-9.bin,388,33554432,1058.90,,
0,bench/30gib-9.bin,389,33554432,1014.12,,
0,bench/30gib-9.bin,390,33554432,638.92,,
0,bench/30gib-9.bin,391,33554432,619.71,,
0,bench/30gib-9.bin,392,33554432,656.55,,
0,bench/30gib-9.bin,393,33554432,690.08,,
0,bench/30gib-9.bin,394,33554432,601.66,,
0,bench/30gib-9.bin,395,33554432,1387.46,,
0,bench/30gib-9.bin,396,33554432,838.94,,
0,bench/30gib-9.bin,397,33554432,703.61,,
0,bench/30gib-9.bin,398,33554432,737.85,,
0,bench/30gib-9.bin,399,33554432,707.87,,
0,bench/30gib-9.bin,400,33554432,647.22,,
0,bench/30gib-9.bin,401,33554432,484.73,,
0,bench/30gib-9.bin,402,33554432,697.19,,
0,bench/30gib-9.bin,403,33554432,502.91,,
0,bench/30gib-9.bin,404,33554432,862.74,,
0,bench/30gib-9.bin,405,33554432,765.74,,
0,bench/30gib-9.bin,406,33554432,558.94,,
0,bench/30gib-9.bin,407,33554432,513.96,,
0,bench/30gib-9.bin,408,33554432,548.69,,
0,bench/30gib-9.bin,409,33554432,692.51,,
0,bench/30gib-9.bin,410,33554432,538.85,,
0,bench/30gib-9.bin,411,33554432,526.73,,
0,bench/30gib-9.bin,412,33554432,808.32,,
0,bench/30gib-9.bin,413,33554432,577.58,,
0,bench/30gib-9.bin,414,33554432,668.54,,
0,bench/30gib-9.bin,415,33554432,951.03,,
0,bench/30gib-9.bin,416,33554432,1135.90,,
0,bench/30gib-9.bin,417,33554432,733.18,,
0,bench/30gib-9.bin,418,33554432,563.41,,
0,bench/30gib-9.bin,419,33554432,895.47,,
0,bench/30gib-9.bin,420,33554432,753.25,,
0,bench/30gib-9.bin,421,33554432,1031.23,,
0,bench/30gib-9.bin,422,33554432,752.65,,
0,bench/30gib-9.bin,423,33554432,428.50,,
0,bench/30gib-9.bin,424,33554432,989.16,,
0,bench/30gib-9.bin,425,33554432,465.42,,
0,bench/30gib-9.bin,426,33554432,836.41,,
0,bench/30gib-9.bin,427,33554432,551.83,,
0,bench/30gib-9.bin,428,33554432,578.72,,
0,bench/30gib-9.bin,429,33554432,484.39,,
0,bench/30gib-9.bin,430,33554432,429.77,,
0,bench/30gib-9.bin,431,33554432,1065.16,,
0,bench/30gib-9.bin,432,33554432,590.93,,
0,bench/30gib-9.bin,433,33554432,704.95,,
0,bench/30gib-9.bin,434,33554432,571.02,,
0,bench/30gib-9.bin,435,33554432,537.06,,
0,bench/30gib-9.bin,436,33554432,1042.93,,
0,bench/30gib-9.bin,437,33554432,480.34,,
0,bench/30gib-9.bin,438,33554432,678.26,,
0,bench/30gib-9.bin,439,33554432,476.37,,
0,bench/30gib-9.bin,440,33554432,922.39,,
0,bench/30gib-9.bin,441,33554432,622.14,,
0,bench/30gib-9.bin,442,33554432,482.42,,
0,bench/30gib-9.bin,443,33554432,1041.09,,
0,bench/30gib-9.bin,444,33554432,452.59,,
0,bench/30gib-9.bin,445,33554432,518.24,,
0,bench/30gib-9.bin,446,33554432,530.79,,
0,bench/30gib-9.bin,447,33554432,548.43,,
0,bench/30gib-9.bin,448,33554432,452.90,,
0,bench/30gib-9.bin,449,33554432,715.49,,
0,bench/30gib-9.bin,450,33554432,535.22,,
0,bench/30gib-9.bin,451,33554432,371.31,,
0,bench/30gib-9.bin,452,33554432,820.87,,
0,bench/30gib-9.bin,453,33554432,734.19,,
0,bench/30gib-9.bin,454,33554432,634.90,,
0,bench/30gib-9.bin,455,33554432,1193.88,,
0,bench/30gib-9.bin,456,33554432,592.08,,
0,bench/30gib-9.bin,457,33554432,1296.92,,
0,bench/30gib-9.bin,458,33554432,864.40,,
0,bench/30gib-9.bin,459,33554432,655.92,,
0,bench/30gib-9.bin,460,33554432,466.53,,
0,bench/30gib-9.bin,461,33554432,1133.31,,
0,bench/30gib-9.bin,462,33554432,588.66,,
0,bench/30gib-9.bin,463,33554432,608.67,,
0,bench/30gib-9.bin,464,33554432,1256.98,,
0,bench/30gib-9.bin,465,33554432,556.33,,
0,bench/30gib-9.bin,466,33554432,378.04,,
0,bench/30gib-9.bin,467,33554432,476.48,,
0,bench/30gib-9.bin,468,33554432,684.08,,
0,bench/30gib-9.bin,469,33554432,1110.50,,
0,bench/30gib-9.bin,470,33554432,896.54,,
0,bench/30gib-9.bin,471,33554432,784.28,,
0,bench/30gib-9.bin,472,33554432,452.73,,
0,bench/30gib-9.bin,473,33554432,400.76,,
0,bench/30gib-9.bin,474,33554432,1074.15,,
0,bench/30gib-9.bin,475,33554432,939.21,,
0,bench/30gib-9.bin,476,33554432,678.00,,
0,bench/30gib-9.bin,477,33554432,902.91,,
0,bench/30gib-9.bin,478,33554432,827.45,,
0,bench/30gib-9.bin,479,33554432,599.14,,
0,bench/30gib-9.bin,480,33554432,429.41,,
0,bench/30gib-9.bin,481,33554432,686.95,,
0,bench/30gib-9.bin,482,33554432,670.54,,
0,bench/30gib-9.bin,483,33554432,631.17,,
0,bench/30gib-9.bin,484,33554432,639.15,,
0,bench/30gib-9.bin,485,33554432,428.19,,
0,bench/30gib-9.bin,486,33554432,630.70,,
0,bench/30gib-9.bin,487,33554432,795.44,,
0,bench/30gib-9.bin,488,33554432,573.05,,
0,bench/30gib-9.bin,489,33554432,710.65,,
0,bench/30gib-9.bin,490,33554432,557.21,,
0,bench/30gib-9.bin,491,33554432,602.10,,
0,bench/30gib-9.bin,492,33554432,645.96,,
0,bench/30gib-9.bin,493,33554432,558.14,,
0,bench/30gib-9.bin,494,33554432,555.28,,
0,bench/30gib-9.bin,495,33554432,502.01,,
0,bench/30gib-9.bin,496,33554432,593.60,,
0,bench/30gib-9.bin,497,33554432,656.87,,
0,bench/30gib-9.bin,498,33554432,380.86,,
0,bench/30gib-9.bin,499,33554432,761.83,,
0,bench/30gib-9.bin,500,33554432,564.13,,
0,bench/30gib-9.bin,501,33554432,479.17,,
0,bench/30gib-9.bin,502,33554432,597.38,,
0,bench/30gib-9.bin,503,33554432,508.71,,
0,bench/30gib-9.bin,504,33554432,858.81,,
0,bench/30gib-9.bin,505,33554432,594.36,,
0,bench/30gib-9.bin,506,33554432,483.23,,
0,bench/30gib-9.bin,507,33554432,500.21,,
0,bench/30gib-9.bin,508,33554432,502.57,,
0,bench/30gib-9.bin,509,33554432,532.42,,
0,bench/30gib-9.bin,510,33554432,864.57,,
0,bench/30gib-9.bin,511,33554432,992.66,,
0,bench/30gib-9.bin,512,33554432,718.94,,
0,bench/30gib-9.bin,513,33554432,624.21,,
0,bench/30gib-9.bin,514,33554432,1043.60,,
0,bench/30gib-9.bin,515,33554432,872.39,,
0,bench/30gib-9.bin,516,33554432,602.71,,
0,bench/30gib-9.bin,517,33554432,453.19,,
0,bench/30gib-9.bin,518,33554432,889.25,,
0,bench/30gib-9.bin,519,33554432,471.59,,
0,bench/30gib-9.bin,520,33554432,669.62,,
0,bench/30gib-9.bin,521,33554432,529.83,,
0,bench/30gib-9.bin,522,33554432,675.62,,
0,bench/30gib-9.bin,523,33554432,506.99,,
0,bench/30gib-9.bin,524,33554432,543.01,,
0,bench/30gib-9.bin,525,33554432,1101.05,,
0,bench/30gib-9.bin,526,33554432,964.75,,
0,bench/30gib-9.bin,527,33554432,667.11,,
0,bench/30gib-9.bin,528,33554432,1197.02,,
0,bench/30gib-9.bin,529,33554432,672.93,,
0,bench/30gib-9.bin,530,33554432,1903.53,,
0,bench/30gib-9.bin,531,33554432,549.72,,
0,bench/30gib-9.bin,532,33554432,404.65,,
0,bench/30gib-9.bin,533,33554432,604.27,,
0,bench/30gib-9.bin,534,33554432,662.20,,
0,bench/30gib-9.bin,535,33554432,933.30,,
0,bench/30gib-9.bin,536,33554432,515.39,,
0,bench/30gib-9.bin,537,33554432,640.57,,
0,bench/30gib-9.bin,538,33554432,549.92,,
0,bench/30gib-9.bin,539,33554432,1230.35,,
0,bench/30gib-9.bin,540,33554432,1249.26,,
0,bench/30gib-9.bin,541,33554432,560.26,,
0,bench/30gib-9.bin,542,33554432,1077.78,,
0,bench/30gib-9.bin,543,33554432,586.18,,
0,bench/30gib-9.bin,544,33554432,446.99,,
0,bench/30gib-9.bin,545,33554432,580.75,,
0,bench/30gib-9.bin,546,33554432,928.25,,
0,bench/30gib-9.bin,547,33554432,511.73,,
0,bench/30gib-9.bin,548,33554432,523.27,,
0,bench/30gib-9.bin,549,33554432,570.02,,
0,bench/30gib-9.bin,550,33554432,570.15,,
0,bench/30gib-9.bin,551,33554432,596.56,,
0,bench/30gib-9.bin,552,33554432,430.50,,
0,bench/30gib-9.bin,553,33554432,689.19,,
0,bench/30gib-9.bin,554,33554432,662.48,,
0,bench/30gib-9.bin,555,33554432,670.43,,
0,bench/30gib-9.bin,556,33554432,638.10,,
0,bench/30gib-9.bin,557,33554432,894.38,,
0,bench/30gib-9.bin,558,33554432,590.84,,
0,bench/30gib-9.bin,559,33554432,469.90,,
0,bench/30gib-9.bin,560,33554432,735.52,,
0,bench/30gib-9.bin,561,33554432,717.89,,
0,bench/30gib-9.bin,562,33554432,1016.60,,
0,bench/30gib-9.bin,563,33554432,850.33,,
0,bench/30gib-9.bin,564,33554432,515.12,,
0,bench/30gib-9.bin,565,33554432,533.34,,
0,bench/30gib-9.bin,566,33554432,566.12,,
0,bench/30gib-9.bin,567,33554432,1157.51,,
0,bench/30gib-9.bin,568,33554432,500.42,,
0,bench/30gib-9.bin,569,33554432,592.03,,
0,bench/30gib-9.bin,570,33554432,809.42,,
0,bench/30gib-9.bin,571,33554432,596.08,,
0,bench/30gib-9.bin,572,33554432,556.82,,
0,bench/30gib-9.bin,573,33554432,550.11,,
0,bench/30gib-9.bin,574,33554432,878.63,,
0,bench/30gib-9.bin,575,33554432,627.17,,
0,bench/30gib-9.bin,576,33554432,479.79,,
0,bench/30gib-9.bin,577,33554432,995.19,,
0,bench/30gib-9.bin,578,33554432,618.62,,
0,bench/30gib-9.bin,579,33554432,591.24,,
0,bench/30gib-9.bin,580,33554432,1023.58,,
0,bench/30gib-9.bin,581,33554432,827.83,,
0,bench/30gib-9.bin,582,33554432,481.19,,
0,bench/30gib-9.bin,583,33554432,513.72,,
0,bench/30gib-9.bin,584,33554432,687.60,,
0,bench/30gib-9.bin,585,33554432,482.46,,
0,bench/30gib-9.bin,586,33554432,787.80,,
0,bench/30gib-9.bin,587,33554432,513.80,,
0,bench/30gib-9.bin,588,33554432,419.76,,
0,bench/30gib-9.bin,589,33554432,523.06,,
0,bench/30gib-9.bin,590,33554432,498.89,,
0,bench/30gib-9.bin,591,33554432,401.54,,
0,bench/30gib-9.bin,592,33554432,796.73,,
0,bench/30gib-9.bin,593,33554432,778.08,,
0,bench/30gib-9.bin,594,33554432,534.16,,
0,bench/30gib-9.bin,595,33554432,699.55,,
0,bench/30gib-9.bin,596,33554432,547.47,,
0,bench/30gib-9.bin,597,33554432,441.75,,
0,bench/30gib-9.bin,598,33554432,708.07,,
0,bench/30gib-9.bin,599,33554432,571.55,,
0,bench/30gib-9.bin,600,33554432,651.08,,
0,bench/30gib-9.bin,601,33554432,497.69,,
0,bench/30gib-9.bin,602,33554432,450.15,,
0,bench/30gib-9.bin,603,33554432,574.98,,
0,bench/30gib-9.bin,604,33554432,588.63,,
0,bench/30gib-9.bin,605,33554432,556.10,,
0,bench/30gib-9.bin,606,33554432,970.60,,
0,bench/30gib-9.bin,607,33554432,914.15,,
0,bench/30gib-9.bin,608,33554432,543.41,,
0,bench/30gib-9.bin,609,33554432,543.54,,
0,bench/30gib-9.bin,610,33554432,703.86,,
0,bench/30gib-9.bin,611,33554432,894.88,,
0,bench/30gib-9.bin,612,33554432,732.51,,
0,bench/30gib-9.bin,613,33554432,927.47,,
0,bench/30gib-9.bin,614,33554432,529.65,,
0,bench/30gib-9.bin,615,33554432,968.51,,
0,bench/30gib-9.bin,616,33554432,1197.37,,
0,bench/30gib-9.bin,617,33554432,1077.46,,
0,bench/30gib-9.bin,618,33554432,626.91,,
0,bench/30gib-9.bin,619,33554432,1082.75,,
0,bench/30gib-9.bin,620,33554432,932.37,,
0,bench/30gib-9.bin,621,33554432,731.52,,
0,bench/30gib-9.bin,622,33554432,450.06,,
0,bench/30gib-9.bin,623,33554432,827.61,,
0,bench/30gib-9.bin,624,33554432,619.75,,
0,bench/30gib-9.bin,625,33554432,976.84,,
0,bench/30gib-9.bin,626,33554432,1149.83,,
0,bench/30gib-9.bin,627,33554432,506.42,,
0,bench/30gib-9.bin,628,33554432,992.77,,
0,bench/30gib-9.bin,629,33554432,592.00,,
0,bench/30gib-9.bin,630,33554432,929.88,,
0,bench/30gib-9.bin,631,33554432,844.35,,
0,bench/30gib-9.bin,632,33554432,641.72,,
0,bench/30gib-9.bin,633,33554432,575.89,,
0,bench/30gib-9.bin,634,33554432,385.94,,
0,bench/30gib-9.bin,635,33554432,691.63,,
0,bench/30gib-9.bin,636,33554432,820.49,,
0,bench/30gib-9.bin,637,33554432,1036.66,,
0,bench/30gib-9.bin,638,33554432,844.61,,
0,bench/30gib-9.bin,639,33554432,882.42,,
0,bench/30gib-9.bin,640,33554432,1010.94,,
0,bench/30gib-9.bin,641,33554432,700.10,,
0,bench/30gib-9.bin,642,33554432,453.75,,
0,bench/30gib-9.bin,643,33554432,527.89,,
0,bench/30gib-9.bin,644,33554432,400.21,,
0,bench/30gib-9.bin,645,33554432,820.28,,
0,bench/30gib-9.bin,646,33554432,496.35,,
0,bench/30gib-9.bin,647,33554432,722.83,,
0,bench/30gib-9.bin,648,33554432,886.77,,
0,bench/30gib-9.bin,649,33554432,675.68,,
0,bench/30gib-9.bin,650,33554432,789.57,,
0,bench/30gib-9.bin,651,33554432,692.82,,
0,bench/30gib-9.bin,652,33554432,846.91,,
0,bench/30gib-9.bin,653,33554432,1081.80,,
0,bench/30gib-9.bin,654,33554432,806.63,,
0,bench/30gib-9.bin,655,33554432,1119.52,,
0,bench/30gib-9.bin,656,33554432,984.36,,
0,bench/30gib-9.bin,657,33554432,872.56,,
0,bench/30gib-9.bin,658,33554432,647.66,,
0,bench/30gib-9.bin,659,33554432,539.71,,
0,bench/30gib-9.bin,660,33554432,592.87,,
0,bench/30gib-9.bin,661,33554432,1000.39,,
0,bench/30gib-9.bin,662,33554432,580.89,,
0,bench/30gib-9.bin,663,33554432,535.28,,
0,bench/30gib-9.bin,664,33554432,576.06,,
0,bench/30gib-9.bin,665,33554432,1132.26,,
0,bench/30gib-9.bin,666,33554432,522.61,,
0,bench/30gib-9.bin,667,33554432,587.02,,
0,bench/30gib-9.bin,668,33554432,796.62,,
0,bench/30gib-9.bin,669,33554432,879.58,,
0,bench/30gib-9.bin,670,33554432,703.51,,
0,bench/30gib-9.bin,671,33554432,407.87,,
0,bench/30gib-9.bin,672,33554432,1057.12,,
0,bench/30gib-9.bin,673,33554432,538.05,,
0,bench/30gib-9.bin,674,33554432,1228.23,,
0,bench/30gib-9.bin,675,33554432,508.50,,
0,bench/30gib-9.bin,676,33554432,964.98,,
0,bench/30gib-9.bin,677,33554432,682.70,,
0,bench/30gib-9.bin,678,33554432,765.77,,
0,bench/30gib-9.bin,679,33554432,346.15,,
0,bench/30gib-9.bin,680,33554432,700.21,,
0,bench/30gib-9.bin,681,33554432,811.67,,
0,bench/30gib-9.bin,682,33554432,587.97,,
0,bench/30gib-9.bin,683,33554432,648.51,,
0,bench/30gib-9.bin,684,33554432,989.83,,
0,bench/30gib-9.bin,685,33554432,907.34,,
0,bench/30gib-9.bin,686,33554432,808.97,,
0,bench/30gib-9.bin,687,33554432,434.86,,
0,bench/30gib-9.bin,688,33554432,499.12,,
0,bench/30gib-9.bin,689,33554432,1164.47,,
0,bench/30gib-9.bin,690,33554432,629.64,,
0,bench/30gib-9.bin,691,33554432,674.43,,
0,bench/30gib-9.bin,692,33554432,878.14,,
0,bench/30gib-9.bin,693,33554432,798.07,,
0,bench/30gib-9.bin,694,33554432,620.37,,
0,bench/30gib-9.bin,695,33554432,665.93,,
0,bench/30gib-9.bin,696,33554432,490.44,,
0,bench/30gib-9.bin,697,33554432,528.84,,
0,bench/30gib-9.bin,698,33554432,602.16,,
0,bench/30gib-9.bin,699,33554432,666.89,,
0,bench/30gib-9.bin,700,33554432,1113.69,,
0,bench/30gib-9.bin,701,33554432,590.13,,
0,bench/30gib-9.bin,702,33554432,625.40,,
0,bench/30gib-9.bin,703,33554432,553.43,,
0,bench/30gib-9.bin,704,33554432,731.77,,
0,bench/30gib-9.bin,705,33554432,645.96,,
0,bench/30gib-9.bin,706,33554432,1009.65,,
0,bench/30gib-9.bin,707,33554432,584.89,,
0,bench/30gib-9.bin,708,33554432,489.22,,
0,bench/30gib-9.bin,709,33554432,1028.41,,
0,bench/30gib-9.bin,710,33554432,915.50,,
0,bench/30gib-9.bin,711,33554432,1230.89,,
0,bench/30gib-9.bin,712,33554432,1059.62,,
0,bench/30gib-9.bin,713,33554432,1231.76,,
0,bench/30gib-9.bin,714,33554432,925.05,,
0,bench/30gib-9.bin,715,33554432,623.71,,
0,bench/30gib-9.bin,716,33554432,669.82,,
0,bench/30gib-9.bin,717,33554432,1010.89,,
0,bench/30gib-9.bin,718,33554432,985.53,,
0,bench/30gib-9.bin,719,33554432,666.77,,
0,bench/30gib-9.bin,720,33554432,589.21,,
0,bench/30gib-9.bin,721,33554432,971.92,,
0,bench/30gib-9.bin,722,33554432,547.12,,
0,bench/30gib-9.bin,723,33554432,494.55,,
0,bench/30gib-9.bin,724,33554432,633.58,,
0,bench/30gib-9.bin,725,33554432,758.81,,
0,bench/30gib-9.bin,726,33554432,610.12,,
0,bench/30gib-9.bin,727,33554432,1129.67,,
0,bench/30gib-9.bin,728,33554432,460.78,,
0,bench/30gib-9.bin,729,33554432,489.64,,
0,bench/30gib-9.bin,730,33554432,974.17,,
0,bench/30gib-9.bin,731,33554432,474.90,,
0,bench/30gib-9.bin,732,33554432,1099.35,,
0,bench/30gib-9.bin,733,33554432,2217.50,,
0,bench/30gib-9.bin,734,33554432,1255.34,,
0,bench/30gib-9.bin,735,33554432,486.02,,
0,bench/30gib-9.bin,736,33554432,993.46,,
0,bench/30gib-9.bin,737,33554432,965.12,,
0,bench/30gib-9.bin,738,33554432,865.47,,
0,bench/30gib-9.bin,739,33554432,491.09,,
0,bench/30gib-9.bin,740,33554432,609.38,,
0,bench/30gib-9.bin,741,33554432,599.61,,
0,bench/30gib-9.bin,742,33554432,574.93,,
0,bench/30gib-9.bin,743,33554432,485.83,,
0,bench/30gib-9.bin,744,33554432,1393.35,,
0,bench/30gib-9.bin,745,33554432,946.38,,
0,bench/30gib-9.bin,746,33554432,546.70,,
0,bench/30gib-9.bin,747,33554432,1144.25,,
0,bench/30gib-9.bin,748,33554432,1283.47,,
0,bench/30gib-9.bin,749,33554432,1125.99,,
0,bench/30gib-9.bin,750,33554432,718.77,,
0,bench/30gib-9.bin,751,33554432,693.58,,
0,bench/30gib-9.bin,752,33554432,863.36,,
0,bench/30gib-9.bin,753,33554432,850.09,,
0,bench/30gib-9.bin,754,33554432,779.17,,
0,bench/30gib-9.bin,755,33554432,479.69,,
0,bench/30gib-9.bin,756,33554432,486.49,,
0,bench/30gib-9.bin,757,33554432,578.51,,
0,bench/30gib-9.bin,758,33554432,592.57,,
0,bench/30gib-9.bin,759,33554432,582.58,,
0,bench/30gib-9.bin,760,33554432,725.26,,
0,bench/30gib-9.bin,761,33554432,448.43,,
0,bench/30gib-9.bin,762,33554432,647.94,,
0,bench/30gib-9.bin,763,33554432,373.79,,
0,bench/30gib-9.bin,764,33554432,767.60,,
0,bench/30gib-9.bin,765,33554432,1075.48,,
0,bench/30gib-9.bin,766,33554432,758.48,,
0,bench/30gib-9.bin,767,33554432,438.79,,
0,bench/30gib-9.bin,768,33554432,679.25,,
0,bench/30gib-9.bin,769,33554432,552.05,,
0,bench/30gib-9.bin,770,33554432,602.65,,
0,bench/30gib-9.bin,771,33554432,767.76,,
0,bench/30gib-9.bin,772,33554432,598.72,,
0,bench/30gib-9.bin,773,33554432,511.58,,
0,bench/30gib-9.bin,774,33554432,674.26,,
0,bench/30gib-9.bin,775,33554432,537.45,,
0,bench/30gib-9.bin,776,33554432,498.09,,
0,bench/30gib-9.bin,777,33554432,634.45,,
0,bench/30gib-9.bin,778,33554432,733.17,,
0,bench/30gib-9.bin,779,33554432,631.66,,
0,bench/30gib-9.bin,780,33554432,896.75,,
0,bench/30gib-9.bin,781,33554432,798.91,,
0,bench/30gib-9.bin,782,33554432,521.46,,
0,bench/30gib-9.bin,783,33554432,857.07,,
0,bench/30gib-9.bin,784,33554432,608.57,,
0,bench/30gib-9.bin,785,33554432,617.71,,
0,bench/30gib-9.bin,786,33554432,580.98,,
0,bench/30gib-9.bin,787,33554432,782.31,,
0,bench/30gib-9.bin,788,33554432,493.29,,
0,bench/30gib-9.bin,789,33554432,565.14,,
0,bench/30gib-9.bin,790,33554432,1000.96,,
0,bench/30gib-9.bin,791,33554432,797.39,,
0,bench/30gib-9.bin,792,33554432,519.62,,
0,bench/30gib-9.bin,793,33554432,1255.16,,
0,bench/30gib-9.bin,794,33554432,566.93,,
0,bench/30gib-9.bin,795,33554432,678.22,,
0,bench/30gib-9.bin,796,33554432,450.24,,
0,bench/30gib-9.bin,797,33554432,524.08,,
0,bench/30gib-9.bin,798,33554432,609.60,,
0,bench/30gib-9.bin,799,33554432,665.51,,
0,bench/30gib-9.bin,800,33554432,774.92,,
0,bench/30gib-9.bin,801,33554432,806.86,,
0,bench/30gib-9.bin,802,33554432,391.67,,
0,bench/30gib-9.bin,803,33554432,780.67,,
0,bench/30gib-9.bin,804,33554432,602.16,,
0,bench/30gib-9.bin,805,33554432,870.13,,
0,bench/30gib-9.bin,806,33554432,741.77,,
0,bench/30gib-9.bin,807,33554432,797.68,,
0,bench/30gib-9.bin,808,33554432,411.78,,
0,bench/30gib-9.bin,809,33554432,472.15,,
0,bench/30gib-9.bin,810,33554432,575.44,,
0,bench/30gib-9.bin,811,33554432,908.08,,
0,bench/30gib-9.bin,812,33554432,870.41,,
0,bench/30gib-9.bin,813,33554432,498.02,,
0,bench/30gib-9.bin,814,33554432,830.57,,
0,bench/30gib-9.bin,815,33554432,482.99,,
0,bench/30gib-9.bin,816,33554432,814.47,,
0,bench/30gib-9.bin,817,33554432,665.03,,
0,bench/30gib-9.bin,818,33554432,775.58,,
0,bench/30gib-9.bin,819,33554432,870.76,,
0,bench/30gib-9.bin,820,33554432,549.86,,
0,bench/30gib-9.bin,821,33554432,558.16,,
0,bench/30gib-9.bin,822,33554432,540.65,,
0,bench/30gib-9.bin,823,33554432,698.76,,
0,bench/30gib-9.bin,824,33554432,558.69,,
0,bench/30gib-9.bin,825,33554432,684.87,,
0,bench/30gib-9.bin,826,33554432,794.06,,
0,bench/30gib-9.bin,827,33554432,712.65,,
0,bench/30gib-9.bin,828,33554432,789.33,,
0,bench/30gib-9.bin,829,33554432,903.46,,
0,bench/30gib-9.bin,830,33554432,642.89,,
0,bench/30gib-9.bin,831,33554432,734.06,,
0,bench/30gib-9.bin,832,33554432,684.44,,
0,bench/30gib-9.bin,833,33554432,868.02,,
0,bench/30gib-9.bin,834,33554432,915.67,,
0,bench/30gib-9.bin,835,33554432,427.91,,
0,bench/30gib-9.bin,836,33554432,588.08,,
0,bench/30gib-9.bin,837,33554432,487.49,,
0,bench/30gib-9.bin,838,33554432,766.43,,
0,bench/30gib-9.bin,839,33554432,449.03,,
0,bench/30gib-9.bin,840,33554432,664.08,,
0,bench/30gib-9.bin,841,33554432,674.25,,
0,bench/30gib-9.bin,842,33554432,829.12,,
0,bench/30gib-9.bin,843,33554432,810.98,,
0,bench/30gib-9.bin,844,33554432,576.70,,
0,bench/30gib-9.bin,845,33554432,582.74,,
0,bench/30gib-9.bin,846,33554432,1190.27,,
0,bench/30gib-9.bin,847,33554432,546.24,,
0,bench/30gib-9.bin,848,33554432,1036.11,,
0,bench/30gib-9.bin,849,33554432,777.92,,
0,bench/30gib-9.bin,850,33554432,942.15,,
0,bench/30gib-9.bin,851,33554432,891.20,,
0,bench/30gib-9.bin,852,33554432,759.39,,
0,bench/30gib-9.bin,853,33554432,1237.53,,
0,bench/30gib-9.bin,854,33554432,680.65,,
0,bench/30gib-9.bin,855,33554432,751.75,,
0,bench/30gib-9.bin,856,33554432,619.16,,
0,bench/30gib-9.bin,857,33554432,548.76,,
0,bench/30gib-9.bin,858,33554432,648.39,,
0,bench/30gib-9.bin,859,33554432,484.25,,
0,bench/30gib-9.bin,860,33554432,680.63,,
0,bench/30gib-9.bin,861,33554432,531.38,,
0,bench/30gib-9.bin,862,33554432,626.79,,
0,bench/30gib-9.bin,863,33554432,767.02,,
0,bench/30gib-9.bin,864,33554432,664.53,,
0,bench/30gib-9.bin,865,33554432,1045.67,,
0,bench/30gib-9.bin,866,33554432,486.27,,
0,bench/30gib-9.bin,867,33554432,649.24,,
0,bench/30gib-9.bin,868,33554432,1170.73,,
0,bench/30gib-9.bin,869,33554432,933.57,,
0,bench/30gib-9.bin,870,33554432,744.08,,
0,bench/30gib-9.bin,871,33554432,592.68,,
0,bench/30gib-9.bin,872,33554432,918.04,,
0,bench/30gib-9.bin,873,33554432,770.11,,
0,bench/30gib-9.bin,874,33554432,1208.90,,
0,bench/30gib-9.bin,875,33554432,374.59,,
0,bench/30gib-9.bin,876,33554432,634.69,,
0,bench/30gib-9.bin,877,33554432,504.82,,
0,bench/30gib-9.bin,878,33554432,693.08,,
0,bench/30gib-9.bin,879,33554432,711.87,,
0,bench/30gib-9.bin,880,33554432,439.91,,
0,bench/30gib-9.bin,881,33554432,506.10,,
0,bench/30gib-9.bin,882,33554432,1164.07,,
0,bench/30gib-9.bin,883,33554432,594.69,,
0,bench/30gib-9.bin,884,33554432,1184.88,,
0,bench/30gib-9.bin,885,33554432,757.01,,
0,bench/30gib-9.bin,886,33554432,682.34,,
0,bench/30gib-9.bin,887,33554432,505.69,,
0,bench/30gib-9.bin,888,33554432,748.43,,
0,bench/30gib-9.bin,889,33554432,570.69,,
0,bench/30gib-9.bin,890,33554432,564.92,,
0,bench/30gib-9.bin,891,33554432,908.50,,
0,bench/30gib-9.bin,892,33554432,561.93,,
0,bench/30gib-9.bin,893,33554432,1243.22,,
0,bench/30gib-9.bin,894,33554432,561.96,,
0,bench/30gib-9.bin,895,33554432,950.72,,
0,bench/30gib-9.bin,896,33554432,836.59,,
0,bench/30gib-9.bin,897,33554432,550.39,,
0,bench/30gib-9.bin,898,33554432,833.56,,
0,bench/30gib-9.bin,899,33554432,690.29,,
0,bench/30gib-9.bin,900,33554432,794.11,,
0,bench/30gib-9.bin,901,33554432,574.33,,
0,bench/30gib-9.bin,902,33554432,698.72,,
0,bench/30gib-9.bin,903,33554432,617.30,,
0,bench/30gib-9.bin,904,33554432,685.82,,
0,bench/30gib-9.bin,905,33554432,479.08,,
0,bench/30gib-9.bin,906,33554432,996.26,,
0,bench/30gib-9.bin,907,33554432,595.41,,
0,bench/30gib-9.bin,908,33554432,939.27,,
0,bench/30gib-9.bin,909,33554432,967.27,,
0,bench/30gib-9.bin,910,33554432,947.04,,
0,bench/30gib-9.bin,911,33554432,979.07,,
0,bench/30gib-9.bin,912,33554432,736.93,,
0,bench/30gib-9.bin,913,33554432,668.19,,
0,bench/30gib-9.bin,914,33554432,562.45,,
0,bench/30gib-9.bin,915,33554432,766.19,,
0,bench/30gib-9.bin,916,33554432,502.35,,
0,bench/30gib-9.bin,917,33554432,576.12,,
0,bench/30gib-9.bin,918,33554432,702.91,,
0,bench/30gib-9.bin,919,33554432,680.98,,
0,bench/30gib-9.bin,920,33554432,774.00,,
0,bench/30gib-9.bin,921,33554432,814.59,,
0,bench/30gib-9.bin,922,33554432,690.93,,
0,bench/30gib-9.bin,923,33554432,596.95,,
0,bench/30gib-9.bin,924,33554432,709.61,,
0,bench/30gib-9.bin,925,33554432,827.28,,
0,bench/30gib-9.bin,926,33554432,545.53,,
0,bench/30gib-9.bin,927,33554432,674.81,,
0,bench/30gib-9.bin,928,33554432,601.37,,
0,bench/30gib-9.bin,929,33554432,534.85,,
0,bench/30gib-9.bin,930,33554432,980.59,,
0,bench/30gib-9.bin,931,33554432,681.37,,
0,bench/30gib-9.bin,932,33554432,748.50,,
0,bench/30gib-9.bin,933,33554432,959.54,,
0,bench/30gib-9.bin,934,33554432,735.74,,
0,bench/30gib-9.bin,935,33554432,609.45,,
0,bench/30gib-9.bin,936,33554432,508.93,,
0,bench/30gib-9.bin,937,33554432,647.94,,
0,bench/30gib-9.bin,938,33554432,564.22,,
0,bench/30gib-9.bin,939,33554432,1007.89,,
0,bench/30gib-9.bin,940,33554432,1030.73,,
0,bench/30gib-9.bin,941,33554432,837.83,,
0,bench/30gib-9.bin,942,33554432,610.65,,
0,bench/30gib-9.bin,943,33554432,664.50,,
0,bench/30gib-9.bin,944,33554432,508.63,,
0,bench/30gib-9.bin,945,33554432,592.76,,
0,bench/30gib-9.bin,946,33554432,680.62,,
0,bench/30gib-9.bin,947,33554432,752.58,,
0,bench/30gib-9.bin,948,33554432,630.94,,
0,bench/30gib-9.bin,949,33554432,700.25,,
0,bench/30gib-9.bin,950,33554432,679.33,,
0,bench/30gib-9.bin,951,33554432,574.26,,
0,bench/30gib-9.bin,952,33554432,463.27,,
0,bench/30gib-9.bin,953,33554432,467.16,,
0,bench/30gib-9.bin,954,33554432,581.83,,
0,bench/30gib-9.bin,955,33554432,502.85,,
0,bench/30gib-9.bin,956,33554432,568.53,,
0,bench/30gib-9.bin,957,33554432,587.24,,
0,bench/30gib-9.bin,958,33554432,578.65,,
0,bench/30gib-9.bin,959,33554432,447.75,,
0,bench/30gib-9.bin,960,33554432,464.26,,
