iter,key,part_number,bytes,download_ms,vip,conn_id
0,bench/30gib-0.bin,1,33554432,1620.95,,
0,bench/30gib-0.bin,2,33554432,1092.04,,
0,bench/30gib-0.bin,3,33554432,1024.18,,
0,bench/30gib-0.bin,4,33554432,1623.66,,
0,bench/30gib-0.bin,5,33554432,1992.78,,
0,bench/30gib-0.bin,6,33554432,1724.47,,
0,bench/30gib-0.bin,7,33554432,1485.63,,
0,bench/30gib-0.bin,8,33554432,1441.00,,
0,bench/30gib-0.bin,9,33554432,1568.12,,
0,bench/30gib-0.bin,10,33554432,1830.19,,
0,bench/30gib-0.bin,11,33554432,1237.18,,
0,bench/30gib-0.bin,12,33554432,1282.83,,
0,bench/30gib-0.bin,13,33554432,900.54,,
0,bench/30gib-0.bin,14,33554432,1377.50,,
0,bench/30gib-0.bin,15,33554432,1819.31,,
0,bench/30gib-0.bin,16,33554432,2318.74,,
0,bench/30gib-0.bin,17,33554432,600.04,,
0,bench/30gib-0.bin,18,33554432,1201.89,,
0,bench/30gib-0.bin,19,33554432,1175.61,,
0,bench/30gib-0.bin,20,33554432,1633.83,,
0,bench/30gib-0.bin,21,33554432,1582.38,,
0,bench/30gib-0.bin,22,33554432,1816.96,,
0,bench/30gib-0.bin,23,33554432,986.33,,
0,bench/30gib-0.bin,24,33554432,2033.25,,
0,bench/30gib-0.bin,25,33554432,1612.86,,
0,bench/30gib-0.bin,26,33554432,682.32,,
0,bench/30gib-0.bin,27,33554432,1288.19,,
0,bench/30gib-0.bin,28,33554432,827.54,,
0,bench/30gib-0.bin,29,33554432,877.01,,
0,bench/30gib-0.bin,30,33554432,998.98,,
0,bench/30gib-0.bin,31,33554432,707.95,,
0,bench/30gib-0.bin,32,33554432,914.40,,
0,bench/30gib-0.bin,33,33554432,788.83,,
0,bench/30gib-0.bin,34,33554432,717.67,,
0,bench/30gib-0.bin,35,33554432,847.64,,
0,bench/30gib-0.bin,36,33554432,505.11,,
0,bench/30gib-0.bin,37,33554432,879.45,,
0,bench/30gib-0.bin,38,33554432,477.54,,
0,bench/30gib-0.bin,39,33554432,592.37,,
0,bench/30gib-0.bin,40,33554432,946.59,,
0,bench/30gib-0.bin,41,33554432,585.60,,
0,bench/30gib-0.bin,42,33554432,570.21,,
0,bench/30gib-0.bin,43,33554432,584.69,,
0,bench/30gib-0.bin,44,33554432,516.79,,
0,bench/30gib-0.bin,45,33554432,651.95,,
0,bench/30gib-0.bin,46,33554432,602.28,,
0,bench/30gib-0.bin,47,33554432,633.48,,
0,bench/30gib-0.bin,48,33554432,530.72,,
0,bench/30gib-0.bin,49,33554432,468.84,,
0,bench/30gib-0.bin,50,33554432,748.41,,
0,bench/30gib-0.bin,51,33554432,472.41,,
0,bench/30gib-0.bin,52,33554432,448.80,,
0,bench/30gib-0.bin,53,33554432,563.43,,
0,bench/30gib-0.bin,54,33554432,416.07,,
0,bench/30gib-0.bin,55,33554432,562.51,,
0,bench/30gib-0.bin,56,33554432,557.75,,
0,bench/30gib-0.bin,57,33554432,448.40,,
0,bench/30gib-0.bin,58,33554432,466.41,,
0,bench/30gib-0.bin,59,33554432,697.00,,
0,bench/30gib-0.bin,60,33554432,424.44,,
0,bench/30gib-0.bin,61,33554432,520.92,,
0,bench/30gib-0.bin,62,33554432,539.97,,
0,bench/30gib-0.bin,63,33554432,463.24,,
0,bench/30gib-0.bin,64,33554432,704.19,,
0,bench/30gib-0.bin,65,33554432,527.25,,
0,bench/30gib-0.bin,66,33554432,602.97,,
0,bench/30gib-0.bin,67,33554432,400.75,,
0,bench/30gib-0.bin,68,33554432,375.39,,
0,bench/30gib-0.bin,69,33554432,357.10,,
0,bench/30gib-0.bin,70,33554432,467.35,,
0,bench/30gib-0.bin,71,33554432,347.95,,
0,bench/30gib-0.bin,72,33554432,440.69,,
0,bench/30gib-0.bin,73,33554432,351.96,,
0,bench/30gib-0.bin,74,33554432,491.69,,
0,bench/30gib-0.bin,75,33554432,453.46,,
0,bench/30gib-0.bin,76,33554432,350.26,,
0,bench/30gib-0.bin,77,33554432,467.21,,
0,bench/30gib-0.bin,78,33554432,460.83,,
0,bench/30gib-0.bin,79,33554432,554.85,,
0,bench/30gib-0.bin,80,33554432,353.52,,
0,bench/30gib-0.bin,81,33554432,586.17,,
0,bench/30gib-0.bin,82,33554432,443.91,,
0,bench/30gib-0.bin,83,33554432,587.77,,
0,bench/30gib-0.bin,84,33554432,343.14,,
0,bench/30gib-0.bin,85,33554432,471.05,,
0,bench/30gib-0.bin,86,33554432,451.33,,
0,bench/30gib-0.bin,87,33554432,546.25,,
0,bench/30gib-0.bin,88,33554432,462.39,,
0,bench/30gib-0.bin,89,33554432,520.10,,
0,bench/30gib-0.bin,90,33554432,351.95,,
0,bench/30gib-0.bin,91,33554432,360.69,,
0,bench/30gib-0.bin,92,33554432,346.44,,
0,bench/30gib-0.bin,93,33554432,375.69,,
0,bench/30gib-0.bin,94,33554432,384.25,,
0,bench/30gib-0.bin,95,33554432,413.19,,
0,bench/30gib-0.bin,96,33554432,478.14,,
0,bench/30gib-0.bin,97,33554432,502.63,,
0,bench/30gib-0.bin,98,33554432,407.40,,
0,bench/30gib-0.bin,99,33554432,456.80,,
0,bench/30gib-0.bin,100,33554432,460.36,,
0,bench/30gib-0.bin,101,33554432,361.49,,
0,bench/30gib-0.bin,102,33554432,375.53,,
0,bench/30gib-0.bin,103,33554432,447.70,,
0,bench/30gib-0.bin,104,33554432,504.71,,
0,bench/30gib-0.bin,105,33554432,458.74,,
0,bench/30gib-0.bin,106,33554432,341.23,,
0,bench/30gib-0.bin,107,33554432,368.99,,
0,bench/30gib-0.bin,108,33554432,391.81,,
0,bench/30gib-0.bin,109,33554432,380.93,,
0,bench/30gib-0.bin,110,33554432,367.49,,
0,bench/30gib-0.bin,111,33554432,458.60,,
0,bench/30gib-0.bin,112,33554432,497.51,,
0,bench/30gib-0.bin,113,33554432,340.28,,
0,bench/30gib-0.bin,114,33554432,378.52,,
0,bench/30gib-0.bin,115,33554432,419.14,,
0,bench/30gib-0.bin,116,33554432,444.65,,
0,bench/30gib-0.bin,117,33554432,411.04,,
0,bench/30gib-0.bin,118,33554432,372.21,,
0,bench/30gib-0.bin,119,33554432,483.03,,
0,bench/30gib-0.bin,120,33554432,558.10,,
0,bench/30gib-0.bin,121,33554432,391.28,,
0,bench/30gib-0.bin,122,33554432,345.07,,
0,bench/30gib-0.bin,123,33554432,457.90,,
0,bench/30gib-0.bin,124,33554432,351.29,,
0,bench/30gib-0.bin,125,33554432,348.02,,
0,bench/30gib-0.bin,126,33554432,375.55,,
0,bench/30gib-0.bin,127,33554432,418.15,,
0,bench/30gib-0.bin,128,33554432,350.05,,
0,bench/30gib-0.bin,129,33554432,342.14,,
0,bench/30gib-0.bin,130,33554432,475.01,,
0,bench/30gib-0.bin,131,33554432,342.74,,
0,bench/30gib-0.bin,132,33554432,590.20,,
0,bench/30gib-0.bin,133,33554432,345.93,,
0,bench/30gib-0.bin,134,33554432,526.39,,
0,bench/30gib-0.bin,135,33554432,433.56,,
0,bench/30gib-0.bin,136,33554432,341.02,,
0,bench/30gib-0.bin,137,33554432,553.70,,
0,bench/30gib-0.bin,138,33554432,400.16,,
0,bench/30gib-0.bin,139,33554432,340.95,,
0,bench/30gib-0.bin,140,33554432,464.71,,
0,bench/30gib-0.bin,141,33554432,437.81,,
0,bench/30gib-0.bin,142,33554432,1016.23,,
0,bench/30gib-0.bin,143,33554432,422.14,,
0,bench/30gib-0.bin,144,33554432,343.96,,
0,bench/30gib-0.bin,145,33554432,358.28,,
0,bench/30gib-0.bin,146,33554432,495.78,,
0,bench/30gib-0.bin,147,33554432,399.28,,
0,bench/30gib-0.bin,148,33554432,476.17,,
0,bench/30gib-0.bin,149,33554432,459.85,,
0,bench/30gib-0.bin,150,33554432,435.54,,
0,bench/30gib-0.bin,151,33554432,341.79,,
0,bench/30gib-0.bin,152,33554432,436.58,,
0,bench/30gib-0.bin,153,33554432,380.98,,
0,bench/30gib-0.bin,154,33554432,420.87,,
0,bench/30gib-0.bin,155,33554432,446.10,,
0,bench/30gib-0.bin,156,33554432,437.68,,
0,bench/30gib-0.bin,157,33554432,506.10,,
0,bench/30gib-0.bin,158,33554432,349.87,,
0,bench/30gib-0.bin,159,33554432,405.31,,
0,bench/30gib-0.bin,160,33554432,345.74,,
0,bench/30gib-0.bin,161,33554432,368.61,,
0,bench/30gib-0.bin,162,33554432,368.34,,
0,bench/30gib-0.bin,163,33554432,435.25,,
0,bench/30gib-0.bin,164,33554432,359.91,,
0,bench/30gib-0.bin,165,33554432,412.82,,
0,bench/30gib-0.bin,166,33554432,435.37,,
0,bench/30gib-0.bin,167,33554432,345.74,,
0,bench/30gib-0.bin,168,33554432,352.31,,
0,bench/30gib-0.bin,169,33554432,456.91,,
0,bench/30gib-0.bin,170,33554432,357.49,,
0,bench/30gib-0.bin,171,33554432,650.84,,
0,bench/30gib-0.bin,172,33554432,486.63,,
0,bench/30gib-0.bin,173,33554432,471.97,,
0,bench/30gib-0.bin,174,33554432,448.56,,
0,bench/30gib-0.bin,175,33554432,540.27,,
0,bench/30gib-0.bin,176,33554432,478.26,,
0,bench/30gib-0.bin,177,33554432,449.80,,
0,bench/30gib-0.bin,178,33554432,341.41,,
0,bench/30gib-0.bin,179,33554432,529.26,,
0,bench/30gib-0.bin,180,33554432,346.92,,
0,bench/30gib-0.bin,181,33554432,424.28,,
0,bench/30gib-0.bin,182,33554432,378.20,,
0,bench/30gib-0.bin,183,33554432,386.47,,
0,bench/30gib-0.bin,184,33554432,360.66,,
0,bench/30gib-0.bin,185,33554432,340.30,,
0,bench/30gib-0.bin,186,33554432,499.51,,
0,bench/30gib-0.bin,187,33554432,368.66,,
0,bench/30gib-0.bin,188,33554432,462.12,,
0,bench/30gib-0.bin,189,33554432,475.51,,
0,bench/30gib-0.bin,190,33554432,366.52,,
0,bench/30gib-0.bin,191,33554432,466.46,,
0,bench/30gib-0.bin,192,33554432,340.42,,
0,bench/30gib-0.bin,193,33554432,359.16,,
0,bench/30gib-0.bin,194,33554432,448.74,,
0,bench/30gib-0.bin,195,33554432,408.63,,
0,bench/30gib-0.bin,196,33554432,480.02,,
0,bench/30gib-0.bin,197,33554432,358.05,,
0,bench/30gib-0.bin,198,33554432,553.34,,
0,bench/30gib-0.bin,199,33554432,366.20,,
0,bench/30gib-0.bin,200,33554432,399.63,,
0,bench/30gib-0.bin,201,33554432,366.45,,
0,bench/30gib-0.bin,202,33554432,348.51,,
0,bench/30gib-0.bin,203,33554432,564.19,,
0,bench/30gib-0.bin,204,33554432,429.37,,
0,bench/30gib-0.bin,205,33554432,487.02,,
0,bench/30gib-0.bin,206,33554432,379.97,,
0,bench/30gib-0.bin,207,33554432,341.62,,
0,bench/30gib-0.bin,208,33554432,378.22,,
0,bench/30gib-0.bin,209,33554432,481.63,,
0,bench/30gib-0.bin,210,33554432,367.01,,
0,bench/30gib-0.bin,211,33554432,388.92,,
0,bench/30gib-0.bin,212,33554432,339.20,,
0,bench/30gib-0.bin,213,33554432,340.83,,
0,bench/30gib-0.bin,214,33554432,379.21,,
0,bench/30gib-0.bin,215,33554432,392.27,,
0,bench/30gib-0.bin,216,33554432,341.61,,
0,bench/30gib-0.bin,217,33554432,406.03,,
0,bench/30gib-0.bin,218,33554432,342.00,,
0,bench/30gib-0.bin,219,33554432,470.12,,
0,bench/30gib-0.bin,220,33554432,531.84,,
0,bench/30gib-0.bin,221,33554432,467.80,,
0,bench/30gib-0.bin,222,33554432,347.86,,
0,bench/30gib-0.bin,223,33554432,416.60,,
0,bench/30gib-0.bin,224,33554432,469.24,,
0,bench/30gib-0.bin,225,33554432,468.33,,
0,bench/30gib-0.bin,226,33554432,399.14,,
0,bench/30gib-0.bin,227,33554432,500.04,,
0,bench/30gib-0.bin,228,33554432,467.99,,
0,bench/30gib-0.bin,229,33554432,385.16,,
0,bench/30gib-0.bin,230,33554432,370.92,,
0,bench/30gib-0.bin,231,33554432,452.27,,
0,bench/30gib-0.bin,232,33554432,386.87,,
0,bench/30gib-0.bin,233,33554432,366.55,,
0,bench/30gib-0.bin,234,33554432,346.71,,
0,bench/30gib-0.bin,235,33554432,386.39,,
0,bench/30gib-0.bin,236,33554432,379.89,,
0,bench/30gib-0.bin,237,33554432,411.67,,
0,bench/30gib-0.bin,238,33554432,353.37,,
0,bench/30gib-0.bin,239,33554432,578.87,,
0,bench/30gib-0.bin,240,33554432,355.25,,
0,bench/30gib-0.bin,241,33554432,476.04,,
0,bench/30gib-0.bin,242,33554432,410.46,,
0,bench/30gib-0.bin,243,33554432,408.84,,
0,bench/30gib-0.bin,244,33554432,349.87,,
0,bench/30gib-0.bin,245,33554432,355.79,,
0,bench/30gib-0.bin,246,33554432,362.11,,
0,bench/30gib-0.bin,247,33554432,449.66,,
0,bench/30gib-0.bin,248,33554432,380.12,,
0,bench/30gib-0.bin,249,33554432,532.96,,
0,bench/30gib-0.bin,250,33554432,434.64,,
0,bench/30gib-0.bin,251,33554432,373.50,,
0,bench/30gib-0.bin,252,33554432,397.64,,
0,bench/30gib-0.bin,253,33554432,541.50,,
0,bench/30gib-0.bin,254,33554432,370.63,,
0,bench/30gib-0.bin,255,33554432,441.47,,
0,bench/30gib-0.bin,256,33554432,436.33,,
0,bench/30gib-0.bin,257,33554432,349.85,,
0,bench/30gib-0.bin,258,33554432,439.65,,
0,bench/30gib-0.bin,259,33554432,344.43,,
0,bench/30gib-0.bin,260,33554432,342.95,,
0,bench/30gib-0.bin,261,33554432,344.08,,
0,bench/30gib-0.bin,262,33554432,427.85,,
0,bench/30gib-0.bin,263,33554432,382.22,,
0,bench/30gib-0.bin,264,33554432,477.02,,
0,bench/30gib-0.bin,265,33554432,363.59,,
0,bench/30gib-0.bin,266,33554432,542.04,,
0,bench/30gib-0.bin,267,33554432,417.19,,
0,bench/30gib-0.bin,268,33554432,345.65,,
0,bench/30gib-0.bin,269,33554432,453.92,,
0,bench/30gib-0.bin,270,33554432,403.15,,
0,bench/30gib-0.bin,271,33554432,351.84,,
0,bench/30gib-0.bin,272,33554432,471.18,,
0,bench/30gib-0.bin,273,33554432,427.20,,
0,bench/30gib-0.bin,274,33554432,495.10,,
0,bench/30gib-0.bin,275,33554432,379.86,,
0,bench/30gib-0.bin,276,33554432,396.29,,
0,bench/30gib-0.bin,277,33554432,378.92,,
0,bench/30gib-0.bin,278,33554432,345.12,,
0,bench/30gib-0.bin,279,33554432,343.07,,
0,bench/30gib-0.bin,280,33554432,485.60,,
0,bench/30gib-0.bin,281,33554432,346.01,,
0,bench/30gib-0.bin,282,33554432,384.09,,
0,bench/30gib-0.bin,283,33554432,375.49,,
0,bench/30gib-0.bin,284,33554432,415.38,,
0,bench/30gib-0.bin,285,33554432,379.08,,
0,bench/30gib-0.bin,286,33554432,446.97,,
0,bench/30gib-0.bin,287,33554432,409.46,,
0,bench/30gib-0.bin,288,33554432,346.73,,
0,bench/30gib-0.bin,289,33554432,529.02,,
0,bench/30gib-0.bin,290,33554432,350.80,,
0,bench/30gib-0.bin,291,33554432,419.41,,
0,bench/30gib-0.bin,292,33554432,489.02,,
0,bench/30gib-0.bin,293,33554432,480.96,,
0,bench/30gib-0.bin,294,33554432,350.14,,
0,bench/30gib-0.bin,295,33554432,412.89,,
0,bench/30gib-0.bin,296,33554432,419.72,,
0,bench/30gib-0.bin,297,33554432,341.46,,
0,bench/30gib-0.bin,298,33554432,348.95,,
0,bench/30gib-0.bin,299,33554432,506.15,,
0,bench/30gib-0.bin,300,33554432,360.27,,
0,bench/30gib-0.bin,301,33554432,341.18,,
0,bench/30gib-0.bin,302,33554432,355.50,,
0,bench/30gib-0.bin,303,33554432,421.38,,
0,bench/30gib-0.bin,304,33554432,375.78,,
0,bench/30gib-0.bin,305,33554432,341.10,,
0,bench/30gib-0.bin,306,33554432,475.74,,
0,bench/30gib-0.bin,307,33554432,382.55,,
0,bench/30gib-0.bin,308,33554432,375.76,,
0,bench/30gib-0.bin,309,33554432,342.06,,
0,bench/30gib-0.bin,310,33554432,387.92,,
0,bench/30gib-0.bin,311,33554432,344.95,,
0,bench/30gib-0.bin,312,33554432,420.47,,
0,bench/30gib-0.bin,313,33554432,353.07,,
0,bench/30gib-0.bin,314,33554432,466.12,,
0,bench/30gib-0.bin,315,33554432,556.03,,
0,bench/30gib-0.bin,316,33554432,451.69,,
0,bench/30gib-0.bin,317,33554432,341.15,,
0,bench/30gib-0.bin,318,33554432,364.80,,
0,bench/30gib-0.bin,319,33554432,340.99,,
0,bench/30gib-0.bin,320,33554432,409.68,,
0,bench/30gib-0.bin,321,33554432,464.03,,
0,bench/30gib-0.bin,322,33554432,343.80,,
0,bench/30gib-0.bin,323,33554432,616.97,,
0,bench/30gib-0.bin,324,33554432,387.34,,
0,bench/30gib-0.bin,325,33554432,617.37,,
0,bench/30gib-0.bin,326,33554432,421.39,,
0,bench/30gib-0.bin,327,33554432,347.22,,
0,bench/30gib-0.bin,328,33554432,467.21,,
0,bench/30gib-0.bin,329,33554432,342.71,,
0,bench/30gib-0.bin,330,33554432,524.94,,
0,bench/30gib-0.bin,331,33554432,341.53,,
0,bench/30gib-0.bin,332,33554432,353.19,,
0,bench/30gib-0.bin,333,33554432,488.85,,
0,bench/30gib-0.bin,334,33554432,457.41,,
0,bench/30gib-0.bin,335,33554432,418.04,,
0,bench/30gib-0.bin,336,33554432,345.76,,
0,bench/30gib-0.bin,337,33554432,436.47,,
0,bench/30gib-0.bin,338,33554432,491.19,,
0,bench/30gib-0.bin,339,33554432,419.90,,
0,bench/30gib-0.bin,340,33554432,369.06,,
0,bench/30gib-0.bin,341,33554432,383.98,,
0,bench/30gib-0.bin,342,33554432,407.76,,
0,bench/30gib-0.bin,343,33554432,363.71,,
0,bench/30gib-0.bin,344,33554432,343.66,,
0,bench/30gib-0.bin,345,33554432,396.01,,
0,bench/30gib-0.bin,346,33554432,434.61,,
0,bench/30gib-0.bin,347,33554432,368.21,,
0,bench/30gib-0.bin,348,33554432,512.96,,
0,bench/30gib-0.bin,349,33554432,489.07,,
0,bench/30gib-0.bin,350,33554432,343.95,,
0,bench/30gib-0.bin,351,33554432,366.13,,
0,bench/30gib-0.bin,352,33554432,521.88,,
0,bench/30gib-0.bin,353,33554432,388.53,,
0,bench/30gib-0.bin,354,33554432,395.32,,
0,bench/30gib-0.bin,355,33554432,449.61,,
0,bench/30gib-0.bin,356,33554432,345.48,,
0,bench/30gib-0.bin,357,33554432,400.39,,
0,bench/30gib-0.bin,358,33554432,497.54,,
0,bench/30gib-0.bin,359,33554432,483.71,,
0,bench/30gib-0.bin,360,33554432,470.41,,
0,bench/30gib-0.bin,361,33554432,347.15,,
0,bench/30gib-0.bin,362,33554432,373.03,,
0,bench/30gib-0.bin,363,33554432,439.32,,
0,bench/30gib-0.bin,364,33554432,356.59,,
0,bench/30gib-0.bin,365,33554432,354.92,,
0,bench/30gib-0.bin,366,33554432,393.17,,
0,bench/30gib-0.bin,367,33554432,447.78,,
0,bench/30gib-0.bin,368,33554432,482.42,,
0,bench/30gib-0.bin,369,33554432,345.10,,
0,bench/30gib-0.bin,370,33554432,341.45,,
0,bench/30gib-0.bin,371,33554432,341.15,,
0,bench/30gib-0.bin,372,33554432,359.85,,
0,bench/30gib-0.bin,373,33554432,341.18,,
0,bench/30gib-0.bin,374,33554432,394.04,,
0,bench/30gib-0.bin,375,33554432,340.76,,
0,bench/30gib-0.bin,376,33554432,423.39,,
0,bench/30gib-0.bin,377,33554432,464.07,,
0,bench/30gib-0.bin,378,33554432,477.29,,
0,bench/30gib-0.bin,379,33554432,423.87,,
0,bench/30gib-0.bin,380,33554432,437.17,,
0,bench/30gib-0.bin,381,33554432,480.97,,
0,bench/30gib-0.bin,382,33554432,461.94,,
0,bench/30gib-0.bin,383,33554432,444.83,,
0,bench/30gib-0.bin,384,33554432,344.95,,
0,bench/30gib-0.bin,385,33554432,572.11,,
0,bench/30gib-0.bin,386,33554432,367.87,,
0,bench/30gib-0.bin,387,33554432,378.68,,
0,bench/30gib-0.bin,388,33554432,347.40,,
0,bench/30gib-0.bin,389,33554432,343.67,,
0,bench/30gib-0.bin,390,33554432,344.49,,
0,bench/30gib-0.bin,391,33554432,417.86,,
0,bench/30gib-0.bin,392,33554432,427.13,,
0,bench/30gib-0.bin,393,33554432,386.73,,
0,bench/30gib-0.bin,394,33554432,385.21,,
0,bench/30gib-0.bin,395,33554432,347.95,,
0,bench/30gib-0.bin,396,33554432,370.91,,
0,bench/30gib-0.bin,397,33554432,395.64,,
0,bench/30gib-0.bin,398,33554432,525.92,,
0,bench/30gib-0.bin,399,33554432,377.19,,
0,bench/30gib-0.bin,400,33554432,441.42,,
0,bench/30gib-0.bin,401,33554432,435.83,,
0,bench/30gib-0.bin,402,33554432,466.36,,
0,bench/30gib-0.bin,403,33554432,342.14,,
0,bench/30gib-0.bin,404,33554432,348.13,,
0,bench/30gib-0.bin,405,33554432,499.44,,
0,bench/30gib-0.bin,406,33554432,456.53,,
0,bench/30gib-0.bin,407,33554432,653.63,,
0,bench/30gib-0.bin,408,33554432,345.96,,
0,bench/30gib-0.bin,409,33554432,450.21,,
0,bench/30gib-0.bin,410,33554432,348.74,,
0,bench/30gib-0.bin,411,33554432,349.65,,
0,bench/30gib-0.bin,412,33554432,340.48,,
0,bench/30gib-0.bin,413,33554432,357.62,,
0,bench/30gib-0.bin,414,33554432,431.32,,
0,bench/30gib-0.bin,415,33554432,347.39,,
0,bench/30gib-0.bin,416,33554432,489.69,,
0,bench/30gib-0.bin,417,33554432,341.57,,
0,bench/30gib-0.bin,418,33554432,387.05,,
0,bench/30gib-0.bin,419,33554432,406.43,,
0,bench/30gib-0.bin,420,33554432,364.14,,
0,bench/30gib-0.bin,421,33554432,454.76,,
0,bench/30gib-0.bin,422,33554432,468.74,,
0,bench/30gib-0.bin,423,33554432,359.11,,
0,bench/30gib-0.bin,424,33554432,340.28,,
0,bench/30gib-0.bin,425,33554432,341.44,,
0,bench/30gib-0.bin,426,33554432,393.89,,
0,bench/30gib-0.bin,427,33554432,340.72,,
0,bench/30gib-0.bin,428,33554432,501.94,,
0,bench/30gib-0.bin,429,33554432,365.31,,
0,bench/30gib-0.bin,430,33554432,515.73,,
0,bench/30gib-0.bin,431,33554432,348.35,,
0,bench/30gib-0.bin,432,33554432,388.38,,
0,bench/30gib-0.bin,433,33554432,437.16,,
0,bench/30gib-0.bin,434,33554432,594.61,,
0,bench/30gib-0.bin,435,33554432,368.54,,
0,bench/30gib-0.bin,436,33554432,373.25,,
0,bench/30gib-0.bin,437,33554432,362.77,,
0,bench/30gib-0.bin,438,33554432,672.99,,
0,bench/30gib-0.bin,439,33554432,424.07,,
0,bench/30gib-0.bin,440,33554432,433.72,,
0,bench/30gib-0.bin,441,33554432,341.85,,
0,bench/30gib-0.bin,442,33554432,373.56,,
0,bench/30gib-0.bin,443,33554432,347.35,,
0,bench/30gib-0.bin,444,33554432,667.52,,
0,bench/30gib-0.bin,445,33554432,366.10,,
0,bench/30gib-0.bin,446,33554432,437.14,,
0,bench/30gib-0.bin,447,33554432,540.47,,
0,bench/30gib-0.bin,448,33554432,537.57,,
0,bench/30gib-0.bin,449,33554432,378.80,,
0,bench/30gib-0.bin,450,33554432,374.64,,
0,bench/30gib-0.bin,451,33554432,452.08,,
0,bench/30gib-0.bin,452,33554432,397.84,,
0,bench/30gib-0.bin,453,33554432,556.74,,
0,bench/30gib-0.bin,454,33554432,344.89,,
0,bench/30gib-0.bin,455,33554432,472.28,,
0,bench/30gib-0.bin,456,33554432,355.16,,
0,bench/30gib-0.bin,457,33554432,348.66,,
0,bench/30gib-0.bin,458,33554432,387.99,,
0,bench/30gib-0.bin,459,33554432,463.59,,
0,bench/30gib-0.bin,460,33554432,433.94,,
0,bench/30gib-0.bin,461,33554432,389.25,,
0,bench/30gib-0.bin,462,33554432,342.18,,
0,bench/30gib-0.bin,463,33554432,427.40,,
0,bench/30gib-0.bin,464,33554432,453.01,,
0,bench/30gib-0.bin,465,33554432,433.60,,
0,bench/30gib-0.bin,466,33554432,500.97,,
0,bench/30gib-0.bin,467,33554432,460.92,,
0,bench/30gib-0.bin,468,33554432,445.39,,
0,bench/30gib-0.bin,469,33554432,386.72,,
0,bench/30gib-0.bin,470,33554432,350.65,,
0,bench/30gib-0.bin,471,33554432,393.67,,
0,bench/30gib-0.bin,472,33554432,470.94,,
0,bench/30gib-0.bin,473,33554432,441.10,,
0,bench/30gib-0.bin,474,33554432,344.53,,
0,bench/30gib-0.bin,475,33554432,387.53,,
0,bench/30gib-0.bin,476,33554432,522.29,,
0,bench/30gib-0.bin,477,33554432,346.40,,
0,bench/30gib-0.bin,478,33554432,530.10,,
0,bench/30gib-0.bin,479,33554432,533.53,,
0,bench/30gib-0.bin,480,33554432,346.41,,
0,bench/30gib-0.bin,481,33554432,373.03,,
0,bench/30gib-0.bin,482,33554432,441.09,,
0,bench/30gib-0.bin,483,33554432,354.50,,
0,bench/30gib-0.bin,484,33554432,340.40,,
0,bench/30gib-0.bin,485,33554432,381.93,,
0,bench/30gib-0.bin,486,33554432,340.80,,
0,bench/30gib-0.bin,487,33554432,440.05,,
0,bench/30gib-0.bin,488,33554432,370.81,,
0,bench/30gib-0.bin,489,33554432,354.25,,
0,bench/30gib-0.bin,490,33554432,397.73,,
0,bench/30gib-0.bin,491,33554432,346.03,,
0,bench/30gib-0.bin,492,33554432,381.58,,
0,bench/30gib-0.bin,493,33554432,511.05,,
0,bench/30gib-0.bin,494,33554432,343.14,,
0,bench/30gib-0.bin,495,33554432,344.80,,
0,bench/30gib-0.bin,496,33554432,460.83,,
0,bench/30gib-0.bin,497,33554432,353.15,,
0,bench/30gib-0.bin,498,33554432,447.93,,
0,bench/30gib-0.bin,499,33554432,362.96,,
0,bench/30gib-0.bin,500,33554432,355.13,,
0,bench/30gib-0.bin,501,33554432,508.88,,
0,bench/30gib-0.bin,502,33554432,461.42,,
0,bench/30gib-0.bin,503,33554432,383.05,,
0,bench/30gib-0.bin,504,33554432,340.53,,
0,bench/30gib-0.bin,505,33554432,367.03,,
0,bench/30gib-0.bin,506,33554432,386.37,,
0,bench/30gib-0.bin,507,33554432,600.47,,
0,bench/30gib-0.bin,508,33554432,352.57,,
0,bench/30gib-0.bin,509,33554432,415.40,,
0,bench/30gib-0.bin,510,33554432,372.12,,
0,bench/30gib-0.bin,511,33554432,432.44,,
0,bench/30gib-0.bin,512,33554432,450.48,,
0,bench/30gib-0.bin,513,33554432,342.25,,
0,bench/30gib-0.bin,514,33554432,408.29,,
0,bench/30gib-0.bin,515,33554432,369.38,,
0,bench/30gib-0.bin,516,33554432,550.12,,
0,bench/30gib-0.bin,517,33554432,410.71,,
0,bench/30gib-0.bin,518,33554432,419.72,,
0,bench/30gib-0.bin,519,33554432,401.74,,
0,bench/30gib-0.bin,520,33554432,342.90,,
0,bench/30gib-0.bin,521,33554432,562.46,,
0,bench/30gib-0.bin,522,33554432,444.34,,
0,bench/30gib-0.bin,523,33554432,521.96,,
0,bench/30gib-0.bin,524,33554432,345.19,,
0,bench/30gib-0.bin,525,33554432,342.09,,
0,bench/30gib-0.bin,526,33554432,460.74,,
0,bench/30gib-0.bin,527,33554432,341.13,,
0,bench/30gib-0.bin,528,33554432,491.22,,
0,bench/30gib-0.bin,529,33554432,342.45,,
0,bench/30gib-0.bin,530,33554432,381.79,,
0,bench/30gib-0.bin,531,33554432,346.07,,
0,bench/30gib-0.bin,532,33554432,537.98,,
0,bench/30gib-0.bin,533,33554432,341.46,,
0,bench/30gib-0.bin,534,33554432,363.54,,
0,bench/30gib-0.bin,535,33554432,467.48,,
0,bench/30gib-0.bin,536,33554432,372.16,,
0,bench/30gib-0.bin,537,33554432,347.98,,
0,bench/30gib-0.bin,538,33554432,361.26,,
0,bench/30gib-0.bin,539,33554432,451.43,,
0,bench/30gib-0.bin,540,33554432,471.70,,
0,bench/30gib-0.bin,541,33554432,476.39,,
0,bench/30gib-0.bin,542,33554432,399.42,,
0,bench/30gib-0.bin,543,33554432,421.42,,
0,bench/30gib-0.bin,544,33554432,432.80,,
0,bench/30gib-0.bin,545,33554432,432.68,,
0,bench/30gib-0.bin,546,33554432,436.48,,
0,bench/30gib-0.bin,547,33554432,353.51,,
0,bench/30gib-0.bin,548,33554432,564.25,,
0,bench/30gib-0.bin,549,33554432,376.15,,
0,bench/30gib-0.bin,550,33554432,413.48,,
0,bench/30gib-0.bin,551,33554432,475.39,,
0,bench/30gib-0.bin,552,33554432,345.09,,
0,bench/30gib-0.bin,553,33554432,340.59,,
0,bench/30gib-0.bin,554,33554432,345.70,,
0,bench/30gib-0.bin,555,33554432,344.39,,
0,bench/30gib-0.bin,556,33554432,341.52,,
0,bench/30gib-0.bin,557,33554432,402.88,,
0,bench/30gib-0.bin,558,33554432,555.41,,
0,bench/30gib-0.bin,559,33554432,350.83,,
0,bench/30gib-0.bin,560,33554432,340.94,,
0,bench/30gib-0.bin,561,33554432,340.66,,
0,bench/30gib-0.bin,562,33554432,351.47,,
0,bench/30gib-0.bin,563,33554432,398.16,,
0,bench/30gib-0.bin,564,33554432,566.01,,
0,bench/30gib-0.bin,565,33554432,386.63,,
0,bench/30gib-0.bin,566,33554432,351.45,,
0,bench/30gib-0.bin,567,33554432,398.15,,
0,bench/30gib-0.bin,568,33554432,403.78,,
0,bench/30gib-0.bin,569,33554432,443.72,,
0,bench/30gib-0.bin,570,33554432,415.95,,
0,bench/30gib-0.bin,571,33554432,391.57,,
0,bench/30gib-0.bin,572,33554432,445.39,,
0,bench/30gib-0.bin,573,33554432,341.63,,
0,bench/30gib-0.bin,574,33554432,347.51,,
0,bench/30gib-0.bin,575,33554432,523.65,,
0,bench/30gib-0.bin,576,33554432,425.79,,
0,bench/30gib-0.bin,577,33554432,431.60,,
0,bench/30gib-0.bin,578,33554432,473.33,,
0,bench/30gib-0.bin,579,33554432,368.61,,
0,bench/30gib-0.bin,580,33554432,634.12,,
0,bench/30gib-0.bin,581,33554432,348.12,,
0,bench/30gib-0.bin,582,33554432,340.46,,
0,bench/30gib-0.bin,583,33554432,423.60,,
0,bench/30gib-0.bin,584,33554432,391.02,,
0,bench/30gib-0.bin,585,33554432,346.98,,
0,bench/30gib-0.bin,586,33554432,478.64,,
0,bench/30gib-0.bin,587,33554432,374.96,,
0,bench/30gib-0.bin,588,33554432,345.78,,
0,bench/30gib-0.bin,589,33554432,342.81,,
0,bench/30gib-0.bin,590,33554432,450.52,,
0,bench/30gib-0.bin,591,33554432,453.36,,
0,bench/30gib-0.bin,592,33554432,344.62,,
0,bench/30gib-0.bin,593,33554432,342.17,,
0,bench/30gib-0.bin,594,33554432,424.48,,
0,bench/30gib-0.bin,595,33554432,417.60,,
0,bench/30gib-0.bin,596,33554432,489.56,,
0,bench/30gib-0.bin,597,33554432,342.09,,
0,bench/30gib-0.bin,598,33554432,539.59,,
0,bench/30gib-0.bin,599,33554432,356.69,,
0,bench/30gib-0.bin,600,33554432,362.54,,
0,bench/30gib-0.bin,601,33554432,380.74,,
0,bench/30gib-0.bin,602,33554432,366.77,,
0,bench/30gib-0.bin,603,33554432,345.46,,
0,bench/30gib-0.bin,604,33554432,356.77,,
0,bench/30gib-0.bin,605,33554432,457.61,,
0,bench/30gib-0.bin,606,33554432,349.06,,
0,bench/30gib-0.bin,607,33554432,362.91,,
0,bench/30gib-0.bin,608,33554432,379.00,,
0,bench/30gib-0.bin,609,33554432,430.15,,
0,bench/30gib-0.bin,610,33554432,348.58,,
0,bench/30gib-0.bin,611,33554432,356.44,,
0,bench/30gib-0.bin,612,33554432,521.29,,
0,bench/30gib-0.bin,613,33554432,347.01,,
0,bench/30gib-0.bin,614,33554432,351.44,,
0,bench/30gib-0.bin,615,33554432,401.92,,
0,bench/30gib-0.bin,616,33554432,402.84,,
0,bench/30gib-0.bin,617,33554432,342.58,,
0,bench/30gib-0.bin,618,33554432,370.87,,
0,bench/30gib-0.bin,619,33554432,379.06,,
0,bench/30gib-0.bin,620,33554432,425.50,,
0,bench/30gib-0.bin,621,33554432,350.18,,
0,bench/30gib-0.bin,622,33554432,393.65,,
0,bench/30gib-0.bin,623,33554432,514.87,,
0,bench/30gib-0.bin,624,33554432,478.16,,
0,bench/30gib-0.bin,625,33554432,428.50,,
0,bench/30gib-0.bin,626,33554432,341.53,,
0,bench/30gib-0.bin,627,33554432,342.77,,
0,bench/30gib-0.bin,628,33554432,379.60,,
0,bench/30gib-0.bin,629,33554432,358.76,,
0,bench/30gib-0.bin,630,33554432,354.09,,
0,bench/30gib-0.bin,631,33554432,374.15,,
0,bench/30gib-0.bin,632,33554432,342.21,,
0,bench/30gib-0.bin,633,33554432,394.62,,
0,bench/30gib-0.bin,634,33554432,343.57,,
0,bench/30gib-0.bin,635,33554432,372.24,,
0,bench/30gib-0.bin,636,33554432,385.20,,
0,bench/30gib-0.bin,637,33554432,343.97,,
0,bench/30gib-0.bin,638,33554432,543.60,,
0,bench/30gib-0.bin,639,33554432,475.14,,
0,bench/30gib-0.bin,640,33554432,491.25,,
0,bench/30gib-0.bin,641,33554432,484.09,,
0,bench/30gib-0.bin,642,33554432,553.51,,
0,bench/30gib-0.bin,643,33554432,343.67,,
0,bench/30gib-0.bin,644,33554432,356.59,,
0,bench/30gib-0.bin,645,33554432,345.05,,
0,bench/30gib-0.bin,646,33554432,457.36,,
0,bench/30gib-0.bin,647,33554432,412.33,,
0,bench/30gib-0.bin,648,33554432,676.95,,
0,bench/30gib-0.bin,649,33554432,404.79,,
0,bench/30gib-0.bin,650,33554432,470.66,,
0,bench/30gib-0.bin,651,33554432,611.73,,
0,bench/30gib-0.bin,652,33554432,397.09,,
0,bench/30gib-0.bin,653,33554432,340.77,,
0,bench/30gib-0.bin,654,33554432,514.60,,
0,bench/30gib-0.bin,655,33554432,353.96,,
0,bench/30gib-0.bin,656,33554432,341.81,,
0,bench/30gib-0.bin,657,33554432,341.90,,
0,bench/30gib-0.bin,658,33554432,490.01,,
0,bench/30gib-0.bin,659,33554432,436.24,,
0,bench/30gib-0.bin,660,33554432,392.32,,
0,bench/30gib-0.bin,661,33554432,574.43,,
0,bench/30gib-0.bin,662,33554432,352.48,,
0,bench/30gib-0.bin,663,33554432,349.41,,
0,bench/30gib-0.bin,664,33554432,456.55,,
0,bench/30gib-0.bin,665,33554432,385.43,,
0,bench/30gib-0.bin,666,33554432,637.61,,
0,bench/30gib-0.bin,667,33554432,342.21,,
0,bench/30gib-0.bin,668,33554432,350.77,,
0,bench/30gib-0.bin,669,33554432,549.47,,
0,bench/30gib-0.bin,670,33554432,400.72,,
0,bench/30gib-0.bin,671,33554432,382.55,,
0,bench/30gib-0.bin,672,33554432,342.36,,
0,bench/30gib-0.bin,673,33554432,441.57,,
0,bench/30gib-0.bin,674,33554432,347.77,,
0,bench/30gib-0.bin,675,33554432,439.78,,
0,bench/30gib-0.bin,676,33554432,418.77,,
0,bench/30gib-0.bin,677,33554432,409.02,,
0,bench/30gib-0.bin,678,33554432,414.50,,
0,bench/30gib-0.bin,679,33554432,410.47,,
0,bench/30gib-0.bin,680,33554432,342.30,,
0,bench/30gib-0.bin,681,33554432,415.16,,
0,bench/30gib-0.bin,682,33554432,393.79,,
0,bench/30gib-0.bin,683,33554432,368.61,,
0,bench/30gib-0.bin,684,33554432,440.25,,
0,bench/30gib-0.bin,685,33554432,504.05,,
0,bench/30gib-0.bin,686,33554432,343.42,,
0,bench/30gib-0.bin,687,33554432,435.31,,
0,bench/30gib-0.bin,688,33554432,366.11,,
0,bench/30gib-0.bin,689,33554432,574.41,,
0,bench/30gib-0.bin,690,33554432,344.20,,
0,bench/30gib-0.bin,691,33554432,408.42,,
0,bench/30gib-0.bin,692,33554432,349.05,,
0,bench/30gib-0.bin,693,33554432,500.90,,
0,bench/30gib-0.bin,694,33554432,461.01,,
0,bench/30gib-0.bin,695,33554432,404.90,,
0,bench/30gib-0.bin,696,33554432,403.83,,
0,bench/30gib-0.bin,697,33554432,341.13,,
0,bench/30gib-0.bin,698,33554432,372.11,,
0,bench/30gib-0.bin,699,33554432,372.53,,
0,bench/30gib-0.bin,700,33554432,393.13,,
0,bench/30gib-0.bin,701,33554432,452.82,,
0,bench/30gib-0.bin,702,33554432,549.71,,
0,bench/30gib-0.bin,703,33554432,354.81,,
0,bench/30gib-0.bin,704,33554432,542.29,,
0,bench/30gib-0.bin,705,33554432,426.83,,
0,bench/30gib-0.bin,706,33554432,430.60,,
0,bench/30gib-0.bin,707,33554432,344.28,,
0,bench/30gib-0.bin,708,33554432,343.49,,
0,bench/30gib-0.bin,709,33554432,598.87,,
0,bench/30gib-0.bin,710,33554432,407.88,,
0,bench/30gib-0.bin,711,33554432,340.63,,
0,bench/30gib-0.bin,712,33554432,510.59,,
0,bench/30gib-0.bin,713,33554432,361.89,,
0,bench/30gib-0.bin,714,33554432,493.27,,
0,bench/30gib-0.bin,715,33554432,357.58,,
0,bench/30gib-0.bin,716,33554432,430.83,,
0,bench/30gib-0.bin,717,33554432,368.31,,
0,bench/30gib-0.bin,718,33554432,477.84,,
0,bench/30gib-0.bin,719,33554432,637.52,,
0,bench/30gib-0.bin,720,33554432,423.19,,
0,bench/30gib-0.bin,721,33554432,348.96,,
0,bench/30gib-0.bin,722,33554432,397.97,,
0,bench/30gib-0.bin,723,33554432,359.33,,
0,bench/30gib-0.bin,724,33554432,507.73,,
0,bench/30gib-0.bin,725,33554432,489.94,,
0,bench/30gib-0.bin,726,33554432,413.43,,
0,bench/30gib-0.bin,727,33554432,492.58,,
0,bench/30gib-0.bin,728,33554432,461.87,,
0,bench/30gib-0.bin,729,33554432,422.53,,
0,bench/30gib-0.bin,730,33554432,467.32,,
0,bench/30gib-0.bin,731,33554432,429.97,,
0,bench/30gib-0.bin,732,33554432,347.11,,
0,bench/30gib-0.bin,733,33554432,373.05,,
0,bench/30gib-0.bin,734,33554432,358.33,,
0,bench/30gib-0.bin,735,33554432,396.87,,
0,bench/30gib-0.bin,736,33554432,364.20,,
0,bench/30gib-0.bin,737,33554432,350.01,,
0,bench/30gib-0.bin,738,33554432,396.13,,
0,bench/30gib-0.bin,739,33554432,404.16,,
0,bench/30gib-0.bin,740,33554432,604.08,,
0,bench/30gib-0.bin,741,33554432,438.16,,
0,bench/30gib-0.bin,742,33554432,430.20,,
0,bench/30gib-0.bin,743,33554432,458.37,,
0,bench/30gib-0.bin,744,33554432,347.09,,
0,bench/30gib-0.bin,745,33554432,474.88,,
0,bench/30gib-0.bin,746,33554432,615.83,,
0,bench/30gib-0.bin,747,33554432,472.89,,
0,bench/30gib-0.bin,748,33554432,419.86,,
0,bench/30gib-0.bin,749,33554432,351.45,,
0,bench/30gib-0.bin,750,33554432,458.56,,
0,bench/30gib-0.bin,751,33554432,431.65,,
0,bench/30gib-0.bin,752,33554432,397.13,,
0,bench/30gib-0.bin,753,33554432,561.16,,
0,bench/30gib-0.bin,754,33554432,472.81,,
0,bench/30gib-0.bin,755,33554432,511.77,,
0,bench/30gib-0.bin,756,33554432,344.89,,
0,bench/30gib-0.bin,757,33554432,474.74,,
0,bench/30gib-0.bin,758,33554432,381.44,,
0,bench/30gib-0.bin,759,33554432,402.88,,
0,bench/30gib-0.bin,760,33554432,357.24,,
0,bench/30gib-0.bin,761,33554432,453.17,,
0,bench/30gib-0.bin,762,33554432,482.02,,
0,bench/30gib-0.bin,763,33554432,345.10,,
0,bench/30gib-0.bin,764,33554432,372.11,,
0,bench/30gib-0.bin,765,33554432,363.85,,
0,bench/30gib-0.bin,766,33554432,380.90,,
0,bench/30gib-0.bin,767,33554432,349.68,,
0,bench/30gib-0.bin,768,33554432,425.85,,
0,bench/30gib-0.bin,769,33554432,378.86,,
0,bench/30gib-0.bin,770,33554432,370.78,,
0,bench/30gib-0.bin,771,33554432,357.32,,
0,bench/30gib-0.bin,772,33554432,344.98,,
0,bench/30gib-0.bin,773,33554432,458.24,,
0,bench/30gib-0.bin,774,33554432,446.60,,
0,bench/30gib-0.bin,775,33554432,507.65,,
0,bench/30gib-0.bin,776,33554432,341.36,,
0,bench/30gib-0.bin,777,33554432,491.19,,
0,bench/30gib-0.bin,778,33554432,414.02,,
0,bench/30gib-0.bin,779,33554432,349.74,,
0,bench/30gib-0.bin,780,33554432,340.86,,
0,bench/30gib-0.bin,781,33554432,423.28,,
0,bench/30gib-0.bin,782,33554432,342.93,,
0,bench/30gib-0.bin,783,33554432,344.94,,
0,bench/30gib-0.bin,784,33554432,343.54,,
0,bench/30gib-0.bin,785,33554432,390.78,,
0,bench/30gib-0.bin,786,33554432,377.33,,
0,bench/30gib-0.bin,787,33554432,437.61,,
0,bench/30gib-0.bin,788,33554432,476.06,,
0,bench/30gib-0.bin,789,33554432,340.98,,
0,bench/30gib-0.bin,790,33554432,388.90,,
0,bench/30gib-0.bin,791,33554432,451.49,,
0,bench/30gib-0.bin,792,33554432,504.75,,
0,bench/30gib-0.bin,793,33554432,351.66,,
0,bench/30gib-0.bin,794,33554432,357.47,,
0,bench/30gib-0.bin,795,33554432,448.32,,
0,bench/30gib-0.bin,796,33554432,342.90,,
0,bench/30gib-0.bin,797,33554432,419.14,,
0,bench/30gib-0.bin,798,33554432,394.96,,
0,bench/30gib-0.bin,799,33554432,352.15,,
0,bench/30gib-0.bin,800,33554432,359.76,,
0,bench/30gib-0.bin,801,33554432,347.81,,
0,bench/30gib-0.bin,802,33554432,407.95,,
0,bench/30gib-0.bin,803,33554432,452.21,,
0,bench/30gib-0.bin,804,33554432,343.37,,
0,bench/30gib-0.bin,805,33554432,362.14,,
0,bench/30gib-0.bin,806,33554432,461.86,,
0,bench/30gib-0.bin,807,33554432,373.06,,
0,bench/30gib-0.bin,808,33554432,411.36,,
0,bench/30gib-0.bin,809,33554432,576.84,,
0,bench/30gib-0.bin,810,33554432,415.79,,
0,bench/30gib-0.bin,811,33554432,383.17,,
0,bench/30gib-0.bin,812,33554432,388.76,,
0,bench/30gib-0.bin,813,33554432,342.09,,
0,bench/30gib-0.bin,814,33554432,650.01,,
0,bench/30gib-0.bin,815,33554432,426.08,,
0,bench/30gib-0.bin,816,33554432,482.55,,
0,bench/30gib-0.bin,817,33554432,422.19,,
0,bench/30gib-0.bin,818,33554432,367.99,,
0,bench/30gib-0.bin,819,33554432,341.82,,
0,bench/30gib-0.bin,820,33554432,350.81,,
0,bench/30gib-0.bin,821,33554432,378.88,,
0,bench/30gib-0.bin,822,33554432,390.47,,
0,bench/30gib-0.bin,823,33554432,428.67,,
0,bench/30gib-0.bin,824,33554432,341.76,,
0,bench/30gib-0.bin,825,33554432,478.35,,
0,bench/30gib-0.bin,826,33554432,344.85,,
0,bench/30gib-0.bin,827,33554432,340.98,,
0,bench/30gib-0.bin,828,33554432,402.46,,
0,bench/30gib-0.bin,829,33554432,488.42,,
0,bench/30gib-0.bin,830,33554432,406.98,,
0,bench/30gib-0.bin,831,33554432,386.24,,
0,bench/30gib-0.bin,832,33554432,345.01,,
0,bench/30gib-0.bin,833,33554432,459.73,,
0,bench/30gib-0.bin,834,33554432,696.20,,
0,bench/30gib-0.bin,835,33554432,430.00,,
0,bench/30gib-0.bin,836,33554432,352.75,,
0,bench/30gib-0.bin,837,33554432,362.18,,
0,bench/30gib-0.bin,838,33554432,415.73,,
0,bench/30gib-0.bin,839,33554432,344.44,,
0,bench/30gib-0.bin,840,33554432,341.87,,
0,bench/30gib-0.bin,841,33554432,387.51,,
0,bench/30gib-0.bin,842,33554432,629.00,,
0,bench/30gib-0.bin,843,33554432,450.95,,
0,bench/30gib-0.bin,844,33554432,341.66,,
0,bench/30gib-0.bin,845,33554432,532.95,,
0,bench/30gib-0.bin,846,33554432,442.98,,
0,bench/30gib-0.bin,847,33554432,358.65,,
0,bench/30gib-0.bin,848,33554432,340.88,,
0,bench/30gib-0.bin,849,33554432,429.61,,
0,bench/30gib-0.bin,850,33554432,506.32,,
0,bench/30gib-0.bin,851,33554432,429.16,,
0,bench/30gib-0.bin,852,33554432,428.05,,
0,bench/30gib-0.bin,853,33554432,341.25,,
0,bench/30gib-0.bin,854,33554432,422.87,,
0,bench/30gib-0.bin,855,33554432,342.55,,
0,bench/30gib-0.bin,856,33554432,340.04,,
0,bench/30gib-0.bin,857,33554432,345.76,,
0,bench/30gib-0.bin,858,33554432,377.00,,
0,bench/30gib-0.bin,859,33554432,441.04,,
0,bench/30gib-0.bin,860,33554432,423.05,,
0,bench/30gib-0.bin,861,33554432,555.54,,
0,bench/30gib-0.bin,862,33554432,415.51,,
0,bench/30gib-0.bin,863,33554432,726.83,,
0,bench/30gib-0.bin,864,33554432,459.24,,
0,bench/30gib-0.bin,865,33554432,431.37,,
0,bench/30gib-0.bin,866,33554432,671.23,,
0,bench/30gib-0.bin,867,33554432,502.31,,
0,bench/30gib-0.bin,868,33554432,353.10,,
0,bench/30gib-0.bin,869,33554432,344.62,,
0,bench/30gib-0.bin,870,33554432,361.68,,
0,bench/30gib-0.bin,871,33554432,346.07,,
0,bench/30gib-0.bin,872,33554432,344.78,,
0,bench/30gib-0.bin,873,33554432,379.74,,
0,bench/30gib-0.bin,874,33554432,455.88,,
0,bench/30gib-0.bin,875,33554432,339.88,,
0,bench/30gib-0.bin,876,33554432,340.69,,
0,bench/30gib-0.bin,877,33554432,388.96,,
0,bench/30gib-0.bin,878,33554432,413.10,,
0,bench/30gib-0.bin,879,33554432,353.22,,
0,bench/30gib-0.bin,880,33554432,608.29,,
0,bench/30gib-0.bin,881,33554432,344.14,,
0,bench/30gib-0.bin,882,33554432,440.66,,
0,bench/30gib-0.bin,883,33554432,343.74,,
0,bench/30gib-0.bin,884,33554432,389.64,,
0,bench/30gib-0.bin,885,33554432,342.23,,
0,bench/30gib-0.bin,886,33554432,380.29,,
0,bench/30gib-0.bin,887,33554432,367.97,,
0,bench/30gib-0.bin,888,33554432,341.68,,
0,bench/30gib-0.bin,889,33554432,427.53,,
0,bench/30gib-0.bin,890,33554432,397.36,,
0,bench/30gib-0.bin,891,33554432,429.38,,
0,bench/30gib-0.bin,892,33554432,423.48,,
0,bench/30gib-0.bin,893,33554432,387.86,,
0,bench/30gib-0.bin,894,33554432,367.12,,
0,bench/30gib-0.bin,895,33554432,416.81,,
0,bench/30gib-0.bin,896,33554432,344.21,,
0,bench/30gib-0.bin,897,33554432,502.54,,
0,bench/30gib-0.bin,898,33554432,442.75,,
0,bench/30gib-0.bin,899,33554432,391.69,,
0,bench/30gib-0.bin,900,33554432,354.94,,
0,bench/30gib-0.bin,901,33554432,620.03,,
0,bench/30gib-0.bin,902,33554432,393.15,,
0,bench/30gib-0.bin,903,33554432,349.99,,
0,bench/30gib-0.bin,904,33554432,402.63,,
0,bench/30gib-0.bin,905,33554432,341.34,,
0,bench/30gib-0.bin,906,33554432,614.61,,
0,bench/30gib-0.bin,907,33554432,348.43,,
0,bench/30gib-0.bin,908,33554432,501.07,,
0,bench/30gib-0.bin,909,33554432,342.13,,
0,bench/30gib-0.bin,910,33554432,440.40,,
0,bench/30gib-0.bin,911,33554432,406.79,,
0,bench/30gib-0.bin,912,33554432,347.86,,
0,bench/30gib-0.bin,913,33554432,617.37,,
0,bench/30gib-0.bin,914,33554432,428.89,,
0,bench/30gib-0.bin,915,33554432,502.55,,
0,bench/30gib-0.bin,916,33554432,352.06,,
0,bench/30gib-0.bin,917,33554432,401.38,,
0,bench/30gib-0.bin,918,33554432,344.07,,
0,bench/30gib-0.bin,919,33554432,341.63,,
0,bench/30gib-0.bin,920,33554432,343.48,,
0,bench/30gib-0.bin,921,33554432,361.34,,
0,bench/30gib-0.bin,922,33554432,428.60,,
0,bench/30gib-0.bin,923,33554432,359.87,,
0,bench/30gib-0.bin,924,33554432,360.65,,
0,bench/30gib-0.bin,925,33554432,411.58,,
0,bench/30gib-0.bin,926,33554432,383.79,,
0,bench/30gib-0.bin,927,33554432,343.28,,
0,bench/30gib-0.bin,928,33554432,563.40,,
0,bench/30gib-0.bin,929,33554432,386.53,,
0,bench/30gib-0.bin,930,33554432,479.86,,
0,bench/30gib-0.bin,931,33554432,441.58,,
0,bench/30gib-0.bin,932,33554432,458.73,,
0,bench/30gib-0.bin,933,33554432,417.73,,
0,bench/30gib-0.bin,934,33554432,352.63,,
0,bench/30gib-0.bin,935,33554432,341.26,,
0,bench/30gib-0.bin,936,33554432,407.47,,
0,bench/30gib-0.bin,937,33554432,409.90,,
0,bench/30gib-0.bin,938,33554432,608.76,,
0,bench/30gib-0.bin,939,33554432,474.71,,
0,bench/30gib-0.bin,940,33554432,357.76,,
0,bench/30gib-0.bin,941,33554432,397.32,,
0,bench/30gib-0.bin,942,33554432,558.99,,
0,bench/30gib-0.bin,943,33554432,401.32,,
0,bench/30gib-0.bin,944,33554432,384.88,,
0,bench/30gib-0.bin,945,33554432,362.52,,
0,bench/30gib-0.bin,946,33554432,558.07,,
0,bench/30gib-0.bin,947,33554432,343.10,,
0,bench/30gib-0.bin,948,33554432,378.88,,
0,bench/30gib-0.bin,949,33554432,476.44,,
0,bench/30gib-0.bin,950,33554432,516.50,,
0,bench/30gib-0.bin,951,33554432,357.45,,
0,bench/30gib-0.bin,952,33554432,520.61,,
0,bench/30gib-0.bin,953,33554432,477.72,,
0,bench/30gib-0.bin,954,33554432,344.40,,
0,bench/30gib-0.bin,955,33554432,341.61,,
0,bench/30gib-0.bin,956,33554432,341.58,,
0,bench/30gib-0.bin,957,33554432,421.80,,
0,bench/30gib-0.bin,958,33554432,342.10,,
0,bench/30gib-0.bin,959,33554432,383.76,,
0,bench/30gib-0.bin,960,33554432,378.32,,
0,bench/30gib-1.bin,1,33554432,1614.52,,
0,bench/30gib-1.bin,2,33554432,1119.29,,
0,bench/30gib-1.bin,3,33554432,1084.14,,
0,bench/30gib-1.bin,4,33554432,1367.05,,
0,bench/30gib-1.bin,5,33554432,1949.14,,
0,bench/30gib-1.bin,6,33554432,1702.42,,
0,bench/30gib-1.bin,7,33554432,1343.25,,
0,bench/30gib-1.bin,8,33554432,1339.90,,
0,bench/30gib-1.bin,9,33554432,1431.94,,
0,bench/30gib-1.bin,10,33554432,1621.42,,
0,bench/30gib-1.bin,11,33554432,978.93,,
0,bench/30gib-1.bin,12,33554432,1236.62,,
0,bench/30gib-1.bin,13,33554432,1090.35,,
0,bench/30gib-1.bin,14,33554432,1220.97,,
0,bench/30gib-1.bin,15,33554432,2080.08,,
0,bench/30gib-1.bin,16,33554432,1609.05,,
0,bench/30gib-1.bin,17,33554432,1184.44,,
0,bench/30gib-1.bin,18,33554432,1181.31,,
0,bench/30gib-1.bin,19,33554432,1431.77,,
0,bench/30gib-1.bin,20,33554432,1252.61,,
0,bench/30gib-1.bin,21,33554432,1730.71,,
0,bench/30gib-1.bin,22,33554432,1527.58,,
0,bench/30gib-1.bin,23,33554432,832.66,,
0,bench/30gib-1.bin,24,33554432,1769.59,,
0,bench/30gib-1.bin,25,33554432,1846.07,,
0,bench/30gib-1.bin,26,33554432,1225.98,,
0,bench/30gib-1.bin,27,33554432,1211.83,,
0,bench/30gib-1.bin,28,33554432,991.80,,
0,bench/30gib-1.bin,29,33554432,789.91,,
0,bench/30gib-1.bin,30,33554432,979.75,,
0,bench/30gib-1.bin,31,33554432,682.71,,
0,bench/30gib-1.bin,32,33554432,491.97,,
0,bench/30gib-1.bin,33,33554432,1000.89,,
0,bench/30gib-1.bin,34,33554432,820.21,,
0,bench/30gib-1.bin,35,33554432,742.56,,
0,bench/30gib-1.bin,36,33554432,479.54,,
0,bench/30gib-1.bin,37,33554432,693.63,,
0,bench/30gib-1.bin,38,33554432,604.60,,
0,bench/30gib-1.bin,39,33554432,446.63,,
0,bench/30gib-1.bin,40,33554432,440.27,,
0,bench/30gib-1.bin,41,33554432,519.70,,
0,bench/30gib-1.bin,42,33554432,587.89,,
0,bench/30gib-1.bin,43,33554432,585.16,,
0,bench/30gib-1.bin,44,33554432,856.31,,
0,bench/30gib-1.bin,45,33554432,524.37,,
0,bench/30gib-1.bin,46,33554432,551.30,,
0,bench/30gib-1.bin,47,33554432,939.42,,
0,bench/30gib-1.bin,48,33554432,821.69,,
0,bench/30gib-1.bin,49,33554432,464.37,,
0,bench/30gib-1.bin,50,33554432,608.96,,
0,bench/30gib-1.bin,51,33554432,946.49,,
0,bench/30gib-1.bin,52,33554432,625.98,,
0,bench/30gib-1.bin,53,33554432,542.39,,
0,bench/30gib-1.bin,54,33554432,431.58,,
0,bench/30gib-1.bin,55,33554432,474.96,,
0,bench/30gib-1.bin,56,33554432,875.07,,
0,bench/30gib-1.bin,57,33554432,495.48,,
0,bench/30gib-1.bin,58,33554432,365.46,,
0,bench/30gib-1.bin,59,33554432,698.44,,
0,bench/30gib-1.bin,60,33554432,362.05,,
0,bench/30gib-1.bin,61,33554432,556.91,,
0,bench/30gib-1.bin,62,33554432,623.16,,
0,bench/30gib-1.bin,63,33554432,573.01,,
0,bench/30gib-1.bin,64,33554432,397.49,,
0,bench/30gib-1.bin,65,33554432,565.91,,
0,bench/30gib-1.bin,66,33554432,350.19,,
0,bench/30gib-1.bin,67,33554432,572.89,,
0,bench/30gib-1.bin,68,33554432,489.24,,
0,bench/30gib-1.bin,69,33554432,553.28,,
0,bench/30gib-1.bin,70,33554432,417.20,,
0,bench/30gib-1.bin,71,33554432,355.45,,
0,bench/30gib-1.bin,72,33554432,682.72,,
0,bench/30gib-1.bin,73,33554432,564.13,,
0,bench/30gib-1.bin,74,33554432,385.42,,
0,bench/30gib-1.bin,75,33554432,464.43,,
0,bench/30gib-1.bin,76,33554432,426.50,,
0,bench/30gib-1.bin,77,33554432,360.99,,
0,bench/30gib-1.bin,78,33554432,528.50,,
0,bench/30gib-1.bin,79,33554432,414.32,,
0,bench/30gib-1.bin,80,33554432,354.55,,
0,bench/30gib-1.bin,81,33554432,459.75,,
0,bench/30gib-1.bin,82,33554432,399.51,,
0,bench/30gib-1.bin,83,33554432,549.46,,
0,bench/30gib-1.bin,84,33554432,394.79,,
0,bench/30gib-1.bin,85,33554432,458.58,,
0,bench/30gib-1.bin,86,33554432,340.60,,
0,bench/30gib-1.bin,87,33554432,357.28,,
0,bench/30gib-1.bin,88,33554432,343.02,,
0,bench/30gib-1.bin,89,33554432,451.44,,
0,bench/30gib-1.bin,90,33554432,342.06,,
0,bench/30gib-1.bin,91,33554432,765.00,,
0,bench/30gib-1.bin,92,33554432,363.37,,
0,bench/30gib-1.bin,93,33554432,359.28,,
0,bench/30gib-1.bin,94,33554432,417.58,,
0,bench/30gib-1.bin,95,33554432,342.50,,
0,bench/30gib-1.bin,96,33554432,522.23,,
0,bench/30gib-1.bin,97,33554432,397.45,,
0,bench/30gib-1.bin,98,33554432,431.82,,
0,bench/30gib-1.bin,99,33554432,515.55,,
0,bench/30gib-1.bin,100,33554432,426.66,,
0,bench/30gib-1.bin,101,33554432,378.81,,
0,bench/30gib-1.bin,102,33554432,354.57,,
0,bench/30gib-1.bin,103,33554432,471.22,,
0,bench/30gib-1.bin,104,33554432,412.97,,
0,bench/30gib-1.bin,105,33554432,526.31,,
0,bench/30gib-1.bin,106,33554432,416.21,,
0,bench/30gib-1.bin,107,33554432,403.80,,
0,bench/30gib-1.bin,108,33554432,490.25,,
0,bench/30gib-1.bin,109,33554432,430.98,,
0,bench/30gib-1.bin,110,33554432,347.69,,
0,bench/30gib-1.bin,111,33554432,352.18,,
0,bench/30gib-1.bin,112,33554432,644.31,,
0,bench/30gib-1.bin,113,33554432,348.54,,
0,bench/30gib-1.bin,114,33554432,430.38,,
0,bench/30gib-1.bin,115,33554432,370.02,,
0,bench/30gib-1.bin,116,33554432,630.55,,
0,bench/30gib-1.bin,117,33554432,451.04,,
0,bench/30gib-1.bin,118,33554432,427.94,,
0,bench/30gib-1.bin,119,33554432,520.64,,
0,bench/30gib-1.bin,120,33554432,599.40,,
0,bench/30gib-1.bin,121,33554432,385.27,,
0,bench/30gib-1.bin,122,33554432,381.88,,
0,bench/30gib-1.bin,123,33554432,374.95,,
0,bench/30gib-1.bin,124,33554432,424.74,,
0,bench/30gib-1.bin,125,33554432,341.07,,
0,bench/30gib-1.bin,126,33554432,392.11,,
0,bench/30gib-1.bin,127,33554432,384.40,,
0,bench/30gib-1.bin,128,33554432,361.84,,
0,bench/30gib-1.bin,129,33554432,365.18,,
0,bench/30gib-1.bin,130,33554432,354.51,,
0,bench/30gib-1.bin,131,33554432,417.25,,
0,bench/30gib-1.bin,132,33554432,341.44,,
0,bench/30gib-1.bin,133,33554432,501.12,,
0,bench/30gib-1.bin,134,33554432,428.30,,
0,bench/30gib-1.bin,135,33554432,345.26,,
0,bench/30gib-1.bin,136,33554432,380.87,,
0,bench/30gib-1.bin,137,33554432,350.96,,
0,bench/30gib-1.bin,138,33554432,530.28,,
0,bench/30gib-1.bin,139,33554432,343.06,,
0,bench/30gib-1.bin,140,33554432,409.59,,
0,bench/30gib-1.bin,141,33554432,424.90,,
0,bench/30gib-1.bin,142,33554432,510.48,,
0,bench/30gib-1.bin,143,33554432,344.61,,
0,bench/30gib-1.bin,144,33554432,410.70,,
0,bench/30gib-1.bin,145,33554432,499.71,,
0,bench/30gib-1.bin,146,33554432,523.23,,
0,bench/30gib-1.bin,147,33554432,370.96,,
0,bench/30gib-1.bin,148,33554432,360.71,,
0,bench/30gib-1.bin,149,33554432,437.90,,
0,bench/30gib-1.bin,150,33554432,364.67,,
0,bench/30gib-1.bin,151,33554432,358.40,,
0,bench/30gib-1.bin,152,33554432,341.40,,
0,bench/30gib-1.bin,153,33554432,346.32,,
0,bench/30gib-1.bin,154,33554432,376.39,,
0,bench/30gib-1.bin,155,33554432,356.16,,
0,bench/30gib-1.bin,156,33554432,625.87,,
0,bench/30gib-1.bin,157,33554432,441.98,,
0,bench/30gib-1.bin,158,33554432,426.42,,
0,bench/30gib-1.bin,159,33554432,589.53,,
0,bench/30gib-1.bin,160,33554432,397.68,,
0,bench/30gib-1.bin,161,33554432,463.16,,
0,bench/30gib-1.bin,162,33554432,348.67,,
0,bench/30gib-1.bin,163,33554432,363.71,,
0,bench/30gib-1.bin,164,33554432,429.10,,
0,bench/30gib-1.bin,165,33554432,379.48,,
0,bench/30gib-1.bin,166,33554432,419.35,,
0,bench/30gib-1.bin,167,33554432,614.68,,
0,bench/30gib-1.bin,168,33554432,450.51,,
0,bench/30gib-1.bin,169,33554432,441.52,,
0,bench/30gib-1.bin,170,33554432,630.05,,
0,bench/30gib-1.bin,171,33554432,350.27,,
0,bench/30gib-1.bin,172,33554432,342.50,,
0,bench/30gib-1.bin,173,33554432,630.81,,
0,bench/30gib-1.bin,174,33554432,343.42,,
0,bench/30gib-1.bin,175,33554432,341.45,,
0,bench/30gib-1.bin,176,33554432,607.75,,
0,bench/30gib-1.bin,177,33554432,406.61,,
0,bench/30gib-1.bin,178,33554432,349.59,,
0,bench/30gib-1.bin,179,33554432,368.08,,
0,bench/30gib-1.bin,180,33554432,441.55,,
0,bench/30gib-1.bin,181,33554432,444.50,,
0,bench/30gib-1.bin,182,33554432,399.69,,
0,bench/30gib-1.bin,183,33554432,344.24,,
0,bench/30gib-1.bin,184,33554432,344.86,,
0,bench/30gib-1.bin,185,33554432,455.16,,
0,bench/30gib-1.bin,186,33554432,430.18,,
0,bench/30gib-1.bin,187,33554432,420.33,,
0,bench/30gib-1.bin,188,33554432,635.58,,
0,bench/30gib-1.bin,189,33554432,354.49,,
0,bench/30gib-1.bin,190,33554432,359.89,,
0,bench/30gib-1.bin,191,33554432,405.73,,
0,bench/30gib-1.bin,192,33554432,349.09,,
0,bench/30gib-1.bin,193,33554432,522.02,,
0,bench/30gib-1.bin,194,33554432,358.19,,
0,bench/30gib-1.bin,195,33554432,347.61,,
0,bench/30gib-1.bin,196,33554432,783.36,,
0,bench/30gib-1.bin,197,33554432,618.92,,
0,bench/30gib-1.bin,198,33554432,343.64,,
0,bench/30gib-1.bin,199,33554432,384.42,,
0,bench/30gib-1.bin,200,33554432,382.98,,
0,bench/30gib-1.bin,201,33554432,346.70,,
0,bench/30gib-1.bin,202,33554432,355.21,,
0,bench/30gib-1.bin,203,33554432,422.58,,
0,bench/30gib-1.bin,204,33554432,357.27,,
0,bench/30gib-1.bin,205,33554432,341.10,,
0,bench/30gib-1.bin,206,33554432,347.53,,
0,bench/30gib-1.bin,207,33554432,572.04,,
0,bench/30gib-1.bin,208,33554432,398.49,,
0,bench/30gib-1.bin,209,33554432,352.23,,
0,bench/30gib-1.bin,210,33554432,425.03,,
0,bench/30gib-1.bin,211,33554432,355.75,,
0,bench/30gib-1.bin,212,33554432,377.97,,
0,bench/30gib-1.bin,213,33554432,390.34,,
0,bench/30gib-1.bin,214,33554432,400.98,,
0,bench/30gib-1.bin,215,33554432,374.91,,
0,bench/30gib-1.bin,216,33554432,347.85,,
0,bench/30gib-1.bin,217,33554432,345.59,,
0,bench/30gib-1.bin,218,33554432,419.58,,
0,bench/30gib-1.bin,219,33554432,536.02,,
0,bench/30gib-1.bin,220,33554432,407.66,,
0,bench/30gib-1.bin,221,33554432,461.89,,
0,bench/30gib-1.bin,222,33554432,370.13,,
0,bench/30gib-1.bin,223,33554432,402.55,,
0,bench/30gib-1.bin,224,33554432,512.98,,
0,bench/30gib-1.bin,225,33554432,343.81,,
0,bench/30gib-1.bin,226,33554432,381.20,,
0,bench/30gib-1.bin,227,33554432,553.96,,
0,bench/30gib-1.bin,228,33554432,355.62,,
0,bench/30gib-1.bin,229,33554432,366.14,,
0,bench/30gib-1.bin,230,33554432,397.77,,
0,bench/30gib-1.bin,231,33554432,387.39,,
0,bench/30gib-1.bin,232,33554432,393.14,,
0,bench/30gib-1.bin,233,33554432,641.17,,
0,bench/30gib-1.bin,234,33554432,389.29,,
0,bench/30gib-1.bin,235,33554432,371.41,,
0,bench/30gib-1.bin,236,33554432,379.14,,
0,bench/30gib-1.bin,237,33554432,548.58,,
0,bench/30gib-1.bin,238,33554432,406.75,,
0,bench/30gib-1.bin,239,33554432,369.80,,
0,bench/30gib-1.bin,240,33554432,375.36,,
0,bench/30gib-1.bin,241,33554432,368.16,,
0,bench/30gib-1.bin,242,33554432,340.97,,
0,bench/30gib-1.bin,243,33554432,348.69,,
0,bench/30gib-1.bin,244,33554432,341.36,,
0,bench/30gib-1.bin,245,33554432,437.19,,
0,bench/30gib-1.bin,246,33554432,402.54,,
0,bench/30gib-1.bin,247,33554432,606.10,,
0,bench/30gib-1.bin,248,33554432,343.34,,
0,bench/30gib-1.bin,249,33554432,399.13,,
0,bench/30gib-1.bin,250,33554432,350.08,,
0,bench/30gib-1.bin,251,33554432,502.81,,
0,bench/30gib-1.bin,252,33554432,380.00,,
0,bench/30gib-1.bin,253,33554432,346.61,,
0,bench/30gib-1.bin,254,33554432,351.21,,
0,bench/30gib-1.bin,255,33554432,433.21,,
0,bench/30gib-1.bin,256,33554432,414.08,,
0,bench/30gib-1.bin,257,33554432,359.32,,
0,bench/30gib-1.bin,258,33554432,340.40,,
0,bench/30gib-1.bin,259,33554432,397.18,,
0,bench/30gib-1.bin,260,33554432,344.94,,
0,bench/30gib-1.bin,261,33554432,341.98,,
0,bench/30gib-1.bin,262,33554432,342.09,,
0,bench/30gib-1.bin,263,33554432,381.68,,
0,bench/30gib-1.bin,264,33554432,341.17,,
0,bench/30gib-1.bin,265,33554432,478.80,,
0,bench/30gib-1.bin,266,33554432,417.04,,
0,bench/30gib-1.bin,267,33554432,428.29,,
0,bench/30gib-1.bin,268,33554432,358.39,,
0,bench/30gib-1.bin,269,33554432,352.17,,
0,bench/30gib-1.bin,270,33554432,412.61,,
0,bench/30gib-1.bin,271,33554432,426.26,,
0,bench/30gib-1.bin,272,33554432,351.96,,
0,bench/30gib-1.bin,273,33554432,405.35,,
0,bench/30gib-1.bin,274,33554432,342.49,,
0,bench/30gib-1.bin,275,33554432,425.66,,
0,bench/30gib-1.bin,276,33554432,391.02,,
0,bench/30gib-1.bin,277,33554432,371.03,,
0,bench/30gib-1.bin,278,33554432,350.52,,
0,bench/30gib-1.bin,279,33554432,606.77,,
0,bench/30gib-1.bin,280,33554432,391.68,,
0,bench/30gib-1.bin,281,33554432,345.33,,
0,bench/30gib-1.bin,282,33554432,448.42,,
0,bench/30gib-1.bin,283,33554432,494.13,,
0,bench/30gib-1.bin,284,33554432,461.08,,
0,bench/30gib-1.bin,285,33554432,452.16,,
0,bench/30gib-1.bin,286,33554432,529.20,,
0,bench/30gib-1.bin,287,33554432,370.54,,
0,bench/30gib-1.bin,288,33554432,429.29,,
0,bench/30gib-1.bin,289,33554432,426.06,,
0,bench/30gib-1.bin,290,33554432,347.09,,
0,bench/30gib-1.bin,291,33554432,352.39,,
0,bench/30gib-1.bin,292,33554432,419.97,,
0,bench/30gib-1.bin,293,33554432,665.01,,
0,bench/30gib-1.bin,294,33554432,345.94,,
0,bench/30gib-1.bin,295,33554432,419.94,,
0,bench/30gib-1.bin,296,33554432,443.98,,
0,bench/30gib-1.bin,297,33554432,341.63,,
0,bench/30gib-1.bin,298,33554432,533.68,,
0,bench/30gib-1.bin,299,33554432,419.23,,
0,bench/30gib-1.bin,300,33554432,435.00,,
0,bench/30gib-1.bin,301,33554432,373.91,,
0,bench/30gib-1.bin,302,33554432,428.19,,
0,bench/30gib-1.bin,303,33554432,405.07,,
0,bench/30gib-1.bin,304,33554432,523.97,,
0,bench/30gib-1.bin,305,33554432,358.32,,
0,bench/30gib-1.bin,306,33554432,432.35,,
0,bench/30gib-1.bin,307,33554432,342.34,,
0,bench/30gib-1.bin,308,33554432,367.12,,
0,bench/30gib-1.bin,309,33554432,362.06,,
0,bench/30gib-1.bin,310,33554432,354.78,,
0,bench/30gib-1.bin,311,33554432,513.27,,
0,bench/30gib-1.bin,312,33554432,471.87,,
0,bench/30gib-1.bin,313,33554432,345.36,,
0,bench/30gib-1.bin,314,33554432,352.51,,
0,bench/30gib-1.bin,315,33554432,428.27,,
0,bench/30gib-1.bin,316,33554432,342.04,,
0,bench/30gib-1.bin,317,33554432,392.84,,
0,bench/30gib-1.bin,318,33554432,368.00,,
0,bench/30gib-1.bin,319,33554432,385.88,,
0,bench/30gib-1.bin,320,33554432,386.83,,
0,bench/30gib-1.bin,321,33554432,341.81,,
0,bench/30gib-1.bin,322,33554432,382.14,,
0,bench/30gib-1.bin,323,33554432,348.07,,
0,bench/30gib-1.bin,324,33554432,341.29,,
0,bench/30gib-1.bin,325,33554432,362.91,,
0,bench/30gib-1.bin,326,33554432,460.32,,
0,bench/30gib-1.bin,327,33554432,494.45,,
0,bench/30gib-1.bin,328,33554432,363.97,,
0,bench/30gib-1.bin,329,33554432,339.89,,
0,bench/30gib-1.bin,330,33554432,347.59,,
0,bench/30gib-1.bin,331,33554432,541.24,,
0,bench/30gib-1.bin,332,33554432,410.67,,
0,bench/30gib-1.bin,333,33554432,413.89,,
0,bench/30gib-1.bin,334,33554432,672.98,,
0,bench/30gib-1.bin,335,33554432,408.60,,
0,bench/30gib-1.bin,336,33554432,363.90,,
0,bench/30gib-1.bin,337,33554432,468.45,,
0,bench/30gib-1.bin,338,33554432,531.14,,
0,bench/30gib-1.bin,339,33554432,358.10,,
0,bench/30gib-1.bin,340,33554432,436.56,,
0,bench/30gib-1.bin,341,33554432,424.97,,
0,bench/30gib-1.bin,342,33554432,376.58,,
0,bench/30gib-1.bin,343,33554432,360.75,,
0,bench/30gib-1.bin,344,33554432,507.10,,
0,bench/30gib-1.bin,345,33554432,436.82,,
0,bench/30gib-1.bin,346,33554432,341.21,,
0,bench/30gib-1.bin,347,33554432,436.40,,
0,bench/30gib-1.bin,348,33554432,527.18,,
0,bench/30gib-1.bin,349,33554432,396.51,,
0,bench/30gib-1.bin,350,33554432,390.22,,
0,bench/30gib-1.bin,351,33554432,537.37,,
0,bench/30gib-1.bin,352,33554432,476.88,,
0,bench/30gib-1.bin,353,33554432,342.81,,
0,bench/30gib-1.bin,354,33554432,507.62,,
0,bench/30gib-1.bin,355,33554432,342.13,,
0,bench/30gib-1.bin,356,33554432,436.75,,
0,bench/30gib-1.bin,357,33554432,543.66,,
0,bench/30gib-1.bin,358,33554432,463.32,,
0,bench/30gib-1.bin,359,33554432,344.35,,
0,bench/30gib-1.bin,360,33554432,481.59,,
0,bench/30gib-1.bin,361,33554432,410.66,,
0,bench/30gib-1.bin,362,33554432,404.35,,
0,bench/30gib-1.bin,363,33554432,414.58,,
0,bench/30gib-1.bin,364,33554432,406.00,,
0,bench/30gib-1.bin,365,33554432,348.25,,
0,bench/30gib-1.bin,366,33554432,344.79,,
0,bench/30gib-1.bin,367,33554432,553.26,,
0,bench/30gib-1.bin,368,33554432,408.95,,
0,bench/30gib-1.bin,369,33554432,441.33,,
0,bench/30gib-1.bin,370,33554432,378.06,,
0,bench/30gib-1.bin,371,33554432,376.86,,
0,bench/30gib-1.bin,372,33554432,431.21,,
0,bench/30gib-1.bin,373,33554432,440.82,,
0,bench/30gib-1.bin,374,33554432,343.36,,
0,bench/30gib-1.bin,375,33554432,489.86,,
0,bench/30gib-1.bin,376,33554432,341.84,,
0,bench/30gib-1.bin,377,33554432,353.22,,
0,bench/30gib-1.bin,378,33554432,372.04,,
0,bench/30gib-1.bin,379,33554432,543.73,,
0,bench/30gib-1.bin,380,33554432,422.87,,
0,bench/30gib-1.bin,381,33554432,454.31,,
0,bench/30gib-1.bin,382,33554432,381.44,,
0,bench/30gib-1.bin,383,33554432,357.75,,
0,bench/30gib-1.bin,384,33554432,405.98,,
0,bench/30gib-1.bin,385,33554432,346.81,,
0,bench/30gib-1.bin,386,33554432,381.86,,
0,bench/30gib-1.bin,387,33554432,440.17,,
0,bench/30gib-1.bin,388,33554432,345.67,,
0,bench/30gib-1.bin,389,33554432,447.76,,
0,bench/30gib-1.bin,390,33554432,404.19,,
0,bench/30gib-1.bin,391,33554432,440.76,,
0,bench/30gib-1.bin,392,33554432,424.68,,
0,bench/30gib-1.bin,393,33554432,475.15,,
0,bench/30gib-1.bin,394,33554432,499.84,,
0,bench/30gib-1.bin,395,33554432,341.52,,
0,bench/30gib-1.bin,396,33554432,357.37,,
0,bench/30gib-1.bin,397,33554432,355.72,,
0,bench/30gib-1.bin,398,33554432,416.35,,
0,bench/30gib-1.bin,399,33554432,597.92,,
0,bench/30gib-1.bin,400,33554432,446.30,,
0,bench/30gib-1.bin,401,33554432,371.47,,
0,bench/30gib-1.bin,402,33554432,359.40,,
0,bench/30gib-1.bin,403,33554432,426.36,,
0,bench/30gib-1.bin,404,33554432,393.83,,
0,bench/30gib-1.bin,405,33554432,352.72,,
0,bench/30gib-1.bin,406,33554432,479.94,,
0,bench/30gib-1.bin,407,33554432,381.14,,
0,bench/30gib-1.bin,408,33554432,495.30,,
0,bench/30gib-1.bin,409,33554432,519.49,,
0,bench/30gib-1.bin,410,33554432,370.00,,
0,bench/30gib-1.bin,411,33554432,360.92,,
0,bench/30gib-1.bin,412,33554432,432.23,,
0,bench/30gib-1.bin,413,33554432,419.32,,
0,bench/30gib-1.bin,414,33554432,390.75,,
0,bench/30gib-1.bin,415,33554432,353.81,,
0,bench/30gib-1.bin,416,33554432,464.46,,
0,bench/30gib-1.bin,417,33554432,342.89,,
0,bench/30gib-1.bin,418,33554432,559.17,,
0,bench/30gib-1.bin,419,33554432,343.97,,
0,bench/30gib-1.bin,420,33554432,382.52,,
0,bench/30gib-1.bin,421,33554432,487.72,,
0,bench/30gib-1.bin,422,33554432,452.69,,
0,bench/30gib-1.bin,423,33554432,522.50,,
0,bench/30gib-1.bin,424,33554432,374.93,,
0,bench/30gib-1.bin,425,33554432,410.24,,
0,bench/30gib-1.bin,426,33554432,557.13,,
0,bench/30gib-1.bin,427,33554432,636.41,,
0,bench/30gib-1.bin,428,33554432,397.11,,
0,bench/30gib-1.bin,429,33554432,341.77,,
0,bench/30gib-1.bin,430,33554432,449.29,,
0,bench/30gib-1.bin,431,33554432,356.42,,
0,bench/30gib-1.bin,432,33554432,341.62,,
0,bench/30gib-1.bin,433,33554432,550.49,,
0,bench/30gib-1.bin,434,33554432,720.18,,
0,bench/30gib-1.bin,435,33554432,346.77,,
0,bench/30gib-1.bin,436,33554432,427.71,,
0,bench/30gib-1.bin,437,33554432,455.03,,
0,bench/30gib-1.bin,438,33554432,376.90,,
0,bench/30gib-1.bin,439,33554432,395.73,,
0,bench/30gib-1.bin,440,33554432,608.98,,
0,bench/30gib-1.bin,441,33554432,341.97,,
0,bench/30gib-1.bin,442,33554432,341.97,,
0,bench/30gib-1.bin,443,33554432,359.69,,
0,bench/30gib-1.bin,444,33554432,617.86,,
0,bench/30gib-1.bin,445,33554432,341.19,,
0,bench/30gib-1.bin,446,33554432,389.30,,
0,bench/30gib-1.bin,447,33554432,449.99,,
0,bench/30gib-1.bin,448,33554432,359.65,,
0,bench/30gib-1.bin,449,33554432,464.57,,
0,bench/30gib-1.bin,450,33554432,341.50,,
0,bench/30gib-1.bin,451,33554432,494.39,,
0,bench/30gib-1.bin,452,33554432,449.92,,
0,bench/30gib-1.bin,453,33554432,383.08,,
0,bench/30gib-1.bin,454,33554432,487.90,,
0,bench/30gib-1.bin,455,33554432,456.05,,
0,bench/30gib-1.bin,456,33554432,373.34,,
0,bench/30gib-1.bin,457,33554432,429.73,,
0,bench/30gib-1.bin,458,33554432,390.17,,
0,bench/30gib-1.bin,459,33554432,451.78,,
0,bench/30gib-1.bin,460,33554432,375.40,,
0,bench/30gib-1.bin,461,33554432,405.67,,
0,bench/30gib-1.bin,462,33554432,349.13,,
0,bench/30gib-1.bin,463,33554432,514.59,,
0,bench/30gib-1.bin,464,33554432,340.26,,
0,bench/30gib-1.bin,465,33554432,505.54,,
0,bench/30gib-1.bin,466,33554432,504.07,,
0,bench/30gib-1.bin,467,33554432,349.40,,
0,bench/30gib-1.bin,468,33554432,422.03,,
0,bench/30gib-1.bin,469,33554432,364.02,,
0,bench/30gib-1.bin,470,33554432,396.64,,
0,bench/30gib-1.bin,471,33554432,376.33,,
0,bench/30gib-1.bin,472,33554432,446.72,,
0,bench/30gib-1.bin,473,33554432,425.02,,
0,bench/30gib-1.bin,474,33554432,399.45,,
0,bench/30gib-1.bin,475,33554432,627.99,,
0,bench/30gib-1.bin,476,33554432,343.14,,
0,bench/30gib-1.bin,477,33554432,548.71,,
0,bench/30gib-1.bin,478,33554432,524.90,,
0,bench/30gib-1.bin,479,33554432,457.41,,
0,bench/30gib-1.bin,480,33554432,425.37,,
0,bench/30gib-1.bin,481,33554432,493.14,,
0,bench/30gib-1.bin,482,33554432,529.39,,
0,bench/30gib-1.bin,483,33554432,380.74,,
0,bench/30gib-1.bin,484,33554432,374.62,,
0,bench/30gib-1.bin,485,33554432,431.95,,
0,bench/30gib-1.bin,486,33554432,438.76,,
0,bench/30gib-1.bin,487,33554432,545.80,,
0,bench/30gib-1.bin,488,33554432,457.86,,
0,bench/30gib-1.bin,489,33554432,451.05,,
0,bench/30gib-1.bin,490,33554432,377.00,,
0,bench/30gib-1.bin,491,33554432,377.60,,
0,bench/30gib-1.bin,492,33554432,352.16,,
0,bench/30gib-1.bin,493,33554432,357.38,,
0,bench/30gib-1.bin,494,33554432,352.71,,
0,bench/30gib-1.bin,495,33554432,440.96,,
0,bench/30gib-1.bin,496,33554432,442.91,,
0,bench/30gib-1.bin,497,33554432,444.61,,
0,bench/30gib-1.bin,498,33554432,371.82,,
0,bench/30gib-1.bin,499,33554432,369.29,,
0,bench/30gib-1.bin,500,33554432,348.55,,
0,bench/30gib-1.bin,501,33554432,613.13,,
0,bench/30gib-1.bin,502,33554432,454.11,,
0,bench/30gib-1.bin,503,33554432,404.05,,
0,bench/30gib-1.bin,504,33554432,371.75,,
0,bench/30gib-1.bin,505,33554432,348.41,,
0,bench/30gib-1.bin,506,33554432,538.38,,
0,bench/30gib-1.bin,507,33554432,404.64,,
0,bench/30gib-1.bin,508,33554432,449.91,,
0,bench/30gib-1.bin,509,33554432,495.44,,
0,bench/30gib-1.bin,510,33554432,378.42,,
0,bench/30gib-1.bin,511,33554432,470.34,,
0,bench/30gib-1.bin,512,33554432,441.64,,
0,bench/30gib-1.bin,513,33554432,346.82,,
0,bench/30gib-1.bin,514,33554432,458.24,,
0,bench/30gib-1.bin,515,33554432,473.60,,
0,bench/30gib-1.bin,516,33554432,415.46,,
0,bench/30gib-1.bin,517,33554432,342.96,,
0,bench/30gib-1.bin,518,33554432,412.77,,
0,bench/30gib-1.bin,519,33554432,418.39,,
0,bench/30gib-1.bin,520,33554432,354.06,,
0,bench/30gib-1.bin,521,33554432,567.36,,
0,bench/30gib-1.bin,522,33554432,454.12,,
0,bench/30gib-1.bin,523,33554432,422.64,,
0,bench/30gib-1.bin,524,33554432,346.63,,
0,bench/30gib-1.bin,525,33554432,413.94,,
0,bench/30gib-1.bin,526,33554432,449.84,,
0,bench/30gib-1.bin,527,33554432,367.02,,
0,bench/30gib-1.bin,528,33554432,383.86,,
0,bench/30gib-1.bin,529,33554432,391.98,,
0,bench/30gib-1.bin,530,33554432,468.07,,
0,bench/30gib-1.bin,531,33554432,352.43,,
0,bench/30gib-1.bin,532,33554432,345.99,,
0,bench/30gib-1.bin,533,33554432,427.53,,
0,bench/30gib-1.bin,534,33554432,420.99,,
0,bench/30gib-1.bin,535,33554432,459.09,,
0,bench/30gib-1.bin,536,33554432,430.48,,
0,bench/30gib-1.bin,537,33554432,452.97,,
0,bench/30gib-1.bin,538,33554432,341.00,,
0,bench/30gib-1.bin,539,33554432,418.94,,
0,bench/30gib-1.bin,540,33554432,463.45,,
0,bench/30gib-1.bin,541,33554432,381.80,,
0,bench/30gib-1.bin,542,33554432,393.44,,
0,bench/30gib-1.bin,543,33554432,491.04,,
0,bench/30gib-1.bin,544,33554432,344.77,,
0,bench/30gib-1.bin,545,33554432,426.10,,
0,bench/30gib-1.bin,546,33554432,369.22,,
0,bench/30gib-1.bin,547,33554432,468.65,,
0,bench/30gib-1.bin,548,33554432,483.71,,
0,bench/30gib-1.bin,549,33554432,403.02,,
0,bench/30gib-1.bin,550,33554432,348.44,,
0,bench/30gib-1.bin,551,33554432,356.37,,
0,bench/30gib-1.bin,552,33554432,343.74,,
0,bench/30gib-1.bin,553,33554432,372.06,,
0,bench/30gib-1.bin,554,33554432,378.01,,
0,bench/30gib-1.bin,555,33554432,345.30,,
0,bench/30gib-1.bin,556,33554432,350.46,,
0,bench/30gib-1.bin,557,33554432,340.70,,
0,bench/30gib-1.bin,558,33554432,503.14,,
0,bench/30gib-1.bin,559,33554432,341.23,,
0,bench/30gib-1.bin,560,33554432,389.98,,
0,bench/30gib-1.bin,561,33554432,408.62,,
0,bench/30gib-1.bin,562,33554432,342.79,,
0,bench/30gib-1.bin,563,33554432,410.19,,
0,bench/30gib-1.bin,564,33554432,383.42,,
0,bench/30gib-1.bin,565,33554432,387.45,,
0,bench/30gib-1.bin,566,33554432,375.10,,
0,bench/30gib-1.bin,567,33554432,413.67,,
0,bench/30gib-1.bin,568,33554432,340.83,,
0,bench/30gib-1.bin,569,33554432,350.97,,
0,bench/30gib-1.bin,570,33554432,355.78,,
0,bench/30gib-1.bin,571,33554432,441.25,,
0,bench/30gib-1.bin,572,33554432,348.08,,
0,bench/30gib-1.bin,573,33554432,415.84,,
0,bench/30gib-1.bin,574,33554432,340.89,,
0,bench/30gib-1.bin,575,33554432,345.57,,
0,bench/30gib-1.bin,576,33554432,341.59,,
0,bench/30gib-1.bin,577,33554432,341.18,,
0,bench/30gib-1.bin,578,33554432,348.36,,
0,bench/30gib-1.bin,579,33554432,364.56,,
0,bench/30gib-1.bin,580,33554432,353.82,,
0,bench/30gib-1.bin,581,33554432,346.17,,
0,bench/30gib-1.bin,582,33554432,341.76,,
0,bench/30gib-1.bin,583,33554432,348.82,,
0,bench/30gib-1.bin,584,33554432,425.50,,
0,bench/30gib-1.bin,585,33554432,375.21,,
0,bench/30gib-1.bin,586,33554432,386.03,,
0,bench/30gib-1.bin,587,33554432,443.93,,
0,bench/30gib-1.bin,588,33554432,355.24,,
0,bench/30gib-1.bin,589,33554432,433.75,,
0,bench/30gib-1.bin,590,33554432,385.68,,
0,bench/30gib-1.bin,591,33554432,564.73,,
0,bench/30gib-1.bin,592,33554432,410.90,,
0,bench/30gib-1.bin,593,33554432,344.77,,
0,bench/30gib-1.bin,594,33554432,365.49,,
0,bench/30gib-1.bin,595,33554432,450.61,,
0,bench/30gib-1.bin,596,33554432,345.56,,
0,bench/30gib-1.bin,597,33554432,362.00,,
0,bench/30gib-1.bin,598,33554432,462.61,,
0,bench/30gib-1.bin,599,33554432,402.20,,
0,bench/30gib-1.bin,600,33554432,551.69,,
0,bench/30gib-1.bin,601,33554432,345.70,,
0,bench/30gib-1.bin,602,33554432,340.50,,
0,bench/30gib-1.bin,603,33554432,545.11,,
0,bench/30gib-1.bin,604,33554432,450.34,,
0,bench/30gib-1.bin,605,33554432,617.30,,
0,bench/30gib-1.bin,606,33554432,669.39,,
0,bench/30gib-1.bin,607,33554432,371.66,,
0,bench/30gib-1.bin,608,33554432,481.19,,
0,bench/30gib-1.bin,609,33554432,339.85,,
0,bench/30gib-1.bin,610,33554432,371.25,,
0,bench/30gib-1.bin,611,33554432,352.42,,
0,bench/30gib-1.bin,612,33554432,455.80,,
0,bench/30gib-1.bin,613,33554432,355.74,,
0,bench/30gib-1.bin,614,33554432,421.17,,
0,bench/30gib-1.bin,615,33554432,342.77,,
0,bench/30gib-1.bin,616,33554432,354.09,,
0,bench/30gib-1.bin,617,33554432,350.87,,
0,bench/30gib-1.bin,618,33554432,425.75,,
0,bench/30gib-1.bin,619,33554432,608.21,,
0,bench/30gib-1.bin,620,33554432,485.30,,
0,bench/30gib-1.bin,621,33554432,466.36,,
0,bench/30gib-1.bin,622,33554432,366.09,,
0,bench/30gib-1.bin,623,33554432,534.00,,
0,bench/30gib-1.bin,624,33554432,354.45,,
0,bench/30gib-1.bin,625,33554432,346.58,,
0,bench/30gib-1.bin,626,33554432,358.26,,
0,bench/30gib-1.bin,627,33554432,399.26,,
0,bench/30gib-1.bin,628,33554432,501.07,,
0,bench/30gib-1.bin,629,33554432,341.00,,
0,bench/30gib-1.bin,630,33554432,429.05,,
0,bench/30gib-1.bin,631,33554432,384.99,,
0,bench/30gib-1.bin,632,33554432,449.60,,
0,bench/30gib-1.bin,633,33554432,372.11,,
0,bench/30gib-1.bin,634,33554432,354.53,,
0,bench/30gib-1.bin,635,33554432,418.00,,
0,bench/30gib-1.bin,636,33554432,479.35,,
0,bench/30gib-1.bin,637,33554432,552.18,,
0,bench/30gib-1.bin,638,33554432,511.53,,
0,bench/30gib-1.bin,639,33554432,349.25,,
0,bench/30gib-1.bin,640,33554432,479.84,,
0,bench/30gib-1.bin,641,33554432,467.05,,
0,bench/30gib-1.bin,642,33554432,434.21,,
0,bench/30gib-1.bin,643,33554432,529.24,,
0,bench/30gib-1.bin,644,33554432,428.58,,
0,bench/30gib-1.bin,645,33554432,374.90,,
0,bench/30gib-1.bin,646,33554432,501.73,,
0,bench/30gib-1.bin,647,33554432,356.10,,
0,bench/30gib-1.bin,648,33554432,619.31,,
0,bench/30gib-1.bin,649,33554432,345.04,,
0,bench/30gib-1.bin,650,33554432,466.05,,
0,bench/30gib-1.bin,651,33554432,365.17,,
0,bench/30gib-1.bin,652,33554432,426.55,,
0,bench/30gib-1.bin,653,33554432,580.42,,
0,bench/30gib-1.bin,654,33554432,388.21,,
0,bench/30gib-1.bin,655,33554432,422.71,,
0,bench/30gib-1.bin,656,33554432,343.86,,
0,bench/30gib-1.bin,657,33554432,348.07,,
0,bench/30gib-1.bin,658,33554432,343.27,,
0,bench/30gib-1.bin,659,33554432,403.40,,
0,bench/30gib-1.bin,660,33554432,382.53,,
0,bench/30gib-1.bin,661,33554432,452.17,,
0,bench/30gib-1.bin,662,33554432,346.42,,
0,bench/30gib-1.bin,663,33554432,452.41,,
0,bench/30gib-1.bin,664,33554432,407.78,,
0,bench/30gib-1.bin,665,33554432,422.88,,
0,bench/30gib-1.bin,666,33554432,406.87,,
0,bench/30gib-1.bin,667,33554432,440.95,,
0,bench/30gib-1.bin,668,33554432,492.19,,
0,bench/30gib-1.bin,669,33554432,347.86,,
0,bench/30gib-1.bin,670,33554432,383.33,,
0,bench/30gib-1.bin,671,33554432,453.82,,
0,bench/30gib-1.bin,672,33554432,367.61,,
0,bench/30gib-1.bin,673,33554432,465.47,,
0,bench/30gib-1.bin,674,33554432,639.78,,
0,bench/30gib-1.bin,675,33554432,410.90,,
0,bench/30gib-1.bin,676,33554432,400.94,,
0,bench/30gib-1.bin,677,33554432,352.07,,
0,bench/30gib-1.bin,678,33554432,341.88,,
0,bench/30gib-1.bin,679,33554432,353.03,,
0,bench/30gib-1.bin,680,33554432,343.97,,
0,bench/30gib-1.bin,681,33554432,341.14,,
0,bench/30gib-1.bin,682,33554432,593.62,,
0,bench/30gib-1.bin,683,33554432,398.60,,
0,bench/30gib-1.bin,684,33554432,560.18,,
0,bench/30gib-1.bin,685,33554432,715.45,,
0,bench/30gib-1.bin,686,33554432,341.18,,
0,bench/30gib-1.bin,687,33554432,425.41,,
0,bench/30gib-1.bin,688,33554432,344.00,,
0,bench/30gib-1.bin,689,33554432,344.41,,
0,bench/30gib-1.bin,690,33554432,604.84,,
0,bench/30gib-1.bin,691,33554432,343.35,,
0,bench/30gib-1.bin,692,33554432,435.37,,
0,bench/30gib-1.bin,693,33554432,394.00,,
0,bench/30gib-1.bin,694,33554432,442.35,,
0,bench/30gib-1.bin,695,33554432,341.27,,
0,bench/30gib-1.bin,696,33554432,479.37,,
0,bench/30gib-1.bin,697,33554432,387.63,,
0,bench/30gib-1.bin,698,33554432,345.87,,
0,bench/30gib-1.bin,699,33554432,524.26,,
0,bench/30gib-1.bin,700,33554432,553.05,,
0,bench/30gib-1.bin,701,33554432,412.67,,
0,bench/30gib-1.bin,702,33554432,373.65,,
0,bench/30gib-1.bin,703,33554432,392.88,,
0,bench/30gib-1.bin,704,33554432,383.42,,
0,bench/30gib-1.bin,705,33554432,414.55,,
0,bench/30gib-1.bin,706,33554432,377.47,,
0,bench/30gib-1.bin,707,33554432,343.14,,
0,bench/30gib-1.bin,708,33554432,419.91,,
0,bench/30gib-1.bin,709,33554432,342.89,,
0,bench/30gib-1.bin,710,33554432,359.41,,
0,bench/30gib-1.bin,711,33554432,340.68,,
0,bench/30gib-1.bin,712,33554432,448.86,,
0,bench/30gib-1.bin,713,33554432,381.89,,
0,bench/30gib-1.bin,714,33554432,566.91,,
0,bench/30gib-1.bin,715,33554432,542.89,,
0,bench/30gib-1.bin,716,33554432,390.12,,
0,bench/30gib-1.bin,717,33554432,455.86,,
0,bench/30gib-1.bin,718,33554432,525.70,,
0,bench/30gib-1.bin,719,33554432,536.36,,
0,bench/30gib-1.bin,720,33554432,570.56,,
0,bench/30gib-1.bin,721,33554432,387.74,,
0,bench/30gib-1.bin,722,33554432,476.28,,
0,bench/30gib-1.bin,723,33554432,401.39,,
0,bench/30gib-1.bin,724,33554432,654.76,,
0,bench/30gib-1.bin,725,33554432,437.73,,
0,bench/30gib-1.bin,726,33554432,486.43,,
0,bench/30gib-1.bin,727,33554432,411.76,,
0,bench/30gib-1.bin,728,33554432,347.44,,
0,bench/30gib-1.bin,729,33554432,580.14,,
0,bench/30gib-1.bin,730,33554432,384.07,,
0,bench/30gib-1.bin,731,33554432,347.37,,
0,bench/30gib-1.bin,732,33554432,375.48,,
0,bench/30gib-1.bin,733,33554432,341.27,,
0,bench/30gib-1.bin,734,33554432,472.07,,
0,bench/30gib-1.bin,735,33554432,344.88,,
0,bench/30gib-1.bin,736,33554432,418.90,,
0,bench/30gib-1.bin,737,33554432,354.13,,
0,bench/30gib-1.bin,738,33554432,341.89,,
0,bench/30gib-1.bin,739,33554432,420.26,,
0,bench/30gib-1.bin,740,33554432,342.21,,
0,bench/30gib-1.bin,741,33554432,465.80,,
0,bench/30gib-1.bin,742,33554432,355.35,,
0,bench/30gib-1.bin,743,33554432,342.28,,
0,bench/30gib-1.bin,744,33554432,402.55,,
0,bench/30gib-1.bin,745,33554432,342.74,,
0,bench/30gib-1.bin,746,33554432,356.54,,
0,bench/30gib-1.bin,747,33554432,343.29,,
0,bench/30gib-1.bin,748,33554432,344.16,,
0,bench/30gib-1.bin,749,33554432,342.61,,
0,bench/30gib-1.bin,750,33554432,480.62,,
0,bench/30gib-1.bin,751,33554432,398.93,,
0,bench/30gib-1.bin,752,33554432,341.71,,
0,bench/30gib-1.bin,753,33554432,346.39,,
0,bench/30gib-1.bin,754,33554432,418.18,,
0,bench/30gib-1.bin,755,33554432,541.89,,
0,bench/30gib-1.bin,756,33554432,341.45,,
0,bench/30gib-1.bin,757,33554432,341.75,,
0,bench/30gib-1.bin,758,33554432,344.73,,
0,bench/30gib-1.bin,759,33554432,344.57,,
0,bench/30gib-1.bin,760,33554432,428.86,,
0,bench/30gib-1.bin,761,33554432,490.71,,
0,bench/30gib-1.bin,762,33554432,444.28,,
0,bench/30gib-1.bin,763,33554432,436.41,,
0,bench/30gib-1.bin,764,33554432,383.55,,
0,bench/30gib-1.bin,765,33554432,347.98,,
0,bench/30gib-1.bin,766,33554432,349.67,,
0,bench/30gib-1.bin,767,33554432,460.79,,
0,bench/30gib-1.bin,768,33554432,379.69,,
0,bench/30gib-1.bin,769,33554432,417.45,,
0,bench/30gib-1.bin,770,33554432,352.62,,
0,bench/30gib-1.bin,771,33554432,512.41,,
0,bench/30gib-1.bin,772,33554432,462.07,,
0,bench/30gib-1.bin,773,33554432,348.30,,
0,bench/30gib-1.bin,774,33554432,439.85,,
0,bench/30gib-1.bin,775,33554432,427.82,,
0,bench/30gib-1.bin,776,33554432,377.61,,
0,bench/30gib-1.bin,777,33554432,342.13,,
0,bench/30gib-1.bin,778,33554432,352.52,,
0,bench/30gib-1.bin,779,33554432,363.30,,
0,bench/30gib-1.bin,780,33554432,374.63,,
0,bench/30gib-1.bin,781,33554432,339.91,,
0,bench/30gib-1.bin,782,33554432,351.04,,
0,bench/30gib-1.bin,783,33554432,384.33,,
0,bench/30gib-1.bin,784,33554432,458.92,,
0,bench/30gib-1.bin,785,33554432,370.94,,
0,bench/30gib-1.bin,786,33554432,427.73,,
0,bench/30gib-1.bin,787,33554432,341.87,,
0,bench/30gib-1.bin,788,33554432,349.76,,
0,bench/30gib-1.bin,789,33554432,350.69,,
0,bench/30gib-1.bin,790,33554432,409.74,,
0,bench/30gib-1.bin,791,33554432,565.41,,
0,bench/30gib-1.bin,792,33554432,343.38,,
0,bench/30gib-1.bin,793,33554432,348.11,,
0,bench/30gib-1.bin,794,33554432,344.88,,
0,bench/30gib-1.bin,795,33554432,433.86,,
0,bench/30gib-1.bin,796,33554432,559.53,,
0,bench/30gib-1.bin,797,33554432,492.62,,
0,bench/30gib-1.bin,798,33554432,341.13,,
0,bench/30gib-1.bin,799,33554432,359.22,,
0,bench/30gib-1.bin,800,33554432,343.02,,
0,bench/30gib-1.bin,801,33554432,427.10,,
0,bench/30gib-1.bin,802,33554432,467.51,,
0,bench/30gib-1.bin,803,33554432,350.71,,
0,bench/30gib-1.bin,804,33554432,422.78,,
0,bench/30gib-1.bin,805,33554432,349.28,,
0,bench/30gib-1.bin,806,33554432,412.53,,
0,bench/30gib-1.bin,807,33554432,456.77,,
0,bench/30gib-1.bin,808,33554432,472.22,,
0,bench/30gib-1.bin,809,33554432,465.83,,
0,bench/30gib-1.bin,810,33554432,438.87,,
0,bench/30gib-1.bin,811,33554432,467.54,,
0,bench/30gib-1.bin,812,33554432,436.72,,
0,bench/30gib-1.bin,813,33554432,412.11,,
0,bench/30gib-1.bin,814,33554432,450.86,,
0,bench/30gib-1.bin,815,33554432,344.35,,
0,bench/30gib-1.bin,816,33554432,452.91,,
0,bench/30gib-1.bin,817,33554432,572.02,,
0,bench/30gib-1.bin,818,33554432,441.14,,
0,bench/30gib-1.bin,819,33554432,350.12,,
0,bench/30gib-1.bin,820,33554432,345.60,,
0,bench/30gib-1.bin,821,33554432,378.96,,
0,bench/30gib-1.bin,822,33554432,414.51,,
0,bench/30gib-1.bin,823,33554432,731.65,,
0,bench/30gib-1.bin,824,33554432,344.17,,
0,bench/30gib-1.bin,825,33554432,358.43,,
0,bench/30gib-1.bin,826,33554432,423.00,,
0,bench/30gib-1.bin,827,33554432,446.75,,
0,bench/30gib-1.bin,828,33554432,612.73,,
0,bench/30gib-1.bin,829,33554432,433.33,,
0,bench/30gib-1.bin,830,33554432,564.11,,
0,bench/30gib-1.bin,831,33554432,345.73,,
0,bench/30gib-1.bin,832,33554432,483.13,,
0,bench/30gib-1.bin,833,33554432,455.06,,
0,bench/30gib-1.bin,834,33554432,391.98,,
0,bench/30gib-1.bin,835,33554432,341.61,,
0,bench/30gib-1.bin,836,33554432,403.88,,
0,bench/30gib-1.bin,837,33554432,515.14,,
0,bench/30gib-1.bin,838,33554432,389.89,,
0,bench/30gib-1.bin,839,33554432,349.83,,
0,bench/30gib-1.bin,840,33554432,345.28,,
0,bench/30gib-1.bin,841,33554432,365.90,,
0,bench/30gib-1.bin,842,33554432,349.39,,
0,bench/30gib-1.bin,843,33554432,409.05,,
0,bench/30gib-1.bin,844,33554432,384.35,,
0,bench/30gib-1.bin,845,33554432,482.17,,
0,bench/30gib-1.bin,846,33554432,658.11,,
0,bench/30gib-1.bin,847,33554432,395.15,,
0,bench/30gib-1.bin,848,33554432,398.37,,
0,bench/30gib-1.bin,849,33554432,420.81,,
0,bench/30gib-1.bin,850,33554432,409.48,,
0,bench/30gib-1.bin,851,33554432,375.08,,
0,bench/30gib-1.bin,852,33554432,361.77,,
0,bench/30gib-1.bin,853,33554432,343.50,,
0,bench/30gib-1.bin,854,33554432,459.21,,
0,bench/30gib-1.bin,855,33554432,450.60,,
0,bench/30gib-1.bin,856,33554432,527.75,,
0,bench/30gib-1.bin,857,33554432,435.54,,
0,bench/30gib-1.bin,858,33554432,466.80,,
0,bench/30gib-1.bin,859,33554432,407.82,,
0,bench/30gib-1.bin,860,33554432,362.92,,
0,bench/30gib-1.bin,861,33554432,554.42,,
0,bench/30gib-1.bin,862,33554432,342.09,,
0,bench/30gib-1.bin,863,33554432,397.36,,
0,bench/30gib-1.bin,864,33554432,385.49,,
0,bench/30gib-1.bin,865,33554432,437.85,,
0,bench/30gib-1.bin,866,33554432,443.15,,
0,bench/30gib-1.bin,867,33554432,470.02,,
0,bench/30gib-1.bin,868,33554432,478.51,,
0,bench/30gib-1.bin,869,33554432,375.81,,
0,bench/30gib-1.bin,870,33554432,410.70,,
0,bench/30gib-1.bin,871,33554432,341.20,,
0,bench/30gib-1.bin,872,33554432,345.33,,
0,bench/30gib-1.bin,873,33554432,400.87,,
0,bench/30gib-1.bin,874,33554432,359.42,,
0,bench/30gib-1.bin,875,33554432,365.53,,
0,bench/30gib-1.bin,876,33554432,342.95,,
0,bench/30gib-1.bin,877,33554432,362.25,,
0,bench/30gib-1.bin,878,33554432,421.08,,
0,bench/30gib-1.bin,879,33554432,416.27,,
0,bench/30gib-1.bin,880,33554432,344.00,,
0,bench/30gib-1.bin,881,33554432,342.95,,
0,bench/30gib-1.bin,882,33554432,348.79,,
0,bench/30gib-1.bin,883,33554432,430.75,,
0,bench/30gib-1.bin,884,33554432,877.38,,
0,bench/30gib-1.bin,885,33554432,347.45,,
0,bench/30gib-1.bin,886,33554432,438.96,,
0,bench/30gib-1.bin,887,33554432,387.43,,
0,bench/30gib-1.bin,888,33554432,463.65,,
0,bench/30gib-1.bin,889,33554432,356.91,,
0,bench/30gib-1.bin,890,33554432,440.99,,
0,bench/30gib-1.bin,891,33554432,594.65,,
0,bench/30gib-1.bin,892,33554432,347.69,,
0,bench/30gib-1.bin,893,33554432,414.80,,
0,bench/30gib-1.bin,894,33554432,408.62,,
0,bench/30gib-1.bin,895,33554432,387.61,,
0,bench/30gib-1.bin,896,33554432,346.11,,
0,bench/30gib-1.bin,897,33554432,403.00,,
0,bench/30gib-1.bin,898,33554432,352.66,,
0,bench/30gib-1.bin,899,33554432,494.86,,
0,bench/30gib-1.bin,900,33554432,393.50,,
0,bench/30gib-1.bin,901,33554432,340.93,,
0,bench/30gib-1.bin,902,33554432,348.99,,
0,bench/30gib-1.bin,903,33554432,346.75,,
0,bench/30gib-1.bin,904,33554432,417.89,,
0,bench/30gib-1.bin,905,33554432,358.41,,
0,bench/30gib-1.bin,906,33554432,439.47,,
0,bench/30gib-1.bin,907,33554432,381.25,,
0,bench/30gib-1.bin,908,33554432,352.45,,
0,bench/30gib-1.bin,909,33554432,343.11,,
0,bench/30gib-1.bin,910,33554432,365.53,,
0,bench/30gib-1.bin,911,33554432,371.03,,
0,bench/30gib-1.bin,912,33554432,339.57,,
0,bench/30gib-1.bin,913,33554432,367.99,,
0,bench/30gib-1.bin,914,33554432,472.11,,
0,bench/30gib-1.bin,915,33554432,434.95,,
0,bench/30gib-1.bin,916,33554432,460.14,,
0,bench/30gib-1.bin,917,33554432,443.40,,
0,bench/30gib-1.bin,918,33554432,398.57,,
0,bench/30gib-1.bin,919,33554432,497.47,,
0,bench/30gib-1.bin,920,33554432,416.98,,
0,bench/30gib-1.bin,921,33554432,389.51,,
0,bench/30gib-1.bin,922,33554432,405.81,,
0,bench/30gib-1.bin,923,33554432,394.59,,
0,bench/30gib-1.bin,924,33554432,399.71,,
0,bench/30gib-1.bin,925,33554432,344.83,,
0,bench/30gib-1.bin,926,33554432,358.72,,
0,bench/30gib-1.bin,927,33554432,383.57,,
0,bench/30gib-1.bin,928,33554432,381.64,,
0,bench/30gib-1.bin,929,33554432,574.88,,
0,bench/30gib-1.bin,930,33554432,543.08,,
0,bench/30gib-1.bin,931,33554432,341.24,,
0,bench/30gib-1.bin,932,33554432,350.42,,
0,bench/30gib-1.bin,933,33554432,568.20,,
0,bench/30gib-1.bin,934,33554432,357.28,,
0,bench/30gib-1.bin,935,33554432,359.21,,
0,bench/30gib-1.bin,936,33554432,440.50,,
0,bench/30gib-1.bin,937,33554432,387.68,,
0,bench/30gib-1.bin,938,33554432,349.60,,
0,bench/30gib-1.bin,939,33554432,636.89,,
0,bench/30gib-1.bin,940,33554432,346.78,,
0,bench/30gib-1.bin,941,33554432,374.36,,
0,bench/30gib-1.bin,942,33554432,403.17,,
0,bench/30gib-1.bin,943,33554432,402.00,,
0,bench/30gib-1.bin,944,33554432,674.32,,
0,bench/30gib-1.bin,945,33554432,347.50,,
0,bench/30gib-1.bin,946,33554432,458.59,,
0,bench/30gib-1.bin,947,33554432,381.06,,
0,bench/30gib-1.bin,948,33554432,349.87,,
0,bench/30gib-1.bin,949,33554432,346.90,,
0,bench/30gib-1.bin,950,33554432,344.23,,
0,bench/30gib-1.bin,951,33554432,370.84,,
0,bench/30gib-1.bin,952,33554432,419.77,,
0,bench/30gib-1.bin,953,33554432,400.42,,
0,bench/30gib-1.bin,954,33554432,341.60,,
0,bench/30gib-1.bin,955,33554432,374.19,,
0,bench/30gib-1.bin,956,33554432,346.19,,
0,bench/30gib-1.bin,957,33554432,383.62,,
0,bench/30gib-1.bin,958,33554432,365.07,,
0,bench/30gib-1.bin,959,33554432,353.67,,
0,bench/30gib-1.bin,960,33554432,478.71,,
0,bench/30gib-2.bin,1,33554432,1051.24,,
0,bench/30gib-2.bin,2,33554432,1401.35,,
0,bench/30gib-2.bin,3,33554432,1177.93,,
0,bench/30gib-2.bin,4,33554432,1295.14,,
0,bench/30gib-2.bin,5,33554432,1819.94,,
0,bench/30gib-2.bin,6,33554432,1557.35,,
0,bench/30gib-2.bin,7,33554432,1216.61,,
0,bench/30gib-2.bin,8,33554432,1062.47,,
0,bench/30gib-2.bin,9,33554432,922.55,,
0,bench/30gib-2.bin,10,33554432,879.37,,
0,bench/30gib-2.bin,11,33554432,763.65,,
0,bench/30gib-2.bin,12,33554432,1684.00,,
0,bench/30gib-2.bin,13,33554432,1209.82,,
0,bench/30gib-2.bin,14,33554432,907.89,,
0,bench/30gib-2.bin,15,33554432,1749.04,,
0,bench/30gib-2.bin,16,33554432,1627.35,,
0,bench/30gib-2.bin,17,33554432,1007.22,,
0,bench/30gib-2.bin,18,33554432,1420.87,,
0,bench/30gib-2.bin,19,33554432,1557.37,,
0,bench/30gib-2.bin,20,33554432,1296.83,,
0,bench/30gib-2.bin,21,33554432,1622.60,,
0,bench/30gib-2.bin,22,33554432,1415.89,,
0,bench/30gib-2.bin,23,33554432,893.98,,
0,bench/30gib-2.bin,24,33554432,726.47,,
0,bench/30gib-2.bin,25,33554432,1845.59,,
0,bench/30gib-2.bin,26,33554432,1553.39,,
0,bench/30gib-2.bin,27,33554432,1210.37,,
0,bench/30gib-2.bin,28,33554432,1045.24,,
0,bench/30gib-2.bin,29,33554432,543.33,,
0,bench/30gib-2.bin,30,33554432,656.56,,
0,bench/30gib-2.bin,31,33554432,1215.88,,
0,bench/30gib-2.bin,32,33554432,801.37,,
0,bench/30gib-2.bin,33,33554432,1181.77,,
0,bench/30gib-2.bin,34,33554432,924.77,,
0,bench/30gib-2.bin,35,33554432,749.19,,
0,bench/30gib-2.bin,36,33554432,915.99,,
0,bench/30gib-2.bin,37,33554432,768.71,,
0,bench/30gib-2.bin,38,33554432,850.10,,
0,bench/30gib-2.bin,39,33554432,573.58,,
0,bench/30gib-2.bin,40,33554432,713.94,,
0,bench/30gib-2.bin,41,33554432,620.49,,
0,bench/30gib-2.bin,42,33554432,790.75,,
0,bench/30gib-2.bin,43,33554432,1133.79,,
0,bench/30gib-2.bin,44,33554432,802.01,,
0,bench/30gib-2.bin,45,33554432,790.47,,
0,bench/30gib-2.bin,46,33554432,351.88,,
0,bench/30gib-2.bin,47,33554432,463.46,,
0,bench/30gib-2.bin,48,33554432,467.80,,
0,bench/30gib-2.bin,49,33554432,520.19,,
0,bench/30gib-2.bin,50,33554432,447.90,,
0,bench/30gib-2.bin,51,33554432,439.55,,
0,bench/30gib-2.bin,52,33554432,500.14,,
0,bench/30gib-2.bin,53,33554432,419.86,,
0,bench/30gib-2.bin,54,33554432,405.18,,
0,bench/30gib-2.bin,55,33554432,354.93,,
0,bench/30gib-2.bin,56,33554432,448.07,,
0,bench/30gib-2.bin,57,33554432,403.59,,
0,bench/30gib-2.bin,58,33554432,378.68,,
0,bench/30gib-2.bin,59,33554432,413.91,,
0,bench/30gib-2.bin,60,33554432,788.28,,
0,bench/30gib-2.bin,61,33554432,556.09,,
0,bench/30gib-2.bin,62,33554432,500.05,,
0,bench/30gib-2.bin,63,33554432,427.40,,
0,bench/30gib-2.bin,64,33554432,697.17,,
0,bench/30gib-2.bin,65,33554432,475.90,,
0,bench/30gib-2.bin,66,33554432,665.18,,
0,bench/30gib-2.bin,67,33554432,429.19,,
0,bench/30gib-2.bin,68,33554432,360.41,,
0,bench/30gib-2.bin,69,33554432,352.48,,
0,bench/30gib-2.bin,70,33554432,538.02,,
0,bench/30gib-2.bin,71,33554432,452.42,,
0,bench/30gib-2.bin,72,33554432,396.91,,
0,bench/30gib-2.bin,73,33554432,487.36,,
0,bench/30gib-2.bin,74,33554432,430.61,,
0,bench/30gib-2.bin,75,33554432,342.04,,
0,bench/30gib-2.bin,76,33554432,388.54,,
0,bench/30gib-2.bin,77,33554432,614.75,,
0,bench/30gib-2.bin,78,33554432,570.70,,
0,bench/30gib-2.bin,79,33554432,484.78,,
0,bench/30gib-2.bin,80,33554432,575.72,,
0,bench/30gib-2.bin,81,33554432,353.55,,
0,bench/30gib-2.bin,82,33554432,355.19,,
0,bench/30gib-2.bin,83,33554432,519.16,,
0,bench/30gib-2.bin,84,33554432,350.60,,
0,bench/30gib-2.bin,85,33554432,591.27,,
0,bench/30gib-2.bin,86,33554432,423.19,,
0,bench/30gib-2.bin,87,33554432,420.64,,
0,bench/30gib-2.bin,88,33554432,415.82,,
0,bench/30gib-2.bin,89,33554432,515.09,,
0,bench/30gib-2.bin,90,33554432,354.54,,
0,bench/30gib-2.bin,91,33554432,412.69,,
0,bench/30gib-2.bin,92,33554432,399.75,,
0,bench/30gib-2.bin,93,33554432,518.04,,
0,bench/30gib-2.bin,94,33554432,351.94,,
0,bench/30gib-2.bin,95,33554432,504.28,,
0,bench/30gib-2.bin,96,33554432,438.25,,
0,bench/30gib-2.bin,97,33554432,395.68,,
0,bench/30gib-2.bin,98,33554432,358.24,,
0,bench/30gib-2.bin,99,33554432,727.86,,
0,bench/30gib-2.bin,100,33554432,361.61,,
0,bench/30gib-2.bin,101,33554432,362.18,,
0,bench/30gib-2.bin,102,33554432,359.29,,
0,bench/30gib-2.bin,103,33554432,413.17,,
0,bench/30gib-2.bin,104,33554432,448.31,,
0,bench/30gib-2.bin,105,33554432,351.89,,
0,bench/30gib-2.bin,106,33554432,341.93,,
0,bench/30gib-2.bin,107,33554432,362.64,,
0,bench/30gib-2.bin,108,33554432,542.75,,
0,bench/30gib-2.bin,109,33554432,558.10,,
0,bench/30gib-2.bin,110,33554432,564.64,,
0,bench/30gib-2.bin,111,33554432,348.49,,
0,bench/30gib-2.bin,112,33554432,344.86,,
0,bench/30gib-2.bin,113,33554432,379.28,,
0,bench/30gib-2.bin,114,33554432,390.36,,
0,bench/30gib-2.bin,115,33554432,459.36,,
0,bench/30gib-2.bin,116,33554432,723.88,,
0,bench/30gib-2.bin,117,33554432,409.97,,
0,bench/30gib-2.bin,118,33554432,435.05,,
0,bench/30gib-2.bin,119,33554432,616.25,,
0,bench/30gib-2.bin,120,33554432,385.67,,
0,bench/30gib-2.bin,121,33554432,593.07,,
0,bench/30gib-2.bin,122,33554432,616.07,,
0,bench/30gib-2.bin,123,33554432,405.40,,
0,bench/30gib-2.bin,124,33554432,594.35,,
0,bench/30gib-2.bin,125,33554432,370.85,,
0,bench/30gib-2.bin,126,33554432,456.55,,
0,bench/30gib-2.bin,127,33554432,409.24,,
0,bench/30gib-2.bin,128,33554432,412.65,,
0,bench/30gib-2.bin,129,33554432,364.63,,
0,bench/30gib-2.bin,130,33554432,357.91,,
0,bench/30gib-2.bin,131,33554432,347.90,,
0,bench/30gib-2.bin,132,33554432,443.01,,
0,bench/30gib-2.bin,133,33554432,404.43,,
0,bench/30gib-2.bin,134,33554432,494.98,,
0,bench/30gib-2.bin,135,33554432,343.46,,
0,bench/30gib-2.bin,136,33554432,499.69,,
0,bench/30gib-2.bin,137,33554432,345.52,,
0,bench/30gib-2.bin,138,33554432,472.48,,
0,bench/30gib-2.bin,139,33554432,405.88,,
0,bench/30gib-2.bin,140,33554432,363.88,,
0,bench/30gib-2.bin,141,33554432,387.43,,
0,bench/30gib-2.bin,142,33554432,342.27,,
0,bench/30gib-2.bin,143,33554432,346.23,,
0,bench/30gib-2.bin,144,33554432,503.38,,
0,bench/30gib-2.bin,145,33554432,367.00,,
0,bench/30gib-2.bin,146,33554432,510.32,,
0,bench/30gib-2.bin,147,33554432,355.97,,
0,bench/30gib-2.bin,148,33554432,392.00,,
0,bench/30gib-2.bin,149,33554432,345.94,,
0,bench/30gib-2.bin,150,33554432,528.20,,
0,bench/30gib-2.bin,151,33554432,507.97,,
0,bench/30gib-2.bin,152,33554432,342.12,,
0,bench/30gib-2.bin,153,33554432,495.29,,
0,bench/30gib-2.bin,154,33554432,340.89,,
0,bench/30gib-2.bin,155,33554432,462.86,,
0,bench/30gib-2.bin,156,33554432,388.03,,
0,bench/30gib-2.bin,157,33554432,375.69,,
0,bench/30gib-2.bin,158,33554432,527.07,,
0,bench/30gib-2.bin,159,33554432,342.09,,
0,bench/30gib-2.bin,160,33554432,383.66,,
0,bench/30gib-2.bin,161,33554432,411.63,,
0,bench/30gib-2.bin,162,33554432,374.29,,
0,bench/30gib-2.bin,163,33554432,692.75,,
0,bench/30gib-2.bin,164,33554432,361.53,,
0,bench/30gib-2.bin,165,33554432,342.06,,
0,bench/30gib-2.bin,166,33554432,595.25,,
0,bench/30gib-2.bin,167,33554432,342.97,,
0,bench/30gib-2.bin,168,33554432,346.25,,
0,bench/30gib-2.bin,169,33554432,366.33,,
0,bench/30gib-2.bin,170,33554432,800.16,,
0,bench/30gib-2.bin,171,33554432,474.47,,
0,bench/30gib-2.bin,172,33554432,402.67,,
0,bench/30gib-2.bin,173,33554432,372.40,,
0,bench/30gib-2.bin,174,33554432,384.19,,
0,bench/30gib-2.bin,175,33554432,480.30,,
0,bench/30gib-2.bin,176,33554432,418.19,,
0,bench/30gib-2.bin,177,33554432,460.65,,
0,bench/30gib-2.bin,178,33554432,369.35,,
0,bench/30gib-2.bin,179,33554432,417.35,,
0,bench/30gib-2.bin,180,33554432,481.90,,
0,bench/30gib-2.bin,181,33554432,502.63,,
0,bench/30gib-2.bin,182,33554432,375.79,,
0,bench/30gib-2.bin,183,33554432,432.17,,
0,bench/30gib-2.bin,184,33554432,489.47,,
0,bench/30gib-2.bin,185,33554432,499.46,,
0,bench/30gib-2.bin,186,33554432,678.02,,
0,bench/30gib-2.bin,187,33554432,447.50,,
0,bench/30gib-2.bin,188,33554432,401.49,,
0,bench/30gib-2.bin,189,33554432,514.06,,
0,bench/30gib-2.bin,190,33554432,365.84,,
0,bench/30gib-2.bin,191,33554432,404.28,,
0,bench/30gib-2.bin,192,33554432,495.86,,
0,bench/30gib-2.bin,193,33554432,444.47,,
0,bench/30gib-2.bin,194,33554432,340.34,,
0,bench/30gib-2.bin,195,33554432,394.82,,
0,bench/30gib-2.bin,196,33554432,420.95,,
0,bench/30gib-2.bin,197,33554432,432.74,,
0,bench/30gib-2.bin,198,33554432,619.67,,
0,bench/30gib-2.bin,199,33554432,366.85,,
0,bench/30gib-2.bin,200,33554432,467.21,,
0,bench/30gib-2.bin,201,33554432,554.96,,
0,bench/30gib-2.bin,202,33554432,364.06,,
0,bench/30gib-2.bin,203,33554432,416.07,,
0,bench/30gib-2.bin,204,33554432,412.43,,
0,bench/30gib-2.bin,205,33554432,341.18,,
0,bench/30gib-2.bin,206,33554432,746.88,,
0,bench/30gib-2.bin,207,33554432,346.21,,
0,bench/30gib-2.bin,208,33554432,355.71,,
0,bench/30gib-2.bin,209,33554432,423.95,,
0,bench/30gib-2.bin,210,33554432,350.51,,
0,bench/30gib-2.bin,211,33554432,578.55,,
0,bench/30gib-2.bin,212,33554432,349.22,,
0,bench/30gib-2.bin,213,33554432,340.77,,
0,bench/30gib-2.bin,214,33554432,513.72,,
0,bench/30gib-2.bin,215,33554432,343.89,,
0,bench/30gib-2.bin,216,33554432,452.60,,
0,bench/30gib-2.bin,217,33554432,383.01,,
0,bench/30gib-2.bin,218,33554432,343.30,,
0,bench/30gib-2.bin,219,33554432,392.35,,
0,bench/30gib-2.bin,220,33554432,538.38,,
0,bench/30gib-2.bin,221,33554432,418.38,,
0,bench/30gib-2.bin,222,33554432,441.61,,
0,bench/30gib-2.bin,223,33554432,359.98,,
0,bench/30gib-2.bin,224,33554432,572.97,,
0,bench/30gib-2.bin,225,33554432,342.47,,
0,bench/30gib-2.bin,226,33554432,341.21,,
0,bench/30gib-2.bin,227,33554432,404.22,,
0,bench/30gib-2.bin,228,33554432,429.65,,
0,bench/30gib-2.bin,229,33554432,346.84,,
0,bench/30gib-2.bin,230,33554432,405.24,,
0,bench/30gib-2.bin,231,33554432,412.61,,
0,bench/30gib-2.bin,232,33554432,357.87,,
0,bench/30gib-2.bin,233,33554432,342.55,,
0,bench/30gib-2.bin,234,33554432,393.88,,
0,bench/30gib-2.bin,235,33554432,410.00,,
0,bench/30gib-2.bin,236,33554432,412.78,,
0,bench/30gib-2.bin,237,33554432,368.25,,
0,bench/30gib-2.bin,238,33554432,361.70,,
0,bench/30gib-2.bin,239,33554432,399.90,,
0,bench/30gib-2.bin,240,33554432,346.54,,
0,bench/30gib-2.bin,241,33554432,514.26,,
0,bench/30gib-2.bin,242,33554432,353.85,,
0,bench/30gib-2.bin,243,33554432,345.68,,
0,bench/30gib-2.bin,244,33554432,341.79,,
0,bench/30gib-2.bin,245,33554432,439.07,,
0,bench/30gib-2.bin,246,33554432,344.31,,
0,bench/30gib-2.bin,247,33554432,433.61,,
0,bench/30gib-2.bin,248,33554432,392.45,,
0,bench/30gib-2.bin,249,33554432,366.51,,
0,bench/30gib-2.bin,250,33554432,439.04,,
0,bench/30gib-2.bin,251,33554432,350.03,,
0,bench/30gib-2.bin,252,33554432,678.65,,
0,bench/30gib-2.bin,253,33554432,446.18,,
0,bench/30gib-2.bin,254,33554432,346.92,,
0,bench/30gib-2.bin,255,33554432,347.15,,
0,bench/30gib-2.bin,256,33554432,356.67,,
0,bench/30gib-2.bin,257,33554432,371.17,,
0,bench/30gib-2.bin,258,33554432,567.72,,
0,bench/30gib-2.bin,259,33554432,541.33,,
0,bench/30gib-2.bin,260,33554432,379.35,,
0,bench/30gib-2.bin,261,33554432,345.41,,
0,bench/30gib-2.bin,262,33554432,348.31,,
0,bench/30gib-2.bin,263,33554432,513.65,,
0,bench/30gib-2.bin,264,33554432,528.48,,
0,bench/30gib-2.bin,265,33554432,378.26,,
0,bench/30gib-2.bin,266,33554432,450.22,,
0,bench/30gib-2.bin,267,33554432,571.21,,
0,bench/30gib-2.bin,268,33554432,348.42,,
0,bench/30gib-2.bin,269,33554432,343.23,,
0,bench/30gib-2.bin,270,33554432,341.20,,
0,bench/30gib-2.bin,271,33554432,501.21,,
0,bench/30gib-2.bin,272,33554432,369.08,,
0,bench/30gib-2.bin,273,33554432,752.41,,
0,bench/30gib-2.bin,274,33554432,428.83,,
0,bench/30gib-2.bin,275,33554432,408.01,,
0,bench/30gib-2.bin,276,33554432,345.54,,
0,bench/30gib-2.bin,277,33554432,342.49,,
0,bench/30gib-2.bin,278,33554432,345.59,,
0,bench/30gib-2.bin,279,33554432,428.55,,
0,bench/30gib-2.bin,280,33554432,403.04,,
0,bench/30gib-2.bin,281,33554432,373.86,,
0,bench/30gib-2.bin,282,33554432,347.90,,
0,bench/30gib-2.bin,283,33554432,342.88,,
0,bench/30gib-2.bin,284,33554432,356.61,,
0,bench/30gib-2.bin,285,33554432,350.09,,
0,bench/30gib-2.bin,286,33554432,345.00,,
0,bench/30gib-2.bin,287,33554432,669.36,,
0,bench/30gib-2.bin,288,33554432,456.40,,
0,bench/30gib-2.bin,289,33554432,455.81,,
0,bench/30gib-2.bin,290,33554432,379.23,,
0,bench/30gib-2.bin,291,33554432,449.61,,
0,bench/30gib-2.bin,292,33554432,438.43,,
0,bench/30gib-2.bin,293,33554432,344.22,,
0,bench/30gib-2.bin,294,33554432,358.05,,
0,bench/30gib-2.bin,295,33554432,423.00,,
0,bench/30gib-2.bin,296,33554432,352.21,,
0,bench/30gib-2.bin,297,33554432,354.26,,
0,bench/30gib-2.bin,298,33554432,613.31,,
0,bench/30gib-2.bin,299,33554432,364.70,,
0,bench/30gib-2.bin,300,33554432,387.80,,
0,bench/30gib-2.bin,301,33554432,367.90,,
0,bench/30gib-2.bin,302,33554432,441.46,,
0,bench/30gib-2.bin,303,33554432,374.29,,
0,bench/30gib-2.bin,304,33554432,399.50,,
0,bench/30gib-2.bin,305,33554432,555.67,,
0,bench/30gib-2.bin,306,33554432,348.24,,
0,bench/30gib-2.bin,307,33554432,634.68,,
0,bench/30gib-2.bin,308,33554432,346.00,,
0,bench/30gib-2.bin,309,33554432,360.43,,
0,bench/30gib-2.bin,310,33554432,349.33,,
0,bench/30gib-2.bin,311,33554432,434.37,,
0,bench/30gib-2.bin,312,33554432,392.03,,
0,bench/30gib-2.bin,313,33554432,415.99,,
0,bench/30gib-2.bin,314,33554432,459.31,,
0,bench/30gib-2.bin,315,33554432,439.15,,
0,bench/30gib-2.bin,316,33554432,385.40,,
0,bench/30gib-2.bin,317,33554432,376.55,,
0,bench/30gib-2.bin,318,33554432,349.31,,
0,bench/30gib-2.bin,319,33554432,471.46,,
0,bench/30gib-2.bin,320,33554432,342.14,,
0,bench/30gib-2.bin,321,33554432,391.68,,
0,bench/30gib-2.bin,322,33554432,345.21,,
0,bench/30gib-2.bin,323,33554432,502.74,,
0,bench/30gib-2.bin,324,33554432,343.07,,
0,bench/30gib-2.bin,325,33554432,472.74,,
0,bench/30gib-2.bin,326,33554432,380.88,,
0,bench/30gib-2.bin,327,33554432,495.20,,
0,bench/30gib-2.bin,328,33554432,501.86,,
0,bench/30gib-2.bin,329,33554432,398.10,,
0,bench/30gib-2.bin,330,33554432,399.54,,
0,bench/30gib-2.bin,331,33554432,457.66,,
0,bench/30gib-2.bin,332,33554432,392.64,,
0,bench/30gib-2.bin,333,33554432,343.87,,
0,bench/30gib-2.bin,334,33554432,420.54,,
0,bench/30gib-2.bin,335,33554432,628.18,,
0,bench/30gib-2.bin,336,33554432,446.11,,
0,bench/30gib-2.bin,337,33554432,351.24,,
0,bench/30gib-2.bin,338,33554432,363.74,,
0,bench/30gib-2.bin,339,33554432,385.80,,
0,bench/30gib-2.bin,340,33554432,346.24,,
0,bench/30gib-2.bin,341,33554432,355.81,,
0,bench/30gib-2.bin,342,33554432,384.92,,
0,bench/30gib-2.bin,343,33554432,390.76,,
0,bench/30gib-2.bin,344,33554432,340.17,,
0,bench/30gib-2.bin,345,33554432,436.94,,
0,bench/30gib-2.bin,346,33554432,383.71,,
0,bench/30gib-2.bin,347,33554432,440.28,,
0,bench/30gib-2.bin,348,33554432,386.67,,
0,bench/30gib-2.bin,349,33554432,502.54,,
0,bench/30gib-2.bin,350,33554432,534.96,,
0,bench/30gib-2.bin,351,33554432,535.51,,
0,bench/30gib-2.bin,352,33554432,383.65,,
0,bench/30gib-2.bin,353,33554432,381.66,,
0,bench/30gib-2.bin,354,33554432,345.89,,
0,bench/30gib-2.bin,355,33554432,342.60,,
0,bench/30gib-2.bin,356,33554432,344.17,,
0,bench/30gib-2.bin,357,33554432,343.86,,
0,bench/30gib-2.bin,358,33554432,480.75,,
0,bench/30gib-2.bin,359,33554432,395.92,,
0,bench/30gib-2.bin,360,33554432,351.84,,
0,bench/30gib-2.bin,361,33554432,427.77,,
0,bench/30gib-2.bin,362,33554432,344.86,,
0,bench/30gib-2.bin,363,33554432,467.78,,
0,bench/30gib-2.bin,364,33554432,369.99,,
0,bench/30gib-2.bin,365,33554432,386.01,,
0,bench/30gib-2.bin,366,33554432,440.29,,
0,bench/30gib-2.bin,367,33554432,401.60,,
0,bench/30gib-2.bin,368,33554432,518.16,,
0,bench/30gib-2.bin,369,33554432,345.10,,
0,bench/30gib-2.bin,370,33554432,352.30,,
0,bench/30gib-2.bin,371,33554432,425.78,,
0,bench/30gib-2.bin,372,33554432,441.25,,
0,bench/30gib-2.bin,373,33554432,356.09,,
0,bench/30gib-2.bin,374,33554432,339.67,,
0,bench/30gib-2.bin,375,33554432,469.18,,
0,bench/30gib-2.bin,376,33554432,432.64,,
0,bench/30gib-2.bin,377,33554432,339.38,,
0,bench/30gib-2.bin,378,33554432,461.64,,
0,bench/30gib-2.bin,379,33554432,349.94,,
0,bench/30gib-2.bin,380,33554432,674.26,,
0,bench/30gib-2.bin,381,33554432,463.82,,
0,bench/30gib-2.bin,382,33554432,363.13,,
0,bench/30gib-2.bin,383,33554432,463.46,,
0,bench/30gib-2.bin,384,33554432,346.19,,
0,bench/30gib-2.bin,385,33554432,469.37,,
0,bench/30gib-2.bin,386,33554432,477.49,,
0,bench/30gib-2.bin,387,33554432,341.83,,
0,bench/30gib-2.bin,388,33554432,344.72,,
0,bench/30gib-2.bin,389,33554432,392.04,,
0,bench/30gib-2.bin,390,33554432,355.58,,
0,bench/30gib-2.bin,391,33554432,364.56,,
0,bench/30gib-2.bin,392,33554432,386.07,,
0,bench/30gib-2.bin,393,33554432,352.53,,
0,bench/30gib-2.bin,394,33554432,387.14,,
0,bench/30gib-2.bin,395,33554432,344.95,,
0,bench/30gib-2.bin,396,33554432,343.17,,
0,bench/30gib-2.bin,397,33554432,353.17,,
0,bench/30gib-2.bin,398,33554432,632.46,,
0,bench/30gib-2.bin,399,33554432,340.04,,
0,bench/30gib-2.bin,400,33554432,428.16,,
0,bench/30gib-2.bin,401,33554432,470.87,,
0,bench/30gib-2.bin,402,33554432,472.13,,
0,bench/30gib-2.bin,403,33554432,358.91,,
0,bench/30gib-2.bin,404,33554432,354.94,,
0,bench/30gib-2.bin,405,33554432,351.58,,
0,bench/30gib-2.bin,406,33554432,344.63,,
0,bench/30gib-2.bin,407,33554432,349.67,,
0,bench/30gib-2.bin,408,33554432,516.77,,
0,bench/30gib-2.bin,409,33554432,363.79,,
0,bench/30gib-2.bin,410,33554432,343.00,,
0,bench/30gib-2.bin,411,33554432,343.79,,
0,bench/30gib-2.bin,412,33554432,360.28,,
0,bench/30gib-2.bin,413,33554432,340.71,,
0,bench/30gib-2.bin,414,33554432,514.37,,
0,bench/30gib-2.bin,415,33554432,426.73,,
0,bench/30gib-2.bin,416,33554432,404.65,,
0,bench/30gib-2.bin,417,33554432,342.15,,
0,bench/30gib-2.bin,418,33554432,340.55,,
0,bench/30gib-2.bin,419,33554432,439.26,,
0,bench/30gib-2.bin,420,33554432,343.20,,
0,bench/30gib-2.bin,421,33554432,342.53,,
0,bench/30gib-2.bin,422,33554432,499.58,,
0,bench/30gib-2.bin,423,33554432,341.80,,
0,bench/30gib-2.bin,424,33554432,353.56,,
0,bench/30gib-2.bin,425,33554432,552.80,,
0,bench/30gib-2.bin,426,33554432,346.37,,
0,bench/30gib-2.bin,427,33554432,427.55,,
0,bench/30gib-2.bin,428,33554432,432.17,,
0,bench/30gib-2.bin,429,33554432,350.81,,
0,bench/30gib-2.bin,430,33554432,358.37,,
0,bench/30gib-2.bin,431,33554432,436.21,,
0,bench/30gib-2.bin,432,33554432,342.52,,
0,bench/30gib-2.bin,433,33554432,434.78,,
0,bench/30gib-2.bin,434,33554432,404.69,,
0,bench/30gib-2.bin,435,33554432,444.34,,
0,bench/30gib-2.bin,436,33554432,352.56,,
0,bench/30gib-2.bin,437,33554432,340.77,,
0,bench/30gib-2.bin,438,33554432,360.99,,
0,bench/30gib-2.bin,439,33554432,497.95,,
0,bench/30gib-2.bin,440,33554432,399.01,,
0,bench/30gib-2.bin,441,33554432,432.74,,
0,bench/30gib-2.bin,442,33554432,397.58,,
0,bench/30gib-2.bin,443,33554432,406.47,,
0,bench/30gib-2.bin,444,33554432,409.59,,
0,bench/30gib-2.bin,445,33554432,345.05,,
0,bench/30gib-2.bin,446,33554432,373.84,,
0,bench/30gib-2.bin,447,33554432,351.61,,
0,bench/30gib-2.bin,448,33554432,357.39,,
0,bench/30gib-2.bin,449,33554432,395.43,,
0,bench/30gib-2.bin,450,33554432,363.28,,
0,bench/30gib-2.bin,451,33554432,360.56,,
0,bench/30gib-2.bin,452,33554432,351.22,,
0,bench/30gib-2.bin,453,33554432,446.04,,
0,bench/30gib-2.bin,454,33554432,425.62,,
0,bench/30gib-2.bin,455,33554432,384.24,,
0,bench/30gib-2.bin,456,33554432,343.76,,
0,bench/30gib-2.bin,457,33554432,480.08,,
0,bench/30gib-2.bin,458,33554432,352.92,,
0,bench/30gib-2.bin,459,33554432,351.16,,
0,bench/30gib-2.bin,460,33554432,346.55,,
0,bench/30gib-2.bin,461,33554432,342.56,,
0,bench/30gib-2.bin,462,33554432,350.62,,
0,bench/30gib-2.bin,463,33554432,386.07,,
0,bench/30gib-2.bin,464,33554432,340.25,,
0,bench/30gib-2.bin,465,33554432,343.43,,
0,bench/30gib-2.bin,466,33554432,361.12,,
0,bench/30gib-2.bin,467,33554432,351.91,,
0,bench/30gib-2.bin,468,33554432,462.71,,
0,bench/30gib-2.bin,469,33554432,450.35,,
0,bench/30gib-2.bin,470,33554432,374.81,,
0,bench/30gib-2.bin,471,33554432,341.01,,
0,bench/30gib-2.bin,472,33554432,539.85,,
0,bench/30gib-2.bin,473,33554432,344.02,,
0,bench/30gib-2.bin,474,33554432,367.43,,
0,bench/30gib-2.bin,475,33554432,357.86,,
0,bench/30gib-2.bin,476,33554432,341.88,,
0,bench/30gib-2.bin,477,33554432,552.65,,
0,bench/30gib-2.bin,478,33554432,368.42,,
0,bench/30gib-2.bin,479,33554432,444.72,,
0,bench/30gib-2.bin,480,33554432,424.69,,
0,bench/30gib-2.bin,481,33554432,433.97,,
0,bench/30gib-2.bin,482,33554432,362.15,,
0,bench/30gib-2.bin,483,33554432,383.41,,
0,bench/30gib-2.bin,484,33554432,398.44,,
0,bench/30gib-2.bin,485,33554432,367.49,,
0,bench/30gib-2.bin,486,33554432,367.42,,
0,bench/30gib-2.bin,487,33554432,579.44,,
0,bench/30gib-2.bin,488,33554432,428.32,,
0,bench/30gib-2.bin,489,33554432,459.08,,
0,bench/30gib-2.bin,490,33554432,546.61,,
0,bench/30gib-2.bin,491,33554432,343.42,,
0,bench/30gib-2.bin,492,33554432,341.92,,
0,bench/30gib-2.bin,493,33554432,342.17,,
0,bench/30gib-2.bin,494,33554432,390.92,,
0,bench/30gib-2.bin,495,33554432,344.34,,
0,bench/30gib-2.bin,496,33554432,381.68,,
0,bench/30gib-2.bin,497,33554432,343.11,,
0,bench/30gib-2.bin,498,33554432,356.21,,
0,bench/30gib-2.bin,499,33554432,496.07,,
0,bench/30gib-2.bin,500,33554432,375.12,,
0,bench/30gib-2.bin,501,33554432,368.52,,
0,bench/30gib-2.bin,502,33554432,356.85,,
0,bench/30gib-2.bin,503,33554432,350.88,,
0,bench/30gib-2.bin,504,33554432,343.75,,
0,bench/30gib-2.bin,505,33554432,535.67,,
0,bench/30gib-2.bin,506,33554432,424.70,,
0,bench/30gib-2.bin,507,33554432,370.01,,
0,bench/30gib-2.bin,508,33554432,403.81,,
0,bench/30gib-2.bin,509,33554432,389.35,,
0,bench/30gib-2.bin,510,33554432,616.58,,
0,bench/30gib-2.bin,511,33554432,555.50,,
0,bench/30gib-2.bin,512,33554432,351.12,,
0,bench/30gib-2.bin,513,33554432,474.32,,
0,bench/30gib-2.bin,514,33554432,395.28,,
0,bench/30gib-2.bin,515,33554432,545.68,,
0,bench/30gib-2.bin,516,33554432,426.40,,
0,bench/30gib-2.bin,517,33554432,581.13,,
0,bench/30gib-2.bin,518,33554432,342.33,,
0,bench/30gib-2.bin,519,33554432,382.19,,
0,bench/30gib-2.bin,520,33554432,546.79,,
0,bench/30gib-2.bin,521,33554432,436.97,,
0,bench/30gib-2.bin,522,33554432,437.35,,
0,bench/30gib-2.bin,523,33554432,441.25,,
0,bench/30gib-2.bin,524,33554432,423.32,,
0,bench/30gib-2.bin,525,33554432,347.36,,
0,bench/30gib-2.bin,526,33554432,438.53,,
0,bench/30gib-2.bin,527,33554432,349.92,,
0,bench/30gib-2.bin,528,33554432,364.14,,
0,bench/30gib-2.bin,529,33554432,375.90,,
0,bench/30gib-2.bin,530,33554432,348.69,,
0,bench/30gib-2.bin,531,33554432,342.02,,
0,bench/30gib-2.bin,532,33554432,343.64,,
0,bench/30gib-2.bin,533,33554432,426.58,,
0,bench/30gib-2.bin,534,33554432,341.59,,
0,bench/30gib-2.bin,535,33554432,500.50,,
0,bench/30gib-2.bin,536,33554432,397.44,,
0,bench/30gib-2.bin,537,33554432,379.92,,
0,bench/30gib-2.bin,538,33554432,532.35,,
0,bench/30gib-2.bin,539,33554432,341.91,,
0,bench/30gib-2.bin,540,33554432,387.78,,
0,bench/30gib-2.bin,541,33554432,365.46,,
0,bench/30gib-2.bin,542,33554432,479.72,,
0,bench/30gib-2.bin,543,33554432,410.64,,
0,bench/30gib-2.bin,544,33554432,369.77,,
0,bench/30gib-2.bin,545,33554432,348.68,,
0,bench/30gib-2.bin,546,33554432,471.29,,
0,bench/30gib-2.bin,547,33554432,580.75,,
0,bench/30gib-2.bin,548,33554432,363.82,,
0,bench/30gib-2.bin,549,33554432,534.53,,
0,bench/30gib-2.bin,550,33554432,417.22,,
0,bench/30gib-2.bin,551,33554432,437.06,,
0,bench/30gib-2.bin,552,33554432,464.52,,
0,bench/30gib-2.bin,553,33554432,341.18,,
0,bench/30gib-2.bin,554,33554432,527.66,,
0,bench/30gib-2.bin,555,33554432,353.25,,
0,bench/30gib-2.bin,556,33554432,343.37,,
0,bench/30gib-2.bin,557,33554432,469.59,,
0,bench/30gib-2.bin,558,33554432,429.25,,
0,bench/30gib-2.bin,559,33554432,430.61,,
0,bench/30gib-2.bin,560,33554432,344.04,,
0,bench/30gib-2.bin,561,33554432,419.75,,
0,bench/30gib-2.bin,562,33554432,384.89,,
0,bench/30gib-2.bin,563,33554432,412.65,,
0,bench/30gib-2.bin,564,33554432,349.85,,
0,bench/30gib-2.bin,565,33554432,418.29,,
0,bench/30gib-2.bin,566,33554432,375.91,,
0,bench/30gib-2.bin,567,33554432,414.14,,
0,bench/30gib-2.bin,568,33554432,342.96,,
0,bench/30gib-2.bin,569,33554432,409.96,,
0,bench/30gib-2.bin,570,33554432,346.11,,
0,bench/30gib-2.bin,571,33554432,471.06,,
0,bench/30gib-2.bin,572,33554432,507.23,,
0,bench/30gib-2.bin,573,33554432,351.20,,
0,bench/30gib-2.bin,574,33554432,472.87,,
0,bench/30gib-2.bin,575,33554432,429.21,,
0,bench/30gib-2.bin,576,33554432,362.09,,
0,bench/30gib-2.bin,577,33554432,439.07,,
0,bench/30gib-2.bin,578,33554432,458.36,,
0,bench/30gib-2.bin,579,33554432,354.54,,
0,bench/30gib-2.bin,580,33554432,341.92,,
0,bench/30gib-2.bin,581,33554432,459.37,,
0,bench/30gib-2.bin,582,33554432,541.38,,
0,bench/30gib-2.bin,583,33554432,428.53,,
0,bench/30gib-2.bin,584,33554432,397.88,,
0,bench/30gib-2.bin,585,33554432,373.95,,
0,bench/30gib-2.bin,586,33554432,341.14,,
0,bench/30gib-2.bin,587,33554432,484.69,,
0,bench/30gib-2.bin,588,33554432,424.17,,
0,bench/30gib-2.bin,589,33554432,426.26,,
0,bench/30gib-2.bin,590,33554432,341.35,,
0,bench/30gib-2.bin,591,33554432,368.33,,
0,bench/30gib-2.bin,592,33554432,457.39,,
0,bench/30gib-2.bin,593,33554432,366.12,,
0,bench/30gib-2.bin,594,33554432,342.22,,
0,bench/30gib-2.bin,595,33554432,368.04,,
0,bench/30gib-2.bin,596,33554432,480.22,,
0,bench/30gib-2.bin,597,33554432,472.05,,
0,bench/30gib-2.bin,598,33554432,351.00,,
0,bench/30gib-2.bin,599,33554432,629.44,,
0,bench/30gib-2.bin,600,33554432,701.15,,
0,bench/30gib-2.bin,601,33554432,423.32,,
0,bench/30gib-2.bin,602,33554432,394.76,,
0,bench/30gib-2.bin,603,33554432,373.12,,
0,bench/30gib-2.bin,604,33554432,350.81,,
0,bench/30gib-2.bin,605,33554432,377.24,,
0,bench/30gib-2.bin,606,33554432,641.47,,
0,bench/30gib-2.bin,607,33554432,433.59,,
0,bench/30gib-2.bin,608,33554432,418.72,,
0,bench/30gib-2.bin,609,33554432,535.65,,
0,bench/30gib-2.bin,610,33554432,351.72,,
0,bench/30gib-2.bin,611,33554432,351.27,,
0,bench/30gib-2.bin,612,33554432,346.47,,
0,bench/30gib-2.bin,613,33554432,396.47,,
0,bench/30gib-2.bin,614,33554432,383.80,,
0,bench/30gib-2.bin,615,33554432,340.45,,
0,bench/30gib-2.bin,616,33554432,401.81,,
0,bench/30gib-2.bin,617,33554432,500.69,,
0,bench/30gib-2.bin,618,33554432,397.54,,
0,bench/30gib-2.bin,619,33554432,419.68,,
0,bench/30gib-2.bin,620,33554432,497.06,,
0,bench/30gib-2.bin,621,33554432,448.38,,
0,bench/30gib-2.bin,622,33554432,366.43,,
0,bench/30gib-2.bin,623,33554432,466.86,,
0,bench/30gib-2.bin,624,33554432,444.47,,
0,bench/30gib-2.bin,625,33554432,387.43,,
0,bench/30gib-2.bin,626,33554432,372.63,,
0,bench/30gib-2.bin,627,33554432,386.24,,
0,bench/30gib-2.bin,628,33554432,548.81,,
0,bench/30gib-2.bin,629,33554432,385.52,,
0,bench/30gib-2.bin,630,33554432,424.55,,
0,bench/30gib-2.bin,631,33554432,356.50,,
0,bench/30gib-2.bin,632,33554432,341.76,,
0,bench/30gib-2.bin,633,33554432,504.11,,
0,bench/30gib-2.bin,634,33554432,697.58,,
0,bench/30gib-2.bin,635,33554432,475.84,,
0,bench/30gib-2.bin,636,33554432,457.30,,
0,bench/30gib-2.bin,637,33554432,350.68,,
0,bench/30gib-2.bin,638,33554432,694.89,,
0,bench/30gib-2.bin,639,33554432,352.80,,
0,bench/30gib-2.bin,640,33554432,499.82,,
0,bench/30gib-2.bin,641,33554432,376.11,,
0,bench/30gib-2.bin,642,33554432,450.59,,
0,bench/30gib-2.bin,643,33554432,364.27,,
0,bench/30gib-2.bin,644,33554432,342.88,,
0,bench/30gib-2.bin,645,33554432,367.22,,
0,bench/30gib-2.bin,646,33554432,381.54,,
0,bench/30gib-2.bin,647,33554432,395.68,,
0,bench/30gib-2.bin,648,33554432,431.98,,
0,bench/30gib-2.bin,649,33554432,353.11,,
0,bench/30gib-2.bin,650,33554432,424.50,,
0,bench/30gib-2.bin,651,33554432,345.76,,
0,bench/30gib-2.bin,652,33554432,344.63,,
0,bench/30gib-2.bin,653,33554432,428.22,,
0,bench/30gib-2.bin,654,33554432,419.41,,
0,bench/30gib-2.bin,655,33554432,479.77,,
0,bench/30gib-2.bin,656,33554432,345.46,,
0,bench/30gib-2.bin,657,33554432,342.48,,
0,bench/30gib-2.bin,658,33554432,343.24,,
0,bench/30gib-2.bin,659,33554432,474.72,,
0,bench/30gib-2.bin,660,33554432,345.97,,
0,bench/30gib-2.bin,661,33554432,396.51,,
0,bench/30gib-2.bin,662,33554432,347.60,,
0,bench/30gib-2.bin,663,33554432,341.86,,
0,bench/30gib-2.bin,664,33554432,535.42,,
0,bench/30gib-2.bin,665,33554432,399.49,,
0,bench/30gib-2.bin,666,33554432,588.62,,
0,bench/30gib-2.bin,667,33554432,369.91,,
0,bench/30gib-2.bin,668,33554432,353.39,,
0,bench/30gib-2.bin,669,33554432,344.24,,
0,bench/30gib-2.bin,670,33554432,561.19,,
0,bench/30gib-2.bin,671,33554432,348.80,,
0,bench/30gib-2.bin,672,33554432,452.72,,
0,bench/30gib-2.bin,673,33554432,438.54,,
0,bench/30gib-2.bin,674,33554432,470.66,,
0,bench/30gib-2.bin,675,33554432,340.50,,
0,bench/30gib-2.bin,676,33554432,375.18,,
0,bench/30gib-2.bin,677,33554432,598.00,,
0,bench/30gib-2.bin,678,33554432,415.70,,
0,bench/30gib-2.bin,679,33554432,438.57,,
0,bench/30gib-2.bin,680,33554432,355.44,,
0,bench/30gib-2.bin,681,33554432,386.92,,
0,bench/30gib-2.bin,682,33554432,435.12,,
0,bench/30gib-2.bin,683,33554432,353.87,,
0,bench/30gib-2.bin,684,33554432,509.35,,
0,bench/30gib-2.bin,685,33554432,505.87,,
0,bench/30gib-2.bin,686,33554432,366.24,,
0,bench/30gib-2.bin,687,33554432,344.40,,
0,bench/30gib-2.bin,688,33554432,526.77,,
0,bench/30gib-2.bin,689,33554432,395.28,,
0,bench/30gib-2.bin,690,33554432,458.56,,
0,bench/30gib-2.bin,691,33554432,488.95,,
0,bench/30gib-2.bin,692,33554432,347.27,,
0,bench/30gib-2.bin,693,33554432,396.48,,
0,bench/30gib-2.bin,694,33554432,366.03,,
0,bench/30gib-2.bin,695,33554432,357.12,,
0,bench/30gib-2.bin,696,33554432,440.69,,
0,bench/30gib-2.bin,697,33554432,485.34,,
0,bench/30gib-2.bin,698,33554432,472.31,,
0,bench/30gib-2.bin,699,33554432,454.55,,
0,bench/30gib-2.bin,700,33554432,625.71,,
0,bench/30gib-2.bin,701,33554432,358.64,,
0,bench/30gib-2.bin,702,33554432,374.20,,
0,bench/30gib-2.bin,703,33554432,379.65,,
0,bench/30gib-2.bin,704,33554432,342.97,,
0,bench/30gib-2.bin,705,33554432,420.18,,
0,bench/30gib-2.bin,706,33554432,497.44,,
0,bench/30gib-2.bin,707,33554432,405.92,,
0,bench/30gib-2.bin,708,33554432,517.56,,
0,bench/30gib-2.bin,709,33554432,341.21,,
0,bench/30gib-2.bin,710,33554432,446.93,,
0,bench/30gib-2.bin,711,33554432,346.17,,
0,bench/30gib-2.bin,712,33554432,389.73,,
0,bench/30gib-2.bin,713,33554432,416.90,,
0,bench/30gib-2.bin,714,33554432,346.67,,
0,bench/30gib-2.bin,715,33554432,354.60,,
0,bench/30gib-2.bin,716,33554432,495.45,,
0,bench/30gib-2.bin,717,33554432,466.82,,
0,bench/30gib-2.bin,718,33554432,374.43,,
0,bench/30gib-2.bin,719,33554432,377.50,,
0,bench/30gib-2.bin,720,33554432,528.67,,
0,bench/30gib-2.bin,721,33554432,419.96,,
0,bench/30gib-2.bin,722,33554432,419.47,,
0,bench/30gib-2.bin,723,33554432,594.42,,
0,bench/30gib-2.bin,724,33554432,428.52,,
0,bench/30gib-2.bin,725,33554432,345.87,,
0,bench/30gib-2.bin,726,33554432,477.86,,
0,bench/30gib-2.bin,727,33554432,424.55,,
0,bench/30gib-2.bin,728,33554432,417.20,,
0,bench/30gib-2.bin,729,33554432,444.17,,
0,bench/30gib-2.bin,730,33554432,358.41,,
0,bench/30gib-2.bin,731,33554432,492.71,,
0,bench/30gib-2.bin,732,33554432,446.79,,
0,bench/30gib-2.bin,733,33554432,341.64,,
0,bench/30gib-2.bin,734,33554432,359.38,,
0,bench/30gib-2.bin,735,33554432,447.58,,
0,bench/30gib-2.bin,736,33554432,382.13,,
0,bench/30gib-2.bin,737,33554432,343.55,,
0,bench/30gib-2.bin,738,33554432,406.96,,
0,bench/30gib-2.bin,739,33554432,348.74,,
0,bench/30gib-2.bin,740,33554432,346.73,,
0,bench/30gib-2.bin,741,33554432,358.00,,
0,bench/30gib-2.bin,742,33554432,343.22,,
0,bench/30gib-2.bin,743,33554432,350.42,,
0,bench/30gib-2.bin,744,33554432,345.00,,
0,bench/30gib-2.bin,745,33554432,455.62,,
0,bench/30gib-2.bin,746,33554432,448.38,,
0,bench/30gib-2.bin,747,33554432,398.68,,
0,bench/30gib-2.bin,748,33554432,380.77,,
0,bench/30gib-2.bin,749,33554432,346.17,,
0,bench/30gib-2.bin,750,33554432,421.12,,
0,bench/30gib-2.bin,751,33554432,420.88,,
0,bench/30gib-2.bin,752,33554432,565.38,,
0,bench/30gib-2.bin,753,33554432,348.26,,
0,bench/30gib-2.bin,754,33554432,350.23,,
0,bench/30gib-2.bin,755,33554432,446.81,,
0,bench/30gib-2.bin,756,33554432,525.02,,
0,bench/30gib-2.bin,757,33554432,507.10,,
0,bench/30gib-2.bin,758,33554432,340.84,,
0,bench/30gib-2.bin,759,33554432,406.91,,
0,bench/30gib-2.bin,760,33554432,406.12,,
0,bench/30gib-2.bin,761,33554432,415.88,,
0,bench/30gib-2.bin,762,33554432,341.75,,
0,bench/30gib-2.bin,763,33554432,343.32,,
0,bench/30gib-2.bin,764,33554432,663.25,,
0,bench/30gib-2.bin,765,33554432,502.52,,
0,bench/30gib-2.bin,766,33554432,371.49,,
0,bench/30gib-2.bin,767,33554432,348.66,,
0,bench/30gib-2.bin,768,33554432,451.16,,
0,bench/30gib-2.bin,769,33554432,346.62,,
0,bench/30gib-2.bin,770,33554432,344.60,,
0,bench/30gib-2.bin,771,33554432,407.39,,
0,bench/30gib-2.bin,772,33554432,537.33,,
0,bench/30gib-2.bin,773,33554432,406.19,,
0,bench/30gib-2.bin,774,33554432,398.08,,
0,bench/30gib-2.bin,775,33554432,345.87,,
0,bench/30gib-2.bin,776,33554432,342.99,,
0,bench/30gib-2.bin,777,33554432,343.83,,
0,bench/30gib-2.bin,778,33554432,388.04,,
0,bench/30gib-2.bin,779,33554432,460.24,,
0,bench/30gib-2.bin,780,33554432,339.59,,
0,bench/30gib-2.bin,781,33554432,347.48,,
0,bench/30gib-2.bin,782,33554432,674.25,,
0,bench/30gib-2.bin,783,33554432,428.22,,
0,bench/30gib-2.bin,784,33554432,372.04,,
0,bench/30gib-2.bin,785,33554432,383.80,,
0,bench/30gib-2.bin,786,33554432,427.81,,
0,bench/30gib-2.bin,787,33554432,396.38,,
0,bench/30gib-2.bin,788,33554432,356.94,,
0,bench/30gib-2.bin,789,33554432,542.00,,
0,bench/30gib-2.bin,790,33554432,365.46,,
0,bench/30gib-2.bin,791,33554432,374.83,,
0,bench/30gib-2.bin,792,33554432,367.04,,
0,bench/30gib-2.bin,793,33554432,344.76,,
0,bench/30gib-2.bin,794,33554432,341.17,,
0,bench/30gib-2.bin,795,33554432,361.57,,
0,bench/30gib-2.bin,796,33554432,348.31,,
0,bench/30gib-2.bin,797,33554432,355.89,,
0,bench/30gib-2.bin,798,33554432,475.28,,
0,bench/30gib-2.bin,799,33554432,567.00,,
0,bench/30gib-2.bin,800,33554432,346.51,,
0,bench/30gib-2.bin,801,33554432,340.77,,
0,bench/30gib-2.bin,802,33554432,422.35,,
0,bench/30gib-2.bin,803,33554432,355.24,,
0,bench/30gib-2.bin,804,33554432,345.78,,
0,bench/30gib-2.bin,805,33554432,346.81,,
0,bench/30gib-2.bin,806,33554432,396.56,,
0,bench/30gib-2.bin,807,33554432,425.44,,
0,bench/30gib-2.bin,808,33554432,407.29,,
0,bench/30gib-2.bin,809,33554432,376.62,,
0,bench/30gib-2.bin,810,33554432,361.41,,
0,bench/30gib-2.bin,811,33554432,359.66,,
0,bench/30gib-2.bin,812,33554432,536.31,,
0,bench/30gib-2.bin,813,33554432,340.27,,
0,bench/30gib-2.bin,814,33554432,455.68,,
0,bench/30gib-2.bin,815,33554432,393.96,,
0,bench/30gib-2.bin,816,33554432,362.83,,
0,bench/30gib-2.bin,817,33554432,345.74,,
0,bench/30gib-2.bin,818,33554432,437.63,,
0,bench/30gib-2.bin,819,33554432,396.24,,
0,bench/30gib-2.bin,820,33554432,704.71,,
0,bench/30gib-2.bin,821,33554432,660.24,,
0,bench/30gib-2.bin,822,33554432,354.94,,
0,bench/30gib-2.bin,823,33554432,589.61,,
0,bench/30gib-2.bin,824,33554432,411.37,,
0,bench/30gib-2.bin,825,33554432,341.84,,
0,bench/30gib-2.bin,826,33554432,376.48,,
0,bench/30gib-2.bin,827,33554432,513.67,,
0,bench/30gib-2.bin,828,33554432,356.83,,
0,bench/30gib-2.bin,829,33554432,351.40,,
0,bench/30gib-2.bin,830,33554432,399.80,,
0,bench/30gib-2.bin,831,33554432,474.87,,
0,bench/30gib-2.bin,832,33554432,342.33,,
0,bench/30gib-2.bin,833,33554432,511.78,,
0,bench/30gib-2.bin,834,33554432,382.54,,
0,bench/30gib-2.bin,835,33554432,343.86,,
0,bench/30gib-2.bin,836,33554432,452.72,,
0,bench/30gib-2.bin,837,33554432,353.50,,
0,bench/30gib-2.bin,838,33554432,428.21,,
0,bench/30gib-2.bin,839,33554432,341.65,,
0,bench/30gib-2.bin,840,33554432,484.43,,
0,bench/30gib-2.bin,841,33554432,397.74,,
0,bench/30gib-2.bin,842,33554432,465.11,,
0,bench/30gib-2.bin,843,33554432,355.92,,
0,bench/30gib-2.bin,844,33554432,390.18,,
0,bench/30gib-2.bin,845,33554432,342.66,,
0,bench/30gib-2.bin,846,33554432,347.08,,
0,bench/30gib-2.bin,847,33554432,401.29,,
0,bench/30gib-2.bin,848,33554432,410.15,,
0,bench/30gib-2.bin,849,33554432,438.64,,
0,bench/30gib-2.bin,850,33554432,372.55,,
0,bench/30gib-2.bin,851,33554432,366.37,,
0,bench/30gib-2.bin,852,33554432,421.46,,
0,bench/30gib-2.bin,853,33554432,349.17,,
0,bench/30gib-2.bin,854,33554432,746.17,,
0,bench/30gib-2.bin,855,33554432,384.67,,
0,bench/30gib-2.bin,856,33554432,527.90,,
0,bench/30gib-2.bin,857,33554432,349.10,,
0,bench/30gib-2.bin,858,33554432,356.35,,
0,bench/30gib-2.bin,859,33554432,353.40,,
0,bench/30gib-2.bin,860,33554432,342.93,,
0,bench/30gib-2.bin,861,33554432,343.16,,
0,bench/30gib-2.bin,862,33554432,476.68,,
0,bench/30gib-2.bin,863,33554432,398.95,,
0,bench/30gib-2.bin,864,33554432,346.39,,
0,bench/30gib-2.bin,865,33554432,347.28,,
0,bench/30gib-2.bin,866,33554432,507.89,,
0,bench/30gib-2.bin,867,33554432,457.40,,
0,bench/30gib-2.bin,868,33554432,419.54,,
0,bench/30gib-2.bin,869,33554432,477.80,,
0,bench/30gib-2.bin,870,33554432,600.80,,
0,bench/30gib-2.bin,871,33554432,500.60,,
0,bench/30gib-2.bin,872,33554432,555.95,,
0,bench/30gib-2.bin,873,33554432,660.29,,
0,bench/30gib-2.bin,874,33554432,427.07,,
0,bench/30gib-2.bin,875,33554432,341.03,,
0,bench/30gib-2.bin,876,33554432,372.94,,
0,bench/30gib-2.bin,877,33554432,521.02,,
0,bench/30gib-2.bin,878,33554432,509.77,,
0,bench/30gib-2.bin,879,33554432,339.44,,
0,bench/30gib-2.bin,880,33554432,363.21,,
0,bench/30gib-2.bin,881,33554432,453.88,,
0,bench/30gib-2.bin,882,33554432,451.68,,
0,bench/30gib-2.bin,883,33554432,562.34,,
0,bench/30gib-2.bin,884,33554432,343.07,,
0,bench/30gib-2.bin,885,33554432,576.58,,
0,bench/30gib-2.bin,886,33554432,474.85,,
0,bench/30gib-2.bin,887,33554432,387.01,,
0,bench/30gib-2.bin,888,33554432,417.93,,
0,bench/30gib-2.bin,889,33554432,376.27,,
0,bench/30gib-2.bin,890,33554432,571.01,,
0,bench/30gib-2.bin,891,33554432,341.23,,
0,bench/30gib-2.bin,892,33554432,344.35,,
0,bench/30gib-2.bin,893,33554432,358.43,,
0,bench/30gib-2.bin,894,33554432,543.25,,
0,bench/30gib-2.bin,895,33554432,398.23,,
0,bench/30gib-2.bin,896,33554432,648.30,,
0,bench/30gib-2.bin,897,33554432,342.27,,
0,bench/30gib-2.bin,898,33554432,352.56,,
0,bench/30gib-2.bin,899,33554432,403.74,,
0,bench/30gib-2.bin,900,33554432,378.92,,
0,bench/30gib-2.bin,901,33554432,460.47,,
0,bench/30gib-2.bin,902,33554432,366.35,,
0,bench/30gib-2.bin,903,33554432,423.93,,
0,bench/30gib-2.bin,904,33554432,382.19,,
0,bench/30gib-2.bin,905,33554432,343.54,,
0,bench/30gib-2.bin,906,33554432,366.21,,
0,bench/30gib-2.bin,907,33554432,481.11,,
0,bench/30gib-2.bin,908,33554432,371.08,,
0,bench/30gib-2.bin,909,33554432,378.66,,
0,bench/30gib-2.bin,910,33554432,436.21,,
0,bench/30gib-2.bin,911,33554432,445.71,,
0,bench/30gib-2.bin,912,33554432,413.32,,
0,bench/30gib-2.bin,913,33554432,419.14,,
0,bench/30gib-2.bin,914,33554432,374.50,,
0,bench/30gib-2.bin,915,33554432,413.96,,
0,bench/30gib-2.bin,916,33554432,368.23,,
0,bench/30gib-2.bin,917,33554432,350.38,,
0,bench/30gib-2.bin,918,33554432,356.10,,
0,bench/30gib-2.bin,919,33554432,349.75,,
0,bench/30gib-2.bin,920,33554432,366.06,,
0,bench/30gib-2.bin,921,33554432,384.68,,
0,bench/30gib-2.bin,922,33554432,547.08,,
0,bench/30gib-2.bin,923,33554432,365.28,,
0,bench/30gib-2.bin,924,33554432,492.33,,
0,bench/30gib-2.bin,925,33554432,342.18,,
0,bench/30gib-2.bin,926,33554432,461.53,,
0,bench/30gib-2.bin,927,33554432,385.36,,
0,bench/30gib-2.bin,928,33554432,639.23,,
0,bench/30gib-2.bin,929,33554432,483.67,,
0,bench/30gib-2.bin,930,33554432,401.84,,
0,bench/30gib-2.bin,931,33554432,349.53,,
0,bench/30gib-2.bin,932,33554432,426.35,,
0,bench/30gib-2.bin,933,33554432,432.32,,
0,bench/30gib-2.bin,934,33554432,354.17,,
0,bench/30gib-2.bin,935,33554432,492.84,,
0,bench/30gib-2.bin,936,33554432,359.09,,
0,bench/30gib-2.bin,937,33554432,628.39,,
0,bench/30gib-2.bin,938,33554432,348.63,,
0,bench/30gib-2.bin,939,33554432,345.11,,
0,bench/30gib-2.bin,940,33554432,404.18,,
0,bench/30gib-2.bin,941,33554432,628.95,,
0,bench/30gib-2.bin,942,33554432,353.26,,
0,bench/30gib-2.bin,943,33554432,374.69,,
0,bench/30gib-2.bin,944,33554432,462.09,,
0,bench/30gib-2.bin,945,33554432,404.46,,
0,bench/30gib-2.bin,946,33554432,387.81,,
0,bench/30gib-2.bin,947,33554432,384.87,,
0,bench/30gib-2.bin,948,33554432,496.08,,
0,bench/30gib-2.bin,949,33554432,422.27,,
0,bench/30gib-2.bin,950,33554432,345.13,,
0,bench/30gib-2.bin,951,33554432,357.76,,
0,bench/30gib-2.bin,952,33554432,342.80,,
0,bench/30gib-2.bin,953,33554432,416.68,,
0,bench/30gib-2.bin,954,33554432,885.82,,
0,bench/30gib-2.bin,955,33554432,343.92,,
0,bench/30gib-2.bin,956,33554432,348.59,,
0,bench/30gib-2.bin,957,33554432,342.81,,
0,bench/30gib-2.bin,958,33554432,416.30,,
0,bench/30gib-2.bin,959,33554432,366.61,,
0,bench/30gib-2.bin,960,33554432,366.78,,
0,bench/30gib-3.bin,1,33554432,1060.20,,
0,bench/30gib-3.bin,2,33554432,919.60,,
0,bench/30gib-3.bin,3,33554432,889.60,,
0,bench/30gib-3.bin,4,33554432,1229.85,,
0,bench/30gib-3.bin,5,33554432,1999.42,,
0,bench/30gib-3.bin,6,33554432,1569.57,,
0,bench/30gib-3.bin,7,33554432,1433.70,,
0,bench/30gib-3.bin,8,33554432,1319.27,,
0,bench/30gib-3.bin,9,33554432,814.01,,
0,bench/30gib-3.bin,10,33554432,1385.76,,
0,bench/30gib-3.bin,11,33554432,1165.69,,
0,bench/30gib-3.bin,12,33554432,1977.54,,
0,bench/30gib-3.bin,13,33554432,1203.79,,
0,bench/30gib-3.bin,14,33554432,1541.36,,
0,bench/30gib-3.bin,15,33554432,1779.18,,
0,bench/30gib-3.bin,16,33554432,2070.85,,
0,bench/30gib-3.bin,17,33554432,934.37,,
0,bench/30gib-3.bin,18,33554432,1857.30,,
0,bench/30gib-3.bin,19,33554432,1280.12,,
0,bench/30gib-3.bin,20,33554432,1661.24,,
0,bench/30gib-3.bin,21,33554432,1249.23,,
0,bench/30gib-3.bin,22,33554432,1508.73,,
0,bench/30gib-3.bin,23,33554432,1386.88,,
0,bench/30gib-3.bin,24,33554432,2404.33,,
0,bench/30gib-3.bin,25,33554432,1728.55,,
0,bench/30gib-3.bin,26,33554432,2034.00,,
0,bench/30gib-3.bin,27,33554432,1372.62,,
0,bench/30gib-3.bin,28,33554432,1164.84,,
0,bench/30gib-3.bin,29,33554432,928.70,,
0,bench/30gib-3.bin,30,33554432,1073.24,,
0,bench/30gib-3.bin,31,33554432,581.09,,
0,bench/30gib-3.bin,32,33554432,672.82,,
0,bench/30gib-3.bin,33,33554432,955.84,,
0,bench/30gib-3.bin,34,33554432,778.89,,
0,bench/30gib-3.bin,35,33554432,464.35,,
0,bench/30gib-3.bin,36,33554432,1066.10,,
0,bench/30gib-3.bin,37,33554432,740.01,,
0,bench/30gib-3.bin,38,33554432,705.79,,
0,bench/30gib-3.bin,39,33554432,647.63,,
0,bench/30gib-3.bin,40,33554432,525.98,,
0,bench/30gib-3.bin,41,33554432,582.39,,
0,bench/30gib-3.bin,42,33554432,979.60,,
0,bench/30gib-3.bin,43,33554432,824.20,,
0,bench/30gib-3.bin,44,33554432,542.53,,
0,bench/30gib-3.bin,45,33554432,587.87,,
0,bench/30gib-3.bin,46,33554432,523.95,,
0,bench/30gib-3.bin,47,33554432,764.63,,
0,bench/30gib-3.bin,48,33554432,652.46,,
0,bench/30gib-3.bin,49,33554432,558.95,,
0,bench/30gib-3.bin,50,33554432,514.77,,
0,bench/30gib-3.bin,51,33554432,527.39,,
0,bench/30gib-3.bin,52,33554432,838.45,,
0,bench/30gib-3.bin,53,33554432,550.37,,
0,bench/30gib-3.bin,54,33554432,524.14,,
0,bench/30gib-3.bin,55,33554432,583.55,,
0,bench/30gib-3.bin,56,33554432,416.45,,
0,bench/30gib-3.bin,57,33554432,503.35,,
0,bench/30gib-3.bin,58,33554432,458.62,,
0,bench/30gib-3.bin,59,33554432,745.84,,
0,bench/30gib-3.bin,60,33554432,688.76,,
0,bench/30gib-3.bin,61,33554432,551.90,,
0,bench/30gib-3.bin,62,33554432,580.45,,
0,bench/30gib-3.bin,63,33554432,461.12,,
0,bench/30gib-3.bin,64,33554432,700.72,,
0,bench/30gib-3.bin,65,33554432,415.36,,
0,bench/30gib-3.bin,66,33554432,503.74,,
0,bench/30gib-3.bin,67,33554432,391.34,,
0,bench/30gib-3.bin,68,33554432,470.23,,
0,bench/30gib-3.bin,69,33554432,643.36,,
0,bench/30gib-3.bin,70,33554432,404.67,,
0,bench/30gib-3.bin,71,33554432,428.90,,
0,bench/30gib-3.bin,72,33554432,518.77,,
0,bench/30gib-3.bin,73,33554432,490.51,,
0,bench/30gib-3.bin,74,33554432,424.12,,
0,bench/30gib-3.bin,75,33554432,571.13,,
0,bench/30gib-3.bin,76,33554432,487.04,,
0,bench/30gib-3.bin,77,33554432,354.78,,
0,bench/30gib-3.bin,78,33554432,346.00,,
0,bench/30gib-3.bin,79,33554432,410.92,,
0,bench/30gib-3.bin,80,33554432,638.41,,
0,bench/30gib-3.bin,81,33554432,389.16,,
0,bench/30gib-3.bin,82,33554432,476.36,,
0,bench/30gib-3.bin,83,33554432,393.56,,
0,bench/30gib-3.bin,84,33554432,560.44,,
0,bench/30gib-3.bin,85,33554432,359.53,,
0,bench/30gib-3.bin,86,33554432,373.01,,
0,bench/30gib-3.bin,87,33554432,515.10,,
0,bench/30gib-3.bin,88,33554432,432.30,,
0,bench/30gib-3.bin,89,33554432,370.58,,
0,bench/30gib-3.bin,90,33554432,517.99,,
0,bench/30gib-3.bin,91,33554432,513.10,,
0,bench/30gib-3.bin,92,33554432,387.42,,
0,bench/30gib-3.bin,93,33554432,370.57,,
0,bench/30gib-3.bin,94,33554432,447.63,,
0,bench/30gib-3.bin,95,33554432,347.88,,
0,bench/30gib-3.bin,96,33554432,364.60,,
0,bench/30gib-3.bin,97,33554432,391.63,,
0,bench/30gib-3.bin,98,33554432,436.46,,
0,bench/30gib-3.bin,99,33554432,432.59,,
0,bench/30gib-3.bin,100,33554432,345.90,,
0,bench/30gib-3.bin,101,33554432,358.31,,
0,bench/30gib-3.bin,102,33554432,489.31,,
0,bench/30gib-3.bin,103,33554432,410.33,,
0,bench/30gib-3.bin,104,33554432,379.81,,
0,bench/30gib-3.bin,105,33554432,340.35,,
0,bench/30gib-3.bin,106,33554432,400.35,,
0,bench/30gib-3.bin,107,33554432,439.19,,
0,bench/30gib-3.bin,108,33554432,397.44,,
0,bench/30gib-3.bin,109,33554432,441.44,,
0,bench/30gib-3.bin,110,33554432,578.44,,
0,bench/30gib-3.bin,111,33554432,411.70,,
0,bench/30gib-3.bin,112,33554432,344.97,,
0,bench/30gib-3.bin,113,33554432,523.53,,
0,bench/30gib-3.bin,114,33554432,347.23,,
0,bench/30gib-3.bin,115,33554432,361.22,,
0,bench/30gib-3.bin,116,33554432,426.76,,
0,bench/30gib-3.bin,117,33554432,416.27,,
0,bench/30gib-3.bin,118,33554432,597.71,,
0,bench/30gib-3.bin,119,33554432,388.33,,
0,bench/30gib-3.bin,120,33554432,508.51,,
0,bench/30gib-3.bin,121,33554432,348.18,,
0,bench/30gib-3.bin,122,33554432,440.41,,
0,bench/30gib-3.bin,123,33554432,341.31,,
0,bench/30gib-3.bin,124,33554432,656.38,,
0,bench/30gib-3.bin,125,33554432,368.04,,
0,bench/30gib-3.bin,126,33554432,348.51,,
0,bench/30gib-3.bin,127,33554432,355.25,,
0,bench/30gib-3.bin,128,33554432,391.49,,
0,bench/30gib-3.bin,129,33554432,645.03,,
0,bench/30gib-3.bin,130,33554432,345.35,,
0,bench/30gib-3.bin,131,33554432,406.31,,
0,bench/30gib-3.bin,132,33554432,392.53,,
0,bench/30gib-3.bin,133,33554432,423.82,,
0,bench/30gib-3.bin,134,33554432,347.73,,
0,bench/30gib-3.bin,135,33554432,420.07,,
0,bench/30gib-3.bin,136,33554432,487.56,,
0,bench/30gib-3.bin,137,33554432,490.48,,
0,bench/30gib-3.bin,138,33554432,350.75,,
0,bench/30gib-3.bin,139,33554432,444.78,,
0,bench/30gib-3.bin,140,33554432,340.68,,
0,bench/30gib-3.bin,141,33554432,617.91,,
0,bench/30gib-3.bin,142,33554432,351.55,,
0,bench/30gib-3.bin,143,33554432,450.17,,
0,bench/30gib-3.bin,144,33554432,356.03,,
0,bench/30gib-3.bin,145,33554432,343.88,,
0,bench/30gib-3.bin,146,33554432,344.16,,
0,bench/30gib-3.bin,147,33554432,349.17,,
0,bench/30gib-3.bin,148,33554432,411.19,,
0,bench/30gib-3.bin,149,33554432,476.44,,
0,bench/30gib-3.bin,150,33554432,492.35,,
0,bench/30gib-3.bin,151,33554432,544.26,,
0,bench/30gib-3.bin,152,33554432,516.37,,
0,bench/30gib-3.bin,153,33554432,483.19,,
0,bench/30gib-3.bin,154,33554432,344.23,,
0,bench/30gib-3.bin,155,33554432,346.02,,
0,bench/30gib-3.bin,156,33554432,388.59,,
0,bench/30gib-3.bin,157,33554432,348.16,,
0,bench/30gib-3.bin,158,33554432,374.19,,
0,bench/30gib-3.bin,159,33554432,566.05,,
0,bench/30gib-3.bin,160,33554432,342.33,,
0,bench/30gib-3.bin,161,33554432,516.16,,
0,bench/30gib-3.bin,162,33554432,430.51,,
0,bench/30gib-3.bin,163,33554432,357.69,,
0,bench/30gib-3.bin,164,33554432,348.45,,
0,bench/30gib-3.bin,165,33554432,448.11,,
0,bench/30gib-3.bin,166,33554432,527.88,,
0,bench/30gib-3.bin,167,33554432,424.44,,
0,bench/30gib-3.bin,168,33554432,347.90,,
0,bench/30gib-3.bin,169,33554432,355.23,,
0,bench/30gib-3.bin,170,33554432,391.35,,
0,bench/30gib-3.bin,171,33554432,359.33,,
0,bench/30gib-3.bin,172,33554432,352.85,,
0,bench/30gib-3.bin,173,33554432,743.43,,
0,bench/30gib-3.bin,174,33554432,450.07,,
0,bench/30gib-3.bin,175,33554432,676.98,,
0,bench/30gib-3.bin,176,33554432,400.45,,
0,bench/30gib-3.bin,177,33554432,409.80,,
0,bench/30gib-3.bin,178,33554432,453.00,,
0,bench/30gib-3.bin,179,33554432,453.46,,
0,bench/30gib-3.bin,180,33554432,351.17,,
0,bench/30gib-3.bin,181,33554432,409.45,,
0,bench/30gib-3.bin,182,33554432,346.06,,
0,bench/30gib-3.bin,183,33554432,399.03,,
0,bench/30gib-3.bin,184,33554432,369.73,,
0,bench/30gib-3.bin,185,33554432,461.77,,
0,bench/30gib-3.bin,186,33554432,347.13,,
0,bench/30gib-3.bin,187,33554432,342.21,,
0,bench/30gib-3.bin,188,33554432,520.11,,
0,bench/30gib-3.bin,189,33554432,356.43,,
0,bench/30gib-3.bin,190,33554432,342.90,,
0,bench/30gib-3.bin,191,33554432,427.59,,
0,bench/30gib-3.bin,192,33554432,413.48,,
0,bench/30gib-3.bin,193,33554432,507.97,,
0,bench/30gib-3.bin,194,33554432,536.38,,
0,bench/30gib-3.bin,195,33554432,339.90,,
0,bench/30gib-3.bin,196,33554432,382.68,,
0,bench/30gib-3.bin,197,33554432,531.59,,
0,bench/30gib-3.bin,198,33554432,434.91,,
0,bench/30gib-3.bin,199,33554432,342.04,,
0,bench/30gib-3.bin,200,33554432,543.46,,
0,bench/30gib-3.bin,201,33554432,348.30,,
0,bench/30gib-3.bin,202,33554432,341.80,,
0,bench/30gib-3.bin,203,33554432,556.04,,
0,bench/30gib-3.bin,204,33554432,340.44,,
0,bench/30gib-3.bin,205,33554432,384.27,,
0,bench/30gib-3.bin,206,33554432,489.60,,
0,bench/30gib-3.bin,207,33554432,344.55,,
0,bench/30gib-3.bin,208,33554432,405.71,,
0,bench/30gib-3.bin,209,33554432,343.00,,
0,bench/30gib-3.bin,210,33554432,342.40,,
0,bench/30gib-3.bin,211,33554432,599.08,,
0,bench/30gib-3.bin,212,33554432,456.69,,
0,bench/30gib-3.bin,213,33554432,388.04,,
0,bench/30gib-3.bin,214,33554432,341.82,,
0,bench/30gib-3.bin,215,33554432,370.16,,
0,bench/30gib-3.bin,216,33554432,410.55,,
0,bench/30gib-3.bin,217,33554432,434.96,,
0,bench/30gib-3.bin,218,33554432,508.35,,
0,bench/30gib-3.bin,219,33554432,438.15,,
0,bench/30gib-3.bin,220,33554432,645.00,,
0,bench/30gib-3.bin,221,33554432,479.65,,
0,bench/30gib-3.bin,222,33554432,499.30,,
0,bench/30gib-3.bin,223,33554432,351.46,,
0,bench/30gib-3.bin,224,33554432,434.66,,
0,bench/30gib-3.bin,225,33554432,368.71,,
0,bench/30gib-3.bin,226,33554432,458.03,,
0,bench/30gib-3.bin,227,33554432,361.39,,
0,bench/30gib-3.bin,228,33554432,357.01,,
0,bench/30gib-3.bin,229,33554432,349.77,,
0,bench/30gib-3.bin,230,33554432,343.07,,
0,bench/30gib-3.bin,231,33554432,713.10,,
0,bench/30gib-3.bin,232,33554432,455.29,,
0,bench/30gib-3.bin,233,33554432,517.13,,
0,bench/30gib-3.bin,234,33554432,353.03,,
0,bench/30gib-3.bin,235,33554432,366.13,,
0,bench/30gib-3.bin,236,33554432,435.25,,
0,bench/30gib-3.bin,237,33554432,340.94,,
0,bench/30gib-3.bin,238,33554432,343.22,,
0,bench/30gib-3.bin,239,33554432,345.27,,
0,bench/30gib-3.bin,240,33554432,426.78,,
0,bench/30gib-3.bin,241,33554432,556.41,,
0,bench/30gib-3.bin,242,33554432,447.68,,
0,bench/30gib-3.bin,243,33554432,342.61,,
0,bench/30gib-3.bin,244,33554432,344.81,,
0,bench/30gib-3.bin,245,33554432,342.17,,
0,bench/30gib-3.bin,246,33554432,400.52,,
0,bench/30gib-3.bin,247,33554432,421.58,,
0,bench/30gib-3.bin,248,33554432,365.76,,
0,bench/30gib-3.bin,249,33554432,350.44,,
0,bench/30gib-3.bin,250,33554432,387.69,,
0,bench/30gib-3.bin,251,33554432,433.29,,
0,bench/30gib-3.bin,252,33554432,351.08,,
0,bench/30gib-3.bin,253,33554432,541.37,,
0,bench/30gib-3.bin,254,33554432,407.98,,
0,bench/30gib-3.bin,255,33554432,445.08,,
0,bench/30gib-3.bin,256,33554432,378.22,,
0,bench/30gib-3.bin,257,33554432,655.36,,
0,bench/30gib-3.bin,258,33554432,366.02,,
0,bench/30gib-3.bin,259,33554432,345.19,,
0,bench/30gib-3.bin,260,33554432,457.98,,
0,bench/30gib-3.bin,261,33554432,346.78,,
0,bench/30gib-3.bin,262,33554432,351.53,,
0,bench/30gib-3.bin,263,33554432,384.97,,
0,bench/30gib-3.bin,264,33554432,362.97,,
0,bench/30gib-3.bin,265,33554432,453.75,,
0,bench/30gib-3.bin,266,33554432,353.82,,
0,bench/30gib-3.bin,267,33554432,411.04,,
0,bench/30gib-3.bin,268,33554432,341.03,,
0,bench/30gib-3.bin,269,33554432,381.98,,
0,bench/30gib-3.bin,270,33554432,414.53,,
0,bench/30gib-3.bin,271,33554432,350.90,,
0,bench/30gib-3.bin,272,33554432,348.12,,
0,bench/30gib-3.bin,273,33554432,341.71,,
0,bench/30gib-3.bin,274,33554432,369.82,,
0,bench/30gib-3.bin,275,33554432,393.88,,
0,bench/30gib-3.bin,276,33554432,656.28,,
0,bench/30gib-3.bin,277,33554432,447.81,,
0,bench/30gib-3.bin,278,33554432,379.80,,
0,bench/30gib-3.bin,279,33554432,340.87,,
0,bench/30gib-3.bin,280,33554432,389.82,,
0,bench/30gib-3.bin,281,33554432,430.06,,
0,bench/30gib-3.bin,282,33554432,432.71,,
0,bench/30gib-3.bin,283,33554432,364.13,,
0,bench/30gib-3.bin,284,33554432,358.74,,
0,bench/30gib-3.bin,285,33554432,346.44,,
0,bench/30gib-3.bin,286,33554432,381.23,,
0,bench/30gib-3.bin,287,33554432,346.00,,
0,bench/30gib-3.bin,288,33554432,357.69,,
0,bench/30gib-3.bin,289,33554432,350.69,,
0,bench/30gib-3.bin,290,33554432,343.57,,
0,bench/30gib-3.bin,291,33554432,515.39,,
0,bench/30gib-3.bin,292,33554432,387.79,,
0,bench/30gib-3.bin,293,33554432,343.14,,
0,bench/30gib-3.bin,294,33554432,344.87,,
0,bench/30gib-3.bin,295,33554432,414.21,,
0,bench/30gib-3.bin,296,33554432,356.74,,
0,bench/30gib-3.bin,297,33554432,354.86,,
0,bench/30gib-3.bin,298,33554432,883.75,,
0,bench/30gib-3.bin,299,33554432,342.84,,
0,bench/30gib-3.bin,300,33554432,454.15,,
0,bench/30gib-3.bin,301,33554432,346.02,,
0,bench/30gib-3.bin,302,33554432,399.23,,
0,bench/30gib-3.bin,303,33554432,480.84,,
0,bench/30gib-3.bin,304,33554432,403.59,,
0,bench/30gib-3.bin,305,33554432,436.08,,
0,bench/30gib-3.bin,306,33554432,425.19,,
0,bench/30gib-3.bin,307,33554432,437.75,,
0,bench/30gib-3.bin,308,33554432,409.02,,
0,bench/30gib-3.bin,309,33554432,499.88,,
0,bench/30gib-3.bin,310,33554432,530.03,,
0,bench/30gib-3.bin,311,33554432,366.74,,
0,bench/30gib-3.bin,312,33554432,627.84,,
0,bench/30gib-3.bin,313,33554432,377.33,,
0,bench/30gib-3.bin,314,33554432,498.44,,
0,bench/30gib-3.bin,315,33554432,345.61,,
0,bench/30gib-3.bin,316,33554432,367.47,,
0,bench/30gib-3.bin,317,33554432,389.43,,
0,bench/30gib-3.bin,318,33554432,426.61,,
0,bench/30gib-3.bin,319,33554432,407.41,,
0,bench/30gib-3.bin,320,33554432,527.45,,
0,bench/30gib-3.bin,321,33554432,364.05,,
0,bench/30gib-3.bin,322,33554432,420.35,,
0,bench/30gib-3.bin,323,33554432,539.77,,
0,bench/30gib-3.bin,324,33554432,683.98,,
0,bench/30gib-3.bin,325,33554432,418.04,,
0,bench/30gib-3.bin,326,33554432,372.58,,
0,bench/30gib-3.bin,327,33554432,530.86,,
0,bench/30gib-3.bin,328,33554432,399.43,,
0,bench/30gib-3.bin,329,33554432,389.19,,
0,bench/30gib-3.bin,330,33554432,347.71,,
0,bench/30gib-3.bin,331,33554432,482.52,,
0,bench/30gib-3.bin,332,33554432,355.47,,
0,bench/30gib-3.bin,333,33554432,558.61,,
0,bench/30gib-3.bin,334,33554432,342.32,,
0,bench/30gib-3.bin,335,33554432,480.94,,
0,bench/30gib-3.bin,336,33554432,349.94,,
0,bench/30gib-3.bin,337,33554432,363.07,,
0,bench/30gib-3.bin,338,33554432,519.23,,
0,bench/30gib-3.bin,339,33554432,435.13,,
0,bench/30gib-3.bin,340,33554432,410.28,,
0,bench/30gib-3.bin,341,33554432,408.77,,
0,bench/30gib-3.bin,342,33554432,532.18,,
0,bench/30gib-3.bin,343,33554432,416.34,,
0,bench/30gib-3.bin,344,33554432,477.07,,
0,bench/30gib-3.bin,345,33554432,342.08,,
0,bench/30gib-3.bin,346,33554432,444.19,,
0,bench/30gib-3.bin,347,33554432,826.98,,
0,bench/30gib-3.bin,348,33554432,343.20,,
0,bench/30gib-3.bin,349,33554432,374.06,,
0,bench/30gib-3.bin,350,33554432,343.24,,
0,bench/30gib-3.bin,351,33554432,699.37,,
0,bench/30gib-3.bin,352,33554432,383.19,,
0,bench/30gib-3.bin,353,33554432,546.51,,
0,bench/30gib-3.bin,354,33554432,365.09,,
0,bench/30gib-3.bin,355,33554432,369.16,,
0,bench/30gib-3.bin,356,33554432,342.88,,
0,bench/30gib-3.bin,357,33554432,424.74,,
0,bench/30gib-3.bin,358,33554432,362.30,,
0,bench/30gib-3.bin,359,33554432,462.01,,
0,bench/30gib-3.bin,360,33554432,501.30,,
0,bench/30gib-3.bin,361,33554432,497.61,,
0,bench/30gib-3.bin,362,33554432,386.03,,
0,bench/30gib-3.bin,363,33554432,361.79,,
0,bench/30gib-3.bin,364,33554432,426.81,,
0,bench/30gib-3.bin,365,33554432,342.43,,
0,bench/30gib-3.bin,366,33554432,397.24,,
0,bench/30gib-3.bin,367,33554432,398.91,,
0,bench/30gib-3.bin,368,33554432,491.58,,
0,bench/30gib-3.bin,369,33554432,372.72,,
0,bench/30gib-3.bin,370,33554432,578.30,,
0,bench/30gib-3.bin,371,33554432,340.80,,
0,bench/30gib-3.bin,372,33554432,342.19,,
0,bench/30gib-3.bin,373,33554432,340.09,,
0,bench/30gib-3.bin,374,33554432,434.43,,
0,bench/30gib-3.bin,375,33554432,436.35,,
0,bench/30gib-3.bin,376,33554432,399.68,,
0,bench/30gib-3.bin,377,33554432,370.57,,
0,bench/30gib-3.bin,378,33554432,344.98,,
0,bench/30gib-3.bin,379,33554432,412.85,,
0,bench/30gib-3.bin,380,33554432,556.54,,
0,bench/30gib-3.bin,381,33554432,354.71,,
0,bench/30gib-3.bin,382,33554432,397.12,,
0,bench/30gib-3.bin,383,33554432,482.01,,
0,bench/30gib-3.bin,384,33554432,455.14,,
0,bench/30gib-3.bin,385,33554432,405.78,,
0,bench/30gib-3.bin,386,33554432,480.38,,
0,bench/30gib-3.bin,387,33554432,469.18,,
0,bench/30gib-3.bin,388,33554432,735.02,,
0,bench/30gib-3.bin,389,33554432,486.88,,
0,bench/30gib-3.bin,390,33554432,539.57,,
0,bench/30gib-3.bin,391,33554432,713.21,,
0,bench/30gib-3.bin,392,33554432,353.98,,
0,bench/30gib-3.bin,393,33554432,390.97,,
0,bench/30gib-3.bin,394,33554432,349.13,,
0,bench/30gib-3.bin,395,33554432,341.60,,
0,bench/30gib-3.bin,396,33554432,380.07,,
0,bench/30gib-3.bin,397,33554432,434.62,,
0,bench/30gib-3.bin,398,33554432,355.73,,
0,bench/30gib-3.bin,399,33554432,623.73,,
0,bench/30gib-3.bin,400,33554432,390.52,,
0,bench/30gib-3.bin,401,33554432,370.57,,
0,bench/30gib-3.bin,402,33554432,587.30,,
0,bench/30gib-3.bin,403,33554432,459.43,,
0,bench/30gib-3.bin,404,33554432,414.71,,
0,bench/30gib-3.bin,405,33554432,392.34,,
0,bench/30gib-3.bin,406,33554432,420.18,,
0,bench/30gib-3.bin,407,33554432,377.97,,
0,bench/30gib-3.bin,408,33554432,606.71,,
0,bench/30gib-3.bin,409,33554432,341.40,,
0,bench/30gib-3.bin,410,33554432,396.18,,
0,bench/30gib-3.bin,411,33554432,390.97,,
0,bench/30gib-3.bin,412,33554432,367.97,,
0,bench/30gib-3.bin,413,33554432,440.20,,
0,bench/30gib-3.bin,414,33554432,439.70,,
0,bench/30gib-3.bin,415,33554432,371.52,,
0,bench/30gib-3.bin,416,33554432,543.76,,
0,bench/30gib-3.bin,417,33554432,342.99,,
0,bench/30gib-3.bin,418,33554432,474.48,,
0,bench/30gib-3.bin,419,33554432,533.84,,
0,bench/30gib-3.bin,420,33554432,344.29,,
0,bench/30gib-3.bin,421,33554432,366.12,,
0,bench/30gib-3.bin,422,33554432,340.59,,
0,bench/30gib-3.bin,423,33554432,356.15,,
0,bench/30gib-3.bin,424,33554432,406.42,,
0,bench/30gib-3.bin,425,33554432,795.71,,
0,bench/30gib-3.bin,426,33554432,409.20,,
0,bench/30gib-3.bin,427,33554432,352.72,,
0,bench/30gib-3.bin,428,33554432,350.62,,
0,bench/30gib-3.bin,429,33554432,381.94,,
0,bench/30gib-3.bin,430,33554432,342.79,,
0,bench/30gib-3.bin,431,33554432,351.96,,
0,bench/30gib-3.bin,432,33554432,378.40,,
0,bench/30gib-3.bin,433,33554432,379.42,,
0,bench/30gib-3.bin,434,33554432,478.90,,
0,bench/30gib-3.bin,435,33554432,465.95,,
0,bench/30gib-3.bin,436,33554432,517.86,,
0,bench/30gib-3.bin,437,33554432,358.32,,
0,bench/30gib-3.bin,438,33554432,411.48,,
0,bench/30gib-3.bin,439,33554432,379.71,,
0,bench/30gib-3.bin,440,33554432,472.77,,
0,bench/30gib-3.bin,441,33554432,425.41,,
0,bench/30gib-3.bin,442,33554432,382.37,,
0,bench/30gib-3.bin,443,33554432,401.32,,
0,bench/30gib-3.bin,444,33554432,771.79,,
0,bench/30gib-3.bin,445,33554432,417.56,,
0,bench/30gib-3.bin,446,33554432,400.72,,
0,bench/30gib-3.bin,447,33554432,350.94,,
0,bench/30gib-3.bin,448,33554432,431.14,,
0,bench/30gib-3.bin,449,33554432,440.11,,
0,bench/30gib-3.bin,450,33554432,467.18,,
0,bench/30gib-3.bin,451,33554432,354.94,,
0,bench/30gib-3.bin,452,33554432,352.77,,
0,bench/30gib-3.bin,453,33554432,343.99,,
0,bench/30gib-3.bin,454,33554432,346.54,,
0,bench/30gib-3.bin,455,33554432,346.31,,
0,bench/30gib-3.bin,456,33554432,616.83,,
0,bench/30gib-3.bin,457,33554432,444.62,,
0,bench/30gib-3.bin,458,33554432,344.46,,
0,bench/30gib-3.bin,459,33554432,678.34,,
0,bench/30gib-3.bin,460,33554432,378.22,,
0,bench/30gib-3.bin,461,33554432,360.35,,
0,bench/30gib-3.bin,462,33554432,406.03,,
0,bench/30gib-3.bin,463,33554432,341.24,,
0,bench/30gib-3.bin,464,33554432,357.76,,
0,bench/30gib-3.bin,465,33554432,433.99,,
0,bench/30gib-3.bin,466,33554432,443.36,,
0,bench/30gib-3.bin,467,33554432,442.50,,
0,bench/30gib-3.bin,468,33554432,414.21,,
0,bench/30gib-3.bin,469,33554432,353.17,,
0,bench/30gib-3.bin,470,33554432,489.23,,
0,bench/30gib-3.bin,471,33554432,520.31,,
0,bench/30gib-3.bin,472,33554432,352.57,,
0,bench/30gib-3.bin,473,33554432,347.32,,
0,bench/30gib-3.bin,474,33554432,371.70,,
0,bench/30gib-3.bin,475,33554432,340.97,,
0,bench/30gib-3.bin,476,33554432,399.96,,
0,bench/30gib-3.bin,477,33554432,369.29,,
0,bench/30gib-3.bin,478,33554432,388.93,,
0,bench/30gib-3.bin,479,33554432,449.40,,
0,bench/30gib-3.bin,480,33554432,423.58,,
0,bench/30gib-3.bin,481,33554432,422.52,,
0,bench/30gib-3.bin,482,33554432,401.16,,
0,bench/30gib-3.bin,483,33554432,490.32,,
0,bench/30gib-3.bin,484,33554432,341.60,,
0,bench/30gib-3.bin,485,33554432,345.86,,
0,bench/30gib-3.bin,486,33554432,643.22,,
0,bench/30gib-3.bin,487,33554432,351.68,,
0,bench/30gib-3.bin,488,33554432,447.25,,
0,bench/30gib-3.bin,489,33554432,351.55,,
0,bench/30gib-3.bin,490,33554432,376.46,,
0,bench/30gib-3.bin,491,33554432,521.79,,
0,bench/30gib-3.bin,492,33554432,360.79,,
0,bench/30gib-3.bin,493,33554432,344.47,,
0,bench/30gib-3.bin,494,33554432,395.77,,
0,bench/30gib-3.bin,495,33554432,362.88,,
0,bench/30gib-3.bin,496,33554432,382.55,,
0,bench/30gib-3.bin,497,33554432,364.30,,
0,bench/30gib-3.bin,498,33554432,401.46,,
0,bench/30gib-3.bin,499,33554432,441.59,,
0,bench/30gib-3.bin,500,33554432,450.42,,
0,bench/30gib-3.bin,501,33554432,431.14,,
0,bench/30gib-3.bin,502,33554432,386.63,,
0,bench/30gib-3.bin,503,33554432,448.11,,
0,bench/30gib-3.bin,504,33554432,681.90,,
0,bench/30gib-3.bin,505,33554432,411.80,,
0,bench/30gib-3.bin,506,33554432,388.17,,
0,bench/30gib-3.bin,507,33554432,641.41,,
0,bench/30gib-3.bin,508,33554432,344.75,,
0,bench/30gib-3.bin,509,33554432,385.74,,
0,bench/30gib-3.bin,510,33554432,380.39,,
0,bench/30gib-3.bin,511,33554432,346.32,,
0,bench/30gib-3.bin,512,33554432,404.26,,
0,bench/30gib-3.bin,513,33554432,352.93,,
0,bench/30gib-3.bin,514,33554432,444.72,,
0,bench/30gib-3.bin,515,33554432,537.12,,
0,bench/30gib-3.bin,516,33554432,451.98,,
0,bench/30gib-3.bin,517,33554432,353.52,,
0,bench/30gib-3.bin,518,33554432,409.45,,
0,bench/30gib-3.bin,519,33554432,462.69,,
0,bench/30gib-3.bin,520,33554432,444.22,,
0,bench/30gib-3.bin,521,33554432,430.48,,
0,bench/30gib-3.bin,522,33554432,363.55,,
0,bench/30gib-3.bin,523,33554432,359.38,,
0,bench/30gib-3.bin,524,33554432,360.60,,
0,bench/30gib-3.bin,525,33554432,440.24,,
0,bench/30gib-3.bin,526,33554432,406.08,,
0,bench/30gib-3.bin,527,33554432,349.40,,
0,bench/30gib-3.bin,528,33554432,362.72,,
0,bench/30gib-3.bin,529,33554432,503.51,,
0,bench/30gib-3.bin,530,33554432,344.31,,
0,bench/30gib-3.bin,531,33554432,409.91,,
0,bench/30gib-3.bin,532,33554432,453.39,,
0,bench/30gib-3.bin,533,33554432,599.47,,
0,bench/30gib-3.bin,534,33554432,436.72,,
0,bench/30gib-3.bin,535,33554432,346.72,,
0,bench/30gib-3.bin,536,33554432,341.78,,
0,bench/30gib-3.bin,537,33554432,344.87,,
0,bench/30gib-3.bin,538,33554432,341.36,,
0,bench/30gib-3.bin,539,33554432,457.68,,
0,bench/30gib-3.bin,540,33554432,340.65,,
0,bench/30gib-3.bin,541,33554432,448.37,,
0,bench/30gib-3.bin,542,33554432,408.41,,
0,bench/30gib-3.bin,543,33554432,355.58,,
0,bench/30gib-3.bin,544,33554432,360.88,,
0,bench/30gib-3.bin,545,33554432,390.53,,
0,bench/30gib-3.bin,546,33554432,374.17,,
0,bench/30gib-3.bin,547,33554432,390.49,,
0,bench/30gib-3.bin,548,33554432,365.60,,
0,bench/30gib-3.bin,549,33554432,362.12,,
0,bench/30gib-3.bin,550,33554432,380.48,,
0,bench/30gib-3.bin,551,33554432,358.40,,
0,bench/30gib-3.bin,552,33554432,435.82,,
0,bench/30gib-3.bin,553,33554432,472.95,,
0,bench/30gib-3.bin,554,33554432,425.83,,
0,bench/30gib-3.bin,555,33554432,517.92,,
0,bench/30gib-3.bin,556,33554432,341.60,,
0,bench/30gib-3.bin,557,33554432,358.10,,
0,bench/30gib-3.bin,558,33554432,350.74,,
0,bench/30gib-3.bin,559,33554432,356.21,,
0,bench/30gib-3.bin,560,33554432,412.10,,
0,bench/30gib-3.bin,561,33554432,407.40,,
0,bench/30gib-3.bin,562,33554432,369.32,,
0,bench/30gib-3.bin,563,33554432,463.50,,
0,bench/30gib-3.bin,564,33554432,349.41,,
0,bench/30gib-3.bin,565,33554432,358.44,,
0,bench/30gib-3.bin,566,33554432,349.04,,
0,bench/30gib-3.bin,567,33554432,474.96,,
0,bench/30gib-3.bin,568,33554432,396.93,,
0,bench/30gib-3.bin,569,33554432,409.04,,
0,bench/30gib-3.bin,570,33554432,455.08,,
0,bench/30gib-3.bin,571,33554432,402.26,,
0,bench/30gib-3.bin,572,33554432,399.41,,
0,bench/30gib-3.bin,573,33554432,674.90,,
0,bench/30gib-3.bin,574,33554432,507.53,,
0,bench/30gib-3.bin,575,33554432,368.25,,
0,bench/30gib-3.bin,576,33554432,391.38,,
0,bench/30gib-3.bin,577,33554432,358.72,,
0,bench/30gib-3.bin,578,33554432,465.09,,
0,bench/30gib-3.bin,579,33554432,477.96,,
0,bench/30gib-3.bin,580,33554432,573.83,,
0,bench/30gib-3.bin,581,33554432,340.27,,
0,bench/30gib-3.bin,582,33554432,364.13,,
0,bench/30gib-3.bin,583,33554432,417.60,,
0,bench/30gib-3.bin,584,33554432,357.45,,
0,bench/30gib-3.bin,585,33554432,451.00,,
0,bench/30gib-3.bin,586,33554432,411.81,,
0,bench/30gib-3.bin,587,33554432,382.65,,
0,bench/30gib-3.bin,588,33554432,351.40,,
0,bench/30gib-3.bin,589,33554432,516.38,,
0,bench/30gib-3.bin,590,33554432,346.38,,
0,bench/30gib-3.bin,591,33554432,344.43,,
0,bench/30gib-3.bin,592,33554432,343.85,,
0,bench/30gib-3.bin,593,33554432,369.21,,
0,bench/30gib-3.bin,594,33554432,359.68,,
0,bench/30gib-3.bin,595,33554432,550.13,,
0,bench/30gib-3.bin,596,33554432,496.26,,
0,bench/30gib-3.bin,597,33554432,356.02,,
0,bench/30gib-3.bin,598,33554432,346.91,,
0,bench/30gib-3.bin,599,33554432,461.96,,
0,bench/30gib-3.bin,600,33554432,353.08,,
0,bench/30gib-3.bin,601,33554432,462.35,,
0,bench/30gib-3.bin,602,33554432,346.45,,
0,bench/30gib-3.bin,603,33554432,512.63,,
0,bench/30gib-3.bin,604,33554432,359.71,,
0,bench/30gib-3.bin,605,33554432,350.55,,
0,bench/30gib-3.bin,606,33554432,355.93,,
0,bench/30gib-3.bin,607,33554432,440.15,,
0,bench/30gib-3.bin,608,33554432,349.94,,
0,bench/30gib-3.bin,609,33554432,347.38,,
0,bench/30gib-3.bin,610,33554432,352.07,,
0,bench/30gib-3.bin,611,33554432,384.98,,
0,bench/30gib-3.bin,612,33554432,348.41,,
0,bench/30gib-3.bin,613,33554432,347.80,,
0,bench/30gib-3.bin,614,33554432,355.05,,
0,bench/30gib-3.bin,615,33554432,360.84,,
0,bench/30gib-3.bin,616,33554432,344.64,,
0,bench/30gib-3.bin,617,33554432,343.46,,
0,bench/30gib-3.bin,618,33554432,396.27,,
0,bench/30gib-3.bin,619,33554432,533.45,,
0,bench/30gib-3.bin,620,33554432,436.03,,
0,bench/30gib-3.bin,621,33554432,379.45,,
0,bench/30gib-3.bin,622,33554432,354.13,,
0,bench/30gib-3.bin,623,33554432,396.49,,
0,bench/30gib-3.bin,624,33554432,388.14,,
0,bench/30gib-3.bin,625,33554432,343.56,,
0,bench/30gib-3.bin,626,33554432,340.82,,
0,bench/30gib-3.bin,627,33554432,607.58,,
0,bench/30gib-3.bin,628,33554432,409.49,,
0,bench/30gib-3.bin,629,33554432,440.21,,
0,bench/30gib-3.bin,630,33554432,596.31,,
0,bench/30gib-3.bin,631,33554432,343.15,,
0,bench/30gib-3.bin,632,33554432,419.66,,
0,bench/30gib-3.bin,633,33554432,386.31,,
0,bench/30gib-3.bin,634,33554432,354.66,,
0,bench/30gib-3.bin,635,33554432,516.03,,
0,bench/30gib-3.bin,636,33554432,343.47,,
0,bench/30gib-3.bin,637,33554432,509.25,,
0,bench/30gib-3.bin,638,33554432,341.69,,
0,bench/30gib-3.bin,639,33554432,365.68,,
0,bench/30gib-3.bin,640,33554432,347.67,,
0,bench/30gib-3.bin,641,33554432,344.15,,
0,bench/30gib-3.bin,642,33554432,418.54,,
0,bench/30gib-3.bin,643,33554432,425.62,,
0,bench/30gib-3.bin,644,33554432,412.37,,
0,bench/30gib-3.bin,645,33554432,414.19,,
0,bench/30gib-3.bin,646,33554432,429.27,,
0,bench/30gib-3.bin,647,33554432,346.03,,
0,bench/30gib-3.bin,648,33554432,403.51,,
0,bench/30gib-3.bin,649,33554432,771.13,,
0,bench/30gib-3.bin,650,33554432,346.27,,
0,bench/30gib-3.bin,651,33554432,343.68,,
0,bench/30gib-3.bin,652,33554432,359.58,,
0,bench/30gib-3.bin,653,33554432,346.70,,
0,bench/30gib-3.bin,654,33554432,382.75,,
0,bench/30gib-3.bin,655,33554432,373.54,,
0,bench/30gib-3.bin,656,33554432,544.16,,
0,bench/30gib-3.bin,657,33554432,473.40,,
0,bench/30gib-3.bin,658,33554432,362.44,,
0,bench/30gib-3.bin,659,33554432,520.42,,
0,bench/30gib-3.bin,660,33554432,427.34,,
0,bench/30gib-3.bin,661,33554432,561.51,,
0,bench/30gib-3.bin,662,33554432,439.14,,
0,bench/30gib-3.bin,663,33554432,364.78,,
0,bench/30gib-3.bin,664,33554432,585.17,,
0,bench/30gib-3.bin,665,33554432,346.53,,
0,bench/30gib-3.bin,666,33554432,358.86,,
0,bench/30gib-3.bin,667,33554432,510.68,,
0,bench/30gib-3.bin,668,33554432,347.59,,
0,bench/30gib-3.bin,669,33554432,344.54,,
0,bench/30gib-3.bin,670,33554432,408.04,,
0,bench/30gib-3.bin,671,33554432,437.63,,
0,bench/30gib-3.bin,672,33554432,405.40,,
0,bench/30gib-3.bin,673,33554432,463.70,,
0,bench/30gib-3.bin,674,33554432,357.74,,
0,bench/30gib-3.bin,675,33554432,382.00,,
0,bench/30gib-3.bin,676,33554432,366.71,,
0,bench/30gib-3.bin,677,33554432,412.85,,
0,bench/30gib-3.bin,678,33554432,441.21,,
0,bench/30gib-3.bin,679,33554432,377.02,,
0,bench/30gib-3.bin,680,33554432,447.21,,
0,bench/30gib-3.bin,681,33554432,407.34,,
0,bench/30gib-3.bin,682,33554432,340.12,,
0,bench/30gib-3.bin,683,33554432,398.70,,
0,bench/30gib-3.bin,684,33554432,430.04,,
0,bench/30gib-3.bin,685,33554432,344.91,,
0,bench/30gib-3.bin,686,33554432,401.33,,
0,bench/30gib-3.bin,687,33554432,345.87,,
0,bench/30gib-3.bin,688,33554432,394.38,,
0,bench/30gib-3.bin,689,33554432,384.07,,
0,bench/30gib-3.bin,690,33554432,361.77,,
0,bench/30gib-3.bin,691,33554432,391.35,,
0,bench/30gib-3.bin,692,33554432,355.43,,
0,bench/30gib-3.bin,693,33554432,344.79,,
0,bench/30gib-3.bin,694,33554432,361.96,,
0,bench/30gib-3.bin,695,33554432,385.65,,
0,bench/30gib-3.bin,696,33554432,545.35,,
0,bench/30gib-3.bin,697,33554432,343.25,,
0,bench/30gib-3.bin,698,33554432,395.27,,
0,bench/30gib-3.bin,699,33554432,448.30,,
0,bench/30gib-3.bin,700,33554432,343.43,,
0,bench/30gib-3.bin,701,33554432,341.05,,
0,bench/30gib-3.bin,702,33554432,448.72,,
0,bench/30gib-3.bin,703,33554432,400.79,,
0,bench/30gib-3.bin,704,33554432,558.51,,
0,bench/30gib-3.bin,705,33554432,512.62,,
0,bench/30gib-3.bin,706,33554432,469.11,,
0,bench/30gib-3.bin,707,33554432,435.79,,
0,bench/30gib-3.bin,708,33554432,481.90,,
0,bench/30gib-3.bin,709,33554432,392.40,,
0,bench/30gib-3.bin,710,33554432,448.42,,
0,bench/30gib-3.bin,711,33554432,344.43,,
0,bench/30gib-3.bin,712,33554432,446.81,,
0,bench/30gib-3.bin,713,33554432,526.56,,
0,bench/30gib-3.bin,714,33554432,447.78,,
0,bench/30gib-3.bin,715,33554432,464.57,,
0,bench/30gib-3.bin,716,33554432,343.31,,
0,bench/30gib-3.bin,717,33554432,408.24,,
0,bench/30gib-3.bin,718,33554432,343.19,,
0,bench/30gib-3.bin,719,33554432,340.03,,
0,bench/30gib-3.bin,720,33554432,343.83,,
0,bench/30gib-3.bin,721,33554432,420.82,,
0,bench/30gib-3.bin,722,33554432,383.26,,
0,bench/30gib-3.bin,723,33554432,471.68,,
0,bench/30gib-3.bin,724,33554432,544.72,,
0,bench/30gib-3.bin,725,33554432,365.47,,
0,bench/30gib-3.bin,726,33554432,341.66,,
0,bench/30gib-3.bin,727,33554432,431.10,,
0,bench/30gib-3.bin,728,33554432,416.61,,
0,bench/30gib-3.bin,729,33554432,345.03,,
0,bench/30gib-3.bin,730,33554432,437.52,,
0,bench/30gib-3.bin,731,33554432,377.69,,
0,bench/30gib-3.bin,732,33554432,376.18,,
0,bench/30gib-3.bin,733,33554432,342.57,,
0,bench/30gib-3.bin,734,33554432,454.11,,
0,bench/30gib-3.bin,735,33554432,341.36,,
0,bench/30gib-3.bin,736,33554432,542.67,,
0,bench/30gib-3.bin,737,33554432,364.93,,
0,bench/30gib-3.bin,738,33554432,341.72,,
0,bench/30gib-3.bin,739,33554432,344.59,,
0,bench/30gib-3.bin,740,33554432,345.23,,
0,bench/30gib-3.bin,741,33554432,471.42,,
0,bench/30gib-3.bin,742,33554432,343.67,,
0,bench/30gib-3.bin,743,33554432,813.65,,
0,bench/30gib-3.bin,744,33554432,344.45,,
0,bench/30gib-3.bin,745,33554432,421.72,,
0,bench/30gib-3.bin,746,33554432,414.01,,
0,bench/30gib-3.bin,747,33554432,346.68,,
0,bench/30gib-3.bin,748,33554432,347.50,,
0,bench/30gib-3.bin,749,33554432,745.61,,
0,bench/30gib-3.bin,750,33554432,391.11,,
0,bench/30gib-3.bin,751,33554432,394.84,,
0,bench/30gib-3.bin,752,33554432,409.35,,
0,bench/30gib-3.bin,753,33554432,352.57,,
0,bench/30gib-3.bin,754,33554432,422.38,,
0,bench/30gib-3.bin,755,33554432,380.43,,
0,bench/30gib-3.bin,756,33554432,430.55,,
0,bench/30gib-3.bin,757,33554432,347.78,,
0,bench/30gib-3.bin,758,33554432,376.89,,
0,bench/30gib-3.bin,759,33554432,365.63,,
0,bench/30gib-3.bin,760,33554432,778.18,,
0,bench/30gib-3.bin,761,33554432,390.33,,
0,bench/30gib-3.bin,762,33554432,432.16,,
0,bench/30gib-3.bin,763,33554432,412.55,,
0,bench/30gib-3.bin,764,33554432,366.65,,
0,bench/30gib-3.bin,765,33554432,348.13,,
0,bench/30gib-3.bin,766,33554432,352.21,,
0,bench/30gib-3.bin,767,33554432,507.21,,
0,bench/30gib-3.bin,768,33554432,385.43,,
0,bench/30gib-3.bin,769,33554432,446.05,,
0,bench/30gib-3.bin,770,33554432,403.52,,
0,bench/30gib-3.bin,771,33554432,347.80,,
0,bench/30gib-3.bin,772,33554432,360.21,,
0,bench/30gib-3.bin,773,33554432,593.54,,
0,bench/30gib-3.bin,774,33554432,343.81,,
0,bench/30gib-3.bin,775,33554432,520.55,,
0,bench/30gib-3.bin,776,33554432,403.98,,
0,bench/30gib-3.bin,777,33554432,371.63,,
0,bench/30gib-3.bin,778,33554432,401.41,,
0,bench/30gib-3.bin,779,33554432,370.78,,
0,bench/30gib-3.bin,780,33554432,385.09,,
0,bench/30gib-3.bin,781,33554432,349.82,,
0,bench/30gib-3.bin,782,33554432,418.10,,
0,bench/30gib-3.bin,783,33554432,519.73,,
0,bench/30gib-3.bin,784,33554432,344.40,,
0,bench/30gib-3.bin,785,33554432,416.46,,
0,bench/30gib-3.bin,786,33554432,536.75,,
0,bench/30gib-3.bin,787,33554432,389.46,,
0,bench/30gib-3.bin,788,33554432,345.29,,
0,bench/30gib-3.bin,789,33554432,522.53,,
0,bench/30gib-3.bin,790,33554432,375.31,,
0,bench/30gib-3.bin,791,33554432,374.36,,
0,bench/30gib-3.bin,792,33554432,395.60,,
0,bench/30gib-3.bin,793,33554432,360.36,,
0,bench/30gib-3.bin,794,33554432,405.16,,
0,bench/30gib-3.bin,795,33554432,421.39,,
0,bench/30gib-3.bin,796,33554432,411.53,,
0,bench/30gib-3.bin,797,33554432,342.14,,
0,bench/30gib-3.bin,798,33554432,392.19,,
0,bench/30gib-3.bin,799,33554432,401.13,,
0,bench/30gib-3.bin,800,33554432,344.67,,
0,bench/30gib-3.bin,801,33554432,351.88,,
0,bench/30gib-3.bin,802,33554432,362.54,,
0,bench/30gib-3.bin,803,33554432,396.94,,
0,bench/30gib-3.bin,804,33554432,468.41,,
0,bench/30gib-3.bin,805,33554432,352.69,,
0,bench/30gib-3.bin,806,33554432,380.79,,
0,bench/30gib-3.bin,807,33554432,475.76,,
0,bench/30gib-3.bin,808,33554432,452.78,,
0,bench/30gib-3.bin,809,33554432,357.26,,
0,bench/30gib-3.bin,810,33554432,347.62,,
0,bench/30gib-3.bin,811,33554432,361.86,,
0,bench/30gib-3.bin,812,33554432,383.67,,
0,bench/30gib-3.bin,813,33554432,428.18,,
0,bench/30gib-3.bin,814,33554432,458.04,,
0,bench/30gib-3.bin,815,33554432,407.72,,
0,bench/30gib-3.bin,816,33554432,366.87,,
0,bench/30gib-3.bin,817,33554432,435.57,,
0,bench/30gib-3.bin,818,33554432,345.05,,
0,bench/30gib-3.bin,819,33554432,374.35,,
0,bench/30gib-3.bin,820,33554432,382.52,,
0,bench/30gib-3.bin,821,33554432,518.54,,
0,bench/30gib-3.bin,822,33554432,546.18,,
0,bench/30gib-3.bin,823,33554432,341.69,,
0,bench/30gib-3.bin,824,33554432,396.53,,
0,bench/30gib-3.bin,825,33554432,355.24,,
0,bench/30gib-3.bin,826,33554432,354.00,,
0,bench/30gib-3.bin,827,33554432,355.37,,
0,bench/30gib-3.bin,828,33554432,357.43,,
0,bench/30gib-3.bin,829,33554432,420.14,,
0,bench/30gib-3.bin,830,33554432,377.99,,
0,bench/30gib-3.bin,831,33554432,399.22,,
0,bench/30gib-3.bin,832,33554432,415.78,,
0,bench/30gib-3.bin,833,33554432,342.64,,
0,bench/30gib-3.bin,834,33554432,339.90,,
0,bench/30gib-3.bin,835,33554432,518.26,,
0,bench/30gib-3.bin,836,33554432,365.91,,
0,bench/30gib-3.bin,837,33554432,382.60,,
0,bench/30gib-3.bin,838,33554432,362.27,,
0,bench/30gib-3.bin,839,33554432,383.95,,
0,bench/30gib-3.bin,840,33554432,409.89,,
0,bench/30gib-3.bin,841,33554432,341.53,,
0,bench/30gib-3.bin,842,33554432,360.55,,
0,bench/30gib-3.bin,843,33554432,357.43,,
0,bench/30gib-3.bin,844,33554432,366.65,,
0,bench/30gib-3.bin,845,33554432,348.58,,
0,bench/30gib-3.bin,846,33554432,427.93,,
0,bench/30gib-3.bin,847,33554432,409.85,,
0,bench/30gib-3.bin,848,33554432,454.61,,
0,bench/30gib-3.bin,849,33554432,485.60,,
0,bench/30gib-3.bin,850,33554432,470.28,,
0,bench/30gib-3.bin,851,33554432,364.04,,
0,bench/30gib-3.bin,852,33554432,477.09,,
0,bench/30gib-3.bin,853,33554432,354.87,,
0,bench/30gib-3.bin,854,33554432,343.38,,
0,bench/30gib-3.bin,855,33554432,502.61,,
0,bench/30gib-3.bin,856,33554432,340.55,,
0,bench/30gib-3.bin,857,33554432,392.30,,
0,bench/30gib-3.bin,858,33554432,362.12,,
0,bench/30gib-3.bin,859,33554432,349.49,,
0,bench/30gib-3.bin,860,33554432,461.80,,
0,bench/30gib-3.bin,861,33554432,368.13,,
0,bench/30gib-3.bin,862,33554432,394.49,,
0,bench/30gib-3.bin,863,33554432,359.28,,
0,bench/30gib-3.bin,864,33554432,389.65,,
0,bench/30gib-3.bin,865,33554432,422.29,,
0,bench/30gib-3.bin,866,33554432,345.30,,
0,bench/30gib-3.bin,867,33554432,356.05,,
0,bench/30gib-3.bin,868,33554432,398.80,,
0,bench/30gib-3.bin,869,33554432,400.35,,
0,bench/30gib-3.bin,870,33554432,395.96,,
0,bench/30gib-3.bin,871,33554432,532.32,,
0,bench/30gib-3.bin,872,33554432,381.07,,
0,bench/30gib-3.bin,873,33554432,433.35,,
0,bench/30gib-3.bin,874,33554432,467.48,,
0,bench/30gib-3.bin,875,33554432,340.44,,
0,bench/30gib-3.bin,876,33554432,530.74,,
0,bench/30gib-3.bin,877,33554432,343.85,,
0,bench/30gib-3.bin,878,33554432,359.92,,
0,bench/30gib-3.bin,879,33554432,373.38,,
0,bench/30gib-3.bin,880,33554432,394.86,,
0,bench/30gib-3.bin,881,33554432,345.17,,
0,bench/30gib-3.bin,882,33554432,389.17,,
0,bench/30gib-3.bin,883,33554432,343.49,,
0,bench/30gib-3.bin,884,33554432,341.58,,
0,bench/30gib-3.bin,885,33554432,360.27,,
0,bench/30gib-3.bin,886,33554432,340.95,,
0,bench/30gib-3.bin,887,33554432,366.98,,
0,bench/30gib-3.bin,888,33554432,542.54,,
0,bench/30gib-3.bin,889,33554432,366.54,,
0,bench/30gib-3.bin,890,33554432,497.81,,
0,bench/30gib-3.bin,891,33554432,614.72,,
0,bench/30gib-3.bin,892,33554432,382.78,,
0,bench/30gib-3.bin,893,33554432,343.68,,
0,bench/30gib-3.bin,894,33554432,532.66,,
0,bench/30gib-3.bin,895,33554432,421.51,,
0,bench/30gib-3.bin,896,33554432,345.62,,
0,bench/30gib-3.bin,897,33554432,481.12,,
0,bench/30gib-3.bin,898,33554432,371.08,,
0,bench/30gib-3.bin,899,33554432,369.72,,
0,bench/30gib-3.bin,900,33554432,468.74,,
0,bench/30gib-3.bin,901,33554432,346.00,,
0,bench/30gib-3.bin,902,33554432,353.50,,
0,bench/30gib-3.bin,903,33554432,399.64,,
0,bench/30gib-3.bin,904,33554432,350.11,,
0,bench/30gib-3.bin,905,33554432,352.19,,
0,bench/30gib-3.bin,906,33554432,579.17,,
0,bench/30gib-3.bin,907,33554432,342.55,,
0,bench/30gib-3.bin,908,33554432,435.99,,
0,bench/30gib-3.bin,909,33554432,354.38,,
0,bench/30gib-3.bin,910,33554432,597.27,,
0,bench/30gib-3.bin,911,33554432,352.67,,
0,bench/30gib-3.bin,912,33554432,418.51,,
0,bench/30gib-3.bin,913,33554432,428.34,,
0,bench/30gib-3.bin,914,33554432,452.30,,
0,bench/30gib-3.bin,915,33554432,404.51,,
0,bench/30gib-3.bin,916,33554432,347.05,,
0,bench/30gib-3.bin,917,33554432,345.62,,
0,bench/30gib-3.bin,918,33554432,434.88,,
0,bench/30gib-3.bin,919,33554432,438.16,,
0,bench/30gib-3.bin,920,33554432,551.07,,
0,bench/30gib-3.bin,921,33554432,342.43,,
0,bench/30gib-3.bin,922,33554432,343.50,,
0,bench/30gib-3.bin,923,33554432,359.19,,
0,bench/30gib-3.bin,924,33554432,393.07,,
0,bench/30gib-3.bin,925,33554432,350.53,,
0,bench/30gib-3.bin,926,33554432,380.19,,
0,bench/30gib-3.bin,927,33554432,841.51,,
0,bench/30gib-3.bin,928,33554432,353.51,,
0,bench/30gib-3.bin,929,33554432,343.94,,
0,bench/30gib-3.bin,930,33554432,535.56,,
0,bench/30gib-3.bin,931,33554432,375.75,,
0,bench/30gib-3.bin,932,33554432,626.50,,
0,bench/30gib-3.bin,933,33554432,506.54,,
0,bench/30gib-3.bin,934,33554432,348.02,,
0,bench/30gib-3.bin,935,33554432,463.34,,
0,bench/30gib-3.bin,936,33554432,375.26,,
0,bench/30gib-3.bin,937,33554432,406.18,,
0,bench/30gib-3.bin,938,33554432,388.08,,
0,bench/30gib-3.bin,939,33554432,460.72,,
0,bench/30gib-3.bin,940,33554432,419.09,,
0,bench/30gib-3.bin,941,33554432,427.74,,
0,bench/30gib-3.bin,942,33554432,506.71,,
0,bench/30gib-3.bin,943,33554432,419.90,,
0,bench/30gib-3.bin,944,33554432,531.82,,
0,bench/30gib-3.bin,945,33554432,342.83,,
0,bench/30gib-3.bin,946,33554432,341.89,,
0,bench/30gib-3.bin,947,33554432,359.37,,
0,bench/30gib-3.bin,948,33554432,479.26,,
0,bench/30gib-3.bin,949,33554432,497.71,,
0,bench/30gib-3.bin,950,33554432,403.73,,
0,bench/30gib-3.bin,951,33554432,340.73,,
0,bench/30gib-3.bin,952,33554432,355.84,,
0,bench/30gib-3.bin,953,33554432,424.50,,
0,bench/30gib-3.bin,954,33554432,348.99,,
0,bench/30gib-3.bin,955,33554432,351.00,,
0,bench/30gib-3.bin,956,33554432,342.72,,
0,bench/30gib-3.bin,957,33554432,380.22,,
0,bench/30gib-3.bin,958,33554432,480.85,,
0,bench/30gib-3.bin,959,33554432,344.05,,
0,bench/30gib-3.bin,960,33554432,401.48,,
0,bench/30gib-4.bin,1,33554432,1007.27,,
0,bench/30gib-4.bin,2,33554432,1273.13,,
0,bench/30gib-4.bin,3,33554432,1372.30,,
0,bench/30gib-4.bin,4,33554432,916.71,,
0,bench/30gib-4.bin,5,33554432,1932.05,,
0,bench/30gib-4.bin,6,33554432,2621.65,,
0,bench/30gib-4.bin,7,33554432,975.13,,
0,bench/30gib-4.bin,8,33554432,1401.93,,
0,bench/30gib-4.bin,9,33554432,1179.45,,
0,bench/30gib-4.bin,10,33554432,1083.23,,
0,bench/30gib-4.bin,11,33554432,766.61,,
0,bench/30gib-4.bin,12,33554432,1611.42,,
0,bench/30gib-4.bin,13,33554432,1317.39,,
0,bench/30gib-4.bin,14,33554432,1141.56,,
0,bench/30gib-4.bin,15,33554432,1503.21,,
0,bench/30gib-4.bin,16,33554432,1645.00,,
0,bench/30gib-4.bin,17,33554432,1792.56,,
0,bench/30gib-4.bin,18,33554432,1289.44,,
0,bench/30gib-4.bin,19,33554432,1425.42,,
0,bench/30gib-4.bin,20,33554432,1653.99,,
0,bench/30gib-4.bin,21,33554432,1549.77,,
0,bench/30gib-4.bin,22,33554432,1904.92,,
0,bench/30gib-4.bin,23,33554432,1849.88,,
0,bench/30gib-4.bin,24,33554432,724.54,,
0,bench/30gib-4.bin,25,33554432,1592.01,,
0,bench/30gib-4.bin,26,33554432,1771.46,,
0,bench/30gib-4.bin,27,33554432,784.88,,
0,bench/30gib-4.bin,28,33554432,1232.26,,
0,bench/30gib-4.bin,29,33554432,832.96,,
0,bench/30gib-4.bin,30,33554432,789.69,,
0,bench/30gib-4.bin,31,33554432,1377.45,,
0,bench/30gib-4.bin,32,33554432,1128.27,,
0,bench/30gib-4.bin,33,33554432,726.45,,
0,bench/30gib-4.bin,34,33554432,822.20,,
0,bench/30gib-4.bin,35,33554432,579.73,,
0,bench/30gib-4.bin,36,33554432,1014.36,,
0,bench/30gib-4.bin,37,33554432,537.41,,
0,bench/30gib-4.bin,38,33554432,652.75,,
0,bench/30gib-4.bin,39,33554432,737.37,,
0,bench/30gib-4.bin,40,33554432,418.05,,
0,bench/30gib-4.bin,41,33554432,674.40,,
0,bench/30gib-4.bin,42,33554432,713.43,,
0,bench/30gib-4.bin,43,33554432,530.49,,
0,bench/30gib-4.bin,44,33554432,522.82,,
0,bench/30gib-4.bin,45,33554432,785.75,,
0,bench/30gib-4.bin,46,33554432,748.68,,
0,bench/30gib-4.bin,47,33554432,533.00,,
0,bench/30gib-4.bin,48,33554432,487.51,,
0,bench/30gib-4.bin,49,33554432,802.36,,
0,bench/30gib-4.bin,50,33554432,506.83,,
0,bench/30gib-4.bin,51,33554432,835.28,,
0,bench/30gib-4.bin,52,33554432,866.76,,
0,bench/30gib-4.bin,53,33554432,652.65,,
0,bench/30gib-4.bin,54,33554432,455.33,,
0,bench/30gib-4.bin,55,33554432,785.01,,
0,bench/30gib-4.bin,56,33554432,847.25,,
0,bench/30gib-4.bin,57,33554432,444.23,,
0,bench/30gib-4.bin,58,33554432,422.14,,
0,bench/30gib-4.bin,59,33554432,721.39,,
0,bench/30gib-4.bin,60,33554432,475.49,,
0,bench/30gib-4.bin,61,33554432,490.56,,
0,bench/30gib-4.bin,62,33554432,556.99,,
0,bench/30gib-4.bin,63,33554432,507.34,,
0,bench/30gib-4.bin,64,33554432,349.00,,
0,bench/30gib-4.bin,65,33554432,382.27,,
0,bench/30gib-4.bin,66,33554432,379.61,,
0,bench/30gib-4.bin,67,33554432,408.04,,
0,bench/30gib-4.bin,68,33554432,411.34,,
0,bench/30gib-4.bin,69,33554432,1023.26,,
0,bench/30gib-4.bin,70,33554432,506.66,,
0,bench/30gib-4.bin,71,33554432,613.37,,
0,bench/30gib-4.bin,72,33554432,575.69,,
0,bench/30gib-4.bin,73,33554432,454.22,,
0,bench/30gib-4.bin,74,33554432,535.18,,
0,bench/30gib-4.bin,75,33554432,557.51,,
0,bench/30gib-4.bin,76,33554432,596.62,,
0,bench/30gib-4.bin,77,33554432,378.49,,
0,bench/30gib-4.bin,78,33554432,350.21,,
0,bench/30gib-4.bin,79,33554432,349.41,,
0,bench/30gib-4.bin,80,33554432,351.84,,
0,bench/30gib-4.bin,81,33554432,556.98,,
0,bench/30gib-4.bin,82,33554432,450.17,,
0,bench/30gib-4.bin,83,33554432,344.98,,
0,bench/30gib-4.bin,84,33554432,473.87,,
0,bench/30gib-4.bin,85,33554432,667.42,,
0,bench/30gib-4.bin,86,33554432,350.68,,
0,bench/30gib-4.bin,87,33554432,484.36,,
0,bench/30gib-4.bin,88,33554432,603.15,,
0,bench/30gib-4.bin,89,33554432,375.42,,
0,bench/30gib-4.bin,90,33554432,487.26,,
0,bench/30gib-4.bin,91,33554432,357.82,,
0,bench/30gib-4.bin,92,33554432,440.94,,
0,bench/30gib-4.bin,93,33554432,429.36,,
0,bench/30gib-4.bin,94,33554432,344.17,,
0,bench/30gib-4.bin,95,33554432,467.65,,
0,bench/30gib-4.bin,96,33554432,346.12,,
0,bench/30gib-4.bin,97,33554432,440.75,,
0,bench/30gib-4.bin,98,33554432,354.72,,
0,bench/30gib-4.bin,99,33554432,543.94,,
0,bench/30gib-4.bin,100,33554432,380.40,,
0,bench/30gib-4.bin,101,33554432,348.66,,
0,bench/30gib-4.bin,102,33554432,375.37,,
0,bench/30gib-4.bin,103,33554432,353.62,,
0,bench/30gib-4.bin,104,33554432,350.70,,
0,bench/30gib-4.bin,105,33554432,440.45,,
0,bench/30gib-4.bin,106,33554432,383.33,,
0,bench/30gib-4.bin,107,33554432,415.36,,
0,bench/30gib-4.bin,108,33554432,423.43,,
0,bench/30gib-4.bin,109,33554432,393.28,,
0,bench/30gib-4.bin,110,33554432,546.73,,
0,bench/30gib-4.bin,111,33554432,429.75,,
0,bench/30gib-4.bin,112,33554432,409.40,,
0,bench/30gib-4.bin,113,33554432,349.09,,
0,bench/30gib-4.bin,114,33554432,341.43,,
0,bench/30gib-4.bin,115,33554432,432.30,,
0,bench/30gib-4.bin,116,33554432,573.20,,
0,bench/30gib-4.bin,117,33554432,341.73,,
0,bench/30gib-4.bin,118,33554432,342.01,,
0,bench/30gib-4.bin,119,33554432,439.18,,
0,bench/30gib-4.bin,120,33554432,341.63,,
0,bench/30gib-4.bin,121,33554432,518.17,,
0,bench/30gib-4.bin,122,33554432,444.44,,
0,bench/30gib-4.bin,123,33554432,351.25,,
0,bench/30gib-4.bin,124,33554432,343.41,,
0,bench/30gib-4.bin,125,33554432,427.83,,
0,bench/30gib-4.bin,126,33554432,1392.69,,
0,bench/30gib-4.bin,127,33554432,434.96,,
0,bench/30gib-4.bin,128,33554432,348.62,,
0,bench/30gib-4.bin,129,33554432,340.65,,
0,bench/30gib-4.bin,130,33554432,359.86,,
0,bench/30gib-4.bin,131,33554432,342.99,,
0,bench/30gib-4.bin,132,33554432,423.67,,
0,bench/30gib-4.bin,133,33554432,457.90,,
0,bench/30gib-4.bin,134,33554432,517.99,,
0,bench/30gib-4.bin,135,33554432,350.83,,
0,bench/30gib-4.bin,136,33554432,437.54,,
0,bench/30gib-4.bin,137,33554432,374.25,,
0,bench/30gib-4.bin,138,33554432,350.44,,
0,bench/30gib-4.bin,139,33554432,340.97,,
0,bench/30gib-4.bin,140,33554432,400.81,,
0,bench/30gib-4.bin,141,33554432,433.93,,
0,bench/30gib-4.bin,142,33554432,368.40,,
0,bench/30gib-4.bin,143,33554432,482.10,,
0,bench/30gib-4.bin,144,33554432,396.33,,
0,bench/30gib-4.bin,145,33554432,345.90,,
0,bench/30gib-4.bin,146,33554432,353.52,,
0,bench/30gib-4.bin,147,33554432,406.59,,
0,bench/30gib-4.bin,148,33554432,472.09,,
0,bench/30gib-4.bin,149,33554432,456.81,,
0,bench/30gib-4.bin,150,33554432,473.24,,
0,bench/30gib-4.bin,151,33554432,410.76,,
0,bench/30gib-4.bin,152,33554432,399.29,,
0,bench/30gib-4.bin,153,33554432,399.89,,
0,bench/30gib-4.bin,154,33554432,348.09,,
0,bench/30gib-4.bin,155,33554432,351.95,,
0,bench/30gib-4.bin,156,33554432,339.91,,
0,bench/30gib-4.bin,157,33554432,781.45,,
0,bench/30gib-4.bin,158,33554432,341.11,,
0,bench/30gib-4.bin,159,33554432,443.20,,
0,bench/30gib-4.bin,160,33554432,441.92,,
0,bench/30gib-4.bin,161,33554432,422.24,,
0,bench/30gib-4.bin,162,33554432,663.17,,
0,bench/30gib-4.bin,163,33554432,432.90,,
0,bench/30gib-4.bin,164,33554432,362.94,,
0,bench/30gib-4.bin,165,33554432,395.94,,
0,bench/30gib-4.bin,166,33554432,551.01,,
0,bench/30gib-4.bin,167,33554432,372.94,,
0,bench/30gib-4.bin,168,33554432,342.06,,
0,bench/30gib-4.bin,169,33554432,343.80,,
0,bench/30gib-4.bin,170,33554432,384.19,,
0,bench/30gib-4.bin,171,33554432,427.84,,
0,bench/30gib-4.bin,172,33554432,511.32,,
0,bench/30gib-4.bin,173,33554432,464.66,,
0,bench/30gib-4.bin,174,33554432,402.71,,
0,bench/30gib-4.bin,175,33554432,442.41,,
0,bench/30gib-4.bin,176,33554432,501.55,,
0,bench/30gib-4.bin,177,33554432,417.00,,
0,bench/30gib-4.bin,178,33554432,347.34,,
0,bench/30gib-4.bin,179,33554432,538.52,,
0,bench/30gib-4.bin,180,33554432,353.21,,
0,bench/30gib-4.bin,181,33554432,339.77,,
0,bench/30gib-4.bin,182,33554432,467.84,,
0,bench/30gib-4.bin,183,33554432,501.02,,
0,bench/30gib-4.bin,184,33554432,445.92,,
0,bench/30gib-4.bin,185,33554432,363.22,,
0,bench/30gib-4.bin,186,33554432,346.49,,
0,bench/30gib-4.bin,187,33554432,433.55,,
0,bench/30gib-4.bin,188,33554432,427.09,,
0,bench/30gib-4.bin,189,33554432,366.16,,
0,bench/30gib-4.bin,190,33554432,428.82,,
0,bench/30gib-4.bin,191,33554432,346.23,,
0,bench/30gib-4.bin,192,33554432,657.12,,
0,bench/30gib-4.bin,193,33554432,453.74,,
0,bench/30gib-4.bin,194,33554432,340.01,,
0,bench/30gib-4.bin,195,33554432,446.68,,
0,bench/30gib-4.bin,196,33554432,382.92,,
0,bench/30gib-4.bin,197,33554432,734.54,,
0,bench/30gib-4.bin,198,33554432,345.13,,
0,bench/30gib-4.bin,199,33554432,353.98,,
0,bench/30gib-4.bin,200,33554432,361.73,,
0,bench/30gib-4.bin,201,33554432,341.37,,
0,bench/30gib-4.bin,202,33554432,415.42,,
0,bench/30gib-4.bin,203,33554432,347.10,,
0,bench/30gib-4.bin,204,33554432,380.98,,
0,bench/30gib-4.bin,205,33554432,418.53,,
0,bench/30gib-4.bin,206,33554432,358.49,,
0,bench/30gib-4.bin,207,33554432,357.84,,
0,bench/30gib-4.bin,208,33554432,392.90,,
0,bench/30gib-4.bin,209,33554432,439.03,,
0,bench/30gib-4.bin,210,33554432,426.08,,
0,bench/30gib-4.bin,211,33554432,355.09,,
0,bench/30gib-4.bin,212,33554432,353.54,,
0,bench/30gib-4.bin,213,33554432,531.16,,
0,bench/30gib-4.bin,214,33554432,345.05,,
0,bench/30gib-4.bin,215,33554432,347.70,,
0,bench/30gib-4.bin,216,33554432,420.37,,
0,bench/30gib-4.bin,217,33554432,382.13,,
0,bench/30gib-4.bin,218,33554432,457.67,,
0,bench/30gib-4.bin,219,33554432,484.03,,
0,bench/30gib-4.bin,220,33554432,395.79,,
0,bench/30gib-4.bin,221,33554432,490.02,,
0,bench/30gib-4.bin,222,33554432,441.44,,
0,bench/30gib-4.bin,223,33554432,417.76,,
0,bench/30gib-4.bin,224,33554432,344.76,,
0,bench/30gib-4.bin,225,33554432,399.55,,
0,bench/30gib-4.bin,226,33554432,538.48,,
0,bench/30gib-4.bin,227,33554432,418.73,,
0,bench/30gib-4.bin,228,33554432,345.03,,
0,bench/30gib-4.bin,229,33554432,347.74,,
0,bench/30gib-4.bin,230,33554432,682.37,,
0,bench/30gib-4.bin,231,33554432,573.18,,
0,bench/30gib-4.bin,232,33554432,375.72,,
0,bench/30gib-4.bin,233,33554432,383.88,,
0,bench/30gib-4.bin,234,33554432,342.47,,
0,bench/30gib-4.bin,235,33554432,355.36,,
0,bench/30gib-4.bin,236,33554432,428.80,,
0,bench/30gib-4.bin,237,33554432,344.48,,
0,bench/30gib-4.bin,238,33554432,370.94,,
0,bench/30gib-4.bin,239,33554432,346.84,,
0,bench/30gib-4.bin,240,33554432,415.27,,
0,bench/30gib-4.bin,241,33554432,475.59,,
0,bench/30gib-4.bin,242,33554432,350.92,,
0,bench/30gib-4.bin,243,33554432,343.29,,
0,bench/30gib-4.bin,244,33554432,341.84,,
0,bench/30gib-4.bin,245,33554432,548.27,,
0,bench/30gib-4.bin,246,33554432,496.45,,
0,bench/30gib-4.bin,247,33554432,351.50,,
0,bench/30gib-4.bin,248,33554432,444.70,,
0,bench/30gib-4.bin,249,33554432,465.48,,
0,bench/30gib-4.bin,250,33554432,444.89,,
0,bench/30gib-4.bin,251,33554432,586.21,,
0,bench/30gib-4.bin,252,33554432,340.13,,
0,bench/30gib-4.bin,253,33554432,514.61,,
0,bench/30gib-4.bin,254,33554432,593.23,,
0,bench/30gib-4.bin,255,33554432,341.79,,
0,bench/30gib-4.bin,256,33554432,342.89,,
0,bench/30gib-4.bin,257,33554432,418.28,,
0,bench/30gib-4.bin,258,33554432,497.35,,
0,bench/30gib-4.bin,259,33554432,465.94,,
0,bench/30gib-4.bin,260,33554432,631.84,,
0,bench/30gib-4.bin,261,33554432,466.37,,
0,bench/30gib-4.bin,262,33554432,526.17,,
0,bench/30gib-4.bin,263,33554432,393.28,,
0,bench/30gib-4.bin,264,33554432,469.59,,
0,bench/30gib-4.bin,265,33554432,341.26,,
0,bench/30gib-4.bin,266,33554432,351.10,,
0,bench/30gib-4.bin,267,33554432,345.56,,
0,bench/30gib-4.bin,268,33554432,362.59,,
0,bench/30gib-4.bin,269,33554432,416.45,,
0,bench/30gib-4.bin,270,33554432,379.55,,
0,bench/30gib-4.bin,271,33554432,348.52,,
0,bench/30gib-4.bin,272,33554432,366.16,,
0,bench/30gib-4.bin,273,33554432,356.91,,
0,bench/30gib-4.bin,274,33554432,593.97,,
0,bench/30gib-4.bin,275,33554432,340.85,,
0,bench/30gib-4.bin,276,33554432,392.85,,
0,bench/30gib-4.bin,277,33554432,424.21,,
0,bench/30gib-4.bin,278,33554432,397.70,,
0,bench/30gib-4.bin,279,33554432,342.64,,
0,bench/30gib-4.bin,280,33554432,372.67,,
0,bench/30gib-4.bin,281,33554432,372.01,,
0,bench/30gib-4.bin,282,33554432,480.03,,
0,bench/30gib-4.bin,283,33554432,472.13,,
0,bench/30gib-4.bin,284,33554432,469.48,,
0,bench/30gib-4.bin,285,33554432,480.52,,
0,bench/30gib-4.bin,286,33554432,393.38,,
0,bench/30gib-4.bin,287,33554432,391.96,,
0,bench/30gib-4.bin,288,33554432,405.09,,
0,bench/30gib-4.bin,289,33554432,357.40,,
0,bench/30gib-4.bin,290,33554432,350.91,,
0,bench/30gib-4.bin,291,33554432,394.65,,
0,bench/30gib-4.bin,292,33554432,347.50,,
0,bench/30gib-4.bin,293,33554432,342.14,,
0,bench/30gib-4.bin,294,33554432,449.38,,
0,bench/30gib-4.bin,295,33554432,571.48,,
0,bench/30gib-4.bin,296,33554432,385.49,,
0,bench/30gib-4.bin,297,33554432,344.21,,
0,bench/30gib-4.bin,298,33554432,557.18,,
0,bench/30gib-4.bin,299,33554432,387.83,,
0,bench/30gib-4.bin,300,33554432,374.05,,
0,bench/30gib-4.bin,301,33554432,341.80,,
0,bench/30gib-4.bin,302,33554432,638.12,,
0,bench/30gib-4.bin,303,33554432,413.78,,
0,bench/30gib-4.bin,304,33554432,539.43,,
0,bench/30gib-4.bin,305,33554432,488.45,,
0,bench/30gib-4.bin,306,33554432,344.61,,
0,bench/30gib-4.bin,307,33554432,369.37,,
0,bench/30gib-4.bin,308,33554432,490.85,,
0,bench/30gib-4.bin,309,33554432,539.78,,
0,bench/30gib-4.bin,310,33554432,366.58,,
0,bench/30gib-4.bin,311,33554432,342.93,,
0,bench/30gib-4.bin,312,33554432,399.36,,
0,bench/30gib-4.bin,313,33554432,345.33,,
0,bench/30gib-4.bin,314,33554432,388.02,,
0,bench/30gib-4.bin,315,33554432,491.26,,
0,bench/30gib-4.bin,316,33554432,389.04,,
0,bench/30gib-4.bin,317,33554432,457.24,,
0,bench/30gib-4.bin,318,33554432,341.09,,
0,bench/30gib-4.bin,319,33554432,342.62,,
0,bench/30gib-4.bin,320,33554432,342.69,,
0,bench/30gib-4.bin,321,33554432,485.72,,
0,bench/30gib-4.bin,322,33554432,384.88,,
0,bench/30gib-4.bin,323,33554432,345.10,,
0,bench/30gib-4.bin,324,33554432,483.87,,
0,bench/30gib-4.bin,325,33554432,341.64,,
0,bench/30gib-4.bin,326,33554432,436.91,,
0,bench/30gib-4.bin,327,33554432,342.39,,
0,bench/30gib-4.bin,328,33554432,379.41,,
0,bench/30gib-4.bin,329,33554432,430.84,,
0,bench/30gib-4.bin,330,33554432,548.17,,
0,bench/30gib-4.bin,331,33554432,357.09,,
0,bench/30gib-4.bin,332,33554432,404.11,,
0,bench/30gib-4.bin,333,33554432,583.15,,
0,bench/30gib-4.bin,334,33554432,661.92,,
0,bench/30gib-4.bin,335,33554432,346.45,,
0,bench/30gib-4.bin,336,33554432,461.26,,
0,bench/30gib-4.bin,337,33554432,390.99,,
0,bench/30gib-4.bin,338,33554432,412.65,,
0,bench/30gib-4.bin,339,33554432,350.09,,
0,bench/30gib-4.bin,340,33554432,408.26,,
0,bench/30gib-4.bin,341,33554432,549.34,,
0,bench/30gib-4.bin,342,33554432,524.37,,
0,bench/30gib-4.bin,343,33554432,371.57,,
0,bench/30gib-4.bin,344,33554432,399.66,,
0,bench/30gib-4.bin,345,33554432,392.15,,
0,bench/30gib-4.bin,346,33554432,428.43,,
0,bench/30gib-4.bin,347,33554432,340.39,,
0,bench/30gib-4.bin,348,33554432,490.91,,
0,bench/30gib-4.bin,349,33554432,530.24,,
0,bench/30gib-4.bin,350,33554432,393.51,,
0,bench/30gib-4.bin,351,33554432,353.94,,
0,bench/30gib-4.bin,352,33554432,421.41,,
0,bench/30gib-4.bin,353,33554432,467.09,,
0,bench/30gib-4.bin,354,33554432,548.48,,
0,bench/30gib-4.bin,355,33554432,454.96,,
0,bench/30gib-4.bin,356,33554432,507.69,,
0,bench/30gib-4.bin,357,33554432,344.96,,
0,bench/30gib-4.bin,358,33554432,462.69,,
0,bench/30gib-4.bin,359,33554432,473.12,,
0,bench/30gib-4.bin,360,33554432,348.20,,
0,bench/30gib-4.bin,361,33554432,442.23,,
0,bench/30gib-4.bin,362,33554432,442.91,,
0,bench/30gib-4.bin,363,33554432,365.16,,
0,bench/30gib-4.bin,364,33554432,492.02,,
0,bench/30gib-4.bin,365,33554432,359.65,,
0,bench/30gib-4.bin,366,33554432,456.52,,
0,bench/30gib-4.bin,367,33554432,444.53,,
0,bench/30gib-4.bin,368,33554432,451.91,,
0,bench/30gib-4.bin,369,33554432,395.00,,
0,bench/30gib-4.bin,370,33554432,390.22,,
0,bench/30gib-4.bin,371,33554432,341.16,,
0,bench/30gib-4.bin,372,33554432,697.14,,
0,bench/30gib-4.bin,373,33554432,453.37,,
0,bench/30gib-4.bin,374,33554432,485.94,,
0,bench/30gib-4.bin,375,33554432,400.80,,
0,bench/30gib-4.bin,376,33554432,416.48,,
0,bench/30gib-4.bin,377,33554432,442.00,,
0,bench/30gib-4.bin,378,33554432,449.07,,
0,bench/30gib-4.bin,379,33554432,482.43,,
0,bench/30gib-4.bin,380,33554432,367.74,,
0,bench/30gib-4.bin,381,33554432,424.06,,
0,bench/30gib-4.bin,382,33554432,453.48,,
0,bench/30gib-4.bin,383,33554432,594.36,,
0,bench/30gib-4.bin,384,33554432,487.26,,
0,bench/30gib-4.bin,385,33554432,345.16,,
0,bench/30gib-4.bin,386,33554432,340.18,,
0,bench/30gib-4.bin,387,33554432,345.96,,
0,bench/30gib-4.bin,388,33554432,660.70,,
0,bench/30gib-4.bin,389,33554432,377.53,,
0,bench/30gib-4.bin,390,33554432,340.33,,
0,bench/30gib-4.bin,391,33554432,344.53,,
0,bench/30gib-4.bin,392,33554432,499.41,,
0,bench/30gib-4.bin,393,33554432,349.85,,
0,bench/30gib-4.bin,394,33554432,405.51,,
0,bench/30gib-4.bin,395,33554432,343.67,,
0,bench/30gib-4.bin,396,33554432,341.22,,
0,bench/30gib-4.bin,397,33554432,355.30,,
0,bench/30gib-4.bin,398,33554432,389.06,,
0,bench/30gib-4.bin,399,33554432,502.97,,
0,bench/30gib-4.bin,400,33554432,404.18,,
0,bench/30gib-4.bin,401,33554432,422.68,,
0,bench/30gib-4.bin,402,33554432,552.80,,
0,bench/30gib-4.bin,403,33554432,341.73,,
0,bench/30gib-4.bin,404,33554432,466.95,,
0,bench/30gib-4.bin,405,33554432,407.92,,
0,bench/30gib-4.bin,406,33554432,382.50,,
0,bench/30gib-4.bin,407,33554432,346.36,,
0,bench/30gib-4.bin,408,33554432,341.04,,
0,bench/30gib-4.bin,409,33554432,343.62,,
0,bench/30gib-4.bin,410,33554432,378.72,,
0,bench/30gib-4.bin,411,33554432,341.75,,
0,bench/30gib-4.bin,412,33554432,413.35,,
0,bench/30gib-4.bin,413,33554432,343.84,,
0,bench/30gib-4.bin,414,33554432,571.17,,
0,bench/30gib-4.bin,415,33554432,436.10,,
0,bench/30gib-4.bin,416,33554432,438.57,,
0,bench/30gib-4.bin,417,33554432,352.52,,
0,bench/30gib-4.bin,418,33554432,355.55,,
0,bench/30gib-4.bin,419,33554432,404.39,,
0,bench/30gib-4.bin,420,33554432,350.29,,
0,bench/30gib-4.bin,421,33554432,383.70,,
0,bench/30gib-4.bin,422,33554432,520.14,,
0,bench/30gib-4.bin,423,33554432,419.33,,
0,bench/30gib-4.bin,424,33554432,365.17,,
0,bench/30gib-4.bin,425,33554432,344.85,,
0,bench/30gib-4.bin,426,33554432,459.19,,
0,bench/30gib-4.bin,427,33554432,467.85,,
0,bench/30gib-4.bin,428,33554432,443.11,,
0,bench/30gib-4.bin,429,33554432,344.92,,
0,bench/30gib-4.bin,430,33554432,419.84,,
0,bench/30gib-4.bin,431,33554432,693.81,,
0,bench/30gib-4.bin,432,33554432,409.63,,
0,bench/30gib-4.bin,433,33554432,378.31,,
0,bench/30gib-4.bin,434,33554432,442.29,,
0,bench/30gib-4.bin,435,33554432,350.30,,
0,bench/30gib-4.bin,436,33554432,427.89,,
0,bench/30gib-4.bin,437,33554432,341.18,,
0,bench/30gib-4.bin,438,33554432,433.27,,
0,bench/30gib-4.bin,439,33554432,421.03,,
0,bench/30gib-4.bin,440,33554432,373.92,,
0,bench/30gib-4.bin,441,33554432,390.09,,
0,bench/30gib-4.bin,442,33554432,341.77,,
0,bench/30gib-4.bin,443,33554432,355.12,,
0,bench/30gib-4.bin,444,33554432,339.91,,
0,bench/30gib-4.bin,445,33554432,723.72,,
0,bench/30gib-4.bin,446,33554432,364.95,,
0,bench/30gib-4.bin,447,33554432,442.35,,
0,bench/30gib-4.bin,448,33554432,420.30,,
0,bench/30gib-4.bin,449,33554432,418.11,,
0,bench/30gib-4.bin,450,33554432,347.22,,
0,bench/30gib-4.bin,451,33554432,345.23,,
0,bench/30gib-4.bin,452,33554432,413.71,,
0,bench/30gib-4.bin,453,33554432,365.88,,
0,bench/30gib-4.bin,454,33554432,415.85,,
0,bench/30gib-4.bin,455,33554432,375.63,,
0,bench/30gib-4.bin,456,33554432,387.51,,
0,bench/30gib-4.bin,457,33554432,435.72,,
0,bench/30gib-4.bin,458,33554432,396.03,,
0,bench/30gib-4.bin,459,33554432,345.04,,
0,bench/30gib-4.bin,460,33554432,364.59,,
0,bench/30gib-4.bin,461,33554432,343.11,,
0,bench/30gib-4.bin,462,33554432,342.42,,
0,bench/30gib-4.bin,463,33554432,391.70,,
0,bench/30gib-4.bin,464,33554432,467.80,,
0,bench/30gib-4.bin,465,33554432,357.11,,
0,bench/30gib-4.bin,466,33554432,347.76,,
0,bench/30gib-4.bin,467,33554432,601.72,,
0,bench/30gib-4.bin,468,33554432,557.23,,
0,bench/30gib-4.bin,469,33554432,459.17,,
0,bench/30gib-4.bin,470,33554432,367.78,,
0,bench/30gib-4.bin,471,33554432,390.32,,
0,bench/30gib-4.bin,472,33554432,349.07,,
0,bench/30gib-4.bin,473,33554432,371.81,,
0,bench/30gib-4.bin,474,33554432,387.91,,
0,bench/30gib-4.bin,475,33554432,460.66,,
0,bench/30gib-4.bin,476,33554432,462.30,,
0,bench/30gib-4.bin,477,33554432,346.45,,
0,bench/30gib-4.bin,478,33554432,591.45,,
0,bench/30gib-4.bin,479,33554432,340.17,,
0,bench/30gib-4.bin,480,33554432,488.94,,
0,bench/30gib-4.bin,481,33554432,417.05,,
0,bench/30gib-4.bin,482,33554432,393.17,,
0,bench/30gib-4.bin,483,33554432,359.18,,
0,bench/30gib-4.bin,484,33554432,366.02,,
0,bench/30gib-4.bin,485,33554432,343.64,,
0,bench/30gib-4.bin,486,33554432,470.91,,
0,bench/30gib-4.bin,487,33554432,409.95,,
0,bench/30gib-4.bin,488,33554432,340.29,,
0,bench/30gib-4.bin,489,33554432,365.62,,
0,bench/30gib-4.bin,490,33554432,528.52,,
0,bench/30gib-4.bin,491,33554432,512.61,,
0,bench/30gib-4.bin,492,33554432,426.97,,
0,bench/30gib-4.bin,493,33554432,475.52,,
0,bench/30gib-4.bin,494,33554432,390.19,,
0,bench/30gib-4.bin,495,33554432,342.58,,
0,bench/30gib-4.bin,496,33554432,344.90,,
0,bench/30gib-4.bin,497,33554432,593.49,,
0,bench/30gib-4.bin,498,33554432,409.45,,
0,bench/30gib-4.bin,499,33554432,421.41,,
0,bench/30gib-4.bin,500,33554432,341.28,,
0,bench/30gib-4.bin,501,33554432,376.50,,
0,bench/30gib-4.bin,502,33554432,384.96,,
0,bench/30gib-4.bin,503,33554432,443.67,,
0,bench/30gib-4.bin,504,33554432,384.57,,
0,bench/30gib-4.bin,505,33554432,396.22,,
0,bench/30gib-4.bin,506,33554432,396.69,,
0,bench/30gib-4.bin,507,33554432,382.13,,
0,bench/30gib-4.bin,508,33554432,346.03,,
0,bench/30gib-4.bin,509,33554432,389.25,,
0,bench/30gib-4.bin,510,33554432,429.55,,
0,bench/30gib-4.bin,511,33554432,551.66,,
0,bench/30gib-4.bin,512,33554432,346.07,,
0,bench/30gib-4.bin,513,33554432,384.66,,
0,bench/30gib-4.bin,514,33554432,457.52,,
0,bench/30gib-4.bin,515,33554432,384.61,,
0,bench/30gib-4.bin,516,33554432,340.57,,
0,bench/30gib-4.bin,517,33554432,378.65,,
0,bench/30gib-4.bin,518,33554432,616.04,,
0,bench/30gib-4.bin,519,33554432,358.59,,
0,bench/30gib-4.bin,520,33554432,344.12,,
0,bench/30gib-4.bin,521,33554432,371.38,,
0,bench/30gib-4.bin,522,33554432,466.70,,
0,bench/30gib-4.bin,523,33554432,349.31,,
0,bench/30gib-4.bin,524,33554432,435.40,,
0,bench/30gib-4.bin,525,33554432,502.92,,
0,bench/30gib-4.bin,526,33554432,525.83,,
0,bench/30gib-4.bin,527,33554432,439.47,,
0,bench/30gib-4.bin,528,33554432,488.81,,
0,bench/30gib-4.bin,529,33554432,403.60,,
0,bench/30gib-4.bin,530,33554432,475.93,,
0,bench/30gib-4.bin,531,33554432,488.15,,
0,bench/30gib-4.bin,532,33554432,428.96,,
0,bench/30gib-4.bin,533,33554432,361.53,,
0,bench/30gib-4.bin,534,33554432,563.23,,
0,bench/30gib-4.bin,535,33554432,369.69,,
0,bench/30gib-4.bin,536,33554432,408.98,,
0,bench/30gib-4.bin,537,33554432,347.65,,
0,bench/30gib-4.bin,538,33554432,562.52,,
0,bench/30gib-4.bin,539,33554432,512.47,,
0,bench/30gib-4.bin,540,33554432,455.36,,
0,bench/30gib-4.bin,541,33554432,435.09,,
0,bench/30gib-4.bin,542,33554432,359.67,,
0,bench/30gib-4.bin,543,33554432,356.53,,
0,bench/30gib-4.bin,544,33554432,349.10,,
0,bench/30gib-4.bin,545,33554432,541.88,,
0,bench/30gib-4.bin,546,33554432,346.80,,
0,bench/30gib-4.bin,547,33554432,341.88,,
0,bench/30gib-4.bin,548,33554432,509.37,,
0,bench/30gib-4.bin,549,33554432,446.18,,
0,bench/30gib-4.bin,550,33554432,459.96,,
0,bench/30gib-4.bin,551,33554432,472.60,,
0,bench/30gib-4.bin,552,33554432,474.70,,
0,bench/30gib-4.bin,553,33554432,463.11,,
0,bench/30gib-4.bin,554,33554432,646.46,,
0,bench/30gib-4.bin,555,33554432,358.19,,
0,bench/30gib-4.bin,556,33554432,343.63,,
0,bench/30gib-4.bin,557,33554432,501.49,,
0,bench/30gib-4.bin,558,33554432,502.95,,
0,bench/30gib-4.bin,559,33554432,460.08,,
0,bench/30gib-4.bin,560,33554432,530.16,,
0,bench/30gib-4.bin,561,33554432,567.19,,
0,bench/30gib-4.bin,562,33554432,402.85,,
0,bench/30gib-4.bin,563,33554432,503.37,,
0,bench/30gib-4.bin,564,33554432,500.60,,
0,bench/30gib-4.bin,565,33554432,350.30,,
0,bench/30gib-4.bin,566,33554432,380.52,,
0,bench/30gib-4.bin,567,33554432,409.07,,
0,bench/30gib-4.bin,568,33554432,353.14,,
0,bench/30gib-4.bin,569,33554432,370.83,,
0,bench/30gib-4.bin,570,33554432,512.42,,
0,bench/30gib-4.bin,571,33554432,349.83,,
0,bench/30gib-4.bin,572,33554432,398.24,,
0,bench/30gib-4.bin,573,33554432,400.39,,
0,bench/30gib-4.bin,574,33554432,455.84,,
0,bench/30gib-4.bin,575,33554432,436.26,,
0,bench/30gib-4.bin,576,33554432,433.22,,
0,bench/30gib-4.bin,577,33554432,505.70,,
0,bench/30gib-4.bin,578,33554432,355.61,,
0,bench/30gib-4.bin,579,33554432,614.45,,
0,bench/30gib-4.bin,580,33554432,411.78,,
0,bench/30gib-4.bin,581,33554432,349.59,,
0,bench/30gib-4.bin,582,33554432,434.51,,
0,bench/30gib-4.bin,583,33554432,541.38,,
0,bench/30gib-4.bin,584,33554432,459.83,,
0,bench/30gib-4.bin,585,33554432,346.28,,
0,bench/30gib-4.bin,586,33554432,374.14,,
0,bench/30gib-4.bin,587,33554432,575.38,,
0,bench/30gib-4.bin,588,33554432,344.50,,
0,bench/30gib-4.bin,589,33554432,345.97,,
0,bench/30gib-4.bin,590,33554432,452.01,,
0,bench/30gib-4.bin,591,33554432,454.42,,
0,bench/30gib-4.bin,592,33554432,375.97,,
0,bench/30gib-4.bin,593,33554432,431.36,,
0,bench/30gib-4.bin,594,33554432,355.81,,
0,bench/30gib-4.bin,595,33554432,466.45,,
0,bench/30gib-4.bin,596,33554432,350.21,,
0,bench/30gib-4.bin,597,33554432,407.77,,
0,bench/30gib-4.bin,598,33554432,351.63,,
0,bench/30gib-4.bin,599,33554432,516.19,,
0,bench/30gib-4.bin,600,33554432,402.22,,
0,bench/30gib-4.bin,601,33554432,354.97,,
0,bench/30gib-4.bin,602,33554432,347.90,,
0,bench/30gib-4.bin,603,33554432,340.23,,
0,bench/30gib-4.bin,604,33554432,341.39,,
0,bench/30gib-4.bin,605,33554432,526.66,,
0,bench/30gib-4.bin,606,33554432,349.51,,
0,bench/30gib-4.bin,607,33554432,389.58,,
0,bench/30gib-4.bin,608,33554432,348.55,,
0,bench/30gib-4.bin,609,33554432,388.66,,
0,bench/30gib-4.bin,610,33554432,343.58,,
0,bench/30gib-4.bin,611,33554432,350.62,,
0,bench/30gib-4.bin,612,33554432,369.09,,
0,bench/30gib-4.bin,613,33554432,345.95,,
0,bench/30gib-4.bin,614,33554432,520.01,,
0,bench/30gib-4.bin,615,33554432,344.72,,
0,bench/30gib-4.bin,616,33554432,454.53,,
0,bench/30gib-4.bin,617,33554432,377.38,,
0,bench/30gib-4.bin,618,33554432,372.70,,
0,bench/30gib-4.bin,619,33554432,412.12,,
0,bench/30gib-4.bin,620,33554432,340.32,,
0,bench/30gib-4.bin,621,33554432,342.65,,
0,bench/30gib-4.bin,622,33554432,349.95,,
0,bench/30gib-4.bin,623,33554432,348.83,,
0,bench/30gib-4.bin,624,33554432,439.80,,
0,bench/30gib-4.bin,625,33554432,349.69,,
0,bench/30gib-4.bin,626,33554432,406.01,,
0,bench/30gib-4.bin,627,33554432,379.05,,
0,bench/30gib-4.bin,628,33554432,347.32,,
0,bench/30gib-4.bin,629,33554432,341.28,,
0,bench/30gib-4.bin,630,33554432,396.43,,
0,bench/30gib-4.bin,631,33554432,584.01,,
0,bench/30gib-4.bin,632,33554432,342.46,,
0,bench/30gib-4.bin,633,33554432,368.88,,
0,bench/30gib-4.bin,634,33554432,366.61,,
0,bench/30gib-4.bin,635,33554432,365.73,,
0,bench/30gib-4.bin,636,33554432,349.06,,
0,bench/30gib-4.bin,637,33554432,343.16,,
0,bench/30gib-4.bin,638,33554432,342.11,,
0,bench/30gib-4.bin,639,33554432,357.52,,
0,bench/30gib-4.bin,640,33554432,489.67,,
0,bench/30gib-4.bin,641,33554432,398.29,,
0,bench/30gib-4.bin,642,33554432,507.36,,
0,bench/30gib-4.bin,643,33554432,402.62,,
0,bench/30gib-4.bin,644,33554432,395.93,,
0,bench/30gib-4.bin,645,33554432,374.43,,
0,bench/30gib-4.bin,646,33554432,623.74,,
0,bench/30gib-4.bin,647,33554432,582.12,,
0,bench/30gib-4.bin,648,33554432,445.46,,
0,bench/30gib-4.bin,649,33554432,342.65,,
0,bench/30gib-4.bin,650,33554432,361.72,,
0,bench/30gib-4.bin,651,33554432,381.63,,
0,bench/30gib-4.bin,652,33554432,490.70,,
0,bench/30gib-4.bin,653,33554432,409.66,,
0,bench/30gib-4.bin,654,33554432,365.19,,
0,bench/30gib-4.bin,655,33554432,341.77,,
0,bench/30gib-4.bin,656,33554432,340.71,,
0,bench/30gib-4.bin,657,33554432,458.53,,
0,bench/30gib-4.bin,658,33554432,489.57,,
0,bench/30gib-4.bin,659,33554432,501.74,,
0,bench/30gib-4.bin,660,33554432,350.09,,
0,bench/30gib-4.bin,661,33554432,488.13,,
0,bench/30gib-4.bin,662,33554432,376.86,,
0,bench/30gib-4.bin,663,33554432,353.43,,
0,bench/30gib-4.bin,664,33554432,444.18,,
0,bench/30gib-4.bin,665,33554432,365.37,,
0,bench/30gib-4.bin,666,33554432,447.68,,
0,bench/30gib-4.bin,667,33554432,384.73,,
0,bench/30gib-4.bin,668,33554432,422.85,,
0,bench/30gib-4.bin,669,33554432,362.13,,
0,bench/30gib-4.bin,670,33554432,472.77,,
0,bench/30gib-4.bin,671,33554432,341.86,,
0,bench/30gib-4.bin,672,33554432,480.79,,
0,bench/30gib-4.bin,673,33554432,366.40,,
0,bench/30gib-4.bin,674,33554432,346.17,,
0,bench/30gib-4.bin,675,33554432,578.40,,
0,bench/30gib-4.bin,676,33554432,341.93,,
0,bench/30gib-4.bin,677,33554432,415.02,,
0,bench/30gib-4.bin,678,33554432,378.94,,
0,bench/30gib-4.bin,679,33554432,343.05,,
0,bench/30gib-4.bin,680,33554432,395.21,,
0,bench/30gib-4.bin,681,33554432,362.00,,
0,bench/30gib-4.bin,682,33554432,354.62,,
0,bench/30gib-4.bin,683,33554432,345.42,,
0,bench/30gib-4.bin,684,33554432,439.00,,
0,bench/30gib-4.bin,685,33554432,351.93,,
0,bench/30gib-4.bin,686,33554432,385.43,,
0,bench/30gib-4.bin,687,33554432,397.02,,
0,bench/30gib-4.bin,688,33554432,340.97,,
0,bench/30gib-4.bin,689,33554432,425.24,,
0,bench/30gib-4.bin,690,33554432,400.09,,
0,bench/30gib-4.bin,691,33554432,411.33,,
0,bench/30gib-4.bin,692,33554432,340.86,,
0,bench/30gib-4.bin,693,33554432,383.37,,
0,bench/30gib-4.bin,694,33554432,582.96,,
0,bench/30gib-4.bin,695,33554432,420.81,,
0,bench/30gib-4.bin,696,33554432,342.70,,
0,bench/30gib-4.bin,697,33554432,679.01,,
0,bench/30gib-4.bin,698,33554432,340.16,,
0,bench/30gib-4.bin,699,33554432,432.48,,
0,bench/30gib-4.bin,700,33554432,510.81,,
0,bench/30gib-4.bin,701,33554432,615.89,,
0,bench/30gib-4.bin,702,33554432,340.76,,
0,bench/30gib-4.bin,703,33554432,431.42,,
0,bench/30gib-4.bin,704,33554432,465.51,,
0,bench/30gib-4.bin,705,33554432,433.73,,
0,bench/30gib-4.bin,706,33554432,380.33,,
0,bench/30gib-4.bin,707,33554432,484.42,,
0,bench/30gib-4.bin,708,33554432,350.70,,
0,bench/30gib-4.bin,709,33554432,374.12,,
0,bench/30gib-4.bin,710,33554432,341.41,,
0,bench/30gib-4.bin,711,33554432,341.66,,
0,bench/30gib-4.bin,712,33554432,486.58,,
0,bench/30gib-4.bin,713,33554432,352.86,,
0,bench/30gib-4.bin,714,33554432,361.04,,
0,bench/30gib-4.bin,715,33554432,347.83,,
0,bench/30gib-4.bin,716,33554432,468.29,,
0,bench/30gib-4.bin,717,33554432,366.34,,
0,bench/30gib-4.bin,718,33554432,344.01,,
0,bench/30gib-4.bin,719,33554432,367.82,,
0,bench/30gib-4.bin,720,33554432,348.09,,
0,bench/30gib-4.bin,721,33554432,650.83,,
0,bench/30gib-4.bin,722,33554432,474.16,,
0,bench/30gib-4.bin,723,33554432,411.47,,
0,bench/30gib-4.bin,724,33554432,623.00,,
0,bench/30gib-4.bin,725,33554432,420.12,,
0,bench/30gib-4.bin,726,33554432,397.02,,
0,bench/30gib-4.bin,727,33554432,340.79,,
0,bench/30gib-4.bin,728,33554432,386.94,,
0,bench/30gib-4.bin,729,33554432,493.27,,
0,bench/30gib-4.bin,730,33554432,408.52,,
0,bench/30gib-4.bin,731,33554432,374.28,,
0,bench/30gib-4.bin,732,33554432,441.52,,
0,bench/30gib-4.bin,733,33554432,403.06,,
0,bench/30gib-4.bin,734,33554432,395.41,,
0,bench/30gib-4.bin,735,33554432,386.05,,
0,bench/30gib-4.bin,736,33554432,462.34,,
0,bench/30gib-4.bin,737,33554432,495.01,,
0,bench/30gib-4.bin,738,33554432,489.09,,
0,bench/30gib-4.bin,739,33554432,364.51,,
0,bench/30gib-4.bin,740,33554432,343.93,,
0,bench/30gib-4.bin,741,33554432,344.62,,
0,bench/30gib-4.bin,742,33554432,362.99,,
0,bench/30gib-4.bin,743,33554432,345.99,,
0,bench/30gib-4.bin,744,33554432,452.44,,
0,bench/30gib-4.bin,745,33554432,386.53,,
0,bench/30gib-4.bin,746,33554432,349.46,,
0,bench/30gib-4.bin,747,33554432,383.49,,
0,bench/30gib-4.bin,748,33554432,412.68,,
0,bench/30gib-4.bin,749,33554432,405.93,,
0,bench/30gib-4.bin,750,33554432,515.34,,
0,bench/30gib-4.bin,751,33554432,560.97,,
0,bench/30gib-4.bin,752,33554432,618.06,,
0,bench/30gib-4.bin,753,33554432,352.76,,
0,bench/30gib-4.bin,754,33554432,566.76,,
0,bench/30gib-4.bin,755,33554432,373.26,,
0,bench/30gib-4.bin,756,33554432,469.94,,
0,bench/30gib-4.bin,757,33554432,408.62,,
0,bench/30gib-4.bin,758,33554432,412.15,,
0,bench/30gib-4.bin,759,33554432,363.66,,
0,bench/30gib-4.bin,760,33554432,355.42,,
0,bench/30gib-4.bin,761,33554432,658.23,,
0,bench/30gib-4.bin,762,33554432,364.07,,
0,bench/30gib-4.bin,763,33554432,650.00,,
0,bench/30gib-4.bin,764,33554432,415.87,,
0,bench/30gib-4.bin,765,33554432,492.16,,
0,bench/30gib-4.bin,766,33554432,400.61,,
0,bench/30gib-4.bin,767,33554432,408.94,,
0,bench/30gib-4.bin,768,33554432,414.24,,
0,bench/30gib-4.bin,769,33554432,352.69,,
0,bench/30gib-4.bin,770,33554432,340.53,,
0,bench/30gib-4.bin,771,33554432,487.78,,
0,bench/30gib-4.bin,772,33554432,401.81,,
0,bench/30gib-4.bin,773,33554432,424.27,,
0,bench/30gib-4.bin,774,33554432,365.02,,
0,bench/30gib-4.bin,775,33554432,348.84,,
0,bench/30gib-4.bin,776,33554432,374.05,,
0,bench/30gib-4.bin,777,33554432,397.30,,
0,bench/30gib-4.bin,778,33554432,387.29,,
0,bench/30gib-4.bin,779,33554432,415.91,,
0,bench/30gib-4.bin,780,33554432,349.62,,
0,bench/30gib-4.bin,781,33554432,345.50,,
0,bench/30gib-4.bin,782,33554432,464.06,,
0,bench/30gib-4.bin,783,33554432,381.27,,
0,bench/30gib-4.bin,784,33554432,348.31,,
0,bench/30gib-4.bin,785,33554432,403.21,,
0,bench/30gib-4.bin,786,33554432,542.84,,
0,bench/30gib-4.bin,787,33554432,403.09,,
0,bench/30gib-4.bin,788,33554432,364.96,,
0,bench/30gib-4.bin,789,33554432,347.74,,
0,bench/30gib-4.bin,790,33554432,472.40,,
0,bench/30gib-4.bin,791,33554432,369.45,,
0,bench/30gib-4.bin,792,33554432,390.78,,
0,bench/30gib-4.bin,793,33554432,397.37,,
0,bench/30gib-4.bin,794,33554432,455.52,,
0,bench/30gib-4.bin,795,33554432,344.69,,
0,bench/30gib-4.bin,796,33554432,446.86,,
0,bench/30gib-4.bin,797,33554432,345.00,,
0,bench/30gib-4.bin,798,33554432,377.35,,
0,bench/30gib-4.bin,799,33554432,345.07,,
0,bench/30gib-4.bin,800,33554432,342.76,,
0,bench/30gib-4.bin,801,33554432,362.15,,
0,bench/30gib-4.bin,802,33554432,369.61,,
0,bench/30gib-4.bin,803,33554432,398.57,,
0,bench/30gib-4.bin,804,33554432,574.59,,
0,bench/30gib-4.bin,805,33554432,341.94,,
0,bench/30gib-4.bin,806,33554432,342.13,,
0,bench/30gib-4.bin,807,33554432,363.24,,
0,bench/30gib-4.bin,808,33554432,362.92,,
0,bench/30gib-4.bin,809,33554432,488.05,,
0,bench/30gib-4.bin,810,33554432,359.19,,
0,bench/30gib-4.bin,811,33554432,412.59,,
0,bench/30gib-4.bin,812,33554432,376.33,,
0,bench/30gib-4.bin,813,33554432,462.52,,
0,bench/30gib-4.bin,814,33554432,465.79,,
0,bench/30gib-4.bin,815,33554432,356.21,,
0,bench/30gib-4.bin,816,33554432,369.73,,
0,bench/30gib-4.bin,817,33554432,343.21,,
0,bench/30gib-4.bin,818,33554432,414.54,,
0,bench/30gib-4.bin,819,33554432,395.14,,
0,bench/30gib-4.bin,820,33554432,523.02,,
0,bench/30gib-4.bin,821,33554432,344.86,,
0,bench/30gib-4.bin,822,33554432,426.98,,
0,bench/30gib-4.bin,823,33554432,550.65,,
0,bench/30gib-4.bin,824,33554432,350.76,,
0,bench/30gib-4.bin,825,33554432,369.36,,
0,bench/30gib-4.bin,826,33554432,409.66,,
0,bench/30gib-4.bin,827,33554432,402.56,,
0,bench/30gib-4.bin,828,33554432,345.76,,
0,bench/30gib-4.bin,829,33554432,348.60,,
0,bench/30gib-4.bin,830,33554432,617.72,,
0,bench/30gib-4.bin,831,33554432,367.74,,
0,bench/30gib-4.bin,832,33554432,409.79,,
0,bench/30gib-4.bin,833,33554432,343.27,,
0,bench/30gib-4.bin,834,33554432,444.58,,
0,bench/30gib-4.bin,835,33554432,581.34,,
0,bench/30gib-4.bin,836,33554432,513.18,,
0,bench/30gib-4.bin,837,33554432,506.42,,
0,bench/30gib-4.bin,838,33554432,455.36,,
0,bench/30gib-4.bin,839,33554432,705.03,,
0,bench/30gib-4.bin,840,33554432,427.91,,
0,bench/30gib-4.bin,841,33554432,346.06,,
0,bench/30gib-4.bin,842,33554432,578.14,,
0,bench/30gib-4.bin,843,33554432,409.94,,
0,bench/30gib-4.bin,844,33554432,397.49,,
0,bench/30gib-4.bin,845,33554432,423.27,,
0,bench/30gib-4.bin,846,33554432,342.30,,
0,bench/30gib-4.bin,847,33554432,391.57,,
0,bench/30gib-4.bin,848,33554432,376.88,,
0,bench/30gib-4.bin,849,33554432,389.62,,
0,bench/30gib-4.bin,850,33554432,443.58,,
0,bench/30gib-4.bin,851,33554432,341.16,,
0,bench/30gib-4.bin,852,33554432,365.13,,
0,bench/30gib-4.bin,853,33554432,347.26,,
0,bench/30gib-4.bin,854,33554432,343.17,,
0,bench/30gib-4.bin,855,33554432,352.72,,
0,bench/30gib-4.bin,856,33554432,365.41,,
0,bench/30gib-4.bin,857,33554432,383.91,,
0,bench/30gib-4.bin,858,33554432,519.77,,
0,bench/30gib-4.bin,859,33554432,459.82,,
0,bench/30gib-4.bin,860,33554432,347.11,,
0,bench/30gib-4.bin,861,33554432,348.39,,
0,bench/30gib-4.bin,862,33554432,445.12,,
0,bench/30gib-4.bin,863,33554432,422.19,,
0,bench/30gib-4.bin,864,33554432,345.84,,
0,bench/30gib-4.bin,865,33554432,409.36,,
0,bench/30gib-4.bin,866,33554432,618.90,,
0,bench/30gib-4.bin,867,33554432,767.39,,
0,bench/30gib-4.bin,868,33554432,411.41,,
0,bench/30gib-4.bin,869,33554432,789.72,,
0,bench/30gib-4.bin,870,33554432,360.72,,
0,bench/30gib-4.bin,871,33554432,347.60,,
0,bench/30gib-4.bin,872,33554432,393.47,,
0,bench/30gib-4.bin,873,33554432,347.50,,
0,bench/30gib-4.bin,874,33554432,342.58,,
0,bench/30gib-4.bin,875,33554432,490.42,,
0,bench/30gib-4.bin,876,33554432,446.23,,
0,bench/30gib-4.bin,877,33554432,515.57,,
0,bench/30gib-4.bin,878,33554432,429.10,,
0,bench/30gib-4.bin,879,33554432,446.32,,
0,bench/30gib-4.bin,880,33554432,449.47,,
0,bench/30gib-4.bin,881,33554432,441.16,,
0,bench/30gib-4.bin,882,33554432,353.59,,
0,bench/30gib-4.bin,883,33554432,343.96,,
0,bench/30gib-4.bin,884,33554432,367.69,,
0,bench/30gib-4.bin,885,33554432,375.02,,
0,bench/30gib-4.bin,886,33554432,385.05,,
0,bench/30gib-4.bin,887,33554432,351.96,,
0,bench/30gib-4.bin,888,33554432,357.43,,
0,bench/30gib-4.bin,889,33554432,389.81,,
0,bench/30gib-4.bin,890,33554432,432.89,,
0,bench/30gib-4.bin,891,33554432,458.18,,
0,bench/30gib-4.bin,892,33554432,341.84,,
0,bench/30gib-4.bin,893,33554432,436.30,,
0,bench/30gib-4.bin,894,33554432,361.66,,
0,bench/30gib-4.bin,895,33554432,390.80,,
0,bench/30gib-4.bin,896,33554432,424.73,,
0,bench/30gib-4.bin,897,33554432,358.60,,
0,bench/30gib-4.bin,898,33554432,372.85,,
0,bench/30gib-4.bin,899,33554432,362.74,,
0,bench/30gib-4.bin,900,33554432,621.25,,
0,bench/30gib-4.bin,901,33554432,463.69,,
0,bench/30gib-4.bin,902,33554432,341.57,,
0,bench/30gib-4.bin,903,33554432,344.75,,
0,bench/30gib-4.bin,904,33554432,482.43,,
0,bench/30gib-4.bin,905,33554432,464.23,,
0,bench/30gib-4.bin,906,33554432,342.64,,
0,bench/30gib-4.bin,907,33554432,366.60,,
0,bench/30gib-4.bin,908,33554432,363.90,,
0,bench/30gib-4.bin,909,33554432,392.98,,
0,bench/30gib-4.bin,910,33554432,486.96,,
0,bench/30gib-4.bin,911,33554432,345.36,,
0,bench/30gib-4.bin,912,33554432,339.89,,
0,bench/30gib-4.bin,913,33554432,514.85,,
0,bench/30gib-4.bin,914,33554432,610.75,,
0,bench/30gib-4.bin,915,33554432,445.45,,
0,bench/30gib-4.bin,916,33554432,835.28,,
0,bench/30gib-4.bin,917,33554432,367.97,,
0,bench/30gib-4.bin,918,33554432,399.45,,
0,bench/30gib-4.bin,919,33554432,360.62,,
0,bench/30gib-4.bin,920,33554432,345.46,,
0,bench/30gib-4.bin,921,33554432,426.95,,
0,bench/30gib-4.bin,922,33554432,455.56,,
0,bench/30gib-4.bin,923,33554432,380.92,,
0,bench/30gib-4.bin,924,33554432,363.58,,
0,bench/30gib-4.bin,925,33554432,347.16,,
0,bench/30gib-4.bin,926,33554432,342.30,,
0,bench/30gib-4.bin,927,33554432,373.21,,
0,bench/30gib-4.bin,928,33554432,385.03,,
0,bench/30gib-4.bin,929,33554432,368.59,,
0,bench/30gib-4.bin,930,33554432,417.08,,
0,bench/30gib-4.bin,931,33554432,348.74,,
0,bench/30gib-4.bin,932,33554432,441.82,,
0,bench/30gib-4.bin,933,33554432,390.02,,
0,bench/30gib-4.bin,934,33554432,397.02,,
0,bench/30gib-4.bin,935,33554432,389.47,,
0,bench/30gib-4.bin,936,33554432,443.22,,
0,bench/30gib-4.bin,937,33554432,488.14,,
0,bench/30gib-4.bin,938,33554432,389.92,,
0,bench/30gib-4.bin,939,33554432,488.06,,
0,bench/30gib-4.bin,940,33554432,482.58,,
0,bench/30gib-4.bin,941,33554432,393.18,,
0,bench/30gib-4.bin,942,33554432,342.37,,
0,bench/30gib-4.bin,943,33554432,421.69,,
0,bench/30gib-4.bin,944,33554432,431.28,,
0,bench/30gib-4.bin,945,33554432,356.36,,
0,bench/30gib-4.bin,946,33554432,387.19,,
0,bench/30gib-4.bin,947,33554432,352.84,,
0,bench/30gib-4.bin,948,33554432,402.95,,
0,bench/30gib-4.bin,949,33554432,376.55,,
0,bench/30gib-4.bin,950,33554432,357.96,,
0,bench/30gib-4.bin,951,33554432,345.73,,
0,bench/30gib-4.bin,952,33554432,344.83,,
0,bench/30gib-4.bin,953,33554432,413.38,,
0,bench/30gib-4.bin,954,33554432,382.06,,
0,bench/30gib-4.bin,955,33554432,340.45,,
0,bench/30gib-4.bin,956,33554432,483.40,,
0,bench/30gib-4.bin,957,33554432,397.67,,
0,bench/30gib-4.bin,958,33554432,797.41,,
0,bench/30gib-4.bin,959,33554432,341.63,,
0,bench/30gib-4.bin,960,33554432,342.24,,
0,bench/30gib-5.bin,1,33554432,1122.75,,
0,bench/30gib-5.bin,2,33554432,1019.54,,
0,bench/30gib-5.bin,3,33554432,1383.31,,
0,bench/30gib-5.bin,4,33554432,1229.69,,
0,bench/30gib-5.bin,5,33554432,1816.08,,
0,bench/30gib-5.bin,6,33554432,1566.34,,
0,bench/30gib-5.bin,7,33554432,1297.38,,
0,bench/30gib-5.bin,8,33554432,1271.94,,
0,bench/30gib-5.bin,9,33554432,1414.56,,
0,bench/30gib-5.bin,10,33554432,1123.26,,
0,bench/30gib-5.bin,11,33554432,1175.91,,
0,bench/30gib-5.bin,12,33554432,1864.74,,
0,bench/30gib-5.bin,13,33554432,1082.11,,
0,bench/30gib-5.bin,14,33554432,1098.91,,
0,bench/30gib-5.bin,15,33554432,2129.65,,
0,bench/30gib-5.bin,16,33554432,1425.47,,
0,bench/30gib-5.bin,17,33554432,702.09,,
0,bench/30gib-5.bin,18,33554432,1723.79,,
0,bench/30gib-5.bin,19,33554432,1399.01,,
0,bench/30gib-5.bin,20,33554432,1367.86,,
0,bench/30gib-5.bin,21,33554432,1604.62,,
0,bench/30gib-5.bin,22,33554432,1527.55,,
0,bench/30gib-5.bin,23,33554432,2148.01,,
0,bench/30gib-5.bin,24,33554432,1345.82,,
0,bench/30gib-5.bin,25,33554432,1915.52,,
0,bench/30gib-5.bin,26,33554432,1899.77,,
0,bench/30gib-5.bin,27,33554432,937.32,,
0,bench/30gib-5.bin,28,33554432,832.90,,
0,bench/30gib-5.bin,29,33554432,1086.92,,
0,bench/30gib-5.bin,30,33554432,1282.02,,
0,bench/30gib-5.bin,31,33554432,1266.35,,
0,bench/30gib-5.bin,32,33554432,995.79,,
0,bench/30gib-5.bin,33,33554432,534.73,,
0,bench/30gib-5.bin,34,33554432,668.38,,
0,bench/30gib-5.bin,35,33554432,593.30,,
0,bench/30gib-5.bin,36,33554432,778.06,,
0,bench/30gib-5.bin,37,33554432,563.41,,
0,bench/30gib-5.bin,38,33554432,907.56,,
0,bench/30gib-5.bin,39,33554432,539.88,,
0,bench/30gib-5.bin,40,33554432,495.05,,
0,bench/30gib-5.bin,41,33554432,798.27,,
0,bench/30gib-5.bin,42,33554432,753.31,,
0,bench/30gib-5.bin,43,33554432,868.30,,
0,bench/30gib-5.bin,44,33554432,634.05,,
0,bench/30gib-5.bin,45,33554432,562.72,,
0,bench/30gib-5.bin,46,33554432,618.75,,
0,bench/30gib-5.bin,47,33554432,653.59,,
0,bench/30gib-5.bin,48,33554432,797.36,,
0,bench/30gib-5.bin,49,33554432,446.04,,
0,bench/30gib-5.bin,50,33554432,641.40,,
0,bench/30gib-5.bin,51,33554432,523.19,,
0,bench/30gib-5.bin,52,33554432,839.70,,
0,bench/30gib-5.bin,53,33554432,433.28,,
0,bench/30gib-5.bin,54,33554432,502.99,,
0,bench/30gib-5.bin,55,33554432,550.87,,
0,bench/30gib-5.bin,56,33554432,551.99,,
0,bench/30gib-5.bin,57,33554432,603.03,,
0,bench/30gib-5.bin,58,33554432,552.68,,
0,bench/30gib-5.bin,59,33554432,705.60,,
0,bench/30gib-5.bin,60,33554432,420.36,,
0,bench/30gib-5.bin,61,33554432,634.62,,
0,bench/30gib-5.bin,62,33554432,643.39,,
0,bench/30gib-5.bin,63,33554432,696.19,,
0,bench/30gib-5.bin,64,33554432,674.37,,
0,bench/30gib-5.bin,65,33554432,382.51,,
0,bench/30gib-5.bin,66,33554432,645.19,,
0,bench/30gib-5.bin,67,33554432,399.96,,
0,bench/30gib-5.bin,68,33554432,549.48,,
0,bench/30gib-5.bin,69,33554432,373.41,,
0,bench/30gib-5.bin,70,33554432,465.49,,
0,bench/30gib-5.bin,71,33554432,505.68,,
0,bench/30gib-5.bin,72,33554432,388.29,,
0,bench/30gib-5.bin,73,33554432,396.04,,
0,bench/30gib-5.bin,74,33554432,517.48,,
0,bench/30gib-5.bin,75,33554432,406.82,,
0,bench/30gib-5.bin,76,33554432,810.72,,
0,bench/30gib-5.bin,77,33554432,454.15,,
0,bench/30gib-5.bin,78,33554432,428.90,,
0,bench/30gib-5.bin,79,33554432,564.88,,
0,bench/30gib-5.bin,80,33554432,390.18,,
0,bench/30gib-5.bin,81,33554432,456.03,,
0,bench/30gib-5.bin,82,33554432,544.19,,
0,bench/30gib-5.bin,83,33554432,377.34,,
0,bench/30gib-5.bin,84,33554432,476.37,,
0,bench/30gib-5.bin,85,33554432,543.15,,
0,bench/30gib-5.bin,86,33554432,366.31,,
0,bench/30gib-5.bin,87,33554432,400.75,,
0,bench/30gib-5.bin,88,33554432,380.04,,
0,bench/30gib-5.bin,89,33554432,370.85,,
0,bench/30gib-5.bin,90,33554432,348.81,,
0,bench/30gib-5.bin,91,33554432,481.93,,
0,bench/30gib-5.bin,92,33554432,345.43,,
0,bench/30gib-5.bin,93,33554432,356.74,,
0,bench/30gib-5.bin,94,33554432,411.28,,
0,bench/30gib-5.bin,95,33554432,471.90,,
0,bench/30gib-5.bin,96,33554432,435.43,,
0,bench/30gib-5.bin,97,33554432,474.88,,
0,bench/30gib-5.bin,98,33554432,472.47,,
0,bench/30gib-5.bin,99,33554432,351.61,,
0,bench/30gib-5.bin,100,33554432,439.79,,
0,bench/30gib-5.bin,101,33554432,384.50,,
0,bench/30gib-5.bin,102,33554432,387.43,,
0,bench/30gib-5.bin,103,33554432,488.50,,
0,bench/30gib-5.bin,104,33554432,351.92,,
0,bench/30gib-5.bin,105,33554432,386.20,,
0,bench/30gib-5.bin,106,33554432,620.18,,
0,bench/30gib-5.bin,107,33554432,347.13,,
0,bench/30gib-5.bin,108,33554432,488.82,,
0,bench/30gib-5.bin,109,33554432,431.59,,
0,bench/30gib-5.bin,110,33554432,365.18,,
0,bench/30gib-5.bin,111,33554432,366.30,,
0,bench/30gib-5.bin,112,33554432,383.97,,
0,bench/30gib-5.bin,113,33554432,392.58,,
0,bench/30gib-5.bin,114,33554432,425.56,,
0,bench/30gib-5.bin,115,33554432,497.94,,
0,bench/30gib-5.bin,116,33554432,403.14,,
0,bench/30gib-5.bin,117,33554432,381.58,,
0,bench/30gib-5.bin,118,33554432,393.67,,
0,bench/30gib-5.bin,119,33554432,383.73,,
0,bench/30gib-5.bin,120,33554432,397.12,,
0,bench/30gib-5.bin,121,33554432,657.26,,
0,bench/30gib-5.bin,122,33554432,522.59,,
0,bench/30gib-5.bin,123,33554432,420.83,,
0,bench/30gib-5.bin,124,33554432,362.72,,
0,bench/30gib-5.bin,125,33554432,602.13,,
0,bench/30gib-5.bin,126,33554432,450.00,,
0,bench/30gib-5.bin,127,33554432,341.53,,
0,bench/30gib-5.bin,128,33554432,342.27,,
0,bench/30gib-5.bin,129,33554432,609.93,,
0,bench/30gib-5.bin,130,33554432,348.67,,
0,bench/30gib-5.bin,131,33554432,401.30,,
0,bench/30gib-5.bin,132,33554432,534.71,,
0,bench/30gib-5.bin,133,33554432,462.57,,
0,bench/30gib-5.bin,134,33554432,575.88,,
0,bench/30gib-5.bin,135,33554432,416.88,,
0,bench/30gib-5.bin,136,33554432,377.47,,
0,bench/30gib-5.bin,137,33554432,472.71,,
0,bench/30gib-5.bin,138,33554432,421.07,,
0,bench/30gib-5.bin,139,33554432,480.96,,
0,bench/30gib-5.bin,140,33554432,352.74,,
0,bench/30gib-5.bin,141,33554432,520.91,,
0,bench/30gib-5.bin,142,33554432,512.32,,
0,bench/30gib-5.bin,143,33554432,363.16,,
0,bench/30gib-5.bin,144,33554432,431.11,,
0,bench/30gib-5.bin,145,33554432,359.02,,
0,bench/30gib-5.bin,146,33554432,390.92,,
0,bench/30gib-5.bin,147,33554432,386.50,,
0,bench/30gib-5.bin,148,33554432,472.90,,
0,bench/30gib-5.bin,149,33554432,381.37,,
0,bench/30gib-5.bin,150,33554432,395.82,,
0,bench/30gib-5.bin,151,33554432,358.58,,
0,bench/30gib-5.bin,152,33554432,610.07,,
0,bench/30gib-5.bin,153,33554432,347.21,,
0,bench/30gib-5.bin,154,33554432,436.45,,
0,bench/30gib-5.bin,155,33554432,407.66,,
0,bench/30gib-5.bin,156,33554432,366.16,,
0,bench/30gib-5.bin,157,33554432,447.37,,
0,bench/30gib-5.bin,158,33554432,577.87,,
0,bench/30gib-5.bin,159,33554432,383.19,,
0,bench/30gib-5.bin,160,33554432,394.22,,
0,bench/30gib-5.bin,161,33554432,363.25,,
0,bench/30gib-5.bin,162,33554432,357.37,,
0,bench/30gib-5.bin,163,33554432,340.74,,
0,bench/30gib-5.bin,164,33554432,406.33,,
0,bench/30gib-5.bin,165,33554432,383.60,,
0,bench/30gib-5.bin,166,33554432,745.75,,
0,bench/30gib-5.bin,167,33554432,491.41,,
0,bench/30gib-5.bin,168,33554432,371.57,,
0,bench/30gib-5.bin,169,33554432,360.99,,
0,bench/30gib-5.bin,170,33554432,418.63,,
0,bench/30gib-5.bin,171,33554432,341.18,,
0,bench/30gib-5.bin,172,33554432,352.41,,
0,bench/30gib-5.bin,173,33554432,400.44,,
0,bench/30gib-5.bin,174,33554432,383.47,,
0,bench/30gib-5.bin,175,33554432,403.56,,
0,bench/30gib-5.bin,176,33554432,660.08,,
0,bench/30gib-5.bin,177,33554432,344.93,,
0,bench/30gib-5.bin,178,33554432,360.64,,
0,bench/30gib-5.bin,179,33554432,554.17,,
0,bench/30gib-5.bin,180,33554432,347.37,,
0,bench/30gib-5.bin,181,33554432,342.26,,
0,bench/30gib-5.bin,182,33554432,450.92,,
0,bench/30gib-5.bin,183,33554432,459.05,,
0,bench/30gib-5.bin,184,33554432,370.56,,
0,bench/30gib-5.bin,185,33554432,413.89,,
0,bench/30gib-5.bin,186,33554432,339.55,,
0,bench/30gib-5.bin,187,33554432,420.50,,
0,bench/30gib-5.bin,188,33554432,340.51,,
0,bench/30gib-5.bin,189,33554432,341.67,,
0,bench/30gib-5.bin,190,33554432,415.58,,
0,bench/30gib-5.bin,191,33554432,456.10,,
0,bench/30gib-5.bin,192,33554432,500.88,,
0,bench/30gib-5.bin,193,33554432,342.80,,
0,bench/30gib-5.bin,194,33554432,429.96,,
0,bench/30gib-5.bin,195,33554432,411.22,,
0,bench/30gib-5.bin,196,33554432,358.11,,
0,bench/30gib-5.bin,197,33554432,340.51,,
0,bench/30gib-5.bin,198,33554432,360.89,,
0,bench/30gib-5.bin,199,33554432,392.63,,
0,bench/30gib-5.bin,200,33554432,351.95,,
0,bench/30gib-5.bin,201,33554432,437.76,,
0,bench/30gib-5.bin,202,33554432,454.36,,
0,bench/30gib-5.bin,203,33554432,345.29,,
0,bench/30gib-5.bin,204,33554432,863.92,,
0,bench/30gib-5.bin,205,33554432,395.06,,
0,bench/30gib-5.bin,206,33554432,351.15,,
0,bench/30gib-5.bin,207,33554432,431.91,,
0,bench/30gib-5.bin,208,33554432,386.55,,
0,bench/30gib-5.bin,209,33554432,360.90,,
0,bench/30gib-5.bin,210,33554432,352.39,,
0,bench/30gib-5.bin,211,33554432,451.17,,
0,bench/30gib-5.bin,212,33554432,354.62,,
0,bench/30gib-5.bin,213,33554432,364.74,,
0,bench/30gib-5.bin,214,33554432,381.88,,
0,bench/30gib-5.bin,215,33554432,698.85,,
0,bench/30gib-5.bin,216,33554432,454.20,,
0,bench/30gib-5.bin,217,33554432,424.11,,
0,bench/30gib-5.bin,218,33554432,561.71,,
0,bench/30gib-5.bin,219,33554432,465.97,,
0,bench/30gib-5.bin,220,33554432,628.86,,
0,bench/30gib-5.bin,221,33554432,503.05,,
0,bench/30gib-5.bin,222,33554432,343.93,,
0,bench/30gib-5.bin,223,33554432,397.39,,
0,bench/30gib-5.bin,224,33554432,346.91,,
0,bench/30gib-5.bin,225,33554432,366.16,,
0,bench/30gib-5.bin,226,33554432,342.90,,
0,bench/30gib-5.bin,227,33554432,414.29,,
0,bench/30gib-5.bin,228,33554432,624.70,,
0,bench/30gib-5.bin,229,33554432,373.24,,
0,bench/30gib-5.bin,230,33554432,344.78,,
0,bench/30gib-5.bin,231,33554432,345.25,,
0,bench/30gib-5.bin,232,33554432,391.48,,
0,bench/30gib-5.bin,233,33554432,426.67,,
0,bench/30gib-5.bin,234,33554432,343.96,,
0,bench/30gib-5.bin,235,33554432,358.51,,
0,bench/30gib-5.bin,236,33554432,428.99,,
0,bench/30gib-5.bin,237,33554432,341.74,,
0,bench/30gib-5.bin,238,33554432,348.20,,
0,bench/30gib-5.bin,239,33554432,341.31,,
0,bench/30gib-5.bin,240,33554432,562.68,,
0,bench/30gib-5.bin,241,33554432,344.36,,
0,bench/30gib-5.bin,242,33554432,402.61,,
0,bench/30gib-5.bin,243,33554432,481.42,,
0,bench/30gib-5.bin,244,33554432,416.11,,
0,bench/30gib-5.bin,245,33554432,355.40,,
0,bench/30gib-5.bin,246,33554432,435.98,,
0,bench/30gib-5.bin,247,33554432,356.94,,
0,bench/30gib-5.bin,248,33554432,778.54,,
0,bench/30gib-5.bin,249,33554432,367.23,,
0,bench/30gib-5.bin,250,33554432,372.43,,
0,bench/30gib-5.bin,251,33554432,388.59,,
0,bench/30gib-5.bin,252,33554432,442.42,,
0,bench/30gib-5.bin,253,33554432,790.69,,
0,bench/30gib-5.bin,254,33554432,340.95,,
0,bench/30gib-5.bin,255,33554432,343.70,,
0,bench/30gib-5.bin,256,33554432,372.32,,
0,bench/30gib-5.bin,257,33554432,496.11,,
0,bench/30gib-5.bin,258,33554432,349.46,,
0,bench/30gib-5.bin,259,33554432,385.06,,
0,bench/30gib-5.bin,260,33554432,562.96,,
0,bench/30gib-5.bin,261,33554432,342.97,,
0,bench/30gib-5.bin,262,33554432,436.67,,
0,bench/30gib-5.bin,263,33554432,343.75,,
0,bench/30gib-5.bin,264,33554432,547.75,,
0,bench/30gib-5.bin,265,33554432,349.27,,
0,bench/30gib-5.bin,266,33554432,546.71,,
0,bench/30gib-5.bin,267,33554432,342.08,,
0,bench/30gib-5.bin,268,33554432,441.84,,
0,bench/30gib-5.bin,269,33554432,450.70,,
0,bench/30gib-5.bin,270,33554432,356.88,,
0,bench/30gib-5.bin,271,33554432,499.53,,
0,bench/30gib-5.bin,272,33554432,436.36,,
0,bench/30gib-5.bin,273,33554432,403.30,,
0,bench/30gib-5.bin,274,33554432,470.41,,
0,bench/30gib-5.bin,275,33554432,530.54,,
0,bench/30gib-5.bin,276,33554432,351.13,,
0,bench/30gib-5.bin,277,33554432,437.37,,
0,bench/30gib-5.bin,278,33554432,606.52,,
0,bench/30gib-5.bin,279,33554432,340.45,,
0,bench/30gib-5.bin,280,33554432,455.90,,
0,bench/30gib-5.bin,281,33554432,424.56,,
0,bench/30gib-5.bin,282,33554432,582.77,,
0,bench/30gib-5.bin,283,33554432,341.86,,
0,bench/30gib-5.bin,284,33554432,347.90,,
0,bench/30gib-5.bin,285,33554432,616.86,,
0,bench/30gib-5.bin,286,33554432,409.77,,
0,bench/30gib-5.bin,287,33554432,578.74,,
0,bench/30gib-5.bin,288,33554432,389.19,,
0,bench/30gib-5.bin,289,33554432,346.59,,
0,bench/30gib-5.bin,290,33554432,435.91,,
0,bench/30gib-5.bin,291,33554432,438.54,,
0,bench/30gib-5.bin,292,33554432,347.05,,
0,bench/30gib-5.bin,293,33554432,347.83,,
0,bench/30gib-5.bin,294,33554432,348.00,,
0,bench/30gib-5.bin,295,33554432,385.84,,
0,bench/30gib-5.bin,296,33554432,341.28,,
0,bench/30gib-5.bin,297,33554432,343.74,,
0,bench/30gib-5.bin,298,33554432,345.51,,
0,bench/30gib-5.bin,299,33554432,391.85,,
0,bench/30gib-5.bin,300,33554432,341.08,,
0,bench/30gib-5.bin,301,33554432,348.15,,
0,bench/30gib-5.bin,302,33554432,457.71,,
0,bench/30gib-5.bin,303,33554432,542.45,,
0,bench/30gib-5.bin,304,33554432,399.19,,
0,bench/30gib-5.bin,305,33554432,340.81,,
0,bench/30gib-5.bin,306,33554432,358.30,,
0,bench/30gib-5.bin,307,33554432,360.12,,
0,bench/30gib-5.bin,308,33554432,580.72,,
0,bench/30gib-5.bin,309,33554432,495.26,,
0,bench/30gib-5.bin,310,33554432,341.65,,
0,bench/30gib-5.bin,311,33554432,476.72,,
0,bench/30gib-5.bin,312,33554432,596.34,,
0,bench/30gib-5.bin,313,33554432,436.82,,
0,bench/30gib-5.bin,314,33554432,419.86,,
0,bench/30gib-5.bin,315,33554432,488.48,,
0,bench/30gib-5.bin,316,33554432,414.01,,
0,bench/30gib-5.bin,317,33554432,433.58,,
0,bench/30gib-5.bin,318,33554432,342.50,,
0,bench/30gib-5.bin,319,33554432,345.33,,
0,bench/30gib-5.bin,320,33554432,582.53,,
0,bench/30gib-5.bin,321,33554432,360.76,,
0,bench/30gib-5.bin,322,33554432,349.48,,
0,bench/30gib-5.bin,323,33554432,345.35,,
0,bench/30gib-5.bin,324,33554432,389.95,,
0,bench/30gib-5.bin,325,33554432,423.79,,
0,bench/30gib-5.bin,326,33554432,354.36,,
0,bench/30gib-5.bin,327,33554432,577.95,,
0,bench/30gib-5.bin,328,33554432,439.65,,
0,bench/30gib-5.bin,329,33554432,341.51,,
0,bench/30gib-5.bin,330,33554432,472.97,,
0,bench/30gib-5.bin,331,33554432,343.51,,
0,bench/30gib-5.bin,332,33554432,355.89,,
0,bench/30gib-5.bin,333,33554432,359.22,,
0,bench/30gib-5.bin,334,33554432,741.14,,
0,bench/30gib-5.bin,335,33554432,361.45,,
0,bench/30gib-5.bin,336,33554432,376.30,,
0,bench/30gib-5.bin,337,33554432,515.92,,
0,bench/30gib-5.bin,338,33554432,504.09,,
0,bench/30gib-5.bin,339,33554432,624.32,,
0,bench/30gib-5.bin,340,33554432,348.51,,
0,bench/30gib-5.bin,341,33554432,453.89,,
0,bench/30gib-5.bin,342,33554432,410.11,,
0,bench/30gib-5.bin,343,33554432,396.11,,
0,bench/30gib-5.bin,344,33554432,392.04,,
0,bench/30gib-5.bin,345,33554432,380.04,,
0,bench/30gib-5.bin,346,33554432,474.18,,
0,bench/30gib-5.bin,347,33554432,348.24,,
0,bench/30gib-5.bin,348,33554432,384.93,,
0,bench/30gib-5.bin,349,33554432,340.36,,
0,bench/30gib-5.bin,350,33554432,733.36,,
0,bench/30gib-5.bin,351,33554432,596.82,,
0,bench/30gib-5.bin,352,33554432,380.26,,
0,bench/30gib-5.bin,353,33554432,343.32,,
0,bench/30gib-5.bin,354,33554432,481.82,,
0,bench/30gib-5.bin,355,33554432,341.97,,
0,bench/30gib-5.bin,356,33554432,343.24,,
0,bench/30gib-5.bin,357,33554432,403.72,,
0,bench/30gib-5.bin,358,33554432,463.14,,
0,bench/30gib-5.bin,359,33554432,751.10,,
0,bench/30gib-5.bin,360,33554432,435.92,,
0,bench/30gib-5.bin,361,33554432,459.90,,
0,bench/30gib-5.bin,362,33554432,430.73,,
0,bench/30gib-5.bin,363,33554432,355.99,,
0,bench/30gib-5.bin,364,33554432,480.69,,
0,bench/30gib-5.bin,365,33554432,360.79,,
0,bench/30gib-5.bin,366,33554432,454.92,,
0,bench/30gib-5.bin,367,33554432,477.37,,
0,bench/30gib-5.bin,368,33554432,431.02,,
0,bench/30gib-5.bin,369,33554432,355.62,,
0,bench/30gib-5.bin,370,33554432,342.48,,
0,bench/30gib-5.bin,371,33554432,351.99,,
0,bench/30gib-5.bin,372,33554432,472.53,,
0,bench/30gib-5.bin,373,33554432,408.09,,
0,bench/30gib-5.bin,374,33554432,340.39,,
0,bench/30gib-5.bin,375,33554432,548.48,,
0,bench/30gib-5.bin,376,33554432,409.19,,
0,bench/30gib-5.bin,377,33554432,342.39,,
0,bench/30gib-5.bin,378,33554432,424.33,,
0,bench/30gib-5.bin,379,33554432,458.88,,
0,bench/30gib-5.bin,380,33554432,374.98,,
0,bench/30gib-5.bin,381,33554432,354.57,,
0,bench/30gib-5.bin,382,33554432,438.63,,
0,bench/30gib-5.bin,383,33554432,498.08,,
0,bench/30gib-5.bin,384,33554432,345.94,,
0,bench/30gib-5.bin,385,33554432,530.30,,
0,bench/30gib-5.bin,386,33554432,348.68,,
0,bench/30gib-5.bin,387,33554432,478.23,,
0,bench/30gib-5.bin,388,33554432,369.08,,
0,bench/30gib-5.bin,389,33554432,456.91,,
0,bench/30gib-5.bin,390,33554432,351.35,,
0,bench/30gib-5.bin,391,33554432,459.63,,
0,bench/30gib-5.bin,392,33554432,348.00,,
0,bench/30gib-5.bin,393,33554432,353.21,,
0,bench/30gib-5.bin,394,33554432,403.07,,
0,bench/30gib-5.bin,395,33554432,467.82,,
0,bench/30gib-5.bin,396,33554432,409.68,,
0,bench/30gib-5.bin,397,33554432,369.16,,
0,bench/30gib-5.bin,398,33554432,344.63,,
0,bench/30gib-5.bin,399,33554432,451.56,,
0,bench/30gib-5.bin,400,33554432,469.06,,
0,bench/30gib-5.bin,401,33554432,349.08,,
0,bench/30gib-5.bin,402,33554432,461.30,,
0,bench/30gib-5.bin,403,33554432,395.02,,
0,bench/30gib-5.bin,404,33554432,629.78,,
0,bench/30gib-5.bin,405,33554432,357.10,,
0,bench/30gib-5.bin,406,33554432,341.41,,
0,bench/30gib-5.bin,407,33554432,480.91,,
0,bench/30gib-5.bin,408,33554432,343.51,,
0,bench/30gib-5.bin,409,33554432,422.22,,
0,bench/30gib-5.bin,410,33554432,357.33,,
0,bench/30gib-5.bin,411,33554432,366.68,,
0,bench/30gib-5.bin,412,33554432,571.93,,
0,bench/30gib-5.bin,413,33554432,363.39,,
0,bench/30gib-5.bin,414,33554432,350.60,,
0,bench/30gib-5.bin,415,33554432,422.78,,
0,bench/30gib-5.bin,416,33554432,382.84,,
0,bench/30gib-5.bin,417,33554432,355.35,,
0,bench/30gib-5.bin,418,33554432,407.37,,
0,bench/30gib-5.bin,419,33554432,387.51,,
0,bench/30gib-5.bin,420,33554432,379.84,,
0,bench/30gib-5.bin,421,33554432,452.67,,
0,bench/30gib-5.bin,422,33554432,534.98,,
0,bench/30gib-5.bin,423,33554432,553.78,,
0,bench/30gib-5.bin,424,33554432,340.36,,
0,bench/30gib-5.bin,425,33554432,346.21,,
0,bench/30gib-5.bin,426,33554432,348.83,,
0,bench/30gib-5.bin,427,33554432,340.44,,
0,bench/30gib-5.bin,428,33554432,343.30,,
0,bench/30gib-5.bin,429,33554432,355.35,,
0,bench/30gib-5.bin,430,33554432,425.29,,
0,bench/30gib-5.bin,431,33554432,421.20,,
0,bench/30gib-5.bin,432,33554432,465.17,,
0,bench/30gib-5.bin,433,33554432,355.65,,
0,bench/30gib-5.bin,434,33554432,348.09,,
0,bench/30gib-5.bin,435,33554432,644.43,,
0,bench/30gib-5.bin,436,33554432,345.77,,
0,bench/30gib-5.bin,437,33554432,340.97,,
0,bench/30gib-5.bin,438,33554432,345.23,,
0,bench/30gib-5.bin,439,33554432,352.91,,
0,bench/30gib-5.bin,440,33554432,341.19,,
0,bench/30gib-5.bin,441,33554432,343.93,,
0,bench/30gib-5.bin,442,33554432,360.16,,
0,bench/30gib-5.bin,443,33554432,570.39,,
0,bench/30gib-5.bin,444,33554432,389.98,,
0,bench/30gib-5.bin,445,33554432,459.06,,
0,bench/30gib-5.bin,446,33554432,411.12,,
0,bench/30gib-5.bin,447,33554432,677.14,,
0,bench/30gib-5.bin,448,33554432,367.75,,
0,bench/30gib-5.bin,449,33554432,494.45,,
0,bench/30gib-5.bin,450,33554432,426.17,,
0,bench/30gib-5.bin,451,33554432,360.31,,
0,bench/30gib-5.bin,452,33554432,426.67,,
0,bench/30gib-5.bin,453,33554432,353.32,,
0,bench/30gib-5.bin,454,33554432,413.19,,
0,bench/30gib-5.bin,455,33554432,408.89,,
0,bench/30gib-5.bin,456,33554432,452.50,,
0,bench/30gib-5.bin,457,33554432,497.34,,
0,bench/30gib-5.bin,458,33554432,341.70,,
0,bench/30gib-5.bin,459,33554432,340.84,,
0,bench/30gib-5.bin,460,33554432,361.20,,
0,bench/30gib-5.bin,461,33554432,535.27,,
0,bench/30gib-5.bin,462,33554432,450.95,,
0,bench/30gib-5.bin,463,33554432,343.62,,
0,bench/30gib-5.bin,464,33554432,340.23,,
0,bench/30gib-5.bin,465,33554432,346.24,,
0,bench/30gib-5.bin,466,33554432,489.27,,
0,bench/30gib-5.bin,467,33554432,448.97,,
0,bench/30gib-5.bin,468,33554432,414.65,,
0,bench/30gib-5.bin,469,33554432,397.08,,
0,bench/30gib-5.bin,470,33554432,409.24,,
0,bench/30gib-5.bin,471,33554432,488.94,,
0,bench/30gib-5.bin,472,33554432,633.58,,
0,bench/30gib-5.bin,473,33554432,528.67,,
0,bench/30gib-5.bin,474,33554432,353.04,,
0,bench/30gib-5.bin,475,33554432,533.92,,
0,bench/30gib-5.bin,476,33554432,557.46,,
0,bench/30gib-5.bin,477,33554432,369.54,,
0,bench/30gib-5.bin,478,33554432,348.12,,
0,bench/30gib-5.bin,479,33554432,466.27,,
0,bench/30gib-5.bin,480,33554432,342.00,,
0,bench/30gib-5.bin,481,33554432,343.09,,
0,bench/30gib-5.bin,482,33554432,340.66,,
0,bench/30gib-5.bin,483,33554432,594.82,,
0,bench/30gib-5.bin,484,33554432,365.57,,
0,bench/30gib-5.bin,485,33554432,447.88,,
0,bench/30gib-5.bin,486,33554432,458.70,,
0,bench/30gib-5.bin,487,33554432,561.09,,
0,bench/30gib-5.bin,488,33554432,408.28,,
0,bench/30gib-5.bin,489,33554432,436.53,,
0,bench/30gib-5.bin,490,33554432,407.84,,
0,bench/30gib-5.bin,491,33554432,479.60,,
0,bench/30gib-5.bin,492,33554432,390.79,,
0,bench/30gib-5.bin,493,33554432,391.43,,
0,bench/30gib-5.bin,494,33554432,427.03,,
0,bench/30gib-5.bin,495,33554432,465.98,,
0,bench/30gib-5.bin,496,33554432,339.39,,
0,bench/30gib-5.bin,497,33554432,453.35,,
0,bench/30gib-5.bin,498,33554432,346.09,,
0,bench/30gib-5.bin,499,33554432,456.15,,
0,bench/30gib-5.bin,500,33554432,394.90,,
0,bench/30gib-5.bin,501,33554432,520.68,,
0,bench/30gib-5.bin,502,33554432,483.46,,
0,bench/30gib-5.bin,503,33554432,342.71,,
0,bench/30gib-5.bin,504,33554432,345.95,,
0,bench/30gib-5.bin,505,33554432,511.03,,
0,bench/30gib-5.bin,506,33554432,343.79,,
0,bench/30gib-5.bin,507,33554432,343.77,,
0,bench/30gib-5.bin,508,33554432,407.00,,
0,bench/30gib-5.bin,509,33554432,386.11,,
0,bench/30gib-5.bin,510,33554432,427.78,,
0,bench/30gib-5.bin,511,33554432,343.63,,
0,bench/30gib-5.bin,512,33554432,346.94,,
0,bench/30gib-5.bin,513,33554432,386.08,,
0,bench/30gib-5.bin,514,33554432,507.51,,
0,bench/30gib-5.bin,515,33554432,370.12,,
0,bench/30gib-5.bin,516,33554432,464.61,,
0,bench/30gib-5.bin,517,33554432,562.90,,
0,bench/30gib-5.bin,518,33554432,353.02,,
0,bench/30gib-5.bin,519,33554432,341.61,,
0,bench/30gib-5.bin,520,33554432,401.29,,
0,bench/30gib-5.bin,521,33554432,419.10,,
0,bench/30gib-5.bin,522,33554432,580.88,,
0,bench/30gib-5.bin,523,33554432,589.70,,
0,bench/30gib-5.bin,524,33554432,394.48,,
0,bench/30gib-5.bin,525,33554432,343.72,,
0,bench/30gib-5.bin,526,33554432,346.22,,
0,bench/30gib-5.bin,527,33554432,461.50,,
0,bench/30gib-5.bin,528,33554432,538.91,,
0,bench/30gib-5.bin,529,33554432,449.79,,
0,bench/30gib-5.bin,530,33554432,668.02,,
0,bench/30gib-5.bin,531,33554432,429.83,,
0,bench/30gib-5.bin,532,33554432,510.17,,
0,bench/30gib-5.bin,533,33554432,351.22,,
0,bench/30gib-5.bin,534,33554432,344.26,,
0,bench/30gib-5.bin,535,33554432,368.48,,
0,bench/30gib-5.bin,536,33554432,510.98,,
0,bench/30gib-5.bin,537,33554432,487.15,,
0,bench/30gib-5.bin,538,33554432,459.20,,
0,bench/30gib-5.bin,539,33554432,351.44,,
0,bench/30gib-5.bin,540,33554432,350.14,,
0,bench/30gib-5.bin,541,33554432,474.97,,
0,bench/30gib-5.bin,542,33554432,495.18,,
0,bench/30gib-5.bin,543,33554432,372.38,,
0,bench/30gib-5.bin,544,33554432,448.72,,
0,bench/30gib-5.bin,545,33554432,524.40,,
0,bench/30gib-5.bin,546,33554432,415.76,,
0,bench/30gib-5.bin,547,33554432,542.20,,
0,bench/30gib-5.bin,548,33554432,362.66,,
0,bench/30gib-5.bin,549,33554432,364.09,,
0,bench/30gib-5.bin,550,33554432,468.63,,
0,bench/30gib-5.bin,551,33554432,474.59,,
0,bench/30gib-5.bin,552,33554432,410.42,,
0,bench/30gib-5.bin,553,33554432,579.20,,
0,bench/30gib-5.bin,554,33554432,350.45,,
0,bench/30gib-5.bin,555,33554432,399.18,,
0,bench/30gib-5.bin,556,33554432,367.03,,
0,bench/30gib-5.bin,557,33554432,364.02,,
0,bench/30gib-5.bin,558,33554432,489.56,,
0,bench/30gib-5.bin,559,33554432,355.11,,
0,bench/30gib-5.bin,560,33554432,426.34,,
0,bench/30gib-5.bin,561,33554432,343.35,,
0,bench/30gib-5.bin,562,33554432,392.31,,
0,bench/30gib-5.bin,563,33554432,436.55,,
0,bench/30gib-5.bin,564,33554432,402.85,,
0,bench/30gib-5.bin,565,33554432,380.78,,
0,bench/30gib-5.bin,566,33554432,505.16,,
0,bench/30gib-5.bin,567,33554432,450.96,,
0,bench/30gib-5.bin,568,33554432,408.34,,
0,bench/30gib-5.bin,569,33554432,391.33,,
0,bench/30gib-5.bin,570,33554432,355.71,,
0,bench/30gib-5.bin,571,33554432,373.71,,
0,bench/30gib-5.bin,572,33554432,471.62,,
0,bench/30gib-5.bin,573,33554432,435.00,,
0,bench/30gib-5.bin,574,33554432,351.50,,
0,bench/30gib-5.bin,575,33554432,412.02,,
0,bench/30gib-5.bin,576,33554432,460.53,,
0,bench/30gib-5.bin,577,33554432,423.91,,
0,bench/30gib-5.bin,578,33554432,359.22,,
0,bench/30gib-5.bin,579,33554432,342.09,,
0,bench/30gib-5.bin,580,33554432,542.17,,
0,bench/30gib-5.bin,581,33554432,377.07,,
0,bench/30gib-5.bin,582,33554432,346.04,,
0,bench/30gib-5.bin,583,33554432,389.85,,
0,bench/30gib-5.bin,584,33554432,429.99,,
0,bench/30gib-5.bin,585,33554432,349.97,,
0,bench/30gib-5.bin,586,33554432,341.09,,
0,bench/30gib-5.bin,587,33554432,341.98,,
0,bench/30gib-5.bin,588,33554432,342.48,,
0,bench/30gib-5.bin,589,33554432,479.95,,
0,bench/30gib-5.bin,590,33554432,358.22,,
0,bench/30gib-5.bin,591,33554432,479.77,,
0,bench/30gib-5.bin,592,33554432,445.47,,
0,bench/30gib-5.bin,593,33554432,366.08,,
0,bench/30gib-5.bin,594,33554432,349.37,,
0,bench/30gib-5.bin,595,33554432,353.01,,
0,bench/30gib-5.bin,596,33554432,349.01,,
0,bench/30gib-5.bin,597,33554432,415.20,,
0,bench/30gib-5.bin,598,33554432,353.22,,
0,bench/30gib-5.bin,599,33554432,435.94,,
0,bench/30gib-5.bin,600,33554432,450.25,,
0,bench/30gib-5.bin,601,33554432,343.79,,
0,bench/30gib-5.bin,602,33554432,522.10,,
0,bench/30gib-5.bin,603,33554432,344.39,,
0,bench/30gib-5.bin,604,33554432,410.15,,
0,bench/30gib-5.bin,605,33554432,390.28,,
0,bench/30gib-5.bin,606,33554432,441.63,,
0,bench/30gib-5.bin,607,33554432,362.54,,
0,bench/30gib-5.bin,608,33554432,467.85,,
0,bench/30gib-5.bin,609,33554432,413.50,,
0,bench/30gib-5.bin,610,33554432,421.96,,
0,bench/30gib-5.bin,611,33554432,457.12,,
0,bench/30gib-5.bin,612,33554432,343.61,,
0,bench/30gib-5.bin,613,33554432,375.65,,
0,bench/30gib-5.bin,614,33554432,436.86,,
0,bench/30gib-5.bin,615,33554432,347.10,,
0,bench/30gib-5.bin,616,33554432,474.17,,
0,bench/30gib-5.bin,617,33554432,514.29,,
0,bench/30gib-5.bin,618,33554432,447.74,,
0,bench/30gib-5.bin,619,33554432,414.92,,
0,bench/30gib-5.bin,620,33554432,346.98,,
0,bench/30gib-5.bin,621,33554432,448.89,,
0,bench/30gib-5.bin,622,33554432,350.06,,
0,bench/30gib-5.bin,623,33554432,543.93,,
0,bench/30gib-5.bin,624,33554432,341.80,,
0,bench/30gib-5.bin,625,33554432,356.95,,
0,bench/30gib-5.bin,626,33554432,416.45,,
0,bench/30gib-5.bin,627,33554432,406.88,,
0,bench/30gib-5.bin,628,33554432,411.35,,
0,bench/30gib-5.bin,629,33554432,343.56,,
0,bench/30gib-5.bin,630,33554432,345.62,,
0,bench/30gib-5.bin,631,33554432,364.11,,
0,bench/30gib-5.bin,632,33554432,346.00,,
0,bench/30gib-5.bin,633,33554432,441.57,,
0,bench/30gib-5.bin,634,33554432,360.14,,
0,bench/30gib-5.bin,635,33554432,340.04,,
0,bench/30gib-5.bin,636,33554432,392.60,,
0,bench/30gib-5.bin,637,33554432,347.18,,
0,bench/30gib-5.bin,638,33554432,365.79,,
0,bench/30gib-5.bin,639,33554432,407.83,,
0,bench/30gib-5.bin,640,33554432,361.33,,
0,bench/30gib-5.bin,641,33554432,360.84,,
0,bench/30gib-5.bin,642,33554432,390.69,,
0,bench/30gib-5.bin,643,33554432,465.54,,
0,bench/30gib-5.bin,644,33554432,400.96,,
0,bench/30gib-5.bin,645,33554432,349.67,,
0,bench/30gib-5.bin,646,33554432,417.32,,
0,bench/30gib-5.bin,647,33554432,393.38,,
0,bench/30gib-5.bin,648,33554432,382.10,,
0,bench/30gib-5.bin,649,33554432,350.86,,
0,bench/30gib-5.bin,650,33554432,353.61,,
0,bench/30gib-5.bin,651,33554432,413.34,,
0,bench/30gib-5.bin,652,33554432,444.68,,
0,bench/30gib-5.bin,653,33554432,345.99,,
0,bench/30gib-5.bin,654,33554432,460.67,,
0,bench/30gib-5.bin,655,33554432,497.10,,
0,bench/30gib-5.bin,656,33554432,393.89,,
0,bench/30gib-5.bin,657,33554432,373.12,,
0,bench/30gib-5.bin,658,33554432,428.05,,
0,bench/30gib-5.bin,659,33554432,482.35,,
0,bench/30gib-5.bin,660,33554432,363.17,,
0,bench/30gib-5.bin,661,33554432,352.96,,
0,bench/30gib-5.bin,662,33554432,355.83,,
0,bench/30gib-5.bin,663,33554432,456.38,,
0,bench/30gib-5.bin,664,33554432,476.36,,
0,bench/30gib-5.bin,665,33554432,348.31,,
0,bench/30gib-5.bin,666,33554432,398.84,,
0,bench/30gib-5.bin,667,33554432,405.07,,
0,bench/30gib-5.bin,668,33554432,388.20,,
0,bench/30gib-5.bin,669,33554432,505.85,,
0,bench/30gib-5.bin,670,33554432,349.75,,
0,bench/30gib-5.bin,671,33554432,407.94,,
0,bench/30gib-5.bin,672,33554432,345.76,,
0,bench/30gib-5.bin,673,33554432,420.80,,
0,bench/30gib-5.bin,674,33554432,340.87,,
0,bench/30gib-5.bin,675,33554432,341.89,,
0,bench/30gib-5.bin,676,33554432,349.03,,
0,bench/30gib-5.bin,677,33554432,376.37,,
0,bench/30gib-5.bin,678,33554432,703.31,,
0,bench/30gib-5.bin,679,33554432,605.55,,
0,bench/30gib-5.bin,680,33554432,480.35,,
0,bench/30gib-5.bin,681,33554432,387.31,,
0,bench/30gib-5.bin,682,33554432,389.54,,
0,bench/30gib-5.bin,683,33554432,370.73,,
0,bench/30gib-5.bin,684,33554432,402.91,,
0,bench/30gib-5.bin,685,33554432,465.15,,
0,bench/30gib-5.bin,686,33554432,423.77,,
0,bench/30gib-5.bin,687,33554432,605.29,,
0,bench/30gib-5.bin,688,33554432,437.89,,
0,bench/30gib-5.bin,689,33554432,341.68,,
0,bench/30gib-5.bin,690,33554432,361.21,,
0,bench/30gib-5.bin,691,33554432,444.22,,
0,bench/30gib-5.bin,692,33554432,354.68,,
0,bench/30gib-5.bin,693,33554432,366.18,,
0,bench/30gib-5.bin,694,33554432,380.73,,
0,bench/30gib-5.bin,695,33554432,342.82,,
0,bench/30gib-5.bin,696,33554432,431.76,,
0,bench/30gib-5.bin,697,33554432,524.79,,
0,bench/30gib-5.bin,698,33554432,552.13,,
0,bench/30gib-5.bin,699,33554432,418.73,,
0,bench/30gib-5.bin,700,33554432,359.93,,
0,bench/30gib-5.bin,701,33554432,350.62,,
0,bench/30gib-5.bin,702,33554432,540.37,,
0,bench/30gib-5.bin,703,33554432,441.88,,
0,bench/30gib-5.bin,704,33554432,474.10,,
0,bench/30gib-5.bin,705,33554432,416.59,,
0,bench/30gib-5.bin,706,33554432,449.34,,
0,bench/30gib-5.bin,707,33554432,426.89,,
0,bench/30gib-5.bin,708,33554432,343.30,,
0,bench/30gib-5.bin,709,33554432,369.92,,
0,bench/30gib-5.bin,710,33554432,383.06,,
0,bench/30gib-5.bin,711,33554432,383.96,,
0,bench/30gib-5.bin,712,33554432,458.35,,
0,bench/30gib-5.bin,713,33554432,530.38,,
0,bench/30gib-5.bin,714,33554432,355.49,,
0,bench/30gib-5.bin,715,33554432,658.14,,
0,bench/30gib-5.bin,716,33554432,413.97,,
0,bench/30gib-5.bin,717,33554432,473.73,,
0,bench/30gib-5.bin,718,33554432,363.35,,
0,bench/30gib-5.bin,719,33554432,361.90,,
0,bench/30gib-5.bin,720,33554432,435.61,,
0,bench/30gib-5.bin,721,33554432,446.72,,
0,bench/30gib-5.bin,722,33554432,409.88,,
0,bench/30gib-5.bin,723,33554432,348.12,,
0,bench/30gib-5.bin,724,33554432,342.38,,
0,bench/30gib-5.bin,725,33554432,458.62,,
0,bench/30gib-5.bin,726,33554432,540.05,,
0,bench/30gib-5.bin,727,33554432,372.23,,
0,bench/30gib-5.bin,728,33554432,343.80,,
0,bench/30gib-5.bin,729,33554432,526.32,,
0,bench/30gib-5.bin,730,33554432,349.08,,
0,bench/30gib-5.bin,731,33554432,473.71,,
0,bench/30gib-5.bin,732,33554432,576.08,,
0,bench/30gib-5.bin,733,33554432,552.53,,
0,bench/30gib-5.bin,734,33554432,669.85,,
0,bench/30gib-5.bin,735,33554432,343.07,,
0,bench/30gib-5.bin,736,33554432,449.68,,
0,bench/30gib-5.bin,737,33554432,514.01,,
0,bench/30gib-5.bin,738,33554432,339.22,,
0,bench/30gib-5.bin,739,33554432,508.69,,
0,bench/30gib-5.bin,740,33554432,429.19,,
0,bench/30gib-5.bin,741,33554432,346.32,,
0,bench/30gib-5.bin,742,33554432,396.80,,
0,bench/30gib-5.bin,743,33554432,345.26,,
0,bench/30gib-5.bin,744,33554432,444.88,,
0,bench/30gib-5.bin,745,33554432,508.51,,
0,bench/30gib-5.bin,746,33554432,347.78,,
0,bench/30gib-5.bin,747,33554432,348.80,,
0,bench/30gib-5.bin,748,33554432,385.94,,
0,bench/30gib-5.bin,749,33554432,574.88,,
0,bench/30gib-5.bin,750,33554432,372.47,,
0,bench/30gib-5.bin,751,33554432,361.83,,
0,bench/30gib-5.bin,752,33554432,365.99,,
0,bench/30gib-5.bin,753,33554432,400.10,,
0,bench/30gib-5.bin,754,33554432,382.27,,
0,bench/30gib-5.bin,755,33554432,344.46,,
0,bench/30gib-5.bin,756,33554432,484.37,,
0,bench/30gib-5.bin,757,33554432,385.80,,
0,bench/30gib-5.bin,758,33554432,468.06,,
0,bench/30gib-5.bin,759,33554432,362.56,,
0,bench/30gib-5.bin,760,33554432,345.14,,
0,bench/30gib-5.bin,761,33554432,361.05,,
0,bench/30gib-5.bin,762,33554432,478.22,,
0,bench/30gib-5.bin,763,33554432,378.68,,
0,bench/30gib-5.bin,764,33554432,346.63,,
0,bench/30gib-5.bin,765,33554432,501.94,,
0,bench/30gib-5.bin,766,33554432,346.29,,
0,bench/30gib-5.bin,767,33554432,390.01,,
0,bench/30gib-5.bin,768,33554432,353.00,,
0,bench/30gib-5.bin,769,33554432,345.09,,
0,bench/30gib-5.bin,770,33554432,390.45,,
0,bench/30gib-5.bin,771,33554432,347.67,,
0,bench/30gib-5.bin,772,33554432,342.41,,
0,bench/30gib-5.bin,773,33554432,388.88,,
0,bench/30gib-5.bin,774,33554432,679.92,,
0,bench/30gib-5.bin,775,33554432,355.82,,
0,bench/30gib-5.bin,776,33554432,347.68,,
0,bench/30gib-5.bin,777,33554432,341.91,,
0,bench/30gib-5.bin,778,33554432,340.36,,
0,bench/30gib-5.bin,779,33554432,403.51,,
0,bench/30gib-5.bin,780,33554432,568.02,,
0,bench/30gib-5.bin,781,33554432,352.80,,
0,bench/30gib-5.bin,782,33554432,364.58,,
0,bench/30gib-5.bin,783,33554432,533.90,,
0,bench/30gib-5.bin,784,33554432,351.52,,
0,bench/30gib-5.bin,785,33554432,344.60,,
0,bench/30gib-5.bin,786,33554432,379.64,,
0,bench/30gib-5.bin,787,33554432,370.20,,
0,bench/30gib-5.bin,788,33554432,414.02,,
0,bench/30gib-5.bin,789,33554432,510.51,,
0,bench/30gib-5.bin,790,33554432,665.16,,
0,bench/30gib-5.bin,791,33554432,402.62,,
0,bench/30gib-5.bin,792,33554432,352.30,,
0,bench/30gib-5.bin,793,33554432,343.12,,
0,bench/30gib-5.bin,794,33554432,393.87,,
0,bench/30gib-5.bin,795,33554432,645.60,,
0,bench/30gib-5.bin,796,33554432,460.33,,
0,bench/30gib-5.bin,797,33554432,352.11,,
0,bench/30gib-5.bin,798,33554432,348.14,,
0,bench/30gib-5.bin,799,33554432,353.54,,
0,bench/30gib-5.bin,800,33554432,454.58,,
0,bench/30gib-5.bin,801,33554432,664.05,,
0,bench/30gib-5.bin,802,33554432,341.33,,
0,bench/30gib-5.bin,803,33554432,341.93,,
0,bench/30gib-5.bin,804,33554432,363.78,,
0,bench/30gib-5.bin,805,33554432,421.66,,
0,bench/30gib-5.bin,806,33554432,395.92,,
0,bench/30gib-5.bin,807,33554432,489.68,,
0,bench/30gib-5.bin,808,33554432,341.14,,
0,bench/30gib-5.bin,809,33554432,363.05,,
0,bench/30gib-5.bin,810,33554432,399.50,,
0,bench/30gib-5.bin,811,33554432,347.08,,
0,bench/30gib-5.bin,812,33554432,396.36,,
0,bench/30gib-5.bin,813,33554432,419.41,,
0,bench/30gib-5.bin,814,33554432,401.62,,
0,bench/30gib-5.bin,815,33554432,346.72,,
0,bench/30gib-5.bin,816,33554432,356.77,,
0,bench/30gib-5.bin,817,33554432,349.60,,
0,bench/30gib-5.bin,818,33554432,378.71,,
0,bench/30gib-5.bin,819,33554432,346.57,,
0,bench/30gib-5.bin,820,33554432,521.78,,
0,bench/30gib-5.bin,821,33554432,498.77,,
0,bench/30gib-5.bin,822,33554432,343.10,,
0,bench/30gib-5.bin,823,33554432,366.65,,
0,bench/30gib-5.bin,824,33554432,551.39,,
0,bench/30gib-5.bin,825,33554432,360.10,,
0,bench/30gib-5.bin,826,33554432,375.93,,
0,bench/30gib-5.bin,827,33554432,403.54,,
0,bench/30gib-5.bin,828,33554432,741.44,,
0,bench/30gib-5.bin,829,33554432,356.42,,
0,bench/30gib-5.bin,830,33554432,397.85,,
0,bench/30gib-5.bin,831,33554432,392.84,,
0,bench/30gib-5.bin,832,33554432,651.85,,
0,bench/30gib-5.bin,833,33554432,379.66,,
0,bench/30gib-5.bin,834,33554432,516.13,,
0,bench/30gib-5.bin,835,33554432,349.09,,
0,bench/30gib-5.bin,836,33554432,499.47,,
0,bench/30gib-5.bin,837,33554432,341.06,,
0,bench/30gib-5.bin,838,33554432,424.52,,
0,bench/30gib-5.bin,839,33554432,342.45,,
0,bench/30gib-5.bin,840,33554432,385.77,,
0,bench/30gib-5.bin,841,33554432,381.66,,
0,bench/30gib-5.bin,842,33554432,384.64,,
0,bench/30gib-5.bin,843,33554432,430.73,,
0,bench/30gib-5.bin,844,33554432,399.35,,
0,bench/30gib-5.bin,845,33554432,347.79,,
0,bench/30gib-5.bin,846,33554432,440.06,,
0,bench/30gib-5.bin,847,33554432,345.87,,
0,bench/30gib-5.bin,848,33554432,350.30,,
0,bench/30gib-5.bin,849,33554432,345.76,,
0,bench/30gib-5.bin,850,33554432,391.81,,
0,bench/30gib-5.bin,851,33554432,523.52,,
0,bench/30gib-5.bin,852,33554432,347.02,,
0,bench/30gib-5.bin,853,33554432,376.09,,
0,bench/30gib-5.bin,854,33554432,355.39,,
0,bench/30gib-5.bin,855,33554432,340.25,,
0,bench/30gib-5.bin,856,33554432,343.47,,
0,bench/30gib-5.bin,857,33554432,425.17,,
0,bench/30gib-5.bin,858,33554432,377.27,,
0,bench/30gib-5.bin,859,33554432,404.07,,
0,bench/30gib-5.bin,860,33554432,645.59,,
0,bench/30gib-5.bin,861,33554432,443.33,,
0,bench/30gib-5.bin,862,33554432,450.19,,
0,bench/30gib-5.bin,863,33554432,446.38,,
0,bench/30gib-5.bin,864,33554432,360.18,,
0,bench/30gib-5.bin,865,33554432,634.37,,
0,bench/30gib-5.bin,866,33554432,415.53,,
0,bench/30gib-5.bin,867,33554432,351.41,,
0,bench/30gib-5.bin,868,33554432,404.47,,
0,bench/30gib-5.bin,869,33554432,342.03,,
0,bench/30gib-5.bin,870,33554432,438.21,,
0,bench/30gib-5.bin,871,33554432,356.79,,
0,bench/30gib-5.bin,872,33554432,625.09,,
0,bench/30gib-5.bin,873,33554432,501.49,,
0,bench/30gib-5.bin,874,33554432,345.51,,
0,bench/30gib-5.bin,875,33554432,342.70,,
0,bench/30gib-5.bin,876,33554432,349.37,,
0,bench/30gib-5.bin,877,33554432,686.75,,
0,bench/30gib-5.bin,878,33554432,347.73,,
0,bench/30gib-5.bin,879,33554432,374.35,,
0,bench/30gib-5.bin,880,33554432,373.58,,
0,bench/30gib-5.bin,881,33554432,354.95,,
0,bench/30gib-5.bin,882,33554432,375.53,,
0,bench/30gib-5.bin,883,33554432,353.74,,
0,bench/30gib-5.bin,884,33554432,343.89,,
0,bench/30gib-5.bin,885,33554432,369.75,,
0,bench/30gib-5.bin,886,33554432,352.05,,
0,bench/30gib-5.bin,887,33554432,474.21,,
0,bench/30gib-5.bin,888,33554432,361.69,,
0,bench/30gib-5.bin,889,33554432,402.18,,
0,bench/30gib-5.bin,890,33554432,683.10,,
0,bench/30gib-5.bin,891,33554432,446.47,,
0,bench/30gib-5.bin,892,33554432,346.80,,
0,bench/30gib-5.bin,893,33554432,377.86,,
0,bench/30gib-5.bin,894,33554432,419.46,,
0,bench/30gib-5.bin,895,33554432,389.20,,
0,bench/30gib-5.bin,896,33554432,516.85,,
0,bench/30gib-5.bin,897,33554432,465.22,,
0,bench/30gib-5.bin,898,33554432,364.48,,
0,bench/30gib-5.bin,899,33554432,401.10,,
0,bench/30gib-5.bin,900,33554432,368.09,,
0,bench/30gib-5.bin,901,33554432,379.93,,
0,bench/30gib-5.bin,902,33554432,429.93,,
0,bench/30gib-5.bin,903,33554432,386.21,,
0,bench/30gib-5.bin,904,33554432,345.18,,
0,bench/30gib-5.bin,905,33554432,411.53,,
0,bench/30gib-5.bin,906,33554432,442.82,,
0,bench/30gib-5.bin,907,33554432,366.68,,
0,bench/30gib-5.bin,908,33554432,471.28,,
0,bench/30gib-5.bin,909,33554432,354.50,,
0,bench/30gib-5.bin,910,33554432,342.59,,
0,bench/30gib-5.bin,911,33554432,411.20,,
0,bench/30gib-5.bin,912,33554432,359.27,,
0,bench/30gib-5.bin,913,33554432,341.75,,
0,bench/30gib-5.bin,914,33554432,434.04,,
0,bench/30gib-5.bin,915,33554432,343.41,,
0,bench/30gib-5.bin,916,33554432,348.72,,
0,bench/30gib-5.bin,917,33554432,406.13,,
0,bench/30gib-5.bin,918,33554432,344.90,,
0,bench/30gib-5.bin,919,33554432,341.18,,
0,bench/30gib-5.bin,920,33554432,759.92,,
0,bench/30gib-5.bin,921,33554432,437.14,,
0,bench/30gib-5.bin,922,33554432,343.81,,
0,bench/30gib-5.bin,923,33554432,380.43,,
0,bench/30gib-5.bin,924,33554432,377.45,,
0,bench/30gib-5.bin,925,33554432,428.73,,
0,bench/30gib-5.bin,926,33554432,394.37,,
0,bench/30gib-5.bin,927,33554432,414.58,,
0,bench/30gib-5.bin,928,33554432,457.61,,
0,bench/30gib-5.bin,929,33554432,413.74,,
0,bench/30gib-5.bin,930,33554432,343.52,,
0,bench/30gib-5.bin,931,33554432,356.28,,
0,bench/30gib-5.bin,932,33554432,374.04,,
0,bench/30gib-5.bin,933,33554432,424.59,,
0,bench/30gib-5.bin,934,33554432,368.00,,
0,bench/30gib-5.bin,935,33554432,451.96,,
0,bench/30gib-5.bin,936,33554432,342.41,,
0,bench/30gib-5.bin,937,33554432,439.07,,
0,bench/30gib-5.bin,938,33554432,370.17,,
0,bench/30gib-5.bin,939,33554432,427.40,,
0,bench/30gib-5.bin,940,33554432,386.04,,
0,bench/30gib-5.bin,941,33554432,342.78,,
0,bench/30gib-5.bin,942,33554432,416.74,,
0,bench/30gib-5.bin,943,33554432,440.89,,
0,bench/30gib-5.bin,944,33554432,548.64,,
0,bench/30gib-5.bin,945,33554432,384.67,,
0,bench/30gib-5.bin,946,33554432,420.53,,
0,bench/30gib-5.bin,947,33554432,354.17,,
0,bench/30gib-5.bin,948,33554432,389.73,,
0,bench/30gib-5.bin,949,33554432,423.14,,
0,bench/30gib-5.bin,950,33554432,390.05,,
0,bench/30gib-5.bin,951,33554432,357.39,,
0,bench/30gib-5.bin,952,33554432,342.22,,
0,bench/30gib-5.bin,953,33554432,340.49,,
0,bench/30gib-5.bin,954,33554432,341.63,,
0,bench/30gib-5.bin,955,33554432,345.21,,
0,bench/30gib-5.bin,956,33554432,345.63,,
0,bench/30gib-5.bin,957,33554432,350.15,,
0,bench/30gib-5.bin,958,33554432,342.08,,
0,bench/30gib-5.bin,959,33554432,342.36,,
0,bench/30gib-5.bin,960,33554432,438.48,,
0,bench/30gib-6.bin,1,33554432,953.45,,
0,bench/30gib-6.bin,2,33554432,1612.01,,
0,bench/30gib-6.bin,3,33554432,1963.38,,
0,bench/30gib-6.bin,4,33554432,1319.82,,
0,bench/30gib-6.bin,5,33554432,1756.83,,
0,bench/30gib-6.bin,6,33554432,1494.53,,
0,bench/30gib-6.bin,7,33554432,1340.69,,
0,bench/30gib-6.bin,8,33554432,1395.20,,
0,bench/30gib-6.bin,9,33554432,1369.06,,
0,bench/30gib-6.bin,10,33554432,878.39,,
0,bench/30gib-6.bin,11,33554432,1190.83,,
0,bench/30gib-6.bin,12,33554432,862.87,,
0,bench/30gib-6.bin,13,33554432,1634.56,,
0,bench/30gib-6.bin,14,33554432,1486.42,,
0,bench/30gib-6.bin,15,33554432,1133.54,,
0,bench/30gib-6.bin,16,33554432,1183.94,,
0,bench/30gib-6.bin,17,33554432,1786.07,,
0,bench/30gib-6.bin,18,33554432,1368.71,,
0,bench/30gib-6.bin,19,33554432,1392.16,,
0,bench/30gib-6.bin,20,33554432,1095.73,,
0,bench/30gib-6.bin,21,33554432,1468.32,,
0,bench/30gib-6.bin,22,33554432,1335.69,,
0,bench/30gib-6.bin,23,33554432,1887.26,,
0,bench/30gib-6.bin,24,33554432,1564.29,,
0,bench/30gib-6.bin,25,33554432,1424.86,,
0,bench/30gib-6.bin,26,33554432,1027.28,,
0,bench/30gib-6.bin,27,33554432,1227.75,,
0,bench/30gib-6.bin,28,33554432,1349.06,,
0,bench/30gib-6.bin,29,33554432,663.42,,
0,bench/30gib-6.bin,30,33554432,429.29,,
0,bench/30gib-6.bin,31,33554432,1165.67,,
0,bench/30gib-6.bin,32,33554432,878.61,,
0,bench/30gib-6.bin,33,33554432,850.99,,
0,bench/30gib-6.bin,34,33554432,575.19,,
0,bench/30gib-6.bin,35,33554432,667.72,,
0,bench/30gib-6.bin,36,33554432,528.64,,
0,bench/30gib-6.bin,37,33554432,660.98,,
0,bench/30gib-6.bin,38,33554432,642.40,,
0,bench/30gib-6.bin,39,33554432,688.18,,
0,bench/30gib-6.bin,40,33554432,645.57,,
0,bench/30gib-6.bin,41,33554432,652.75,,
0,bench/30gib-6.bin,42,33554432,773.98,,
0,bench/30gib-6.bin,43,33554432,595.53,,
0,bench/30gib-6.bin,44,33554432,646.37,,
0,bench/30gib-6.bin,45,33554432,706.40,,
0,bench/30gib-6.bin,46,33554432,750.57,,
0,bench/30gib-6.bin,47,33554432,500.05,,
0,bench/30gib-6.bin,48,33554432,666.98,,
0,bench/30gib-6.bin,49,33554432,614.27,,
0,bench/30gib-6.bin,50,33554432,697.13,,
0,bench/30gib-6.bin,51,33554432,536.32,,
0,bench/30gib-6.bin,52,33554432,713.93,,
0,bench/30gib-6.bin,53,33554432,520.01,,
0,bench/30gib-6.bin,54,33554432,547.25,,
0,bench/30gib-6.bin,55,33554432,561.00,,
0,bench/30gib-6.bin,56,33554432,565.86,,
0,bench/30gib-6.bin,57,33554432,622.76,,
0,bench/30gib-6.bin,58,33554432,477.07,,
0,bench/30gib-6.bin,59,33554432,367.98,,
0,bench/30gib-6.bin,60,33554432,692.02,,
0,bench/30gib-6.bin,61,33554432,423.49,,
0,bench/30gib-6.bin,62,33554432,717.75,,
0,bench/30gib-6.bin,63,33554432,545.16,,
0,bench/30gib-6.bin,64,33554432,491.05,,
0,bench/30gib-6.bin,65,33554432,428.55,,
0,bench/30gib-6.bin,66,33554432,356.38,,
0,bench/30gib-6.bin,67,33554432,532.31,,
0,bench/30gib-6.bin,68,33554432,467.47,,
0,bench/30gib-6.bin,69,33554432,490.19,,
0,bench/30gib-6.bin,70,33554432,527.30,,
0,bench/30gib-6.bin,71,33554432,582.53,,
0,bench/30gib-6.bin,72,33554432,349.13,,
0,bench/30gib-6.bin,73,33554432,364.60,,
0,bench/30gib-6.bin,74,33554432,554.26,,
0,bench/30gib-6.bin,75,33554432,354.09,,
0,bench/30gib-6.bin,76,33554432,559.78,,
0,bench/30gib-6.bin,77,33554432,392.33,,
0,bench/30gib-6.bin,78,33554432,350.95,,
0,bench/30gib-6.bin,79,33554432,707.49,,
0,bench/30gib-6.bin,80,33554432,463.30,,
0,bench/30gib-6.bin,81,33554432,492.73,,
0,bench/30gib-6.bin,82,33554432,414.65,,
0,bench/30gib-6.bin,83,33554432,453.30,,
0,bench/30gib-6.bin,84,33554432,371.43,,
0,bench/30gib-6.bin,85,33554432,384.82,,
0,bench/30gib-6.bin,86,33554432,569.01,,
0,bench/30gib-6.bin,87,33554432,384.98,,
0,bench/30gib-6.bin,88,33554432,510.82,,
0,bench/30gib-6.bin,89,33554432,455.85,,
0,bench/30gib-6.bin,90,33554432,358.64,,
0,bench/30gib-6.bin,91,33554432,350.89,,
0,bench/30gib-6.bin,92,33554432,395.79,,
0,bench/30gib-6.bin,93,33554432,437.01,,
0,bench/30gib-6.bin,94,33554432,341.85,,
0,bench/30gib-6.bin,95,33554432,346.05,,
0,bench/30gib-6.bin,96,33554432,511.72,,
0,bench/30gib-6.bin,97,33554432,448.30,,
0,bench/30gib-6.bin,98,33554432,620.79,,
0,bench/30gib-6.bin,99,33554432,446.09,,
0,bench/30gib-6.bin,100,33554432,346.77,,
0,bench/30gib-6.bin,101,33554432,677.15,,
0,bench/30gib-6.bin,102,33554432,485.77,,
0,bench/30gib-6.bin,103,33554432,532.36,,
0,bench/30gib-6.bin,104,33554432,452.32,,
0,bench/30gib-6.bin,105,33554432,382.47,,
0,bench/30gib-6.bin,106,33554432,495.13,,
0,bench/30gib-6.bin,107,33554432,398.78,,
0,bench/30gib-6.bin,108,33554432,385.97,,
0,bench/30gib-6.bin,109,33554432,463.37,,
0,bench/30gib-6.bin,110,33554432,408.50,,
0,bench/30gib-6.bin,111,33554432,383.04,,
0,bench/30gib-6.bin,112,33554432,399.88,,
0,bench/30gib-6.bin,113,33554432,438.72,,
0,bench/30gib-6.bin,114,33554432,356.65,,
0,bench/30gib-6.bin,115,33554432,414.48,,
0,bench/30gib-6.bin,116,33554432,344.81,,
0,bench/30gib-6.bin,117,33554432,405.12,,
0,bench/30gib-6.bin,118,33554432,345.96,,
0,bench/30gib-6.bin,119,33554432,395.83,,
0,bench/30gib-6.bin,120,33554432,343.81,,
0,bench/30gib-6.bin,121,33554432,424.65,,
0,bench/30gib-6.bin,122,33554432,369.79,,
0,bench/30gib-6.bin,123,33554432,362.64,,
0,bench/30gib-6.bin,124,33554432,343.47,,
0,bench/30gib-6.bin,125,33554432,346.15,,
0,bench/30gib-6.bin,126,33554432,665.27,,
0,bench/30gib-6.bin,127,33554432,435.44,,
0,bench/30gib-6.bin,128,33554432,453.54,,
0,bench/30gib-6.bin,129,33554432,560.00,,
0,bench/30gib-6.bin,130,33554432,409.81,,
0,bench/30gib-6.bin,131,33554432,403.19,,
0,bench/30gib-6.bin,132,33554432,469.13,,
0,bench/30gib-6.bin,133,33554432,404.05,,
0,bench/30gib-6.bin,134,33554432,410.36,,
0,bench/30gib-6.bin,135,33554432,351.78,,
0,bench/30gib-6.bin,136,33554432,342.25,,
0,bench/30gib-6.bin,137,33554432,352.73,,
0,bench/30gib-6.bin,138,33554432,428.74,,
0,bench/30gib-6.bin,139,33554432,351.70,,
0,bench/30gib-6.bin,140,33554432,345.20,,
0,bench/30gib-6.bin,141,33554432,351.06,,
0,bench/30gib-6.bin,142,33554432,342.44,,
0,bench/30gib-6.bin,143,33554432,475.38,,
0,bench/30gib-6.bin,144,33554432,354.27,,
0,bench/30gib-6.bin,145,33554432,532.71,,
0,bench/30gib-6.bin,146,33554432,520.10,,
0,bench/30gib-6.bin,147,33554432,345.08,,
0,bench/30gib-6.bin,148,33554432,343.31,,
0,bench/30gib-6.bin,149,33554432,347.65,,
0,bench/30gib-6.bin,150,33554432,402.49,,
0,bench/30gib-6.bin,151,33554432,420.25,,
0,bench/30gib-6.bin,152,33554432,496.81,,
0,bench/30gib-6.bin,153,33554432,340.92,,
0,bench/30gib-6.bin,154,33554432,410.97,,
0,bench/30gib-6.bin,155,33554432,461.75,,
0,bench/30gib-6.bin,156,33554432,365.87,,
0,bench/30gib-6.bin,157,33554432,483.27,,
0,bench/30gib-6.bin,158,33554432,519.04,,
0,bench/30gib-6.bin,159,33554432,602.64,,
0,bench/30gib-6.bin,160,33554432,342.23,,
0,bench/30gib-6.bin,161,33554432,416.23,,
0,bench/30gib-6.bin,162,33554432,414.91,,
0,bench/30gib-6.bin,163,33554432,427.75,,
0,bench/30gib-6.bin,164,33554432,375.72,,
0,bench/30gib-6.bin,165,33554432,437.40,,
0,bench/30gib-6.bin,166,33554432,500.78,,
0,bench/30gib-6.bin,167,33554432,557.72,,
0,bench/30gib-6.bin,168,33554432,614.39,,
0,bench/30gib-6.bin,169,33554432,367.04,,
0,bench/30gib-6.bin,170,33554432,564.52,,
0,bench/30gib-6.bin,171,33554432,414.53,,
0,bench/30gib-6.bin,172,33554432,343.52,,
0,bench/30gib-6.bin,173,33554432,416.65,,
0,bench/30gib-6.bin,174,33554432,363.73,,
0,bench/30gib-6.bin,175,33554432,398.47,,
0,bench/30gib-6.bin,176,33554432,396.92,,
0,bench/30gib-6.bin,177,33554432,372.95,,
0,bench/30gib-6.bin,178,33554432,474.86,,
0,bench/30gib-6.bin,179,33554432,698.66,,
0,bench/30gib-6.bin,180,33554432,341.96,,
0,bench/30gib-6.bin,181,33554432,340.35,,
0,bench/30gib-6.bin,182,33554432,417.79,,
0,bench/30gib-6.bin,183,33554432,467.41,,
0,bench/30gib-6.bin,184,33554432,345.31,,
0,bench/30gib-6.bin,185,33554432,345.20,,
0,bench/30gib-6.bin,186,33554432,341.01,,
0,bench/30gib-6.bin,187,33554432,446.13,,
0,bench/30gib-6.bin,188,33554432,380.67,,
0,bench/30gib-6.bin,189,33554432,351.90,,
0,bench/30gib-6.bin,190,33554432,499.65,,
0,bench/30gib-6.bin,191,33554432,359.44,,
0,bench/30gib-6.bin,192,33554432,354.52,,
0,bench/30gib-6.bin,193,33554432,506.90,,
0,bench/30gib-6.bin,194,33554432,401.24,,
0,bench/30gib-6.bin,195,33554432,343.31,,
0,bench/30gib-6.bin,196,33554432,361.11,,
0,bench/30gib-6.bin,197,33554432,447.70,,
0,bench/30gib-6.bin,198,33554432,344.86,,
0,bench/30gib-6.bin,199,33554432,407.80,,
0,bench/30gib-6.bin,200,33554432,350.34,,
0,bench/30gib-6.bin,201,33554432,419.34,,
0,bench/30gib-6.bin,202,33554432,436.11,,
0,bench/30gib-6.bin,203,33554432,342.53,,
0,bench/30gib-6.bin,204,33554432,343.93,,
0,bench/30gib-6.bin,205,33554432,370.09,,
0,bench/30gib-6.bin,206,33554432,346.72,,
0,bench/30gib-6.bin,207,33554432,540.54,,
0,bench/30gib-6.bin,208,33554432,365.12,,
0,bench/30gib-6.bin,209,33554432,386.09,,
0,bench/30gib-6.bin,210,33554432,441.88,,
0,bench/30gib-6.bin,211,33554432,430.76,,
0,bench/30gib-6.bin,212,33554432,402.57,,
0,bench/30gib-6.bin,213,33554432,570.45,,
0,bench/30gib-6.bin,214,33554432,345.64,,
0,bench/30gib-6.bin,215,33554432,409.49,,
0,bench/30gib-6.bin,216,33554432,359.39,,
0,bench/30gib-6.bin,217,33554432,340.42,,
0,bench/30gib-6.bin,218,33554432,580.65,,
0,bench/30gib-6.bin,219,33554432,344.53,,
0,bench/30gib-6.bin,220,33554432,552.80,,
0,bench/30gib-6.bin,221,33554432,383.17,,
0,bench/30gib-6.bin,222,33554432,350.23,,
0,bench/30gib-6.bin,223,33554432,343.97,,
0,bench/30gib-6.bin,224,33554432,369.94,,
0,bench/30gib-6.bin,225,33554432,344.09,,
0,bench/30gib-6.bin,226,33554432,360.22,,
0,bench/30gib-6.bin,227,33554432,340.29,,
0,bench/30gib-6.bin,228,33554432,340.62,,
0,bench/30gib-6.bin,229,33554432,411.47,,
0,bench/30gib-6.bin,230,33554432,342.35,,
0,bench/30gib-6.bin,231,33554432,357.17,,
0,bench/30gib-6.bin,232,33554432,460.85,,
0,bench/30gib-6.bin,233,33554432,450.85,,
0,bench/30gib-6.bin,234,33554432,484.97,,
0,bench/30gib-6.bin,235,33554432,444.04,,
0,bench/30gib-6.bin,236,33554432,477.31,,
0,bench/30gib-6.bin,237,33554432,384.70,,
0,bench/30gib-6.bin,238,33554432,342.44,,
0,bench/30gib-6.bin,239,33554432,364.92,,
0,bench/30gib-6.bin,240,33554432,460.54,,
0,bench/30gib-6.bin,241,33554432,404.80,,
0,bench/30gib-6.bin,242,33554432,401.92,,
0,bench/30gib-6.bin,243,33554432,395.55,,
0,bench/30gib-6.bin,244,33554432,340.80,,
0,bench/30gib-6.bin,245,33554432,357.69,,
0,bench/30gib-6.bin,246,33554432,342.02,,
0,bench/30gib-6.bin,247,33554432,343.80,,
0,bench/30gib-6.bin,248,33554432,342.33,,
0,bench/30gib-6.bin,249,33554432,344.80,,
0,bench/30gib-6.bin,250,33554432,345.96,,
0,bench/30gib-6.bin,251,33554432,553.42,,
0,bench/30gib-6.bin,252,33554432,352.88,,
0,bench/30gib-6.bin,253,33554432,440.69,,
0,bench/30gib-6.bin,254,33554432,349.46,,
0,bench/30gib-6.bin,255,33554432,340.96,,
0,bench/30gib-6.bin,256,33554432,402.26,,
0,bench/30gib-6.bin,257,33554432,509.05,,
0,bench/30gib-6.bin,258,33554432,371.83,,
0,bench/30gib-6.bin,259,33554432,442.72,,
0,bench/30gib-6.bin,260,33554432,388.36,,
0,bench/30gib-6.bin,261,33554432,518.14,,
0,bench/30gib-6.bin,262,33554432,382.80,,
0,bench/30gib-6.bin,263,33554432,419.18,,
0,bench/30gib-6.bin,264,33554432,356.38,,
0,bench/30gib-6.bin,265,33554432,525.04,,
0,bench/30gib-6.bin,266,33554432,655.14,,
0,bench/30gib-6.bin,267,33554432,388.17,,
0,bench/30gib-6.bin,268,33554432,439.12,,
0,bench/30gib-6.bin,269,33554432,457.73,,
0,bench/30gib-6.bin,270,33554432,430.20,,
0,bench/30gib-6.bin,271,33554432,399.69,,
0,bench/30gib-6.bin,272,33554432,393.20,,
0,bench/30gib-6.bin,273,33554432,353.60,,
0,bench/30gib-6.bin,274,33554432,567.72,,
0,bench/30gib-6.bin,275,33554432,377.82,,
0,bench/30gib-6.bin,276,33554432,426.92,,
0,bench/30gib-6.bin,277,33554432,399.13,,
0,bench/30gib-6.bin,278,33554432,493.14,,
0,bench/30gib-6.bin,279,33554432,376.81,,
0,bench/30gib-6.bin,280,33554432,347.35,,
0,bench/30gib-6.bin,281,33554432,388.35,,
0,bench/30gib-6.bin,282,33554432,368.84,,
0,bench/30gib-6.bin,283,33554432,344.86,,
0,bench/30gib-6.bin,284,33554432,809.48,,
0,bench/30gib-6.bin,285,33554432,344.46,,
0,bench/30gib-6.bin,286,33554432,565.27,,
0,bench/30gib-6.bin,287,33554432,447.86,,
0,bench/30gib-6.bin,288,33554432,410.09,,
0,bench/30gib-6.bin,289,33554432,342.09,,
0,bench/30gib-6.bin,290,33554432,420.97,,
0,bench/30gib-6.bin,291,33554432,817.08,,
0,bench/30gib-6.bin,292,33554432,344.44,,
0,bench/30gib-6.bin,293,33554432,342.60,,
0,bench/30gib-6.bin,294,33554432,768.66,,
0,bench/30gib-6.bin,295,33554432,341.32,,
0,bench/30gib-6.bin,296,33554432,341.70,,
0,bench/30gib-6.bin,297,33554432,370.58,,
0,bench/30gib-6.bin,298,33554432,592.65,,
0,bench/30gib-6.bin,299,33554432,349.79,,
0,bench/30gib-6.bin,300,33554432,389.52,,
0,bench/30gib-6.bin,301,33554432,428.03,,
0,bench/30gib-6.bin,302,33554432,455.71,,
0,bench/30gib-6.bin,303,33554432,341.09,,
0,bench/30gib-6.bin,304,33554432,358.76,,
0,bench/30gib-6.bin,305,33554432,485.12,,
0,bench/30gib-6.bin,306,33554432,566.09,,
0,bench/30gib-6.bin,307,33554432,558.70,,
0,bench/30gib-6.bin,308,33554432,465.26,,
0,bench/30gib-6.bin,309,33554432,348.18,,
0,bench/30gib-6.bin,310,33554432,423.61,,
0,bench/30gib-6.bin,311,33554432,423.08,,
0,bench/30gib-6.bin,312,33554432,508.97,,
0,bench/30gib-6.bin,313,33554432,347.38,,
0,bench/30gib-6.bin,314,33554432,377.34,,
0,bench/30gib-6.bin,315,33554432,368.81,,
0,bench/30gib-6.bin,316,33554432,407.69,,
0,bench/30gib-6.bin,317,33554432,461.13,,
0,bench/30gib-6.bin,318,33554432,348.78,,
0,bench/30gib-6.bin,319,33554432,386.74,,
0,bench/30gib-6.bin,320,33554432,443.48,,
0,bench/30gib-6.bin,321,33554432,389.03,,
0,bench/30gib-6.bin,322,33554432,410.15,,
0,bench/30gib-6.bin,323,33554432,467.65,,
0,bench/30gib-6.bin,324,33554432,435.77,,
0,bench/30gib-6.bin,325,33554432,490.22,,
0,bench/30gib-6.bin,326,33554432,614.68,,
0,bench/30gib-6.bin,327,33554432,532.69,,
0,bench/30gib-6.bin,328,33554432,342.30,,
0,bench/30gib-6.bin,329,33554432,357.02,,
0,bench/30gib-6.bin,330,33554432,340.79,,
0,bench/30gib-6.bin,331,33554432,345.49,,
0,bench/30gib-6.bin,332,33554432,356.87,,
0,bench/30gib-6.bin,333,33554432,494.05,,
0,bench/30gib-6.bin,334,33554432,406.02,,
0,bench/30gib-6.bin,335,33554432,394.77,,
0,bench/30gib-6.bin,336,33554432,405.50,,
0,bench/30gib-6.bin,337,33554432,383.52,,
0,bench/30gib-6.bin,338,33554432,343.67,,
0,bench/30gib-6.bin,339,33554432,448.56,,
0,bench/30gib-6.bin,340,33554432,637.86,,
0,bench/30gib-6.bin,341,33554432,404.51,,
0,bench/30gib-6.bin,342,33554432,575.22,,
0,bench/30gib-6.bin,343,33554432,420.75,,
0,bench/30gib-6.bin,344,33554432,455.99,,
0,bench/30gib-6.bin,345,33554432,458.86,,
0,bench/30gib-6.bin,346,33554432,566.98,,
0,bench/30gib-6.bin,347,33554432,666.82,,
0,bench/30gib-6.bin,348,33554432,350.58,,
0,bench/30gib-6.bin,349,33554432,372.62,,
0,bench/30gib-6.bin,350,33554432,351.36,,
0,bench/30gib-6.bin,351,33554432,364.62,,
0,bench/30gib-6.bin,352,33554432,347.27,,
0,bench/30gib-6.bin,353,33554432,438.68,,
0,bench/30gib-6.bin,354,33554432,361.86,,
0,bench/30gib-6.bin,355,33554432,350.75,,
0,bench/30gib-6.bin,356,33554432,339.42,,
0,bench/30gib-6.bin,357,33554432,498.87,,
0,bench/30gib-6.bin,358,33554432,391.18,,
0,bench/30gib-6.bin,359,33554432,348.78,,
0,bench/30gib-6.bin,360,33554432,456.12,,
0,bench/30gib-6.bin,361,33554432,501.95,,
0,bench/30gib-6.bin,362,33554432,432.73,,
0,bench/30gib-6.bin,363,33554432,356.61,,
0,bench/30gib-6.bin,364,33554432,563.73,,
0,bench/30gib-6.bin,365,33554432,481.48,,
0,bench/30gib-6.bin,366,33554432,444.14,,
0,bench/30gib-6.bin,367,33554432,393.88,,
0,bench/30gib-6.bin,368,33554432,457.45,,
0,bench/30gib-6.bin,369,33554432,357.56,,
0,bench/30gib-6.bin,370,33554432,344.88,,
0,bench/30gib-6.bin,371,33554432,470.91,,
0,bench/30gib-6.bin,372,33554432,341.28,,
0,bench/30gib-6.bin,373,33554432,474.81,,
0,bench/30gib-6.bin,374,33554432,639.40,,
0,bench/30gib-6.bin,375,33554432,346.77,,
0,bench/30gib-6.bin,376,33554432,439.75,,
0,bench/30gib-6.bin,377,33554432,342.80,,
0,bench/30gib-6.bin,378,33554432,452.19,,
0,bench/30gib-6.bin,379,33554432,341.81,,
0,bench/30gib-6.bin,380,33554432,395.52,,
0,bench/30gib-6.bin,381,33554432,391.33,,
0,bench/30gib-6.bin,382,33554432,353.26,,
0,bench/30gib-6.bin,383,33554432,365.16,,
0,bench/30gib-6.bin,384,33554432,410.27,,
0,bench/30gib-6.bin,385,33554432,343.56,,
0,bench/30gib-6.bin,386,33554432,496.62,,
0,bench/30gib-6.bin,387,33554432,557.81,,
0,bench/30gib-6.bin,388,33554432,403.44,,
0,bench/30gib-6.bin,389,33554432,370.88,,
0,bench/30gib-6.bin,390,33554432,489.48,,
0,bench/30gib-6.bin,391,33554432,347.72,,
0,bench/30gib-6.bin,392,33554432,649.96,,
0,bench/30gib-6.bin,393,33554432,377.51,,
0,bench/30gib-6.bin,394,33554432,353.80,,
0,bench/30gib-6.bin,395,33554432,566.99,,
0,bench/30gib-6.bin,396,33554432,341.32,,
0,bench/30gib-6.bin,397,33554432,410.28,,
0,bench/30gib-6.bin,398,33554432,446.17,,
0,bench/30gib-6.bin,399,33554432,407.84,,
0,bench/30gib-6.bin,400,33554432,444.80,,
0,bench/30gib-6.bin,401,33554432,415.97,,
0,bench/30gib-6.bin,402,33554432,363.68,,
0,bench/30gib-6.bin,403,33554432,402.05,,
0,bench/30gib-6.bin,404,33554432,362.51,,
0,bench/30gib-6.bin,405,33554432,634.57,,
0,bench/30gib-6.bin,406,33554432,343.74,,
0,bench/30gib-6.bin,407,33554432,506.49,,
0,bench/30gib-6.bin,408,33554432,375.17,,
0,bench/30gib-6.bin,409,33554432,566.21,,
0,bench/30gib-6.bin,410,33554432,449.50,,
0,bench/30gib-6.bin,411,33554432,607.70,,
0,bench/30gib-6.bin,412,33554432,352.55,,
0,bench/30gib-6.bin,413,33554432,407.16,,
0,bench/30gib-6.bin,414,33554432,413.16,,
0,bench/30gib-6.bin,415,33554432,456.11,,
0,bench/30gib-6.bin,416,33554432,433.97,,
0,bench/30gib-6.bin,417,33554432,347.68,,
0,bench/30gib-6.bin,418,33554432,407.46,,
0,bench/30gib-6.bin,419,33554432,341.24,,
0,bench/30gib-6.bin,420,33554432,455.49,,
0,bench/30gib-6.bin,421,33554432,367.45,,
0,bench/30gib-6.bin,422,33554432,342.73,,
0,bench/30gib-6.bin,423,33554432,493.31,,
0,bench/30gib-6.bin,424,33554432,443.29,,
0,bench/30gib-6.bin,425,33554432,344.11,,
0,bench/30gib-6.bin,426,33554432,347.00,,
0,bench/30gib-6.bin,427,33554432,341.93,,
0,bench/30gib-6.bin,428,33554432,398.93,,
0,bench/30gib-6.bin,429,33554432,419.77,,
0,bench/30gib-6.bin,430,33554432,427.45,,
0,bench/30gib-6.bin,431,33554432,341.52,,
0,bench/30gib-6.bin,432,33554432,370.95,,
0,bench/30gib-6.bin,433,33554432,345.87,,
0,bench/30gib-6.bin,434,33554432,373.73,,
0,bench/30gib-6.bin,435,33554432,550.95,,
0,bench/30gib-6.bin,436,33554432,350.34,,
0,bench/30gib-6.bin,437,33554432,377.98,,
0,bench/30gib-6.bin,438,33554432,424.21,,
0,bench/30gib-6.bin,439,33554432,631.01,,
0,bench/30gib-6.bin,440,33554432,422.07,,
0,bench/30gib-6.bin,441,33554432,344.88,,
0,bench/30gib-6.bin,442,33554432,473.46,,
0,bench/30gib-6.bin,443,33554432,487.42,,
0,bench/30gib-6.bin,444,33554432,342.42,,
0,bench/30gib-6.bin,445,33554432,352.96,,
0,bench/30gib-6.bin,446,33554432,344.32,,
0,bench/30gib-6.bin,447,33554432,605.12,,
0,bench/30gib-6.bin,448,33554432,341.71,,
0,bench/30gib-6.bin,449,33554432,424.46,,
0,bench/30gib-6.bin,450,33554432,404.83,,
0,bench/30gib-6.bin,451,33554432,366.01,,
0,bench/30gib-6.bin,452,33554432,509.19,,
0,bench/30gib-6.bin,453,33554432,395.16,,
0,bench/30gib-6.bin,454,33554432,356.31,,
0,bench/30gib-6.bin,455,33554432,422.19,,
0,bench/30gib-6.bin,456,33554432,402.45,,
0,bench/30gib-6.bin,457,33554432,450.92,,
0,bench/30gib-6.bin,458,33554432,373.91,,
0,bench/30gib-6.bin,459,33554432,348.58,,
0,bench/30gib-6.bin,460,33554432,417.18,,
0,bench/30gib-6.bin,461,33554432,426.87,,
0,bench/30gib-6.bin,462,33554432,466.98,,
0,bench/30gib-6.bin,463,33554432,414.54,,
0,bench/30gib-6.bin,464,33554432,529.25,,
0,bench/30gib-6.bin,465,33554432,579.73,,
0,bench/30gib-6.bin,466,33554432,363.51,,
0,bench/30gib-6.bin,467,33554432,344.58,,
0,bench/30gib-6.bin,468,33554432,375.50,,
0,bench/30gib-6.bin,469,33554432,498.08,,
0,bench/30gib-6.bin,470,33554432,518.20,,
0,bench/30gib-6.bin,471,33554432,430.68,,
0,bench/30gib-6.bin,472,33554432,411.56,,
0,bench/30gib-6.bin,473,33554432,348.41,,
0,bench/30gib-6.bin,474,33554432,347.25,,
0,bench/30gib-6.bin,475,33554432,647.64,,
0,bench/30gib-6.bin,476,33554432,376.89,,
0,bench/30gib-6.bin,477,33554432,406.35,,
0,bench/30gib-6.bin,478,33554432,340.50,,
0,bench/30gib-6.bin,479,33554432,505.94,,
0,bench/30gib-6.bin,480,33554432,531.82,,
0,bench/30gib-6.bin,481,33554432,437.84,,
0,bench/30gib-6.bin,482,33554432,461.33,,
0,bench/30gib-6.bin,483,33554432,379.06,,
0,bench/30gib-6.bin,484,33554432,341.30,,
0,bench/30gib-6.bin,485,33554432,340.11,,
0,bench/30gib-6.bin,486,33554432,362.10,,
0,bench/30gib-6.bin,487,33554432,353.97,,
0,bench/30gib-6.bin,488,33554432,484.92,,
0,bench/30gib-6.bin,489,33554432,361.97,,
0,bench/30gib-6.bin,490,33554432,543.96,,
0,bench/30gib-6.bin,491,33554432,345.16,,
0,bench/30gib-6.bin,492,33554432,405.91,,
0,bench/30gib-6.bin,493,33554432,395.29,,
0,bench/30gib-6.bin,494,33554432,340.20,,
0,bench/30gib-6.bin,495,33554432,514.18,,
0,bench/30gib-6.bin,496,33554432,348.94,,
0,bench/30gib-6.bin,497,33554432,484.08,,
0,bench/30gib-6.bin,498,33554432,345.45,,
0,bench/30gib-6.bin,499,33554432,378.35,,
0,bench/30gib-6.bin,500,33554432,344.61,,
0,bench/30gib-6.bin,501,33554432,508.26,,
0,bench/30gib-6.bin,502,33554432,377.18,,
0,bench/30gib-6.bin,503,33554432,529.80,,
0,bench/30gib-6.bin,504,33554432,406.96,,
0,bench/30gib-6.bin,505,33554432,400.14,,
0,bench/30gib-6.bin,506,33554432,341.21,,
0,bench/30gib-6.bin,507,33554432,346.18,,
0,bench/30gib-6.bin,508,33554432,410.58,,
0,bench/30gib-6.bin,509,33554432,343.30,,
0,bench/30gib-6.bin,510,33554432,370.22,,
0,bench/30gib-6.bin,511,33554432,446.34,,
0,bench/30gib-6.bin,512,33554432,421.14,,
0,bench/30gib-6.bin,513,33554432,350.55,,
0,bench/30gib-6.bin,514,33554432,528.70,,
0,bench/30gib-6.bin,515,33554432,352.60,,
0,bench/30gib-6.bin,516,33554432,397.10,,
0,bench/30gib-6.bin,517,33554432,487.75,,
0,bench/30gib-6.bin,518,33554432,524.21,,
0,bench/30gib-6.bin,519,33554432,407.11,,
0,bench/30gib-6.bin,520,33554432,348.22,,
0,bench/30gib-6.bin,521,33554432,415.31,,
0,bench/30gib-6.bin,522,33554432,386.20,,
0,bench/30gib-6.bin,523,33554432,600.87,,
0,bench/30gib-6.bin,524,33554432,420.51,,
0,bench/30gib-6.bin,525,33554432,462.30,,
0,bench/30gib-6.bin,526,33554432,447.43,,
0,bench/30gib-6.bin,527,33554432,347.17,,
0,bench/30gib-6.bin,528,33554432,344.11,,
0,bench/30gib-6.bin,529,33554432,399.07,,
0,bench/30gib-6.bin,530,33554432,493.58,,
0,bench/30gib-6.bin,531,33554432,360.58,,
0,bench/30gib-6.bin,532,33554432,392.22,,
0,bench/30gib-6.bin,533,33554432,478.82,,
0,bench/30gib-6.bin,534,33554432,352.23,,
0,bench/30gib-6.bin,535,33554432,340.45,,
0,bench/30gib-6.bin,536,33554432,435.21,,
0,bench/30gib-6.bin,537,33554432,476.05,,
0,bench/30gib-6.bin,538,33554432,364.59,,
0,bench/30gib-6.bin,539,33554432,421.97,,
0,bench/30gib-6.bin,540,33554432,393.79,,
0,bench/30gib-6.bin,541,33554432,340.43,,
0,bench/30gib-6.bin,542,33554432,446.82,,
0,bench/30gib-6.bin,543,33554432,346.80,,
0,bench/30gib-6.bin,544,33554432,348.20,,
0,bench/30gib-6.bin,545,33554432,494.05,,
0,bench/30gib-6.bin,546,33554432,435.28,,
0,bench/30gib-6.bin,547,33554432,521.19,,
0,bench/30gib-6.bin,548,33554432,406.93,,
0,bench/30gib-6.bin,549,33554432,560.36,,
0,bench/30gib-6.bin,550,33554432,402.24,,
0,bench/30gib-6.bin,551,33554432,348.46,,
0,bench/30gib-6.bin,552,33554432,425.59,,
0,bench/30gib-6.bin,553,33554432,386.97,,
0,bench/30gib-6.bin,554,33554432,612.89,,
0,bench/30gib-6.bin,555,33554432,585.12,,
0,bench/30gib-6.bin,556,33554432,387.84,,
0,bench/30gib-6.bin,557,33554432,343.99,,
0,bench/30gib-6.bin,558,33554432,604.00,,
0,bench/30gib-6.bin,559,33554432,342.76,,
0,bench/30gib-6.bin,560,33554432,444.74,,
0,bench/30gib-6.bin,561,33554432,364.64,,
0,bench/30gib-6.bin,562,33554432,460.91,,
0,bench/30gib-6.bin,563,33554432,398.23,,
0,bench/30gib-6.bin,564,33554432,419.67,,
0,bench/30gib-6.bin,565,33554432,354.77,,
0,bench/30gib-6.bin,566,33554432,424.35,,
0,bench/30gib-6.bin,567,33554432,479.32,,
0,bench/30gib-6.bin,568,33554432,369.46,,
0,bench/30gib-6.bin,569,33554432,382.81,,
0,bench/30gib-6.bin,570,33554432,499.32,,
0,bench/30gib-6.bin,571,33554432,423.26,,
0,bench/30gib-6.bin,572,33554432,412.07,,
0,bench/30gib-6.bin,573,33554432,380.65,,
0,bench/30gib-6.bin,574,33554432,486.55,,
0,bench/30gib-6.bin,575,33554432,450.33,,
0,bench/30gib-6.bin,576,33554432,404.83,,
0,bench/30gib-6.bin,577,33554432,346.07,,
0,bench/30gib-6.bin,578,33554432,481.89,,
0,bench/30gib-6.bin,579,33554432,372.76,,
0,bench/30gib-6.bin,580,33554432,391.65,,
0,bench/30gib-6.bin,581,33554432,419.93,,
0,bench/30gib-6.bin,582,33554432,357.52,,
0,bench/30gib-6.bin,583,33554432,525.54,,
0,bench/30gib-6.bin,584,33554432,348.64,,
0,bench/30gib-6.bin,585,33554432,415.25,,
0,bench/30gib-6.bin,586,33554432,350.37,,
0,bench/30gib-6.bin,587,33554432,650.31,,
0,bench/30gib-6.bin,588,33554432,453.36,,
0,bench/30gib-6.bin,589,33554432,375.97,,
0,bench/30gib-6.bin,590,33554432,368.71,,
0,bench/30gib-6.bin,591,33554432,361.17,,
0,bench/30gib-6.bin,592,33554432,439.78,,
0,bench/30gib-6.bin,593,33554432,384.99,,
0,bench/30gib-6.bin,594,33554432,342.10,,
0,bench/30gib-6.bin,595,33554432,495.49,,
0,bench/30gib-6.bin,596,33554432,428.86,,
0,bench/30gib-6.bin,597,33554432,343.64,,
0,bench/30gib-6.bin,598,33554432,367.82,,
0,bench/30gib-6.bin,599,33554432,395.40,,
0,bench/30gib-6.bin,600,33554432,436.99,,
0,bench/30gib-6.bin,601,33554432,344.96,,
0,bench/30gib-6.bin,602,33554432,374.35,,
0,bench/30gib-6.bin,603,33554432,402.94,,
0,bench/30gib-6.bin,604,33554432,372.48,,
0,bench/30gib-6.bin,605,33554432,341.50,,
0,bench/30gib-6.bin,606,33554432,534.68,,
0,bench/30gib-6.bin,607,33554432,391.66,,
0,bench/30gib-6.bin,608,33554432,346.99,,
0,bench/30gib-6.bin,609,33554432,414.96,,
0,bench/30gib-6.bin,610,33554432,420.63,,
0,bench/30gib-6.bin,611,33554432,344.77,,
0,bench/30gib-6.bin,612,33554432,582.95,,
0,bench/30gib-6.bin,613,33554432,357.68,,
0,bench/30gib-6.bin,614,33554432,521.15,,
0,bench/30gib-6.bin,615,33554432,405.72,,
0,bench/30gib-6.bin,616,33554432,468.19,,
0,bench/30gib-6.bin,617,33554432,352.12,,
0,bench/30gib-6.bin,618,33554432,404.60,,
0,bench/30gib-6.bin,619,33554432,377.97,,
0,bench/30gib-6.bin,620,33554432,407.05,,
0,bench/30gib-6.bin,621,33554432,431.40,,
0,bench/30gib-6.bin,622,33554432,352.25,,
0,bench/30gib-6.bin,623,33554432,393.44,,
0,bench/30gib-6.bin,624,33554432,454.18,,
0,bench/30gib-6.bin,625,33554432,580.42,,
0,bench/30gib-6.bin,626,33554432,410.68,,
0,bench/30gib-6.bin,627,33554432,460.51,,
0,bench/30gib-6.bin,628,33554432,381.95,,
0,bench/30gib-6.bin,629,33554432,499.19,,
0,bench/30gib-6.bin,630,33554432,545.41,,
0,bench/30gib-6.bin,631,33554432,359.55,,
0,bench/30gib-6.bin,632,33554432,447.22,,
0,bench/30gib-6.bin,633,33554432,349.13,,
0,bench/30gib-6.bin,634,33554432,344.11,,
0,bench/30gib-6.bin,635,33554432,508.56,,
0,bench/30gib-6.bin,636,33554432,360.74,,
0,bench/30gib-6.bin,637,33554432,346.92,,
0,bench/30gib-6.bin,638,33554432,709.56,,
0,bench/30gib-6.bin,639,33554432,418.86,,
0,bench/30gib-6.bin,640,33554432,374.94,,
0,bench/30gib-6.bin,641,33554432,341.18,,
0,bench/30gib-6.bin,642,33554432,391.44,,
0,bench/30gib-6.bin,643,33554432,378.58,,
0,bench/30gib-6.bin,644,33554432,496.01,,
0,bench/30gib-6.bin,645,33554432,340.67,,
0,bench/30gib-6.bin,646,33554432,506.11,,
0,bench/30gib-6.bin,647,33554432,353.81,,
0,bench/30gib-6.bin,648,33554432,439.75,,
0,bench/30gib-6.bin,649,33554432,392.72,,
0,bench/30gib-6.bin,650,33554432,345.35,,
0,bench/30gib-6.bin,651,33554432,372.39,,
0,bench/30gib-6.bin,652,33554432,340.99,,
0,bench/30gib-6.bin,653,33554432,433.83,,
0,bench/30gib-6.bin,654,33554432,407.31,,
0,bench/30gib-6.bin,655,33554432,390.09,,
0,bench/30gib-6.bin,656,33554432,371.07,,
0,bench/30gib-6.bin,657,33554432,680.81,,
0,bench/30gib-6.bin,658,33554432,476.89,,
0,bench/30gib-6.bin,659,33554432,470.89,,
0,bench/30gib-6.bin,660,33554432,494.07,,
0,bench/30gib-6.bin,661,33554432,356.83,,
0,bench/30gib-6.bin,662,33554432,533.58,,
0,bench/30gib-6.bin,663,33554432,347.99,,
0,bench/30gib-6.bin,664,33554432,346.57,,
0,bench/30gib-6.bin,665,33554432,369.05,,
0,bench/30gib-6.bin,666,33554432,682.55,,
0,bench/30gib-6.bin,667,33554432,360.58,,
0,bench/30gib-6.bin,668,33554432,341.56,,
0,bench/30gib-6.bin,669,33554432,363.05,,
0,bench/30gib-6.bin,670,33554432,350.44,,
0,bench/30gib-6.bin,671,33554432,365.27,,
0,bench/30gib-6.bin,672,33554432,423.50,,
0,bench/30gib-6.bin,673,33554432,469.46,,
0,bench/30gib-6.bin,674,33554432,345.03,,
0,bench/30gib-6.bin,675,33554432,471.71,,
0,bench/30gib-6.bin,676,33554432,409.98,,
0,bench/30gib-6.bin,677,33554432,347.70,,
0,bench/30gib-6.bin,678,33554432,366.77,,
0,bench/30gib-6.bin,679,33554432,415.69,,
0,bench/30gib-6.bin,680,33554432,354.91,,
0,bench/30gib-6.bin,681,33554432,666.65,,
0,bench/30gib-6.bin,682,33554432,402.63,,
0,bench/30gib-6.bin,683,33554432,343.36,,
0,bench/30gib-6.bin,684,33554432,399.60,,
0,bench/30gib-6.bin,685,33554432,343.03,,
0,bench/30gib-6.bin,686,33554432,537.99,,
0,bench/30gib-6.bin,687,33554432,343.46,,
0,bench/30gib-6.bin,688,33554432,585.82,,
0,bench/30gib-6.bin,689,33554432,342.57,,
0,bench/30gib-6.bin,690,33554432,380.00,,
0,bench/30gib-6.bin,691,33554432,362.23,,
0,bench/30gib-6.bin,692,33554432,408.02,,
0,bench/30gib-6.bin,693,33554432,415.27,,
0,bench/30gib-6.bin,694,33554432,415.24,,
0,bench/30gib-6.bin,695,33554432,446.02,,
0,bench/30gib-6.bin,696,33554432,427.03,,
0,bench/30gib-6.bin,697,33554432,343.33,,
0,bench/30gib-6.bin,698,33554432,346.95,,
0,bench/30gib-6.bin,699,33554432,345.35,,
0,bench/30gib-6.bin,700,33554432,398.30,,
0,bench/30gib-6.bin,701,33554432,341.17,,
0,bench/30gib-6.bin,702,33554432,426.43,,
0,bench/30gib-6.bin,703,33554432,362.36,,
0,bench/30gib-6.bin,704,33554432,340.67,,
0,bench/30gib-6.bin,705,33554432,342.70,,
0,bench/30gib-6.bin,706,33554432,737.98,,
0,bench/30gib-6.bin,707,33554432,406.47,,
0,bench/30gib-6.bin,708,33554432,468.75,,
0,bench/30gib-6.bin,709,33554432,492.16,,
0,bench/30gib-6.bin,710,33554432,377.90,,
0,bench/30gib-6.bin,711,33554432,486.05,,
0,bench/30gib-6.bin,712,33554432,347.22,,
0,bench/30gib-6.bin,713,33554432,445.90,,
0,bench/30gib-6.bin,714,33554432,351.42,,
0,bench/30gib-6.bin,715,33554432,396.27,,
0,bench/30gib-6.bin,716,33554432,418.17,,
0,bench/30gib-6.bin,717,33554432,344.26,,
0,bench/30gib-6.bin,718,33554432,605.46,,
0,bench/30gib-6.bin,719,33554432,568.83,,
0,bench/30gib-6.bin,720,33554432,476.85,,
0,bench/30gib-6.bin,721,33554432,353.43,,
0,bench/30gib-6.bin,722,33554432,373.71,,
0,bench/30gib-6.bin,723,33554432,388.79,,
0,bench/30gib-6.bin,724,33554432,488.40,,
0,bench/30gib-6.bin,725,33554432,598.12,,
0,bench/30gib-6.bin,726,33554432,342.82,,
0,bench/30gib-6.bin,727,33554432,457.47,,
0,bench/30gib-6.bin,728,33554432,342.92,,
0,bench/30gib-6.bin,729,33554432,369.66,,
0,bench/30gib-6.bin,730,33554432,424.59,,
0,bench/30gib-6.bin,731,33554432,472.83,,
0,bench/30gib-6.bin,732,33554432,411.11,,
0,bench/30gib-6.bin,733,33554432,413.12,,
0,bench/30gib-6.bin,734,33554432,399.98,,
0,bench/30gib-6.bin,735,33554432,377.97,,
0,bench/30gib-6.bin,736,33554432,385.13,,
0,bench/30gib-6.bin,737,33554432,370.96,,
0,bench/30gib-6.bin,738,33554432,405.34,,
0,bench/30gib-6.bin,739,33554432,527.93,,
0,bench/30gib-6.bin,740,33554432,362.12,,
0,bench/30gib-6.bin,741,33554432,368.95,,
0,bench/30gib-6.bin,742,33554432,429.42,,
0,bench/30gib-6.bin,743,33554432,347.64,,
0,bench/30gib-6.bin,744,33554432,391.35,,
0,bench/30gib-6.bin,745,33554432,348.69,,
0,bench/30gib-6.bin,746,33554432,627.45,,
0,bench/30gib-6.bin,747,33554432,536.94,,
0,bench/30gib-6.bin,748,33554432,354.26,,
0,bench/30gib-6.bin,749,33554432,348.99,,
0,bench/30gib-6.bin,750,33554432,437.02,,
0,bench/30gib-6.bin,751,33554432,359.80,,
0,bench/30gib-6.bin,752,33554432,480.98,,
0,bench/30gib-6.bin,753,33554432,342.76,,
0,bench/30gib-6.bin,754,33554432,356.35,,
0,bench/30gib-6.bin,755,33554432,341.00,,
0,bench/30gib-6.bin,756,33554432,387.79,,
0,bench/30gib-6.bin,757,33554432,445.05,,
0,bench/30gib-6.bin,758,33554432,346.93,,
0,bench/30gib-6.bin,759,33554432,459.64,,
0,bench/30gib-6.bin,760,33554432,379.65,,
0,bench/30gib-6.bin,761,33554432,480.47,,
0,bench/30gib-6.bin,762,33554432,380.71,,
0,bench/30gib-6.bin,763,33554432,429.09,,
0,bench/30gib-6.bin,764,33554432,555.49,,
0,bench/30gib-6.bin,765,33554432,355.99,,
0,bench/30gib-6.bin,766,33554432,384.87,,
0,bench/30gib-6.bin,767,33554432,420.00,,
0,bench/30gib-6.bin,768,33554432,379.83,,
0,bench/30gib-6.bin,769,33554432,367.45,,
0,bench/30gib-6.bin,770,33554432,524.64,,
0,bench/30gib-6.bin,771,33554432,357.25,,
0,bench/30gib-6.bin,772,33554432,439.14,,
0,bench/30gib-6.bin,773,33554432,351.26,,
0,bench/30gib-6.bin,774,33554432,570.48,,
0,bench/30gib-6.bin,775,33554432,353.81,,
0,bench/30gib-6.bin,776,33554432,385.99,,
0,bench/30gib-6.bin,777,33554432,436.85,,
0,bench/30gib-6.bin,778,33554432,520.84,,
0,bench/30gib-6.bin,779,33554432,342.08,,
0,bench/30gib-6.bin,780,33554432,346.96,,
0,bench/30gib-6.bin,781,33554432,476.27,,
0,bench/30gib-6.bin,782,33554432,470.10,,
0,bench/30gib-6.bin,783,33554432,340.70,,
0,bench/30gib-6.bin,784,33554432,340.39,,
0,bench/30gib-6.bin,785,33554432,380.03,,
0,bench/30gib-6.bin,786,33554432,432.27,,
0,bench/30gib-6.bin,787,33554432,458.36,,
0,bench/30gib-6.bin,788,33554432,348.27,,
0,bench/30gib-6.bin,789,33554432,340.85,,
0,bench/30gib-6.bin,790,33554432,377.11,,
0,bench/30gib-6.bin,791,33554432,422.93,,
0,bench/30gib-6.bin,792,33554432,359.26,,
0,bench/30gib-6.bin,793,33554432,349.24,,
0,bench/30gib-6.bin,794,33554432,379.42,,
0,bench/30gib-6.bin,795,33554432,414.46,,
0,bench/30gib-6.bin,796,33554432,478.87,,
0,bench/30gib-6.bin,797,33554432,407.27,,
0,bench/30gib-6.bin,798,33554432,342.03,,
0,bench/30gib-6.bin,799,33554432,346.36,,
0,bench/30gib-6.bin,800,33554432,346.33,,
0,bench/30gib-6.bin,801,33554432,457.89,,
0,bench/30gib-6.bin,802,33554432,348.81,,
0,bench/30gib-6.bin,803,33554432,371.68,,
0,bench/30gib-6.bin,804,33554432,486.00,,
0,bench/30gib-6.bin,805,33554432,416.49,,
0,bench/30gib-6.bin,806,33554432,343.25,,
0,bench/30gib-6.bin,807,33554432,388.79,,
0,bench/30gib-6.bin,808,33554432,574.82,,
0,bench/30gib-6.bin,809,33554432,340.66,,
0,bench/30gib-6.bin,810,33554432,383.16,,
0,bench/30gib-6.bin,811,33554432,342.08,,
0,bench/30gib-6.bin,812,33554432,410.38,,
0,bench/30gib-6.bin,813,33554432,344.63,,
0,bench/30gib-6.bin,814,33554432,340.15,,
0,bench/30gib-6.bin,815,33554432,341.55,,
0,bench/30gib-6.bin,816,33554432,397.33,,
0,bench/30gib-6.bin,817,33554432,413.44,,
0,bench/30gib-6.bin,818,33554432,378.98,,
0,bench/30gib-6.bin,819,33554432,348.90,,
0,bench/30gib-6.bin,820,33554432,475.62,,
0,bench/30gib-6.bin,821,33554432,455.79,,
0,bench/30gib-6.bin,822,33554432,412.05,,
0,bench/30gib-6.bin,823,33554432,340.96,,
0,bench/30gib-6.bin,824,33554432,391.41,,
0,bench/30gib-6.bin,825,33554432,377.75,,
0,bench/30gib-6.bin,826,33554432,578.22,,
0,bench/30gib-6.bin,827,33554432,411.76,,
0,bench/30gib-6.bin,828,33554432,375.77,,
0,bench/30gib-6.bin,829,33554432,391.37,,
0,bench/30gib-6.bin,830,33554432,374.55,,
0,bench/30gib-6.bin,831,33554432,388.27,,
0,bench/30gib-6.bin,832,33554432,377.17,,
0,bench/30gib-6.bin,833,33554432,391.64,,
0,bench/30gib-6.bin,834,33554432,470.58,,
0,bench/30gib-6.bin,835,33554432,390.75,,
0,bench/30gib-6.bin,836,33554432,352.26,,
0,bench/30gib-6.bin,837,33554432,394.69,,
0,bench/30gib-6.bin,838,33554432,447.19,,
0,bench/30gib-6.bin,839,33554432,357.80,,
0,bench/30gib-6.bin,840,33554432,524.59,,
0,bench/30gib-6.bin,841,33554432,448.20,,
0,bench/30gib-6.bin,842,33554432,626.95,,
0,bench/30gib-6.bin,843,33554432,409.58,,
0,bench/30gib-6.bin,844,33554432,427.74,,
0,bench/30gib-6.bin,845,33554432,522.65,,
0,bench/30gib-6.bin,846,33554432,399.29,,
0,bench/30gib-6.bin,847,33554432,456.43,,
0,bench/30gib-6.bin,848,33554432,701.71,,
0,bench/30gib-6.bin,849,33554432,345.46,,
0,bench/30gib-6.bin,850,33554432,479.51,,
0,bench/30gib-6.bin,851,33554432,342.55,,
0,bench/30gib-6.bin,852,33554432,360.88,,
0,bench/30gib-6.bin,853,33554432,397.89,,
0,bench/30gib-6.bin,854,33554432,389.05,,
0,bench/30gib-6.bin,855,33554432,341.15,,
0,bench/30gib-6.bin,856,33554432,414.84,,
0,bench/30gib-6.bin,857,33554432,351.57,,
0,bench/30gib-6.bin,858,33554432,636.63,,
0,bench/30gib-6.bin,859,33554432,374.96,,
0,bench/30gib-6.bin,860,33554432,418.32,,
0,bench/30gib-6.bin,861,33554432,646.04,,
0,bench/30gib-6.bin,862,33554432,354.51,,
0,bench/30gib-6.bin,863,33554432,616.51,,
0,bench/30gib-6.bin,864,33554432,464.26,,
0,bench/30gib-6.bin,865,33554432,515.12,,
0,bench/30gib-6.bin,866,33554432,342.54,,
0,bench/30gib-6.bin,867,33554432,405.46,,
0,bench/30gib-6.bin,868,33554432,493.96,,
0,bench/30gib-6.bin,869,33554432,380.94,,
0,bench/30gib-6.bin,870,33554432,341.40,,
0,bench/30gib-6.bin,871,33554432,354.64,,
0,bench/30gib-6.bin,872,33554432,557.33,,
0,bench/30gib-6.bin,873,33554432,677.92,,
0,bench/30gib-6.bin,874,33554432,342.39,,
0,bench/30gib-6.bin,875,33554432,377.39,,
0,bench/30gib-6.bin,876,33554432,343.82,,
0,bench/30gib-6.bin,877,33554432,526.85,,
0,bench/30gib-6.bin,878,33554432,436.83,,
0,bench/30gib-6.bin,879,33554432,348.06,,
0,bench/30gib-6.bin,880,33554432,371.62,,
0,bench/30gib-6.bin,881,33554432,356.96,,
0,bench/30gib-6.bin,882,33554432,724.75,,
0,bench/30gib-6.bin,883,33554432,343.62,,
0,bench/30gib-6.bin,884,33554432,476.35,,
0,bench/30gib-6.bin,885,33554432,386.58,,
0,bench/30gib-6.bin,886,33554432,342.14,,
0,bench/30gib-6.bin,887,33554432,398.26,,
0,bench/30gib-6.bin,888,33554432,416.14,,
0,bench/30gib-6.bin,889,33554432,342.07,,
0,bench/30gib-6.bin,890,33554432,342.12,,
0,bench/30gib-6.bin,891,33554432,371.87,,
0,bench/30gib-6.bin,892,33554432,360.69,,
0,bench/30gib-6.bin,893,33554432,344.16,,
0,bench/30gib-6.bin,894,33554432,412.50,,
0,bench/30gib-6.bin,895,33554432,344.54,,
0,bench/30gib-6.bin,896,33554432,353.00,,
0,bench/30gib-6.bin,897,33554432,488.18,,
0,bench/30gib-6.bin,898,33554432,606.78,,
0,bench/30gib-6.bin,899,33554432,341.70,,
0,bench/30gib-6.bin,900,33554432,545.62,,
0,bench/30gib-6.bin,901,33554432,632.01,,
0,bench/30gib-6.bin,902,33554432,340.43,,
0,bench/30gib-6.bin,903,33554432,340.42,,
0,bench/30gib-6.bin,904,33554432,344.24,,
0,bench/30gib-6.bin,905,33554432,468.09,,
0,bench/30gib-6.bin,906,33554432,341.47,,
0,bench/30gib-6.bin,907,33554432,527.81,,
0,bench/30gib-6.bin,908,33554432,395.45,,
0,bench/30gib-6.bin,909,33554432,406.50,,
0,bench/30gib-6.bin,910,33554432,360.16,,
0,bench/30gib-6.bin,911,33554432,468.45,,
0,bench/30gib-6.bin,912,33554432,361.74,,
0,bench/30gib-6.bin,913,33554432,404.04,,
0,bench/30gib-6.bin,914,33554432,735.14,,
0,bench/30gib-6.bin,915,33554432,666.05,,
0,bench/30gib-6.bin,916,33554432,348.76,,
0,bench/30gib-6.bin,917,33554432,404.48,,
0,bench/30gib-6.bin,918,33554432,445.41,,
0,bench/30gib-6.bin,919,33554432,510.99,,
0,bench/30gib-6.bin,920,33554432,351.24,,
0,bench/30gib-6.bin,921,33554432,455.40,,
0,bench/30gib-6.bin,922,33554432,368.85,,
0,bench/30gib-6.bin,923,33554432,340.91,,
0,bench/30gib-6.bin,924,33554432,362.31,,
0,bench/30gib-6.bin,925,33554432,363.61,,
0,bench/30gib-6.bin,926,33554432,380.50,,
0,bench/30gib-6.bin,927,33554432,342.55,,
0,bench/30gib-6.bin,928,33554432,371.51,,
0,bench/30gib-6.bin,929,33554432,450.89,,
0,bench/30gib-6.bin,930,33554432,448.07,,
0,bench/30gib-6.bin,931,33554432,346.25,,
0,bench/30gib-6.bin,932,33554432,342.53,,
0,bench/30gib-6.bin,933,33554432,463.26,,
0,bench/30gib-6.bin,934,33554432,346.83,,
0,bench/30gib-6.bin,935,33554432,622.39,,
0,bench/30gib-6.bin,936,33554432,370.62,,
0,bench/30gib-6.bin,937,33554432,513.24,,
0,bench/30gib-6.bin,938,33554432,348.79,,
0,bench/30gib-6.bin,939,33554432,346.46,,
0,bench/30gib-6.bin,940,33554432,390.61,,
0,bench/30gib-6.bin,941,33554432,363.22,,
0,bench/30gib-6.bin,942,33554432,455.59,,
0,bench/30gib-6.bin,943,33554432,348.19,,
0,bench/30gib-6.bin,944,33554432,352.72,,
0,bench/30gib-6.bin,945,33554432,344.14,,
0,bench/30gib-6.bin,946,33554432,453.04,,
0,bench/30gib-6.bin,947,33554432,405.28,,
0,bench/30gib-6.bin,948,33554432,344.40,,
0,bench/30gib-6.bin,949,33554432,409.45,,
0,bench/30gib-6.bin,950,33554432,343.26,,
0,bench/30gib-6.bin,951,33554432,367.16,,
0,bench/30gib-6.bin,952,33554432,352.18,,
0,bench/30gib-6.bin,953,33554432,375.31,,
0,bench/30gib-6.bin,954,33554432,434.78,,
0,bench/30gib-6.bin,955,33554432,353.50,,
0,bench/30gib-6.bin,956,33554432,341.24,,
0,bench/30gib-6.bin,957,33554432,361.94,,
0,bench/30gib-6.bin,958,33554432,373.51,,
0,bench/30gib-6.bin,959,33554432,350.05,,
0,bench/30gib-6.bin,960,33554432,347.64,,
0,bench/30gib-7.bin,1,33554432,891.62,,
0,bench/30gib-7.bin,2,33554432,1698.73,,
0,bench/30gib-7.bin,3,33554432,1259.18,,
0,bench/30gib-7.bin,4,33554432,1397.28,,
0,bench/30gib-7.bin,5,33554432,1909.61,,
0,bench/30gib-7.bin,6,33554432,1405.69,,
0,bench/30gib-7.bin,7,33554432,1039.35,,
0,bench/30gib-7.bin,8,33554432,1525.74,,
0,bench/30gib-7.bin,9,33554432,812.54,,
0,bench/30gib-7.bin,10,33554432,2009.63,,
0,bench/30gib-7.bin,11,33554432,1007.14,,
0,bench/30gib-7.bin,12,33554432,1381.11,,
0,bench/30gib-7.bin,13,33554432,1067.94,,
0,bench/30gib-7.bin,14,33554432,1344.58,,
0,bench/30gib-7.bin,15,33554432,1611.84,,
0,bench/30gib-7.bin,16,33554432,1314.67,,
0,bench/30gib-7.bin,17,33554432,620.94,,
0,bench/30gib-7.bin,18,33554432,1395.11,,
0,bench/30gib-7.bin,19,33554432,1230.11,,
0,bench/30gib-7.bin,20,33554432,1421.76,,
0,bench/30gib-7.bin,21,33554432,1316.05,,
0,bench/30gib-7.bin,22,33554432,1257.78,,
0,bench/30gib-7.bin,23,33554432,2011.36,,
0,bench/30gib-7.bin,24,33554432,1455.78,,
0,bench/30gib-7.bin,25,33554432,1475.47,,
0,bench/30gib-7.bin,26,33554432,936.14,,
0,bench/30gib-7.bin,27,33554432,964.50,,
0,bench/30gib-7.bin,28,33554432,1115.39,,
0,bench/30gib-7.bin,29,33554432,635.65,,
0,bench/30gib-7.bin,30,33554432,777.02,,
0,bench/30gib-7.bin,31,33554432,753.81,,
0,bench/30gib-7.bin,32,33554432,814.65,,
0,bench/30gib-7.bin,33,33554432,519.06,,
0,bench/30gib-7.bin,34,33554432,608.14,,
0,bench/30gib-7.bin,35,33554432,538.91,,
0,bench/30gib-7.bin,36,33554432,897.74,,
0,bench/30gib-7.bin,37,33554432,612.11,,
0,bench/30gib-7.bin,38,33554432,554.93,,
0,bench/30gib-7.bin,39,33554432,476.21,,
0,bench/30gib-7.bin,40,33554432,617.50,,
0,bench/30gib-7.bin,41,33554432,708.66,,
0,bench/30gib-7.bin,42,33554432,665.71,,
0,bench/30gib-7.bin,43,33554432,1149.54,,
0,bench/30gib-7.bin,44,33554432,766.25,,
0,bench/30gib-7.bin,45,33554432,599.25,,
0,bench/30gib-7.bin,46,33554432,511.50,,
0,bench/30gib-7.bin,47,33554432,819.91,,
0,bench/30gib-7.bin,48,33554432,489.20,,
0,bench/30gib-7.bin,49,33554432,519.20,,
0,bench/30gib-7.bin,50,33554432,511.00,,
0,bench/30gib-7.bin,51,33554432,446.57,,
0,bench/30gib-7.bin,52,33554432,418.27,,
0,bench/30gib-7.bin,53,33554432,444.10,,
0,bench/30gib-7.bin,54,33554432,503.16,,
0,bench/30gib-7.bin,55,33554432,431.10,,
0,bench/30gib-7.bin,56,33554432,382.72,,
0,bench/30gib-7.bin,57,33554432,444.58,,
0,bench/30gib-7.bin,58,33554432,513.10,,
0,bench/30gib-7.bin,59,33554432,542.24,,
0,bench/30gib-7.bin,60,33554432,594.08,,
0,bench/30gib-7.bin,61,33554432,564.71,,
0,bench/30gib-7.bin,62,33554432,535.26,,
0,bench/30gib-7.bin,63,33554432,494.15,,
0,bench/30gib-7.bin,64,33554432,474.24,,
0,bench/30gib-7.bin,65,33554432,375.27,,
0,bench/30gib-7.bin,66,33554432,465.21,,
0,bench/30gib-7.bin,67,33554432,351.43,,
0,bench/30gib-7.bin,68,33554432,499.15,,
0,bench/30gib-7.bin,69,33554432,563.38,,
0,bench/30gib-7.bin,70,33554432,471.39,,
0,bench/30gib-7.bin,71,33554432,546.64,,
0,bench/30gib-7.bin,72,33554432,558.04,,
0,bench/30gib-7.bin,73,33554432,422.61,,
0,bench/30gib-7.bin,74,33554432,344.31,,
0,bench/30gib-7.bin,75,33554432,371.97,,
0,bench/30gib-7.bin,76,33554432,511.30,,
0,bench/30gib-7.bin,77,33554432,380.73,,
0,bench/30gib-7.bin,78,33554432,557.16,,
0,bench/30gib-7.bin,79,33554432,639.43,,
0,bench/30gib-7.bin,80,33554432,424.11,,
0,bench/30gib-7.bin,81,33554432,513.84,,
0,bench/30gib-7.bin,82,33554432,495.86,,
0,bench/30gib-7.bin,83,33554432,354.68,,
0,bench/30gib-7.bin,84,33554432,640.55,,
0,bench/30gib-7.bin,85,33554432,344.19,,
0,bench/30gib-7.bin,86,33554432,359.22,,
0,bench/30gib-7.bin,87,33554432,509.75,,
0,bench/30gib-7.bin,88,33554432,349.77,,
0,bench/30gib-7.bin,89,33554432,492.33,,
0,bench/30gib-7.bin,90,33554432,416.62,,
0,bench/30gib-7.bin,91,33554432,347.91,,
0,bench/30gib-7.bin,92,33554432,378.70,,
0,bench/30gib-7.bin,93,33554432,502.59,,
0,bench/30gib-7.bin,94,33554432,461.94,,
0,bench/30gib-7.bin,95,33554432,370.35,,
0,bench/30gib-7.bin,96,33554432,410.71,,
0,bench/30gib-7.bin,97,33554432,594.70,,
0,bench/30gib-7.bin,98,33554432,378.61,,
0,bench/30gib-7.bin,99,33554432,349.16,,
0,bench/30gib-7.bin,100,33554432,346.14,,
0,bench/30gib-7.bin,101,33554432,518.58,,
0,bench/30gib-7.bin,102,33554432,368.07,,
0,bench/30gib-7.bin,103,33554432,465.39,,
0,bench/30gib-7.bin,104,33554432,464.80,,
0,bench/30gib-7.bin,105,33554432,416.12,,
0,bench/30gib-7.bin,106,33554432,388.86,,
0,bench/30gib-7.bin,107,33554432,379.53,,
0,bench/30gib-7.bin,108,33554432,545.03,,
0,bench/30gib-7.bin,109,33554432,618.76,,
0,bench/30gib-7.bin,110,33554432,492.82,,
0,bench/30gib-7.bin,111,33554432,391.50,,
0,bench/30gib-7.bin,112,33554432,342.39,,
0,bench/30gib-7.bin,113,33554432,414.01,,
0,bench/30gib-7.bin,114,33554432,408.56,,
0,bench/30gib-7.bin,115,33554432,345.51,,
0,bench/30gib-7.bin,116,33554432,342.50,,
0,bench/30gib-7.bin,117,33554432,418.57,,
0,bench/30gib-7.bin,118,33554432,458.59,,
0,bench/30gib-7.bin,119,33554432,524.83,,
0,bench/30gib-7.bin,120,33554432,470.36,,
0,bench/30gib-7.bin,121,33554432,548.50,,
0,bench/30gib-7.bin,122,33554432,437.64,,
0,bench/30gib-7.bin,123,33554432,411.89,,
0,bench/30gib-7.bin,124,33554432,345.19,,
0,bench/30gib-7.bin,125,33554432,460.31,,
0,bench/30gib-7.bin,126,33554432,343.19,,
0,bench/30gib-7.bin,127,33554432,624.15,,
0,bench/30gib-7.bin,128,33554432,424.37,,
0,bench/30gib-7.bin,129,33554432,344.69,,
0,bench/30gib-7.bin,130,33554432,368.36,,
0,bench/30gib-7.bin,131,33554432,342.06,,
0,bench/30gib-7.bin,132,33554432,694.91,,
0,bench/30gib-7.bin,133,33554432,404.39,,
0,bench/30gib-7.bin,134,33554432,440.27,,
0,bench/30gib-7.bin,135,33554432,403.29,,
0,bench/30gib-7.bin,136,33554432,481.54,,
0,bench/30gib-7.bin,137,33554432,558.28,,
0,bench/30gib-7.bin,138,33554432,362.30,,
0,bench/30gib-7.bin,139,33554432,527.03,,
0,bench/30gib-7.bin,140,33554432,342.76,,
0,bench/30gib-7.bin,141,33554432,363.54,,
0,bench/30gib-7.bin,142,33554432,400.52,,
0,bench/30gib-7.bin,143,33554432,346.87,,
0,bench/30gib-7.bin,144,33554432,345.70,,
0,bench/30gib-7.bin,145,33554432,343.16,,
0,bench/30gib-7.bin,146,33554432,350.32,,
0,bench/30gib-7.bin,147,33554432,364.50,,
0,bench/30gib-7.bin,148,33554432,346.04,,
0,bench/30gib-7.bin,149,33554432,346.67,,
0,bench/30gib-7.bin,150,33554432,446.98,,
0,bench/30gib-7.bin,151,33554432,452.28,,
0,bench/30gib-7.bin,152,33554432,471.62,,
0,bench/30gib-7.bin,153,33554432,345.84,,
0,bench/30gib-7.bin,154,33554432,550.17,,
0,bench/30gib-7.bin,155,33554432,422.12,,
0,bench/30gib-7.bin,156,33554432,346.60,,
0,bench/30gib-7.bin,157,33554432,368.42,,
0,bench/30gib-7.bin,158,33554432,515.42,,
0,bench/30gib-7.bin,159,33554432,461.55,,
0,bench/30gib-7.bin,160,33554432,341.47,,
0,bench/30gib-7.bin,161,33554432,411.17,,
0,bench/30gib-7.bin,162,33554432,555.47,,
0,bench/30gib-7.bin,163,33554432,341.56,,
0,bench/30gib-7.bin,164,33554432,461.39,,
0,bench/30gib-7.bin,165,33554432,403.18,,
0,bench/30gib-7.bin,166,33554432,432.04,,
0,bench/30gib-7.bin,167,33554432,344.04,,
0,bench/30gib-7.bin,168,33554432,404.61,,
0,bench/30gib-7.bin,169,33554432,380.88,,
0,bench/30gib-7.bin,170,33554432,575.99,,
0,bench/30gib-7.bin,171,33554432,497.17,,
0,bench/30gib-7.bin,172,33554432,343.16,,
0,bench/30gib-7.bin,173,33554432,447.40,,
0,bench/30gib-7.bin,174,33554432,343.09,,
0,bench/30gib-7.bin,175,33554432,346.46,,
0,bench/30gib-7.bin,176,33554432,391.85,,
0,bench/30gib-7.bin,177,33554432,399.93,,
0,bench/30gib-7.bin,178,33554432,342.59,,
0,bench/30gib-7.bin,179,33554432,402.51,,
0,bench/30gib-7.bin,180,33554432,439.19,,
0,bench/30gib-7.bin,181,33554432,348.78,,
0,bench/30gib-7.bin,182,33554432,454.21,,
0,bench/30gib-7.bin,183,33554432,411.38,,
0,bench/30gib-7.bin,184,33554432,503.39,,
0,bench/30gib-7.bin,185,33554432,351.65,,
0,bench/30gib-7.bin,186,33554432,400.50,,
0,bench/30gib-7.bin,187,33554432,453.81,,
0,bench/30gib-7.bin,188,33554432,491.30,,
0,bench/30gib-7.bin,189,33554432,420.12,,
0,bench/30gib-7.bin,190,33554432,369.72,,
0,bench/30gib-7.bin,191,33554432,408.79,,
0,bench/30gib-7.bin,192,33554432,451.46,,
0,bench/30gib-7.bin,193,33554432,444.56,,
0,bench/30gib-7.bin,194,33554432,355.38,,
0,bench/30gib-7.bin,195,33554432,531.22,,
0,bench/30gib-7.bin,196,33554432,441.30,,
0,bench/30gib-7.bin,197,33554432,479.18,,
0,bench/30gib-7.bin,198,33554432,358.44,,
0,bench/30gib-7.bin,199,33554432,339.77,,
0,bench/30gib-7.bin,200,33554432,422.32,,
0,bench/30gib-7.bin,201,33554432,664.48,,
0,bench/30gib-7.bin,202,33554432,528.17,,
0,bench/30gib-7.bin,203,33554432,458.32,,
0,bench/30gib-7.bin,204,33554432,342.57,,
0,bench/30gib-7.bin,205,33554432,570.85,,
0,bench/30gib-7.bin,206,33554432,757.63,,
0,bench/30gib-7.bin,207,33554432,420.39,,
0,bench/30gib-7.bin,208,33554432,353.05,,
0,bench/30gib-7.bin,209,33554432,372.66,,
0,bench/30gib-7.bin,210,33554432,400.30,,
0,bench/30gib-7.bin,211,33554432,616.34,,
0,bench/30gib-7.bin,212,33554432,341.01,,
0,bench/30gib-7.bin,213,33554432,497.01,,
0,bench/30gib-7.bin,214,33554432,346.32,,
0,bench/30gib-7.bin,215,33554432,344.48,,
0,bench/30gib-7.bin,216,33554432,463.17,,
0,bench/30gib-7.bin,217,33554432,570.92,,
0,bench/30gib-7.bin,218,33554432,394.15,,
0,bench/30gib-7.bin,219,33554432,530.74,,
0,bench/30gib-7.bin,220,33554432,456.74,,
0,bench/30gib-7.bin,221,33554432,391.31,,
0,bench/30gib-7.bin,222,33554432,342.05,,
0,bench/30gib-7.bin,223,33554432,348.96,,
0,bench/30gib-7.bin,224,33554432,453.98,,
0,bench/30gib-7.bin,225,33554432,355.04,,
0,bench/30gib-7.bin,226,33554432,384.10,,
0,bench/30gib-7.bin,227,33554432,583.68,,
0,bench/30gib-7.bin,228,33554432,489.97,,
0,bench/30gib-7.bin,229,33554432,399.03,,
0,bench/30gib-7.bin,230,33554432,501.22,,
0,bench/30gib-7.bin,231,33554432,346.22,,
0,bench/30gib-7.bin,232,33554432,342.08,,
0,bench/30gib-7.bin,233,33554432,416.45,,
0,bench/30gib-7.bin,234,33554432,454.21,,
0,bench/30gib-7.bin,235,33554432,347.20,,
0,bench/30gib-7.bin,236,33554432,538.85,,
0,bench/30gib-7.bin,237,33554432,387.00,,
0,bench/30gib-7.bin,238,33554432,361.63,,
0,bench/30gib-7.bin,239,33554432,379.82,,
0,bench/30gib-7.bin,240,33554432,340.90,,
0,bench/30gib-7.bin,241,33554432,464.70,,
0,bench/30gib-7.bin,242,33554432,348.95,,
0,bench/30gib-7.bin,243,33554432,407.15,,
0,bench/30gib-7.bin,244,33554432,613.75,,
0,bench/30gib-7.bin,245,33554432,358.93,,
0,bench/30gib-7.bin,246,33554432,352.05,,
0,bench/30gib-7.bin,247,33554432,527.39,,
0,bench/30gib-7.bin,248,33554432,448.17,,
0,bench/30gib-7.bin,249,33554432,597.85,,
0,bench/30gib-7.bin,250,33554432,344.82,,
0,bench/30gib-7.bin,251,33554432,485.57,,
0,bench/30gib-7.bin,252,33554432,359.47,,
0,bench/30gib-7.bin,253,33554432,356.03,,
0,bench/30gib-7.bin,254,33554432,387.88,,
0,bench/30gib-7.bin,255,33554432,512.75,,
0,bench/30gib-7.bin,256,33554432,394.86,,
0,bench/30gib-7.bin,257,33554432,491.56,,
0,bench/30gib-7.bin,258,33554432,429.57,,
0,bench/30gib-7.bin,259,33554432,351.40,,
0,bench/30gib-7.bin,260,33554432,353.22,,
0,bench/30gib-7.bin,261,33554432,342.46,,
0,bench/30gib-7.bin,262,33554432,393.29,,
0,bench/30gib-7.bin,263,33554432,368.86,,
0,bench/30gib-7.bin,264,33554432,361.35,,
0,bench/30gib-7.bin,265,33554432,448.64,,
0,bench/30gib-7.bin,266,33554432,460.54,,
0,bench/30gib-7.bin,267,33554432,437.46,,
0,bench/30gib-7.bin,268,33554432,348.82,,
0,bench/30gib-7.bin,269,33554432,471.26,,
0,bench/30gib-7.bin,270,33554432,431.59,,
0,bench/30gib-7.bin,271,33554432,658.95,,
0,bench/30gib-7.bin,272,33554432,458.64,,
0,bench/30gib-7.bin,273,33554432,634.94,,
0,bench/30gib-7.bin,274,33554432,342.41,,
0,bench/30gib-7.bin,275,33554432,481.93,,
0,bench/30gib-7.bin,276,33554432,342.37,,
0,bench/30gib-7.bin,277,33554432,357.30,,
0,bench/30gib-7.bin,278,33554432,415.17,,
0,bench/30gib-7.bin,279,33554432,345.72,,
0,bench/30gib-7.bin,280,33554432,340.75,,
0,bench/30gib-7.bin,281,33554432,340.01,,
0,bench/30gib-7.bin,282,33554432,625.43,,
0,bench/30gib-7.bin,283,33554432,376.17,,
0,bench/30gib-7.bin,284,33554432,484.86,,
0,bench/30gib-7.bin,285,33554432,341.66,,
0,bench/30gib-7.bin,286,33554432,341.00,,
0,bench/30gib-7.bin,287,33554432,406.00,,
0,bench/30gib-7.bin,288,33554432,582.73,,
0,bench/30gib-7.bin,289,33554432,401.61,,
0,bench/30gib-7.bin,290,33554432,356.21,,
0,bench/30gib-7.bin,291,33554432,509.79,,
0,bench/30gib-7.bin,292,33554432,341.00,,
0,bench/30gib-7.bin,293,33554432,512.11,,
0,bench/30gib-7.bin,294,33554432,453.19,,
0,bench/30gib-7.bin,295,33554432,587.55,,
0,bench/30gib-7.bin,296,33554432,485.75,,
0,bench/30gib-7.bin,297,33554432,619.97,,
0,bench/30gib-7.bin,298,33554432,371.35,,
0,bench/30gib-7.bin,299,33554432,365.53,,
0,bench/30gib-7.bin,300,33554432,350.36,,
0,bench/30gib-7.bin,301,33554432,341.27,,
0,bench/30gib-7.bin,302,33554432,372.96,,
0,bench/30gib-7.bin,303,33554432,534.93,,
0,bench/30gib-7.bin,304,33554432,392.54,,
0,bench/30gib-7.bin,305,33554432,365.83,,
0,bench/30gib-7.bin,306,33554432,343.03,,
0,bench/30gib-7.bin,307,33554432,462.03,,
0,bench/30gib-7.bin,308,33554432,343.26,,
0,bench/30gib-7.bin,309,33554432,496.22,,
0,bench/30gib-7.bin,310,33554432,344.84,,
0,bench/30gib-7.bin,311,33554432,394.91,,
0,bench/30gib-7.bin,312,33554432,344.71,,
0,bench/30gib-7.bin,313,33554432,454.06,,
0,bench/30gib-7.bin,314,33554432,399.61,,
0,bench/30gib-7.bin,315,33554432,673.67,,
0,bench/30gib-7.bin,316,33554432,481.49,,
0,bench/30gib-7.bin,317,33554432,344.17,,
0,bench/30gib-7.bin,318,33554432,359.41,,
0,bench/30gib-7.bin,319,33554432,496.51,,
0,bench/30gib-7.bin,320,33554432,577.11,,
0,bench/30gib-7.bin,321,33554432,420.32,,
0,bench/30gib-7.bin,322,33554432,351.02,,
0,bench/30gib-7.bin,323,33554432,384.96,,
0,bench/30gib-7.bin,324,33554432,422.43,,
0,bench/30gib-7.bin,325,33554432,344.17,,
0,bench/30gib-7.bin,326,33554432,353.22,,
0,bench/30gib-7.bin,327,33554432,527.64,,
0,bench/30gib-7.bin,328,33554432,538.40,,
0,bench/30gib-7.bin,329,33554432,477.34,,
0,bench/30gib-7.bin,330,33554432,570.55,,
0,bench/30gib-7.bin,331,33554432,370.19,,
0,bench/30gib-7.bin,332,33554432,558.84,,
0,bench/30gib-7.bin,333,33554432,385.83,,
0,bench/30gib-7.bin,334,33554432,494.28,,
0,bench/30gib-7.bin,335,33554432,349.46,,
0,bench/30gib-7.bin,336,33554432,342.30,,
0,bench/30gib-7.bin,337,33554432,478.31,,
0,bench/30gib-7.bin,338,33554432,345.69,,
0,bench/30gib-7.bin,339,33554432,349.89,,
0,bench/30gib-7.bin,340,33554432,383.93,,
0,bench/30gib-7.bin,341,33554432,632.90,,
0,bench/30gib-7.bin,342,33554432,384.60,,
0,bench/30gib-7.bin,343,33554432,465.35,,
0,bench/30gib-7.bin,344,33554432,359.46,,
0,bench/30gib-7.bin,345,33554432,534.07,,
0,bench/30gib-7.bin,346,33554432,602.19,,
0,bench/30gib-7.bin,347,33554432,344.12,,
0,bench/30gib-7.bin,348,33554432,444.43,,
0,bench/30gib-7.bin,349,33554432,706.67,,
0,bench/30gib-7.bin,350,33554432,352.33,,
0,bench/30gib-7.bin,351,33554432,353.78,,
0,bench/30gib-7.bin,352,33554432,399.32,,
0,bench/30gib-7.bin,353,33554432,346.87,,
0,bench/30gib-7.bin,354,33554432,341.80,,
0,bench/30gib-7.bin,355,33554432,342.95,,
0,bench/30gib-7.bin,356,33554432,437.11,,
0,bench/30gib-7.bin,357,33554432,497.02,,
0,bench/30gib-7.bin,358,33554432,676.01,,
0,bench/30gib-7.bin,359,33554432,467.74,,
0,bench/30gib-7.bin,360,33554432,362.48,,
0,bench/30gib-7.bin,361,33554432,381.64,,
0,bench/30gib-7.bin,362,33554432,385.75,,
0,bench/30gib-7.bin,363,33554432,463.35,,
0,bench/30gib-7.bin,364,33554432,412.00,,
0,bench/30gib-7.bin,365,33554432,427.73,,
0,bench/30gib-7.bin,366,33554432,393.51,,
0,bench/30gib-7.bin,367,33554432,405.68,,
0,bench/30gib-7.bin,368,33554432,356.67,,
0,bench/30gib-7.bin,369,33554432,384.83,,
0,bench/30gib-7.bin,370,33554432,344.94,,
0,bench/30gib-7.bin,371,33554432,398.40,,
0,bench/30gib-7.bin,372,33554432,406.36,,
0,bench/30gib-7.bin,373,33554432,340.37,,
0,bench/30gib-7.bin,374,33554432,403.64,,
0,bench/30gib-7.bin,375,33554432,341.65,,
0,bench/30gib-7.bin,376,33554432,374.34,,
0,bench/30gib-7.bin,377,33554432,397.35,,
0,bench/30gib-7.bin,378,33554432,366.80,,
0,bench/30gib-7.bin,379,33554432,343.66,,
0,bench/30gib-7.bin,380,33554432,378.63,,
0,bench/30gib-7.bin,381,33554432,393.40,,
0,bench/30gib-7.bin,382,33554432,388.95,,
0,bench/30gib-7.bin,383,33554432,349.87,,
0,bench/30gib-7.bin,384,33554432,363.53,,
0,bench/30gib-7.bin,385,33554432,344.56,,
0,bench/30gib-7.bin,386,33554432,345.59,,
0,bench/30gib-7.bin,387,33554432,351.83,,
0,bench/30gib-7.bin,388,33554432,551.14,,
0,bench/30gib-7.bin,389,33554432,344.30,,
0,bench/30gib-7.bin,390,33554432,343.76,,
0,bench/30gib-7.bin,391,33554432,480.25,,
0,bench/30gib-7.bin,392,33554432,341.64,,
0,bench/30gib-7.bin,393,33554432,451.30,,
0,bench/30gib-7.bin,394,33554432,369.13,,
0,bench/30gib-7.bin,395,33554432,345.46,,
0,bench/30gib-7.bin,396,33554432,343.95,,
0,bench/30gib-7.bin,397,33554432,341.31,,
0,bench/30gib-7.bin,398,33554432,575.61,,
0,bench/30gib-7.bin,399,33554432,650.62,,
0,bench/30gib-7.bin,400,33554432,464.70,,
0,bench/30gib-7.bin,401,33554432,345.81,,
0,bench/30gib-7.bin,402,33554432,368.06,,
0,bench/30gib-7.bin,403,33554432,403.59,,
0,bench/30gib-7.bin,404,33554432,343.90,,
0,bench/30gib-7.bin,405,33554432,404.76,,
0,bench/30gib-7.bin,406,33554432,448.95,,
0,bench/30gib-7.bin,407,33554432,343.25,,
0,bench/30gib-7.bin,408,33554432,362.12,,
0,bench/30gib-7.bin,409,33554432,412.78,,
0,bench/30gib-7.bin,410,33554432,442.61,,
0,bench/30gib-7.bin,411,33554432,418.38,,
0,bench/30gib-7.bin,412,33554432,368.20,,
0,bench/30gib-7.bin,413,33554432,454.95,,
0,bench/30gib-7.bin,414,33554432,356.43,,
0,bench/30gib-7.bin,415,33554432,361.86,,
0,bench/30gib-7.bin,416,33554432,449.88,,
0,bench/30gib-7.bin,417,33554432,341.24,,
0,bench/30gib-7.bin,418,33554432,422.77,,
0,bench/30gib-7.bin,419,33554432,497.47,,
0,bench/30gib-7.bin,420,33554432,469.46,,
0,bench/30gib-7.bin,421,33554432,359.73,,
0,bench/30gib-7.bin,422,33554432,584.95,,
0,bench/30gib-7.bin,423,33554432,408.35,,
0,bench/30gib-7.bin,424,33554432,374.43,,
0,bench/30gib-7.bin,425,33554432,345.49,,
0,bench/30gib-7.bin,426,33554432,376.72,,
0,bench/30gib-7.bin,427,33554432,351.12,,
0,bench/30gib-7.bin,428,33554432,433.30,,
0,bench/30gib-7.bin,429,33554432,428.22,,
0,bench/30gib-7.bin,430,33554432,417.59,,
0,bench/30gib-7.bin,431,33554432,487.05,,
0,bench/30gib-7.bin,432,33554432,631.09,,
0,bench/30gib-7.bin,433,33554432,398.01,,
0,bench/30gib-7.bin,434,33554432,438.59,,
0,bench/30gib-7.bin,435,33554432,348.59,,
0,bench/30gib-7.bin,436,33554432,359.29,,
0,bench/30gib-7.bin,437,33554432,371.82,,
0,bench/30gib-7.bin,438,33554432,346.34,,
0,bench/30gib-7.bin,439,33554432,403.59,,
0,bench/30gib-7.bin,440,33554432,345.27,,
0,bench/30gib-7.bin,441,33554432,384.03,,
0,bench/30gib-7.bin,442,33554432,396.70,,
0,bench/30gib-7.bin,443,33554432,434.97,,
0,bench/30gib-7.bin,444,33554432,429.19,,
0,bench/30gib-7.bin,445,33554432,379.39,,
0,bench/30gib-7.bin,446,33554432,422.51,,
0,bench/30gib-7.bin,447,33554432,354.89,,
0,bench/30gib-7.bin,448,33554432,387.09,,
0,bench/30gib-7.bin,449,33554432,344.01,,
0,bench/30gib-7.bin,450,33554432,343.85,,
0,bench/30gib-7.bin,451,33554432,643.88,,
0,bench/30gib-7.bin,452,33554432,431.35,,
0,bench/30gib-7.bin,453,33554432,535.55,,
0,bench/30gib-7.bin,454,33554432,377.67,,
0,bench/30gib-7.bin,455,33554432,452.97,,
0,bench/30gib-7.bin,456,33554432,416.48,,
0,bench/30gib-7.bin,457,33554432,357.10,,
0,bench/30gib-7.bin,458,33554432,474.04,,
0,bench/30gib-7.bin,459,33554432,441.83,,
0,bench/30gib-7.bin,460,33554432,354.81,,
0,bench/30gib-7.bin,461,33554432,376.64,,
0,bench/30gib-7.bin,462,33554432,593.44,,
0,bench/30gib-7.bin,463,33554432,340.35,,
0,bench/30gib-7.bin,464,33554432,455.10,,
0,bench/30gib-7.bin,465,33554432,393.52,,
0,bench/30gib-7.bin,466,33554432,342.47,,
0,bench/30gib-7.bin,467,33554432,372.08,,
0,bench/30gib-7.bin,468,33554432,345.99,,
0,bench/30gib-7.bin,469,33554432,442.17,,
0,bench/30gib-7.bin,470,33554432,625.94,,
0,bench/30gib-7.bin,471,33554432,546.64,,
0,bench/30gib-7.bin,472,33554432,427.97,,
0,bench/30gib-7.bin,473,33554432,386.97,,
0,bench/30gib-7.bin,474,33554432,356.27,,
0,bench/30gib-7.bin,475,33554432,373.10,,
0,bench/30gib-7.bin,476,33554432,398.24,,
0,bench/30gib-7.bin,477,33554432,356.55,,
0,bench/30gib-7.bin,478,33554432,396.32,,
0,bench/30gib-7.bin,479,33554432,349.42,,
0,bench/30gib-7.bin,480,33554432,386.93,,
0,bench/30gib-7.bin,481,33554432,377.73,,
0,bench/30gib-7.bin,482,33554432,415.56,,
0,bench/30gib-7.bin,483,33554432,470.28,,
0,bench/30gib-7.bin,484,33554432,534.01,,
0,bench/30gib-7.bin,485,33554432,343.92,,
0,bench/30gib-7.bin,486,33554432,569.98,,
0,bench/30gib-7.bin,487,33554432,398.96,,
0,bench/30gib-7.bin,488,33554432,341.83,,
0,bench/30gib-7.bin,489,33554432,346.98,,
0,bench/30gib-7.bin,490,33554432,393.31,,
0,bench/30gib-7.bin,491,33554432,346.30,,
0,bench/30gib-7.bin,492,33554432,525.74,,
0,bench/30gib-7.bin,493,33554432,433.62,,
0,bench/30gib-7.bin,494,33554432,407.79,,
0,bench/30gib-7.bin,495,33554432,479.66,,
0,bench/30gib-7.bin,496,33554432,346.45,,
0,bench/30gib-7.bin,497,33554432,417.54,,
0,bench/30gib-7.bin,498,33554432,358.92,,
0,bench/30gib-7.bin,499,33554432,513.39,,
0,bench/30gib-7.bin,500,33554432,394.09,,
0,bench/30gib-7.bin,501,33554432,342.58,,
0,bench/30gib-7.bin,502,33554432,452.55,,
0,bench/30gib-7.bin,503,33554432,371.16,,
0,bench/30gib-7.bin,504,33554432,348.97,,
0,bench/30gib-7.bin,505,33554432,393.95,,
0,bench/30gib-7.bin,506,33554432,374.37,,
0,bench/30gib-7.bin,507,33554432,350.20,,
0,bench/30gib-7.bin,508,33554432,358.08,,
0,bench/30gib-7.bin,509,33554432,363.18,,
0,bench/30gib-7.bin,510,33554432,432.55,,
0,bench/30gib-7.bin,511,33554432,350.62,,
0,bench/30gib-7.bin,512,33554432,492.16,,
0,bench/30gib-7.bin,513,33554432,358.94,,
0,bench/30gib-7.bin,514,33554432,345.21,,
0,bench/30gib-7.bin,515,33554432,413.57,,
0,bench/30gib-7.bin,516,33554432,346.14,,
0,bench/30gib-7.bin,517,33554432,370.68,,
0,bench/30gib-7.bin,518,33554432,385.30,,
0,bench/30gib-7.bin,519,33554432,574.07,,
0,bench/30gib-7.bin,520,33554432,344.68,,
0,bench/30gib-7.bin,521,33554432,461.37,,
0,bench/30gib-7.bin,522,33554432,356.44,,
0,bench/30gib-7.bin,523,33554432,439.50,,
0,bench/30gib-7.bin,524,33554432,606.95,,
0,bench/30gib-7.bin,525,33554432,375.40,,
0,bench/30gib-7.bin,526,33554432,417.78,,
0,bench/30gib-7.bin,527,33554432,456.80,,
0,bench/30gib-7.bin,528,33554432,441.64,,
0,bench/30gib-7.bin,529,33554432,388.76,,
0,bench/30gib-7.bin,530,33554432,341.47,,
0,bench/30gib-7.bin,531,33554432,467.93,,
0,bench/30gib-7.bin,532,33554432,342.92,,
0,bench/30gib-7.bin,533,33554432,379.56,,
0,bench/30gib-7.bin,534,33554432,342.34,,
0,bench/30gib-7.bin,535,33554432,733.00,,
0,bench/30gib-7.bin,536,33554432,462.53,,
0,bench/30gib-7.bin,537,33554432,496.32,,
0,bench/30gib-7.bin,538,33554432,347.04,,
0,bench/30gib-7.bin,539,33554432,515.28,,
0,bench/30gib-7.bin,540,33554432,374.76,,
0,bench/30gib-7.bin,541,33554432,364.57,,
0,bench/30gib-7.bin,542,33554432,456.00,,
0,bench/30gib-7.bin,543,33554432,445.85,,
0,bench/30gib-7.bin,544,33554432,468.10,,
0,bench/30gib-7.bin,545,33554432,424.80,,
0,bench/30gib-7.bin,546,33554432,543.25,,
0,bench/30gib-7.bin,547,33554432,346.97,,
0,bench/30gib-7.bin,548,33554432,342.22,,
0,bench/30gib-7.bin,549,33554432,405.63,,
0,bench/30gib-7.bin,550,33554432,361.46,,
0,bench/30gib-7.bin,551,33554432,341.12,,
0,bench/30gib-7.bin,552,33554432,413.79,,
0,bench/30gib-7.bin,553,33554432,356.63,,
0,bench/30gib-7.bin,554,33554432,363.20,,
0,bench/30gib-7.bin,555,33554432,418.79,,
0,bench/30gib-7.bin,556,33554432,405.07,,
0,bench/30gib-7.bin,557,33554432,757.19,,
0,bench/30gib-7.bin,558,33554432,349.34,,
0,bench/30gib-7.bin,559,33554432,394.58,,
0,bench/30gib-7.bin,560,33554432,340.21,,
0,bench/30gib-7.bin,561,33554432,383.13,,
0,bench/30gib-7.bin,562,33554432,428.32,,
0,bench/30gib-7.bin,563,33554432,364.01,,
0,bench/30gib-7.bin,564,33554432,577.90,,
0,bench/30gib-7.bin,565,33554432,350.52,,
0,bench/30gib-7.bin,566,33554432,346.87,,
0,bench/30gib-7.bin,567,33554432,352.48,,
0,bench/30gib-7.bin,568,33554432,354.73,,
0,bench/30gib-7.bin,569,33554432,340.95,,
0,bench/30gib-7.bin,570,33554432,447.67,,
0,bench/30gib-7.bin,571,33554432,407.58,,
0,bench/30gib-7.bin,572,33554432,375.97,,
0,bench/30gib-7.bin,573,33554432,364.16,,
0,bench/30gib-7.bin,574,33554432,410.64,,
0,bench/30gib-7.bin,575,33554432,470.68,,
0,bench/30gib-7.bin,576,33554432,430.11,,
0,bench/30gib-7.bin,577,33554432,545.26,,
0,bench/30gib-7.bin,578,33554432,347.64,,
0,bench/30gib-7.bin,579,33554432,359.20,,
0,bench/30gib-7.bin,580,33554432,434.77,,
0,bench/30gib-7.bin,581,33554432,376.33,,
0,bench/30gib-7.bin,582,33554432,411.50,,
0,bench/30gib-7.bin,583,33554432,391.85,,
0,bench/30gib-7.bin,584,33554432,348.03,,
0,bench/30gib-7.bin,585,33554432,347.63,,
0,bench/30gib-7.bin,586,33554432,355.16,,
0,bench/30gib-7.bin,587,33554432,356.31,,
0,bench/30gib-7.bin,588,33554432,389.35,,
0,bench/30gib-7.bin,589,33554432,526.40,,
0,bench/30gib-7.bin,590,33554432,432.27,,
0,bench/30gib-7.bin,591,33554432,373.16,,
0,bench/30gib-7.bin,592,33554432,379.06,,
0,bench/30gib-7.bin,593,33554432,375.20,,
0,bench/30gib-7.bin,594,33554432,472.05,,
0,bench/30gib-7.bin,595,33554432,345.09,,
0,bench/30gib-7.bin,596,33554432,486.74,,
0,bench/30gib-7.bin,597,33554432,459.65,,
0,bench/30gib-7.bin,598,33554432,508.96,,
0,bench/30gib-7.bin,599,33554432,458.70,,
0,bench/30gib-7.bin,600,33554432,367.72,,
0,bench/30gib-7.bin,601,33554432,525.34,,
0,bench/30gib-7.bin,602,33554432,354.14,,
0,bench/30gib-7.bin,603,33554432,343.44,,
0,bench/30gib-7.bin,604,33554432,430.92,,
0,bench/30gib-7.bin,605,33554432,353.25,,
0,bench/30gib-7.bin,606,33554432,433.44,,
0,bench/30gib-7.bin,607,33554432,342.39,,
0,bench/30gib-7.bin,608,33554432,561.09,,
0,bench/30gib-7.bin,609,33554432,341.96,,
0,bench/30gib-7.bin,610,33554432,353.91,,
0,bench/30gib-7.bin,611,33554432,426.96,,
0,bench/30gib-7.bin,612,33554432,487.38,,
0,bench/30gib-7.bin,613,33554432,345.83,,
0,bench/30gib-7.bin,614,33554432,351.32,,
0,bench/30gib-7.bin,615,33554432,372.66,,
0,bench/30gib-7.bin,616,33554432,343.52,,
0,bench/30gib-7.bin,617,33554432,423.51,,
0,bench/30gib-7.bin,618,33554432,406.56,,
0,bench/30gib-7.bin,619,33554432,476.27,,
0,bench/30gib-7.bin,620,33554432,349.39,,
0,bench/30gib-7.bin,621,33554432,415.38,,
0,bench/30gib-7.bin,622,33554432,369.46,,
0,bench/30gib-7.bin,623,33554432,422.57,,
0,bench/30gib-7.bin,624,33554432,427.29,,
0,bench/30gib-7.bin,625,33554432,342.08,,
0,bench/30gib-7.bin,626,33554432,343.52,,
0,bench/30gib-7.bin,627,33554432,346.45,,
0,bench/30gib-7.bin,628,33554432,528.56,,
0,bench/30gib-7.bin,629,33554432,343.33,,
0,bench/30gib-7.bin,630,33554432,396.50,,
0,bench/30gib-7.bin,631,33554432,353.56,,
0,bench/30gib-7.bin,632,33554432,445.54,,
0,bench/30gib-7.bin,633,33554432,344.50,,
0,bench/30gib-7.bin,634,33554432,363.46,,
0,bench/30gib-7.bin,635,33554432,352.65,,
0,bench/30gib-7.bin,636,33554432,353.76,,
0,bench/30gib-7.bin,637,33554432,340.95,,
0,bench/30gib-7.bin,638,33554432,402.01,,
0,bench/30gib-7.bin,639,33554432,354.34,,
0,bench/30gib-7.bin,640,33554432,386.49,,
0,bench/30gib-7.bin,641,33554432,407.77,,
0,bench/30gib-7.bin,642,33554432,489.64,,
0,bench/30gib-7.bin,643,33554432,407.56,,
0,bench/30gib-7.bin,644,33554432,374.48,,
0,bench/30gib-7.bin,645,33554432,393.12,,
0,bench/30gib-7.bin,646,33554432,538.20,,
0,bench/30gib-7.bin,647,33554432,487.40,,
0,bench/30gib-7.bin,648,33554432,356.84,,
0,bench/30gib-7.bin,649,33554432,370.70,,
0,bench/30gib-7.bin,650,33554432,440.80,,
0,bench/30gib-7.bin,651,33554432,362.65,,
0,bench/30gib-7.bin,652,33554432,452.88,,
0,bench/30gib-7.bin,653,33554432,348.52,,
0,bench/30gib-7.bin,654,33554432,598.02,,
0,bench/30gib-7.bin,655,33554432,340.65,,
0,bench/30gib-7.bin,656,33554432,449.47,,
0,bench/30gib-7.bin,657,33554432,430.14,,
0,bench/30gib-7.bin,658,33554432,419.45,,
0,bench/30gib-7.bin,659,33554432,462.55,,
0,bench/30gib-7.bin,660,33554432,434.20,,
0,bench/30gib-7.bin,661,33554432,441.71,,
0,bench/30gib-7.bin,662,33554432,428.87,,
0,bench/30gib-7.bin,663,33554432,342.91,,
0,bench/30gib-7.bin,664,33554432,344.46,,
0,bench/30gib-7.bin,665,33554432,486.69,,
0,bench/30gib-7.bin,666,33554432,355.77,,
0,bench/30gib-7.bin,667,33554432,341.48,,
0,bench/30gib-7.bin,668,33554432,343.25,,
0,bench/30gib-7.bin,669,33554432,344.18,,
0,bench/30gib-7.bin,670,33554432,359.79,,
0,bench/30gib-7.bin,671,33554432,737.93,,
0,bench/30gib-7.bin,672,33554432,436.95,,
0,bench/30gib-7.bin,673,33554432,401.04,,
0,bench/30gib-7.bin,674,33554432,411.28,,
0,bench/30gib-7.bin,675,33554432,389.34,,
0,bench/30gib-7.bin,676,33554432,406.60,,
0,bench/30gib-7.bin,677,33554432,700.97,,
0,bench/30gib-7.bin,678,33554432,394.07,,
0,bench/30gib-7.bin,679,33554432,390.00,,
0,bench/30gib-7.bin,680,33554432,518.95,,
0,bench/30gib-7.bin,681,33554432,464.64,,
0,bench/30gib-7.bin,682,33554432,384.36,,
0,bench/30gib-7.bin,683,33554432,382.11,,
0,bench/30gib-7.bin,684,33554432,512.37,,
0,bench/30gib-7.bin,685,33554432,472.82,,
0,bench/30gib-7.bin,686,33554432,451.81,,
0,bench/30gib-7.bin,687,33554432,425.52,,
0,bench/30gib-7.bin,688,33554432,356.78,,
0,bench/30gib-7.bin,689,33554432,462.47,,
0,bench/30gib-7.bin,690,33554432,343.10,,
0,bench/30gib-7.bin,691,33554432,346.64,,
0,bench/30gib-7.bin,692,33554432,357.35,,
0,bench/30gib-7.bin,693,33554432,476.40,,
0,bench/30gib-7.bin,694,33554432,545.79,,
0,bench/30gib-7.bin,695,33554432,345.33,,
0,bench/30gib-7.bin,696,33554432,345.01,,
0,bench/30gib-7.bin,697,33554432,474.53,,
0,bench/30gib-7.bin,698,33554432,388.46,,
0,bench/30gib-7.bin,699,33554432,403.84,,
0,bench/30gib-7.bin,700,33554432,502.81,,
0,bench/30gib-7.bin,701,33554432,363.77,,
0,bench/30gib-7.bin,702,33554432,347.23,,
0,bench/30gib-7.bin,703,33554432,371.66,,
0,bench/30gib-7.bin,704,33554432,418.80,,
0,bench/30gib-7.bin,705,33554432,511.68,,
0,bench/30gib-7.bin,706,33554432,360.22,,
0,bench/30gib-7.bin,707,33554432,361.41,,
0,bench/30gib-7.bin,708,33554432,396.58,,
0,bench/30gib-7.bin,709,33554432,409.64,,
0,bench/30gib-7.bin,710,33554432,341.63,,
0,bench/30gib-7.bin,711,33554432,428.87,,
0,bench/30gib-7.bin,712,33554432,400.06,,
0,bench/30gib-7.bin,713,33554432,357.94,,
0,bench/30gib-7.bin,714,33554432,417.42,,
0,bench/30gib-7.bin,715,33554432,384.89,,
0,bench/30gib-7.bin,716,33554432,381.32,,
0,bench/30gib-7.bin,717,33554432,421.07,,
0,bench/30gib-7.bin,718,33554432,348.11,,
0,bench/30gib-7.bin,719,33554432,556.36,,
0,bench/30gib-7.bin,720,33554432,343.59,,
0,bench/30gib-7.bin,721,33554432,383.22,,
0,bench/30gib-7.bin,722,33554432,385.01,,
0,bench/30gib-7.bin,723,33554432,437.46,,
0,bench/30gib-7.bin,724,33554432,646.45,,
0,bench/30gib-7.bin,725,33554432,412.56,,
0,bench/30gib-7.bin,726,33554432,345.70,,
0,bench/30gib-7.bin,727,33554432,403.82,,
0,bench/30gib-7.bin,728,33554432,409.91,,
0,bench/30gib-7.bin,729,33554432,516.29,,
0,bench/30gib-7.bin,730,33554432,456.14,,
0,bench/30gib-7.bin,731,33554432,465.56,,
0,bench/30gib-7.bin,732,33554432,485.14,,
0,bench/30gib-7.bin,733,33554432,350.29,,
0,bench/30gib-7.bin,734,33554432,400.88,,
0,bench/30gib-7.bin,735,33554432,649.35,,
0,bench/30gib-7.bin,736,33554432,391.51,,
0,bench/30gib-7.bin,737,33554432,402.82,,
0,bench/30gib-7.bin,738,33554432,363.98,,
0,bench/30gib-7.bin,739,33554432,468.38,,
0,bench/30gib-7.bin,740,33554432,342.84,,
0,bench/30gib-7.bin,741,33554432,402.88,,
0,bench/30gib-7.bin,742,33554432,511.98,,
0,bench/30gib-7.bin,743,33554432,340.99,,
0,bench/30gib-7.bin,744,33554432,676.85,,
0,bench/30gib-7.bin,745,33554432,520.28,,
0,bench/30gib-7.bin,746,33554432,340.41,,
0,bench/30gib-7.bin,747,33554432,353.16,,
0,bench/30gib-7.bin,748,33554432,364.62,,
0,bench/30gib-7.bin,749,33554432,344.50,,
0,bench/30gib-7.bin,750,33554432,345.95,,
0,bench/30gib-7.bin,751,33554432,446.89,,
0,bench/30gib-7.bin,752,33554432,518.33,,
0,bench/30gib-7.bin,753,33554432,364.82,,
0,bench/30gib-7.bin,754,33554432,348.83,,
0,bench/30gib-7.bin,755,33554432,365.15,,
0,bench/30gib-7.bin,756,33554432,345.05,,
0,bench/30gib-7.bin,757,33554432,356.62,,
0,bench/30gib-7.bin,758,33554432,350.79,,
0,bench/30gib-7.bin,759,33554432,431.54,,
0,bench/30gib-7.bin,760,33554432,342.03,,
0,bench/30gib-7.bin,761,33554432,456.02,,
0,bench/30gib-7.bin,762,33554432,417.30,,
0,bench/30gib-7.bin,763,33554432,375.77,,
0,bench/30gib-7.bin,764,33554432,365.88,,
0,bench/30gib-7.bin,765,33554432,582.49,,
0,bench/30gib-7.bin,766,33554432,414.76,,
0,bench/30gib-7.bin,767,33554432,424.28,,
0,bench/30gib-7.bin,768,33554432,359.99,,
0,bench/30gib-7.bin,769,33554432,340.82,,
0,bench/30gib-7.bin,770,33554432,350.54,,
0,bench/30gib-7.bin,771,33554432,486.11,,
0,bench/30gib-7.bin,772,33554432,342.60,,
0,bench/30gib-7.bin,773,33554432,348.85,,
0,bench/30gib-7.bin,774,33554432,494.43,,
0,bench/30gib-7.bin,775,33554432,464.69,,
0,bench/30gib-7.bin,776,33554432,641.60,,
0,bench/30gib-7.bin,777,33554432,341.14,,
0,bench/30gib-7.bin,778,33554432,397.69,,
0,bench/30gib-7.bin,779,33554432,382.02,,
0,bench/30gib-7.bin,780,33554432,379.71,,
0,bench/30gib-7.bin,781,33554432,404.28,,
0,bench/30gib-7.bin,782,33554432,389.48,,
0,bench/30gib-7.bin,783,33554432,443.37,,
0,bench/30gib-7.bin,784,33554432,346.72,,
0,bench/30gib-7.bin,785,33554432,462.70,,
0,bench/30gib-7.bin,786,33554432,386.40,,
0,bench/30gib-7.bin,787,33554432,596.89,,
0,bench/30gib-7.bin,788,33554432,343.91,,
0,bench/30gib-7.bin,789,33554432,469.28,,
0,bench/30gib-7.bin,790,33554432,561.94,,
0,bench/30gib-7.bin,791,33554432,398.04,,
0,bench/30gib-7.bin,792,33554432,369.10,,
0,bench/30gib-7.bin,793,33554432,587.61,,
0,bench/30gib-7.bin,794,33554432,442.87,,
0,bench/30gib-7.bin,795,33554432,379.65,,
0,bench/30gib-7.bin,796,33554432,403.62,,
0,bench/30gib-7.bin,797,33554432,349.19,,
0,bench/30gib-7.bin,798,33554432,383.39,,
0,bench/30gib-7.bin,799,33554432,385.44,,
0,bench/30gib-7.bin,800,33554432,474.63,,
0,bench/30gib-7.bin,801,33554432,606.41,,
0,bench/30gib-7.bin,802,33554432,509.77,,
0,bench/30gib-7.bin,803,33554432,344.46,,
0,bench/30gib-7.bin,804,33554432,545.66,,
0,bench/30gib-7.bin,805,33554432,457.21,,
0,bench/30gib-7.bin,806,33554432,389.36,,
0,bench/30gib-7.bin,807,33554432,341.71,,
0,bench/30gib-7.bin,808,33554432,472.43,,
0,bench/30gib-7.bin,809,33554432,419.09,,
0,bench/30gib-7.bin,810,33554432,365.67,,
0,bench/30gib-7.bin,811,33554432,477.77,,
0,bench/30gib-7.bin,812,33554432,343.17,,
0,bench/30gib-7.bin,813,33554432,372.46,,
0,bench/30gib-7.bin,814,33554432,465.82,,
0,bench/30gib-7.bin,815,33554432,364.31,,
0,bench/30gib-7.bin,816,33554432,358.17,,
0,bench/30gib-7.bin,817,33554432,452.62,,
0,bench/30gib-7.bin,818,33554432,412.36,,
0,bench/30gib-7.bin,819,33554432,356.54,,
0,bench/30gib-7.bin,820,33554432,426.39,,
0,bench/30gib-7.bin,821,33554432,347.37,,
0,bench/30gib-7.bin,822,33554432,344.52,,
0,bench/30gib-7.bin,823,33554432,350.33,,
0,bench/30gib-7.bin,824,33554432,347.49,,
0,bench/30gib-7.bin,825,33554432,405.99,,
0,bench/30gib-7.bin,826,33554432,351.78,,
0,bench/30gib-7.bin,827,33554432,427.19,,
0,bench/30gib-7.bin,828,33554432,580.98,,
0,bench/30gib-7.bin,829,33554432,414.32,,
0,bench/30gib-7.bin,830,33554432,694.95,,
0,bench/30gib-7.bin,831,33554432,395.71,,
0,bench/30gib-7.bin,832,33554432,353.99,,
0,bench/30gib-7.bin,833,33554432,419.82,,
0,bench/30gib-7.bin,834,33554432,535.01,,
0,bench/30gib-7.bin,835,33554432,529.58,,
0,bench/30gib-7.bin,836,33554432,535.77,,
0,bench/30gib-7.bin,837,33554432,361.28,,
0,bench/30gib-7.bin,838,33554432,457.79,,
0,bench/30gib-7.bin,839,33554432,344.29,,
0,bench/30gib-7.bin,840,33554432,452.31,,
0,bench/30gib-7.bin,841,33554432,381.46,,
0,bench/30gib-7.bin,842,33554432,440.66,,
0,bench/30gib-7.bin,843,33554432,383.93,,
0,bench/30gib-7.bin,844,33554432,388.21,,
0,bench/30gib-7.bin,845,33554432,538.10,,
0,bench/30gib-7.bin,846,33554432,343.12,,
0,bench/30gib-7.bin,847,33554432,462.77,,
0,bench/30gib-7.bin,848,33554432,379.21,,
0,bench/30gib-7.bin,849,33554432,426.77,,
0,bench/30gib-7.bin,850,33554432,389.85,,
0,bench/30gib-7.bin,851,33554432,348.46,,
0,bench/30gib-7.bin,852,33554432,345.99,,
0,bench/30gib-7.bin,853,33554432,552.90,,
0,bench/30gib-7.bin,854,33554432,349.45,,
0,bench/30gib-7.bin,855,33554432,396.68,,
0,bench/30gib-7.bin,856,33554432,491.04,,
0,bench/30gib-7.bin,857,33554432,343.69,,
0,bench/30gib-7.bin,858,33554432,419.80,,
0,bench/30gib-7.bin,859,33554432,396.41,,
0,bench/30gib-7.bin,860,33554432,401.40,,
0,bench/30gib-7.bin,861,33554432,462.37,,
0,bench/30gib-7.bin,862,33554432,396.69,,
0,bench/30gib-7.bin,863,33554432,353.75,,
0,bench/30gib-7.bin,864,33554432,505.54,,
0,bench/30gib-7.bin,865,33554432,360.33,,
0,bench/30gib-7.bin,866,33554432,661.54,,
0,bench/30gib-7.bin,867,33554432,342.03,,
0,bench/30gib-7.bin,868,33554432,341.16,,
0,bench/30gib-7.bin,869,33554432,359.78,,
0,bench/30gib-7.bin,870,33554432,445.90,,
0,bench/30gib-7.bin,871,33554432,407.98,,
0,bench/30gib-7.bin,872,33554432,417.12,,
0,bench/30gib-7.bin,873,33554432,394.11,,
0,bench/30gib-7.bin,874,33554432,351.93,,
0,bench/30gib-7.bin,875,33554432,391.55,,
0,bench/30gib-7.bin,876,33554432,507.41,,
0,bench/30gib-7.bin,877,33554432,366.82,,
0,bench/30gib-7.bin,878,33554432,364.89,,
0,bench/30gib-7.bin,879,33554432,442.21,,
0,bench/30gib-7.bin,880,33554432,419.24,,
0,bench/30gib-7.bin,881,33554432,389.81,,
0,bench/30gib-7.bin,882,33554432,599.91,,
0,bench/30gib-7.bin,883,33554432,413.20,,
0,bench/30gib-7.bin,884,33554432,380.53,,
0,bench/30gib-7.bin,885,33554432,411.59,,
0,bench/30gib-7.bin,886,33554432,340.99,,
0,bench/30gib-7.bin,887,33554432,383.95,,
0,bench/30gib-7.bin,888,33554432,430.82,,
0,bench/30gib-7.bin,889,33554432,402.24,,
0,bench/30gib-7.bin,890,33554432,451.59,,
0,bench/30gib-7.bin,891,33554432,371.95,,
0,bench/30gib-7.bin,892,33554432,596.61,,
0,bench/30gib-7.bin,893,33554432,403.78,,
0,bench/30gib-7.bin,894,33554432,740.11,,
0,bench/30gib-7.bin,895,33554432,400.92,,
0,bench/30gib-7.bin,896,33554432,343.37,,
0,bench/30gib-7.bin,897,33554432,421.66,,
0,bench/30gib-7.bin,898,33554432,515.09,,
0,bench/30gib-7.bin,899,33554432,490.54,,
0,bench/30gib-7.bin,900,33554432,376.57,,
0,bench/30gib-7.bin,901,33554432,551.65,,
0,bench/30gib-7.bin,902,33554432,342.57,,
0,bench/30gib-7.bin,903,33554432,433.03,,
0,bench/30gib-7.bin,904,33554432,597.20,,
0,bench/30gib-7.bin,905,33554432,344.01,,
0,bench/30gib-7.bin,906,33554432,431.70,,
0,bench/30gib-7.bin,907,33554432,343.62,,
0,bench/30gib-7.bin,908,33554432,499.02,,
0,bench/30gib-7.bin,909,33554432,343.07,,
0,bench/30gib-7.bin,910,33554432,346.05,,
0,bench/30gib-7.bin,911,33554432,341.90,,
0,bench/30gib-7.bin,912,33554432,374.04,,
0,bench/30gib-7.bin,913,33554432,341.35,,
0,bench/30gib-7.bin,914,33554432,437.46,,
0,bench/30gib-7.bin,915,33554432,345.69,,
0,bench/30gib-7.bin,916,33554432,385.89,,
0,bench/30gib-7.bin,917,33554432,427.19,,
0,bench/30gib-7.bin,918,33554432,353.08,,
0,bench/30gib-7.bin,919,33554432,347.92,,
0,bench/30gib-7.bin,920,33554432,379.32,,
0,bench/30gib-7.bin,921,33554432,452.91,,
0,bench/30gib-7.bin,922,33554432,408.33,,
0,bench/30gib-7.bin,923,33554432,373.00,,
0,bench/30gib-7.bin,924,33554432,340.66,,
0,bench/30gib-7.bin,925,33554432,342.93,,
0,bench/30gib-7.bin,926,33554432,626.52,,
0,bench/30gib-7.bin,927,33554432,371.18,,
0,bench/30gib-7.bin,928,33554432,343.08,,
0,bench/30gib-7.bin,929,33554432,388.35,,
0,bench/30gib-7.bin,930,33554432,342.13,,
0,bench/30gib-7.bin,931,33554432,403.29,,
0,bench/30gib-7.bin,932,33554432,449.22,,
0,bench/30gib-7.bin,933,33554432,393.34,,
0,bench/30gib-7.bin,934,33554432,388.76,,
0,bench/30gib-7.bin,935,33554432,366.54,,
0,bench/30gib-7.bin,936,33554432,791.80,,
0,bench/30gib-7.bin,937,33554432,411.83,,
0,bench/30gib-7.bin,938,33554432,575.03,,
0,bench/30gib-7.bin,939,33554432,534.02,,
0,bench/30gib-7.bin,940,33554432,365.95,,
0,bench/30gib-7.bin,941,33554432,381.66,,
0,bench/30gib-7.bin,942,33554432,367.04,,
0,bench/30gib-7.bin,943,33554432,452.18,,
0,bench/30gib-7.bin,944,33554432,441.81,,
0,bench/30gib-7.bin,945,33554432,406.04,,
0,bench/30gib-7.bin,946,33554432,350.67,,
0,bench/30gib-7.bin,947,33554432,344.86,,
0,bench/30gib-7.bin,948,33554432,463.67,,
0,bench/30gib-7.bin,949,33554432,455.90,,
0,bench/30gib-7.bin,950,33554432,352.96,,
0,bench/30gib-7.bin,951,33554432,422.54,,
0,bench/30gib-7.bin,952,33554432,501.99,,
0,bench/30gib-7.bin,953,33554432,558.92,,
0,bench/30gib-7.bin,954,33554432,341.47,,
0,bench/30gib-7.bin,955,33554432,348.27,,
0,bench/30gib-7.bin,956,33554432,372.54,,
0,bench/30gib-7.bin,957,33554432,344.30,,
0,bench/30gib-7.bin,958,33554432,341.20,,
0,bench/30gib-7.bin,959,33554432,341.06,,
0,bench/30gib-7.bin,960,33554432,388.76,,
0,bench/30gib-8.bin,1,33554432,1401.33,,
0,bench/30gib-8.bin,2,33554432,1735.79,,
0,bench/30gib-8.bin,3,33554432,1530.56,,
0,bench/30gib-8.bin,4,33554432,853.36,,
0,bench/30gib-8.bin,5,33554432,1266.34,,
0,bench/30gib-8.bin,6,33554432,883.27,,
0,bench/30gib-8.bin,7,33554432,1380.51,,
0,bench/30gib-8.bin,8,33554432,1419.47,,
0,bench/30gib-8.bin,9,33554432,1397.83,,
0,bench/30gib-8.bin,10,33554432,796.88,,
0,bench/30gib-8.bin,11,33554432,1041.39,,
0,bench/30gib-8.bin,12,33554432,1822.55,,
0,bench/30gib-8.bin,13,33554432,1110.28,,
0,bench/30gib-8.bin,14,33554432,1176.43,,
0,bench/30gib-8.bin,15,33554432,1681.40,,
0,bench/30gib-8.bin,16,33554432,1171.67,,
0,bench/30gib-8.bin,17,33554432,1057.60,,
0,bench/30gib-8.bin,18,33554432,1732.24,,
0,bench/30gib-8.bin,19,33554432,1863.49,,
0,bench/30gib-8.bin,20,33554432,1489.01,,
0,bench/30gib-8.bin,21,33554432,1621.87,,
0,bench/30gib-8.bin,22,33554432,988.95,,
0,bench/30gib-8.bin,23,33554432,1952.86,,
0,bench/30gib-8.bin,24,33554432,1459.68,,
0,bench/30gib-8.bin,25,33554432,765.71,,
0,bench/30gib-8.bin,26,33554432,1234.20,,
0,bench/30gib-8.bin,27,33554432,752.12,,
0,bench/30gib-8.bin,28,33554432,748.67,,
0,bench/30gib-8.bin,29,33554432,968.25,,
0,bench/30gib-8.bin,30,33554432,652.56,,
0,bench/30gib-8.bin,31,33554432,534.05,,
0,bench/30gib-8.bin,32,33554432,1000.33,,
0,bench/30gib-8.bin,33,33554432,539.51,,
0,bench/30gib-8.bin,34,33554432,586.77,,
0,bench/30gib-8.bin,35,33554432,639.08,,
0,bench/30gib-8.bin,36,33554432,593.70,,
0,bench/30gib-8.bin,37,33554432,980.42,,
0,bench/30gib-8.bin,38,33554432,1066.20,,
0,bench/30gib-8.bin,39,33554432,763.71,,
0,bench/30gib-8.bin,40,33554432,405.39,,
0,bench/30gib-8.bin,41,33554432,887.42,,
0,bench/30gib-8.bin,42,33554432,690.70,,
0,bench/30gib-8.bin,43,33554432,1159.96,,
0,bench/30gib-8.bin,44,33554432,539.07,,
0,bench/30gib-8.bin,45,33554432,733.45,,
0,bench/30gib-8.bin,46,33554432,588.41,,
0,bench/30gib-8.bin,47,33554432,688.52,,
0,bench/30gib-8.bin,48,33554432,559.19,,
0,bench/30gib-8.bin,49,33554432,807.74,,
0,bench/30gib-8.bin,50,33554432,681.77,,
0,bench/30gib-8.bin,51,33554432,653.97,,
0,bench/30gib-8.bin,52,33554432,621.46,,
0,bench/30gib-8.bin,53,33554432,426.56,,
0,bench/30gib-8.bin,54,33554432,532.36,,
0,bench/30gib-8.bin,55,33554432,521.31,,
0,bench/30gib-8.bin,56,33554432,482.37,,
0,bench/30gib-8.bin,57,33554432,414.70,,
0,bench/30gib-8.bin,58,33554432,371.78,,
0,bench/30gib-8.bin,59,33554432,342.31,,
0,bench/30gib-8.bin,60,33554432,429.05,,
0,bench/30gib-8.bin,61,33554432,852.12,,
0,bench/30gib-8.bin,62,33554432,503.52,,
0,bench/30gib-8.bin,63,33554432,542.68,,
0,bench/30gib-8.bin,64,33554432,359.00,,
0,bench/30gib-8.bin,65,33554432,428.04,,
0,bench/30gib-8.bin,66,33554432,495.36,,
0,bench/30gib-8.bin,67,33554432,515.15,,
0,bench/30gib-8.bin,68,33554432,471.45,,
0,bench/30gib-8.bin,69,33554432,440.53,,
0,bench/30gib-8.bin,70,33554432,622.10,,
0,bench/30gib-8.bin,71,33554432,494.45,,
0,bench/30gib-8.bin,72,33554432,531.85,,
0,bench/30gib-8.bin,73,33554432,439.48,,
0,bench/30gib-8.bin,74,33554432,376.56,,
0,bench/30gib-8.bin,75,33554432,814.41,,
0,bench/30gib-8.bin,76,33554432,608.34,,
0,bench/30gib-8.bin,77,33554432,361.68,,
0,bench/30gib-8.bin,78,33554432,481.08,,
0,bench/30gib-8.bin,79,33554432,426.25,,
0,bench/30gib-8.bin,80,33554432,548.04,,
0,bench/30gib-8.bin,81,33554432,465.33,,
0,bench/30gib-8.bin,82,33554432,423.88,,
0,bench/30gib-8.bin,83,33554432,350.99,,
0,bench/30gib-8.bin,84,33554432,353.41,,
0,bench/30gib-8.bin,85,33554432,398.26,,
0,bench/30gib-8.bin,86,33554432,365.19,,
0,bench/30gib-8.bin,87,33554432,450.32,,
0,bench/30gib-8.bin,88,33554432,355.27,,
0,bench/30gib-8.bin,89,33554432,420.16,,
0,bench/30gib-8.bin,90,33554432,437.92,,
0,bench/30gib-8.bin,91,33554432,513.70,,
0,bench/30gib-8.bin,92,33554432,549.38,,
0,bench/30gib-8.bin,93,33554432,387.32,,
0,bench/30gib-8.bin,94,33554432,476.34,,
0,bench/30gib-8.bin,95,33554432,426.49,,
0,bench/30gib-8.bin,96,33554432,376.62,,
0,bench/30gib-8.bin,97,33554432,368.75,,
0,bench/30gib-8.bin,98,33554432,454.96,,
0,bench/30gib-8.bin,99,33554432,357.82,,
0,bench/30gib-8.bin,100,33554432,489.65,,
0,bench/30gib-8.bin,101,33554432,376.10,,
0,bench/30gib-8.bin,102,33554432,482.92,,
0,bench/30gib-8.bin,103,33554432,621.55,,
0,bench/30gib-8.bin,104,33554432,340.42,,
0,bench/30gib-8.bin,105,33554432,549.36,,
0,bench/30gib-8.bin,106,33554432,430.77,,
0,bench/30gib-8.bin,107,33554432,474.15,,
0,bench/30gib-8.bin,108,33554432,535.76,,
0,bench/30gib-8.bin,109,33554432,422.40,,
0,bench/30gib-8.bin,110,33554432,434.99,,
0,bench/30gib-8.bin,111,33554432,425.95,,
0,bench/30gib-8.bin,112,33554432,444.31,,
0,bench/30gib-8.bin,113,33554432,381.03,,
0,bench/30gib-8.bin,114,33554432,500.60,,
0,bench/30gib-8.bin,115,33554432,521.92,,
0,bench/30gib-8.bin,116,33554432,500.53,,
0,bench/30gib-8.bin,117,33554432,436.56,,
0,bench/30gib-8.bin,118,33554432,649.64,,
0,bench/30gib-8.bin,119,33554432,345.18,,
0,bench/30gib-8.bin,120,33554432,438.97,,
0,bench/30gib-8.bin,121,33554432,363.03,,
0,bench/30gib-8.bin,122,33554432,347.39,,
0,bench/30gib-8.bin,123,33554432,341.09,,
0,bench/30gib-8.bin,124,33554432,442.56,,
0,bench/30gib-8.bin,125,33554432,366.02,,
0,bench/30gib-8.bin,126,33554432,459.44,,
0,bench/30gib-8.bin,127,33554432,427.65,,
0,bench/30gib-8.bin,128,33554432,348.94,,
0,bench/30gib-8.bin,129,33554432,342.01,,
0,bench/30gib-8.bin,130,33554432,606.63,,
0,bench/30gib-8.bin,131,33554432,352.90,,
0,bench/30gib-8.bin,132,33554432,408.95,,
0,bench/30gib-8.bin,133,33554432,366.78,,
0,bench/30gib-8.bin,134,33554432,399.27,,
0,bench/30gib-8.bin,135,33554432,360.72,,
0,bench/30gib-8.bin,136,33554432,638.02,,
0,bench/30gib-8.bin,137,33554432,359.37,,
0,bench/30gib-8.bin,138,33554432,351.69,,
0,bench/30gib-8.bin,139,33554432,474.20,,
0,bench/30gib-8.bin,140,33554432,349.17,,
0,bench/30gib-8.bin,141,33554432,418.08,,
0,bench/30gib-8.bin,142,33554432,491.18,,
0,bench/30gib-8.bin,143,33554432,341.41,,
0,bench/30gib-8.bin,144,33554432,341.82,,
0,bench/30gib-8.bin,145,33554432,348.37,,
0,bench/30gib-8.bin,146,33554432,345.46,,
0,bench/30gib-8.bin,147,33554432,486.22,,
0,bench/30gib-8.bin,148,33554432,485.70,,
0,bench/30gib-8.bin,149,33554432,353.50,,
0,bench/30gib-8.bin,150,33554432,471.41,,
0,bench/30gib-8.bin,151,33554432,369.52,,
0,bench/30gib-8.bin,152,33554432,430.46,,
0,bench/30gib-8.bin,153,33554432,454.57,,
0,bench/30gib-8.bin,154,33554432,379.88,,
0,bench/30gib-8.bin,155,33554432,449.10,,
0,bench/30gib-8.bin,156,33554432,534.48,,
0,bench/30gib-8.bin,157,33554432,467.53,,
0,bench/30gib-8.bin,158,33554432,364.09,,
0,bench/30gib-8.bin,159,33554432,462.32,,
0,bench/30gib-8.bin,160,33554432,401.39,,
0,bench/30gib-8.bin,161,33554432,422.77,,
0,bench/30gib-8.bin,162,33554432,374.69,,
0,bench/30gib-8.bin,163,33554432,342.67,,
0,bench/30gib-8.bin,164,33554432,403.77,,
0,bench/30gib-8.bin,165,33554432,396.87,,
0,bench/30gib-8.bin,166,33554432,519.40,,
0,bench/30gib-8.bin,167,33554432,347.67,,
0,bench/30gib-8.bin,168,33554432,345.86,,
0,bench/30gib-8.bin,169,33554432,350.29,,
0,bench/30gib-8.bin,170,33554432,386.92,,
0,bench/30gib-8.bin,171,33554432,559.64,,
0,bench/30gib-8.bin,172,33554432,378.96,,
0,bench/30gib-8.bin,173,33554432,341.09,,
0,bench/30gib-8.bin,174,33554432,507.69,,
0,bench/30gib-8.bin,175,33554432,446.46,,
0,bench/30gib-8.bin,176,33554432,355.47,,
0,bench/30gib-8.bin,177,33554432,393.42,,
0,bench/30gib-8.bin,178,33554432,424.47,,
0,bench/30gib-8.bin,179,33554432,496.78,,
0,bench/30gib-8.bin,180,33554432,371.62,,
0,bench/30gib-8.bin,181,33554432,420.36,,
0,bench/30gib-8.bin,182,33554432,345.26,,
0,bench/30gib-8.bin,183,33554432,435.19,,
0,bench/30gib-8.bin,184,33554432,574.86,,
0,bench/30gib-8.bin,185,33554432,386.20,,
0,bench/30gib-8.bin,186,33554432,349.78,,
0,bench/30gib-8.bin,187,33554432,393.36,,
0,bench/30gib-8.bin,188,33554432,458.46,,
0,bench/30gib-8.bin,189,33554432,346.55,,
0,bench/30gib-8.bin,190,33554432,339.97,,
0,bench/30gib-8.bin,191,33554432,340.58,,
0,bench/30gib-8.bin,192,33554432,375.17,,
0,bench/30gib-8.bin,193,33554432,500.94,,
0,bench/30gib-8.bin,194,33554432,347.08,,
0,bench/30gib-8.bin,195,33554432,483.02,,
0,bench/30gib-8.bin,196,33554432,454.77,,
0,bench/30gib-8.bin,197,33554432,350.91,,
0,bench/30gib-8.bin,198,33554432,529.74,,
0,bench/30gib-8.bin,199,33554432,350.17,,
0,bench/30gib-8.bin,200,33554432,423.47,,
0,bench/30gib-8.bin,201,33554432,467.42,,
0,bench/30gib-8.bin,202,33554432,691.78,,
0,bench/30gib-8.bin,203,33554432,561.10,,
0,bench/30gib-8.bin,204,33554432,486.83,,
0,bench/30gib-8.bin,205,33554432,652.69,,
0,bench/30gib-8.bin,206,33554432,472.43,,
0,bench/30gib-8.bin,207,33554432,528.18,,
0,bench/30gib-8.bin,208,33554432,438.25,,
0,bench/30gib-8.bin,209,33554432,545.87,,
0,bench/30gib-8.bin,210,33554432,823.90,,
0,bench/30gib-8.bin,211,33554432,346.12,,
0,bench/30gib-8.bin,212,33554432,342.93,,
0,bench/30gib-8.bin,213,33554432,342.34,,
0,bench/30gib-8.bin,214,33554432,340.75,,
0,bench/30gib-8.bin,215,33554432,389.62,,
0,bench/30gib-8.bin,216,33554432,488.32,,
0,bench/30gib-8.bin,217,33554432,394.57,,
0,bench/30gib-8.bin,218,33554432,407.51,,
0,bench/30gib-8.bin,219,33554432,341.83,,
0,bench/30gib-8.bin,220,33554432,342.39,,
0,bench/30gib-8.bin,221,33554432,419.84,,
0,bench/30gib-8.bin,222,33554432,346.31,,
0,bench/30gib-8.bin,223,33554432,395.72,,
0,bench/30gib-8.bin,224,33554432,349.50,,
0,bench/30gib-8.bin,225,33554432,391.37,,
0,bench/30gib-8.bin,226,33554432,372.81,,
0,bench/30gib-8.bin,227,33554432,361.78,,
0,bench/30gib-8.bin,228,33554432,386.19,,
0,bench/30gib-8.bin,229,33554432,374.73,,
0,bench/30gib-8.bin,230,33554432,422.03,,
0,bench/30gib-8.bin,231,33554432,430.95,,
0,bench/30gib-8.bin,232,33554432,354.10,,
0,bench/30gib-8.bin,233,33554432,536.81,,
0,bench/30gib-8.bin,234,33554432,344.48,,
0,bench/30gib-8.bin,235,33554432,395.87,,
0,bench/30gib-8.bin,236,33554432,407.79,,
0,bench/30gib-8.bin,237,33554432,428.86,,
0,bench/30gib-8.bin,238,33554432,603.91,,
0,bench/30gib-8.bin,239,33554432,400.62,,
0,bench/30gib-8.bin,240,33554432,407.18,,
0,bench/30gib-8.bin,241,33554432,386.98,,
0,bench/30gib-8.bin,242,33554432,384.29,,
0,bench/30gib-8.bin,243,33554432,341.54,,
0,bench/30gib-8.bin,244,33554432,347.64,,
0,bench/30gib-8.bin,245,33554432,356.31,,
0,bench/30gib-8.bin,246,33554432,402.35,,
0,bench/30gib-8.bin,247,33554432,547.34,,
0,bench/30gib-8.bin,248,33554432,448.48,,
0,bench/30gib-8.bin,249,33554432,366.49,,
0,bench/30gib-8.bin,250,33554432,516.67,,
0,bench/30gib-8.bin,251,33554432,373.01,,
0,bench/30gib-8.bin,252,33554432,370.58,,
0,bench/30gib-8.bin,253,33554432,383.21,,
0,bench/30gib-8.bin,254,33554432,397.66,,
0,bench/30gib-8.bin,255,33554432,398.44,,
0,bench/30gib-8.bin,256,33554432,344.14,,
0,bench/30gib-8.bin,257,33554432,340.34,,
0,bench/30gib-8.bin,258,33554432,534.87,,
0,bench/30gib-8.bin,259,33554432,556.01,,
0,bench/30gib-8.bin,260,33554432,389.13,,
0,bench/30gib-8.bin,261,33554432,385.86,,
0,bench/30gib-8.bin,262,33554432,345.58,,
0,bench/30gib-8.bin,263,33554432,343.58,,
0,bench/30gib-8.bin,264,33554432,567.27,,
0,bench/30gib-8.bin,265,33554432,370.10,,
0,bench/30gib-8.bin,266,33554432,342.16,,
0,bench/30gib-8.bin,267,33554432,346.80,,
0,bench/30gib-8.bin,268,33554432,372.62,,
0,bench/30gib-8.bin,269,33554432,623.07,,
0,bench/30gib-8.bin,270,33554432,377.64,,
0,bench/30gib-8.bin,271,33554432,408.38,,
0,bench/30gib-8.bin,272,33554432,386.39,,
0,bench/30gib-8.bin,273,33554432,549.19,,
0,bench/30gib-8.bin,274,33554432,550.03,,
0,bench/30gib-8.bin,275,33554432,344.89,,
0,bench/30gib-8.bin,276,33554432,342.13,,
0,bench/30gib-8.bin,277,33554432,407.83,,
0,bench/30gib-8.bin,278,33554432,367.05,,
0,bench/30gib-8.bin,279,33554432,405.67,,
0,bench/30gib-8.bin,280,33554432,347.38,,
0,bench/30gib-8.bin,281,33554432,402.52,,
0,bench/30gib-8.bin,282,33554432,687.75,,
0,bench/30gib-8.bin,283,33554432,457.92,,
0,bench/30gib-8.bin,284,33554432,447.73,,
0,bench/30gib-8.bin,285,33554432,642.93,,
0,bench/30gib-8.bin,286,33554432,501.32,,
0,bench/30gib-8.bin,287,33554432,431.55,,
0,bench/30gib-8.bin,288,33554432,396.12,,
0,bench/30gib-8.bin,289,33554432,552.76,,
0,bench/30gib-8.bin,290,33554432,341.47,,
0,bench/30gib-8.bin,291,33554432,486.42,,
0,bench/30gib-8.bin,292,33554432,342.08,,
0,bench/30gib-8.bin,293,33554432,575.89,,
0,bench/30gib-8.bin,294,33554432,366.00,,
0,bench/30gib-8.bin,295,33554432,445.37,,
0,bench/30gib-8.bin,296,33554432,343.25,,
0,bench/30gib-8.bin,297,33554432,355.72,,
0,bench/30gib-8.bin,298,33554432,388.91,,
0,bench/30gib-8.bin,299,33554432,344.99,,
0,bench/30gib-8.bin,300,33554432,476.17,,
0,bench/30gib-8.bin,301,33554432,372.48,,
0,bench/30gib-8.bin,302,33554432,449.33,,
0,bench/30gib-8.bin,303,33554432,375.96,,
0,bench/30gib-8.bin,304,33554432,387.00,,
0,bench/30gib-8.bin,305,33554432,395.75,,
0,bench/30gib-8.bin,306,33554432,370.16,,
0,bench/30gib-8.bin,307,33554432,636.33,,
0,bench/30gib-8.bin,308,33554432,422.73,,
0,bench/30gib-8.bin,309,33554432,344.43,,
0,bench/30gib-8.bin,310,33554432,482.12,,
0,bench/30gib-8.bin,311,33554432,576.83,,
0,bench/30gib-8.bin,312,33554432,499.68,,
0,bench/30gib-8.bin,313,33554432,396.66,,
0,bench/30gib-8.bin,314,33554432,351.24,,
0,bench/30gib-8.bin,315,33554432,589.36,,
0,bench/30gib-8.bin,316,33554432,355.66,,
0,bench/30gib-8.bin,317,33554432,349.84,,
0,bench/30gib-8.bin,318,33554432,342.14,,
0,bench/30gib-8.bin,319,33554432,359.62,,
0,bench/30gib-8.bin,320,33554432,361.33,,
0,bench/30gib-8.bin,321,33554432,341.22,,
0,bench/30gib-8.bin,322,33554432,427.90,,
0,bench/30gib-8.bin,323,33554432,343.38,,
0,bench/30gib-8.bin,324,33554432,341.74,,
0,bench/30gib-8.bin,325,33554432,341.97,,
0,bench/30gib-8.bin,326,33554432,407.98,,
0,bench/30gib-8.bin,327,33554432,470.40,,
0,bench/30gib-8.bin,328,33554432,404.22,,
0,bench/30gib-8.bin,329,33554432,383.50,,
0,bench/30gib-8.bin,330,33554432,490.99,,
0,bench/30gib-8.bin,331,33554432,348.30,,
0,bench/30gib-8.bin,332,33554432,346.18,,
0,bench/30gib-8.bin,333,33554432,873.74,,
0,bench/30gib-8.bin,334,33554432,527.38,,
0,bench/30gib-8.bin,335,33554432,427.13,,
0,bench/30gib-8.bin,336,33554432,415.86,,
0,bench/30gib-8.bin,337,33554432,533.16,,
0,bench/30gib-8.bin,338,33554432,352.05,,
0,bench/30gib-8.bin,339,33554432,501.59,,
0,bench/30gib-8.bin,340,33554432,729.49,,
0,bench/30gib-8.bin,341,33554432,482.03,,
0,bench/30gib-8.bin,342,33554432,356.77,,
0,bench/30gib-8.bin,343,33554432,340.71,,
0,bench/30gib-8.bin,344,33554432,498.29,,
0,bench/30gib-8.bin,345,33554432,353.29,,
0,bench/30gib-8.bin,346,33554432,345.98,,
0,bench/30gib-8.bin,347,33554432,430.74,,
0,bench/30gib-8.bin,348,33554432,686.65,,
0,bench/30gib-8.bin,349,33554432,347.54,,
0,bench/30gib-8.bin,350,33554432,341.38,,
0,bench/30gib-8.bin,351,33554432,433.83,,
0,bench/30gib-8.bin,352,33554432,357.32,,
0,bench/30gib-8.bin,353,33554432,427.35,,
0,bench/30gib-8.bin,354,33554432,477.12,,
0,bench/30gib-8.bin,355,33554432,468.65,,
0,bench/30gib-8.bin,356,33554432,414.86,,
0,bench/30gib-8.bin,357,33554432,729.03,,
0,bench/30gib-8.bin,358,33554432,351.76,,
0,bench/30gib-8.bin,359,33554432,438.21,,
0,bench/30gib-8.bin,360,33554432,352.40,,
0,bench/30gib-8.bin,361,33554432,368.98,,
0,bench/30gib-8.bin,362,33554432,462.21,,
0,bench/30gib-8.bin,363,33554432,429.39,,
0,bench/30gib-8.bin,364,33554432,344.47,,
0,bench/30gib-8.bin,365,33554432,347.21,,
0,bench/30gib-8.bin,366,33554432,425.25,,
0,bench/30gib-8.bin,367,33554432,343.00,,
0,bench/30gib-8.bin,368,33554432,433.82,,
0,bench/30gib-8.bin,369,33554432,425.22,,
0,bench/30gib-8.bin,370,33554432,509.29,,
0,bench/30gib-8.bin,371,33554432,455.98,,
0,bench/30gib-8.bin,372,33554432,341.62,,
0,bench/30gib-8.bin,373,33554432,348.82,,
0,bench/30gib-8.bin,374,33554432,359.38,,
0,bench/30gib-8.bin,375,33554432,453.33,,
0,bench/30gib-8.bin,376,33554432,456.11,,
0,bench/30gib-8.bin,377,33554432,434.70,,
0,bench/30gib-8.bin,378,33554432,459.36,,
0,bench/30gib-8.bin,379,33554432,345.78,,
0,bench/30gib-8.bin,380,33554432,370.82,,
0,bench/30gib-8.bin,381,33554432,436.17,,
0,bench/30gib-8.bin,382,33554432,482.09,,
0,bench/30gib-8.bin,383,33554432,399.18,,
0,bench/30gib-8.bin,384,33554432,466.44,,
0,bench/30gib-8.bin,385,33554432,342.72,,
0,bench/30gib-8.bin,386,33554432,387.34,,
0,bench/30gib-8.bin,387,33554432,493.67,,
0,bench/30gib-8.bin,388,33554432,410.56,,
0,bench/30gib-8.bin,389,33554432,699.04,,
0,bench/30gib-8.bin,390,33554432,352.68,,
0,bench/30gib-8.bin,391,33554432,390.87,,
0,bench/30gib-8.bin,392,33554432,820.43,,
0,bench/30gib-8.bin,393,33554432,371.11,,
0,bench/30gib-8.bin,394,33554432,346.23,,
0,bench/30gib-8.bin,395,33554432,354.57,,
0,bench/30gib-8.bin,396,33554432,686.28,,
0,bench/30gib-8.bin,397,33554432,467.69,,
0,bench/30gib-8.bin,398,33554432,403.86,,
0,bench/30gib-8.bin,399,33554432,479.62,,
0,bench/30gib-8.bin,400,33554432,390.88,,
0,bench/30gib-8.bin,401,33554432,693.95,,
0,bench/30gib-8.bin,402,33554432,351.30,,
0,bench/30gib-8.bin,403,33554432,361.97,,
0,bench/30gib-8.bin,404,33554432,376.51,,
0,bench/30gib-8.bin,405,33554432,372.88,,
0,bench/30gib-8.bin,406,33554432,482.87,,
0,bench/30gib-8.bin,407,33554432,343.78,,
0,bench/30gib-8.bin,408,33554432,432.02,,
0,bench/30gib-8.bin,409,33554432,383.63,,
0,bench/30gib-8.bin,410,33554432,424.54,,
0,bench/30gib-8.bin,411,33554432,398.24,,
0,bench/30gib-8.bin,412,33554432,412.20,,
0,bench/30gib-8.bin,413,33554432,589.21,,
0,bench/30gib-8.bin,414,33554432,390.71,,
0,bench/30gib-8.bin,415,33554432,378.86,,
0,bench/30gib-8.bin,416,33554432,345.17,,
0,bench/30gib-8.bin,417,33554432,458.02,,
0,bench/30gib-8.bin,418,33554432,385.19,,
0,bench/30gib-8.bin,419,33554432,501.81,,
0,bench/30gib-8.bin,420,33554432,473.46,,
0,bench/30gib-8.bin,421,33554432,392.23,,
0,bench/30gib-8.bin,422,33554432,404.40,,
0,bench/30gib-8.bin,423,33554432,489.50,,
0,bench/30gib-8.bin,424,33554432,481.95,,
0,bench/30gib-8.bin,425,33554432,444.00,,
0,bench/30gib-8.bin,426,33554432,388.22,,
0,bench/30gib-8.bin,427,33554432,378.70,,
0,bench/30gib-8.bin,428,33554432,349.81,,
0,bench/30gib-8.bin,429,33554432,340.45,,
0,bench/30gib-8.bin,430,33554432,420.52,,
0,bench/30gib-8.bin,431,33554432,443.22,,
0,bench/30gib-8.bin,432,33554432,384.13,,
0,bench/30gib-8.bin,433,33554432,341.79,,
0,bench/30gib-8.bin,434,33554432,444.27,,
0,bench/30gib-8.bin,435,33554432,344.41,,
0,bench/30gib-8.bin,436,33554432,346.57,,
0,bench/30gib-8.bin,437,33554432,580.00,,
0,bench/30gib-8.bin,438,33554432,419.59,,
0,bench/30gib-8.bin,439,33554432,344.36,,
0,bench/30gib-8.bin,440,33554432,349.38,,
0,bench/30gib-8.bin,441,33554432,347.71,,
0,bench/30gib-8.bin,442,33554432,442.57,,
0,bench/30gib-8.bin,443,33554432,370.94,,
0,bench/30gib-8.bin,444,33554432,562.59,,
0,bench/30gib-8.bin,445,33554432,386.23,,
0,bench/30gib-8.bin,446,33554432,390.63,,
0,bench/30gib-8.bin,447,33554432,346.91,,
0,bench/30gib-8.bin,448,33554432,371.20,,
0,bench/30gib-8.bin,449,33554432,488.37,,
0,bench/30gib-8.bin,450,33554432,513.43,,
0,bench/30gib-8.bin,451,33554432,364.91,,
0,bench/30gib-8.bin,452,33554432,344.33,,
0,bench/30gib-8.bin,453,33554432,342.77,,
0,bench/30gib-8.bin,454,33554432,370.49,,
0,bench/30gib-8.bin,455,33554432,348.00,,
0,bench/30gib-8.bin,456,33554432,343.71,,
0,bench/30gib-8.bin,457,33554432,420.15,,
0,bench/30gib-8.bin,458,33554432,442.47,,
0,bench/30gib-8.bin,459,33554432,449.09,,
0,bench/30gib-8.bin,460,33554432,343.33,,
0,bench/30gib-8.bin,461,33554432,435.54,,
0,bench/30gib-8.bin,462,33554432,394.72,,
0,bench/30gib-8.bin,463,33554432,345.20,,
0,bench/30gib-8.bin,464,33554432,470.92,,
0,bench/30gib-8.bin,465,33554432,377.31,,
0,bench/30gib-8.bin,466,33554432,342.18,,
0,bench/30gib-8.bin,467,33554432,360.02,,
0,bench/30gib-8.bin,468,33554432,422.41,,
0,bench/30gib-8.bin,469,33554432,345.65,,
0,bench/30gib-8.bin,470,33554432,379.35,,
0,bench/30gib-8.bin,471,33554432,375.32,,
0,bench/30gib-8.bin,472,33554432,477.29,,
0,bench/30gib-8.bin,473,33554432,441.93,,
0,bench/30gib-8.bin,474,33554432,421.85,,
0,bench/30gib-8.bin,475,33554432,342.27,,
0,bench/30gib-8.bin,476,33554432,345.57,,
0,bench/30gib-8.bin,477,33554432,592.71,,
0,bench/30gib-8.bin,478,33554432,343.14,,
0,bench/30gib-8.bin,479,33554432,416.58,,
0,bench/30gib-8.bin,480,33554432,438.86,,
0,bench/30gib-8.bin,481,33554432,343.11,,
0,bench/30gib-8.bin,482,33554432,423.60,,
0,bench/30gib-8.bin,483,33554432,341.09,,
0,bench/30gib-8.bin,484,33554432,410.81,,
0,bench/30gib-8.bin,485,33554432,417.43,,
0,bench/30gib-8.bin,486,33554432,404.89,,
0,bench/30gib-8.bin,487,33554432,371.04,,
0,bench/30gib-8.bin,488,33554432,341.08,,
0,bench/30gib-8.bin,489,33554432,542.02,,
0,bench/30gib-8.bin,490,33554432,351.16,,
0,bench/30gib-8.bin,491,33554432,464.16,,
0,bench/30gib-8.bin,492,33554432,351.19,,
0,bench/30gib-8.bin,493,33554432,482.20,,
0,bench/30gib-8.bin,494,33554432,340.87,,
0,bench/30gib-8.bin,495,33554432,341.74,,
0,bench/30gib-8.bin,496,33554432,465.60,,
0,bench/30gib-8.bin,497,33554432,413.60,,
0,bench/30gib-8.bin,498,33554432,343.32,,
0,bench/30gib-8.bin,499,33554432,533.81,,
0,bench/30gib-8.bin,500,33554432,438.96,,
0,bench/30gib-8.bin,501,33554432,426.53,,
0,bench/30gib-8.bin,502,33554432,411.05,,
0,bench/30gib-8.bin,503,33554432,603.11,,
0,bench/30gib-8.bin,504,33554432,341.98,,
0,bench/30gib-8.bin,505,33554432,412.00,,
0,bench/30gib-8.bin,506,33554432,548.97,,
0,bench/30gib-8.bin,507,33554432,395.17,,
0,bench/30gib-8.bin,508,33554432,373.69,,
0,bench/30gib-8.bin,509,33554432,342.41,,
0,bench/30gib-8.bin,510,33554432,508.60,,
0,bench/30gib-8.bin,511,33554432,345.60,,
0,bench/30gib-8.bin,512,33554432,492.63,,
0,bench/30gib-8.bin,513,33554432,374.38,,
0,bench/30gib-8.bin,514,33554432,413.97,,
0,bench/30gib-8.bin,515,33554432,511.80,,
0,bench/30gib-8.bin,516,33554432,386.86,,
0,bench/30gib-8.bin,517,33554432,353.30,,
0,bench/30gib-8.bin,518,33554432,417.68,,
0,bench/30gib-8.bin,519,33554432,395.60,,
0,bench/30gib-8.bin,520,33554432,388.12,,
0,bench/30gib-8.bin,521,33554432,343.55,,
0,bench/30gib-8.bin,522,33554432,356.81,,
0,bench/30gib-8.bin,523,33554432,346.13,,
0,bench/30gib-8.bin,524,33554432,370.80,,
0,bench/30gib-8.bin,525,33554432,364.99,,
0,bench/30gib-8.bin,526,33554432,512.38,,
0,bench/30gib-8.bin,527,33554432,424.45,,
0,bench/30gib-8.bin,528,33554432,340.95,,
0,bench/30gib-8.bin,529,33554432,341.64,,
0,bench/30gib-8.bin,530,33554432,477.99,,
0,bench/30gib-8.bin,531,33554432,408.92,,
0,bench/30gib-8.bin,532,33554432,349.15,,
0,bench/30gib-8.bin,533,33554432,508.91,,
0,bench/30gib-8.bin,534,33554432,455.18,,
0,bench/30gib-8.bin,535,33554432,341.75,,
0,bench/30gib-8.bin,536,33554432,534.32,,
0,bench/30gib-8.bin,537,33554432,485.50,,
0,bench/30gib-8.bin,538,33554432,489.61,,
0,bench/30gib-8.bin,539,33554432,416.54,,
0,bench/30gib-8.bin,540,33554432,343.26,,
0,bench/30gib-8.bin,541,33554432,425.39,,
0,bench/30gib-8.bin,542,33554432,347.99,,
0,bench/30gib-8.bin,543,33554432,345.93,,
0,bench/30gib-8.bin,544,33554432,495.58,,
0,bench/30gib-8.bin,545,33554432,361.18,,
0,bench/30gib-8.bin,546,33554432,528.00,,
0,bench/30gib-8.bin,547,33554432,344.52,,
0,bench/30gib-8.bin,548,33554432,343.15,,
0,bench/30gib-8.bin,549,33554432,352.64,,
0,bench/30gib-8.bin,550,33554432,415.26,,
0,bench/30gib-8.bin,551,33554432,342.77,,
0,bench/30gib-8.bin,552,33554432,342.99,,
0,bench/30gib-8.bin,553,33554432,348.44,,
0,bench/30gib-8.bin,554,33554432,357.08,,
0,bench/30gib-8.bin,555,33554432,366.06,,
0,bench/30gib-8.bin,556,33554432,432.87,,
0,bench/30gib-8.bin,557,33554432,508.93,,
0,bench/30gib-8.bin,558,33554432,353.81,,
0,bench/30gib-8.bin,559,33554432,475.67,,
0,bench/30gib-8.bin,560,33554432,468.48,,
0,bench/30gib-8.bin,561,33554432,354.40,,
0,bench/30gib-8.bin,562,33554432,341.49,,
0,bench/30gib-8.bin,563,33554432,353.57,,
0,bench/30gib-8.bin,564,33554432,408.38,,
0,bench/30gib-8.bin,565,33554432,379.95,,
0,bench/30gib-8.bin,566,33554432,350.19,,
0,bench/30gib-8.bin,567,33554432,352.84,,
0,bench/30gib-8.bin,568,33554432,597.00,,
0,bench/30gib-8.bin,569,33554432,445.63,,
0,bench/30gib-8.bin,570,33554432,374.84,,
0,bench/30gib-8.bin,571,33554432,368.19,,
0,bench/30gib-8.bin,572,33554432,509.90,,
0,bench/30gib-8.bin,573,33554432,621.83,,
0,bench/30gib-8.bin,574,33554432,341.44,,
0,bench/30gib-8.bin,575,33554432,349.25,,
0,bench/30gib-8.bin,576,33554432,341.65,,
0,bench/30gib-8.bin,577,33554432,517.78,,
0,bench/30gib-8.bin,578,33554432,365.86,,
0,bench/30gib-8.bin,579,33554432,365.34,,
0,bench/30gib-8.bin,580,33554432,365.01,,
0,bench/30gib-8.bin,581,33554432,364.71,,
0,bench/30gib-8.bin,582,33554432,443.41,,
0,bench/30gib-8.bin,583,33554432,576.15,,
0,bench/30gib-8.bin,584,33554432,427.64,,
0,bench/30gib-8.bin,585,33554432,366.17,,
0,bench/30gib-8.bin,586,33554432,353.16,,
0,bench/30gib-8.bin,587,33554432,352.29,,
0,bench/30gib-8.bin,588,33554432,435.03,,
0,bench/30gib-8.bin,589,33554432,361.17,,
0,bench/30gib-8.bin,590,33554432,414.25,,
0,bench/30gib-8.bin,591,33554432,462.66,,
0,bench/30gib-8.bin,592,33554432,354.36,,
0,bench/30gib-8.bin,593,33554432,424.86,,
0,bench/30gib-8.bin,594,33554432,413.66,,
0,bench/30gib-8.bin,595,33554432,437.31,,
0,bench/30gib-8.bin,596,33554432,385.85,,
0,bench/30gib-8.bin,597,33554432,465.93,,
0,bench/30gib-8.bin,598,33554432,412.26,,
0,bench/30gib-8.bin,599,33554432,340.45,,
0,bench/30gib-8.bin,600,33554432,354.91,,
0,bench/30gib-8.bin,601,33554432,452.13,,
0,bench/30gib-8.bin,602,33554432,521.04,,
0,bench/30gib-8.bin,603,33554432,356.14,,
0,bench/30gib-8.bin,604,33554432,344.91,,
0,bench/30gib-8.bin,605,33554432,386.25,,
0,bench/30gib-8.bin,606,33554432,346.48,,
0,bench/30gib-8.bin,607,33554432,340.61,,
0,bench/30gib-8.bin,608,33554432,415.32,,
0,bench/30gib-8.bin,609,33554432,345.36,,
0,bench/30gib-8.bin,610,33554432,451.02,,
0,bench/30gib-8.bin,611,33554432,568.49,,
0,bench/30gib-8.bin,612,33554432,497.63,,
0,bench/30gib-8.bin,613,33554432,349.35,,
0,bench/30gib-8.bin,614,33554432,341.31,,
0,bench/30gib-8.bin,615,33554432,584.66,,
0,bench/30gib-8.bin,616,33554432,395.16,,
0,bench/30gib-8.bin,617,33554432,426.91,,
0,bench/30gib-8.bin,618,33554432,345.45,,
0,bench/30gib-8.bin,619,33554432,339.43,,
0,bench/30gib-8.bin,620,33554432,384.66,,
0,bench/30gib-8.bin,621,33554432,525.25,,
0,bench/30gib-8.bin,622,33554432,392.15,,
0,bench/30gib-8.bin,623,33554432,345.01,,
0,bench/30gib-8.bin,624,33554432,490.39,,
0,bench/30gib-8.bin,625,33554432,445.26,,
0,bench/30gib-8.bin,626,33554432,423.89,,
0,bench/30gib-8.bin,627,33554432,448.08,,
0,bench/30gib-8.bin,628,33554432,406.33,,
0,bench/30gib-8.bin,629,33554432,341.30,,
0,bench/30gib-8.bin,630,33554432,673.38,,
0,bench/30gib-8.bin,631,33554432,494.19,,
0,bench/30gib-8.bin,632,33554432,381.60,,
0,bench/30gib-8.bin,633,33554432,341.97,,
0,bench/30gib-8.bin,634,33554432,484.56,,
0,bench/30gib-8.bin,635,33554432,345.53,,
0,bench/30gib-8.bin,636,33554432,362.11,,
0,bench/30gib-8.bin,637,33554432,340.78,,
0,bench/30gib-8.bin,638,33554432,410.54,,
0,bench/30gib-8.bin,639,33554432,366.65,,
0,bench/30gib-8.bin,640,33554432,349.41,,
0,bench/30gib-8.bin,641,33554432,372.41,,
0,bench/30gib-8.bin,642,33554432,397.46,,
0,bench/30gib-8.bin,643,33554432,454.60,,
0,bench/30gib-8.bin,644,33554432,393.19,,
0,bench/30gib-8.bin,645,33554432,394.18,,
0,bench/30gib-8.bin,646,33554432,437.12,,
0,bench/30gib-8.bin,647,33554432,357.18,,
0,bench/30gib-8.bin,648,33554432,467.40,,
0,bench/30gib-8.bin,649,33554432,351.17,,
0,bench/30gib-8.bin,650,33554432,403.39,,
0,bench/30gib-8.bin,651,33554432,350.69,,
0,bench/30gib-8.bin,652,33554432,441.50,,
0,bench/30gib-8.bin,653,33554432,380.74,,
0,bench/30gib-8.bin,654,33554432,383.80,,
0,bench/30gib-8.bin,655,33554432,380.58,,
0,bench/30gib-8.bin,656,33554432,467.90,,
0,bench/30gib-8.bin,657,33554432,373.07,,
0,bench/30gib-8.bin,658,33554432,467.07,,
0,bench/30gib-8.bin,659,33554432,340.44,,
0,bench/30gib-8.bin,660,33554432,385.43,,
0,bench/30gib-8.bin,661,33554432,465.23,,
0,bench/30gib-8.bin,662,33554432,447.11,,
0,bench/30gib-8.bin,663,33554432,344.37,,
0,bench/30gib-8.bin,664,33554432,473.85,,
0,bench/30gib-8.bin,665,33554432,344.04,,
0,bench/30gib-8.bin,666,33554432,380.16,,
0,bench/30gib-8.bin,667,33554432,452.73,,
0,bench/30gib-8.bin,668,33554432,361.83,,
0,bench/30gib-8.bin,669,33554432,342.68,,
0,bench/30gib-8.bin,670,33554432,449.20,,
0,bench/30gib-8.bin,671,33554432,415.81,,
0,bench/30gib-8.bin,672,33554432,343.98,,
0,bench/30gib-8.bin,673,33554432,347.33,,
0,bench/30gib-8.bin,674,33554432,353.03,,
0,bench/30gib-8.bin,675,33554432,457.86,,
0,bench/30gib-8.bin,676,33554432,466.17,,
0,bench/30gib-8.bin,677,33554432,398.70,,
0,bench/30gib-8.bin,678,33554432,342.86,,
0,bench/30gib-8.bin,679,33554432,441.11,,
0,bench/30gib-8.bin,680,33554432,358.37,,
0,bench/30gib-8.bin,681,33554432,360.14,,
0,bench/30gib-8.bin,682,33554432,341.53,,
0,bench/30gib-8.bin,683,33554432,397.44,,
0,bench/30gib-8.bin,684,33554432,362.41,,
0,bench/30gib-8.bin,685,33554432,370.85,,
0,bench/30gib-8.bin,686,33554432,343.69,,
0,bench/30gib-8.bin,687,33554432,440.04,,
0,bench/30gib-8.bin,688,33554432,441.97,,
0,bench/30gib-8.bin,689,33554432,341.83,,
0,bench/30gib-8.bin,690,33554432,355.50,,
0,bench/30gib-8.bin,691,33554432,356.11,,
0,bench/30gib-8.bin,692,33554432,366.58,,
0,bench/30gib-8.bin,693,33554432,376.02,,
0,bench/30gib-8.bin,694,33554432,532.41,,
0,bench/30gib-8.bin,695,33554432,341.65,,
0,bench/30gib-8.bin,696,33554432,382.39,,
0,bench/30gib-8.bin,697,33554432,430.99,,
0,bench/30gib-8.bin,698,33554432,440.84,,
0,bench/30gib-8.bin,699,33554432,414.53,,
0,bench/30gib-8.bin,700,33554432,474.66,,
0,bench/30gib-8.bin,701,33554432,499.34,,
0,bench/30gib-8.bin,702,33554432,342.87,,
0,bench/30gib-8.bin,703,33554432,472.82,,
0,bench/30gib-8.bin,704,33554432,435.36,,
0,bench/30gib-8.bin,705,33554432,390.85,,
0,bench/30gib-8.bin,706,33554432,373.39,,
0,bench/30gib-8.bin,707,33554432,386.87,,
0,bench/30gib-8.bin,708,33554432,347.31,,
0,bench/30gib-8.bin,709,33554432,358.81,,
0,bench/30gib-8.bin,710,33554432,409.36,,
0,bench/30gib-8.bin,711,33554432,386.58,,
0,bench/30gib-8.bin,712,33554432,417.17,,
0,bench/30gib-8.bin,713,33554432,438.85,,
0,bench/30gib-8.bin,714,33554432,345.15,,
0,bench/30gib-8.bin,715,33554432,401.70,,
0,bench/30gib-8.bin,716,33554432,507.92,,
0,bench/30gib-8.bin,717,33554432,351.70,,
0,bench/30gib-8.bin,718,33554432,540.76,,
0,bench/30gib-8.bin,719,33554432,346.08,,
0,bench/30gib-8.bin,720,33554432,343.09,,
0,bench/30gib-8.bin,721,33554432,491.58,,
0,bench/30gib-8.bin,722,33554432,521.23,,
0,bench/30gib-8.bin,723,33554432,459.78,,
0,bench/30gib-8.bin,724,33554432,343.41,,
0,bench/30gib-8.bin,725,33554432,476.32,,
0,bench/30gib-8.bin,726,33554432,427.24,,
0,bench/30gib-8.bin,727,33554432,438.60,,
0,bench/30gib-8.bin,728,33554432,406.46,,
0,bench/30gib-8.bin,729,33554432,454.69,,
0,bench/30gib-8.bin,730,33554432,343.42,,
0,bench/30gib-8.bin,731,33554432,366.99,,
0,bench/30gib-8.bin,732,33554432,377.03,,
0,bench/30gib-8.bin,733,33554432,360.49,,
0,bench/30gib-8.bin,734,33554432,427.23,,
0,bench/30gib-8.bin,735,33554432,342.65,,
0,bench/30gib-8.bin,736,33554432,348.16,,
0,bench/30gib-8.bin,737,33554432,553.38,,
0,bench/30gib-8.bin,738,33554432,397.22,,
0,bench/30gib-8.bin,739,33554432,342.39,,
0,bench/30gib-8.bin,740,33554432,351.24,,
0,bench/30gib-8.bin,741,33554432,433.89,,
0,bench/30gib-8.bin,742,33554432,423.75,,
0,bench/30gib-8.bin,743,33554432,480.30,,
0,bench/30gib-8.bin,744,33554432,435.09,,
0,bench/30gib-8.bin,745,33554432,429.39,,
0,bench/30gib-8.bin,746,33554432,347.15,,
0,bench/30gib-8.bin,747,33554432,349.65,,
0,bench/30gib-8.bin,748,33554432,398.78,,
0,bench/30gib-8.bin,749,33554432,435.87,,
0,bench/30gib-8.bin,750,33554432,351.72,,
0,bench/30gib-8.bin,751,33554432,413.67,,
0,bench/30gib-8.bin,752,33554432,364.01,,
0,bench/30gib-8.bin,753,33554432,355.13,,
0,bench/30gib-8.bin,754,33554432,353.79,,
0,bench/30gib-8.bin,755,33554432,380.16,,
0,bench/30gib-8.bin,756,33554432,443.68,,
0,bench/30gib-8.bin,757,33554432,378.26,,
0,bench/30gib-8.bin,758,33554432,361.13,,
0,bench/30gib-8.bin,759,33554432,489.26,,
0,bench/30gib-8.bin,760,33554432,499.77,,
0,bench/30gib-8.bin,761,33554432,360.97,,
0,bench/30gib-8.bin,762,33554432,341.06,,
0,bench/30gib-8.bin,763,33554432,434.39,,
0,bench/30gib-8.bin,764,33554432,398.07,,
0,bench/30gib-8.bin,765,33554432,523.95,,
0,bench/30gib-8.bin,766,33554432,342.67,,
0,bench/30gib-8.bin,767,33554432,474.88,,
0,bench/30gib-8.bin,768,33554432,398.36,,
0,bench/30gib-8.bin,769,33554432,486.23,,
0,bench/30gib-8.bin,770,33554432,395.93,,
0,bench/30gib-8.bin,771,33554432,467.27,,
0,bench/30gib-8.bin,772,33554432,350.27,,
0,bench/30gib-8.bin,773,33554432,348.30,,
0,bench/30gib-8.bin,774,33554432,438.03,,
0,bench/30gib-8.bin,775,33554432,440.83,,
0,bench/30gib-8.bin,776,33554432,345.63,,
0,bench/30gib-8.bin,777,33554432,370.65,,
0,bench/30gib-8.bin,778,33554432,507.97,,
0,bench/30gib-8.bin,779,33554432,351.88,,
0,bench/30gib-8.bin,780,33554432,342.08,,
0,bench/30gib-8.bin,781,33554432,361.13,,
0,bench/30gib-8.bin,782,33554432,419.10,,
0,bench/30gib-8.bin,783,33554432,361.29,,
0,bench/30gib-8.bin,784,33554432,349.03,,
0,bench/30gib-8.bin,785,33554432,584.92,,
0,bench/30gib-8.bin,786,33554432,368.13,,
0,bench/30gib-8.bin,787,33554432,468.32,,
0,bench/30gib-8.bin,788,33554432,487.54,,
0,bench/30gib-8.bin,789,33554432,344.47,,
0,bench/30gib-8.bin,790,33554432,500.57,,
0,bench/30gib-8.bin,791,33554432,390.19,,
0,bench/30gib-8.bin,792,33554432,358.94,,
0,bench/30gib-8.bin,793,33554432,500.06,,
0,bench/30gib-8.bin,794,33554432,417.12,,
0,bench/30gib-8.bin,795,33554432,348.26,,
0,bench/30gib-8.bin,796,33554432,354.94,,
0,bench/30gib-8.bin,797,33554432,377.18,,
0,bench/30gib-8.bin,798,33554432,343.14,,
0,bench/30gib-8.bin,799,33554432,391.16,,
0,bench/30gib-8.bin,800,33554432,380.00,,
0,bench/30gib-8.bin,801,33554432,344.71,,
0,bench/30gib-8.bin,802,33554432,377.70,,
0,bench/30gib-8.bin,803,33554432,428.47,,
0,bench/30gib-8.bin,804,33554432,410.19,,
0,bench/30gib-8.bin,805,33554432,578.81,,
0,bench/30gib-8.bin,806,33554432,400.04,,
0,bench/30gib-8.bin,807,33554432,506.20,,
0,bench/30gib-8.bin,808,33554432,402.36,,
0,bench/30gib-8.bin,809,33554432,494.39,,
0,bench/30gib-8.bin,810,33554432,529.90,,
0,bench/30gib-8.bin,811,33554432,379.62,,
0,bench/30gib-8.bin,812,33554432,346.81,,
0,bench/30gib-8.bin,813,33554432,423.63,,
0,bench/30gib-8.bin,814,33554432,407.70,,
0,bench/30gib-8.bin,815,33554432,392.35,,
0,bench/30gib-8.bin,816,33554432,368.04,,
0,bench/30gib-8.bin,817,33554432,342.09,,
0,bench/30gib-8.bin,818,33554432,499.25,,
0,bench/30gib-8.bin,819,33554432,452.52,,
0,bench/30gib-8.bin,820,33554432,365.20,,
0,bench/30gib-8.bin,821,33554432,683.66,,
0,bench/30gib-8.bin,822,33554432,377.65,,
0,bench/30gib-8.bin,823,33554432,629.96,,
0,bench/30gib-8.bin,824,33554432,377.00,,
0,bench/30gib-8.bin,825,33554432,472.28,,
0,bench/30gib-8.bin,826,33554432,339.25,,
0,bench/30gib-8.bin,827,33554432,456.34,,
0,bench/30gib-8.bin,828,33554432,414.95,,
0,bench/30gib-8.bin,829,33554432,382.04,,
0,bench/30gib-8.bin,830,33554432,672.72,,
0,bench/30gib-8.bin,831,33554432,356.70,,
0,bench/30gib-8.bin,832,33554432,430.92,,
0,bench/30gib-8.bin,833,33554432,501.51,,
0,bench/30gib-8.bin,834,33554432,361.98,,
0,bench/30gib-8.bin,835,33554432,363.81,,
0,bench/30gib-8.bin,836,33554432,351.66,,
0,bench/30gib-8.bin,837,33554432,433.94,,
0,bench/30gib-8.bin,838,33554432,359.22,,
0,bench/30gib-8.bin,839,33554432,410.03,,
0,bench/30gib-8.bin,840,33554432,389.03,,
0,bench/30gib-8.bin,841,33554432,368.02,,
0,bench/30gib-8.bin,842,33554432,343.90,,
0,bench/30gib-8.bin,843,33554432,417.98,,
0,bench/30gib-8.bin,844,33554432,350.10,,
0,bench/30gib-8.bin,845,33554432,428.06,,
0,bench/30gib-8.bin,846,33554432,620.40,,
0,bench/30gib-8.bin,847,33554432,372.30,,
0,bench/30gib-8.bin,848,33554432,381.82,,
0,bench/30gib-8.bin,849,33554432,365.23,,
0,bench/30gib-8.bin,850,33554432,343.80,,
0,bench/30gib-8.bin,851,33554432,361.66,,
0,bench/30gib-8.bin,852,33554432,612.04,,
0,bench/30gib-8.bin,853,33554432,458.05,,
0,bench/30gib-8.bin,854,33554432,451.52,,
0,bench/30gib-8.bin,855,33554432,417.43,,
0,bench/30gib-8.bin,856,33554432,407.94,,
0,bench/30gib-8.bin,857,33554432,346.18,,
0,bench/30gib-8.bin,858,33554432,341.82,,
0,bench/30gib-8.bin,859,33554432,509.02,,
0,bench/30gib-8.bin,860,33554432,652.13,,
0,bench/30gib-8.bin,861,33554432,452.48,,
0,bench/30gib-8.bin,862,33554432,386.78,,
0,bench/30gib-8.bin,863,33554432,524.47,,
0,bench/30gib-8.bin,864,33554432,349.99,,
0,bench/30gib-8.bin,865,33554432,538.05,,
0,bench/30gib-8.bin,866,33554432,413.31,,
0,bench/30gib-8.bin,867,33554432,373.58,,
0,bench/30gib-8.bin,868,33554432,362.35,,
0,bench/30gib-8.bin,869,33554432,342.08,,
0,bench/30gib-8.bin,870,33554432,344.23,,
0,bench/30gib-8.bin,871,33554432,380.75,,
0,bench/30gib-8.bin,872,33554432,343.63,,
0,bench/30gib-8.bin,873,33554432,524.48,,
0,bench/30gib-8.bin,874,33554432,385.70,,
0,bench/30gib-8.bin,875,33554432,349.47,,
0,bench/30gib-8.bin,876,33554432,384.12,,
0,bench/30gib-8.bin,877,33554432,386.29,,
0,bench/30gib-8.bin,878,33554432,454.37,,
0,bench/30gib-8.bin,879,33554432,397.29,,
0,bench/30gib-8.bin,880,33554432,454.18,,
0,bench/30gib-8.bin,881,33554432,344.44,,
0,bench/30gib-8.bin,882,33554432,492.02,,
0,bench/30gib-8.bin,883,33554432,405.51,,
0,bench/30gib-8.bin,884,33554432,533.85,,
0,bench/30gib-8.bin,885,33554432,395.03,,
0,bench/30gib-8.bin,886,33554432,478.51,,
0,bench/30gib-8.bin,887,33554432,490.15,,
0,bench/30gib-8.bin,888,33554432,360.18,,
0,bench/30gib-8.bin,889,33554432,747.82,,
0,bench/30gib-8.bin,890,33554432,397.08,,
0,bench/30gib-8.bin,891,33554432,442.94,,
0,bench/30gib-8.bin,892,33554432,453.26,,
0,bench/30gib-8.bin,893,33554432,434.13,,
0,bench/30gib-8.bin,894,33554432,443.88,,
0,bench/30gib-8.bin,895,33554432,347.42,,
0,bench/30gib-8.bin,896,33554432,402.22,,
0,bench/30gib-8.bin,897,33554432,427.47,,
0,bench/30gib-8.bin,898,33554432,495.39,,
0,bench/30gib-8.bin,899,33554432,405.22,,
0,bench/30gib-8.bin,900,33554432,413.12,,
0,bench/30gib-8.bin,901,33554432,835.06,,
0,bench/30gib-8.bin,902,33554432,361.34,,
0,bench/30gib-8.bin,903,33554432,423.16,,
0,bench/30gib-8.bin,904,33554432,345.21,,
0,bench/30gib-8.bin,905,33554432,381.32,,
0,bench/30gib-8.bin,906,33554432,390.22,,
0,bench/30gib-8.bin,907,33554432,361.07,,
0,bench/30gib-8.bin,908,33554432,469.03,,
0,bench/30gib-8.bin,909,33554432,484.86,,
0,bench/30gib-8.bin,910,33554432,502.96,,
0,bench/30gib-8.bin,911,33554432,366.54,,
0,bench/30gib-8.bin,912,33554432,494.93,,
0,bench/30gib-8.bin,913,33554432,346.65,,
0,bench/30gib-8.bin,914,33554432,397.16,,
0,bench/30gib-8.bin,915,33554432,400.08,,
0,bench/30gib-8.bin,916,33554432,348.89,,
0,bench/30gib-8.bin,917,33554432,342.45,,
0,bench/30gib-8.bin,918,33554432,819.47,,
0,bench/30gib-8.bin,919,33554432,422.73,,
0,bench/30gib-8.bin,920,33554432,397.97,,
0,bench/30gib-8.bin,921,33554432,502.72,,
0,bench/30gib-8.bin,922,33554432,436.70,,
0,bench/30gib-8.bin,923,33554432,341.24,,
0,bench/30gib-8.bin,924,33554432,347.77,,
0,bench/30gib-8.bin,925,33554432,348.14,,
0,bench/30gib-8.bin,926,33554432,413.09,,
0,bench/30gib-8.bin,927,33554432,344.86,,
0,bench/30gib-8.bin,928,33554432,708.18,,
0,bench/30gib-8.bin,929,33554432,438.71,,
0,bench/30gib-8.bin,930,33554432,339.67,,
0,bench/30gib-8.bin,931,33554432,380.69,,
0,bench/30gib-8.bin,932,33554432,391.63,,
0,bench/30gib-8.bin,933,33554432,427.44,,
0,bench/30gib-8.bin,934,33554432,397.02,,
0,bench/30gib-8.bin,935,33554432,341.35,,
0,bench/30gib-8.bin,936,33554432,349.23,,
0,bench/30gib-8.bin,937,33554432,347.69,,
0,bench/30gib-8.bin,938,33554432,480.22,,
0,bench/30gib-8.bin,939,33554432,447.71,,
0,bench/30gib-8.bin,940,33554432,552.69,,
0,bench/30gib-8.bin,941,33554432,342.43,,
0,bench/30gib-8.bin,942,33554432,379.78,,
0,bench/30gib-8.bin,943,33554432,351.22,,
0,bench/30gib-8.bin,944,33554432,500.54,,
0,bench/30gib-8.bin,945,33554432,423.35,,
0,bench/30gib-8.bin,946,33554432,418.96,,
0,bench/30gib-8.bin,947,33554432,348.25,,
0,bench/30gib-8.bin,948,33554432,346.11,,
0,bench/30gib-8.bin,949,33554432,382.86,,
0,bench/30gib-8.bin,950,33554432,348.79,,
0,bench/30gib-8.bin,951,33554432,467.02,,
0,bench/30gib-8.bin,952,33554432,341.83,,
0,bench/30gib-8.bin,953,33554432,570.39,,
0,bench/30gib-8.bin,954,33554432,363.77,,
0,bench/30gib-8.bin,955,33554432,341.75,,
0,bench/30gib-8.bin,956,33554432,400.69,,
0,bench/30gib-8.bin,957,33554432,350.76,,
0,bench/30gib-8.bin,958,33554432,451.22,,
0,bench/30gib-8.bin,959,33554432,340.03,,
0,bench/30gib-8.bin,960,33554432,347.63,,
0,bench/30gib-9.bin,1,33554432,1299.44,,
0,bench/30gib-9.bin,2,33554432,1575.97,,
0,bench/30gib-9.bin,3,33554432,1641.78,,
0,bench/30gib-9.bin,4,33554432,615.99,,
0,bench/30gib-9.bin,5,33554432,1585.69,,
0,bench/30gib-9.bin,6,33554432,929.99,,
0,bench/30gib-9.bin,7,33554432,1817.92,,
0,bench/30gib-9.bin,8,33554432,1298.96,,
0,bench/30gib-9.bin,9,33554432,1792.60,,
0,bench/30gib-9.bin,10,33554432,1926.08,,
0,bench/30gib-9.bin,11,33554432,1453.73,,
0,bench/30gib-9.bin,12,33554432,971.89,,
0,bench/30gib-9.bin,13,33554432,1508.86,,
0,bench/30gib-9.bin,14,33554432,1619.81,,
0,bench/30gib-9.bin,15,33554432,1704.53,,
0,bench/30gib-9.bin,16,33554432,862.39,,
0,bench/30gib-9.bin,17,33554432,1311.64,,
0,bench/30gib-9.bin,18,33554432,1424.83,,
0,bench/30gib-9.bin,19,33554432,1993.31,,
0,bench/30gib-9.bin,20,33554432,1550.02,,
0,bench/30gib-9.bin,21,33554432,2025.92,,
0,bench/30gib-9.bin,22,33554432,1915.69,,
0,bench/30gib-9.bin,23,33554432,2206.84,,
0,bench/30gib-9.bin,24,33554432,1430.54,,
0,bench/30gib-9.bin,25,33554432,2030.57,,
0,bench/30gib-9.bin,26,33554432,1408.53,,
0,bench/30gib-9.bin,27,33554432,1164.05,,
0,bench/30gib-9.bin,28,33554432,696.55,,
0,bench/30gib-9.bin,29,33554432,1094.84,,
0,bench/30gib-9.bin,30,33554432,608.82,,
0,bench/30gib-9.bin,31,33554432,764.59,,
0,bench/30gib-9.bin,32,33554432,967.95,,
0,bench/30gib-9.bin,33,33554432,743.49,,
0,bench/30gib-9.bin,34,33554432,1006.51,,
0,bench/30gib-9.bin,35,33554432,711.68,,
0,bench/30gib-9.bin,36,33554432,535.63,,
0,bench/30gib-9.bin,37,33554432,775.95,,
0,bench/30gib-9.bin,38,33554432,340.99,,
0,bench/30gib-9.bin,39,33554432,622.49,,
0,bench/30gib-9.bin,40,33554432,367.70,,
0,bench/30gib-9.bin,41,33554432,616.37,,
0,bench/30gib-9.bin,42,33554432,648.72,,
0,bench/30gib-9.bin,43,33554432,518.42,,
0,bench/30gib-9.bin,44,33554432,360.31,,
0,bench/30gib-9.bin,45,33554432,532.03,,
0,bench/30gib-9.bin,46,33554432,805.98,,
0,bench/30gib-9.bin,47,33554432,753.62,,
0,bench/30gib-9.bin,48,33554432,426.58,,
0,bench/30gib-9.bin,49,33554432,600.81,,
0,bench/30gib-9.bin,50,33554432,534.23,,
0,bench/30gib-9.bin,51,33554432,485.08,,
0,bench/30gib-9.bin,52,33554432,789.46,,
0,bench/30gib-9.bin,53,33554432,633.64,,
0,bench/30gib-9.bin,54,33554432,567.67,,
0,bench/30gib-9.bin,55,33554432,416.05,,
0,bench/30gib-9.bin,56,33554432,765.39,,
0,bench/30gib-9.bin,57,33554432,816.30,,
0,bench/30gib-9.bin,58,33554432,655.91,,
0,bench/30gib-9.bin,59,33554432,444.42,,
0,bench/30gib-9.bin,60,33554432,552.10,,
0,bench/30gib-9.bin,61,33554432,777.19,,
0,bench/30gib-9.bin,62,33554432,459.36,,
0,bench/30gib-9.bin,63,33554432,504.50,,
0,bench/30gib-9.bin,64,33554432,354.40,,
0,bench/30gib-9.bin,65,33554432,629.70,,
0,bench/30gib-9.bin,66,33554432,394.25,,
0,bench/30gib-9.bin,67,33554432,564.34,,
0,bench/30gib-9.bin,68,33554432,445.79,,
0,bench/30gib-9.bin,69,33554432,450.03,,
0,bench/30gib-9.bin,70,33554432,345.06,,
0,bench/30gib-9.bin,71,33554432,360.32,,
0,bench/30gib-9.bin,72,33554432,432.85,,
0,bench/30gib-9.bin,73,33554432,490.51,,
0,bench/30gib-9.bin,74,33554432,512.80,,
0,bench/30gib-9.bin,75,33554432,350.91,,
0,bench/30gib-9.bin,76,33554432,504.02,,
0,bench/30gib-9.bin,77,33554432,582.07,,
0,bench/30gib-9.bin,78,33554432,664.17,,
0,bench/30gib-9.bin,79,33554432,354.02,,
0,bench/30gib-9.bin,80,33554432,453.03,,
0,bench/30gib-9.bin,81,33554432,409.38,,
0,bench/30gib-9.bin,82,33554432,468.51,,
0,bench/30gib-9.bin,83,33554432,470.70,,
0,bench/30gib-9.bin,84,33554432,420.16,,
0,bench/30gib-9.bin,85,33554432,415.63,,
0,bench/30gib-9.bin,86,33554432,398.31,,
0,bench/30gib-9.bin,87,33554432,381.91,,
0,bench/30gib-9.bin,88,33554432,463.53,,
0,bench/30gib-9.bin,89,33554432,409.60,,
0,bench/30gib-9.bin,90,33554432,377.28,,
0,bench/30gib-9.bin,91,33554432,511.16,,
0,bench/30gib-9.bin,92,33554432,391.08,,
0,bench/30gib-9.bin,93,33554432,385.85,,
0,bench/30gib-9.bin,94,33554432,352.38,,
0,bench/30gib-9.bin,95,33554432,372.09,,
0,bench/30gib-9.bin,96,33554432,345.74,,
0,bench/30gib-9.bin,97,33554432,463.88,,
0,bench/30gib-9.bin,98,33554432,343.23,,
0,bench/30gib-9.bin,99,33554432,638.06,,
0,bench/30gib-9.bin,100,33554432,356.91,,
0,bench/30gib-9.bin,101,33554432,361.75,,
0,bench/30gib-9.bin,102,33554432,360.38,,
0,bench/30gib-9.bin,103,33554432,363.15,,
0,bench/30gib-9.bin,104,33554432,686.70,,
0,bench/30gib-9.bin,105,33554432,417.09,,
0,bench/30gib-9.bin,106,33554432,425.51,,
0,bench/30gib-9.bin,107,33554432,693.46,,
0,bench/30gib-9.bin,108,33554432,375.26,,
0,bench/30gib-9.bin,109,33554432,375.96,,
0,bench/30gib-9.bin,110,33554432,524.28,,
0,bench/30gib-9.bin,111,33554432,348.44,,
0,bench/30gib-9.bin,112,33554432,343.40,,
0,bench/30gib-9.bin,113,33554432,378.78,,
0,bench/30gib-9.bin,114,33554432,453.94,,
0,bench/30gib-9.bin,115,33554432,486.71,,
0,bench/30gib-9.bin,116,33554432,343.24,,
0,bench/30gib-9.bin,117,33554432,359.45,,
0,bench/30gib-9.bin,118,33554432,346.20,,
0,bench/30gib-9.bin,119,33554432,347.40,,
0,bench/30gib-9.bin,120,33554432,344.98,,
0,bench/30gib-9.bin,121,33554432,383.24,,
0,bench/30gib-9.bin,122,33554432,377.49,,
0,bench/30gib-9.bin,123,33554432,342.91,,
0,bench/30gib-9.bin,124,33554432,346.42,,
0,bench/30gib-9.bin,125,33554432,405.34,,
0,bench/30gib-9.bin,126,33554432,422.25,,
0,bench/30gib-9.bin,127,33554432,356.59,,
0,bench/30gib-9.bin,128,33554432,383.50,,
0,bench/30gib-9.bin,129,33554432,648.05,,
0,bench/30gib-9.bin,130,33554432,347.33,,
0,bench/30gib-9.bin,131,33554432,346.08,,
0,bench/30gib-9.bin,132,33554432,374.47,,
0,bench/30gib-9.bin,133,33554432,491.19,,
0,bench/30gib-9.bin,134,33554432,349.29,,
0,bench/30gib-9.bin,135,33554432,484.34,,
0,bench/30gib-9.bin,136,33554432,391.05,,
0,bench/30gib-9.bin,137,33554432,371.26,,
0,bench/30gib-9.bin,138,33554432,457.73,,
0,bench/30gib-9.bin,139,33554432,377.01,,
0,bench/30gib-9.bin,140,33554432,350.01,,
0,bench/30gib-9.bin,141,33554432,384.55,,
0,bench/30gib-9.bin,142,33554432,343.62,,
0,bench/30gib-9.bin,143,33554432,342.72,,
0,bench/30gib-9.bin,144,33554432,576.33,,
0,bench/30gib-9.bin,145,33554432,373.12,,
0,bench/30gib-9.bin,146,33554432,375.85,,
0,bench/30gib-9.bin,147,33554432,466.66,,
0,bench/30gib-9.bin,148,33554432,467.94,,
0,bench/30gib-9.bin,149,33554432,343.02,,
0,bench/30gib-9.bin,150,33554432,425.27,,
0,bench/30gib-9.bin,151,33554432,344.52,,
0,bench/30gib-9.bin,152,33554432,437.95,,
0,bench/30gib-9.bin,153,33554432,375.52,,
0,bench/30gib-9.bin,154,33554432,419.23,,
0,bench/30gib-9.bin,155,33554432,691.81,,
0,bench/30gib-9.bin,156,33554432,423.35,,
0,bench/30gib-9.bin,157,33554432,355.25,,
0,bench/30gib-9.bin,158,33554432,341.59,,
0,bench/30gib-9.bin,159,33554432,397.28,,
0,bench/30gib-9.bin,160,33554432,411.61,,
0,bench/30gib-9.bin,161,33554432,341.77,,
0,bench/30gib-9.bin,162,33554432,444.72,,
0,bench/30gib-9.bin,163,33554432,368.80,,
0,bench/30gib-9.bin,164,33554432,343.10,,
0,bench/30gib-9.bin,165,33554432,341.60,,
0,bench/30gib-9.bin,166,33554432,405.41,,
0,bench/30gib-9.bin,167,33554432,394.41,,
0,bench/30gib-9.bin,168,33554432,420.58,,
0,bench/30gib-9.bin,169,33554432,413.29,,
0,bench/30gib-9.bin,170,33554432,342.21,,
0,bench/30gib-9.bin,171,33554432,662.25,,
0,bench/30gib-9.bin,172,33554432,430.20,,
0,bench/30gib-9.bin,173,33554432,438.23,,
0,bench/30gib-9.bin,174,33554432,383.88,,
0,bench/30gib-9.bin,175,33554432,355.50,,
0,bench/30gib-9.bin,176,33554432,451.02,,
0,bench/30gib-9.bin,177,33554432,351.93,,
0,bench/30gib-9.bin,178,33554432,475.71,,
0,bench/30gib-9.bin,179,33554432,341.23,,
0,bench/30gib-9.bin,180,33554432,350.13,,
0,bench/30gib-9.bin,181,33554432,477.80,,
0,bench/30gib-9.bin,182,33554432,437.09,,
0,bench/30gib-9.bin,183,33554432,342.19,,
0,bench/30gib-9.bin,184,33554432,381.04,,
0,bench/30gib-9.bin,185,33554432,342.53,,
0,bench/30gib-9.bin,186,33554432,387.98,,
0,bench/30gib-9.bin,187,33554432,343.10,,
0,bench/30gib-9.bin,188,33554432,377.49,,
0,bench/30gib-9.bin,189,33554432,429.13,,
0,bench/30gib-9.bin,190,33554432,547.16,,
0,bench/30gib-9.bin,191,33554432,380.76,,
0,bench/30gib-9.bin,192,33554432,423.75,,
0,bench/30gib-9.bin,193,33554432,347.13,,
0,bench/30gib-9.bin,194,33554432,357.72,,
0,bench/30gib-9.bin,195,33554432,353.14,,
0,bench/30gib-9.bin,196,33554432,513.16,,
0,bench/30gib-9.bin,197,33554432,362.82,,
0,bench/30gib-9.bin,198,33554432,497.35,,
0,bench/30gib-9.bin,199,33554432,368.27,,
0,bench/30gib-9.bin,200,33554432,343.72,,
0,bench/30gib-9.bin,201,33554432,372.45,,
0,bench/30gib-9.bin,202,33554432,343.00,,
0,bench/30gib-9.bin,203,33554432,398.47,,
0,bench/30gib-9.bin,204,33554432,392.46,,
0,bench/30gib-9.bin,205,33554432,346.19,,
0,bench/30gib-9.bin,206,33554432,496.17,,
0,bench/30gib-9.bin,207,33554432,470.79,,
0,bench/30gib-9.bin,208,33554432,406.31,,
0,bench/30gib-9.bin,209,33554432,420.57,,
0,bench/30gib-9.bin,210,33554432,656.00,,
0,bench/30gib-9.bin,211,33554432,400.00,,
0,bench/30gib-9.bin,212,33554432,456.99,,
0,bench/30gib-9.bin,213,33554432,344.04,,
0,bench/30gib-9.bin,214,33554432,481.44,,
0,bench/30gib-9.bin,215,33554432,359.77,,
0,bench/30gib-9.bin,216,33554432,347.30,,
0,bench/30gib-9.bin,217,33554432,539.30,,
0,bench/30gib-9.bin,218,33554432,390.43,,
0,bench/30gib-9.bin,219,33554432,355.06,,
0,bench/30gib-9.bin,220,33554432,644.75,,
0,bench/30gib-9.bin,221,33554432,355.22,,
0,bench/30gib-9.bin,222,33554432,430.03,,
0,bench/30gib-9.bin,223,33554432,379.71,,
0,bench/30gib-9.bin,224,33554432,344.60,,
0,bench/30gib-9.bin,225,33554432,344.87,,
0,bench/30gib-9.bin,226,33554432,427.51,,
0,bench/30gib-9.bin,227,33554432,505.88,,
0,bench/30gib-9.bin,228,33554432,412.36,,
0,bench/30gib-9.bin,229,33554432,486.25,,
0,bench/30gib-9.bin,230,33554432,464.78,,
0,bench/30gib-9.bin,231,33554432,434.37,,
0,bench/30gib-9.bin,232,33554432,402.81,,
0,bench/30gib-9.bin,233,33554432,367.28,,
0,bench/30gib-9.bin,234,33554432,618.23,,
0,bench/30gib-9.bin,235,33554432,438.35,,
0,bench/30gib-9.bin,236,33554432,426.13,,
0,bench/30gib-9.bin,237,33554432,342.38,,
0,bench/30gib-9.bin,238,33554432,350.26,,
0,bench/30gib-9.bin,239,33554432,404.76,,
0,bench/30gib-9.bin,240,33554432,576.87,,
0,bench/30gib-9.bin,241,33554432,341.21,,
0,bench/30gib-9.bin,242,33554432,714.25,,
0,bench/30gib-9.bin,243,33554432,342.39,,
0,bench/30gib-9.bin,244,33554432,492.67,,
0,bench/30gib-9.bin,245,33554432,483.94,,
0,bench/30gib-9.bin,246,33554432,341.83,,
0,bench/30gib-9.bin,247,33554432,419.99,,
0,bench/30gib-9.bin,248,33554432,350.49,,
0,bench/30gib-9.bin,249,33554432,345.03,,
0,bench/30gib-9.bin,250,33554432,378.92,,
0,bench/30gib-9.bin,251,33554432,415.01,,
0,bench/30gib-9.bin,252,33554432,364.41,,
0,bench/30gib-9.bin,253,33554432,537.30,,
0,bench/30gib-9.bin,254,33554432,441.05,,
0,bench/30gib-9.bin,255,33554432,352.55,,
0,bench/30gib-9.bin,256,33554432,630.99,,
0,bench/30gib-9.bin,257,33554432,433.55,,
0,bench/30gib-9.bin,258,33554432,482.26,,
0,bench/30gib-9.bin,259,33554432,534.24,,
0,bench/30gib-9.bin,260,33554432,389.69,,
0,bench/30gib-9.bin,261,33554432,378.03,,
0,bench/30gib-9.bin,262,33554432,418.52,,
0,bench/30gib-9.bin,263,33554432,447.06,,
0,bench/30gib-9.bin,264,33554432,382.87,,
0,bench/30gib-9.bin,265,33554432,341.37,,
0,bench/30gib-9.bin,266,33554432,368.73,,
0,bench/30gib-9.bin,267,33554432,432.15,,
0,bench/30gib-9.bin,268,33554432,356.98,,
0,bench/30gib-9.bin,269,33554432,458.75,,
0,bench/30gib-9.bin,270,33554432,389.34,,
0,bench/30gib-9.bin,271,33554432,344.90,,
0,bench/30gib-9.bin,272,33554432,568.60,,
0,bench/30gib-9.bin,273,33554432,421.99,,
0,bench/30gib-9.bin,274,33554432,434.90,,
0,bench/30gib-9.bin,275,33554432,488.69,,
0,bench/30gib-9.bin,276,33554432,349.36,,
0,bench/30gib-9.bin,277,33554432,570.67,,
0,bench/30gib-9.bin,278,33554432,385.96,,
0,bench/30gib-9.bin,279,33554432,345.79,,
0,bench/30gib-9.bin,280,33554432,343.76,,
0,bench/30gib-9.bin,281,33554432,341.43,,
0,bench/30gib-9.bin,282,33554432,431.31,,
0,bench/30gib-9.bin,283,33554432,383.04,,
0,bench/30gib-9.bin,284,33554432,392.69,,
0,bench/30gib-9.bin,285,33554432,340.62,,
0,bench/30gib-9.bin,286,33554432,720.30,,
0,bench/30gib-9.bin,287,33554432,368.71,,
0,bench/30gib-9.bin,288,33554432,340.45,,
0,bench/30gib-9.bin,289,33554432,450.79,,
0,bench/30gib-9.bin,290,33554432,482.04,,
0,bench/30gib-9.bin,291,33554432,370.41,,
0,bench/30gib-9.bin,292,33554432,400.61,,
0,bench/30gib-9.bin,293,33554432,363.13,,
0,bench/30gib-9.bin,294,33554432,361.10,,
0,bench/30gib-9.bin,295,33554432,384.07,,
0,bench/30gib-9.bin,296,33554432,354.95,,
0,bench/30gib-9.bin,297,33554432,422.99,,
0,bench/30gib-9.bin,298,33554432,345.57,,
0,bench/30gib-9.bin,299,33554432,346.24,,
0,bench/30gib-9.bin,300,33554432,546.36,,
0,bench/30gib-9.bin,301,33554432,451.58,,
0,bench/30gib-9.bin,302,33554432,356.37,,
0,bench/30gib-9.bin,303,33554432,544.92,,
0,bench/30gib-9.bin,304,33554432,417.55,,
0,bench/30gib-9.bin,305,33554432,418.53,,
0,bench/30gib-9.bin,306,33554432,360.56,,
0,bench/30gib-9.bin,307,33554432,663.07,,
0,bench/30gib-9.bin,308,33554432,513.73,,
0,bench/30gib-9.bin,309,33554432,355.83,,
0,bench/30gib-9.bin,310,33554432,417.60,,
0,bench/30gib-9.bin,311,33554432,498.33,,
0,bench/30gib-9.bin,312,33554432,786.76,,
0,bench/30gib-9.bin,313,33554432,418.23,,
0,bench/30gib-9.bin,314,33554432,525.64,,
0,bench/30gib-9.bin,315,33554432,508.31,,
0,bench/30gib-9.bin,316,33554432,473.07,,
0,bench/30gib-9.bin,317,33554432,425.18,,
0,bench/30gib-9.bin,318,33554432,408.23,,
0,bench/30gib-9.bin,319,33554432,392.65,,
0,bench/30gib-9.bin,320,33554432,388.41,,
0,bench/30gib-9.bin,321,33554432,415.01,,
0,bench/30gib-9.bin,322,33554432,612.72,,
0,bench/30gib-9.bin,323,33554432,369.61,,
0,bench/30gib-9.bin,324,33554432,576.52,,
0,bench/30gib-9.bin,325,33554432,407.92,,
0,bench/30gib-9.bin,326,33554432,535.22,,
0,bench/30gib-9.bin,327,33554432,421.62,,
0,bench/30gib-9.bin,328,33554432,340.28,,
0,bench/30gib-9.bin,329,33554432,347.55,,
0,bench/30gib-9.bin,330,33554432,412.74,,
0,bench/30gib-9.bin,331,33554432,417.42,,
0,bench/30gib-9.bin,332,33554432,399.32,,
0,bench/30gib-9.bin,333,33554432,349.16,,
0,bench/30gib-9.bin,334,33554432,555.09,,
0,bench/30gib-9.bin,335,33554432,416.28,,
0,bench/30gib-9.bin,336,33554432,354.30,,
0,bench/30gib-9.bin,337,33554432,372.15,,
0,bench/30gib-9.bin,338,33554432,342.85,,
0,bench/30gib-9.bin,339,33554432,344.90,,
0,bench/30gib-9.bin,340,33554432,627.57,,
0,bench/30gib-9.bin,341,33554432,352.66,,
0,bench/30gib-9.bin,342,33554432,466.00,,
0,bench/30gib-9.bin,343,33554432,410.46,,
0,bench/30gib-9.bin,344,33554432,470.14,,
0,bench/30gib-9.bin,345,33554432,390.65,,
0,bench/30gib-9.bin,346,33554432,564.84,,
0,bench/30gib-9.bin,347,33554432,475.45,,
0,bench/30gib-9.bin,348,33554432,442.12,,
0,bench/30gib-9.bin,349,33554432,512.67,,
0,bench/30gib-9.bin,350,33554432,539.01,,
0,bench/30gib-9.bin,351,33554432,535.62,,
0,bench/30gib-9.bin,352,33554432,346.97,,
0,bench/30gib-9.bin,353,33554432,348.62,,
0,bench/30gib-9.bin,354,33554432,709.94,,
0,bench/30gib-9.bin,355,33554432,396.43,,
0,bench/30gib-9.bin,356,33554432,343.43,,
0,bench/30gib-9.bin,357,33554432,504.20,,
0,bench/30gib-9.bin,358,33554432,427.64,,
0,bench/30gib-9.bin,359,33554432,395.02,,
0,bench/30gib-9.bin,360,33554432,480.97,,
0,bench/30gib-9.bin,361,33554432,385.51,,
0,bench/30gib-9.bin,362,33554432,374.60,,
0,bench/30gib-9.bin,363,33554432,585.97,,
0,bench/30gib-9.bin,364,33554432,352.76,,
0,bench/30gib-9.bin,365,33554432,403.33,,
0,bench/30gib-9.bin,366,33554432,339.71,,
0,bench/30gib-9.bin,367,33554432,340.33,,
0,bench/30gib-9.bin,368,33554432,553.71,,
0,bench/30gib-9.bin,369,33554432,565.86,,
0,bench/30gib-9.bin,370,33554432,517.82,,
0,bench/30gib-9.bin,371,33554432,436.63,,
0,bench/30gib-9.bin,372,33554432,346.47,,
0,bench/30gib-9.bin,373,33554432,388.38,,
0,bench/30gib-9.bin,374,33554432,362.41,,
0,bench/30gib-9.bin,375,33554432,354.74,,
0,bench/30gib-9.bin,376,33554432,392.21,,
0,bench/30gib-9.bin,377,33554432,648.46,,
0,bench/30gib-9.bin,378,33554432,474.09,,
0,bench/30gib-9.bin,379,33554432,452.91,,
0,bench/30gib-9.bin,380,33554432,424.01,,
0,bench/30gib-9.bin,381,33554432,341.93,,
0,bench/30gib-9.bin,382,33554432,423.11,,
0,bench/30gib-9.bin,383,33554432,447.36,,
0,bench/30gib-9.bin,384,33554432,352.09,,
0,bench/30gib-9.bin,385,33554432,341.44,,
0,bench/30gib-9.bin,386,33554432,349.18,,
0,bench/30gib-9.bin,387,33554432,393.89,,
0,bench/30gib-9.bin,388,33554432,393.40,,
0,bench/30gib-9.bin,389,33554432,346.07,,
0,bench/30gib-9.bin,390,33554432,484.79,,
0,bench/30gib-9.bin,391,33554432,421.83,,
0,bench/30gib-9.bin,392,33554432,461.76,,
0,bench/30gib-9.bin,393,33554432,452.40,,
0,bench/30gib-9.bin,394,33554432,349.93,,
0,bench/30gib-9.bin,395,33554432,358.65,,
0,bench/30gib-9.bin,396,33554432,526.25,,
0,bench/30gib-9.bin,397,33554432,340.84,,
0,bench/30gib-9.bin,398,33554432,344.37,,
0,bench/30gib-9.bin,399,33554432,409.63,,
0,bench/30gib-9.bin,400,33554432,460.81,,
0,bench/30gib-9.bin,401,33554432,602.85,,
0,bench/30gib-9.bin,402,33554432,346.14,,
0,bench/30gib-9.bin,403,33554432,345.94,,
0,bench/30gib-9.bin,404,33554432,511.94,,
0,bench/30gib-9.bin,405,33554432,464.75,,
0,bench/30gib-9.bin,406,33554432,350.31,,
0,bench/30gib-9.bin,407,33554432,358.20,,
0,bench/30gib-9.bin,408,33554432,382.36,,
0,bench/30gib-9.bin,409,33554432,346.03,,
0,bench/30gib-9.bin,410,33554432,348.43,,
0,bench/30gib-9.bin,411,33554432,388.08,,
0,bench/30gib-9.bin,412,33554432,559.66,,
0,bench/30gib-9.bin,413,33554432,543.80,,
0,bench/30gib-9.bin,414,33554432,347.27,,
0,bench/30gib-9.bin,415,33554432,584.06,,
0,bench/30gib-9.bin,416,33554432,340.58,,
0,bench/30gib-9.bin,417,33554432,460.44,,
0,bench/30gib-9.bin,418,33554432,478.36,,
0,bench/30gib-9.bin,419,33554432,342.23,,
0,bench/30gib-9.bin,420,33554432,640.03,,
0,bench/30gib-9.bin,421,33554432,389.44,,
0,bench/30gib-9.bin,422,33554432,693.28,,
0,bench/30gib-9.bin,423,33554432,355.64,,
0,bench/30gib-9.bin,424,33554432,400.55,,
0,bench/30gib-9.bin,425,33554432,382.42,,
0,bench/30gib-9.bin,426,33554432,409.79,,
0,bench/30gib-9.bin,427,33554432,341.58,,
0,bench/30gib-9.bin,428,33554432,348.31,,
0,bench/30gib-9.bin,429,33554432,344.64,,
0,bench/30gib-9.bin,430,33554432,407.86,,
0,bench/30gib-9.bin,431,33554432,341.52,,
0,bench/30gib-9.bin,432,33554432,354.53,,
0,bench/30gib-9.bin,433,33554432,348.56,,
0,bench/30gib-9.bin,434,33554432,539.83,,
0,bench/30gib-9.bin,435,33554432,401.00,,
0,bench/30gib-9.bin,436,33554432,342.54,,
0,bench/30gib-9.bin,437,33554432,358.32,,
0,bench/30gib-9.bin,438,33554432,429.95,,
0,bench/30gib-9.bin,439,33554432,373.44,,
0,bench/30gib-9.bin,440,33554432,607.70,,
0,bench/30gib-9.bin,441,33554432,340.49,,
0,bench/30gib-9.bin,442,33554432,371.83,,
0,bench/30gib-9.bin,443,33554432,387.35,,
0,bench/30gib-9.bin,444,33554432,348.84,,
0,bench/30gib-9.bin,445,33554432,549.08,,
0,bench/30gib-9.bin,446,33554432,457.77,,
0,bench/30gib-9.bin,447,33554432,462.18,,
0,bench/30gib-9.bin,448,33554432,344.03,,
0,bench/30gib-9.bin,449,33554432,345.78,,
0,bench/30gib-9.bin,450,33554432,471.18,,
0,bench/30gib-9.bin,451,33554432,376.83,,
0,bench/30gib-9.bin,452,33554432,517.56,,
0,bench/30gib-9.bin,453,33554432,440.32,,
0,bench/30gib-9.bin,454,33554432,344.85,,
0,bench/30gib-9.bin,455,33554432,372.73,,
0,bench/30gib-9.bin,456,33554432,386.79,,
0,bench/30gib-9.bin,457,33554432,503.38,,
0,bench/30gib-9.bin,458,33554432,431.47,,
0,bench/30gib-9.bin,459,33554432,382.83,,
0,bench/30gib-9.bin,460,33554432,419.69,,
0,bench/30gib-9.bin,461,33554432,367.72,,
0,bench/30gib-9.bin,462,33554432,346.03,,
0,bench/30gib-9.bin,463,33554432,348.38,,
0,bench/30gib-9.bin,464,33554432,418.92,,
0,bench/30gib-9.bin,465,33554432,379.79,,
0,bench/30gib-9.bin,466,33554432,518.76,,
0,bench/30gib-9.bin,467,33554432,490.84,,
0,bench/30gib-9.bin,468,33554432,378.99,,
0,bench/30gib-9.bin,469,33554432,347.28,,
0,bench/30gib-9.bin,470,33554432,423.60,,
0,bench/30gib-9.bin,471,33554432,472.46,,
0,bench/30gib-9.bin,472,33554432,426.17,,
0,bench/30gib-9.bin,473,33554432,492.93,,
0,bench/30gib-9.bin,474,33554432,364.07,,
0,bench/30gib-9.bin,475,33554432,350.99,,
0,bench/30gib-9.bin,476,33554432,461.69,,
0,bench/30gib-9.bin,477,33554432,358.07,,
0,bench/30gib-9.bin,478,33554432,363.34,,
0,bench/30gib-9.bin,479,33554432,427.19,,
0,bench/30gib-9.bin,480,33554432,354.40,,
0,bench/30gib-9.bin,481,33554432,602.38,,
0,bench/30gib-9.bin,482,33554432,482.01,,
0,bench/30gib-9.bin,483,33554432,349.72,,
0,bench/30gib-9.bin,484,33554432,342.31,,
0,bench/30gib-9.bin,485,33554432,531.31,,
0,bench/30gib-9.bin,486,33554432,396.60,,
0,bench/30gib-9.bin,487,33554432,391.07,,
0,bench/30gib-9.bin,488,33554432,344.43,,
0,bench/30gib-9.bin,489,33554432,357.80,,
0,bench/30gib-9.bin,490,33554432,438.34,,
0,bench/30gib-9.bin,491,33554432,440.37,,
0,bench/30gib-9.bin,492,33554432,415.32,,
0,bench/30gib-9.bin,493,33554432,474.58,,
0,bench/30gib-9.bin,494,33554432,480.58,,
0,bench/30gib-9.bin,495,33554432,402.97,,
0,bench/30gib-9.bin,496,33554432,442.66,,
0,bench/30gib-9.bin,497,33554432,341.34,,
0,bench/30gib-9.bin,498,33554432,346.79,,
0,bench/30gib-9.bin,499,33554432,341.01,,
0,bench/30gib-9.bin,500,33554432,396.38,,
0,bench/30gib-9.bin,501,33554432,382.05,,
0,bench/30gib-9.bin,502,33554432,344.20,,
0,bench/30gib-9.bin,503,33554432,389.90,,
0,bench/30gib-9.bin,504,33554432,373.84,,
0,bench/30gib-9.bin,505,33554432,405.08,,
0,bench/30gib-9.bin,506,33554432,600.18,,
0,bench/30gib-9.bin,507,33554432,421.41,,
0,bench/30gib-9.bin,508,33554432,342.99,,
0,bench/30gib-9.bin,509,33554432,439.77,,
0,bench/30gib-9.bin,510,33554432,546.56,,
0,bench/30gib-9.bin,511,33554432,474.79,,
0,bench/30gib-9.bin,512,33554432,488.97,,
0,bench/30gib-9.bin,513,33554432,351.46,,
0,bench/30gib-9.bin,514,33554432,535.25,,
0,bench/30gib-9.bin,515,33554432,422.20,,
0,bench/30gib-9.bin,516,33554432,394.49,,
0,bench/30gib-9.bin,517,33554432,394.61,,
0,bench/30gib-9.bin,518,33554432,454.08,,
0,bench/30gib-9.bin,519,33554432,434.49,,
0,bench/30gib-9.bin,520,33554432,402.02,,
0,bench/30gib-9.bin,521,33554432,342.70,,
0,bench/30gib-9.bin,522,33554432,450.76,,
0,bench/30gib-9.bin,523,33554432,350.91,,
0,bench/30gib-9.bin,524,33554432,488.81,,
0,bench/30gib-9.bin,525,33554432,445.35,,
0,bench/30gib-9.bin,526,33554432,384.74,,
0,bench/30gib-9.bin,527,33554432,412.87,,
0,bench/30gib-9.bin,528,33554432,439.68,,
0,bench/30gib-9.bin,529,33554432,349.17,,
0,bench/30gib-9.bin,530,33554432,503.52,,
0,bench/30gib-9.bin,531,33554432,341.98,,
0,bench/30gib-9.bin,532,33554432,584.10,,
0,bench/30gib-9.bin,533,33554432,361.53,,
0,bench/30gib-9.bin,534,33554432,342.47,,
0,bench/30gib-9.bin,535,33554432,344.02,,
0,bench/30gib-9.bin,536,33554432,362.10,,
0,bench/30gib-9.bin,537,33554432,343.71,,
0,bench/30gib-9.bin,538,33554432,529.57,,
0,bench/30gib-9.bin,539,33554432,373.78,,
0,bench/30gib-9.bin,540,33554432,408.31,,
0,bench/30gib-9.bin,541,33554432,351.41,,
0,bench/30gib-9.bin,542,33554432,341.12,,
0,bench/30gib-9.bin,543,33554432,439.25,,
0,bench/30gib-9.bin,544,33554432,481.96,,
0,bench/30gib-9.bin,545,33554432,349.98,,
0,bench/30gib-9.bin,546,33554432,344.87,,
0,bench/30gib-9.bin,547,33554432,554.12,,
0,bench/30gib-9.bin,548,33554432,344.08,,
0,bench/30gib-9.bin,549,33554432,347.83,,
0,bench/30gib-9.bin,550,33554432,400.36,,
0,bench/30gib-9.bin,551,33554432,357.73,,
0,bench/30gib-9.bin,552,33554432,340.51,,
0,bench/30gib-9.bin,553,33554432,342.50,,
0,bench/30gib-9.bin,554,33554432,384.40,,
0,bench/30gib-9.bin,555,33554432,378.97,,
0,bench/30gib-9.bin,556,33554432,345.51,,
0,bench/30gib-9.bin,557,33554432,484.87,,
0,bench/30gib-9.bin,558,33554432,464.49,,
0,bench/30gib-9.bin,559,33554432,459.62,,
0,bench/30gib-9.bin,560,33554432,463.02,,
0,bench/30gib-9.bin,561,33554432,606.87,,
0,bench/30gib-9.bin,562,33554432,359.56,,
0,bench/30gib-9.bin,563,33554432,517.64,,
0,bench/30gib-9.bin,564,33554432,431.29,,
0,bench/30gib-9.bin,565,33554432,386.06,,
0,bench/30gib-9.bin,566,33554432,349.07,,
0,bench/30gib-9.bin,567,33554432,465.68,,
0,bench/30gib-9.bin,568,33554432,412.63,,
0,bench/30gib-9.bin,569,33554432,381.76,,
0,bench/30gib-9.bin,570,33554432,367.19,,
0,bench/30gib-9.bin,571,33554432,378.32,,
0,bench/30gib-9.bin,572,33554432,367.76,,
0,bench/30gib-9.bin,573,33554432,540.78,,
0,bench/30gib-9.bin,574,33554432,467.99,,
0,bench/30gib-9.bin,575,33554432,381.95,,
0,bench/30gib-9.bin,576,33554432,375.17,,
0,bench/30gib-9.bin,577,33554432,441.99,,
0,bench/30gib-9.bin,578,33554432,371.75,,
0,bench/30gib-9.bin,579,33554432,480.63,,
0,bench/30gib-9.bin,580,33554432,356.68,,
0,bench/30gib-9.bin,581,33554432,527.27,,
0,bench/30gib-9.bin,582,33554432,504.83,,
0,bench/30gib-9.bin,583,33554432,353.46,,
0,bench/30gib-9.bin,584,33554432,569.65,,
0,bench/30gib-9.bin,585,33554432,453.93,,
0,bench/30gib-9.bin,586,33554432,350.50,,
0,bench/30gib-9.bin,587,33554432,376.19,,
0,bench/30gib-9.bin,588,33554432,420.08,,
0,bench/30gib-9.bin,589,33554432,481.57,,
0,bench/30gib-9.bin,590,33554432,576.27,,
0,bench/30gib-9.bin,591,33554432,345.54,,
0,bench/30gib-9.bin,592,33554432,453.74,,
0,bench/30gib-9.bin,593,33554432,446.11,,
0,bench/30gib-9.bin,594,33554432,362.64,,
0,bench/30gib-9.bin,595,33554432,342.60,,
0,bench/30gib-9.bin,596,33554432,423.94,,
0,bench/30gib-9.bin,597,33554432,341.13,,
0,bench/30gib-9.bin,598,33554432,343.63,,
0,bench/30gib-9.bin,599,33554432,362.85,,
0,bench/30gib-9.bin,600,33554432,436.85,,
0,bench/30gib-9.bin,601,33554432,347.66,,
0,bench/30gib-9.bin,602,33554432,345.09,,
0,bench/30gib-9.bin,603,33554432,345.69,,
0,bench/30gib-9.bin,604,33554432,347.17,,
0,bench/30gib-9.bin,605,33554432,406.52,,
0,bench/30gib-9.bin,606,33554432,429.86,,
0,bench/30gib-9.bin,607,33554432,494.79,,
0,bench/30gib-9.bin,608,33554432,360.64,,
0,bench/30gib-9.bin,609,33554432,446.62,,
0,bench/30gib-9.bin,610,33554432,442.61,,
0,bench/30gib-9.bin,611,33554432,466.29,,
0,bench/30gib-9.bin,612,33554432,418.13,,
0,bench/30gib-9.bin,613,33554432,365.16,,
0,bench/30gib-9.bin,614,33554432,554.87,,
0,bench/30gib-9.bin,615,33554432,455.81,,
0,bench/30gib-9.bin,616,33554432,439.42,,
0,bench/30gib-9.bin,617,33554432,369.39,,
0,bench/30gib-9.bin,618,33554432,340.06,,
0,bench/30gib-9.bin,619,33554432,420.26,,
0,bench/30gib-9.bin,620,33554432,468.89,,
0,bench/30gib-9.bin,621,33554432,351.23,,
0,bench/30gib-9.bin,622,33554432,464.16,,
0,bench/30gib-9.bin,623,33554432,344.73,,
0,bench/30gib-9.bin,624,33554432,370.29,,
0,bench/30gib-9.bin,625,33554432,364.91,,
0,bench/30gib-9.bin,626,33554432,411.91,,
0,bench/30gib-9.bin,627,33554432,361.12,,
0,bench/30gib-9.bin,628,33554432,399.77,,
0,bench/30gib-9.bin,629,33554432,391.99,,
0,bench/30gib-9.bin,630,33554432,382.25,,
0,bench/30gib-9.bin,631,33554432,413.42,,
0,bench/30gib-9.bin,632,33554432,384.24,,
0,bench/30gib-9.bin,633,33554432,486.79,,
0,bench/30gib-9.bin,634,33554432,627.00,,
0,bench/30gib-9.bin,635,33554432,341.45,,
0,bench/30gib-9.bin,636,33554432,420.36,,
0,bench/30gib-9.bin,637,33554432,378.31,,
0,bench/30gib-9.bin,638,33554432,395.20,,
0,bench/30gib-9.bin,639,33554432,341.28,,
0,bench/30gib-9.bin,640,33554432,349.69,,
0,bench/30gib-9.bin,641,33554432,347.17,,
0,bench/30gib-9.bin,642,33554432,342.65,,
0,bench/30gib-9.bin,643,33554432,417.33,,
0,bench/30gib-9.bin,644,33554432,353.19,,
0,bench/30gib-9.bin,645,33554432,345.25,,
0,bench/30gib-9.bin,646,33554432,459.86,,
0,bench/30gib-9.bin,647,33554432,384.94,,
0,bench/30gib-9.bin,648,33554432,357.49,,
0,bench/30gib-9.bin,649,33554432,349.91,,
0,bench/30gib-9.bin,650,33554432,379.53,,
0,bench/30gib-9.bin,651,33554432,343.62,,
0,bench/30gib-9.bin,652,33554432,339.55,,
0,bench/30gib-9.bin,653,33554432,394.40,,
0,bench/30gib-9.bin,654,33554432,442.11,,
0,bench/30gib-9.bin,655,33554432,421.25,,
0,bench/30gib-9.bin,656,33554432,616.26,,
0,bench/30gib-9.bin,657,33554432,433.85,,
0,bench/30gib-9.bin,658,33554432,409.78,,
0,bench/30gib-9.bin,659,33554432,341.80,,
0,bench/30gib-9.bin,660,33554432,490.18,,
0,bench/30gib-9.bin,661,33554432,341.43,,
0,bench/30gib-9.bin,662,33554432,451.57,,
0,bench/30gib-9.bin,663,33554432,809.81,,
0,bench/30gib-9.bin,664,33554432,383.64,,
0,bench/30gib-9.bin,665,33554432,344.83,,
0,bench/30gib-9.bin,666,33554432,421.85,,
0,bench/30gib-9.bin,667,33554432,451.24,,
0,bench/30gib-9.bin,668,33554432,519.08,,
0,bench/30gib-9.bin,669,33554432,385.56,,
0,bench/30gib-9.bin,670,33554432,424.19,,
0,bench/30gib-9.bin,671,33554432,423.23,,
0,bench/30gib-9.bin,672,33554432,340.15,,
0,bench/30gib-9.bin,673,33554432,373.38,,
0,bench/30gib-9.bin,674,33554432,374.13,,
0,bench/30gib-9.bin,675,33554432,373.85,,
0,bench/30gib-9.bin,676,33554432,411.87,,
0,bench/30gib-9.bin,677,33554432,489.56,,
0,bench/30gib-9.bin,678,33554432,343.59,,
0,bench/30gib-9.bin,679,33554432,367.20,,
0,bench/30gib-9.bin,680,33554432,387.60,,
0,bench/30gib-9.bin,681,33554432,397.64,,
0,bench/30gib-9.bin,682,33554432,425.36,,
0,bench/30gib-9.bin,683,33554432,371.69,,
0,bench/30gib-9.bin,684,33554432,367.90,,
0,bench/30gib-9.bin,685,33554432,458.91,,
0,bench/30gib-9.bin,686,33554432,442.65,,
0,bench/30gib-9.bin,687,33554432,352.39,,
0,bench/30gib-9.bin,688,33554432,451.26,,
0,bench/30gib-9.bin,689,33554432,343.23,,
0,bench/30gib-9.bin,690,33554432,415.88,,
0,bench/30gib-9.bin,691,33554432,397.26,,
0,bench/30gib-9.bin,692,33554432,391.80,,
0,bench/30gib-9.bin,693,33554432,340.78,,
0,bench/30gib-9.bin,694,33554432,341.03,,
0,bench/30gib-9.bin,695,33554432,352.62,,
0,bench/30gib-9.bin,696,33554432,444.82,,
0,bench/30gib-9.bin,697,33554432,425.57,,
0,bench/30gib-9.bin,698,33554432,352.34,,
0,bench/30gib-9.bin,699,33554432,385.50,,
0,bench/30gib-9.bin,700,33554432,409.38,,
0,bench/30gib-9.bin,701,33554432,388.43,,
0,bench/30gib-9.bin,702,33554432,383.02,,
0,bench/30gib-9.bin,703,33554432,402.38,,
0,bench/30gib-9.bin,704,33554432,448.04,,
0,bench/30gib-9.bin,705,33554432,546.84,,
0,bench/30gib-9.bin,706,33554432,435.41,,
0,bench/30gib-9.bin,707,33554432,356.60,,
0,bench/30gib-9.bin,708,33554432,344.19,,
0,bench/30gib-9.bin,709,33554432,448.04,,
0,bench/30gib-9.bin,710,33554432,458.20,,
0,bench/30gib-9.bin,711,33554432,399.21,,
0,bench/30gib-9.bin,712,33554432,556.47,,
0,bench/30gib-9.bin,713,33554432,344.41,,
0,bench/30gib-9.bin,714,33554432,395.47,,
0,bench/30gib-9.bin,715,33554432,468.52,,
0,bench/30gib-9.bin,716,33554432,394.92,,
0,bench/30gib-9.bin,717,33554432,341.58,,
0,bench/30gib-9.bin,718,33554432,416.55,,
0,bench/30gib-9.bin,719,33554432,344.07,,
0,bench/30gib-9.bin,720,33554432,372.02,,
0,bench/30gib-9.bin,721,33554432,387.37,,
0,bench/30gib-9.bin,722,33554432,546.20,,
0,bench/30gib-9.bin,723,33554432,343.69,,
0,bench/30gib-9.bin,724,33554432,350.96,,
0,bench/30gib-9.bin,725,33554432,432.52,,
0,bench/30gib-9.bin,726,33554432,346.07,,
0,bench/30gib-9.bin,727,33554432,425.90,,
0,bench/30gib-9.bin,728,33554432,558.56,,
0,bench/30gib-9.bin,729,33554432,393.96,,
0,bench/30gib-9.bin,730,33554432,363.79,,
0,bench/30gib-9.bin,731,33554432,342.23,,
0,bench/30gib-9.bin,732,33554432,340.91,,
0,bench/30gib-9.bin,733,33554432,355.72,,
0,bench/30gib-9.bin,734,33554432,467.60,,
0,bench/30gib-9.bin,735,33554432,359.25,,
0,bench/30gib-9.bin,736,33554432,527.21,,
0,bench/30gib-9.bin,737,33554432,542.04,,
0,bench/30gib-9.bin,738,33554432,339.78,,
0,bench/30gib-9.bin,739,33554432,350.48,,
0,bench/30gib-9.bin,740,33554432,462.00,,
0,bench/30gib-9.bin,741,33554432,340.50,,
0,bench/30gib-9.bin,742,33554432,416.74,,
0,bench/30gib-9.bin,743,33554432,390.44,,
0,bench/30gib-9.bin,744,33554432,395.79,,
0,bench/30gib-9.bin,745,33554432,347.69,,
0,bench/30gib-9.bin,746,33554432,415.86,,
0,bench/30gib-9.bin,747,33554432,432.86,,
0,bench/30gib-9.bin,748,33554432,487.30,,
0,bench/30gib-9.bin,749,33554432,341.38,,
0,bench/30gib-9.bin,750,33554432,358.76,,
0,bench/30gib-9.bin,751,33554432,545.63,,
0,bench/30gib-9.bin,752,33554432,452.41,,
0,bench/30gib-9.bin,753,33554432,346.54,,
0,bench/30gib-9.bin,754,33554432,407.93,,
0,bench/30gib-9.bin,755,33554432,360.91,,
0,bench/30gib-9.bin,756,33554432,365.92,,
0,bench/30gib-9.bin,757,33554432,566.98,,
0,bench/30gib-9.bin,758,33554432,354.36,,
0,bench/30gib-9.bin,759,33554432,342.97,,
0,bench/30gib-9.bin,760,33554432,547.12,,
0,bench/30gib-9.bin,761,33554432,396.87,,
0,bench/30gib-9.bin,762,33554432,372.26,,
0,bench/30gib-9.bin,763,33554432,433.33,,
0,bench/30gib-9.bin,764,33554432,400.14,,
0,bench/30gib-9.bin,765,33554432,384.06,,
0,bench/30gib-9.bin,766,33554432,423.81,,
0,bench/30gib-9.bin,767,33554432,564.63,,
0,bench/30gib-9.bin,768,33554432,375.24,,
0,bench/30gib-9.bin,769,33554432,495.65,,
0,bench/30gib-9.bin,770,33554432,396.94,,
0,bench/30gib-9.bin,771,33554432,344.71,,
0,bench/30gib-9.bin,772,33554432,410.22,,
0,bench/30gib-9.bin,773,33554432,624.65,,
0,bench/30gib-9.bin,774,33554432,483.85,,
0,bench/30gib-9.bin,775,33554432,349.10,,
0,bench/30gib-9.bin,776,33554432,438.59,,
0,bench/30gib-9.bin,777,33554432,369.67,,
0,bench/30gib-9.bin,778,33554432,381.05,,
0,bench/30gib-9.bin,779,33554432,347.73,,
0,bench/30gib-9.bin,780,33554432,413.25,,
0,bench/30gib-9.bin,781,33554432,348.34,,
0,bench/30gib-9.bin,782,33554432,345.32,,
0,bench/30gib-9.bin,783,33554432,751.21,,
0,bench/30gib-9.bin,784,33554432,383.32,,
0,bench/30gib-9.bin,785,33554432,388.91,,
0,bench/30gib-9.bin,786,33554432,362.67,,
0,bench/30gib-9.bin,787,33554432,379.31,,
0,bench/30gib-9.bin,788,33554432,532.60,,
0,bench/30gib-9.bin,789,33554432,362.48,,
0,bench/30gib-9.bin,790,33554432,345.33,,
0,bench/30gib-9.bin,791,33554432,453.64,,
0,bench/30gib-9.bin,792,33554432,453.55,,
0,bench/30gib-9.bin,793,33554432,341.81,,
0,bench/30gib-9.bin,794,33554432,531.98,,
0,bench/30gib-9.bin,795,33554432,345.42,,
0,bench/30gib-9.bin,796,33554432,389.01,,
0,bench/30gib-9.bin,797,33554432,395.93,,
0,bench/30gib-9.bin,798,33554432,396.38,,
0,bench/30gib-9.bin,799,33554432,422.58,,
0,bench/30gib-9.bin,800,33554432,393.27,,
0,bench/30gib-9.bin,801,33554432,391.90,,
0,bench/30gib-9.bin,802,33554432,460.30,,
0,bench/30gib-9.bin,803,33554432,455.96,,
0,bench/30gib-9.bin,804,33554432,658.12,,
0,bench/30gib-9.bin,805,33554432,406.69,,
0,bench/30gib-9.bin,806,33554432,372.73,,
0,bench/30gib-9.bin,807,33554432,340.90,,
0,bench/30gib-9.bin,808,33554432,421.09,,
0,bench/30gib-9.bin,809,33554432,442.64,,
0,bench/30gib-9.bin,810,33554432,499.40,,
0,bench/30gib-9.bin,811,33554432,586.70,,
0,bench/30gib-9.bin,812,33554432,404.67,,
0,bench/30gib-9.bin,813,33554432,432.01,,
0,bench/30gib-9.bin,814,33554432,359.21,,
0,bench/30gib-9.bin,815,33554432,434.26,,
0,bench/30gib-9.bin,816,33554432,343.63,,
0,bench/30gib-9.bin,817,33554432,384.77,,
0,bench/30gib-9.bin,818,33554432,346.64,,
0,bench/30gib-9.bin,819,33554432,423.31,,
0,bench/30gib-9.bin,820,33554432,354.47,,
0,bench/30gib-9.bin,821,33554432,358.75,,
0,bench/30gib-9.bin,822,33554432,402.59,,
0,bench/30gib-9.bin,823,33554432,339.80,,
0,bench/30gib-9.bin,824,33554432,396.16,,
0,bench/30gib-9.bin,825,33554432,344.86,,
0,bench/30gib-9.bin,826,33554432,433.55,,
0,bench/30gib-9.bin,827,33554432,391.60,,
0,bench/30gib-9.bin,828,33554432,566.47,,
0,bench/30gib-9.bin,829,33554432,371.71,,
0,bench/30gib-9.bin,830,33554432,365.12,,
0,bench/30gib-9.bin,831,33554432,347.92,,
0,bench/30gib-9.bin,832,33554432,365.34,,
0,bench/30gib-9.bin,833,33554432,484.39,,
0,bench/30gib-9.bin,834,33554432,361.60,,
0,bench/30gib-9.bin,835,33554432,522.60,,
0,bench/30gib-9.bin,836,33554432,347.48,,
0,bench/30gib-9.bin,837,33554432,343.50,,
0,bench/30gib-9.bin,838,33554432,353.16,,
0,bench/30gib-9.bin,839,33554432,397.25,,
0,bench/30gib-9.bin,840,33554432,340.77,,
0,bench/30gib-9.bin,841,33554432,428.36,,
0,bench/30gib-9.bin,842,33554432,340.25,,
0,bench/30gib-9.bin,843,33554432,536.78,,
0,bench/30gib-9.bin,844,33554432,383.76,,
0,bench/30gib-9.bin,845,33554432,654.29,,
0,bench/30gib-9.bin,846,33554432,353.23,,
0,bench/30gib-9.bin,847,33554432,547.47,,
0,bench/30gib-9.bin,848,33554432,379.35,,
0,bench/30gib-9.bin,849,33554432,390.97,,
0,bench/30gib-9.bin,850,33554432,451.63,,
0,bench/30gib-9.bin,851,33554432,382.43,,
0,bench/30gib-9.bin,852,33554432,345.02,,
0,bench/30gib-9.bin,853,33554432,341.04,,
0,bench/30gib-9.bin,854,33554432,358.72,,
0,bench/30gib-9.bin,855,33554432,407.76,,
0,bench/30gib-9.bin,856,33554432,431.82,,
0,bench/30gib-9.bin,857,33554432,345.32,,
0,bench/30gib-9.bin,858,33554432,340.27,,
0,bench/30gib-9.bin,859,33554432,393.76,,
0,bench/30gib-9.bin,860,33554432,490.53,,
0,bench/30gib-9.bin,861,33554432,429.36,,
0,bench/30gib-9.bin,862,33554432,412.07,,
0,bench/30gib-9.bin,863,33554432,409.68,,
0,bench/30gib-9.bin,864,33554432,436.22,,
0,bench/30gib-9.bin,865,33554432,342.80,,
0,bench/30gib-9.bin,866,33554432,354.03,,
0,bench/30gib-9.bin,867,33554432,421.44,,
0,bench/30gib-9.bin,868,33554432,453.36,,
0,bench/30gib-9.bin,869,33554432,432.22,,
0,bench/30gib-9.bin,870,33554432,353.92,,
0,bench/30gib-9.bin,871,33554432,570.33,,
0,bench/30gib-9.bin,872,33554432,447.87,,
0,bench/30gib-9.bin,873,33554432,352.47,,
0,bench/30gib-9.bin,874,33554432,340.57,,
0,bench/30gib-9.bin,875,33554432,393.10,,
0,bench/30gib-9.bin,876,33554432,461.92,,
0,bench/30gib-9.bin,877,33554432,545.00,,
0,bench/30gib-9.bin,878,33554432,352.23,,
0,bench/30gib-9.bin,879,33554432,389.68,,
0,bench/30gib-9.bin,880,33554432,553.94,,
0,bench/30gib-9.bin,881,33554432,371.04,,
0,bench/30gib-9.bin,882,33554432,431.53,,
0,bench/30gib-9.bin,883,33554432,422.13,,
0,bench/30gib-9.bin,884,33554432,513.10,,
0,bench/30gib-9.bin,885,33554432,378.54,,
0,bench/30gib-9.bin,886,33554432,398.48,,
0,bench/30gib-9.bin,887,33554432,346.72,,
0,bench/30gib-9.bin,888,33554432,353.76,,
0,bench/30gib-9.bin,889,33554432,342.56,,
0,bench/30gib-9.bin,890,33554432,361.64,,
0,bench/30gib-9.bin,891,33554432,375.37,,
0,bench/30gib-9.bin,892,33554432,437.65,,
0,bench/30gib-9.bin,893,33554432,345.95,,
0,bench/30gib-9.bin,894,33554432,349.18,,
0,bench/30gib-9.bin,895,33554432,382.08,,
0,bench/30gib-9.bin,896,33554432,466.54,,
0,bench/30gib-9.bin,897,33554432,399.23,,
0,bench/30gib-9.bin,898,33554432,340.66,,
0,bench/30gib-9.bin,899,33554432,578.26,,
0,bench/30gib-9.bin,900,33554432,451.91,,
0,bench/30gib-9.bin,901,33554432,343.24,,
0,bench/30gib-9.bin,902,33554432,342.27,,
0,bench/30gib-9.bin,903,33554432,359.52,,
0,bench/30gib-9.bin,904,33554432,357.98,,
0,bench/30gib-9.bin,905,33554432,590.26,,
0,bench/30gib-9.bin,906,33554432,346.86,,
0,bench/30gib-9.bin,907,33554432,384.19,,
0,bench/30gib-9.bin,908,33554432,431.89,,
0,bench/30gib-9.bin,909,33554432,347.11,,
0,bench/30gib-9.bin,910,33554432,475.79,,
0,bench/30gib-9.bin,911,33554432,523.90,,
0,bench/30gib-9.bin,912,33554432,382.14,,
0,bench/30gib-9.bin,913,33554432,356.60,,
0,bench/30gib-9.bin,914,33554432,475.53,,
0,bench/30gib-9.bin,915,33554432,346.28,,
0,bench/30gib-9.bin,916,33554432,649.22,,
0,bench/30gib-9.bin,917,33554432,578.38,,
0,bench/30gib-9.bin,918,33554432,369.42,,
0,bench/30gib-9.bin,919,33554432,436.37,,
0,bench/30gib-9.bin,920,33554432,507.97,,
0,bench/30gib-9.bin,921,33554432,410.01,,
0,bench/30gib-9.bin,922,33554432,342.42,,
0,bench/30gib-9.bin,923,33554432,477.87,,
0,bench/30gib-9.bin,924,33554432,587.02,,
0,bench/30gib-9.bin,925,33554432,341.44,,
0,bench/30gib-9.bin,926,33554432,494.85,,
0,bench/30gib-9.bin,927,33554432,341.62,,
0,bench/30gib-9.bin,928,33554432,587.86,,
0,bench/30gib-9.bin,929,33554432,374.49,,
0,bench/30gib-9.bin,930,33554432,346.94,,
0,bench/30gib-9.bin,931,33554432,341.12,,
0,bench/30gib-9.bin,932,33554432,418.39,,
0,bench/30gib-9.bin,933,33554432,504.72,,
0,bench/30gib-9.bin,934,33554432,459.42,,
0,bench/30gib-9.bin,935,33554432,422.03,,
0,bench/30gib-9.bin,936,33554432,376.31,,
0,bench/30gib-9.bin,937,33554432,495.61,,
0,bench/30gib-9.bin,938,33554432,372.17,,
0,bench/30gib-9.bin,939,33554432,425.82,,
0,bench/30gib-9.bin,940,33554432,692.25,,
0,bench/30gib-9.bin,941,33554432,354.83,,
0,bench/30gib-9.bin,942,33554432,433.91,,
0,bench/30gib-9.bin,943,33554432,501.35,,
0,bench/30gib-9.bin,944,33554432,367.62,,
0,bench/30gib-9.bin,945,33554432,516.69,,
0,bench/30gib-9.bin,946,33554432,497.67,,
0,bench/30gib-9.bin,947,33554432,445.73,,
0,bench/30gib-9.bin,948,33554432,345.55,,
0,bench/30gib-9.bin,949,33554432,454.51,,
0,bench/30gib-9.bin,950,33554432,400.77,,
0,bench/30gib-9.bin,951,33554432,346.26,,
0,bench/30gib-9.bin,952,33554432,343.92,,
0,bench/30gib-9.bin,953,33554432,411.92,,
0,bench/30gib-9.bin,954,33554432,340.69,,
0,bench/30gib-9.bin,955,33554432,346.12,,
0,bench/30gib-9.bin,956,33554432,346.79,,
0,bench/30gib-9.bin,957,33554432,341.80,,
0,bench/30gib-9.bin,958,33554432,366.39,,
0,bench/30gib-9.bin,959,33554432,452.95,,
0,bench/30gib-9.bin,960,33554432,342.12,,
